iteration,elapsed_s,latency_ms,finite,correct,max_abs_error
1,0.048635040991939604,48.629906,True,True,1.430511474609375e-06
2,0.0809921000036411,32.216503,True,True,1.430511474609375e-06
3,0.11577641000621952,34.693691,True,True,1.430511474609375e-06
4,0.16348943498451263,47.577854,True,True,1.430511474609375e-06
5,0.19057210299069993,26.970453,True,True,1.430511474609375e-06
6,0.2227582479827106,32.098861,True,True,1.430511474609375e-06
7,0.25349689298309386,30.65005,True,True,1.430511474609375e-06
8,0.28524519098573364,31.674586,True,True,1.430511474609375e-06
9,0.31816163499024697,32.821849,True,True,1.430511474609375e-06
10,0.3521289149939548,33.842191,True,True,1.430511474609375e-06
11,0.39249970999662764,40.231482,True,True,1.430511474609375e-06
12,0.4195644599967636,26.90863,True,True,1.430511474609375e-06
13,0.43898539801011793,19.30565,True,True,1.430511474609375e-06
14,0.4578253259824123,18.741655,True,True,1.430511474609375e-06
15,0.47610756900394335,18.206814,True,True,1.430511474609375e-06
16,0.49727331098983996,21.106728,True,True,1.430511474609375e-06
17,0.5184670029848348,21.128944,True,True,1.430511474609375e-06
18,0.5365464070055168,18.026737,True,True,1.430511474609375e-06
19,0.554890698986128,18.291263,True,True,1.430511474609375e-06
20,0.5847722000034992,29.83135,True,True,1.430511474609375e-06
21,0.6187557110097259,33.921885,True,True,1.430511474609375e-06
22,0.6513600419857539,32.52992,True,True,1.430511474609375e-06
23,0.6844348649901804,32.982089,True,True,1.430511474609375e-06
24,0.7182225509895943,33.668985,True,True,1.430511474609375e-06
25,0.7521471159998327,33.808117,True,True,1.430511474609375e-06
26,0.7857755940058269,33.506877,True,True,1.430511474609375e-06
27,0.8201975149859209,34.31044,True,True,1.430511474609375e-06
28,0.8541344210098032,33.82283,True,True,1.430511474609375e-06
29,0.8895844710059464,35.333133,True,True,1.430511474609375e-06
30,0.9204896689916495,30.790055,True,True,1.430511474609375e-06
31,0.9537290429871064,33.126306,True,True,1.430511474609375e-06
32,0.9858903519925661,32.018901,True,True,1.430511474609375e-06
33,1.0190051179961301,32.99087,True,True,1.430511474609375e-06
34,1.0511457679967862,32.024234,True,True,1.430511474609375e-06
35,1.0831204690039158,31.889288,True,True,1.430511474609375e-06
36,1.1353708250098862,52.17173,True,True,1.430511474609375e-06
37,1.1683880269993097,32.881691,True,True,1.430511474609375e-06
38,1.20102179798414,32.513088,True,True,1.430511474609375e-06
39,1.2339839799969923,32.861525,True,True,1.430511474609375e-06
40,1.2668277269985992,32.745925,True,True,1.430511474609375e-06
41,1.29956972898799,32.650328,True,True,1.430511474609375e-06
42,1.3323374690080527,32.648546,True,True,1.430511474609375e-06
43,1.3653426189848687,32.902302,True,True,1.430511474609375e-06
44,1.3858213610074017,20.359405,True,True,1.430511474609375e-06
45,1.4147234330011997,28.825811,True,True,1.430511474609375e-06
46,1.4331576330005191,18.31839,True,True,1.430511474609375e-06
47,1.4512392719916534,18.014777,True,True,1.430511474609375e-06
48,1.4693398799863644,18.05071,True,True,1.430511474609375e-06
49,1.4874298319919035,18.041137,True,True,1.430511474609375e-06
50,1.5053852119890507,17.908895,True,True,1.430511474609375e-06
51,1.523128803994041,17.696741,True,True,1.430511474609375e-06
52,1.5411048969835974,17.933365,True,True,1.430511474609375e-06
53,1.5592628239828628,18.115792,True,True,1.430511474609375e-06
54,1.5964593469980173,37.146585,True,True,1.430511474609375e-06
55,1.6286594980047084,32.1071,True,True,1.430511474609375e-06
56,1.6611375719949137,32.381283,True,True,1.430511474609375e-06
57,1.6947811849822756,33.544235,True,True,1.430511474609375e-06
58,1.729955685994355,35.058545,True,True,1.430511474609375e-06
59,1.7624360210029408,32.388709,True,True,1.430511474609375e-06
60,1.7956059259886388,33.053446,True,True,1.430511474609375e-06
61,1.8282526489929296,32.519204,True,True,1.430511474609375e-06
62,1.860817317996407,32.482144,True,True,1.430511474609375e-06
63,1.8942036730004475,33.285798,True,True,1.430511474609375e-06
64,1.9267708490078803,32.447172,True,True,1.430511474609375e-06
65,1.9540771729953121,27.206294,True,True,1.430511474609375e-06
66,1.9863036370079499,32.147274,True,True,1.430511474609375e-06
67,2.0167110330075957,30.288272,True,True,1.430511474609375e-06
68,2.065751549991546,48.939627,True,True,1.430511474609375e-06
69,2.098817414982477,32.935248,True,True,1.430511474609375e-06
70,2.1480325080046896,49.108711,True,True,1.430511474609375e-06
71,2.1826509189850185,34.476032,True,True,1.430511474609375e-06
72,2.226965559006203,44.180508,True,True,1.430511474609375e-06
73,2.2893296300026122,62.227937,True,True,1.430511474609375e-06
74,2.3100597689917777,20.591898,True,True,1.430511474609375e-06
75,2.369754479994299,59.604437,True,True,1.430511474609375e-06
76,2.4026470060052816,32.771839,True,True,1.430511474609375e-06
77,2.4313894509978127,28.631037,True,True,1.430511474609375e-06
78,2.4513908679946326,19.884453,True,True,1.430511474609375e-06
79,2.4707476669864263,19.278708,True,True,1.430511474609375e-06
80,2.490429347002646,19.600575,True,True,1.430511474609375e-06
81,2.5100256929872558,19.524346,True,True,1.430511474609375e-06
82,2.528872463008156,18.783808,True,True,1.430511474609375e-06
83,2.5472720399848185,18.336328,True,True,1.430511474609375e-06
84,2.5656576190085616,18.329606,True,True,1.430511474609375e-06
85,2.597071992000565,31.354726,True,True,1.430511474609375e-06
86,2.6311321379907895,33.956818,True,True,1.430511474609375e-06
87,2.666147279989673,34.914766,True,True,1.430511474609375e-06
88,2.6992435499851126,32.994767,True,True,1.430511474609375e-06
89,2.752593026001705,53.247175,True,True,1.430511474609375e-06
90,2.7835683609882835,30.845455,True,True,1.430511474609375e-06
91,2.827544989006128,43.905409,True,True,1.430511474609375e-06
92,2.8605945089948364,32.951851,True,True,1.430511474609375e-06
93,2.89325992600061,32.581822,True,True,1.430511474609375e-06
94,2.9292436440009624,35.900023,True,True,1.430511474609375e-06
95,2.9641744550026488,34.847335,True,True,1.430511474609375e-06
96,2.999556313996436,35.297318,True,True,1.430511474609375e-06
97,3.0384208660107106,38.759946,True,True,1.430511474609375e-06
98,3.070884312997805,32.34666,True,True,1.430511474609375e-06
99,3.1023528889927547,31.363229,True,True,1.430511474609375e-06
100,3.1594559559889603,57.017139,True,True,1.430511474609375e-06
101,3.1960607009823434,36.471864,True,True,1.430511474609375e-06
102,3.232235261006281,36.085061,True,True,1.430511474609375e-06
103,3.276639855990652,44.315832,True,True,1.430511474609375e-06
104,3.33745971598546,60.708,True,True,1.430511474609375e-06
105,3.357097897998756,19.492102,True,True,1.430511474609375e-06
106,3.375633388001006,18.42314,True,True,1.430511474609375e-06
107,3.445842793007614,70.107749,True,True,1.430511474609375e-06
108,3.4649139370012563,18.88675,True,True,1.430511474609375e-06
109,3.484618001006311,19.627381,True,True,1.430511474609375e-06
110,3.5084452529845294,23.762415,True,True,1.430511474609375e-06
111,3.5266778779914603,18.157307,True,True,1.430511474609375e-06
112,3.547118046990363,20.37322,True,True,1.430511474609375e-06
113,3.566914258990437,19.713311,True,True,1.430511474609375e-06
114,3.59744024000247,30.442066,True,True,1.430511474609375e-06
115,3.630535306991078,32.987837,True,True,1.430511474609375e-06
116,3.664158002997283,33.502388,True,True,1.430511474609375e-06
117,3.69677319098264,32.502941,True,True,1.430511474609375e-06
118,3.7288900229905266,31.99646,True,True,1.430511474609375e-06
119,3.7635854999825824,34.601894,True,True,1.430511474609375e-06
120,3.7996920509904157,35.974467,True,True,1.430511474609375e-06
121,3.831498729996383,31.674086,True,True,1.430511474609375e-06
122,3.8650823349889833,33.48755,True,True,1.430511474609375e-06
123,3.89775418699719,32.567121,True,True,1.430511474609375e-06
124,3.930667523003649,32.816001,True,True,1.430511474609375e-06
125,3.9631904650013894,32.415397,True,True,1.430511474609375e-06
126,3.9957286219869275,32.436009,True,True,1.430511474609375e-06
127,4.028470377990743,32.619237,True,True,1.430511474609375e-06
128,4.061235575005412,32.674803,True,True,1.430511474609375e-06
129,4.09377645899076,32.437265,True,True,1.430511474609375e-06
130,4.146093977004057,52.200383,True,True,1.430511474609375e-06
131,4.178176116984105,31.944015,True,True,1.430511474609375e-06
132,4.2278715670108795,49.607695,True,True,1.430511474609375e-06
133,4.261105109995697,33.095393,True,True,1.430511474609375e-06
134,4.293075228983071,31.864244,True,True,1.430511474609375e-06
135,4.320156976988073,27.000312,True,True,1.430511474609375e-06
136,4.352613917988492,32.375882,True,True,1.430511474609375e-06
137,4.382897039002273,30.172266,True,True,1.430511474609375e-06
138,4.403872035007225,20.86144,True,True,1.430511474609375e-06
139,4.4309341039916035,26.988964,True,True,1.430511474609375e-06
140,4.451034711004468,19.983313,True,True,1.430511474609375e-06
141,4.4692923779948615,18.184392,True,True,1.430511474609375e-06
142,4.487376537988894,18.022714,True,True,1.430511474609375e-06
143,4.50548542800243,18.048811,True,True,1.430511474609375e-06
144,4.5236214920005295,18.084563,True,True,1.430511474609375e-06
145,4.54162901599193,17.958677,True,True,1.430511474609375e-06
146,4.560063616983825,18.385939,True,True,1.430511474609375e-06
147,4.5832217629940715,23.106707,True,True,1.430511474609375e-06
148,4.6158532070112415,32.549005,True,True,1.430511474609375e-06
149,4.648857708001742,32.893429,True,True,1.430511474609375e-06
150,4.676148302009096,27.178557,True,True,1.430511474609375e-06
151,4.719021661003353,42.781869,True,True,1.430511474609375e-06
152,4.75211132800905,32.975947,True,True,1.430511474609375e-06
153,4.784654024988413,32.445126,True,True,1.430511474609375e-06
154,4.817084579000948,32.319254,True,True,1.430511474609375e-06
155,4.850209171010647,33.027393,True,True,1.430511474609375e-06
156,4.882787000009557,32.478926,True,True,1.430511474609375e-06
157,4.914806607004721,31.917698,True,True,1.430511474609375e-06
158,4.942139382997993,27.245434,True,True,1.430511474609375e-06
159,4.971969723002985,29.749653,True,True,1.430511474609375e-06
160,5.004435418988578,32.391892,True,True,1.430511474609375e-06
161,5.037649240985047,33.080275,True,True,1.430511474609375e-06
162,5.087237981002545,49.450287,True,True,1.430511474609375e-06
163,5.136571601004107,49.203418,True,True,1.430511474609375e-06
164,5.169146442000056,32.433327,True,True,1.430511474609375e-06
165,5.201341831008904,32.096008,True,True,1.430511474609375e-06
166,5.234135309990961,32.713431,True,True,1.430511474609375e-06
167,5.26693946798332,32.698204,True,True,1.430511474609375e-06
168,5.302180519996909,35.151987,True,True,1.430511474609375e-06
169,5.337484857998788,35.195727,True,True,1.430511474609375e-06
170,5.3702487089904025,32.662529,True,True,1.430511474609375e-06
171,5.390504524984863,20.162179,True,True,1.430511474609375e-06
172,5.411082222010009,20.509631,True,True,1.430511474609375e-06
173,5.437486521987012,26.270936,True,True,1.430511474609375e-06
174,5.455939331004629,18.34713,True,True,1.430511474609375e-06
175,5.474191346002044,18.182417,True,True,1.430511474609375e-06
176,5.492231679003453,17.977619,True,True,1.430511474609375e-06
177,5.5102928720007185,18.004001,True,True,1.430511474609375e-06
178,5.528342311998131,18.000604,True,True,1.430511474609375e-06
179,5.54626409400953,17.870124,True,True,1.430511474609375e-06
180,5.56909722299315,22.781883,True,True,1.430511474609375e-06
181,5.602573307987768,33.392403,True,True,1.430511474609375e-06
182,5.634896990988636,32.211636,True,True,1.430511474609375e-06
183,5.660687744995812,25.680078,True,True,1.430511474609375e-06
184,5.693180009984644,32.397145,True,True,1.430511474609375e-06
185,5.7255814019881655,32.28555,True,True,1.430511474609375e-06
186,5.758617385989055,32.933042,True,True,1.430511474609375e-06
187,5.791776498983381,33.059562,True,True,1.430511474609375e-06
188,5.8237288359960075,31.85487,True,True,1.430511474609375e-06
189,5.856467704987153,32.646014,True,True,1.430511474609375e-06
190,5.888456913991831,31.891658,True,True,1.430511474609375e-06
191,5.9238887740066275,35.358024,True,True,1.430511474609375e-06
192,5.957392485986929,33.408697,True,True,1.430511474609375e-06
193,5.989725319988793,32.237468,True,True,1.430511474609375e-06
194,6.022411768994061,32.593356,True,True,1.430511474609375e-06
195,6.054614272987237,32.122954,True,True,1.430511474609375e-06
196,6.086610597994877,31.910682,True,True,1.430511474609375e-06
197,6.131029335985659,44.336314,True,True,1.430511474609375e-06
198,6.160713958000997,29.551368,True,True,1.430511474609375e-06
199,6.192186094005592,31.380935,True,True,1.430511474609375e-06
200,6.225508020987036,33.250521,True,True,1.430511474609375e-06
201,6.257932790991617,32.289515,True,True,1.430511474609375e-06
202,6.290006850991631,31.983637,True,True,1.430511474609375e-06
203,6.323233050992712,33.13301,True,True,1.430511474609375e-06
204,6.355852164007956,32.511038,True,True,1.430511474609375e-06
205,6.383041945984587,27.093664,True,True,1.430511474609375e-06
206,6.4013149210077245,18.196238,True,True,1.430511474609375e-06
207,6.4194113120029215,18.036461,True,True,1.430511474609375e-06
208,6.447866658010753,28.39474,True,True,1.430511474609375e-06
209,6.466378376004286,18.39566,True,True,1.430511474609375e-06
210,6.484514198004035,18.069786,True,True,1.430511474609375e-06
211,6.503286903986009,18.716351,True,True,1.430511474609375e-06
212,6.524985447991639,21.642234,True,True,1.430511474609375e-06
213,6.543211170996074,18.174524,True,True,1.430511474609375e-06
214,6.561253810999915,17.989711,True,True,1.430511474609375e-06
215,6.5920608949963935,30.754058,True,True,1.430511474609375e-06
216,6.6245966120040976,32.437333,True,True,1.430511474609375e-06
217,6.658118388004368,33.405235,True,True,1.430511474609375e-06
218,6.690215606999118,31.978693,True,True,1.430511474609375e-06
219,6.722710570000345,32.391809,True,True,1.430511474609375e-06
220,6.755814842006657,33.016958,True,True,1.430511474609375e-06
221,6.788449263985967,32.537766,True,True,1.430511474609375e-06
222,6.821121357002994,32.572812,True,True,1.430511474609375e-06
223,6.854079059994547,32.851925,True,True,1.430511474609375e-06
224,6.881128417997388,26.954852,True,True,1.430511474609375e-06
225,6.91362368199043,32.411389,True,True,1.430511474609375e-06
226,6.943986191006843,30.252984,True,True,1.430511474609375e-06
227,6.993026701005874,48.947853,True,True,1.430511474609375e-06
228,7.025296498002717,32.143206,True,True,1.430511474609375e-06
229,7.058134416991379,32.744712,True,True,1.430511474609375e-06
230,7.090166684007272,31.935162,True,True,1.430511474609375e-06
231,7.1466833949962165,56.432645,True,True,1.430511474609375e-06
232,7.176766112999758,29.941185,True,True,1.430511474609375e-06
233,7.209910106001189,33.054612,True,True,1.430511474609375e-06
234,7.2423155719880015,32.299215,True,True,1.430511474609375e-06
235,7.2754441750003025,33.025374,True,True,1.430511474609375e-06
236,7.30810319900047,32.560104,True,True,1.430511474609375e-06
237,7.339942477992736,31.743103,True,True,1.430511474609375e-06
238,7.3730319470050745,33.004175,True,True,1.430511474609375e-06
239,7.393352897983277,20.220399,True,True,1.430511474609375e-06
240,7.412031081010355,18.609726,True,True,1.430511474609375e-06
241,7.439013961004093,26.916895,True,True,1.430511474609375e-06
242,7.459716715995455,20.5819,True,True,1.430511474609375e-06
243,7.478035378997447,18.24886,True,True,1.430511474609375e-06
244,7.496174272993812,18.076748,True,True,1.430511474609375e-06
245,7.514841253985651,18.612173,True,True,1.430511474609375e-06
246,7.53285941798822,17.963445,True,True,1.430511474609375e-06
247,7.550841446005506,17.929832,True,True,1.430511474609375e-06
248,7.574028108996572,23.129521,True,True,1.430511474609375e-06
249,7.6061947039852384,32.077306,True,True,1.430511474609375e-06
250,7.638883423991501,32.575474,True,True,1.430511474609375e-06
251,7.6718878370011225,32.890803,True,True,1.430511474609375e-06
252,7.705223261000356,33.22012,True,True,1.430511474609375e-06
253,7.740639823983656,35.29292,True,True,1.430511474609375e-06
254,7.774105188000249,33.350559,True,True,1.430511474609375e-06
255,7.806711215991527,32.473418,True,True,1.430511474609375e-06
256,7.839543509006035,32.725021,True,True,1.430511474609375e-06
257,7.872606394987088,32.950808,True,True,1.430511474609375e-06
258,7.905120891984552,32.385994,True,True,1.430511474609375e-06
259,7.937953462998848,32.731315,True,True,1.430511474609375e-06
260,7.970807114004856,32.737706,True,True,1.430511474609375e-06
261,8.003048560989555,32.143513,True,True,1.430511474609375e-06
262,8.030231056007324,27.089248,True,True,1.430511474609375e-06
263,8.060577375988942,30.269611,True,True,1.430511474609375e-06
264,8.092592678003712,31.937526,True,True,1.430511474609375e-06
265,8.14239224800258,49.710502,True,True,1.430511474609375e-06
266,8.175107700983062,32.579154,True,True,1.430511474609375e-06
267,8.207619888999034,32.405025,True,True,1.430511474609375e-06
268,8.24116795399459,33.428499,True,True,1.430511474609375e-06
269,8.273252046987182,31.975986,True,True,1.430511474609375e-06
270,8.306292363005923,32.961608,True,True,1.430511474609375e-06
271,8.342595322988927,36.200579,True,True,1.430511474609375e-06
272,8.37507886599633,32.402448,True,True,1.430511474609375e-06
273,8.395682934991783,20.515429,True,True,1.430511474609375e-06
274,8.414379358000588,18.634284,True,True,1.430511474609375e-06
275,8.441688689985313,27.22192,True,True,1.430511474609375e-06
276,8.461650874989573,19.842625,True,True,1.430511474609375e-06
277,8.479896200005896,18.171829,True,True,1.430511474609375e-06
278,8.49880300098448,18.848861,True,True,1.430511474609375e-06
279,8.517474541004049,18.610779,True,True,1.430511474609375e-06
280,8.535601331997896,18.070189,True,True,1.430511474609375e-06
281,8.55391385598341,18.26437,True,True,1.430511474609375e-06
282,8.577026337006828,23.054553,True,True,1.430511474609375e-06
283,8.610059541009832,32.945695,True,True,1.430511474609375e-06
284,8.642331340000965,32.1576,True,True,1.430511474609375e-06
285,8.692141540988814,49.691388,True,True,1.430511474609375e-06
286,8.72446493798634,32.188639,True,True,1.430511474609375e-06
287,8.757431896985509,32.873743,True,True,1.430511474609375e-06
288,8.790512662002584,32.944698,True,True,1.430511474609375e-06
289,8.822428346000379,31.820316,True,True,1.430511474609375e-06
290,8.855031243991107,32.53852,True,True,1.430511474609375e-06
291,8.888149406993762,33.016192,True,True,1.430511474609375e-06
292,8.92703205300495,38.74204,True,True,1.430511474609375e-06
293,8.958917629002826,31.765572,True,True,1.430511474609375e-06
294,8.991910526005086,32.908453,True,True,1.430511474609375e-06
295,9.024782802007394,32.759646,True,True,1.430511474609375e-06
296,9.056704494985752,31.818042,True,True,1.430511474609375e-06
297,9.089840717992047,33.048977,True,True,1.430511474609375e-06
298,9.140684335987316,50.740991,True,True,1.430511474609375e-06
299,9.172781936009414,31.953916,True,True,1.430511474609375e-06
300,9.205714232986793,32.843651,True,True,1.430511474609375e-06
301,9.23840079898946,32.566058,True,True,1.430511474609375e-06
302,9.27134377200855,32.834063,True,True,1.430511474609375e-06
303,9.303981976991054,32.539612,True,True,1.430511474609375e-06
304,9.354006910987664,49.911834,True,True,1.430511474609375e-06
305,9.38107324700104,26.948356,True,True,1.430511474609375e-06
306,9.400123302999418,18.979025,True,True,1.430511474609375e-06
307,9.41884766399744,18.664069,True,True,1.430511474609375e-06
308,9.436915844999021,18.014335,True,True,1.430511474609375e-06
309,9.465107744006673,28.127524,True,True,1.430511474609375e-06
310,9.48350272901007,18.278056,True,True,1.430511474609375e-06
311,9.501692068006378,18.122309,True,True,1.430511474609375e-06
312,9.520428187010111,18.681622,True,True,1.430511474609375e-06
313,9.538730542000849,18.244052,True,True,1.430511474609375e-06
314,9.557017237995751,18.235954,True,True,1.430511474609375e-06
315,9.587229806988034,30.161353,True,True,1.430511474609375e-06
316,9.614774009009125,27.458108,True,True,1.430511474609375e-06
317,9.646978482982377,32.140228,True,True,1.430511474609375e-06
318,9.679881688003661,32.79269,True,True,1.430511474609375e-06
319,9.71087049599737,30.87891,True,True,1.430511474609375e-06
320,9.742497152998112,31.519767,True,True,1.430511474609375e-06
321,9.775182654004311,32.58561,True,True,1.430511474609375e-06
322,9.808658872003434,33.370874,True,True,1.430511474609375e-06
323,9.841156237991527,32.400648,True,True,1.430511474609375e-06
324,9.874435201985762,33.180077,True,True,1.430511474609375e-06
325,9.907029578986112,32.50334,True,True,1.430511474609375e-06
326,9.9407173479849,33.588671,True,True,1.430511474609375e-06
327,9.989844333991641,49.020855,True,True,1.430511474609375e-06
328,10.022186379996128,32.211156,True,True,1.430511474609375e-06
329,10.055115839000791,32.851715,True,True,1.430511474609375e-06
330,10.087768561992561,32.575946,True,True,1.430511474609375e-06
331,10.13749261398334,49.636462,True,True,1.430511474609375e-06
332,10.164771437004674,27.14561,True,True,1.430511474609375e-06
333,10.197614050994162,32.756494,True,True,1.430511474609375e-06
334,10.23023719000048,32.491362,True,True,1.430511474609375e-06
335,10.260505017009564,30.166266,True,True,1.430511474609375e-06
336,10.293607444007648,33.028896,True,True,1.430511474609375e-06
337,10.325509593996685,31.801366,True,True,1.430511474609375e-06
338,10.35799131798558,32.405532,True,True,1.430511474609375e-06
339,10.38558009499684,27.514206,True,True,1.430511474609375e-06
340,10.407164181990083,21.495254,True,True,1.430511474609375e-06
341,10.428644542000256,21.387213,True,True,1.430511474609375e-06
342,10.456010483991122,27.296008,True,True,1.430511474609375e-06
343,10.476291814993601,20.165134,True,True,1.430511474609375e-06
344,10.49452782201115,18.161638,True,True,1.430511474609375e-06
345,10.513127040001564,18.541782,True,True,1.430511474609375e-06
346,10.531521106982836,18.336765,True,True,1.430511474609375e-06
347,10.549585244007176,18.008078,True,True,1.430511474609375e-06
348,10.57257493698853,22.93671,True,True,1.430511474609375e-06
349,10.605693016987061,33.033183,True,True,1.430511474609375e-06
350,10.638080547010759,32.259943,True,True,1.430511474609375e-06
351,10.665705360996071,27.514532,True,True,1.430511474609375e-06
352,10.697719251998933,31.914852,True,True,1.430511474609375e-06
353,10.729860574007034,32.036998,True,True,1.430511474609375e-06
354,10.76039431800018,30.438634,True,True,1.430511474609375e-06
355,10.793444217997603,32.968401,True,True,1.430511474609375e-06
356,10.844065120007144,50.514407,True,True,1.430511474609375e-06
357,10.875790277990745,31.594387,True,True,1.430511474609375e-06
358,10.908751648996258,32.870689,True,True,1.430511474609375e-06
359,10.941367366991471,32.496381,True,True,1.430511474609375e-06
360,10.973848824010929,32.374506,True,True,1.430511474609375e-06
361,11.006991484988248,33.041096,True,True,1.430511474609375e-06
362,11.039724064990878,32.630651,True,True,1.430511474609375e-06
363,11.072110487002647,32.293005,True,True,1.430511474609375e-06
364,11.104886968008941,32.682813,True,True,1.430511474609375e-06
365,11.149270869995235,44.283094,True,True,1.430511474609375e-06
366,11.18017399898963,30.765765,True,True,1.430511474609375e-06
367,11.210459355992498,30.202266,True,True,1.430511474609375e-06
368,11.242890266992617,32.340482,True,True,1.430511474609375e-06
369,11.275593689992093,32.597267,True,True,1.430511474609375e-06
370,11.308891525986837,33.193295,True,True,1.430511474609375e-06
371,11.341632872004993,32.63901,True,True,1.430511474609375e-06
372,11.374091992009198,32.355302,True,True,1.430511474609375e-06
373,11.3945232850092,20.333853,True,True,1.430511474609375e-06
374,11.412753281008918,18.165555,True,True,1.430511474609375e-06
375,11.430987289990298,18.162458,True,True,1.430511474609375e-06
376,11.45862501100055,27.578197,True,True,1.430511474609375e-06
377,11.47863984698779,19.893669,True,True,1.430511474609375e-06
378,11.496911191992695,18.192173,True,True,1.430511474609375e-06
379,11.515243595000356,18.273735,True,True,1.430511474609375e-06
380,11.53332521498669,18.029309,True,True,1.430511474609375e-06
381,11.551426455989713,18.043828,True,True,1.430511474609375e-06
382,11.574335649987916,22.853717,True,True,1.430511474609375e-06
383,11.606831306999084,32.408481,True,True,1.430511474609375e-06
384,11.63954816700425,32.602078,True,True,1.430511474609375e-06
385,11.688849914004095,49.191367,True,True,1.430511474609375e-06
386,11.721037390991114,32.053353,True,True,1.430511474609375e-06
387,11.748763590003364,27.639032,True,True,1.430511474609375e-06
388,11.77983245800715,30.986309,True,True,1.430511474609375e-06
389,11.810578306001844,30.651337,True,True,1.430511474609375e-06
390,11.843048624985386,32.385831,True,True,1.430511474609375e-06
391,11.875519199005794,32.376166,True,True,1.430511474609375e-06
392,11.908671899989713,33.051448,True,True,1.430511474609375e-06
393,11.94127190700965,32.492754,True,True,1.430511474609375e-06
394,11.97446858001058,33.096545,True,True,1.430511474609375e-06
395,12.007240115985041,32.668613,True,True,1.430511474609375e-06
396,12.040243157010991,32.890445,True,True,1.430511474609375e-06
397,12.072504056006437,32.173186,True,True,1.430511474609375e-06
398,12.105234137998195,32.626228,True,True,1.430511474609375e-06
399,12.155131968989735,49.794156,True,True,1.430511474609375e-06
400,12.18749147100607,32.224703,True,True,1.430511474609375e-06
401,12.219683558010729,32.117411,True,True,1.430511474609375e-06
402,12.252269226999488,32.49127,True,True,1.430511474609375e-06
403,12.277410273993155,25.054098,True,True,1.430511474609375e-06
404,12.309437796007842,31.955151,True,True,1.430511474609375e-06
405,12.342217622004682,32.689198,True,True,1.430511474609375e-06
406,12.374596478010062,32.29574,True,True,1.430511474609375e-06
407,12.394648776011309,19.967594,True,True,1.430511474609375e-06
408,12.412931831990136,18.211247,True,True,1.430511474609375e-06
409,12.431033619010122,18.048779,True,True,1.430511474609375e-06
410,12.44921748500201,18.120963,True,True,1.430511474609375e-06
411,12.4764889270009,27.210021,True,True,1.430511474609375e-06
412,12.496508326003095,19.909719,True,True,1.430511474609375e-06
413,12.514779301011004,18.20001,True,True,1.430511474609375e-06
414,12.533207436004886,18.372856,True,True,1.430511474609375e-06
415,12.551537286984967,18.22564,True,True,1.430511474609375e-06
416,12.57459099800326,22.983459,True,True,1.430511474609375e-06
417,12.607559884985676,32.891774,True,True,1.430511474609375e-06
418,12.640112978988327,32.441613,True,True,1.430511474609375e-06
419,12.673218481999356,32.981789,True,True,1.430511474609375e-06
420,12.706775188009487,33.421273,True,True,1.430511474609375e-06
421,12.738981714996044,32.06925,True,True,1.430511474609375e-06
422,12.770962268987205,31.900243,True,True,1.430511474609375e-06
423,12.798436426994158,27.381633,True,True,1.430511474609375e-06
424,12.830280297988793,31.758039,True,True,1.430511474609375e-06
425,12.860545036994154,30.162937,True,True,1.430511474609375e-06
426,12.893190553004388,32.561476,True,True,1.430511474609375e-06
427,12.925291788007598,31.960286,True,True,1.430511474609375e-06
428,12.959030167985475,33.648169,True,True,1.430511474609375e-06
429,12.991482782003004,32.309678,True,True,1.430511474609375e-06
430,13.02489921299275,33.324374,True,True,1.430511474609375e-06
431,13.056986053008586,31.983518,True,True,1.430511474609375e-06
432,13.090109370008577,33.037992,True,True,1.430511474609375e-06
433,13.13992978699389,49.721586,True,True,1.430511474609375e-06
434,13.172133766987827,32.069956,True,True,1.430511474609375e-06
435,13.205141882004682,32.928727,True,True,1.430511474609375e-06
436,13.237164532009047,31.91763,True,True,1.430511474609375e-06
437,13.264279420982348,27.021982,True,True,1.430511474609375e-06
438,13.296780222997768,32.420584,True,True,1.430511474609375e-06
439,13.326734681992093,29.862953,True,True,1.430511474609375e-06
440,13.359485249995487,32.67363,True,True,1.430511474609375e-06
441,13.386954857996898,27.389866,True,True,1.430511474609375e-06
442,13.405121774005238,18.09681,True,True,1.430511474609375e-06
443,13.423325660987757,18.146468,True,True,1.430511474609375e-06
444,13.441540397005156,18.166269,True,True,1.430511474609375e-06
445,13.46261829798459,21.020378,True,True,1.430511474609375e-06
446,13.489395479002269,26.660493,True,True,1.430511474609375e-06
447,13.507699251989834,18.225,True,True,1.430511474609375e-06
448,13.525830355007201,18.073921,True,True,1.430511474609375e-06
449,13.544058069994207,18.173648,True,True,1.430511474609375e-06
450,13.562026931991568,17.917997,True,True,1.430511474609375e-06
451,13.60913887998322,47.058826,True,True,1.430511474609375e-06
452,13.641658831998939,32.385839,True,True,1.430511474609375e-06
453,13.674737391003873,32.982457,True,True,1.430511474609375e-06
454,13.706750310986536,31.909108,True,True,1.430511474609375e-06
455,13.739016760984669,32.188916,True,True,1.430511474609375e-06
456,13.771998960000928,32.902397,True,True,1.430511474609375e-06
457,13.804452591983136,32.37199,True,True,1.430511474609375e-06
458,13.83638028599671,31.844768,True,True,1.430511474609375e-06
459,13.86377379798796,27.316577,True,True,1.430511474609375e-06
460,13.893534481001552,29.686126,True,True,1.430511474609375e-06
461,13.926085897983285,32.487724,True,True,1.430511474609375e-06
462,13.959224327991251,33.04465,True,True,1.430511474609375e-06
463,13.991304460010724,31.938233,True,True,1.430511474609375e-06
464,14.024383990006754,32.989013,True,True,1.430511474609375e-06
465,14.056599314004416,32.131265,True,True,1.430511474609375e-06
466,14.089694114984013,33.008542,True,True,1.430511474609375e-06
467,14.119408719008788,29.622505,True,True,1.430511474609375e-06
468,14.170608307991643,51.087353,True,True,1.430511474609375e-06
469,14.203226359008113,32.518517,True,True,1.430511474609375e-06
470,14.23016183899017,26.846087,True,True,1.430511474609375e-06
471,14.259989279991714,29.753478,True,True,1.430511474609375e-06
472,14.292549475008855,32.486055,True,True,1.430511474609375e-06
473,14.324650591996033,31.962812,True,True,1.430511474609375e-06
474,14.357580287993187,32.853665,True,True,1.430511474609375e-06
475,14.384648075007135,26.980681,True,True,1.430511474609375e-06
476,14.40290176399867,18.178118,True,True,1.430511474609375e-06
477,14.4209942019952,18.033832,True,True,1.430511474609375e-06
478,14.43906621899805,18.018783,True,True,1.430511474609375e-06
479,14.459264120989246,20.135924,True,True,1.430511474609375e-06
480,14.486467342998367,27.09843,True,True,1.430511474609375e-06
481,14.504885280010058,18.305333,True,True,1.430511474609375e-06
482,14.523034334997647,18.084303,True,True,1.430511474609375e-06
483,14.541048788989428,17.966163,True,True,1.430511474609375e-06
484,14.55911356798606,18.017404,True,True,1.430511474609375e-06
485,14.589104409998981,29.942105,True,True,1.430511474609375e-06
486,14.62167838300229,32.484345,True,True,1.430511474609375e-06
487,14.65447501000017,32.706024,True,True,1.430511474609375e-06
488,14.68152377801016,26.953422,True,True,1.430511474609375e-06
489,14.710591515002307,28.986283,True,True,1.430511474609375e-06
490,14.743305890006013,32.636602,True,True,1.430511474609375e-06
491,14.77667088000453,33.227785,True,True,1.430511474609375e-06
492,14.808996068983106,32.214153,True,True,1.430511474609375e-06
493,14.841653771989513,32.546015,True,True,1.430511474609375e-06
494,14.875002601009328,33.234764,True,True,1.430511474609375e-06
495,14.907329256995581,32.217531,True,True,1.430511474609375e-06
496,14.939832180010853,32.398019,True,True,1.430511474609375e-06
497,14.972851725993678,32.912235,True,True,1.430511474609375e-06
498,15.014061313006096,41.107289,True,True,1.430511474609375e-06
499,15.043940934992861,29.740159,True,True,1.430511474609375e-06
500,15.076211245002924,32.173282,True,True,1.430511474609375e-06
501,15.11374868400162,37.428817,True,True,1.430511474609375e-06
502,15.158099741995102,44.211946,True,True,1.430511474609375e-06
503,15.190121953986818,31.883819,True,True,1.430511474609375e-06
504,15.22321251500398,32.992655,True,True,1.430511474609375e-06
505,15.273084355983883,49.769233,True,True,1.430511474609375e-06
506,15.30554144299822,32.320385,True,True,1.430511474609375e-06
507,15.338469340000302,32.833323,True,True,1.430511474609375e-06
508,15.371144837001339,32.578307,True,True,1.430511474609375e-06
509,15.391472365998197,20.218773,True,True,1.430511474609375e-06
510,15.409745876997476,18.185635,True,True,1.430511474609375e-06
511,15.427830900007393,18.009207,True,True,1.430511474609375e-06
512,15.446032086998457,18.131858,True,True,1.430511474609375e-06
513,15.464467473997502,18.328081,True,True,1.430511474609375e-06
514,15.491800226998748,27.22624,True,True,1.430511474609375e-06
515,15.511862837010995,19.931922,True,True,1.430511474609375e-06
516,15.530140946008032,18.19103,True,True,1.430511474609375e-06
517,15.548891730984906,18.666485,True,True,1.430511474609375e-06
518,15.572034954006085,23.06104,True,True,1.430511474609375e-06
519,15.604523755988339,32.382526,True,True,1.430511474609375e-06
520,15.636954535992118,32.318069,True,True,1.430511474609375e-06
521,15.664245822990779,27.17801,True,True,1.430511474609375e-06
522,15.696843526005978,32.489635,True,True,1.430511474609375e-06
523,15.726607494987547,29.649274,True,True,1.430511474609375e-06
524,15.759151556005236,32.471644,True,True,1.430511474609375e-06
525,15.791951460007112,32.692369,True,True,1.430511474609375e-06
526,15.824191282998072,32.130843,True,True,1.430511474609375e-06
527,15.857341294002254,33.064177,True,True,1.430511474609375e-06
528,15.889748861984117,32.319811,True,True,1.430511474609375e-06
529,15.938518298004055,48.680469,True,True,1.430511474609375e-06
530,15.971103921998292,32.466736,True,True,1.430511474609375e-06
531,16.002921226987382,31.713879,True,True,1.430511474609375e-06
532,16.029994379990967,26.975793,True,True,1.430511474609375e-06
533,16.060461059998488,30.392643,True,True,1.430511474609375e-06
534,16.09228919900488,31.755973,True,True,1.430511474609375e-06
535,16.141228930995567,48.852137,True,True,1.430511474609375e-06
536,16.173347472009482,31.982519,True,True,1.430511474609375e-06
537,16.20580684801098,32.375591,True,True,1.430511474609375e-06
538,16.23855675998493,32.654475,True,True,1.430511474609375e-06
539,16.271344036009395,32.661592,True,True,1.430511474609375e-06
540,16.303461322007934,31.996003,True,True,1.430511474609375e-06
541,16.330973080010153,27.42316,True,True,1.430511474609375e-06
542,16.361070270999335,30.003736,True,True,1.430511474609375e-06
543,16.388112282991642,26.909774,True,True,1.430511474609375e-06
544,16.40643086298951,18.223311,True,True,1.430511474609375e-06
545,16.424534894991666,18.036822,True,True,1.430511474609375e-06
546,16.442771957983496,18.17942,True,True,1.430511474609375e-06
547,16.46091016900027,18.07427,True,True,1.430511474609375e-06
548,16.487948088004487,26.973311,True,True,1.430511474609375e-06
549,16.508074251003563,20.005721,True,True,1.430511474609375e-06
550,16.52630938999937,18.158723,True,True,1.430511474609375e-06
551,16.544450526009314,18.084095,True,True,1.430511474609375e-06
552,16.5627483749995,18.241754,True,True,1.430511474609375e-06
553,16.60977346499567,46.966538,True,True,1.430511474609375e-06
554,16.642051847011317,32.138934,True,True,1.430511474609375e-06
555,16.67547766098869,33.307624,True,True,1.430511474609375e-06
556,16.70827449898934,32.665181,True,True,1.430511474609375e-06
557,16.740838483005064,32.440596,True,True,1.430511474609375e-06
558,16.77430101999198,33.351047,True,True,1.430511474609375e-06
559,16.807016973994905,32.594212,True,True,1.430511474609375e-06
560,16.83937927900115,32.244865,True,True,1.430511474609375e-06
561,16.872358581982553,32.870129,True,True,1.430511474609375e-06
562,16.904911110992543,32.458086,True,True,1.430511474609375e-06
563,16.937136822991306,32.135487,True,True,1.430511474609375e-06
564,16.964847588998964,27.616693,True,True,1.430511474609375e-06
565,16.996975696005393,32.041302,True,True,1.430511474609375e-06
566,17.02959037499386,32.51643,True,True,1.430511474609375e-06
567,17.060231448005652,30.549754,True,True,1.430511474609375e-06
568,17.092233483010205,31.924972,True,True,1.430511474609375e-06
569,17.14166006099549,49.33052,True,True,1.430511474609375e-06
570,17.173960165993776,32.150474,True,True,1.430511474609375e-06
571,17.207103291002568,33.04487,True,True,1.430511474609375e-06
572,17.23938438598998,32.176534,True,True,1.430511474609375e-06
573,17.271963425009744,32.476651,True,True,1.430511474609375e-06
574,17.3045866570028,32.520706,True,True,1.430511474609375e-06
575,17.336504806997254,31.808853,True,True,1.430511474609375e-06
576,17.363917420007056,27.316925,True,True,1.430511474609375e-06
577,17.388691220985493,24.694391,True,True,1.430511474609375e-06
578,17.40695318899816,18.180196,True,True,1.430511474609375e-06
579,17.43425794999348,27.219157,True,True,1.430511474609375e-06
580,17.45287652098341,18.531009,True,True,1.430511474609375e-06
581,17.47094010899309,17.985958,True,True,1.430511474609375e-06
582,17.499678310996387,28.650935,True,True,1.430511474609375e-06
583,17.51805675801006,18.248824,True,True,1.430511474609375e-06
584,17.536217087996192,18.075533,True,True,1.430511474609375e-06
585,17.554529733984964,18.238705,True,True,1.430511474609375e-06
586,17.579779324994888,25.179538,True,True,1.430511474609375e-06
587,17.610452727007214,30.583256,True,True,1.430511474609375e-06
588,17.642285638983594,31.749088,True,True,1.430511474609375e-06
589,17.67497131699929,32.57423,True,True,1.430511474609375e-06
590,17.70812004400068,33.035899,True,True,1.430511474609375e-06
591,17.740371371008223,32.142747,True,True,1.430511474609375e-06
592,17.7732522689912,32.783339,True,True,1.430511474609375e-06
593,17.806092573999194,32.748531,True,True,1.430511474609375e-06
594,17.838279821007745,32.087185,True,True,1.430511474609375e-06
595,17.871134237997467,32.758039,True,True,1.430511474609375e-06
596,17.90335951599991,32.130298,True,True,1.430511474609375e-06
597,17.93041916898801,26.959288,True,True,1.430511474609375e-06
598,17.95999119899352,29.484125,True,True,1.430511474609375e-06
599,17.99221864400897,32.151217,True,True,1.430511474609375e-06
600,18.02513287999318,32.799875,True,True,1.430511474609375e-06
601,18.05736046200036,32.128352,True,True,1.430511474609375e-06
602,18.089910503011197,32.451962,True,True,1.430511474609375e-06
603,18.139791752997553,49.7769,True,True,1.430511474609375e-06
604,18.172140117007075,32.200223,True,True,1.430511474609375e-06
605,18.204126594995614,31.88722,True,True,1.430511474609375e-06
606,18.236061996984063,31.845878,True,True,1.430511474609375e-06
607,18.280351635999978,44.18128,True,True,1.430511474609375e-06
608,18.310744346003048,30.251697,True,True,1.430511474609375e-06
609,18.342321834003087,31.492187,True,True,1.430511474609375e-06
610,18.374588554986985,32.189007,True,True,1.430511474609375e-06
611,18.39519266600837,20.50352,True,True,1.430511474609375e-06
612,18.413380776008125,18.106559,True,True,1.430511474609375e-06
613,18.431428782001603,17.971773,True,True,1.430511474609375e-06
614,18.449859644984826,18.356375,True,True,1.430511474609375e-06
615,18.467908435995923,17.971774,True,True,1.430511474609375e-06
616,18.48601251799846,18.028359,True,True,1.430511474609375e-06
617,18.514940344990464,28.855031,True,True,1.430511474609375e-06
618,18.533330926002236,18.274857,True,True,1.430511474609375e-06
619,18.551499566994607,18.08247,True,True,1.430511474609375e-06
620,18.574836352985585,23.258263,True,True,1.430511474609375e-06
621,18.60733148799045,32.398397,True,True,1.430511474609375e-06
622,18.640033892996144,32.571783,True,True,1.430511474609375e-06
623,18.67330263799522,33.143603,True,True,1.430511474609375e-06
624,18.706058265001047,32.623471,True,True,1.430511474609375e-06
625,18.738507184985792,32.321674,True,True,1.430511474609375e-06
626,18.771930585004156,33.306914,True,True,1.430511474609375e-06
627,18.804796595999505,32.74701,True,True,1.430511474609375e-06
628,18.83755630700034,32.647958,True,True,1.430511474609375e-06
629,18.865300762990955,27.630003,True,True,1.430511474609375e-06
630,18.89636993900058,30.968397,True,True,1.430511474609375e-06
631,18.926795117004076,30.325898,True,True,1.430511474609375e-06
632,18.959217894007452,32.332363,True,True,1.430511474609375e-06
633,18.992183834983734,32.860608,True,True,1.430511474609375e-06
634,19.024591077002697,32.288366,True,True,1.430511474609375e-06
635,19.056960035988595,32.261352,True,True,1.430511474609375e-06
636,19.08931986000971,32.257703,True,True,1.430511474609375e-06
637,19.138837679987773,49.411449,True,True,1.430511474609375e-06
638,19.171015828993404,32.041265,True,True,1.430511474609375e-06
639,19.20363914500922,32.529165,True,True,1.430511474609375e-06
640,19.230715010984568,26.967563,True,True,1.430511474609375e-06
641,19.26047762899543,29.674523,True,True,1.430511474609375e-06
642,19.292876040999545,32.31691,True,True,1.430511474609375e-06
643,19.324936030985555,31.964529,True,True,1.430511474609375e-06
644,19.357328329002485,32.297978,True,True,1.430511474609375e-06
645,19.385190172994044,27.764152,True,True,1.430511474609375e-06
646,19.403284444008023,18.012407,True,True,1.430511474609375e-06
647,19.42129295700579,17.937117,True,True,1.430511474609375e-06
648,19.43970305498806,18.338415,True,True,1.430511474609375e-06
649,19.457713657990098,17.932912,True,True,1.430511474609375e-06
650,19.47614347600029,18.353798,True,True,1.430511474609375e-06
651,19.497858905990142,21.62621,True,True,1.430511474609375e-06
652,19.52379418798955,25.839032,True,True,1.430511474609375e-06
653,19.542288135009585,18.401192,True,True,1.430511474609375e-06
654,19.560335590009345,17.982248,True,True,1.430511474609375e-06
655,19.590563746984117,30.166345,True,True,1.430511474609375e-06
656,19.62287439298234,32.221078,True,True,1.430511474609375e-06
657,19.655487315001665,32.51661,True,True,1.430511474609375e-06
658,19.6880431099853,32.455833,True,True,1.430511474609375e-06
659,19.7206041419995,32.43918,True,True,1.430511474609375e-06
660,19.753311432985356,32.619197,True,True,1.430511474609375e-06
661,19.780331615998875,26.939078,True,True,1.430511474609375e-06
662,19.810899425996467,30.479795,True,True,1.430511474609375e-06
663,19.84222836000845,31.242485,True,True,1.430511474609375e-06
664,19.874860962998355,32.541434,True,True,1.430511474609375e-06
665,19.90884622000158,33.83805,True,True,1.430511474609375e-06
666,19.941781847999664,32.790147,True,True,1.430511474609375e-06
667,19.97381372199743,31.912095,True,True,1.430511474609375e-06
668,20.007167400995968,33.250396,True,True,1.430511474609375e-06
669,20.039277498988668,31.969874,True,True,1.430511474609375e-06
670,20.071658728003968,32.28107,True,True,1.430511474609375e-06
671,20.104366610001307,32.580151,True,True,1.430511474609375e-06
672,20.15380486100912,49.341468,True,True,1.430511474609375e-06
673,20.202907309983857,48.969518,True,True,1.430511474609375e-06
674,20.22997061998467,26.936926,True,True,1.430511474609375e-06
675,20.25967410800513,29.615064,True,True,1.430511474609375e-06
676,20.291987100004917,32.240875,True,True,1.430511474609375e-06
677,20.32478548400104,32.709805,True,True,1.430511474609375e-06
678,20.356919965008274,32.050594,True,True,1.430511474609375e-06
679,20.384372792002978,27.361603,True,True,1.430511474609375e-06
680,20.402461454999866,18.012953,True,True,1.430511474609375e-06
681,20.420487744995626,17.963291,True,True,1.430511474609375e-06
682,20.438646930997493,18.103716,True,True,1.430511474609375e-06
683,20.456551517010666,17.842234,True,True,1.430511474609375e-06
684,20.474883602000773,18.272437,True,True,1.430511474609375e-06
685,20.495799727999838,20.858015,True,True,1.430511474609375e-06
686,20.521983259997796,26.072102,True,True,1.430511474609375e-06
687,20.540140363998944,18.053863,True,True,1.430511474609375e-06
688,20.55825706999167,18.04328,True,True,1.430511474609375e-06
689,20.588877272006357,30.562025,True,True,1.430511474609375e-06
690,20.621146024990594,32.192868,True,True,1.430511474609375e-06
691,20.653229143994395,31.979418,True,True,1.430511474609375e-06
692,20.680713315989124,27.387393,True,True,1.430511474609375e-06
693,20.710522510984447,29.714105,True,True,1.430511474609375e-06
694,20.74297222000314,32.37573,True,True,1.430511474609375e-06
695,20.775998058001278,32.93911,True,True,1.430511474609375e-06
696,20.80817544000456,32.068701,True,True,1.430511474609375e-06
697,20.8405494139879,32.27425,True,True,1.430511474609375e-06
698,20.87278536800295,32.136277,True,True,1.430511474609375e-06
699,20.905856433993904,32.979669,True,True,1.430511474609375e-06
700,20.938011436985107,32.053534,True,True,1.430511474609375e-06
701,20.969828972010873,31.717261,True,True,1.430511474609375e-06
702,20.996935425006086,27.004524,True,True,1.430511474609375e-06
703,21.02651681599673,29.487106,True,True,1.430511474609375e-06
704,21.058818147983402,32.230599,True,True,1.430511474609375e-06
705,21.091027561982628,32.111996,True,True,1.430511474609375e-06
706,21.14033744900371,49.212239,True,True,1.430511474609375e-06
707,21.173435011005495,32.955465,True,True,1.430511474609375e-06
708,21.20619677900686,32.656883,True,True,1.430511474609375e-06
709,21.238339461997384,32.034661,True,True,1.430511474609375e-06
710,21.27051186899189,32.069146,True,True,1.430511474609375e-06
711,21.303206254990073,32.591178,True,True,1.430511474609375e-06
712,21.330047249997733,26.741719,True,True,1.430511474609375e-06
713,21.360253730003024,30.117253,True,True,1.430511474609375e-06
714,21.38761775099556,27.29621,True,True,1.430511474609375e-06
715,21.405606968997745,17.916637,True,True,1.430511474609375e-06
716,21.423532205983065,17.852341,True,True,1.430511474609375e-06
717,21.442286228993908,18.679756,True,True,1.430511474609375e-06
718,21.460121329990216,17.75822,True,True,1.430511474609375e-06
719,21.47807993099559,17.886333,True,True,1.430511474609375e-06
720,21.49647626199294,18.324167,True,True,1.430511474609375e-06
721,21.523189808009192,26.634941,True,True,1.430511474609375e-06
722,21.542960738996044,19.65619,True,True,1.430511474609375e-06
723,21.561144323990447,18.093768,True,True,1.430511474609375e-06
724,21.587373358983314,26.136516,True,True,1.430511474609375e-06
725,21.618938283994794,31.4404,True,True,1.430511474609375e-06
726,21.649052913999185,30.005503,True,True,1.430511474609375e-06
727,21.680798938992666,31.641112,True,True,1.430511474609375e-06
728,21.71395422000205,33.046739,True,True,1.430511474609375e-06
729,21.74674044700805,32.661839,True,True,1.430511474609375e-06
730,21.779260442999657,32.40759,True,True,1.430511474609375e-06
731,21.812210358999437,32.832231,True,True,1.430511474609375e-06
732,21.84472124298918,32.39123,True,True,1.430511474609375e-06
733,21.893865849997383,49.031597,True,True,1.430511474609375e-06
734,21.926155658002244,32.147414,True,True,1.430511474609375e-06
735,21.953385216998868,27.126288,True,True,1.430511474609375e-06
736,21.986355931003345,32.873074,True,True,1.430511474609375e-06
737,22.016424178000307,29.948314,True,True,1.430511474609375e-06
738,22.04781683901092,31.298247,True,True,1.430511474609375e-06
739,22.08015487200464,32.252299,True,True,1.430511474609375e-06
740,22.11520267900778,34.94927,True,True,1.430511474609375e-06
741,22.162874906003708,47.536525,True,True,1.430511474609375e-06
742,22.19515119100106,32.178015,True,True,1.430511474609375e-06
743,22.2273448400083,32.099645,True,True,1.430511474609375e-06
744,22.26051227300195,33.071232,True,True,1.430511474609375e-06
745,22.293010989989853,32.388762,True,True,1.430511474609375e-06
746,22.32007067798986,26.955008,True,True,1.430511474609375e-06
747,22.351911008998286,31.748994,True,True,1.430511474609375e-06
748,22.38190372000099,29.893193,True,True,1.430511474609375e-06
749,22.402414090989623,20.415045,True,True,1.430511474609375e-06
750,22.420367429003818,17.886174,True,True,1.430511474609375e-06
751,22.438362507004058,17.932746,True,True,1.430511474609375e-06
752,22.456583260005573,18.160294,True,True,1.430511474609375e-06
753,22.474452530004783,17.812896,True,True,1.430511474609375e-06
754,22.492316752992338,17.803458,True,True,1.430511474609375e-06
755,22.52793862100225,35.558413,True,True,1.430511474609375e-06
756,22.54845901299268,20.386176,True,True,1.430511474609375e-06
757,22.566772844002116,18.218637,True,True,1.430511474609375e-06
758,22.597677997982828,30.830735,True,True,1.430511474609375e-06
759,22.63020657899324,32.428667,True,True,1.430511474609375e-06
760,22.663110302004497,32.776826,True,True,1.430511474609375e-06
761,22.69558517599944,32.351168,True,True,1.430511474609375e-06
762,22.728454274008982,32.763327,True,True,1.430511474609375e-06
763,22.760599917004583,32.052941,True,True,1.430511474609375e-06
764,22.79292817899841,32.236511,True,True,1.430511474609375e-06
765,22.819904109986965,26.887304,True,True,1.430511474609375e-06
766,22.849512366985437,29.520541,True,True,1.430511474609375e-06
767,22.882207736984128,32.608063,True,True,1.430511474609375e-06
768,22.914440911001293,32.111398,True,True,1.430511474609375e-06
769,22.94808244999149,33.519524,True,True,1.430511474609375e-06
770,22.980550979991676,32.344535,True,True,1.430511474609375e-06
771,23.013590179994935,32.930866,True,True,1.430511474609375e-06
772,23.046444081992377,32.742363,True,True,1.430511474609375e-06
773,23.0790890599892,32.538333,True,True,1.430511474609375e-06
774,23.114068577997386,34.89182,True,True,1.430511474609375e-06
775,23.161069978988962,46.861253,True,True,1.430511474609375e-06
776,23.210998469992774,49.806509,True,True,1.430511474609375e-06
777,23.243449425994186,32.319883,True,True,1.430511474609375e-06
778,23.275962312007323,32.403424,True,True,1.430511474609375e-06
779,23.308355715998914,32.292258,True,True,1.430511474609375e-06
780,23.335187955002766,26.740859,True,True,1.430511474609375e-06
781,23.365504880988738,30.244504,True,True,1.430511474609375e-06
782,23.392425550991902,26.84734,True,True,1.430511474609375e-06
783,23.411028200993314,18.524778,True,True,1.430511474609375e-06
784,23.4289979969908,17.909686,True,True,1.430511474609375e-06
785,23.44690017600078,17.839678,True,True,1.430511474609375e-06
786,23.46543367599952,18.469916,True,True,1.430511474609375e-06
787,23.484097598993685,18.604687,True,True,1.430511474609375e-06
788,23.502161787997466,17.992672,True,True,1.430511474609375e-06
789,23.52903275899007,26.798497,True,True,1.430511474609375e-06
790,23.54897615799564,19.832343,True,True,1.430511474609375e-06
791,23.567638524982613,18.541408,True,True,1.430511474609375e-06
792,23.59835832900717,30.630557,True,True,1.430511474609375e-06
793,23.63106034800876,32.619308,True,True,1.430511474609375e-06
794,23.663693100010278,32.534294,True,True,1.430511474609375e-06
795,23.696863896009745,33.026871,True,True,1.430511474609375e-06
796,23.730026828008704,33.044841,True,True,1.430511474609375e-06
797,23.76240025900188,32.282025,True,True,1.430511474609375e-06
798,23.795273397001438,32.779361,True,True,1.430511474609375e-06
799,23.827455182996346,32.065218,True,True,1.430511474609375e-06
800,23.86003233800875,32.488375,True,True,1.430511474609375e-06
801,23.893264315003762,33.142293,True,True,1.430511474609375e-06
802,23.925491216010414,32.120937,True,True,1.430511474609375e-06
803,23.95243482600199,26.852625,True,True,1.430511474609375e-06
804,23.982418184983544,29.9081,True,True,1.430511474609375e-06
805,24.031413805001648,48.918984,True,True,1.430511474609375e-06
806,24.064065818995005,32.524499,True,True,1.430511474609375e-06
807,24.09640382300131,32.223805,True,True,1.430511474609375e-06
808,24.14596013899427,49.440962,True,True,1.430511474609375e-06
809,24.178554765996523,32.458701,True,True,1.430511474609375e-06
810,24.21123539400287,32.585428,True,True,1.430511474609375e-06
811,24.243938617000822,32.594426,True,True,1.430511474609375e-06
812,24.276540786988335,32.487947,True,True,1.430511474609375e-06
813,24.309268381010043,32.621952,True,True,1.430511474609375e-06
814,24.33686641798704,27.490141,True,True,1.430511474609375e-06
815,24.366209228988737,29.247186,True,True,1.430511474609375e-06
816,24.39277406799374,26.484327,True,True,1.430511474609375e-06
817,24.411191221995978,18.34015,True,True,1.430511474609375e-06
818,24.430278549989453,19.023212,True,True,1.430511474609375e-06
819,24.448152461991413,17.800041,True,True,1.430511474609375e-06
820,24.4661173929926,17.90516,True,True,1.430511474609375e-06
821,24.48458153998945,18.407174,True,True,1.430511474609375e-06
822,24.50248149500112,17.838534,True,True,1.430511474609375e-06
823,24.520935431006365,18.386708,True,True,1.430511474609375e-06
824,24.54823387399665,27.216749,True,True,1.430511474609375e-06
825,24.568074438982876,19.718718,True,True,1.430511474609375e-06
826,24.59859946600045,30.448857,True,True,1.430511474609375e-06
827,24.63106106899795,32.360293,True,True,1.430511474609375e-06
828,24.66415061301086,32.965251,True,True,1.430511474609375e-06
829,24.69736763299443,33.100542,True,True,1.430511474609375e-06
830,24.730744814005448,33.254914,True,True,1.430511474609375e-06
831,24.763786928000627,32.93453,True,True,1.430511474609375e-06
832,24.797245369001757,33.350837,True,True,1.430511474609375e-06
833,24.830576854001265,33.226411,True,True,1.430511474609375e-06
834,24.88006289600162,49.367765,True,True,1.430511474609375e-06
835,24.912434914993355,32.236787,True,True,1.430511474609375e-06
836,24.944383143010782,31.850408,True,True,1.430511474609375e-06
837,24.977711012004875,33.206131,True,True,1.430511474609375e-06
838,25.01036729098996,32.545886,True,True,1.430511474609375e-06
839,25.04305047800881,32.574705,True,True,1.430511474609375e-06
840,25.076341459003743,33.201424,True,True,1.430511474609375e-06
841,25.103406548005296,26.982923,True,True,1.430511474609375e-06
842,25.16325043400866,59.765262,True,True,1.430511474609375e-06
843,25.195780023001134,32.388502,True,True,1.430511474609375e-06
844,25.228272635984467,32.40764,True,True,1.430511474609375e-06
845,25.261599427001784,33.233904,True,True,1.430511474609375e-06
846,25.29391853400739,32.226863,True,True,1.430511474609375e-06
847,25.326305556984153,32.303257,True,True,1.430511474609375e-06
848,25.35345592800877,27.061702,True,True,1.430511474609375e-06
849,25.385737637989223,32.197938,True,True,1.430511474609375e-06
850,25.40381238498958,17.984315,True,True,1.430511474609375e-06
851,25.421813864988508,17.936697,True,True,1.430511474609375e-06
852,25.440093601995613,18.20602,True,True,1.430511474609375e-06
853,25.45845535499393,18.296153,True,True,1.430511474609375e-06
854,25.47721049800748,18.675993,True,True,1.430511474609375e-06
855,25.495423035987187,18.122228,True,True,1.430511474609375e-06
856,25.513622970989672,18.091404,True,True,1.430511474609375e-06
857,25.54149197798688,27.784919,True,True,1.430511474609375e-06
858,25.561668429989368,20.054186,True,True,1.430511474609375e-06
859,25.586887201003265,25.140973,True,True,1.430511474609375e-06
860,25.616248370002722,29.257704,True,True,1.430511474609375e-06
861,25.648906071000965,32.580303,True,True,1.430511474609375e-06
862,25.68147432798287,32.461976,True,True,1.430511474609375e-06
863,25.714511097001377,32.916511,True,True,1.430511474609375e-06
864,25.747183366998797,32.555408,True,True,1.430511474609375e-06
865,25.780409050988965,33.126343,True,True,1.430511474609375e-06
866,25.81301099000848,32.488269,True,True,1.430511474609375e-06
867,25.845985911000753,32.864999,True,True,1.430511474609375e-06
868,25.878337436006404,32.21403,True,True,1.430511474609375e-06
869,25.91069376998348,32.249369,True,True,1.430511474609375e-06
870,25.943280696985312,32.485219,True,True,1.430511474609375e-06
871,25.975905728992075,32.509177,True,True,1.430511474609375e-06
872,26.003442315995926,27.415327,True,True,1.430511474609375e-06
873,26.032762451999588,29.216811,True,True,1.430511474609375e-06
874,26.065594565996435,32.740739,True,True,1.430511474609375e-06
875,26.097473055007868,31.72662,True,True,1.430511474609375e-06
876,26.14786159200594,50.293556,True,True,1.430511474609375e-06
877,26.17991589900339,31.919165,True,True,1.430511474609375e-06
878,26.212765094009228,32.753111,True,True,1.430511474609375e-06
879,26.244973567983834,32.104794,True,True,1.430511474609375e-06
880,26.27745166499517,32.38396,True,True,1.430511474609375e-06
881,26.310370457998943,32.828242,True,True,1.430511474609375e-06
882,26.342377499007853,31.913727,True,True,1.430511474609375e-06
883,26.369875623000553,27.402917,True,True,1.430511474609375e-06
884,26.39535557499039,25.375784,True,True,1.430511474609375e-06
885,26.413431002991274,17.996144,True,True,1.430511474609375e-06
886,26.431433549005305,17.935062,True,True,1.430511474609375e-06
887,26.44965708599193,18.157927,True,True,1.430511474609375e-06
888,26.46756939199986,17.853433,True,True,1.430511474609375e-06
889,26.48602831599419,18.402405,True,True,1.430511474609375e-06
890,26.503977082989877,17.878245,True,True,1.430511474609375e-06
891,26.52182829598314,17.7958,True,True,1.430511474609375e-06
892,26.549146445002407,27.252643,True,True,1.430511474609375e-06
893,26.56898474000627,19.723435,True,True,1.430511474609375e-06
894,26.5998840520042,30.810966,True,True,1.430511474609375e-06
895,26.632005341991317,31.99998,True,True,1.430511474609375e-06
896,26.659213849983644,27.101175,True,True,1.430511474609375e-06
897,26.6906612390012,31.342171,True,True,1.430511474609375e-06
898,26.72121713598608,30.463626,True,True,1.430511474609375e-06
899,26.75262297099107,31.328196,True,True,1.430511474609375e-06
900,26.802302514988696,49.602912,True,True,1.430511474609375e-06
901,26.83435710699996,31.927064,True,True,1.430511474609375e-06
902,26.867210700002033,32.765319,True,True,1.430511474609375e-06
903,26.899638328002766,32.332634,True,True,1.430511474609375e-06
904,26.932219242997235,32.446567,True,True,1.430511474609375e-06
905,26.965132801007712,32.819533,True,True,1.430511474609375e-06
906,27.003795349010034,38.574385,True,True,1.430511474609375e-06
907,27.036258863983676,32.340225,True,True,1.430511474609375e-06
908,27.069289956998546,32.91583,True,True,1.430511474609375e-06
909,27.10183762400993,32.443759,True,True,1.430511474609375e-06
910,27.15102100398508,49.074276,True,True,1.430511474609375e-06
911,27.18340039998293,32.24303,True,True,1.430511474609375e-06
912,27.21615892200498,32.666676,True,True,1.430511474609375e-06
913,27.24916390000726,32.896991,True,True,1.430511474609375e-06
914,27.281696282007033,32.429675,True,True,1.430511474609375e-06
915,27.3087925069849,26.971748,True,True,1.430511474609375e-06
916,27.340238835982746,31.356893,True,True,1.430511474609375e-06
917,27.370589865982765,30.227158,True,True,1.430511474609375e-06
918,27.390980792988557,20.297164,True,True,1.430511474609375e-06
919,27.408889298996655,17.838568,True,True,1.430511474609375e-06
920,27.42675248600426,17.799134,True,True,1.430511474609375e-06
921,27.44525699398946,18.436405,True,True,1.430511474609375e-06
922,27.463316065986874,17.94647,True,True,1.430511474609375e-06
923,27.481331886985572,17.939272,True,True,1.430511474609375e-06
924,27.499962706002407,18.555341,True,True,1.430511474609375e-06
925,27.51786418200936,17.840932,True,True,1.430511474609375e-06
926,27.54697666899301,29.051058,True,True,1.430511474609375e-06
927,27.572019287006697,24.926563,True,True,1.430511474609375e-06
928,27.6020462460001,29.933451,True,True,1.430511474609375e-06
929,27.634972372004995,32.829971,True,True,1.430511474609375e-06
930,27.667947718000505,32.854743,True,True,1.430511474609375e-06
931,27.700764929992147,32.694927,True,True,1.430511474609375e-06
932,27.733393800008344,32.510863,True,True,1.430511474609375e-06
933,27.766106057009893,32.603805,True,True,1.430511474609375e-06
934,27.798369038995588,32.163078,True,True,1.430511474609375e-06
935,27.83109354399494,32.608679,True,True,1.430511474609375e-06
936,27.863956130982842,32.754954,True,True,1.430511474609375e-06
937,27.896553878003033,32.512703,True,True,1.430511474609375e-06
938,27.928817487001652,32.170748,True,True,1.430511474609375e-06
939,27.955651249998482,26.741093,True,True,1.430511474609375e-06
940,27.985071742994478,29.343344,True,True,1.430511474609375e-06
941,28.017900039994856,32.740513,True,True,1.430511474609375e-06
942,28.050035778986057,32.04077,True,True,1.430511474609375e-06
943,28.082207239000127,32.08812,True,True,1.430511474609375e-06
944,28.129897806997178,47.602066,True,True,1.430511474609375e-06
945,28.164326725993305,34.28972,True,True,1.430511474609375e-06
946,28.196214984986,31.787343,True,True,1.430511474609375e-06
947,28.228545742982533,32.251733,True,True,1.430511474609375e-06
948,28.256206283986103,27.568527,True,True,1.430511474609375e-06
949,28.285733844008064,29.435693,True,True,1.430511474609375e-06
950,28.31846610098728,32.633238,True,True,1.430511474609375e-06
951,28.35128653299762,32.704867,True,True,1.430511474609375e-06
952,28.378751470998395,27.35445,True,True,1.430511474609375e-06
953,28.396859501983272,18.021755,True,True,1.430511474609375e-06
954,28.41487828598474,17.950566,True,True,1.430511474609375e-06
955,28.433031761000166,18.093452,True,True,1.430511474609375e-06
956,28.461485940992134,28.390104,True,True,1.430511474609375e-06
957,28.48008975200355,18.497969,True,True,1.430511474609375e-06
958,28.498273715988034,18.111281,True,True,1.430511474609375e-06
959,28.51640120698721,18.053233,True,True,1.430511474609375e-06
960,28.534470793005312,18.006761,True,True,1.430511474609375e-06
961,28.567836245987564,33.29403,True,True,1.430511474609375e-06
962,28.600026113999775,32.055941,True,True,1.430511474609375e-06
963,28.632649112987565,32.529065,True,True,1.430511474609375e-06
964,28.665219733986305,32.45364,True,True,1.430511474609375e-06
965,28.697910854010843,32.591269,True,True,1.430511474609375e-06
966,28.731064894003794,33.042175,True,True,1.430511474609375e-06
967,28.763583849009592,32.431722,True,True,1.430511474609375e-06
968,28.79581622200203,32.146269,True,True,1.430511474609375e-06
969,28.827922722994117,32.020838,True,True,1.430511474609375e-06
970,28.855104538990417,27.08557,True,True,1.430511474609375e-06
971,28.885188357002335,30.011715,True,True,1.430511474609375e-06
972,28.917662772000767,32.404542,True,True,1.430511474609375e-06
973,28.950102804985363,32.337852,True,True,1.430511474609375e-06
974,28.982435760000953,32.246351,True,True,1.430511474609375e-06
975,29.01547499001026,32.950719,True,True,1.430511474609375e-06
976,29.04777340099099,32.206585,True,True,1.430511474609375e-06
977,29.079793848010013,31.939392,True,True,1.430511474609375e-06
978,29.13919764800812,59.313399,True,True,1.430511474609375e-06
979,29.169414567004424,30.0774,True,True,1.430511474609375e-06
980,29.201697295997292,32.200253,True,True,1.430511474609375e-06
981,29.234111894998932,32.322846,True,True,1.430511474609375e-06
982,29.26690337699256,32.704729,True,True,1.430511474609375e-06
983,29.298892558988882,31.902168,True,True,1.430511474609375e-06
984,29.332264764001593,33.282482,True,True,1.430511474609375e-06
985,29.364510259008966,32.157971,True,True,1.430511474609375e-06
986,29.384640792995924,20.04333,True,True,1.430511474609375e-06
987,29.402872570004547,18.15995,True,True,1.430511474609375e-06
988,29.42085915300413,17.923034,True,True,1.430511474609375e-06
989,29.438825104007265,17.908895,True,True,1.430511474609375e-06
990,29.456689880986232,17.806247,True,True,1.430511474609375e-06
991,29.47457012499217,17.813096,True,True,1.430511474609375e-06
992,29.49266071000602,18.028864,True,True,1.430511474609375e-06
993,29.51064772598329,17.932805,True,True,1.430511474609375e-06
994,29.528380320989527,17.68074,True,True,1.430511474609375e-06
995,29.549718936992576,21.270671,True,True,1.430511474609375e-06
996,29.58697035399382,37.144345,True,True,1.430511474609375e-06
997,29.61860579199856,31.505669,True,True,1.430511474609375e-06
998,29.650753319001524,32.06679,True,True,1.430511474609375e-06
999,29.683213188982336,32.353643,True,True,1.430511474609375e-06
1000,29.716044039989356,32.734925,True,True,1.430511474609375e-06
1001,29.748563008994097,32.418971,True,True,1.430511474609375e-06
1002,29.796965259010904,48.309192,True,True,1.430511474609375e-06
1003,29.82956280198414,32.47143,True,True,1.430511474609375e-06
1004,29.86211021998315,32.430187,True,True,1.430511474609375e-06
1005,29.889729318005266,27.511207,True,True,1.430511474609375e-06
1006,29.919707586988807,29.864022,True,True,1.430511474609375e-06
1007,29.952235464996193,32.437256,True,True,1.430511474609375e-06
1008,29.984792992006987,32.445263,True,True,1.430511474609375e-06
1009,30.018031241983408,33.11002,True,True,1.430511474609375e-06
1010,30.05105602898402,32.891807,True,True,1.430511474609375e-06
1011,30.083618889009813,32.45406,True,True,1.430511474609375e-06
1012,30.133727867010748,49.992879,True,True,1.430511474609375e-06
1013,30.166855249990476,32.987843,True,True,1.430511474609375e-06
1014,30.199415017006686,32.450997,True,True,1.430511474609375e-06
1015,30.231976198003395,32.453964,True,True,1.430511474609375e-06
1016,30.264473991002887,32.379338,True,True,1.430511474609375e-06
1017,30.297059917997103,32.478685,True,True,1.430511474609375e-06
1018,30.329896251001628,32.738379,True,True,1.430511474609375e-06
1019,30.357060086011188,27.05191,True,True,1.430511474609375e-06
1020,30.382395916007226,25.255747,True,True,1.430511474609375e-06
1021,30.400369114999194,17.900819,True,True,1.430511474609375e-06
1022,30.41832115300349,17.889837,True,True,1.430511474609375e-06
1023,30.43650595098734,18.130363,True,True,1.430511474609375e-06
1024,30.4546156009892,18.051871,True,True,1.430511474609375e-06
1025,30.47271643098793,18.048163,True,True,1.430511474609375e-06
1026,30.49081631700392,18.03993,True,True,1.430511474609375e-06
1027,30.508895286999177,18.026214,True,True,1.430511474609375e-06
1028,30.52676477798377,17.815986,True,True,1.430511474609375e-06
1029,30.547640425997088,20.819833,True,True,1.430511474609375e-06
1030,30.585884247004287,38.123288,True,True,1.430511474609375e-06
1031,30.63401257098303,48.009562,True,True,1.430511474609375e-06
1032,30.666809724003542,32.670067,True,True,1.430511474609375e-06
1033,30.69887012799154,31.953742,True,True,1.430511474609375e-06
1034,30.731901107996237,32.932148,True,True,1.430511474609375e-06
1035,30.76450821699109,32.4766,True,True,1.430511474609375e-06
1036,30.797255067009246,32.620289,True,True,1.430511474609375e-06
1037,30.830243217991665,32.86636,True,True,1.430511474609375e-06
1038,30.862104198982706,31.746587,True,True,1.430511474609375e-06
1039,30.88944309798535,27.245366,True,True,1.430511474609375e-06
1040,30.91955426800996,30.023962,True,True,1.430511474609375e-06
1041,30.952093914005673,32.4488,True,True,1.430511474609375e-06
1042,30.985272227990208,33.083749,True,True,1.430511474609375e-06
1043,31.017888151982334,32.483823,True,True,1.430511474609375e-06
1044,31.051033289986663,33.041235,True,True,1.430511474609375e-06
1045,31.083540494990302,32.391089,True,True,1.430511474609375e-06
1046,31.13264799999888,48.971012,True,True,1.430511474609375e-06
1047,31.165612370008603,32.819284,True,True,1.430511474609375e-06
1048,31.198133925994625,32.407381,True,True,1.430511474609375e-06
1049,31.231035058008274,32.787624,True,True,1.430511474609375e-06
1050,31.263552960008383,32.403072,True,True,1.430511474609375e-06
1051,31.290917350997915,27.245015,True,True,1.430511474609375e-06
1052,31.323014394001802,32.01323,True,True,1.430511474609375e-06
1053,31.353022839000914,29.899477,True,True,1.430511474609375e-06
1054,31.379814765998162,26.704689,True,True,1.430511474609375e-06
1055,31.398176040005637,18.282923,True,True,1.430511474609375e-06
1056,31.416149275988573,17.910797,True,True,1.430511474609375e-06
1057,31.434233097010292,18.026356,True,True,1.430511474609375e-06
1058,31.461971031007124,27.675412,True,True,1.430511474609375e-06
1059,31.48055104300147,18.465439,True,True,1.430511474609375e-06
1060,31.498926205997122,18.30042,True,True,1.430511474609375e-06
1061,31.51710404700134,18.115164,True,True,1.430511474609375e-06
1062,31.53522653298569,18.062994,True,True,1.430511474609375e-06
1063,31.55318550998345,17.89832,True,True,1.430511474609375e-06
1064,31.60047946398845,47.225229,True,True,1.430511474609375e-06
1065,31.632831032009562,32.209233,True,True,1.430511474609375e-06
1066,31.665655977994902,32.727902,True,True,1.430511474609375e-06
1067,31.69787757800077,32.113832,True,True,1.430511474609375e-06
1068,31.730054602987366,32.080134,True,True,1.430511474609375e-06
1069,31.756784067983972,26.639749,True,True,1.430511474609375e-06
1070,31.786376587988343,29.515261,True,True,1.430511474609375e-06
1071,31.819216854986735,32.767573,True,True,1.430511474609375e-06
1072,31.851583971991204,32.251068,True,True,1.430511474609375e-06
1073,31.88417691900395,32.503125,True,True,1.430511474609375e-06
1074,31.916138345986838,31.874076,True,True,1.430511474609375e-06
1075,31.948493089003023,32.267011,True,True,1.430511474609375e-06
1076,31.981428939994657,32.847885,True,True,1.430511474609375e-06
1077,32.01366569599486,32.152501,True,True,1.430511474609375e-06
1078,32.04564646500512,31.879376,True,True,1.430511474609375e-06
1079,32.07281293798587,27.072203,True,True,1.430511474609375e-06
1080,32.10248821700225,29.595357,True,True,1.430511474609375e-06
1081,32.15261759099667,50.059209,True,True,1.430511474609375e-06
1082,32.18472140998347,31.963055,True,True,1.430511474609375e-06
1083,32.21824834198924,33.428287,True,True,1.430511474609375e-06
1084,32.24999836200732,31.644093,True,True,1.430511474609375e-06
1085,32.28267866501119,32.590413,True,True,1.430511474609375e-06
1086,32.31537398099317,32.59406,True,True,1.430511474609375e-06
1087,32.34771572900354,32.256979,True,True,1.430511474609375e-06
1088,32.374880393006606,27.078455,True,True,1.430511474609375e-06
1089,32.392808206990594,17.857517,True,True,1.430511474609375e-06
1090,32.411013543984154,18.145054,True,True,1.430511474609375e-06
1091,32.42903962300625,17.967027,True,True,1.430511474609375e-06
1092,32.446957612002734,17.856671,True,True,1.430511474609375e-06
1093,32.464868673996534,17.85435,True,True,1.430511474609375e-06
1094,32.48312551600975,18.193284,True,True,1.430511474609375e-06
1095,32.501098546985304,17.917485,True,True,1.430511474609375e-06
1096,32.519197349989554,18.044079,True,True,1.430511474609375e-06
1097,32.53729851701064,18.048302,True,True,1.430511474609375e-06
1098,32.55539575999137,18.022558,True,True,1.430511474609375e-06
1099,32.608787939010654,53.321099,True,True,1.430511474609375e-06
1100,32.63599646798684,27.075382,True,True,1.430511474609375e-06
1101,32.66866314900108,32.555645,True,True,1.430511474609375e-06
1102,32.70186079098494,33.063173,True,True,1.430511474609375e-06
1103,32.732001027005026,30.024685,True,True,1.430511474609375e-06
1104,32.76366510600201,31.576331,True,True,1.430511474609375e-06
1105,32.79629748201114,32.549932,True,True,1.430511474609375e-06
1106,32.82899940799689,32.597662,True,True,1.430511474609375e-06
1107,32.8614817050111,32.373947,True,True,1.430511474609375e-06
1108,32.8943182080111,32.740227,True,True,1.430511474609375e-06
1109,32.927245958009735,32.8229,True,True,1.430511474609375e-06
1110,32.959773810987826,32.426685,True,True,1.430511474609375e-06
1111,32.98705984998378,27.186865,True,True,1.430511474609375e-06
1112,33.01920019299723,32.048252,True,True,1.430511474609375e-06
1113,33.04939247498987,30.067143,True,True,1.430511474609375e-06
1114,33.0810253059899,31.546819,True,True,1.430511474609375e-06
1115,33.12897757499013,47.869628,True,True,1.430511474609375e-06
1116,33.16387171798851,34.755976,True,True,1.430511474609375e-06
1117,33.19644896298996,32.439571,True,True,1.430511474609375e-06
1118,33.22898208699189,32.449034,True,True,1.430511474609375e-06
1119,33.26159370999085,32.509354,True,True,1.430511474609375e-06
1120,33.29429281200282,32.606583,True,True,1.430511474609375e-06
1121,33.3270716870029,32.692822,True,True,1.430511474609375e-06
1122,33.35938268498285,32.220764,True,True,1.430511474609375e-06
1123,33.396541335008806,37.054743,True,True,1.430511474609375e-06
1124,33.41567999898689,19.01409,True,True,1.430511474609375e-06
1125,33.43390717799775,18.143669,True,True,1.430511474609375e-06
1126,33.45183949699276,17.86274,True,True,1.430511474609375e-06
1127,33.46970505898935,17.799639,True,True,1.430511474609375e-06
1128,33.48780231398996,18.033485,True,True,1.430511474609375e-06
1129,33.50581558700651,17.953611,True,True,1.430511474609375e-06
1130,33.52361987999757,17.745232,True,True,1.430511474609375e-06
1131,33.54142088801018,17.748892,True,True,1.430511474609375e-06
1132,33.56231903799926,20.841861,True,True,1.430511474609375e-06
1133,33.601552921987604,39.110854,True,True,1.430511474609375e-06
1134,33.63452711200807,32.836559,True,True,1.430511474609375e-06
1135,33.66832556799636,33.675104,True,True,1.430511474609375e-06
1136,33.701018507999834,32.577621,True,True,1.430511474609375e-06
1137,33.73451203899458,33.374634,True,True,1.430511474609375e-06
1138,33.76645093498519,31.832316,True,True,1.430511474609375e-06
1139,33.79904934100341,32.514205,True,True,1.430511474609375e-06
1140,33.83139407201088,32.241725,True,True,1.430511474609375e-06
1141,33.86396339899511,32.463546,True,True,1.430511474609375e-06
1142,33.89671071799239,32.651596,True,True,1.430511474609375e-06
1143,33.928494071005844,31.686706,True,True,1.430511474609375e-06
1144,33.95570413899259,27.134559,True,True,1.430511474609375e-06
1145,33.98641509600566,30.635789,True,True,1.430511474609375e-06
1146,34.01871487099561,32.218636,True,True,1.430511474609375e-06
1147,34.05120168198482,32.38966,True,True,1.430511474609375e-06
1148,34.08381225698395,32.51811,True,True,1.430511474609375e-06
1149,34.13153284098371,47.578661,True,True,1.430511474609375e-06
1150,34.165386873995885,33.71714,True,True,1.430511474609375e-06
1151,34.19832143600797,32.845947,True,True,1.430511474609375e-06
1152,34.23064502899069,32.232562,True,True,1.430511474609375e-06
1153,34.26299499400193,32.244824,True,True,1.430511474609375e-06
1154,34.29499607899925,31.914996,True,True,1.430511474609375e-06
1155,34.322158288006904,27.06912,True,True,1.430511474609375e-06
1156,34.35259525699075,30.36195,True,True,1.430511474609375e-06
1157,34.37962529598735,26.96042,True,True,1.430511474609375e-06
1158,34.39760030398611,17.905928,True,True,1.430511474609375e-06
1159,34.41560195299098,17.942688,True,True,1.430511474609375e-06
1160,34.43342291400768,17.769275,True,True,1.430511474609375e-06
1161,34.451439380995,17.953926,True,True,1.430511474609375e-06
1162,34.4693141199823,17.811995,True,True,1.430511474609375e-06
1163,34.48739495300106,18.023597,True,True,1.430511474609375e-06
1164,34.50556676599081,18.111671,True,True,1.430511474609375e-06
1165,34.52378062100615,18.159637,True,True,1.430511474609375e-06
1166,34.54190493398346,18.066135,True,True,1.430511474609375e-06
1167,34.56766821400379,25.705521,True,True,1.430511474609375e-06
1168,34.61486025099293,47.070927,True,True,1.430511474609375e-06
1169,34.646826846990734,31.836766,True,True,1.430511474609375e-06
1170,34.67994570499286,33.018628,True,True,1.430511474609375e-06
1171,34.71260250598425,32.516489,True,True,1.430511474609375e-06
1172,34.74539569800254,32.672061,True,True,1.430511474609375e-06
1173,34.778330116998404,32.829944,True,True,1.430511474609375e-06
1174,34.81062164800824,32.183892,True,True,1.430511474609375e-06
1175,34.84332412100048,32.594892,True,True,1.430511474609375e-06
1176,34.876259682001546,32.833304,True,True,1.430511474609375e-06
1177,34.9085460070055,32.187633,True,True,1.430511474609375e-06
1178,34.93617630598601,27.510506,True,True,1.430511474609375e-06
1179,34.96885453199502,32.548021,True,True,1.430511474609375e-06
1180,34.99842186199385,29.457532,True,True,1.430511474609375e-06
1181,35.03061764899758,32.101298,True,True,1.430511474609375e-06
1182,35.080022887006635,49.301285,True,True,1.430511474609375e-06
1183,35.11549189599464,35.341131,True,True,1.430511474609375e-06
1184,35.161199146008585,45.566798,True,True,1.430511474609375e-06
1185,35.193191903003026,31.870831,True,True,1.430511474609375e-06
1186,35.22598192899022,32.69484,True,True,1.430511474609375e-06
1187,35.25920542300446,33.084278,True,True,1.430511474609375e-06
1188,35.291245923988754,31.920334,True,True,1.430511474609375e-06
1189,35.318131790991174,26.790588,True,True,1.430511474609375e-06
1190,35.348258549987804,30.043272,True,True,1.430511474609375e-06
1191,35.37974566599587,31.396021,True,True,1.430511474609375e-06
1192,35.40011885398417,20.287201,True,True,1.430511474609375e-06
1193,35.41815675800899,17.965503,True,True,1.430511474609375e-06
1194,35.436228382983245,18.003996,True,True,1.430511474609375e-06
1195,35.454255724995164,17.961831,True,True,1.430511474609375e-06
1196,35.47229323198553,17.981168,True,True,1.430511474609375e-06
1197,35.49010034700041,17.735371,True,True,1.430511474609375e-06
1198,35.50807695300318,17.917313,True,True,1.430511474609375e-06
1199,35.526039010001114,17.908107,True,True,1.430511474609375e-06
1200,35.54387538798619,17.780513,True,True,1.430511474609375e-06
1201,35.561825212993426,17.891125,True,True,1.430511474609375e-06
1202,35.608581617998425,46.687446,True,True,1.430511474609375e-06
1203,35.64119301000028,32.464257,True,True,1.430511474609375e-06
1204,35.67396909199306,32.661412,True,True,1.430511474609375e-06
1205,35.70610003100592,32.01058,True,True,1.430511474609375e-06
1206,35.75487443400198,48.677547,True,True,1.430511474609375e-06
1207,35.786980081000365,31.969834,True,True,1.430511474609375e-06
1208,35.82023317398853,33.15997,True,True,1.430511474609375e-06
1209,35.8521699779958,31.812092,True,True,1.430511474609375e-06
1210,35.87913108099019,26.870469,True,True,1.430511474609375e-06
1211,35.90885377500672,29.640432,True,True,1.430511474609375e-06
1212,35.940826664998895,31.890177,True,True,1.430511474609375e-06
1213,35.9733635809971,32.446863,True,True,1.430511474609375e-06
1214,36.005577814008575,32.122596,True,True,1.430511474609375e-06
1215,36.037995771999704,32.322161,True,True,1.430511474609375e-06
1216,36.070866952999495,32.779159,True,True,1.430511474609375e-06
1217,36.1034940929967,32.521916,True,True,1.430511474609375e-06
1218,36.153217473009136,49.626769,True,True,1.430511474609375e-06
1219,36.18058252899209,27.231162,True,True,1.430511474609375e-06
1220,36.212165629985975,31.484107,True,True,1.430511474609375e-06
1221,36.242228774994146,29.972727,True,True,1.430511474609375e-06
1222,36.274653778993525,32.333035,True,True,1.430511474609375e-06
1223,36.30667656500009,31.870623,True,True,1.430511474609375e-06
1224,36.33935774301062,32.587981,True,True,1.430511474609375e-06
1225,36.38322053299635,43.724102,True,True,1.430511474609375e-06
1226,36.40191539999796,18.5648,True,True,1.430511474609375e-06
1227,36.42009372098255,18.102918,True,True,1.430511474609375e-06
1228,36.438235724985134,18.073049,True,True,1.430511474609375e-06
1229,36.45631797501119,18.015274,True,True,1.430511474609375e-06
1230,36.474669793999055,18.294943,True,True,1.430511474609375e-06
1231,36.492994086002,18.261658,True,True,1.430511474609375e-06
1232,36.511028629000066,17.972541,True,True,1.430511474609375e-06
1233,36.528832916985266,17.750873,True,True,1.430511474609375e-06
1234,36.54669424099848,17.805898,True,True,1.430511474609375e-06
1235,36.56498512500548,18.225134,True,True,1.430511474609375e-06
1236,36.61852256898419,53.438043,True,True,1.430511474609375e-06
1237,36.65059930700227,31.938826,True,True,1.430511474609375e-06
1238,36.68246075100615,31.773341,True,True,1.430511474609375e-06
1239,36.7145296719973,31.983334,True,True,1.430511474609375e-06
1240,36.74735534400679,32.728479,True,True,1.430511474609375e-06
1241,36.77444903398282,27.0046,True,True,1.430511474609375e-06
1242,36.80383839699789,29.314349,True,True,1.430511474609375e-06
1243,36.836465011001565,32.557141,True,True,1.430511474609375e-06
1244,36.86855754599674,31.998429,True,True,1.430511474609375e-06
1245,36.900591646000976,31.944112,True,True,1.430511474609375e-06
1246,36.93339874400408,32.70976,True,True,1.430511474609375e-06
1247,36.965813704999164,32.327629,True,True,1.430511474609375e-06
1248,36.99833671801025,32.43522,True,True,1.430511474609375e-06
1249,37.031513258989435,33.069206,True,True,1.430511474609375e-06
1250,37.0639589309867,32.351227,True,True,1.430511474609375e-06
1251,37.09114969900111,27.097149,True,True,1.430511474609375e-06
1252,37.137409490009304,46.176398,True,True,1.430511474609375e-06
1253,37.16919744500774,31.6573,True,True,1.430511474609375e-06
1254,37.202004977996694,32.719713,True,True,1.430511474609375e-06
1255,37.25088473100914,48.790669,True,True,1.430511474609375e-06
1256,37.2833561830048,32.354727,True,True,1.430511474609375e-06
1257,37.31631752100657,32.866169,True,True,1.430511474609375e-06
1258,37.3485596840037,32.152085,True,True,1.430511474609375e-06
1259,37.375693579000654,27.037201,True,True,1.430511474609375e-06
1260,37.39405884500593,18.292592,True,True,1.430511474609375e-06
1261,37.41226528500556,18.139304,True,True,1.430511474609375e-06
1262,37.430410011991626,18.090914,True,True,1.430511474609375e-06
1263,37.448444915004075,17.979607,True,True,1.430511474609375e-06
1264,37.46711568100727,18.605196,True,True,1.430511474609375e-06
1265,37.485218726011226,18.046044,True,True,1.430511474609375e-06
1266,37.50324295199243,17.963887,True,True,1.430511474609375e-06
1267,37.52138978498988,18.093264,True,True,1.430511474609375e-06
1268,37.53936684099608,17.922274,True,True,1.430511474609375e-06
1269,37.55755501400563,18.132845,True,True,1.430511474609375e-06
1270,37.61128105898388,53.661133,True,True,1.430511474609375e-06
1271,37.644082437996985,32.660106,True,True,1.430511474609375e-06
1272,37.67669860899332,32.501779,True,True,1.430511474609375e-06
1273,37.709699833008926,32.888539,True,True,1.430511474609375e-06
1274,37.74264718100312,32.791188,True,True,1.430511474609375e-06
1275,37.77497941299225,32.240085,True,True,1.430511474609375e-06
1276,37.807554534985684,32.486226,True,True,1.430511474609375e-06
1277,37.83445408300031,26.807664,True,True,1.430511474609375e-06
1278,37.86450146700372,29.975174,True,True,1.430511474609375e-06
1279,37.89717205800116,32.595314,True,True,1.430511474609375e-06
1280,37.93040376499994,33.145983,True,True,1.430511474609375e-06
1281,37.96359894800116,33.082779,True,True,1.430511474609375e-06
1282,37.99590362800518,32.210186,True,True,1.430511474609375e-06
1283,38.029192260990385,33.195207,True,True,1.430511474609375e-06
1284,38.07868575499742,49.395298,True,True,1.430511474609375e-06
1285,38.1134009489906,34.583156,True,True,1.430511474609375e-06
1286,38.160430999007076,46.905384,True,True,1.430511474609375e-06
1287,38.19314706500154,32.599195,True,True,1.430511474609375e-06
1288,38.22562376499991,32.375253,True,True,1.430511474609375e-06
1289,38.25301631700131,27.280205,True,True,1.430511474609375e-06
1290,38.28510683600325,32.020803,True,True,1.430511474609375e-06
1291,38.31526372599183,30.01746,True,True,1.430511474609375e-06
1292,38.34761474598781,32.27348,True,True,1.430511474609375e-06
1293,38.38102130300831,33.323928,True,True,1.430511474609375e-06
1294,38.40162411399069,20.471784,True,True,1.430511474609375e-06
1295,38.42011017500772,18.369535,True,True,1.430511474609375e-06
1296,38.43857521400787,18.394763,True,True,1.430511474609375e-06
1297,38.457040053996025,18.408457,True,True,1.430511474609375e-06
1298,38.475255356985144,18.155946,True,True,1.430511474609375e-06
1299,38.493605558993295,18.289434,True,True,1.430511474609375e-06
1300,38.51145931601059,17.800576,True,True,1.430511474609375e-06
1301,38.52955275599379,18.04714,True,True,1.430511474609375e-06
1302,38.54761647499981,18.01174,True,True,1.430511474609375e-06
1303,38.566335648007225,18.669664,True,True,1.430511474609375e-06
1304,38.61193239898421,45.532117,True,True,1.430511474609375e-06
1305,38.64708528498886,35.014502,True,True,1.430511474609375e-06
1306,38.680359927995596,33.153754,True,True,1.430511474609375e-06
1307,38.71319114998914,32.713238,True,True,1.430511474609375e-06
1308,38.746474721992854,33.17647,True,True,1.430511474609375e-06
1309,38.779200768010924,32.627841,True,True,1.430511474609375e-06
1310,38.81196453201119,32.659395,True,True,1.430511474609375e-06
1311,38.844584337988636,32.522714,True,True,1.430511474609375e-06
1312,38.877377077005804,32.690463,True,True,1.430511474609375e-06
1313,38.91047938299016,32.999761,True,True,1.430511474609375e-06
1314,38.9430590569973,32.475426,True,True,1.430511474609375e-06
1315,38.97569569700863,32.538007,True,True,1.430511474609375e-06
1316,39.00871679800912,32.901831,True,True,1.430511474609375e-06
1317,39.040528312005335,31.725915,True,True,1.430511474609375e-06
1318,39.065689440001734,25.086408,True,True,1.430511474609375e-06
1319,39.09709508300875,31.333755,True,True,1.430511474609375e-06
1320,39.14633668598253,49.166969,True,True,1.430511474609375e-06
1321,39.178672034002375,32.197648,True,True,1.430511474609375e-06
1322,39.210370001004776,31.623364,True,True,1.430511474609375e-06
1323,39.2425885630073,32.150792,True,True,1.430511474609375e-06
1324,39.27599756800919,33.320305,True,True,1.430511474609375e-06
1325,39.30816985000274,32.087681,True,True,1.430511474609375e-06
1326,39.33481926299282,26.574905,True,True,1.430511474609375e-06
1327,39.36518252899987,30.295547,True,True,1.430511474609375e-06
1328,39.39208324300125,26.835332,True,True,1.430511474609375e-06
1329,39.41005050999229,17.89833,True,True,1.430511474609375e-06
1330,39.427827659994364,17.724535,True,True,1.430511474609375e-06
1331,39.4456752819824,17.800624,True,True,1.430511474609375e-06
1332,39.46467822100385,18.949855,True,True,1.430511474609375e-06
1333,39.482799388992134,18.066717,True,True,1.430511474609375e-06
1334,39.50075114998617,17.899536,True,True,1.430511474609375e-06
1335,39.51872310799081,17.923279,True,True,1.430511474609375e-06
1336,39.53678953900817,18.020109,True,True,1.430511474609375e-06
1337,39.55558674799977,18.753745,True,True,1.430511474609375e-06
1338,39.57891348900739,23.274454,True,True,1.430511474609375e-06
1339,39.628030302992556,49.053509,True,True,1.430511474609375e-06
1340,39.661263621004764,33.103416,True,True,1.430511474609375e-06
1341,39.69386570499046,32.509694,True,True,1.430511474609375e-06
1342,39.72677388699958,32.82409,True,True,1.430511474609375e-06
1343,39.759140295005636,32.280083,True,True,1.430511474609375e-06
1344,39.79174072499154,32.520621,True,True,1.430511474609375e-06
1345,39.824220531998435,32.403133,True,True,1.430511474609375e-06
1346,39.851311022008304,27.001012,True,True,1.430511474609375e-06
1347,39.881209618994035,29.82475,True,True,1.430511474609375e-06
1348,39.914124975010054,32.845922,True,True,1.430511474609375e-06
1349,39.946371436002664,32.166419,True,True,1.430511474609375e-06
1350,39.99574967598892,49.297731,True,True,1.430511474609375e-06
1351,40.028510912001366,32.633503,True,True,1.430511474609375e-06
1352,40.061273675004486,32.668195,True,True,1.430511474609375e-06
1353,40.09427484599291,32.913485,True,True,1.430511474609375e-06
1354,40.1437483500049,49.372922,True,True,1.430511474609375e-06
1355,40.17700097800116,33.123462,True,True,1.430511474609375e-06
1356,40.20965438900748,32.566298,True,True,1.430511474609375e-06
1357,40.24238362599863,32.636075,True,True,1.430511474609375e-06
1358,40.27451021000161,32.044863,True,True,1.430511474609375e-06
1359,40.30173247400671,27.139028,True,True,1.430511474609375e-06
1360,40.34622180298902,44.390697,True,True,1.430511474609375e-06
1361,40.37885755300522,32.525404,True,True,1.430511474609375e-06
1362,40.39914324900019,20.204354,True,True,1.430511474609375e-06
1363,40.41773236799054,18.525721,True,True,1.430511474609375e-06
1364,40.43596907600295,18.177866,True,True,1.430511474609375e-06
1365,40.45417926000664,18.149825,True,True,1.430511474609375e-06
1366,40.47208038798999,17.844914,True,True,1.430511474609375e-06
1367,40.48990185800358,17.77068,True,True,1.430511474609375e-06
1368,40.5083499540051,18.398765,True,True,1.430511474609375e-06
1369,40.52632023100159,17.91872,True,True,1.430511474609375e-06
1370,40.5445406200015,18.170845,True,True,1.430511474609375e-06
1371,40.56249901099363,17.910335,True,True,1.430511474609375e-06
1372,40.587929667002754,25.379842,True,True,1.430511474609375e-06
1373,40.64221411399194,54.192195,True,True,1.430511474609375e-06
1374,40.669459247001214,27.111945,True,True,1.430511474609375e-06
1375,40.701357815996744,31.818653,True,True,1.430511474609375e-06
1376,40.73135833098786,29.906803,True,True,1.430511474609375e-06
1377,40.76415657799225,32.726827,True,True,1.430511474609375e-06
1378,40.79681306099519,32.569974,True,True,1.430511474609375e-06
1379,40.82934717999888,32.451686,True,True,1.430511474609375e-06
1380,40.86258253798587,33.147874,True,True,1.430511474609375e-06
1381,40.89477734698448,32.106968,True,True,1.430511474609375e-06
1382,40.927795439987676,32.939782,True,True,1.430511474609375e-06
1383,40.96018292999361,32.300127,True,True,1.430511474609375e-06
1384,40.99286567099625,32.607272,True,True,1.430511474609375e-06
1385,41.02597799600335,33.02465,True,True,1.430511474609375e-06
1386,41.0581777819898,32.10925,True,True,1.430511474609375e-06
1387,41.09034519598936,32.085719,True,True,1.430511474609375e-06
1388,41.13114993198542,40.720959,True,True,1.430511474609375e-06
1389,41.164944008982275,33.666158,True,True,1.430511474609375e-06
1390,41.19791379099479,32.883119,True,True,1.430511474609375e-06
1391,41.2302017280017,32.210592,True,True,1.430511474609375e-06
1392,41.26330118399346,33.014061,True,True,1.430511474609375e-06
1393,41.29551961898687,32.136575,True,True,1.430511474609375e-06
1394,41.32795988599537,32.353301,True,True,1.430511474609375e-06
1395,41.3601603040006,32.094813,True,True,1.430511474609375e-06
1396,41.38758601699374,27.327706,True,True,1.430511474609375e-06
1397,41.40581291998387,18.147168,True,True,1.430511474609375e-06
1398,41.42366590799065,17.798601,True,True,1.430511474609375e-06
1399,41.44151365099242,17.79247,True,True,1.430511474609375e-06
1400,41.459389858995564,17.827584,True,True,1.430511474609375e-06
1401,41.47750536899548,18.069148,True,True,1.430511474609375e-06
1402,41.49525588500546,17.703691,True,True,1.430511474609375e-06
1403,41.51314873600495,17.846087,True,True,1.430511474609375e-06
1404,41.53152134499396,18.328658,True,True,1.430511474609375e-06
1405,41.54960928100627,18.042121,True,True,1.430511474609375e-06
1406,41.56777324801078,18.104986,True,True,1.430511474609375e-06
1407,41.600358691008296,32.533557,True,True,1.430511474609375e-06
1408,41.65009599199402,49.61747,True,True,1.430511474609375e-06
1409,41.70059857200249,50.362844,True,True,1.430511474609375e-06
1410,41.73213255000883,31.398268,True,True,1.430511474609375e-06
1411,41.76213362600538,29.919247,True,True,1.430511474609375e-06
1412,41.79457619698951,32.359603,True,True,1.430511474609375e-06
1413,41.827522873005364,32.849989,True,True,1.430511474609375e-06
1414,41.86021105101099,32.583221,True,True,1.430511474609375e-06
1415,41.89284695699462,32.507399,True,True,1.430511474609375e-06
1416,41.92543426901102,32.482105,True,True,1.430511474609375e-06
1417,41.95825446600793,32.719374,True,True,1.430511474609375e-06
1418,41.99123257299652,32.86402,True,True,1.430511474609375e-06
1419,42.02398393198382,32.618689,True,True,1.430511474609375e-06
1420,42.05692276899936,32.848441,True,True,1.430511474609375e-06
1421,42.08908830600558,32.07497,True,True,1.430511474609375e-06
1422,42.130219771992415,41.050983,True,True,1.430511474609375e-06
1423,42.1628848130058,32.521008,True,True,1.430511474609375e-06
1424,42.19496967300074,31.995111,True,True,1.430511474609375e-06
1425,42.22751765200519,32.466575,True,True,1.430511474609375e-06
1426,42.25940862300922,31.805594,True,True,1.430511474609375e-06
1427,42.29191486799391,32.417726,True,True,1.430511474609375e-06
1428,42.3404661109962,48.471166,True,True,1.430511474609375e-06
1429,42.37281229600194,32.230608,True,True,1.430511474609375e-06
1430,42.393239997007186,20.345358,True,True,1.430511474609375e-06
1431,42.41104937798809,17.7473,True,True,1.430511474609375e-06
1432,42.428903346008155,17.803916,True,True,1.430511474609375e-06
1433,42.446850268985145,17.899507,True,True,1.430511474609375e-06
1434,42.464928370987764,18.032165,True,True,1.430511474609375e-06
1435,42.483127571002115,18.133796,True,True,1.430511474609375e-06
1436,42.50126555300085,18.079013,True,True,1.430511474609375e-06
1437,42.51935121900169,18.025738,True,True,1.430511474609375e-06
1438,42.53768313198816,18.28073,True,True,1.430511474609375e-06
1439,42.55570551200071,17.972694,True,True,1.430511474609375e-06
1440,42.580512162996456,24.757174,True,True,1.430511474609375e-06
1441,42.626214085990796,45.63858,True,True,1.430511474609375e-06
1442,42.66182635098812,35.475714,True,True,1.430511474609375e-06
1443,42.69202099199174,30.095102,True,True,1.430511474609375e-06
1444,42.724506731989095,32.417917,True,True,1.430511474609375e-06
1445,42.756665927008726,32.078398,True,True,1.430511474609375e-06
1446,42.78896422398975,32.206694,True,True,1.430511474609375e-06
1447,42.82141102699097,32.362338,True,True,1.430511474609375e-06
1448,42.85352464899188,32.029391,True,True,1.430511474609375e-06
1449,42.8863522039901,32.7197,True,True,1.430511474609375e-06
1450,42.919098930986365,32.642603,True,True,1.430511474609375e-06
1451,42.94644502099254,27.258155,True,True,1.430511474609375e-06
1452,42.99248063098639,45.962652,True,True,1.430511474609375e-06
1453,43.02408975799335,31.48967,True,True,1.430511474609375e-06
1454,43.05639306898229,32.231027,True,True,1.430511474609375e-06
1455,43.08839320400148,31.90573,True,True,1.430511474609375e-06
1456,43.13850401100353,50.023624,True,True,1.430511474609375e-06
1457,43.17087700299453,32.241945,True,True,1.430511474609375e-06
1458,43.20339429398882,32.44294,True,True,1.430511474609375e-06
1459,43.23558734499966,32.101132,True,True,1.430511474609375e-06
1460,43.26293760599219,27.245786,True,True,1.430511474609375e-06
1461,43.292462384997634,29.44134,True,True,1.430511474609375e-06
1462,43.323913712985814,31.377677,True,True,1.430511474609375e-06
1463,43.35608712598332,32.102291,True,True,1.430511474609375e-06
1464,43.3836643990071,27.500668,True,True,1.430511474609375e-06
1465,43.401774106983794,18.043207,True,True,1.430511474609375e-06
1466,43.419730219990015,17.895254,True,True,1.430511474609375e-06
1467,43.437625997990835,17.843729,True,True,1.430511474609375e-06
1468,43.455752832989674,18.074248,True,True,1.430511474609375e-06
1469,43.47364959199331,17.835655,True,True,1.430511474609375e-06
1470,43.491628596995724,17.92471,True,True,1.430511474609375e-06
1471,43.50977500900626,18.095929,True,True,1.430511474609375e-06
1472,43.5277612110076,17.93952,True,True,1.430511474609375e-06
1473,43.54580139799509,17.997485,True,True,1.430511474609375e-06
1474,43.563744862010935,17.890029,True,True,1.430511474609375e-06
1475,43.596528661000775,32.707196,True,True,1.430511474609375e-06
1476,43.65093923499808,54.29093,True,True,1.430511474609375e-06
1477,43.68300488998648,31.930369,True,True,1.430511474609375e-06
1478,43.71536972999456,32.263605,True,True,1.430511474609375e-06
1479,43.748024733009515,32.571887,True,True,1.430511474609375e-06
1480,43.780288206995465,32.177132,True,True,1.430511474609375e-06
1481,43.81228336499771,31.908221,True,True,1.430511474609375e-06
1482,43.854182437993586,41.794053,True,True,1.430511474609375e-06
1483,43.8860610940028,31.737915,True,True,1.430511474609375e-06
1484,43.9185140519985,32.36502,True,True,1.430511474609375e-06
1485,43.9515809630102,32.954697,True,True,1.430511474609375e-06
1486,43.983745356003055,32.018913,True,True,1.430511474609375e-06
1487,44.01629912399221,32.461118,True,True,1.430511474609375e-06
1488,44.04951687800349,33.108109,True,True,1.430511474609375e-06
1489,44.08179935198859,32.152403,True,True,1.430511474609375e-06
1490,44.13064641598612,48.773599,True,True,1.430511474609375e-06
1491,44.163259859982645,32.476056,True,True,1.430511474609375e-06
1492,44.1959100549866,32.56726,True,True,1.430511474609375e-06
1493,44.22278921198449,26.802753,True,True,1.430511474609375e-06
1494,44.252556855994044,29.697417,True,True,1.430511474609375e-06
1495,44.285391028999584,32.769422,True,True,1.430511474609375e-06
1496,44.31821276500705,32.738516,True,True,1.430511474609375e-06
1497,44.35005267499946,31.763956,True,True,1.430511474609375e-06
1498,44.37733952398412,27.212127,True,True,1.430511474609375e-06
1499,44.39547069199034,18.067847,True,True,1.430511474609375e-06
1500,44.413460877985926,17.933181,True,True,1.430511474609375e-06
1501,44.43149764899863,17.990408,True,True,1.430511474609375e-06
1502,44.44957210199209,18.024122,True,True,1.430511474609375e-06
1503,44.46761896600947,17.993708,True,True,1.430511474609375e-06
1504,44.4857045589888,18.02443,True,True,1.430511474609375e-06
1505,44.50395340000978,18.196636,True,True,1.430511474609375e-06
1506,44.52201448800042,18.010164,True,True,1.430511474609375e-06
1507,44.5400767189858,18.016404,True,True,1.430511474609375e-06
1508,44.55799636099255,17.871115,True,True,1.430511474609375e-06
1509,44.595239357993705,37.177214,True,True,1.430511474609375e-06
1510,44.63012734201038,34.777338,True,True,1.430511474609375e-06
1511,44.69297221599845,62.702547,True,True,1.430511474609375e-06
1512,44.725438909983495,32.335224,True,True,1.430511474609375e-06
1513,44.75814893899951,32.620124,True,True,1.430511474609375e-06
1514,44.78500095900381,26.754424,True,True,1.430511474609375e-06
1515,44.81538734398782,30.308225,True,True,1.430511474609375e-06
1516,44.84764900201117,32.169455,True,True,1.430511474609375e-06
1517,44.88021525298245,32.449948,True,True,1.430511474609375e-06
1518,44.91241631700541,32.117393,True,True,1.430511474609375e-06
1519,44.94462599098915,32.12573,True,True,1.430511474609375e-06
1520,44.97699798300164,32.285978,True,True,1.430511474609375e-06
1521,45.01752294000471,40.44556,True,True,1.430511474609375e-06
1522,45.047457206994295,29.824024,True,True,1.430511474609375e-06
1523,45.079982905997895,32.449141,True,True,1.430511474609375e-06
1524,45.128302605007775,48.23226,True,True,1.430511474609375e-06
1525,45.16252101698774,34.089525,True,True,1.430511474609375e-06
1526,45.19461327200406,32.00318,True,True,1.430511474609375e-06
1527,45.22768465799163,33.001837,True,True,1.430511474609375e-06
1528,45.26014026498888,32.369888,True,True,1.430511474609375e-06
1529,45.2924931460002,32.261302,True,True,1.430511474609375e-06
1530,45.32479033101117,32.21913,True,True,1.430511474609375e-06
1531,45.356803200003924,31.93079,True,True,1.430511474609375e-06
1532,45.38206438400084,25.17698,True,True,1.430511474609375e-06
1533,45.401687386009144,19.55821,True,True,1.430511474609375e-06
1534,45.42012722999789,18.383496,True,True,1.430511474609375e-06
1535,45.43839164599194,18.209396,True,True,1.430511474609375e-06
1536,45.456488733994775,18.050819,True,True,1.430511474609375e-06
1537,45.474350770993624,17.806575,True,True,1.430511474609375e-06
1538,45.492297433986096,17.88466,True,True,1.430511474609375e-06
1539,45.51074230798986,18.37734,True,True,1.430511474609375e-06
1540,45.52879351101001,17.950463,True,True,1.430511474609375e-06
1541,45.54667905898532,17.817762,True,True,1.430511474609375e-06
1542,45.56493712301017,18.210246,True,True,1.430511474609375e-06
1543,45.59717504499713,32.192286,True,True,1.430511474609375e-06
1544,45.64329705500859,46.011252,True,True,1.430511474609375e-06
1545,45.676794634986436,33.360412,True,True,1.430511474609375e-06
1546,45.70784615300363,30.934235,True,True,1.430511474609375e-06
1547,45.74088214500807,32.959106,True,True,1.430511474609375e-06
1548,45.772999378998065,32.038495,True,True,1.430511474609375e-06
1549,45.805537578999065,32.457028,True,True,1.430511474609375e-06
1550,45.83813825401012,32.516978,True,True,1.430511474609375e-06
1551,45.870618616987485,32.397103,True,True,1.430511474609375e-06
1552,45.90330758399796,32.589834,True,True,1.430511474609375e-06
1553,45.93560618298943,32.215316,True,True,1.430511474609375e-06
1554,45.96275101599167,27.063544,True,True,1.430511474609375e-06
1555,45.99223015198368,29.412142,True,True,1.430511474609375e-06
1556,46.02439575199969,32.09312,True,True,1.430511474609375e-06
1557,46.0570369589841,32.551337,True,True,1.430511474609375e-06
1558,46.08949935098644,32.378304,True,True,1.430511474609375e-06
1559,46.139063284994336,49.48341,True,True,1.430511474609375e-06
1560,46.1718094139942,32.608727,True,True,1.430511474609375e-06
1561,46.2048612049839,32.943946,True,True,1.430511474609375e-06
1562,46.2381242789852,33.125696,True,True,1.430511474609375e-06
1563,46.270683784998255,32.459704,True,True,1.430511474609375e-06
1564,46.30317544800346,32.377963,True,True,1.430511474609375e-06
1565,46.33024361799471,26.949177,True,True,1.430511474609375e-06
1566,46.36254647298483,32.211223,True,True,1.430511474609375e-06
1567,46.387484776001656,24.83257,True,True,1.430511474609375e-06
1568,46.405698843009304,18.141202,True,True,1.430511474609375e-06
1569,46.42387147198315,18.117313,True,True,1.430511474609375e-06
1570,46.44184341898654,17.923634,True,True,1.430511474609375e-06
1571,46.45976289099781,17.864948,True,True,1.430511474609375e-06
1572,46.47785376600223,18.036522,True,True,1.430511474609375e-06
1573,46.4957807759929,17.877137,True,True,1.430511474609375e-06
1574,46.51367345600738,17.838562,True,True,1.430511474609375e-06
1575,46.5315963900066,17.874473,True,True,1.430511474609375e-06
1576,46.54995424801018,18.306801,True,True,1.430511474609375e-06
1577,46.57498270799988,24.968615,True,True,1.430511474609375e-06
1578,46.624238474993035,49.153787,True,True,1.430511474609375e-06
1579,46.6711336899898,46.69729,True,True,1.430511474609375e-06
1580,46.703086745983455,31.823081,True,True,1.430511474609375e-06
1581,46.73671993400785,33.509405,True,True,1.430511474609375e-06
1582,46.7688269430073,31.968937,True,True,1.430511474609375e-06
1583,46.80163480099873,32.721182,True,True,1.430511474609375e-06
1584,46.83412004899583,32.384889,True,True,1.430511474609375e-06
1585,46.86680034498568,32.594582,True,True,1.430511474609375e-06
1586,46.8994879439997,32.599948,True,True,1.430511474609375e-06
1587,46.931983474001754,32.40603,True,True,1.430511474609375e-06
1588,46.96448960498674,32.423837,True,True,1.430511474609375e-06
1589,46.997183514002245,32.61004,True,True,1.430511474609375e-06
1590,47.02395061799325,26.682415,True,True,1.430511474609375e-06
1591,47.054211604990996,30.190702,True,True,1.430511474609375e-06
1592,47.08642184600467,32.13388,True,True,1.430511474609375e-06
1593,47.13543338200543,48.915716,True,True,1.430511474609375e-06
1594,47.16745436799829,31.889839,True,True,1.430511474609375e-06
1595,47.20069574000081,33.163838,True,True,1.430511474609375e-06
1596,47.23316670500208,32.382594,True,True,1.430511474609375e-06
1597,47.26593015200342,32.682785,True,True,1.430511474609375e-06
1598,47.29832576098852,32.316041,True,True,1.430511474609375e-06
1599,47.3307624720037,32.354521,True,True,1.430511474609375e-06
1600,47.35763963099453,26.763054,True,True,1.430511474609375e-06
1601,47.38313136799843,25.420224,True,True,1.430511474609375e-06
1602,47.40117098100018,17.980527,True,True,1.430511474609375e-06
1603,47.41908501798753,17.862877,True,True,1.430511474609375e-06
1604,47.43703476100927,17.904031,True,True,1.430511474609375e-06
1605,47.45487933998811,17.798671,True,True,1.430511474609375e-06
1606,47.47286753699882,17.93445,True,True,1.430511474609375e-06
1607,47.490736550011206,17.815094,True,True,1.430511474609375e-06
1608,47.50892221799586,18.130994,True,True,1.430511474609375e-06
1609,47.52692324199597,17.955517,True,True,1.430511474609375e-06
1610,47.54493097899831,17.960593,True,True,1.430511474609375e-06
1611,47.570250115997624,25.272638,True,True,1.430511474609375e-06
1612,47.60732327098958,37.005342,True,True,1.430511474609375e-06
1613,47.64900658998522,41.585029,True,True,1.430511474609375e-06
1614,47.68223933398258,33.093795,True,True,1.430511474609375e-06
1615,47.71380603898433,31.465342,True,True,1.430511474609375e-06
1616,47.74627562300884,32.39707,True,True,1.430511474609375e-06
1617,47.77920285600703,32.849375,True,True,1.430511474609375e-06
1618,47.81147275300464,32.191584,True,True,1.430511474609375e-06
1619,47.84481319700717,33.257462,True,True,1.430511474609375e-06
1620,47.877520760986954,32.605879,True,True,1.430511474609375e-06
1621,47.91023390000919,32.60826,True,True,1.430511474609375e-06
1622,47.94273339098436,32.39664,True,True,1.430511474609375e-06
1623,47.97532833000878,32.501439,True,True,1.430511474609375e-06
1624,48.00804912298918,32.62464,True,True,1.430511474609375e-06
1625,48.034913654992124,26.762729,True,True,1.430511474609375e-06
1626,48.06506920399261,30.076923,True,True,1.430511474609375e-06
1627,48.09736026698374,32.214028,True,True,1.430511474609375e-06
1628,48.14725196699146,49.795778,True,True,1.430511474609375e-06
1629,48.18024717801018,32.861001,True,True,1.430511474609375e-06
1630,48.212388120999094,32.040063,True,True,1.430511474609375e-06
1631,48.245074584003305,32.599824,True,True,1.430511474609375e-06
1632,48.29418090698891,49.003515,True,True,1.430511474609375e-06
1633,48.326602243003435,32.29476,True,True,1.430511474609375e-06
1634,48.359368137986166,32.67943,True,True,1.430511474609375e-06
1635,48.38645898498362,26.991088,True,True,1.430511474609375e-06
1636,48.40457221498946,18.035144,True,True,1.430511474609375e-06
1637,48.422691574989585,18.064187,True,True,1.430511474609375e-06
1638,48.440823702985654,18.074349,True,True,1.430511474609375e-06
1639,48.4589117919968,18.036037,True,True,1.430511474609375e-06
1640,48.477003242005594,18.039095,True,True,1.430511474609375e-06
1641,48.49526385398349,18.210155,True,True,1.430511474609375e-06
1642,48.513318773999345,18.004743,True,True,1.430511474609375e-06
1643,48.53132983998512,17.964363,True,True,1.430511474609375e-06
1644,48.54941550799413,18.033912,True,True,1.430511474609375e-06
1645,48.5679261579935,18.441855,True,True,1.430511474609375e-06
1646,48.60008504099096,32.101847,True,True,1.430511474609375e-06
1647,48.63257929700194,32.370511,True,True,1.430511474609375e-06
1648,48.68069224298233,47.982322,True,True,1.430511474609375e-06
1649,48.71233331799158,31.506097,True,True,1.430511474609375e-06
1650,48.7420726660057,29.661052,True,True,1.430511474609375e-06
1651,48.774766738992184,32.628408,True,True,1.430511474609375e-06
1652,48.80692534899572,32.076421,True,True,1.430511474609375e-06
1653,48.839145750011085,32.140644,True,True,1.430511474609375e-06
1654,48.87147406800068,32.249254,True,True,1.430511474609375e-06
1655,48.90416031400673,32.606678,True,True,1.430511474609375e-06
1656,48.95356567300041,49.313346,True,True,1.430511474609375e-06
1657,48.9854352499824,31.761975,True,True,1.430511474609375e-06
1658,49.01352564099943,28.006529,True,True,1.430511474609375e-06
1659,49.04281687998446,29.210602,True,True,1.430511474609375e-06
1660,49.07556659699185,32.686256,True,True,1.430511474609375e-06
1661,49.10847235500114,32.817878,True,True,1.430511474609375e-06
1662,49.15723325300496,48.55279,True,True,1.430511474609375e-06
1663,49.189399431983475,32.040827,True,True,1.430511474609375e-06
1664,49.222256350010866,32.764826,True,True,1.430511474609375e-06
1665,49.25525300798472,32.877887,True,True,1.430511474609375e-06
1666,49.28766697100946,32.3335,True,True,1.430511474609375e-06
1667,49.32076706900261,33.0012,True,True,1.430511474609375e-06
1668,49.35287155400147,31.970961,True,True,1.430511474609375e-06
1669,49.3796420939907,26.687768,True,True,1.430511474609375e-06
1670,49.39765699498821,17.948272,True,True,1.430511474609375e-06
1671,49.41582780200406,18.110628,True,True,1.430511474609375e-06
1672,49.43395382500603,18.07734,True,True,1.430511474609375e-06
1673,49.45203448299435,18.025486,True,True,1.430511474609375e-06
1674,49.46998175999033,17.899257,True,True,1.430511474609375e-06
1675,49.4877981999889,17.765336,True,True,1.430511474609375e-06
1676,49.50573731100303,17.888774,True,True,1.430511474609375e-06
1677,49.52384941800847,18.064785,True,True,1.430511474609375e-06
1678,49.54155669800821,17.663378,True,True,1.430511474609375e-06
1679,49.55938379300642,17.784304,True,True,1.430511474609375e-06
1680,49.612934495991794,53.504898,True,True,1.430511474609375e-06
1681,49.63820399300312,25.1485,True,True,1.430511474609375e-06
1682,49.68733817699831,49.047412,True,True,1.430511474609375e-06
1683,49.72003422200214,32.565262,True,True,1.430511474609375e-06
1684,49.75275408400921,32.629113,True,True,1.430511474609375e-06
1685,49.784937132004416,32.098661,True,True,1.430511474609375e-06
1686,49.81709928298369,32.078833,True,True,1.430511474609375e-06
1687,49.849930316006066,32.749504,True,True,1.430511474609375e-06
1688,49.88277717598248,32.764394,True,True,1.430511474609375e-06
1689,49.91521622298751,32.354733,True,True,1.430511474609375e-06
1690,49.94793382799253,32.640305,True,True,1.430511474609375e-06
1691,49.979934030008735,31.922029,True,True,1.430511474609375e-06
1692,50.00709733500844,27.079925,True,True,1.430511474609375e-06
1693,50.03717494098237,30.002469,True,True,1.430511474609375e-06
1694,50.0701271519938,32.884556,True,True,1.430511474609375e-06
1695,50.10232465600711,32.115733,True,True,1.430511474609375e-06
1696,50.1516352930048,49.223149,True,True,1.430511474609375e-06
1697,50.18410236900672,32.32786,True,True,1.430511474609375e-06
1698,50.216765040007886,32.588836,True,True,1.430511474609375e-06
1699,50.24891620699782,32.074589,True,True,1.430511474609375e-06
1700,50.28147600698867,32.471824,True,True,1.430511474609375e-06
1701,50.31363874700037,32.077201,True,True,1.430511474609375e-06
1702,50.340567637002096,26.838281,True,True,1.430511474609375e-06
1703,50.37019147598767,29.560379,True,True,1.430511474609375e-06
1704,50.390474590996746,20.222165,True,True,1.430511474609375e-06
1705,50.40861388898338,18.080633,True,True,1.430511474609375e-06
1706,50.43617889098823,27.512111,True,True,1.430511474609375e-06
1707,50.455148345005,18.872142,True,True,1.430511474609375e-06
1708,50.473290938010905,18.07831,True,True,1.430511474609375e-06
1709,50.491234910005005,17.885454,True,True,1.430511474609375e-06
1710,50.50921176900738,17.922553,True,True,1.430511474609375e-06
1711,50.52726598500158,18.008431,True,True,1.430511474609375e-06
1712,50.54528993400163,17.97326,True,True,1.430511474609375e-06
1713,50.56896183700883,23.624415,True,True,1.430511474609375e-06
1714,50.595960490987636,26.927622,True,True,1.430511474609375e-06
1715,50.62632889600354,30.259433,True,True,1.430511474609375e-06
1716,50.67501729799551,48.610195,True,True,1.430511474609375e-06
1717,50.707776903989725,32.623167,True,True,1.430511474609375e-06
1718,50.739619209984085,31.742627,True,True,1.430511474609375e-06
1719,50.77208111199434,32.39026,True,True,1.430511474609375e-06
1720,50.804984207992675,32.816912,True,True,1.430511474609375e-06
1721,50.83737688799738,32.308054,True,True,1.430511474609375e-06
1722,50.86943690699991,31.973626,True,True,1.430511474609375e-06
1723,50.89632469799835,26.795393,True,True,1.430511474609375e-06
1724,50.92604340298567,29.626152,True,True,1.430511474609375e-06
1725,50.95858940799371,32.480498,True,True,1.430511474609375e-06
1726,50.99120538099669,32.526131,True,True,1.430511474609375e-06
1727,51.023585151997395,32.262876,True,True,1.430511474609375e-06
1728,51.056587922998006,32.912726,True,True,1.430511474609375e-06
1729,51.089616773999296,32.94798,True,True,1.430511474609375e-06
1730,51.13917815301102,49.467485,True,True,1.430511474609375e-06
1731,51.1718524399912,32.537561,True,True,1.430511474609375e-06
1732,51.2046324069961,32.676899,True,True,1.430511474609375e-06
1733,51.237531202990795,32.783709,True,True,1.430511474609375e-06
1734,51.28646469899104,48.835045,True,True,1.430511474609375e-06
1735,51.31362764298683,27.04495,True,True,1.430511474609375e-06
1736,51.345818103000056,32.104811,True,True,1.430511474609375e-06
1737,51.37622335299966,30.30449,True,True,1.430511474609375e-06
1738,51.396382679988164,20.085358,True,True,1.430511474609375e-06
1739,51.414483119995566,18.038268,True,True,1.430511474609375e-06
1740,51.43316998198861,18.629871,True,True,1.430511474609375e-06
1741,51.451236452005105,18.010277,True,True,1.430511474609375e-06
1742,51.46933469999931,18.049312,True,True,1.430511474609375e-06
1743,51.48735937901074,17.96859,True,True,1.430511474609375e-06
1744,51.50520929999766,17.797308,True,True,1.430511474609375e-06
1745,51.52317132198368,17.910765,True,True,1.430511474609375e-06
1746,51.54118135999306,17.960548,True,True,1.430511474609375e-06
1747,51.558925530000124,17.697183,True,True,1.430511474609375e-06
1748,51.59184737200849,32.873365,True,True,1.430511474609375e-06
1749,51.62384277099045,31.875179,True,True,1.430511474609375e-06
1750,51.65432257100474,30.390196,True,True,1.430511474609375e-06
1751,51.70312186900992,48.692827,True,True,1.430511474609375e-06
1752,51.73644068199792,33.181344,True,True,1.430511474609375e-06
1753,51.76889034800115,32.348216,True,True,1.430511474609375e-06
1754,51.801580792991444,32.596721,True,True,1.430511474609375e-06
1755,51.834536534006475,32.8178,True,True,1.430511474609375e-06
1756,51.86732738700812,32.684303,True,True,1.430511474609375e-06
1757,51.899615458009066,32.170395,True,True,1.430511474609375e-06
1758,51.93198463699082,32.286162,True,True,1.430511474609375e-06
1759,51.964886425004806,32.805627,True,True,1.430511474609375e-06
1760,51.992039656994166,27.055226,True,True,1.430511474609375e-06
1761,52.02144428199972,29.310081,True,True,1.430511474609375e-06
1762,52.053618659003405,32.100879,True,True,1.430511474609375e-06
1763,52.086078800988616,32.34278,True,True,1.430511474609375e-06
1764,52.13536577898776,49.178187,True,True,1.430511474609375e-06
1765,52.16743060099543,31.928988,True,True,1.430511474609375e-06
1766,52.200523507985054,33.00398,True,True,1.430511474609375e-06
1767,52.232936885993695,32.277581,True,True,1.430511474609375e-06
1768,52.26529301999835,32.274757,True,True,1.430511474609375e-06
1769,52.29835076298332,32.947361,True,True,1.430511474609375e-06
1770,52.32551691000117,27.061741,True,True,1.430511474609375e-06
1771,52.35767839700566,32.081838,True,True,1.430511474609375e-06
1772,52.38258781499462,24.803824,True,True,1.430511474609375e-06
1773,52.400883950002026,18.228334,True,True,1.430511474609375e-06
1774,52.41932503200951,18.375195,True,True,1.430511474609375e-06
1775,52.438802614982706,18.964712,True,True,1.430511474609375e-06
1776,52.45672786599607,17.870324,True,True,1.430511474609375e-06
1777,52.47531686499133,18.533424,True,True,1.430511474609375e-06
1778,52.493448569992324,18.071912,True,True,1.430511474609375e-06
1779,52.511438615008956,17.940041,True,True,1.430511474609375e-06
1780,52.52927631398779,17.791203,True,True,1.430511474609375e-06
1781,52.547307073982665,17.981341,True,True,1.430511474609375e-06
1782,52.572183854994364,24.827251,True,True,1.430511474609375e-06
1783,52.610079531994415,37.826773,True,True,1.430511474609375e-06
1784,52.64235105799162,32.170295,True,True,1.430511474609375e-06
1785,52.6864799259929,44.020989,True,True,1.430511474609375e-06
1786,52.71544274900225,28.827694,True,True,1.430511474609375e-06
1787,52.74761854798999,32.095342,True,True,1.430511474609375e-06
1788,52.78079558300669,33.097251,True,True,1.430511474609375e-06
1789,52.81313431498711,32.257992,True,True,1.430511474609375e-06
1790,52.84603022498777,32.783265,True,True,1.430511474609375e-06
1791,52.878925750992494,32.792125,True,True,1.430511474609375e-06
1792,52.91127184900688,32.250761,True,True,1.430511474609375e-06
1793,52.94490237100399,33.538143,True,True,1.430511474609375e-06
1794,52.97834559198236,33.307734,True,True,1.430511474609375e-06
1795,53.01156745199114,33.104366,True,True,1.430511474609375e-06
1796,53.044681561994366,32.964851,True,True,1.430511474609375e-06
1797,53.077626723999856,32.822597,True,True,1.430511474609375e-06
1798,53.112328262010124,34.6026,True,True,1.430511474609375e-06
1799,53.15953445300693,47.067484,True,True,1.430511474609375e-06
1800,53.20886301700375,49.204871,True,True,1.430511474609375e-06
1801,53.23606280100648,27.079891,True,True,1.430511474609375e-06
1802,53.268166560999816,32.009557,True,True,1.430511474609375e-06
1803,53.298978373000864,30.712831,True,True,1.430511474609375e-06
1804,53.33117872598814,32.117555,True,True,1.430511474609375e-06
1805,53.363666758988984,32.413289,True,True,1.430511474609375e-06
1806,53.391509470995516,27.76191,True,True,1.430511474609375e-06
1807,53.40977806498995,18.20406,True,True,1.430511474609375e-06
1808,53.428342116007116,18.510192,True,True,1.430511474609375e-06
1809,53.446405339986086,18.01169,True,True,1.430511474609375e-06
1810,53.46445388300344,18.001756,True,True,1.430511474609375e-06
1811,53.48288728098851,18.387785,True,True,1.430511474609375e-06
1812,53.501169324998045,18.229637,True,True,1.430511474609375e-06
1813,53.51933494198602,18.119458,True,True,1.430511474609375e-06
1814,53.53732037299778,17.938631,True,True,1.430511474609375e-06
1815,53.55539702399983,18.031339,True,True,1.430511474609375e-06
1816,53.57852052699309,23.081343,True,True,1.430511474609375e-06
1817,53.61096801899839,32.37052,True,True,1.430511474609375e-06
1818,53.64352820799104,32.45415,True,True,1.430511474609375e-06
1819,53.69265139900381,48.984269,True,True,1.430511474609375e-06
1820,53.719877730996814,27.085034,True,True,1.430511474609375e-06
1821,53.74915329099167,29.192296,True,True,1.430511474609375e-06
1822,53.780895245989086,31.656648,True,True,1.430511474609375e-06
1823,53.81311087400536,32.142326,True,True,1.430511474609375e-06
1824,53.84627613698831,33.041401,True,True,1.430511474609375e-06
1825,53.879751202010084,33.34693,True,True,1.430511474609375e-06
1826,53.912398918007966,32.540731,True,True,1.430511474609375e-06
1827,53.94495324799209,32.455337,True,True,1.430511474609375e-06
1828,53.977848243986955,32.792827,True,True,1.430511474609375e-06
1829,54.010742646991275,32.792343,True,True,1.430511474609375e-06
1830,54.04340628898353,32.545122,True,True,1.430511474609375e-06
1831,54.07683277898468,33.298786,True,True,1.430511474609375e-06
1832,54.11194085300667,35.002551,True,True,1.430511474609375e-06
1833,54.15908223998849,47.016022,True,True,1.430511474609375e-06
1834,54.19190341499052,32.687182,True,True,1.430511474609375e-06
1835,54.21882461398491,26.845854,True,True,1.430511474609375e-06
1836,54.249136856000405,30.244246,True,True,1.430511474609375e-06
1837,54.281086334987776,31.870951,True,True,1.430511474609375e-06
1838,54.313680282997666,32.491393,True,True,1.430511474609375e-06
1839,54.34628887998406,32.504534,True,True,1.430511474609375e-06
1840,54.37905687498278,32.670948,True,True,1.430511474609375e-06
1841,54.399627729988424,20.476247,True,True,1.430511474609375e-06
1842,54.417818134999834,18.122626,True,True,1.430511474609375e-06
1843,54.43594964899239,18.075236,True,True,1.430511474609375e-06
1844,54.45450190998963,18.484236,True,True,1.430511474609375e-06
1845,54.47259668298648,18.034142,True,True,1.430511474609375e-06
1846,54.49120061000576,18.544527,True,True,1.430511474609375e-06
1847,54.509454265993554,18.189239,True,True,1.430511474609375e-06
1848,54.52753391300212,18.032359,True,True,1.430511474609375e-06
1849,54.54567604200565,18.094864,True,True,1.430511474609375e-06
1850,54.56385468199733,18.130223,True,True,1.430511474609375e-06
1851,54.59435273701092,30.434461,True,True,1.430511474609375e-06
1852,54.626943360985024,32.497897,True,True,1.430511474609375e-06
1853,54.659753207000904,32.704676,True,True,1.430511474609375e-06
1854,54.703554228006396,43.690243,True,True,1.430511474609375e-06
1855,54.73250924400054,28.817225,True,True,1.430511474609375e-06
1856,54.76361189599265,31.018413,True,True,1.430511474609375e-06
1857,54.79690911000944,33.209541,True,True,1.430511474609375e-06
1858,54.8299945309991,32.997192,True,True,1.430511474609375e-06
1859,54.879227233002894,49.131604,True,True,1.430511474609375e-06
1860,54.91193111400935,32.575832,True,True,1.430511474609375e-06
1861,54.94550169201102,33.45075,True,True,1.430511474609375e-06
1862,54.979171274986584,33.530953,True,True,1.430511474609375e-06
1863,55.01153679998242,32.227574,True,True,1.430511474609375e-06
1864,55.04480024098302,33.156468,True,True,1.430511474609375e-06
1865,55.07799848000286,33.090775,True,True,1.430511474609375e-06
1866,55.11311130100512,34.99638,True,True,1.430511474609375e-06
1867,55.15988220600411,46.633157,True,True,1.430511474609375e-06
1868,55.19325911800843,33.238758,True,True,1.430511474609375e-06
1869,55.22515199199552,31.783216,True,True,1.430511474609375e-06
1870,55.264167604997056,38.911182,True,True,1.430511474609375e-06
1871,55.29667244499433,32.377976,True,True,1.430511474609375e-06
1872,55.33029512700159,33.515047,True,True,1.430511474609375e-06
1873,55.363306707993615,32.913359,True,True,1.430511474609375e-06
1874,55.39068816098734,27.298711,True,True,1.430511474609375e-06
1875,55.4088068229903,18.048156,True,True,1.430511474609375e-06
1876,55.42713907099096,18.275377,True,True,1.430511474609375e-06
1877,55.4457822710101,18.588883,True,True,1.430511474609375e-06
1878,55.46391574098379,18.069187,True,True,1.430511474609375e-06
1879,55.482113856996875,18.143817,True,True,1.430511474609375e-06
1880,55.500213628984056,18.038055,True,True,1.430511474609375e-06
1881,55.52627411298454,26.010591,True,True,1.430511474609375e-06
1882,55.54776668600971,21.387534,True,True,1.430511474609375e-06
1883,55.566121206007665,18.28312,True,True,1.430511474609375e-06
1884,55.59678842598805,30.605954,True,True,1.430511474609375e-06
1885,55.62952637698618,32.641114,True,True,1.430511474609375e-06
1886,55.66160895698704,31.959382,True,True,1.430511474609375e-06
1887,55.71144065799308,49.738867,True,True,1.430511474609375e-06
1888,55.74437383498298,32.799936,True,True,1.430511474609375e-06
1889,55.77680795098422,32.340744,True,True,1.430511474609375e-06
1890,55.80913293900085,32.231188,True,True,1.430511474609375e-06
1891,55.841526147007244,32.310124,True,True,1.430511474609375e-06
1892,55.868431476992555,26.799639,True,True,1.430511474609375e-06
1893,55.89845865601092,29.930152,True,True,1.430511474609375e-06
1894,55.93086251299246,32.32259,True,True,1.430511474609375e-06
1895,55.96332340699155,32.356263,True,True,1.430511474609375e-06
1896,55.996009655995294,32.595972,True,True,1.430511474609375e-06
1897,56.02913659700425,33.000582,True,True,1.430511474609375e-06
1898,56.06218940299004,32.942853,True,True,1.430511474609375e-06
1899,56.09438832098385,32.074308,True,True,1.430511474609375e-06
1900,56.143466437992174,48.986988,True,True,1.430511474609375e-06
1901,56.17614264501026,32.550491,True,True,1.430511474609375e-06
1902,56.218961748003494,42.726849,True,True,1.430511474609375e-06
1903,56.251495387987234,32.442695,True,True,1.430511474609375e-06
1904,56.28123808698729,29.642697,True,True,1.430511474609375e-06
1905,56.31418977500289,32.880717,True,True,1.430511474609375e-06
1906,56.34636187899741,32.088122,True,True,1.430511474609375e-06
1907,56.378729841002496,32.244261,True,True,1.430511474609375e-06
1908,56.39959467598237,20.778655,True,True,1.430511474609375e-06
1909,56.41797929198947,18.295649,True,True,1.430511474609375e-06
1910,56.43638376600575,18.328734,True,True,1.430511474609375e-06
1911,56.45480289499392,18.351114,True,True,1.430511474609375e-06
1912,56.47309650699026,18.238373,True,True,1.430511474609375e-06
1913,56.4912733649835,18.113483,True,True,1.430511474609375e-06
1914,56.50944955000887,18.065346,True,True,1.430511474609375e-06
1915,56.527605068986304,18.084978,True,True,1.430511474609375e-06
1916,56.54543724199175,17.777829,True,True,1.430511474609375e-06
1917,56.563463790982496,17.966942,True,True,1.430511474609375e-06
1918,56.593284750997555,29.771171,True,True,1.430511474609375e-06
1919,56.626586309983395,33.187898,True,True,1.430511474609375e-06
1920,56.6584180869977,31.69265,True,True,1.430511474609375e-06
1921,56.70810866300599,49.592846,True,True,1.430511474609375e-06
1922,56.740741588000674,32.497373,True,True,1.430511474609375e-06
1923,56.77287080400856,32.026991,True,True,1.430511474609375e-06
1924,56.80509656301001,32.142379,True,True,1.430511474609375e-06
1925,56.83845640398795,33.259061,True,True,1.430511474609375e-06
1926,56.871074987982865,32.535613,True,True,1.430511474609375e-06
1927,56.9033678539854,32.207683,True,True,1.430511474609375e-06
1928,56.936063361004926,32.584003,True,True,1.430511474609375e-06
1929,56.96303257098771,26.877765,True,True,1.430511474609375e-06
1930,57.00679018499795,43.68386,True,True,1.430511474609375e-06
1931,57.056867942010285,49.94292,True,True,1.430511474609375e-06
1932,57.08891412400408,31.942506,True,True,1.430511474609375e-06
1933,57.13862831398728,49.639213,True,True,1.430511474609375e-06
1934,57.1716017209983,32.837147,True,True,1.430511474609375e-06
1935,57.20375686799525,32.061344,True,True,1.430511474609375e-06
1936,57.23573602200486,31.900863,True,True,1.430511474609375e-06
1937,57.26288182698772,27.07364,True,True,1.430511474609375e-06
1938,57.29328986199107,30.347287,True,True,1.430511474609375e-06
1939,57.325186989997746,31.83319,True,True,1.430511474609375e-06
1940,57.35832145001041,33.041845,True,True,1.430511474609375e-06
1941,57.3853568219929,26.951545,True,True,1.430511474609375e-06
1942,57.40333197498694,17.910707,True,True,1.430511474609375e-06
1943,57.42138487499324,17.993809,True,True,1.430511474609375e-06
1944,57.43951828998979,18.084921,True,True,1.430511474609375e-06
1945,57.45754689601017,17.978554,True,True,1.430511474609375e-06
1946,57.47542625898495,17.832901,True,True,1.430511474609375e-06
1947,57.49350406799931,18.022198,True,True,1.430511474609375e-06
1948,57.51153520200751,17.979,True,True,1.430511474609375e-06
1949,57.52956219299813,17.977324,True,True,1.430511474609375e-06
1950,57.54772056400543,18.11081,True,True,1.430511474609375e-06
1951,57.57055735299946,22.780809,True,True,1.430511474609375e-06
1952,57.59736181900371,26.737522,True,True,1.430511474609375e-06
1953,57.63440891398932,36.979451,True,True,1.430511474609375e-06
1954,57.66689006899833,32.387201,True,True,1.430511474609375e-06
1955,57.71597897200263,48.99149,True,True,1.430511474609375e-06
1956,57.74884909298271,32.736647,True,True,1.430511474609375e-06
1957,57.78169680899009,32.764001,True,True,1.430511474609375e-06
1958,57.813778670999454,31.998157,True,True,1.430511474609375e-06
1959,57.84108687800472,27.229295,True,True,1.430511474609375e-06
1960,57.88726415100973,46.11203,True,True,1.430511474609375e-06
1961,57.91908530998626,31.70188,True,True,1.430511474609375e-06
1962,57.9517945080006,32.629671,True,True,1.430511474609375e-06
1963,57.98470929599716,32.809207,True,True,1.430511474609375e-06
1964,58.01700534799602,32.193418,True,True,1.430511474609375e-06
1965,58.049598195008,32.497662,True,True,1.430511474609375e-06
1966,58.08231892998447,32.618979,True,True,1.430511474609375e-06
1967,58.12005811498966,37.644257,True,True,1.430511474609375e-06
1968,58.163315037003485,43.116884,True,True,1.430511474609375e-06
1969,58.190562194999075,27.12316,True,True,1.430511474609375e-06
1970,58.2207239769923,30.079375,True,True,1.430511474609375e-06
1971,58.25350869598333,32.704593,True,True,1.430511474609375e-06
1972,58.286504874995444,32.886597,True,True,1.430511474609375e-06
1973,58.31884772199555,32.204994,True,True,1.430511474609375e-06
1974,58.35080670999014,31.86875,True,True,1.430511474609375e-06
1975,58.37837554799626,27.484528,True,True,1.430511474609375e-06
1976,58.39658270298969,18.127642,True,True,1.430511474609375e-06
1977,58.41462726399186,17.984786,True,True,1.430511474609375e-06
1978,58.43283888100996,18.161801,True,True,1.430511474609375e-06
1979,58.451040821993956,18.141709,True,True,1.430511474609375e-06
1980,58.46904898399953,17.958299,True,True,1.430511474609375e-06
1981,58.48681421999936,17.711796,True,True,1.430511474609375e-06
1982,58.50478708700393,17.916115,True,True,1.430511474609375e-06
1983,58.52260161700542,17.764995,True,True,1.430511474609375e-06
1984,58.540747799997916,18.09737,True,True,1.430511474609375e-06
1985,58.558791293005925,17.991666,True,True,1.430511474609375e-06
1986,58.59088711699587,32.015212,True,True,1.430511474609375e-06
1987,58.628940724011045,37.932777,True,True,1.430511474609375e-06
1988,58.66128686099546,32.21257,True,True,1.430511474609375e-06
1989,58.69618058699416,34.793329,True,True,1.430511474609375e-06
1990,58.743016630993225,46.693276,True,True,1.430511474609375e-06
1991,58.77523497698712,32.103476,True,True,1.430511474609375e-06
1992,58.802391606994206,27.074673,True,True,1.430511474609375e-06
1993,58.832423818006646,29.961125,True,True,1.430511474609375e-06
1994,58.86475725998753,32.268144,True,True,1.430511474609375e-06
1995,58.897222120984225,32.379862,True,True,1.430511474609375e-06
1996,58.92910482300795,31.794602,True,True,1.430511474609375e-06
1997,58.961355770006776,32.163567,True,True,1.430511474609375e-06
1998,58.99429210400558,32.855439,True,True,1.430511474609375e-06
1999,59.02682513400214,32.450774,True,True,1.430511474609375e-06
2000,59.05893344100332,32.025928,True,True,1.430511474609375e-06
2001,59.085750238999026,26.734426,True,True,1.430511474609375e-06
2002,59.13135167400469,45.531348,True,True,1.430511474609375e-06
2003,59.165071624011034,33.589908,True,True,1.430511474609375e-06
2004,59.19834970499505,33.189911,True,True,1.430511474609375e-06
2005,59.230693718011025,32.257011,True,True,1.430511474609375e-06
2006,59.26366000500275,32.870683,True,True,1.430511474609375e-06
2007,59.295808973984094,32.064626,True,True,1.430511474609375e-06
2008,59.32869878099882,32.804621,True,True,1.430511474609375e-06
2009,59.36149367399048,32.706749,True,True,1.430511474609375e-06
2010,59.38852427198435,26.953881,True,True,1.430511474609375e-06
2011,59.40674883298925,18.160019,True,True,1.430511474609375e-06
2012,59.42461898698821,17.811289,True,True,1.430511474609375e-06
2013,59.442641753004864,17.958293,True,True,1.430511474609375e-06
2014,59.46071232800023,18.018544,True,True,1.430511474609375e-06
2015,59.47870935499668,17.946243,True,True,1.430511474609375e-06
2016,59.496989704988664,18.229167,True,True,1.430511474609375e-06
2017,59.515012424002634,17.974516,True,True,1.430511474609375e-06
2018,59.53309561999049,18.03591,True,True,1.430511474609375e-06
2019,59.55092327500461,17.781557,True,True,1.430511474609375e-06
2020,59.568982914002845,18.008963,True,True,1.430511474609375e-06
2021,59.60168310900917,32.653102,True,True,1.430511474609375e-06
2022,59.638819763000356,37.02907,True,True,1.430511474609375e-06
2023,59.6711323549971,32.219342,True,True,1.430511474609375e-06
2024,59.720356072997674,49.129364,True,True,1.430511474609375e-06
2025,59.75246636499651,31.97966,True,True,1.430511474609375e-06
2026,59.79079358599847,38.250271,True,True,1.430511474609375e-06
2027,59.82638371401117,35.47633,True,True,1.430511474609375e-06
2028,59.85874232900096,32.258015,True,True,1.430511474609375e-06
2029,59.891882289986825,33.057331,True,True,1.430511474609375e-06
2030,59.924342980986694,32.36954,True,True,1.430511474609375e-06
2031,59.9563690389914,31.94971,True,True,1.430511474609375e-06
2032,59.98923606600147,32.788622,True,True,1.430511474609375e-06
2033,60.02250474400353,33.121023,True,True,1.430511474609375e-06
2034,60.07076469500316,48.118629,True,True,1.430511474609375e-06
2035,60.10274387800018,31.856526,True,True,1.430511474609375e-06
2036,60.147945607983274,45.093404,True,True,1.430511474609375e-06
2037,60.177050383004826,28.969282,True,True,1.430511474609375e-06
2038,60.20879978800076,31.621964,True,True,1.430511474609375e-06
2039,60.24146308499621,32.547037,True,True,1.430511474609375e-06
2040,60.27488697899389,33.31534,True,True,1.430511474609375e-06
2041,60.307844725000905,32.852184,True,True,1.430511474609375e-06
2042,60.340794833988184,32.813028,True,True,1.430511474609375e-06
2043,60.374280761985574,33.378722,True,True,1.430511474609375e-06
2044,60.3945531869831,20.177265,True,True,1.430511474609375e-06
2045,60.412829946988495,18.208987,True,True,1.430511474609375e-06
2046,60.43119646998821,18.300689,True,True,1.430511474609375e-06
2047,60.44917940499727,17.929919,True,True,1.430511474609375e-06
2048,60.46703546700883,17.802439,True,True,1.430511474609375e-06
2049,60.484961688984185,17.876545,True,True,1.430511474609375e-06
2050,60.50293463500566,17.926466,True,True,1.430511474609375e-06
2051,60.52067392799654,17.696093,True,True,1.430511474609375e-06
2052,60.53868252001121,17.966038,True,True,1.430511474609375e-06
2053,60.557087139983196,18.35956,True,True,1.430511474609375e-06
2054,60.5823425569979,25.165982,True,True,1.430511474609375e-06
2055,60.619742268987466,37.317758,True,True,1.430511474609375e-06
2056,60.660860223986674,41.014163,True,True,1.430511474609375e-06
2057,60.69369374300004,32.706388,True,True,1.430511474609375e-06
2058,60.743184855004074,49.370716,True,True,1.430511474609375e-06
2059,60.773291391000384,29.971974,True,True,1.430511474609375e-06
2060,60.80567304498982,32.293385,True,True,1.430511474609375e-06
2061,60.839091237983666,33.307564,True,True,1.430511474609375e-06
2062,60.871553978009615,32.357552,True,True,1.430511474609375e-06
2063,60.90450890199281,32.853293,True,True,1.430511474609375e-06
2064,60.938236196991056,33.626572,True,True,1.430511474609375e-06
2065,60.97118606598815,32.808818,True,True,1.430511474609375e-06
2066,61.003134920989396,31.82937,True,True,1.430511474609375e-06
2067,61.035007892991416,31.773562,True,True,1.430511474609375e-06
2068,61.06787515600445,32.786717,True,True,1.430511474609375e-06
2069,61.100570393988164,32.59297,True,True,1.430511474609375e-06
2070,61.1448517270037,44.179849,True,True,1.430511474609375e-06
2071,61.175977276987396,30.989949,True,True,1.430511474609375e-06
2072,61.206721396010835,30.666047,True,True,1.430511474609375e-06
2073,61.24013707198901,33.335138,True,True,1.430511474609375e-06
2074,61.276338385010604,36.087188,True,True,1.430511474609375e-06
2075,61.30692300500232,30.48135,True,True,1.430511474609375e-06
2076,61.33922059900942,32.214136,True,True,1.430511474609375e-06
2077,61.371653706999496,32.336181,True,True,1.430511474609375e-06
2078,61.391864304983756,20.109502,True,True,1.430511474609375e-06
2079,61.40998223799397,18.054873,True,True,1.430511474609375e-06
2080,61.42812487800256,18.083626,True,True,1.430511474609375e-06
2081,61.446160744992085,17.986232,True,True,1.430511474609375e-06
2082,61.47167307298514,25.467156,True,True,1.430511474609375e-06
2083,61.49302204698324,21.262221,True,True,1.430511474609375e-06
2084,61.51111155099352,18.028253,True,True,1.430511474609375e-06
2085,61.52944864999154,18.285827,True,True,1.430511474609375e-06
2086,61.547389031999046,17.889481,True,True,1.430511474609375e-06
2087,61.57033889798913,22.905505,True,True,1.430511474609375e-06
2088,61.60354069698951,33.138868,True,True,1.430511474609375e-06
2089,61.63591957898461,32.271926,True,True,1.430511474609375e-06
2090,61.663307110982714,27.286973,True,True,1.430511474609375e-06
2091,61.700768293987494,37.381466,True,True,1.430511474609375e-06
2092,61.75013643599232,49.244076,True,True,1.430511474609375e-06
2093,61.782553096010815,32.281449,True,True,1.430511474609375e-06
2094,61.809642478008755,26.991488,True,True,1.430511474609375e-06
2095,61.852476886997465,42.744744,True,True,1.430511474609375e-06
2096,61.88460577899241,32.011476,True,True,1.430511474609375e-06
2097,61.91651471800287,31.82906,True,True,1.430511474609375e-06
2098,61.94358328700764,26.986167,True,True,1.430511474609375e-06
2099,61.973486948001664,29.826914,True,True,1.430511474609375e-06
2100,62.0057092809875,32.142601,True,True,1.430511474609375e-06
2101,62.03858198499074,32.758231,True,True,1.430511474609375e-06
2102,62.07143306999933,32.744987,True,True,1.430511474609375e-06
2103,62.10455372999422,32.996794,True,True,1.430511474609375e-06
2104,62.164196795987664,59.542409,True,True,1.430511474609375e-06
2105,62.183611137006665,19.251873,True,True,1.430511474609375e-06
2106,62.20180482498836,18.112098,True,True,1.430511474609375e-06
2107,62.25233849301003,50.467583,True,True,1.430511474609375e-06
2108,62.284865082008764,32.392982,True,True,1.430511474609375e-06
2109,62.317383333982434,32.433253,True,True,1.430511474609375e-06
2110,62.3494083659898,31.911983,True,True,1.430511474609375e-06
2111,62.37646794199827,26.974718,True,True,1.430511474609375e-06
2112,62.40172448998783,25.175351,True,True,1.430511474609375e-06
2113,62.41981838399079,18.024501,True,True,1.430511474609375e-06
2114,62.44032292300835,20.443258,True,True,1.430511474609375e-06
2115,62.46130257399636,20.909536,True,True,1.430511474609375e-06
2116,62.4791488799965,17.789104,True,True,1.430511474609375e-06
2117,62.49705741700018,17.852562,True,True,1.430511474609375e-06
2118,62.51512966299197,18.025475,True,True,1.430511474609375e-06
2119,62.53320813499158,18.034216,True,True,1.430511474609375e-06
2120,62.55121842699009,17.963696,True,True,1.430511474609375e-06
2121,62.577032020984916,25.770466,True,True,1.430511474609375e-06
2122,62.606931326008635,29.823645,True,True,1.430511474609375e-06
2123,62.63966335300938,32.652309,True,True,1.430511474609375e-06
2124,62.6731127279927,33.296274,True,True,1.430511474609375e-06
2125,62.70553507198929,32.335981,True,True,1.430511474609375e-06
2126,62.754899924009806,49.263814,True,True,1.430511474609375e-06
2127,62.80451197200455,49.475785,True,True,1.430511474609375e-06
2128,62.84402662501088,39.412316,True,True,1.430511474609375e-06
2129,62.87665406501037,32.49094,True,True,1.430511474609375e-06
2130,62.906900748988846,30.136873,True,True,1.430511474609375e-06
2131,62.938417350989766,31.429942,True,True,1.430511474609375e-06
2132,62.97180406699772,33.287963,True,True,1.430511474609375e-06
2133,63.004385704000015,32.440592,True,True,1.430511474609375e-06
2134,63.03730031498708,32.792112,True,True,1.430511474609375e-06
2135,63.07330206199549,35.87938,True,True,1.430511474609375e-06
2136,63.105117806000635,31.713972,True,True,1.430511474609375e-06
2137,63.155008131987415,49.797829,True,True,1.430511474609375e-06
2138,63.18743033398641,32.288527,True,True,1.430511474609375e-06
2139,63.219324409001274,31.807593,True,True,1.430511474609375e-06
2140,63.25223294200259,32.821197,True,True,1.430511474609375e-06
2141,63.28539995898609,33.029829,True,True,1.430511474609375e-06
2142,63.31819278199691,32.691203,True,True,1.430511474609375e-06
2143,63.35045356498449,32.122784,True,True,1.430511474609375e-06
2144,63.37805337598547,27.517921,True,True,1.430511474609375e-06
2145,63.39609411399579,17.955026,True,True,1.430511474609375e-06
2146,63.414516333985375,18.365697,True,True,1.430511474609375e-06
2147,63.432716345996596,18.145448,True,True,1.430511474609375e-06
2148,63.450770716008265,18.003489,True,True,1.430511474609375e-06
2149,63.46858591301134,17.767366,True,True,1.430511474609375e-06
2150,63.48657547601033,17.937515,True,True,1.430511474609375e-06
2151,63.50462070500362,17.991604,True,True,1.430511474609375e-06
2152,63.52259064998361,17.912491,True,True,1.430511474609375e-06
2153,63.54086672500125,18.158511,True,True,1.430511474609375e-06
2154,63.55908658000408,18.11781,True,True,1.430511474609375e-06
2155,63.59195057998295,32.775235,True,True,1.430511474609375e-06
2156,63.648487983009545,56.421096,True,True,1.430511474609375e-06
2157,63.68081988100312,32.204026,True,True,1.430511474609375e-06
2158,63.71889607299818,37.973686,True,True,1.430511474609375e-06
2159,63.76250169900595,43.463643,True,True,1.430511474609375e-06
2160,63.7955232670065,32.89088,True,True,1.430511474609375e-06
2161,63.827649216982536,32.035793,True,True,1.430511474609375e-06
2162,63.85526184600894,27.535536,True,True,1.430511474609375e-06
2163,63.88494339500903,29.595408,True,True,1.430511474609375e-06
2164,63.916206314985175,31.153437,True,True,1.430511474609375e-06
2165,63.94870956899831,32.419799,True,True,1.430511474609375e-06
2166,63.98106614398421,32.259555,True,True,1.430511474609375e-06
2167,64.0134834490018,32.316124,True,True,1.430511474609375e-06
2168,64.04649420798523,32.90459,True,True,1.430511474609375e-06
2169,64.07940192701062,32.808058,True,True,1.430511474609375e-06
2170,64.11401630498585,34.504873,True,True,1.430511474609375e-06
2171,64.16081701099756,46.645971,True,True,1.430511474609375e-06
2172,64.18813989000046,27.210149,True,True,1.430511474609375e-06
2173,64.22074112101109,32.524185,True,True,1.430511474609375e-06
2174,64.26214377698489,41.281471,True,True,1.430511474609375e-06
2175,64.28905994599336,26.824372,True,True,1.430511474609375e-06
2176,64.32118846298545,32.061449,True,True,1.430511474609375e-06
2177,64.3510924000002,29.819866,True,True,1.430511474609375e-06
2178,64.37759884900879,26.442608,True,True,1.430511474609375e-06
2179,64.39598179000313,18.320649,True,True,1.430511474609375e-06
2180,64.41376707999734,17.731643,True,True,1.430511474609375e-06
2181,64.43169209698681,17.877545,True,True,1.430511474609375e-06
2182,64.4494740809896,17.731219,True,True,1.430511474609375e-06
2183,64.47775782100507,28.234531,True,True,1.430511474609375e-06
2184,64.49615847700625,18.339431,True,True,1.430511474609375e-06
2185,64.51447263499722,18.211702,True,True,1.430511474609375e-06
2186,64.53269651700975,18.159146,True,True,1.430511474609375e-06
2187,64.55053188599413,17.774632,True,True,1.430511474609375e-06
2188,64.58152568200603,30.943016,True,True,1.430511474609375e-06
2189,64.61402522301069,32.403765,True,True,1.430511474609375e-06
2190,64.64679322799202,32.662897,True,True,1.430511474609375e-06
2191,64.67887427500682,31.945875,True,True,1.430511474609375e-06
2192,64.71197184099583,32.993182,True,True,1.430511474609375e-06
2193,64.76137995300815,49.26504,True,True,1.430511474609375e-06
2194,64.78860000098939,27.085699,True,True,1.430511474609375e-06
2195,64.8212229940109,32.530124,True,True,1.430511474609375e-06
2196,64.86430424000719,42.94358,True,True,1.430511474609375e-06
2197,64.89642304199515,32.004722,True,True,1.430511474609375e-06
2198,64.92844744501053,31.940397,True,True,1.430511474609375e-06
2199,64.96002925001085,31.503712,True,True,1.430511474609375e-06
2200,64.98517720098607,25.071562,True,True,1.430511474609375e-06
2201,65.01742988498881,32.176646,True,True,1.430511474609375e-06
2202,65.0504313170095,32.894175,True,True,1.430511474609375e-06
2203,65.08268571901135,32.145151,True,True,1.430511474609375e-06
2204,65.13056989299366,47.796516,True,True,1.430511474609375e-06
2205,65.16458131300169,33.868177,True,True,1.430511474609375e-06
2206,65.19786889100214,33.181781,True,True,1.430511474609375e-06
2207,65.22990012800437,31.934652,True,True,1.430511474609375e-06
2208,65.26239797798917,32.404508,True,True,1.430511474609375e-06
2209,65.29564889500034,33.146419,True,True,1.430511474609375e-06
2210,65.32772949599894,31.930485,True,True,1.430511474609375e-06
2211,65.35455460401135,26.736452,True,True,1.430511474609375e-06
2212,65.37960153899621,24.964245,True,True,1.430511474609375e-06
2213,65.3975974379864,17.926574,True,True,1.430511474609375e-06
2214,65.41555292598787,17.90043,True,True,1.430511474609375e-06
2215,65.43369710599654,18.0983,True,True,1.430511474609375e-06
2216,65.45525294999243,21.49253,True,True,1.430511474609375e-06
2217,65.47360368000227,18.273468,True,True,1.430511474609375e-06
2218,65.49198336098925,18.315877,True,True,1.430511474609375e-06
2219,65.51002821500879,17.989207,True,True,1.430511474609375e-06
2220,65.52811635198304,18.039992,True,True,1.430511474609375e-06
2221,65.54589233300067,17.725594,True,True,1.430511474609375e-06
2222,65.57136888700188,25.427143,True,True,1.430511474609375e-06
2223,65.60145227098837,29.98262,True,True,1.430511474609375e-06
2224,65.63287475600373,31.342877,True,True,1.430511474609375e-06
2225,65.66558808999253,32.628986,True,True,1.430511474609375e-06
2226,65.69850233200123,32.81147,True,True,1.430511474609375e-06
2227,65.7465752440039,47.980856,True,True,1.430511474609375e-06
2228,65.78049621998798,33.778276,True,True,1.430511474609375e-06
2229,65.81305211299332,32.476277,True,True,1.430511474609375e-06
2230,65.84546466698521,32.329717,True,True,1.430511474609375e-06
2231,65.87830312500591,32.757417,True,True,1.430511474609375e-06
2232,65.90561357300612,27.232552,True,True,1.430511474609375e-06
2233,65.93755905498983,31.882099,True,True,1.430511474609375e-06
2234,65.96812480900553,30.485634,True,True,1.430511474609375e-06
2235,65.99987915399834,31.691433,True,True,1.430511474609375e-06
2236,66.03198596899165,32.017433,True,True,1.430511474609375e-06
2237,66.06766488600988,35.599046,True,True,1.430511474609375e-06
2238,66.10039823799161,32.630943,True,True,1.430511474609375e-06
2239,66.15077859899611,50.289972,True,True,1.430511474609375e-06
2240,66.18331611898611,32.406516,True,True,1.430511474609375e-06
2241,66.21577892100322,32.358861,True,True,1.430511474609375e-06
2242,66.248920929007,33.050618,True,True,1.430511474609375e-06
2243,66.28161671798443,32.583312,True,True,1.430511474609375e-06
2244,66.3145082659903,32.765937,True,True,1.430511474609375e-06
2245,66.34696812499897,32.357888,True,True,1.430511474609375e-06
2246,66.37469397598761,27.628709,True,True,1.430511474609375e-06
2247,66.40304234300856,28.270992,True,True,1.430511474609375e-06
2248,66.42189968700404,18.770678,True,True,1.430511474609375e-06
2249,66.44011860099272,18.149786,True,True,1.430511474609375e-06
2250,66.45818870599032,18.018101,True,True,1.430511474609375e-06
2251,66.4762577789952,18.015098,True,True,1.430511474609375e-06
2252,66.49454284299281,18.231564,True,True,1.430511474609375e-06
2253,66.51239015799365,17.793087,True,True,1.430511474609375e-06
2254,66.53043021500343,17.992316,True,True,1.430511474609375e-06
2255,66.54835306800669,17.873629,True,True,1.430511474609375e-06
2256,66.57804821198806,29.645186,True,True,1.430511474609375e-06
2257,66.61044624299393,32.293927,True,True,1.430511474609375e-06
2258,66.64551396798925,34.964068,True,True,1.430511474609375e-06
2259,66.68228253800771,36.654406,True,True,1.430511474609375e-06
2260,66.71261002498795,30.233693,True,True,1.430511474609375e-06
2261,66.76078386898735,48.097742,True,True,1.430511474609375e-06
2262,66.79299381698365,32.079958,True,True,1.430511474609375e-06
2263,66.82506839398411,31.999414,True,True,1.430511474609375e-06
2264,66.85765601499588,32.505442,True,True,1.430511474609375e-06
2265,66.89036645999295,32.620892,True,True,1.430511474609375e-06
2266,66.9224167119828,31.962714,True,True,1.430511474609375e-06
2267,66.95436285200412,31.861719,True,True,1.430511474609375e-06
2268,66.9795284110005,25.086868,True,True,1.430511474609375e-06
2269,67.01186161098303,32.268025,True,True,1.430511474609375e-06
2270,67.04460611299146,32.645232,True,True,1.430511474609375e-06
2271,67.0765963709855,31.905882,True,True,1.430511474609375e-06
2272,67.11085962198558,34.173677,True,True,1.430511474609375e-06
2273,67.15813046100084,47.138261,True,True,1.430511474609375e-06
2274,67.19155886600493,33.304388,True,True,1.430511474609375e-06
2275,67.2238499619998,32.203664,True,True,1.430511474609375e-06
2276,67.26049453899032,36.549311,True,True,1.430511474609375e-06
2277,67.29345055500744,32.857939,True,True,1.430511474609375e-06
2278,67.32576893598889,32.238195,True,True,1.430511474609375e-06
2279,67.35864282399416,32.784444,True,True,1.430511474609375e-06
2280,67.38588152700686,27.153889,True,True,1.430511474609375e-06
2281,67.40417513498687,18.223768,True,True,1.430511474609375e-06
2282,67.42237293100334,18.139896,True,True,1.430511474609375e-06
2283,67.44048565399135,18.048701,True,True,1.430511474609375e-06
2284,67.45882910798537,18.282737,True,True,1.430511474609375e-06
2285,67.47666256900993,17.779111,True,True,1.430511474609375e-06
2286,67.49449485700461,17.770817,True,True,1.430511474609375e-06
2287,67.51241067098454,17.861169,True,True,1.430511474609375e-06
2288,67.53025470499415,17.79384,True,True,1.430511474609375e-06
2289,67.54806928298785,17.763366,True,True,1.430511474609375e-06
2290,67.56606884498615,17.95075,True,True,1.430511474609375e-06
2291,67.59789205298875,31.762485,True,True,1.430511474609375e-06
2292,67.6352566019923,37.277418,True,True,1.430511474609375e-06
2293,67.66810392300249,32.75421,True,True,1.430511474609375e-06
2294,67.70070660699275,32.501256,True,True,1.430511474609375e-06
2295,67.73285954099265,32.057533,True,True,1.430511474609375e-06
2296,67.77654120000079,43.595581,True,True,1.430511474609375e-06
2297,67.80594118998852,29.271177,True,True,1.430511474609375e-06
2298,67.83818582000094,32.169995,True,True,1.430511474609375e-06
2299,67.87339962800615,35.136294,True,True,1.430511474609375e-06
2300,67.90575845199055,32.272573,True,True,1.430511474609375e-06
2301,67.93877811499988,32.91966,True,True,1.430511474609375e-06
2302,67.97199219398317,33.111022,True,True,1.430511474609375e-06
2303,68.00437849800801,32.297553,True,True,1.430511474609375e-06
2304,68.0369936839852,32.525642,True,True,1.430511474609375e-06
2305,68.08628864900675,49.207141,True,True,1.430511474609375e-06
2306,68.13510039600078,48.690337,True,True,1.430511474609375e-06
2307,68.16831616600393,33.079297,True,True,1.430511474609375e-06
2308,68.201015403989,32.601784,True,True,1.430511474609375e-06
2309,68.2331006579916,31.996576,True,True,1.430511474609375e-06
2310,68.26534246499068,32.150349,True,True,1.430511474609375e-06
2311,68.29037731600692,24.945049,True,True,1.430511474609375e-06
2312,68.32248224198702,32.043788,True,True,1.430511474609375e-06
2313,68.35457716998644,32.006169,True,True,1.430511474609375e-06
2314,68.38182765498641,27.167008,True,True,1.430511474609375e-06
2315,68.399794559984,17.884179,True,True,1.430511474609375e-06
2316,68.41801277000923,18.156824,True,True,1.430511474609375e-06
2317,68.43624281400116,18.179465,True,True,1.430511474609375e-06
2318,68.46109566400992,24.759142,True,True,1.430511474609375e-06
2319,68.47992773898295,18.717647,True,True,1.430511474609375e-06
2320,68.49790737000876,17.912389,True,True,1.430511474609375e-06
2321,68.5158286470105,17.870279,True,True,1.430511474609375e-06
2322,68.53403272799915,18.15165,True,True,1.430511474609375e-06
2323,68.55264096698374,18.554677,True,True,1.430511474609375e-06
2324,68.57823013298912,25.507898,True,True,1.430511474609375e-06
2325,68.60951100598322,31.167329,True,True,1.430511474609375e-06
2326,68.63995774099021,30.380332,True,True,1.430511474609375e-06
2327,68.67282727200654,32.800646,True,True,1.430511474609375e-06
2328,68.70522054299363,32.285345,True,True,1.430511474609375e-06
2329,68.77096571100992,65.65044,True,True,1.430511474609375e-06
2330,68.80312327199499,32.021718,True,True,1.430511474609375e-06
2331,68.83549933400354,32.295749,True,True,1.430511474609375e-06
2332,68.86792297300417,32.339557,True,True,1.430511474609375e-06
2333,68.90090151398908,32.894111,True,True,1.430511474609375e-06
2334,68.93358738798997,32.607681,True,True,1.430511474609375e-06
2335,68.96066562499618,26.989947,True,True,1.430511474609375e-06
2336,68.99291427698336,32.170451,True,True,1.430511474609375e-06
2337,69.0236384680029,30.645138,True,True,1.430511474609375e-06
2338,69.06756153999595,43.821174,True,True,1.430511474609375e-06
2339,69.09967955100001,31.993797,True,True,1.430511474609375e-06
2340,69.14440807598294,44.632734,True,True,1.430511474609375e-06
2341,69.17662310399464,32.077594,True,True,1.430511474609375e-06
2342,69.20705436498974,30.31827,True,True,1.430511474609375e-06
2343,69.23967555401032,32.532937,True,True,1.430511474609375e-06
2344,69.27226730898838,32.484142,True,True,1.430511474609375e-06
2345,69.30490732000908,32.540805,True,True,1.430511474609375e-06
2346,69.33891353299259,33.905567,True,True,1.430511474609375e-06
2347,69.37166995898588,32.64483,True,True,1.430511474609375e-06
2348,69.40219972500927,30.417464,True,True,1.430511474609375e-06
2349,69.42048967099981,18.215693,True,True,1.430511474609375e-06
2350,69.43879266700242,18.25076,True,True,1.430511474609375e-06
2351,69.45687807598733,18.030232,True,True,1.430511474609375e-06
2352,69.47509289399022,18.159935,True,True,1.430511474609375e-06
2353,69.49385855899891,18.706753,True,True,1.430511474609375e-06
2354,69.51198642898817,18.074495,True,True,1.430511474609375e-06
2355,69.53011486798641,18.076602,True,True,1.430511474609375e-06
2356,69.54787793400465,17.711055,True,True,1.430511474609375e-06
2357,69.57105727199814,23.126214,True,True,1.430511474609375e-06
2358,69.60367440900882,32.53219,True,True,1.430511474609375e-06
2359,69.63731643199571,33.5097,True,True,1.430511474609375e-06
2360,69.67726702499203,39.834812,True,True,1.430511474609375e-06
2361,69.70738584198989,30.001371,True,True,1.430511474609375e-06
2362,69.73975044698454,32.262984,True,True,1.430511474609375e-06
2363,69.78854084099294,48.677524,True,True,1.430511474609375e-06
2364,69.82079993799562,32.125374,True,True,1.430511474609375e-06
2365,69.85335837799357,32.471917,True,True,1.430511474609375e-06
2366,69.8865144260053,33.044866,True,True,1.430511474609375e-06
2367,69.91896095199627,32.345498,True,True,1.430511474609375e-06
2368,69.95199206200778,32.932179,True,True,1.430511474609375e-06
2369,69.9848189909826,32.722016,True,True,1.430511474609375e-06
2370,70.01774416098488,32.810228,True,True,1.430511474609375e-06
2371,70.04487647200585,27.023261,True,True,1.430511474609375e-06
2372,70.07724300600239,32.277048,True,True,1.430511474609375e-06
2373,70.11129059098312,33.938926,True,True,1.430511474609375e-06
2374,70.15643154698773,44.986182,True,True,1.430511474609375e-06
2375,70.18942346700351,32.866401,True,True,1.430511474609375e-06
2376,70.23567465500673,46.146306,True,True,1.430511474609375e-06
2377,70.2789569380111,43.113236,True,True,1.430511474609375e-06
2378,70.30979640199803,30.694943,True,True,1.430511474609375e-06
2379,70.33984413699363,29.967755,True,True,1.430511474609375e-06
2380,70.37310798300314,33.182126,True,True,1.430511474609375e-06
2381,70.39391413799603,20.700061,True,True,1.430511474609375e-06
2382,70.41532157899928,21.339642,True,True,1.430511474609375e-06
2383,70.43687711900566,21.460469,True,True,1.430511474609375e-06
2384,70.4548868679849,17.949799,True,True,1.430511474609375e-06
2385,70.47277028599638,17.82905,True,True,1.430511474609375e-06
2386,70.49086304998491,18.047465,True,True,1.430511474609375e-06
2387,70.50864801698481,17.733084,True,True,1.430511474609375e-06
2388,70.52718888499658,18.488201,True,True,1.430511474609375e-06
2389,70.54558889198233,18.338331,True,True,1.430511474609375e-06
2390,70.56863104898366,22.986467,True,True,1.430511474609375e-06
2391,70.60195077300887,33.244943,True,True,1.430511474609375e-06
2392,70.63520287399297,33.113368,True,True,1.430511474609375e-06
2393,70.66780382898287,32.488902,True,True,1.430511474609375e-06
2394,70.7007776289829,32.871296,True,True,1.430511474609375e-06
2395,70.73364298199886,32.768783,True,True,1.430511474609375e-06
2396,70.77433712399215,40.565434,True,True,1.430511474609375e-06
2397,70.80704626601073,32.565622,True,True,1.430511474609375e-06
2398,70.83979398600059,32.654388,True,True,1.430511474609375e-06
2399,70.88527335700928,45.390576,True,True,1.430511474609375e-06
2400,70.91764900300768,32.284854,True,True,1.430511474609375e-06
2401,70.95012046498596,32.366925,True,True,1.430511474609375e-06
2402,70.98295226198388,32.74054,True,True,1.430511474609375e-06
2403,71.01006763000623,27.029601,True,True,1.430511474609375e-06
2404,71.03957414999604,29.441391,True,True,1.430511474609375e-06
2405,71.08613991399761,46.495017,True,True,1.430511474609375e-06
2406,71.13825611298671,52.002194,True,True,1.430511474609375e-06
2407,71.17051287199138,32.120117,True,True,1.430511474609375e-06
2408,71.20347593000042,32.865342,True,True,1.430511474609375e-06
2409,71.23575688499841,32.160889,True,True,1.430511474609375e-06
2410,71.2674740490038,31.623573,True,True,1.430511474609375e-06
2411,71.29941460600821,31.857815,True,True,1.430511474609375e-06
2412,71.32628892999492,26.798597,True,True,1.430511474609375e-06
2413,71.35650268298923,30.122306,True,True,1.430511474609375e-06
2414,71.3841352739837,27.554024,True,True,1.430511474609375e-06
2415,71.4023232680047,18.114677,True,True,1.430511474609375e-06
2416,71.42048878100468,18.113724,True,True,1.430511474609375e-06
2417,71.4385147469875,17.965168,True,True,1.430511474609375e-06
2418,71.45649598899763,17.932657,True,True,1.430511474609375e-06
2419,71.47442875700654,17.885635,True,True,1.430511474609375e-06
2420,71.49227115599206,17.794467,True,True,1.430511474609375e-06
2421,71.510538077011,18.222843,True,True,1.430511474609375e-06
2422,71.52831174599123,17.721051,True,True,1.430511474609375e-06
2423,71.54616682499181,17.810494,True,True,1.430511474609375e-06
2424,71.57136872698902,25.156943,True,True,1.430511474609375e-06
2425,71.60109424000257,29.643083,True,True,1.430511474609375e-06
2426,71.63384154898813,32.67101,True,True,1.430511474609375e-06
2427,71.66683880699566,32.877063,True,True,1.430511474609375e-06
2428,71.69951760501135,32.55332,True,True,1.430511474609375e-06
2429,71.73197699399316,32.346215,True,True,1.430511474609375e-06
2430,71.77980702600325,47.73046,True,True,1.430511474609375e-06
2431,71.81450326298364,34.559476,True,True,1.430511474609375e-06
2432,71.84713830499095,32.524404,True,True,1.430511474609375e-06
2433,71.88017151301028,32.941743,True,True,1.430511474609375e-06
2434,71.91269633400952,32.440689,True,True,1.430511474609375e-06
2435,71.94489328199415,32.082207,True,True,1.430511474609375e-06
2436,71.972403939988,27.431347,True,True,1.430511474609375e-06
2437,72.00185781600885,29.388156,True,True,1.430511474609375e-06
2438,72.0339016020007,31.982619,True,True,1.430511474609375e-06
2439,72.06648459899588,32.502088,True,True,1.430511474609375e-06
2440,72.0988788199902,32.309697,True,True,1.430511474609375e-06
2441,72.14839215500979,49.432835,True,True,1.430511474609375e-06
2442,72.18135395998252,32.829335,True,True,1.430511474609375e-06
2443,72.21364575298503,32.168105,True,True,1.430511474609375e-06
2444,72.24659216598957,32.825959,True,True,1.430511474609375e-06
2445,72.27912064199336,32.427924,True,True,1.430511474609375e-06
2446,72.30665208399296,27.426664,True,True,1.430511474609375e-06
2447,72.33915759201045,32.369676,True,True,1.430511474609375e-06
2448,72.37117663898971,31.90492,True,True,1.430511474609375e-06
2449,72.38982220299658,18.549559,True,True,1.430511474609375e-06
2450,72.40795648799394,18.058164,True,True,1.430511474609375e-06
2451,72.42604223900707,18.02964,True,True,1.430511474609375e-06
2452,72.444125531998,18.024724,True,True,1.430511474609375e-06
2453,72.46198046099744,17.807996,True,True,1.430511474609375e-06
2454,72.47991299899877,17.874623,True,True,1.430511474609375e-06
2455,72.49811597299413,18.149315,True,True,1.430511474609375e-06
2456,72.516221561993,18.055569,True,True,1.430511474609375e-06
2457,72.53411122399848,17.843,True,True,1.430511474609375e-06
2458,72.55189808498835,17.731973,True,True,1.430511474609375e-06
2459,72.58420416500303,32.256312,True,True,1.430511474609375e-06
2460,72.616255979985,31.932058,True,True,1.430511474609375e-06
2461,72.64650278698537,30.160332,True,True,1.430511474609375e-06
2462,72.67865190000157,32.04729,True,True,1.430511474609375e-06
2463,72.7114732269838,32.701416,True,True,1.430511474609375e-06
2464,72.74354614800541,31.95632,True,True,1.430511474609375e-06
2465,72.79231470599188,48.68151,True,True,1.430511474609375e-06
2466,72.82449853498838,32.04845,True,True,1.430511474609375e-06
2467,72.85183820399106,27.258392,True,True,1.430511474609375e-06
2468,72.88286541900015,30.962318,True,True,1.430511474609375e-06
2469,72.91322493000189,30.296503,True,True,1.430511474609375e-06
2470,72.94491189098335,31.569974,True,True,1.430511474609375e-06
2471,72.97756696099532,32.547004,True,True,1.430511474609375e-06
2472,73.02647872199304,48.802135,True,True,1.430511474609375e-06
2473,73.05933830401045,32.729907,True,True,1.430511474609375e-06
2474,73.09143516400945,31.987332,True,True,1.430511474609375e-06
2475,73.14087033600663,49.340296,True,True,1.430511474609375e-06
2476,73.17408620499191,33.09007,True,True,1.430511474609375e-06
2477,73.20650979800848,32.327586,True,True,1.430511474609375e-06
2478,73.2337176889996,27.128832,True,True,1.430511474609375e-06
2479,73.2632167589909,29.41544,True,True,1.430511474609375e-06
2480,73.29530750098638,32.032908,True,True,1.430511474609375e-06
2481,73.32830375400954,32.914128,True,True,1.430511474609375e-06
2482,73.36045386700425,32.059746,True,True,1.430511474609375e-06
2483,73.38795870600734,27.423186,True,True,1.430511474609375e-06
2484,73.40622952301055,18.199838,True,True,1.430511474609375e-06
2485,73.42438650099211,18.100003,True,True,1.430511474609375e-06
2486,73.44289963698247,18.456957,True,True,1.430511474609375e-06
2487,73.46108725099475,18.133228,True,True,1.430511474609375e-06
2488,73.47918414298329,18.03984,True,True,1.430511474609375e-06
2489,73.49702203000197,17.782707,True,True,1.430511474609375e-06
2490,73.51505296101095,17.971879,True,True,1.430511474609375e-06
2491,73.53318649998982,18.084987,True,True,1.430511474609375e-06
2492,73.55096972198226,17.732926,True,True,1.430511474609375e-06
2493,73.56889167099143,17.871785,True,True,1.430511474609375e-06
2494,73.60591622398351,36.965499,True,True,1.430511474609375e-06
2495,73.63825980800902,32.255626,True,True,1.430511474609375e-06
2496,73.67071130900877,32.364401,True,True,1.430511474609375e-06
2497,73.7030591639923,32.267913,True,True,1.430511474609375e-06
2498,73.7360656610108,32.929101,True,True,1.430511474609375e-06
2499,73.76856453198707,32.406904,True,True,1.430511474609375e-06
2500,73.81230170698836,43.64125,True,True,1.430511474609375e-06
2501,73.84457531099906,32.142198,True,True,1.430511474609375e-06
2502,73.87534349798807,30.664049,True,True,1.430511474609375e-06
2503,73.90764504598337,32.210835,True,True,1.430511474609375e-06
2504,73.93986189601128,32.104935,True,True,1.430511474609375e-06
2505,73.97314489400014,33.180114,True,True,1.430511474609375e-06
2506,74.0056593719928,32.408681,True,True,1.430511474609375e-06
2507,74.03825094699278,32.464359,True,True,1.430511474609375e-06
2508,74.0710292540025,32.682535,True,True,1.430511474609375e-06
2509,74.10321023198776,32.091138,True,True,1.430511474609375e-06
2510,74.15258590001031,49.272207,True,True,1.430511474609375e-06
2511,74.18535602098564,32.613064,True,True,1.430511474609375e-06
2512,74.21852652399684,33.071038,True,True,1.430511474609375e-06
2513,74.24589015799575,27.259287,True,True,1.430511474609375e-06
2514,74.27538569000899,29.409952,True,True,1.430511474609375e-06
2515,74.30706672399538,31.603417,True,True,1.430511474609375e-06
2516,74.3393926639983,32.253955,True,True,1.430511474609375e-06
2517,74.37274642300326,33.259168,True,True,1.430511474609375e-06
2518,74.39295725899865,20.117418,True,True,1.430511474609375e-06
2519,74.41090480799903,17.884728,True,True,1.430511474609375e-06
2520,74.42910245899111,18.145322,True,True,1.430511474609375e-06
2521,74.44704170600744,17.886302,True,True,1.430511474609375e-06
2522,74.46515500100213,18.067015,True,True,1.430511474609375e-06
2523,74.48309138399782,17.890852,True,True,1.430511474609375e-06
2524,74.50121221799054,18.074775,True,True,1.430511474609375e-06
2525,74.51902242499636,17.764099,True,True,1.430511474609375e-06
2526,74.53697564499453,17.904016,True,True,1.430511474609375e-06
2527,74.55521169898566,18.183643,True,True,1.430511474609375e-06
2528,74.58472274299129,29.464798,True,True,1.430511474609375e-06
2529,74.61739521700656,32.59241,True,True,1.430511474609375e-06
2530,74.64966850800556,32.184103,True,True,1.430511474609375e-06
2531,74.69846845298889,48.693659,True,True,1.430511474609375e-06
2532,74.73135806201026,32.760089,True,True,1.430511474609375e-06
2533,74.76377033500466,32.319251,True,True,1.430511474609375e-06
2534,74.81260753498645,48.744048,True,True,1.430511474609375e-06
2535,74.83972596901003,26.984413,True,True,1.430511474609375e-06
2536,74.86924608700792,29.440357,True,True,1.430511474609375e-06
2537,74.90168961699237,32.380565,True,True,1.430511474609375e-06
2538,74.93424309999682,32.470825,True,True,1.430511474609375e-06
2539,74.96679904099437,32.459433,True,True,1.430511474609375e-06
2540,75.00339336699108,36.508798,True,True,1.430511474609375e-06
2541,75.03937873299583,35.870851,True,True,1.430511474609375e-06
2542,75.069390707009,29.925006,True,True,1.430511474609375e-06
2543,75.10195504999137,32.494629,True,True,1.430511474609375e-06
2544,75.15113568800734,49.080281,True,True,1.430511474609375e-06
2545,75.18358148500556,32.309729,True,True,1.430511474609375e-06
2546,75.21597705199383,32.306083,True,True,1.430511474609375e-06
2547,75.24904662001063,32.960191,True,True,1.430511474609375e-06
2548,75.28162211898598,32.43571,True,True,1.430511474609375e-06
2549,75.31401752700913,32.294083,True,True,1.430511474609375e-06
2550,75.36352429300314,49.399375,True,True,1.430511474609375e-06
2551,75.38402681300067,20.368488,True,True,1.430511474609375e-06
2552,75.40282029798254,18.701917,True,True,1.430511474609375e-06
2553,75.42107531899819,18.162246,True,True,1.430511474609375e-06
2554,75.43903533299454,17.889459,True,True,1.430511474609375e-06
2555,75.45703972000047,17.945106,True,True,1.430511474609375e-06
2556,75.47529831598513,18.1999,True,True,1.430511474609375e-06
2557,75.4931910590094,17.830586,True,True,1.430511474609375e-06
2558,75.51105202399776,17.809221,True,True,1.430511474609375e-06
2559,75.52895205098321,17.854158,True,True,1.430511474609375e-06
2560,75.54677767600515,17.774203,True,True,1.430511474609375e-06
2561,75.57187366098515,25.042276,True,True,1.430511474609375e-06
2562,75.60982956699445,37.868084,True,True,1.430511474609375e-06
2563,75.6423671990051,32.413049,True,True,1.430511474609375e-06
2564,75.67537291999906,32.885156,True,True,1.430511474609375e-06
2565,75.70824662700761,32.747207,True,True,1.430511474609375e-06
2566,75.73557625999092,27.209825,True,True,1.430511474609375e-06
2567,75.7676537729858,31.960489,True,True,1.430511474609375e-06
2568,75.8150028270029,47.206712,True,True,1.430511474609375e-06
2569,75.84647024900187,31.331187,True,True,1.430511474609375e-06
2570,75.87977908400353,33.212573,True,True,1.430511474609375e-06
2571,75.9124418309948,32.527805,True,True,1.430511474609375e-06
2572,75.94467636800255,32.112041,True,True,1.430511474609375e-06
2573,75.97746835200815,32.698887,True,True,1.430511474609375e-06
2574,76.02668103098404,49.109101,True,True,1.430511474609375e-06
2575,76.0594084530021,32.589737,True,True,1.430511474609375e-06
2576,76.09175204398343,32.254564,True,True,1.430511474609375e-06
2577,76.12514048200683,33.292245,True,True,1.430511474609375e-06
2578,76.17428069000016,49.024514,True,True,1.430511474609375e-06
2579,76.20141684298869,27.031206,True,True,1.430511474609375e-06
2580,76.23096375298337,29.472273,True,True,1.430511474609375e-06
2581,76.26374263700563,32.716703,True,True,1.430511474609375e-06
2582,76.2959124519839,32.092338,True,True,1.430511474609375e-06
2583,76.32792475700262,31.925798,True,True,1.430511474609375e-06
2584,76.3601945709961,32.174987,True,True,1.430511474609375e-06
2585,76.38799240600201,27.720902,True,True,1.430511474609375e-06
2586,76.40625272699981,18.192167,True,True,1.430511474609375e-06
2587,76.42435037798714,18.040296,True,True,1.430511474609375e-06
2588,76.4426494470099,18.249016,True,True,1.430511474609375e-06
2589,76.46046033699531,17.764675,True,True,1.430511474609375e-06
2590,76.47842414598563,17.915475,True,True,1.430511474609375e-06
2591,76.49628244500491,17.802734,True,True,1.430511474609375e-06
2592,76.51446069500525,18.126468,True,True,1.430511474609375e-06
2593,76.53254857900902,18.037567,True,True,1.430511474609375e-06
2594,76.55058902999735,17.990724,True,True,1.430511474609375e-06
2595,76.56839640199905,17.756841,True,True,1.430511474609375e-06
2596,76.60137890698388,32.924533,True,True,1.430511474609375e-06
2597,76.63795968799968,36.471164,True,True,1.430511474609375e-06
2598,76.67043806400034,32.374924,True,True,1.430511474609375e-06
2599,76.70324283099035,32.691568,True,True,1.430511474609375e-06
2600,76.73523400700651,31.880166,True,True,1.430511474609375e-06
2601,76.76211655698717,26.793878,True,True,1.430511474609375e-06
2602,76.79635491000954,34.150201,True,True,1.430511474609375e-06
2603,76.85692038200796,60.430836,True,True,1.430511474609375e-06
2604,76.88953658999526,32.482112,True,True,1.430511474609375e-06
2605,76.92272921299445,33.10058,True,True,1.430511474609375e-06
2606,76.95487887400668,32.068319,True,True,1.430511474609375e-06
2607,76.9879437199852,32.982473,True,True,1.430511474609375e-06
2608,77.02033501700498,32.313387,True,True,1.430511474609375e-06
2609,77.05256763700163,32.148645,True,True,1.430511474609375e-06
2610,77.08468290499877,32.028645,True,True,1.430511474609375e-06
2611,77.12514614398242,40.36565,True,True,1.430511474609375e-06
2612,77.15874505299143,33.466093,True,True,1.430511474609375e-06
2613,77.19101598899579,32.175299,True,True,1.430511474609375e-06
2614,77.2234099440102,32.290061,True,True,1.430511474609375e-06
2615,77.25627201399766,32.769863,True,True,1.430511474609375e-06
2616,77.28829728299752,31.947391,True,True,1.430511474609375e-06
2617,77.32049916899996,32.121608,True,True,1.430511474609375e-06
2618,77.35326335398713,32.677241,True,True,1.430511474609375e-06
2619,77.38030895599513,26.961072,True,True,1.430511474609375e-06
2620,77.39843097300036,18.060417,True,True,1.430511474609375e-06
2621,77.41674676100956,18.254629,True,True,1.430511474609375e-06
2622,77.43473952598288,17.945771,True,True,1.430511474609375e-06
2623,77.4528342319827,18.040774,True,True,1.430511474609375e-06
2624,77.4709172520088,18.03852,True,True,1.430511474609375e-06
2625,77.488998137007,18.022236,True,True,1.430511474609375e-06
2626,77.5068053540017,17.75533,True,True,1.430511474609375e-06
2627,77.52467088098638,17.817743,True,True,1.430511474609375e-06
2628,77.54256882000482,17.847313,True,True,1.430511474609375e-06
2629,77.56057112899725,17.951787,True,True,1.430511474609375e-06
2630,77.5929651010083,32.346127,True,True,1.430511474609375e-06
2631,77.63062461800291,37.546211,True,True,1.430511474609375e-06
2632,77.65781169600086,27.078273,True,True,1.430511474609375e-06
2633,77.70389857600094,46.001953,True,True,1.430511474609375e-06
2634,77.73625786500634,32.246923,True,True,1.430511474609375e-06
2635,77.76900012700935,32.656611,True,True,1.430511474609375e-06
2636,77.81847160300822,49.385302,True,True,1.430511474609375e-06
2637,77.85067082900787,32.064833,True,True,1.430511474609375e-06
2638,77.88381481298711,33.052171,True,True,1.430511474609375e-06
2639,77.9167977719917,32.885852,True,True,1.430511474609375e-06
2640,77.94968825599062,32.789512,True,True,1.430511474609375e-06
2641,77.98275305298739,32.958489,True,True,1.430511474609375e-06
2642,78.01596082100878,33.101908,True,True,1.430511474609375e-06
2643,78.04854232698563,32.477741,True,True,1.430511474609375e-06
2644,78.08170796799823,33.065481,True,True,1.430511474609375e-06
2645,78.12580181000521,43.988383,True,True,1.430511474609375e-06
2646,78.15823944998556,32.30116,True,True,1.430511474609375e-06
2647,78.1870458110061,28.698748,True,True,1.430511474609375e-06
2648,78.21968380600447,32.560384,True,True,1.430511474609375e-06
2649,78.25256699000602,32.776856,True,True,1.430511474609375e-06
2650,78.28534344499349,32.673061,True,True,1.430511474609375e-06
2651,78.31776979099959,32.329664,True,True,1.430511474609375e-06
2652,78.35078534198692,32.908995,True,True,1.430511474609375e-06
2653,78.37791464600014,27.028385,True,True,1.430511474609375e-06
2654,78.39600334101124,18.012337,True,True,1.430511474609375e-06
2655,78.41399792701122,17.93986,True,True,1.430511474609375e-06
2656,78.43223635299364,18.189463,True,True,1.430511474609375e-06
2657,78.45068302899017,18.388804,True,True,1.430511474609375e-06
2658,78.46877492498606,18.028065,True,True,1.430511474609375e-06
2659,78.48654573698877,17.71444,True,True,1.430511474609375e-06
2660,78.50460320498678,18.006736,True,True,1.430511474609375e-06
2661,78.52260412700707,17.949557,True,True,1.430511474609375e-06
2662,78.54047452099621,17.822319,True,True,1.430511474609375e-06
2663,78.55848122498719,17.948359,True,True,1.430511474609375e-06
2664,78.59099487299682,32.437582,True,True,1.430511474609375e-06
2665,78.62842400098452,37.308847,True,True,1.430511474609375e-06
2666,78.66146097099409,32.921904,True,True,1.430511474609375e-06
2667,78.69414672299172,32.568521,True,True,1.430511474609375e-06
2668,78.72694157899241,32.684679,True,True,1.430511474609375e-06
2669,78.75982857099734,32.783182,True,True,1.430511474609375e-06
2670,78.79409183800453,34.167761,True,True,1.430511474609375e-06
2671,78.83625645900611,42.020374,True,True,1.430511474609375e-06
2672,78.86782106099417,31.42809,True,True,1.430511474609375e-06
2673,78.89787601400167,29.962483,True,True,1.430511474609375e-06
2674,78.93100042798324,33.039144,True,True,1.430511474609375e-06
2675,78.96330946899252,32.194791,True,True,1.430511474609375e-06
2676,78.9959201849997,32.507914,True,True,1.430511474609375e-06
2677,79.0284868789895,32.456011,True,True,1.430511474609375e-06
2678,79.06141289300285,32.82367,True,True,1.430511474609375e-06
2679,79.0940233609872,32.512204,True,True,1.430511474609375e-06
2680,79.14344755301136,49.317339,True,True,1.430511474609375e-06
2681,79.17630266898777,32.721603,True,True,1.430511474609375e-06
2682,79.20869075899827,32.286904,True,True,1.430511474609375e-06
2683,79.24159394198796,32.812847,True,True,1.430511474609375e-06
2684,79.26865765100229,26.949066,True,True,1.430511474609375e-06
2685,79.29838817298878,29.649126,True,True,1.430511474609375e-06
2686,79.3298404130037,31.377379,True,True,1.430511474609375e-06
2687,79.36291679600254,33.004983,True,True,1.430511474609375e-06
2688,79.39000979898265,26.99613,True,True,1.430511474609375e-06
2689,79.40876223900705,18.676315,True,True,1.430511474609375e-06
2690,79.4267916539975,17.972161,True,True,1.430511474609375e-06
2691,79.44454227900133,17.695096,True,True,1.430511474609375e-06
2692,79.46251259499695,17.916473,True,True,1.430511474609375e-06
2693,79.48067917398294,18.086713,True,True,1.430511474609375e-06
2694,79.49889086000621,18.11703,True,True,1.430511474609375e-06
2695,79.51676964599756,17.813921,True,True,1.430511474609375e-06
2696,79.5347039620101,17.883676,True,True,1.430511474609375e-06
2697,79.552498036006,17.740825,True,True,1.430511474609375e-06
2698,79.57049444000586,17.947695,True,True,1.430511474609375e-06
2699,79.62319722698885,52.613694,True,True,1.430511474609375e-06
2700,79.65633624998736,33.000382,True,True,1.430511474609375e-06
2701,79.68848549900576,32.033638,True,True,1.430511474609375e-06
2702,79.72096041799523,32.375628,True,True,1.430511474609375e-06
2703,79.7530489419878,31.989839,True,True,1.430511474609375e-06
2704,79.78006165899569,26.9231,True,True,1.430511474609375e-06
2705,79.82631547600613,46.178437,True,True,1.430511474609375e-06
2706,79.86031716899015,33.866061,True,True,1.430511474609375e-06
2707,79.89163076100522,31.170466,True,True,1.430511474609375e-06
2708,79.92447031199117,32.748049,True,True,1.430511474609375e-06
2709,79.95663920301013,32.069357,True,True,1.430511474609375e-06
2710,79.98961455200333,32.888507,True,True,1.430511474609375e-06
2711,80.02178583201021,32.043873,True,True,1.430511474609375e-06
2712,80.05453279998619,32.662801,True,True,1.430511474609375e-06
2713,80.08752592900419,32.898096,True,True,1.430511474609375e-06
2714,80.13773010799196,50.098906,True,True,1.430511474609375e-06
2715,80.17039924199344,32.533039,True,True,1.430511474609375e-06
2716,80.20234441000503,31.859117,True,True,1.430511474609375e-06
2717,80.2292011519894,26.769657,True,True,1.430511474609375e-06
2718,80.25931651800056,30.036063,True,True,1.430511474609375e-06
2719,80.29198300201097,32.59674,True,True,1.430511474609375e-06
2720,80.32451257199864,32.427127,True,True,1.430511474609375e-06
2721,80.35749122098787,32.840231,True,True,1.430511474609375e-06
2722,80.38542093598517,27.826252,True,True,1.430511474609375e-06
2723,80.40363930398598,18.13196,True,True,1.430511474609375e-06
2724,80.42161950998707,17.918962,True,True,1.430511474609375e-06
2725,80.43961694301106,17.946642,True,True,1.430511474609375e-06
2726,80.45757803600281,17.898011,True,True,1.430511474609375e-06
2727,80.47559379698941,17.963199,True,True,1.430511474609375e-06
2728,80.49376605599537,18.119245,True,True,1.430511474609375e-06
2729,80.51170962900505,17.893039,True,True,1.430511474609375e-06
2730,80.52946976400563,17.712112,True,True,1.430511474609375e-06
2731,80.54747439199127,17.955727,True,True,1.430511474609375e-06
2732,80.57047401799355,22.910854,True,True,1.430511474609375e-06
2733,80.60285230900627,32.289947,True,True,1.430511474609375e-06
2734,80.63595280901063,32.979516,True,True,1.430511474609375e-06
2735,80.6689035409945,32.811533,True,True,1.430511474609375e-06
2736,80.70184708200395,32.83176,True,True,1.430511474609375e-06
2737,80.73444314100198,32.482834,True,True,1.430511474609375e-06
2738,80.76739032499609,32.842973,True,True,1.430511474609375e-06
2739,80.800883007003,33.352867,True,True,1.430511474609375e-06
2740,80.85000364499865,48.983506,True,True,1.430511474609375e-06
2741,80.88252648100024,32.385282,True,True,1.430511474609375e-06
2742,80.91465662099654,32.034548,True,True,1.430511474609375e-06
2743,80.94742354200571,32.67957,True,True,1.430511474609375e-06
2744,80.97439074399881,26.868656,True,True,1.430511474609375e-06
2745,81.00454194599297,30.066863,True,True,1.430511474609375e-06
2746,81.03619264098234,31.529052,True,True,1.430511474609375e-06
2747,81.0688894620107,32.618301,True,True,1.430511474609375e-06
2748,81.10127381599159,32.294351,True,True,1.430511474609375e-06
2749,81.15010252199136,48.741756,True,True,1.430511474609375e-06
2750,81.18273585100542,32.496791,True,True,1.430511474609375e-06
2751,81.21522310300497,32.377861,True,True,1.430511474609375e-06
2752,81.24826617000508,32.945616,True,True,1.430511474609375e-06
2753,81.2874387849879,39.070109,True,True,1.430511474609375e-06
2754,81.32377056599944,36.215839,True,True,1.430511474609375e-06
2755,81.35430592598277,30.436146,True,True,1.430511474609375e-06
2756,81.38105682400055,26.666065,True,True,1.430511474609375e-06
2757,81.3992682560056,18.132798,True,True,1.430511474609375e-06
2758,81.41715330298757,17.824903,True,True,1.430511474609375e-06
2759,81.43513745898963,17.933421,True,True,1.430511474609375e-06
2760,81.45338228499168,18.192349,True,True,1.430511474609375e-06
2761,81.47126867299085,17.836272,True,True,1.430511474609375e-06
2762,81.48923300998285,17.913192,True,True,1.430511474609375e-06
2763,81.50729615500313,18.009793,True,True,1.430511474609375e-06
2764,81.52531138301129,17.96983,True,True,1.430511474609375e-06
2765,81.54342461799388,18.067319,True,True,1.430511474609375e-06
2766,81.56620916700922,22.731215,True,True,1.430511474609375e-06
2767,81.5977788149903,31.482617,True,True,1.430511474609375e-06
2768,81.6306417559972,32.776152,True,True,1.430511474609375e-06
2769,81.66346625398728,32.70427,True,True,1.430511474609375e-06
2770,81.69609586300794,32.513543,True,True,1.430511474609375e-06
2771,81.72878458700143,32.568549,True,True,1.430511474609375e-06
2772,81.76108058801037,32.210009,True,True,1.430511474609375e-06
2773,81.79341355100041,32.249521,True,True,1.430511474609375e-06
2774,81.8424621509912,48.968946,True,True,1.430511474609375e-06
2775,81.87464226500015,32.048124,True,True,1.430511474609375e-06
2776,81.90184037500876,27.116512,True,True,1.430511474609375e-06
2777,81.94514394499129,43.231141,True,True,1.430511474609375e-06
2778,81.98114685199107,35.898601,True,True,1.430511474609375e-06
2779,82.01368156200624,32.428457,True,True,1.430511474609375e-06
2780,82.04666523000924,32.86668,True,True,1.430511474609375e-06
2781,82.07856521499343,31.816675,True,True,1.430511474609375e-06
2782,82.11388332600472,35.243598,True,True,1.430511474609375e-06
2783,82.16058294801041,46.567086,True,True,1.430511474609375e-06
2784,82.19366675100173,32.974329,True,True,1.430511474609375e-06
2785,82.22616242300137,32.408038,True,True,1.430511474609375e-06
2786,82.2586194369942,32.372557,True,True,1.430511474609375e-06
2787,82.291725321993,32.950713,True,True,1.430511474609375e-06
2788,82.31882499498897,26.970179,True,True,1.430511474609375e-06
2789,82.34793230099604,29.032742,True,True,1.430511474609375e-06
2790,82.38001866498962,32.023627,True,True,1.430511474609375e-06
2791,82.40021445398452,20.114309,True,True,1.430511474609375e-06
2792,82.41808142498485,17.807882,True,True,1.430511474609375e-06
2793,82.43631730199559,18.181363,True,True,1.430511474609375e-06
2794,82.45414019399323,17.76944,True,True,1.430511474609375e-06
2795,82.47200226999121,17.812359,True,True,1.430511474609375e-06
2796,82.49006512298365,17.997713,True,True,1.430511474609375e-06
2797,82.50813343198388,18.016789,True,True,1.430511474609375e-06
2798,82.52620725499582,18.023791,True,True,1.430511474609375e-06
2799,82.54424647599808,17.991978,True,True,1.430511474609375e-06
2800,82.56227062200196,17.953601,True,True,1.430511474609375e-06
2801,82.6005409869831,38.215655,True,True,1.430511474609375e-06
2802,82.64102480199654,40.36692,True,True,1.430511474609375e-06
2803,82.6741515879985,33.019025,True,True,1.430511474609375e-06
2804,82.70618958200794,31.921809,True,True,1.430511474609375e-06
2805,82.73860081800376,32.320716,True,True,1.430511474609375e-06
2806,82.77145969300182,32.761333,True,True,1.430511474609375e-06
2807,82.80396708700573,32.406839,True,True,1.430511474609375e-06
2808,82.85342758399202,49.360443,True,True,1.430511474609375e-06
2809,82.8863250130089,32.766987,True,True,1.430511474609375e-06
2810,82.91360364799039,27.187244,True,True,1.430511474609375e-06
2811,82.94646505700075,32.787161,True,True,1.430511474609375e-06
2812,82.97582383899135,29.2511,True,True,1.430511474609375e-06
2813,83.00875161201111,32.854241,True,True,1.430511474609375e-06
2814,83.04203652200522,33.197846,True,True,1.430511474609375e-06
2815,83.07389869299368,31.77026,True,True,1.430511474609375e-06
2816,83.10644768600469,32.471549,True,True,1.430511474609375e-06
2817,83.15607794598327,49.542569,True,True,1.430511474609375e-06
2818,83.18841221899493,32.195869,True,True,1.430511474609375e-06
2819,83.22078238299582,32.291144,True,True,1.430511474609375e-06
2820,83.25449843599927,33.629605,True,True,1.430511474609375e-06
2821,83.28710221798974,32.47033,True,True,1.430511474609375e-06
2822,83.31903164298274,31.824711,True,True,1.430511474609375e-06
2823,83.34612041799119,27.006755,True,True,1.430511474609375e-06
2824,83.37668255099561,30.479442,True,True,1.430511474609375e-06
2825,83.39657784599694,19.821788,True,True,1.430511474609375e-06
2826,83.41468512400752,18.046922,True,True,1.430511474609375e-06
2827,83.43985206400976,25.111581,True,True,1.430511474609375e-06
2828,83.46171196000068,21.771645,True,True,1.430511474609375e-06
2829,83.48001681399182,18.243691,True,True,1.430511474609375e-06
2830,83.49824186699698,18.165606,True,True,1.430511474609375e-06
2831,83.51631377998274,18.018041,True,True,1.430511474609375e-06
2832,83.53579755401006,19.437593,True,True,1.430511474609375e-06
2833,83.55398294399492,18.126829,True,True,1.430511474609375e-06
2834,83.57710705100908,23.072299,True,True,1.430511474609375e-06
2835,83.6092955119966,32.100767,True,True,1.430511474609375e-06
2836,83.64220815800945,32.802393,True,True,1.430511474609375e-06
2837,83.67505945099401,32.733461,True,True,1.430511474609375e-06
2838,83.70806338600232,32.891705,True,True,1.430511474609375e-06
2839,83.74127389298519,33.098378,True,True,1.430511474609375e-06
2840,83.77429340500385,32.919939,True,True,1.430511474609375e-06
2841,83.80685663499753,32.464285,True,True,1.430511474609375e-06
2842,83.85685496698716,49.897809,True,True,1.430511474609375e-06
2843,83.88896919999388,31.980264,True,True,1.430511474609375e-06
2844,83.92215434499667,33.10448,True,True,1.430511474609375e-06
2845,83.95499392598867,32.738687,True,True,1.430511474609375e-06
2846,83.98758795499452,32.490975,True,True,1.430511474609375e-06
2847,84.02029236700037,32.594374,True,True,1.430511474609375e-06
2848,84.04778446399723,27.391635,True,True,1.430511474609375e-06
2849,84.07926251800382,31.377027,True,True,1.430511474609375e-06
2850,84.11384327098494,34.496679,True,True,1.430511474609375e-06
2851,84.15890278600273,44.922117,True,True,1.430511474609375e-06
2852,84.19180839098408,32.786742,True,True,1.430511474609375e-06
2853,84.2245519309945,32.653552,True,True,1.430511474609375e-06
2854,84.25778079300653,33.132427,True,True,1.430511474609375e-06
2855,84.30688281098264,48.993759,True,True,1.430511474609375e-06
2856,84.3400251629937,33.017494,True,True,1.430511474609375e-06
2857,84.37245823498233,32.341868,True,True,1.430511474609375e-06
2858,84.39337102000718,20.832284,True,True,1.430511474609375e-06
2859,84.41161564999493,18.182264,True,True,1.430511474609375e-06
2860,84.42974808200961,18.083598,True,True,1.430511474609375e-06
2861,84.44787718699081,18.081544,True,True,1.430511474609375e-06
2862,84.46589119400596,17.964013,True,True,1.430511474609375e-06
2863,84.48460021999199,18.655048,True,True,1.430511474609375e-06
2864,84.50272288901033,18.065966,True,True,1.430511474609375e-06
2865,84.52071101599722,17.938844,True,True,1.430511474609375e-06
2866,84.53854744200362,17.78939,True,True,1.430511474609375e-06
2867,84.55645289699896,17.8578,True,True,1.430511474609375e-06
2868,84.58681323900237,30.307811,True,True,1.430511474609375e-06
2869,84.61437895099516,27.466127,True,True,1.430511474609375e-06
2870,84.6440455869888,29.590061,True,True,1.430511474609375e-06
2871,84.676278044004,32.133247,True,True,1.430511474609375e-06
2872,84.70895238098456,32.560125,True,True,1.430511474609375e-06
2873,84.75474608698278,45.673509,True,True,1.430511474609375e-06
2874,84.78755300899502,32.674524,True,True,1.430511474609375e-06
2875,84.81994081300218,32.295366,True,True,1.430511474609375e-06
2876,84.86479106798652,44.75973,True,True,1.430511474609375e-06
2877,84.89609849499539,31.168059,True,True,1.430511474609375e-06
2878,84.92665464000311,30.471563,True,True,1.430511474609375e-06
2879,84.96008835898829,33.350402,True,True,1.430511474609375e-06
2880,84.99184472399065,31.633308,True,True,1.430511474609375e-06
2881,85.02467434300343,32.722476,True,True,1.430511474609375e-06
2882,85.05767144300626,32.87732,True,True,1.430511474609375e-06
2883,85.08999305599718,32.208827,True,True,1.430511474609375e-06
2884,85.13852646399755,48.433683,True,True,1.430511474609375e-06
2885,85.1729032919975,34.243732,True,True,1.430511474609375e-06
2886,85.20573347999016,32.72115,True,True,1.430511474609375e-06
2887,85.23810714899446,32.270604,True,True,1.430511474609375e-06
2888,85.27107333898311,32.855384,True,True,1.430511474609375e-06
2889,85.30353149099392,32.357565,True,True,1.430511474609375e-06
2890,85.33599099901039,32.380405,True,True,1.430511474609375e-06
2891,85.3638344630017,27.759373,True,True,1.430511474609375e-06
2892,85.38882145599928,24.913404,True,True,1.430511474609375e-06
2893,85.40700398600893,18.122005,True,True,1.430511474609375e-06
2894,85.42521694098832,18.164485,True,True,1.430511474609375e-06
2895,85.44355247198837,18.289308,True,True,1.430511474609375e-06
2896,85.46167497898568,18.069737,True,True,1.430511474609375e-06
2897,85.48010135898949,18.369254,True,True,1.430511474609375e-06
2898,85.49854264699388,18.351151,True,True,1.430511474609375e-06
2899,85.51665196899557,18.01861,True,True,1.430511474609375e-06
2900,85.53468052000972,17.960397,True,True,1.430511474609375e-06
2901,85.55409159598639,19.342758,True,True,1.430511474609375e-06
2902,85.57941310800379,25.219061,True,True,1.430511474609375e-06
2903,85.6100356039824,30.503819,True,True,1.430511474609375e-06
2904,85.6431644950062,33.048607,True,True,1.430511474609375e-06
2905,85.6755763060064,32.290236,True,True,1.430511474609375e-06
2906,85.70833203601069,32.650137,True,True,1.430511474609375e-06
2907,85.74207339101122,33.642364,True,True,1.430511474609375e-06
2908,85.77470944999368,32.520023,True,True,1.430511474609375e-06
2909,85.80819442900247,33.398021,True,True,1.430511474609375e-06
2910,85.85820728799445,49.924962,True,True,1.430511474609375e-06
2911,85.89117881900165,32.83553,True,True,1.430511474609375e-06
2912,85.92451781700947,33.240229,True,True,1.430511474609375e-06
2913,85.95763526301016,33.003551,True,True,1.430511474609375e-06
2914,85.98961922500166,31.863912,True,True,1.430511474609375e-06
2915,86.02293915799237,33.217145,True,True,1.430511474609375e-06
2916,86.05586814699927,32.823395,True,True,1.430511474609375e-06
2917,86.08830900100293,32.304043,True,True,1.430511474609375e-06
2918,86.13777696300531,49.360698,True,True,1.430511474609375e-06
2919,86.17083347999142,32.918106,True,True,1.430511474609375e-06
2920,86.22130278698751,50.358673,True,True,1.430511474609375e-06
2921,86.25384933798341,32.413838,True,True,1.430511474609375e-06
2922,86.2811058369989,27.167949,True,True,1.430511474609375e-06
2923,86.3133401320083,32.151081,True,True,1.430511474609375e-06
2924,86.34331209099037,29.876329,True,True,1.430511474609375e-06
2925,86.3763725720055,32.977753,True,True,1.430511474609375e-06
2926,86.39640752199921,19.942435,True,True,1.430511474609375e-06
2927,86.41465265600709,18.181634,True,True,1.430511474609375e-06
2928,86.43284650400165,18.138743,True,True,1.430511474609375e-06
2929,86.45109009800944,18.184721,True,True,1.430511474609375e-06
2930,86.46938298700843,18.238006,True,True,1.430511474609375e-06
2931,86.48734921298455,17.91374,True,True,1.430511474609375e-06
2932,86.50520194199635,17.804235,True,True,1.430511474609375e-06
2933,86.52311913398444,17.870192,True,True,1.430511474609375e-06
2934,86.54090200099745,17.734764,True,True,1.430511474609375e-06
2935,86.55888303599204,17.929562,True,True,1.430511474609375e-06
2936,86.59172928798944,32.790433,True,True,1.430511474609375e-06
2937,86.62453151500085,32.682321,True,True,1.430511474609375e-06
2938,86.65464093300398,30.001133,True,True,1.430511474609375e-06
2939,86.68705310599762,32.308068,True,True,1.430511474609375e-06
2940,86.71985611499986,32.685665,True,True,1.430511474609375e-06
2941,86.75244575701072,32.48779,True,True,1.430511474609375e-06
2942,86.78533744200831,32.756866,True,True,1.430511474609375e-06
2943,86.81816070698551,32.686275,True,True,1.430511474609375e-06
2944,86.85693711598287,38.673671,True,True,1.430511474609375e-06
2945,86.90113415499218,44.059299,True,True,1.430511474609375e-06
2946,86.9340196249832,32.749232,True,True,1.430511474609375e-06
2947,86.96659054499469,32.477423,True,True,1.430511474609375e-06
2948,87.0032786540105,36.603653,True,True,1.430511474609375e-06
2949,87.03852657598327,35.118711,True,True,1.430511474609375e-06
2950,87.07082694699056,32.210663,True,True,1.430511474609375e-06
2951,87.10367409899482,32.759294,True,True,1.430511474609375e-06
2952,87.15247706999071,48.705696,True,True,1.430511474609375e-06
2953,87.18441632998292,31.813135,True,True,1.430511474609375e-06
2954,87.21683310999651,32.341066,True,True,1.430511474609375e-06
2955,87.25001669599442,33.079965,True,True,1.430511474609375e-06
2956,87.28264971199678,32.526188,True,True,1.430511474609375e-06
2957,87.31518989001052,32.426389,True,True,1.430511474609375e-06
2958,87.34808970999438,32.800634,True,True,1.430511474609375e-06
2959,87.37522812900716,27.045317,True,True,1.430511474609375e-06
2960,87.39330449298723,18.002098,True,True,1.430511474609375e-06
2961,87.41161048100912,18.251421,True,True,1.430511474609375e-06
2962,87.42946392198792,17.802011,True,True,1.430511474609375e-06
2963,87.44732116098749,17.802574,True,True,1.430511474609375e-06
2964,87.46559130700189,18.220737,True,True,1.430511474609375e-06
2965,87.48361604500678,17.97501,True,True,1.430511474609375e-06
2966,87.50146015099017,17.792139,True,True,1.430511474609375e-06
2967,87.51946050400147,17.955005,True,True,1.430511474609375e-06
2968,87.53742609999608,17.919012,True,True,1.430511474609375e-06
2969,87.55542396899546,17.94939,True,True,1.430511474609375e-06
2970,87.58839613301097,32.919461,True,True,1.430511474609375e-06
2971,87.62105903800693,32.540739,True,True,1.430511474609375e-06
2972,87.6532481769973,32.055396,True,True,1.430511474609375e-06
2973,87.6859718709893,32.607823,True,True,1.430511474609375e-06
2974,87.71597674200893,29.889657,True,True,1.430511474609375e-06
2975,87.7473772619851,31.308244,True,True,1.430511474609375e-06
2976,87.78023357701022,32.772488,True,True,1.430511474609375e-06
2977,87.81277150899405,32.452994,True,True,1.430511474609375e-06
2978,87.8483858309919,35.52452,True,True,1.430511474609375e-06
2979,87.91200058200047,63.477832,True,True,1.430511474609375e-06
2980,87.94427908299258,32.154802,True,True,1.430511474609375e-06
2981,87.97676925099222,32.405407,True,True,1.430511474609375e-06
2982,88.00984446200891,32.971535,True,True,1.430511474609375e-06
2983,88.04189635498915,31.935429,True,True,1.430511474609375e-06
2984,88.06914282400976,27.164215,True,True,1.430511474609375e-06
2985,88.0989454399969,29.729015,True,True,1.430511474609375e-06
2986,88.14824056799989,49.196111,True,True,1.430511474609375e-06
2987,88.18045893398812,32.088149,True,True,1.430511474609375e-06
2988,88.21341223298805,32.863107,True,True,1.430511474609375e-06
2989,88.2461977310013,32.686159,True,True,1.430511474609375e-06
2990,88.27890665098676,32.590786,True,True,1.430511474609375e-06
2991,88.31162854499416,32.620747,True,True,1.430511474609375e-06
2992,88.34469787200214,32.951297,True,True,1.430511474609375e-06
2993,88.37765179900452,32.846147,True,True,1.430511474609375e-06
2994,88.39810693598702,20.355948,True,True,1.430511474609375e-06
2995,88.41607821799698,17.903617,True,True,1.430511474609375e-06
2996,88.43408957100473,17.957154,True,True,1.430511474609375e-06
2997,88.45236502899206,18.218807,True,True,1.430511474609375e-06
2998,88.47064060700359,18.210453,True,True,1.430511474609375e-06
2999,88.4888694990077,18.172254,True,True,1.430511474609375e-06
3000,88.50704973799293,18.105848,True,True,1.430511474609375e-06
3001,88.52771226098412,20.605111,True,True,1.430511474609375e-06
3002,88.55079038598342,22.993049,True,True,1.430511474609375e-06
3003,88.57705792499473,26.180949,True,True,1.430511474609375e-06
3004,88.6032590699906,26.11086,True,True,1.430511474609375e-06
3005,88.63548815299873,32.118931,True,True,1.430511474609375e-06
3006,88.66887578900787,33.278153,True,True,1.430511474609375e-06
3007,88.70073785400018,31.76613,True,True,1.430511474609375e-06
3008,88.73320372600574,32.381987,True,True,1.430511474609375e-06
3009,88.7663167869905,33.031324,True,True,1.430511474609375e-06
3010,88.79843466900638,32.033344,True,True,1.430511474609375e-06
3011,88.83084377198247,32.331924,True,True,1.430511474609375e-06
3012,88.87461194299976,43.684563,True,True,1.430511474609375e-06
3013,88.90394508698955,29.186581,True,True,1.430511474609375e-06
3014,88.93665303799207,32.630839,True,True,1.430511474609375e-06
3015,88.96947014698526,32.727409,True,True,1.430511474609375e-06
3016,89.00179058598587,32.237591,True,True,1.430511474609375e-06
3017,89.03402285199263,32.141258,True,True,1.430511474609375e-06
3018,89.06598524900619,31.88401,True,True,1.430511474609375e-06
3019,89.09826919599436,32.203586,True,True,1.430511474609375e-06
3020,89.14196808199631,43.609108,True,True,1.430511474609375e-06
3021,89.17122708700481,29.121805,True,True,1.430511474609375e-06
3022,89.21964191499865,48.340605,True,True,1.430511474609375e-06
3023,89.25169462000486,31.926504,True,True,1.430511474609375e-06
3024,89.2844571559981,32.67269,True,True,1.430511474609375e-06
3025,89.3168425129843,32.297298,True,True,1.430511474609375e-06
3026,89.34911837198888,32.200046,True,True,1.430511474609375e-06
3027,89.37654662100249,27.34988,True,True,1.430511474609375e-06
3028,89.39474593001069,18.135038,True,True,1.430511474609375e-06
3029,89.41269122398808,17.890363,True,True,1.430511474609375e-06
3030,89.4304997230065,17.75827,True,True,1.430511474609375e-06
3031,89.44852271399577,17.96718,True,True,1.430511474609375e-06
3032,89.46643734799,17.866096,True,True,1.430511474609375e-06
3033,89.48431395398802,17.829085,True,True,1.430511474609375e-06
3034,89.5023217049893,17.947117,True,True,1.430511474609375e-06
3035,89.52052328898571,18.15412,True,True,1.430511474609375e-06
3036,89.53841209301027,17.846416,True,True,1.430511474609375e-06
3037,89.55642418999923,17.968245,True,True,1.430511474609375e-06
3038,89.58840170598705,31.927361,True,True,1.430511474609375e-06
3039,89.62590723400353,37.402261,True,True,1.430511474609375e-06
3040,89.6531600439921,27.154721,True,True,1.430511474609375e-06
3041,89.68583517399384,32.596291,True,True,1.430511474609375e-06
3042,89.71635967900511,30.428991,True,True,1.430511474609375e-06
3043,89.74734125900432,30.904874,True,True,1.430511474609375e-06
3044,89.780060080986,32.6527,True,True,1.430511474609375e-06
3045,89.81272822400206,32.588701,True,True,1.430511474609375e-06
3046,89.84527236700524,32.465948,True,True,1.430511474609375e-06
3047,89.8944822519843,49.124496,True,True,1.430511474609375e-06
3048,89.92670382399228,32.088961,True,True,1.430511474609375e-06
3049,89.95841963699786,31.642058,True,True,1.430511474609375e-06
3050,89.9855918980029,27.103988,True,True,1.430511474609375e-06
3051,90.01612464300706,30.466167,True,True,1.430511474609375e-06
3052,90.0640410289925,47.848606,True,True,1.430511474609375e-06
3053,90.0966226849996,32.471565,True,True,1.430511474609375e-06
3054,90.14610693400027,49.388167,True,True,1.430511474609375e-06
3055,90.17832161200931,32.082676,True,True,1.430511474609375e-06
3056,90.21081341299578,32.418341,True,True,1.430511474609375e-06
3057,90.24297864901018,32.081695,True,True,1.430511474609375e-06
3058,90.2752688890032,32.21423,True,True,1.430511474609375e-06
3059,90.30186926698661,26.516373,True,True,1.430511474609375e-06
3060,90.33158322199597,29.651909,True,True,1.430511474609375e-06
3061,90.36414451000746,32.488602,True,True,1.430511474609375e-06
3062,90.39197436100221,27.74926,True,True,1.430511474609375e-06
3063,90.41010660800384,18.069783,True,True,1.430511474609375e-06
3064,90.42819013498956,18.030198,True,True,1.430511474609375e-06
3065,90.44632241499494,18.071724,True,True,1.430511474609375e-06
3066,90.46443350700429,18.054894,True,True,1.430511474609375e-06
3067,90.48278625900275,18.292407,True,True,1.430511474609375e-06
3068,90.50124864498503,18.345666,True,True,1.430511474609375e-06
3069,90.51947956200456,18.133531,True,True,1.430511474609375e-06
3070,90.5378414230072,18.288995,True,True,1.430511474609375e-06
3071,90.55573791800998,17.838864,True,True,1.430511474609375e-06
3072,90.58117027400294,25.357008,True,True,1.430511474609375e-06
3073,90.61361217100057,32.361778,True,True,1.430511474609375e-06
3074,90.64355732500553,29.800824,True,True,1.430511474609375e-06
3075,90.67492101399694,31.281979,True,True,1.430511474609375e-06
3076,90.70769847198972,32.696382,True,True,1.430511474609375e-06
3077,90.74009988200851,32.303424,True,True,1.430511474609375e-06
3078,90.77235049300361,32.168028,True,True,1.430511474609375e-06
3079,90.80441726199933,31.977695,True,True,1.430511474609375e-06
3080,90.83658647999982,32.089838,True,True,1.430511474609375e-06
3081,90.89159240399022,54.91616,True,True,1.430511474609375e-06
3082,90.92695098900003,35.2201,True,True,1.430511474609375e-06
3083,90.95864773998619,31.588226,True,True,1.430511474609375e-06
3084,90.99046753000584,31.749451,True,True,1.430511474609375e-06
3085,91.0229864490102,32.443544,True,True,1.430511474609375e-06
3086,91.0556279750017,32.559955,True,True,1.430511474609375e-06
3087,91.08792462199926,32.204204,True,True,1.430511474609375e-06
3088,91.118117134989,30.110715,True,True,1.430511474609375e-06
3089,91.1695202869887,51.284674,True,True,1.430511474609375e-06
3090,91.20198143899324,32.360866,True,True,1.430511474609375e-06
3091,91.22874717900413,26.683315,True,True,1.430511474609375e-06
3092,91.25900984701002,30.182446,True,True,1.430511474609375e-06
3093,91.29187724000076,32.795375,True,True,1.430511474609375e-06
3094,91.324039737985,32.07498,True,True,1.430511474609375e-06
3095,91.35636056298972,32.238438,True,True,1.430511474609375e-06
3096,91.38384550600313,27.398082,True,True,1.430511474609375e-06
3097,91.40201465098653,18.104851,True,True,1.430511474609375e-06
3098,91.41984686200158,17.777338,True,True,1.430511474609375e-06
3099,91.43772175599588,17.825239,True,True,1.430511474609375e-06
3100,91.45563570500235,17.85569,True,True,1.430511474609375e-06
3101,91.47371858899714,18.029313,True,True,1.430511474609375e-06
3102,91.49181159498403,18.03494,True,True,1.430511474609375e-06
3103,91.50982747398666,17.964947,True,True,1.430511474609375e-06
3104,91.52764988099807,17.771494,True,True,1.430511474609375e-06
3105,91.54566010899725,17.961023,True,True,1.430511474609375e-06
3106,91.56366391200572,17.946084,True,True,1.430511474609375e-06
3107,91.5958833929908,32.157871,True,True,1.430511474609375e-06
3108,91.63301611700444,37.044035,True,True,1.430511474609375e-06
3109,91.66607695099083,32.9597,True,True,1.430511474609375e-06
3110,91.69906295600231,32.861728,True,True,1.430511474609375e-06
3111,91.73166267600027,32.485235,True,True,1.430511474609375e-06
3112,91.76445986199542,32.697933,True,True,1.430511474609375e-06
3113,91.79674942098791,32.204972,True,True,1.430511474609375e-06
3114,91.82385535200592,27.017012,True,True,1.430511474609375e-06
3115,91.85343556199223,29.514223,True,True,1.430511474609375e-06
3116,91.90214710499276,48.644345,True,True,1.430511474609375e-06
3117,91.93458780698711,32.310859,True,True,1.430511474609375e-06
3118,91.96698894398287,32.301519,True,True,1.430511474609375e-06
3119,91.99962019198574,32.551335,True,True,1.430511474609375e-06
3120,92.0324005089933,32.688281,True,True,1.430511474609375e-06
3121,92.06489903799957,32.416835,True,True,1.430511474609375e-06
3122,92.09757810700103,32.599483,True,True,1.430511474609375e-06
3123,92.14163655100856,43.968814,True,True,1.430511474609375e-06
3124,92.1709422179847,29.165598,True,True,1.430511474609375e-06
3125,92.20341272299993,32.387825,True,True,1.430511474609375e-06
3126,92.23572822500137,32.219238,True,True,1.430511474609375e-06
3127,92.26805895098369,32.252498,True,True,1.430511474609375e-06
3128,92.3007133769861,32.571038,True,True,1.430511474609375e-06
3129,92.33291791798547,32.127348,True,True,1.430511474609375e-06
3130,92.3650228230108,32.029858,True,True,1.430511474609375e-06
3131,92.38554799699341,20.440871,True,True,1.430511474609375e-06
3132,92.40346446901094,17.858263,True,True,1.430511474609375e-06
3133,92.42140080098761,17.88442,True,True,1.430511474609375e-06
3134,92.4392971979978,17.846611,True,True,1.430511474609375e-06
3135,92.45732006500475,17.966743,True,True,1.430511474609375e-06
3136,92.47536600599415,17.984284,True,True,1.430511474609375e-06
3137,92.49313936100225,17.717688,True,True,1.430511474609375e-06
3138,92.51116474700393,17.973495,True,True,1.430511474609375e-06
3139,92.52913783499389,17.929592,True,True,1.430511474609375e-06
3140,92.54721471999073,18.027185,True,True,1.430511474609375e-06
3141,92.57275412100716,25.473867,True,True,1.430511474609375e-06
3142,92.60998714299058,37.158918,True,True,1.430511474609375e-06
3143,92.64268636898487,32.607766,True,True,1.430511474609375e-06
3144,92.67561093100812,32.810882,True,True,1.430511474609375e-06
3145,92.70777991999057,32.066024,True,True,1.430511474609375e-06
3146,92.73452755899052,26.660368,True,True,1.430511474609375e-06
3147,92.76418015899253,29.588057,True,True,1.430511474609375e-06
3148,92.79908666698611,34.835095,True,True,1.430511474609375e-06
3149,92.84405052100192,44.841539,True,True,1.430511474609375e-06
3150,92.87921481800731,35.063409,True,True,1.430511474609375e-06
3151,92.9258230359992,46.479583,True,True,1.430511474609375e-06
3152,92.95832208299544,32.390304,True,True,1.430511474609375e-06
3153,92.99058063401026,32.171232,True,True,1.430511474609375e-06
3154,93.0233911399846,32.721156,True,True,1.430511474609375e-06
3155,93.04849345900584,25.006917,True,True,1.430511474609375e-06
3156,93.0805932850053,32.032983,True,True,1.430511474609375e-06
3157,93.12810287400498,47.424648,True,True,1.430511474609375e-06
3158,93.1624814789975,34.245526,True,True,1.430511474609375e-06
3159,93.19589680299396,33.30242,True,True,1.430511474609375e-06
3160,93.22789336100686,31.902676,True,True,1.430511474609375e-06
3161,93.26091611600714,32.924274,True,True,1.430511474609375e-06
3162,93.29373028999544,32.71263,True,True,1.430511474609375e-06
3163,93.32629281998379,32.468929,True,True,1.430511474609375e-06
3164,93.35922244199901,32.83371,True,True,1.430511474609375e-06
3165,93.38644651998766,27.12407,True,True,1.430511474609375e-06
3166,93.40449086599983,17.967805,True,True,1.430511474609375e-06
3167,93.42277489998378,18.222208,True,True,1.430511474609375e-06
3168,93.44094750200748,18.116375,True,True,1.430511474609375e-06
3169,93.45895818498684,17.95571,True,True,1.430511474609375e-06
3170,93.47732281900244,18.310588,True,True,1.430511474609375e-06
3171,93.49537922398304,17.999196,True,True,1.430511474609375e-06
3172,93.51335253598518,17.915257,True,True,1.430511474609375e-06
3173,93.53117371900589,17.774386,True,True,1.430511474609375e-06
3174,93.54914193198783,17.915046,True,True,1.430511474609375e-06
3175,93.56729204198928,18.103651,True,True,1.430511474609375e-06
3176,93.59941076798714,32.060962,True,True,1.430511474609375e-06
3177,93.63715678500012,37.61975,True,True,1.430511474609375e-06
3178,93.67009989699,32.825456,True,True,1.430511474609375e-06
3179,93.7028712790052,32.648725,True,True,1.430511474609375e-06
3180,93.73487607899006,31.900068,True,True,1.430511474609375e-06
3181,93.75976782900398,24.805811,True,True,1.430511474609375e-06
3182,93.79125750798266,31.418493,True,True,1.430511474609375e-06
3183,93.82438749299035,33.052568,True,True,1.430511474609375e-06
3184,93.85680722698453,32.324116,True,True,1.430511474609375e-06
3185,93.90591659100028,49.006947,True,True,1.430511474609375e-06
3186,93.93829027700122,32.241134,True,True,1.430511474609375e-06
3187,93.97067729898845,32.296062,True,True,1.430511474609375e-06
3188,94.0030542369932,32.277687,True,True,1.430511474609375e-06
3189,94.03508295500069,31.906701,True,True,1.430511474609375e-06
3190,94.06212623199099,26.958432,True,True,1.430511474609375e-06
3191,94.09204202899127,29.84324,True,True,1.430511474609375e-06
3192,94.14240989100654,50.292034,True,True,1.430511474609375e-06
3193,94.1747754990065,32.226358,True,True,1.430511474609375e-06
3194,94.20710679001058,32.209143,True,True,1.430511474609375e-06
3195,94.23882333000074,31.622594,True,True,1.430511474609375e-06
3196,94.27156044798903,32.648499,True,True,1.430511474609375e-06
3197,94.30474561298615,33.046038,True,True,1.430511474609375e-06
3198,94.33801151899388,33.163315,True,True,1.430511474609375e-06
3199,94.37066007300746,32.548058,True,True,1.430511474609375e-06
3200,94.39139544899808,20.617723,True,True,1.430511474609375e-06
3201,94.40960455799359,18.145778,True,True,1.430511474609375e-06
3202,94.42791410000063,18.252372,True,True,1.430511474609375e-06
3203,94.44627312998637,18.309293,True,True,1.430511474609375e-06
3204,94.4643602919823,18.01962,True,True,1.430511474609375e-06
3205,94.48923571698833,24.802236,True,True,1.430511474609375e-06
3206,94.5109550950001,21.636362,True,True,1.430511474609375e-06
3207,94.52892103599152,17.908896,True,True,1.430511474609375e-06
3208,94.54687243601074,17.902182,True,True,1.430511474609375e-06
3209,94.56982289999723,22.887905,True,True,1.430511474609375e-06
3210,94.59669792698696,26.783575,True,True,1.430511474609375e-06
3211,94.62578921299428,28.995485,True,True,1.430511474609375e-06
3212,94.65819216601085,32.335017,True,True,1.430511474609375e-06
3213,94.69067817000905,32.378449,True,True,1.430511474609375e-06
3214,94.72295559299528,32.17465,True,True,1.430511474609375e-06
3215,94.75530776599771,32.273595,True,True,1.430511474609375e-06
3216,94.78747346598539,32.078527,True,True,1.430511474609375e-06
3217,94.82025405199965,32.695991,True,True,1.430511474609375e-06
3218,94.85209029100952,31.759236,True,True,1.430511474609375e-06
3219,94.8933145510091,41.138349,True,True,1.430511474609375e-06
3220,94.92622766300337,32.77435,True,True,1.430511474609375e-06
3221,94.95884825399844,32.532418,True,True,1.430511474609375e-06
3222,94.99115127298865,32.197711,True,True,1.430511474609375e-06
3223,95.02400578800007,32.755543,True,True,1.430511474609375e-06
3224,95.05711431498639,33.005689,True,True,1.430511474609375e-06
3225,95.08932981200633,32.119589,True,True,1.430511474609375e-06
3226,95.1541159109911,64.681804,True,True,1.430511474609375e-06
3227,95.18638641099096,32.132796,True,True,1.430511474609375e-06
3228,95.21889807999833,32.424597,True,True,1.430511474609375e-06
3229,95.24603270200896,27.034751,True,True,1.430511474609375e-06
3230,95.27601158199832,29.888075,True,True,1.430511474609375e-06
3231,95.3084553469962,32.366489,True,True,1.430511474609375e-06
3232,95.34134157199878,32.808535,True,True,1.430511474609375e-06
3233,95.37388987300801,32.466411,True,True,1.430511474609375e-06
3234,95.3941077569907,20.136386,True,True,1.430511474609375e-06
3235,95.41217714399681,18.005046,True,True,1.430511474609375e-06
3236,95.43022744200425,17.997388,True,True,1.430511474609375e-06
3237,95.44828894300736,18.011166,True,True,1.430511474609375e-06
3238,95.46623073099181,17.890161,True,True,1.430511474609375e-06
3239,95.4844019380107,18.116241,True,True,1.430511474609375e-06
3240,95.50249656900996,18.040141,True,True,1.430511474609375e-06
3241,95.52027211300447,17.723157,True,True,1.430511474609375e-06
3242,95.53829562399187,17.980651,True,True,1.430511474609375e-06
3243,95.55600709299324,17.666448,True,True,1.430511474609375e-06
3244,95.58662960899528,30.573659,True,True,1.430511474609375e-06
3245,95.61905398700037,32.342628,True,True,1.430511474609375e-06
3246,95.65146688499954,32.326701,True,True,1.430511474609375e-06
3247,95.68391766399145,32.351778,True,True,1.430511474609375e-06
3248,95.71606646000873,32.054006,True,True,1.430511474609375e-06
3249,95.7489333539852,32.782676,True,True,1.430511474609375e-06
3250,95.78164101700531,32.625336,True,True,1.430511474609375e-06
3251,95.83054024601006,48.806647,True,True,1.430511474609375e-06
3252,95.86302972998237,32.36963,True,True,1.430511474609375e-06
3253,95.9066556970065,43.536772,True,True,1.430511474609375e-06
3254,95.93703791699954,30.24378,True,True,1.430511474609375e-06
3255,95.9700823329913,32.957287,True,True,1.430511474609375e-06
3256,96.00321790098678,33.009731,True,True,1.430511474609375e-06
3257,96.03563885900076,32.312737,True,True,1.430511474609375e-06
3258,96.06828858199879,32.547395,True,True,1.430511474609375e-06
3259,96.10036144798505,31.976039,True,True,1.430511474609375e-06
3260,96.1497715979931,49.321027,True,True,1.430511474609375e-06
3261,96.18239805600024,32.494958,True,True,1.430511474609375e-06
3262,96.21465652401093,32.167261,True,True,1.430511474609375e-06
3263,96.24695119599346,32.204002,True,True,1.430511474609375e-06
3264,96.27902883500792,31.990787,True,True,1.430511474609375e-06
3265,96.30396492200089,24.850472,True,True,1.430511474609375e-06
3266,96.33618900401052,32.154567,True,True,1.430511474609375e-06
3267,96.36898997699609,32.696412,True,True,1.430511474609375e-06
3268,96.38930603800691,20.216718,True,True,1.430511474609375e-06
3269,96.407510369987,18.14089,True,True,1.430511474609375e-06
3270,96.42581669299398,18.249979,True,True,1.430511474609375e-06
3271,96.443922387989,18.052904,True,True,1.430511474609375e-06
3272,96.46174087698455,17.76712,True,True,1.430511474609375e-06
3273,96.47977830699529,17.982204,True,True,1.430511474609375e-06
3274,96.49796404299559,18.134346,True,True,1.430511474609375e-06
3275,96.51575267998851,17.741934,True,True,1.430511474609375e-06
3276,96.53372630500235,17.929922,True,True,1.430511474609375e-06
3277,96.5515003670007,17.723142,True,True,1.430511474609375e-06
3278,96.58181279699784,30.262157,True,True,1.430511474609375e-06
3279,96.61303930298891,31.122286,True,True,1.430511474609375e-06
3280,96.66236652000225,49.24424,True,True,1.430511474609375e-06
3281,96.69452406899654,32.023934,True,True,1.430511474609375e-06
3282,96.72737508598948,32.752647,True,True,1.430511474609375e-06
3283,96.76022437299252,32.742843,True,True,1.430511474609375e-06
3284,96.79287957798806,32.548949,True,True,1.430511474609375e-06
3285,96.82607921000454,33.093052,True,True,1.430511474609375e-06
3286,96.85862348700175,32.457034,True,True,1.430511474609375e-06
3287,96.89262412599055,33.911102,True,True,1.430511474609375e-06
3288,96.93556976001128,42.804224,True,True,1.430511474609375e-06
3289,96.96759641999961,31.885244,True,True,1.430511474609375e-06
3290,96.99818292199052,30.493371,True,True,1.430511474609375e-06
3291,97.0308231349918,32.531623,True,True,1.430511474609375e-06
3292,97.06283501398866,31.918389,True,True,1.430511474609375e-06
3293,97.09534706600243,32.439873,True,True,1.430511474609375e-06
3294,97.14499472099124,49.560635,True,True,1.430511474609375e-06
3295,97.17718711399357,32.062289,True,True,1.430511474609375e-06
3296,97.20958117599366,32.315821,True,True,1.430511474609375e-06
3297,97.24202057500952,32.356593,True,True,1.430511474609375e-06
3298,97.2742397050024,32.130561,True,True,1.430511474609375e-06
3299,97.3010183419974,26.698302,True,True,1.430511474609375e-06
3300,97.33107783700689,29.99539,True,True,1.430511474609375e-06
3301,97.36413177099894,32.988955,True,True,1.430511474609375e-06
3302,97.39130725999712,27.08585,True,True,1.430511474609375e-06
3303,97.40959936898435,18.225938,True,True,1.430511474609375e-06
3304,97.42743193599745,17.776447,True,True,1.430511474609375e-06
3305,97.44555596000282,18.071704,True,True,1.430511474609375e-06
3306,97.46373881900217,18.129913,True,True,1.430511474609375e-06
3307,97.48882138199406,25.02983,True,True,1.430511474609375e-06
3308,97.51060437998967,21.69688,True,True,1.430511474609375e-06
3309,97.52881590899779,18.142906,True,True,1.430511474609375e-06
3310,97.5468361940002,17.966856,True,True,1.430511474609375e-06
3311,97.5647017149895,17.812333,True,True,1.430511474609375e-06
3312,97.59527274398715,30.514915,True,True,1.430511474609375e-06
3313,97.62716055000783,31.790926,True,True,1.430511474609375e-06
3314,97.6605324280099,33.286129,True,True,1.430511474609375e-06
3315,97.69319789099973,32.54737,True,True,1.430511474609375e-06
3316,97.72592041399912,32.605981,True,True,1.430511474609375e-06
3317,97.75930814599269,33.292932,True,True,1.430511474609375e-06
3318,97.79148509199149,32.037082,True,True,1.430511474609375e-06
3319,97.81861202800064,27.039936,True,True,1.430511474609375e-06
3320,97.85129200699157,32.590965,True,True,1.430511474609375e-06
3321,97.88167775399052,30.268198,True,True,1.430511474609375e-06
3322,97.93139376799809,49.587886,True,True,1.430511474609375e-06
3323,97.96393797898781,32.407313,True,True,1.430511474609375e-06
3324,97.99694286598242,32.909093,True,True,1.430511474609375e-06
3325,98.02936120098457,32.325153,True,True,1.430511474609375e-06
3326,98.06288422300713,33.440675,True,True,1.430511474609375e-06
3327,98.09484722898924,31.869941,True,True,1.430511474609375e-06
3328,98.1449490560044,50.008586,True,True,1.430511474609375e-06
3329,98.17712853298872,32.042361,True,True,1.430511474609375e-06
3330,98.20994605499436,32.728761,True,True,1.430511474609375e-06
3331,98.24270662799245,32.650887,True,True,1.430511474609375e-06
3332,98.27579071599757,32.987543,True,True,1.430511474609375e-06
3333,98.30807096100762,32.196204,True,True,1.430511474609375e-06
3334,98.33529623399954,27.138745,True,True,1.430511474609375e-06
3335,98.36442878699745,29.052311,True,True,1.430511474609375e-06
3336,98.39120649200049,26.714696,True,True,1.430511474609375e-06
3337,98.40960245300084,18.333162,True,True,1.430511474609375e-06
3338,98.42767639399972,18.022915,True,True,1.430511474609375e-06
3339,98.44624876999296,18.518763,True,True,1.430511474609375e-06
3340,98.46469358098693,18.387025,True,True,1.430511474609375e-06
3341,98.48264062800445,17.89213,True,True,1.430511474609375e-06
3342,98.50047028498375,17.776736,True,True,1.430511474609375e-06
3343,98.51848371900269,17.963488,True,True,1.430511474609375e-06
3344,98.53697179298615,18.440513,True,True,1.430511474609375e-06
3345,98.55513539700769,18.108582,True,True,1.430511474609375e-06
3346,98.57817281899042,22.987401,True,True,1.430511474609375e-06
3347,98.61025947899907,32.017761,True,True,1.430511474609375e-06
3348,98.64359421900008,33.247647,True,True,1.430511474609375e-06
3349,98.67601935798302,32.319777,True,True,1.430511474609375e-06
3350,98.70894501998555,32.821691,True,True,1.430511474609375e-06
3351,98.74182833000668,32.775495,True,True,1.430511474609375e-06
3352,98.76926710800035,27.322361,True,True,1.430511474609375e-06
3353,98.80184496898437,32.492825,True,True,1.430511474609375e-06
3354,98.83197351900162,30.024656,True,True,1.430511474609375e-06
3355,98.8631802739983,31.119335,True,True,1.430511474609375e-06
3356,98.89830227100174,35.034104,True,True,1.430511474609375e-06
3357,98.94437608699081,45.935249,True,True,1.430511474609375e-06
3358,98.9765233869839,32.020942,True,True,1.430511474609375e-06
3359,99.00906867199228,32.454549,True,True,1.430511474609375e-06
3360,99.04222749799374,33.052009,True,True,1.430511474609375e-06
3361,99.06935764400987,27.020456,True,True,1.430511474609375e-06
3362,99.1012548749859,31.808923,True,True,1.430511474609375e-06
3363,99.15128178600571,49.921118,True,True,1.430511474609375e-06
3364,99.18142541899579,30.010133,True,True,1.430511474609375e-06
3365,99.21323152800323,31.716605,True,True,1.430511474609375e-06
3366,99.24665268699755,33.332867,True,True,1.430511474609375e-06
3367,99.27923993600416,32.468101,True,True,1.430511474609375e-06
3368,99.31177266201121,32.426214,True,True,1.430511474609375e-06
3369,99.34535997698549,33.486505,True,True,1.430511474609375e-06
3370,99.377889358002,32.419706,True,True,1.430511474609375e-06
3371,99.40596730800462,27.980578,True,True,1.430511474609375e-06
3372,99.42749441298656,21.435499,True,True,1.430511474609375e-06
3373,99.44579041798715,18.228655,True,True,1.430511474609375e-06
3374,99.46440686399,18.555348,True,True,1.430511474609375e-06
3375,99.48254277699743,18.068229,True,True,1.430511474609375e-06
3376,99.50053578900406,17.933445,True,True,1.430511474609375e-06
3377,99.51899186399532,18.396243,True,True,1.430511474609375e-06
3378,99.53725991299143,18.204014,True,True,1.430511474609375e-06
3379,99.55536018998828,18.042302,True,True,1.430511474609375e-06
3380,99.57816622499377,22.751084,True,True,1.430511474609375e-06
3381,99.61153100099182,33.274019,True,True,1.430511474609375e-06
3382,99.64432453198242,32.685179,True,True,1.430511474609375e-06
3383,99.67697518700152,32.537348,True,True,1.430511474609375e-06
3384,99.71023405599408,33.141393,True,True,1.430511474609375e-06
3385,99.74267111698282,32.318583,True,True,1.430511474609375e-06
3386,99.7750576059916,32.281696,True,True,1.430511474609375e-06
3387,99.80262386999675,27.468728,True,True,1.430511474609375e-06
3388,99.83455305200187,31.843252,True,True,1.430511474609375e-06
3389,99.8651838619844,30.535803,True,True,1.430511474609375e-06
3390,99.89725757500855,31.988706,True,True,1.430511474609375e-06
3391,99.94750131500768,50.137553,True,True,1.430511474609375e-06
3392,99.97962318200734,31.988751,True,True,1.430511474609375e-06
3393,100.01362915401114,33.897967,True,True,1.430511474609375e-06
3394,100.04625124498853,32.482944,True,True,1.430511474609375e-06
3395,100.07870835598442,32.352561,True,True,1.430511474609375e-06
3396,100.11439929599874,35.591463,True,True,1.430511474609375e-06
3397,100.16086276600254,46.332909,True,True,1.430511474609375e-06
3398,100.19394163999823,32.966532,True,True,1.430511474609375e-06
3399,100.22679369800608,32.768182,True,True,1.430511474609375e-06
3400,100.25912149398937,32.243652,True,True,1.430511474609375e-06
3401,100.29173539299518,32.539059,True,True,1.430511474609375e-06
3402,100.32433218500228,32.520556,True,True,1.430511474609375e-06
3403,100.35150055299164,27.088125,True,True,1.430511474609375e-06
3404,100.38187418799498,30.305934,True,True,1.430511474609375e-06
3405,100.40137667299132,19.43835,True,True,1.430511474609375e-06
3406,100.42003355399356,18.598399,True,True,1.430511474609375e-06
3407,100.43817043700255,18.083045,True,True,1.430511474609375e-06
3408,100.45609821699327,17.881246,True,True,1.430511474609375e-06
3409,100.47416464600246,18.014844,True,True,1.430511474609375e-06
3410,100.49227642899496,18.051807,True,True,1.430511474609375e-06
3411,100.51103825200698,18.700637,True,True,1.430511474609375e-06
3412,100.52923105098307,18.143353,True,True,1.430511474609375e-06
3413,100.54736158999731,18.083261,True,True,1.430511474609375e-06
3414,100.56560291600181,18.188633,True,True,1.430511474609375e-06
3415,100.59567885499564,30.016902,True,True,1.430511474609375e-06
3416,100.62925567099592,33.508792,True,True,1.430511474609375e-06
3417,100.66202123800758,32.641334,True,True,1.430511474609375e-06
3418,100.6948022999859,32.669605,True,True,1.430511474609375e-06
3419,100.72794684499968,33.03278,True,True,1.430511474609375e-06
3420,100.76026149600511,32.222585,True,True,1.430511474609375e-06
3421,100.7926819770073,32.335822,True,True,1.430511474609375e-06
3422,100.82584784098435,33.046496,True,True,1.430511474609375e-06
3423,100.85826966099557,32.320177,True,True,1.430511474609375e-06
3424,100.88514086799114,26.784077,True,True,1.430511474609375e-06
3425,100.9319174719858,46.706829,True,True,1.430511474609375e-06
3426,100.9644634439901,32.407013,True,True,1.430511474609375e-06
3427,100.99683228199137,32.279244,True,True,1.430511474609375e-06
3428,101.02959946999908,32.667545,True,True,1.430511474609375e-06
3429,101.06247770399204,32.779416,True,True,1.430511474609375e-06
3430,101.11396570000215,51.406811,True,True,1.430511474609375e-06
3431,101.16088372399099,46.777043,True,True,1.430511474609375e-06
3432,101.19389738698374,32.888148,True,True,1.430511474609375e-06
3433,101.22607468499336,32.071965,True,True,1.430511474609375e-06
3434,101.25902759601013,32.874334,True,True,1.430511474609375e-06
3435,101.29158126699622,32.457754,True,True,1.430511474609375e-06
3436,101.31885915400926,27.171724,True,True,1.430511474609375e-06
3437,101.35114538201015,32.212933,True,True,1.430511474609375e-06
3438,101.38107485100045,29.849848,True,True,1.430511474609375e-06
3439,101.40179096200154,20.65125,True,True,1.430511474609375e-06
3440,101.4199010769953,18.053717,True,True,1.430511474609375e-06
3441,101.43800334600382,18.041194,True,True,1.430511474609375e-06
3442,101.45625727300649,18.193161,True,True,1.430511474609375e-06
3443,101.47459298398462,18.231263,True,True,1.430511474609375e-06
3444,101.49334767699474,18.679714,True,True,1.430511474609375e-06
3445,101.51136859599501,17.954631,True,True,1.430511474609375e-06
3446,101.5295421339979,18.119674,True,True,1.430511474609375e-06
3447,101.54754572699312,17.947819,True,True,1.430511474609375e-06
3448,101.56553599200561,17.940976,True,True,1.430511474609375e-06
3449,101.5968921679887,31.273237,True,True,1.430511474609375e-06
3450,101.62939278499107,32.382841,True,True,1.430511474609375e-06
3451,101.66174492699793,32.25341,True,True,1.430511474609375e-06
3452,101.69478416899801,32.937342,True,True,1.430511474609375e-06
3453,101.73017281398643,35.273948,True,True,1.430511474609375e-06
3454,101.78005527198547,49.781294,True,True,1.430511474609375e-06
3455,101.81283564199111,32.639063,True,True,1.430511474609375e-06
3456,101.84610329999123,33.161467,True,True,1.430511474609375e-06
3457,101.87922590898233,33.018833,True,True,1.430511474609375e-06
3458,101.91363296299824,34.296478,True,True,1.430511474609375e-06
3459,101.96063765100553,46.804229,True,True,1.430511474609375e-06
3460,101.99306530799367,32.285359,True,True,1.430511474609375e-06
3461,102.02565488900291,32.496197,True,True,1.430511474609375e-06
3462,102.05902275900007,33.279113,True,True,1.430511474609375e-06
3463,102.08616259298287,27.045936,True,True,1.430511474609375e-06
3464,102.13120700098807,44.978778,True,True,1.430511474609375e-06
3465,102.16546138498234,34.129416,True,True,1.430511474609375e-06
3466,102.196936835011,31.381128,True,True,1.430511474609375e-06
3467,102.22918542200932,32.178754,True,True,1.430511474609375e-06
3468,102.2631094539829,33.842467,True,True,1.430511474609375e-06
3469,102.29534382699057,32.15132,True,True,1.430511474609375e-06
3470,102.32762936298968,32.206341,True,True,1.430511474609375e-06
3471,102.36049309998634,32.78277,True,True,1.430511474609375e-06
3472,102.38775712100323,27.151608,True,True,1.430511474609375e-06
3473,102.41326264900272,25.399161,True,True,1.430511474609375e-06
3474,102.4343682419858,21.036075,True,True,1.430511474609375e-06
3475,102.45266507999622,18.224335,True,True,1.430511474609375e-06
3476,102.47069410499535,17.968125,True,True,1.430511474609375e-06
3477,102.48879840699374,18.045819,True,True,1.430511474609375e-06
3478,102.50771459299722,18.861726,True,True,1.430511474609375e-06
3479,102.52587219400448,18.107525,True,True,1.430511474609375e-06
3480,102.5441512230027,18.224698,True,True,1.430511474609375e-06
3481,102.56246438398375,18.25299,True,True,1.430511474609375e-06
3482,102.59248238999862,29.963586,True,True,1.430511474609375e-06
3483,102.61971148298471,27.133466,True,True,1.430511474609375e-06
3484,102.65279764999286,32.995006,True,True,1.430511474609375e-06
3485,102.68493343101,32.014572,True,True,1.430511474609375e-06
3486,102.71529248400475,30.241814,True,True,1.430511474609375e-06
3487,102.7464147330029,31.03021,True,True,1.430511474609375e-06
3488,102.7791990749829,32.694276,True,True,1.430511474609375e-06
3489,102.81192624900723,32.61978,True,True,1.430511474609375e-06
3490,102.84439026200562,32.379052,True,True,1.430511474609375e-06
3491,102.87663329398492,32.15994,True,True,1.430511474609375e-06
3492,102.90867958098534,31.957885,True,True,1.430511474609375e-06
3493,102.9573618209979,48.586761,True,True,1.430511474609375e-06
3494,102.98458069798653,27.085464,True,True,1.430511474609375e-06
3495,103.01512225798797,30.446462,True,True,1.430511474609375e-06
3496,103.04761394500383,32.41079,True,True,1.430511474609375e-06
3497,103.08013946400024,32.409435,True,True,1.430511474609375e-06
3498,103.12820315200952,47.963872,True,True,1.430511474609375e-06
3499,103.16328537699883,34.942134,True,True,1.430511474609375e-06
3500,103.19587875000434,32.454053,True,True,1.430511474609375e-06
3501,103.23118842500844,35.212956,True,True,1.430511474609375e-06
3502,103.27778573599062,46.464022,True,True,1.430511474609375e-06
3503,103.31005765000009,32.136013,True,True,1.430511474609375e-06
3504,103.3431743090041,33.030164,True,True,1.430511474609375e-06
3505,103.37656321001123,33.246385,True,True,1.430511474609375e-06
3506,103.39698232201044,20.281048,True,True,1.430511474609375e-06
3507,103.41495202900842,17.910033,True,True,1.430511474609375e-06
3508,103.43293515100959,17.929639,True,True,1.430511474609375e-06
3509,103.45096497799386,17.969216,True,True,1.430511474609375e-06
3510,103.46908122301102,18.048787,True,True,1.430511474609375e-06
3511,103.48713198699988,17.993098,True,True,1.430511474609375e-06
3512,103.50519225199241,17.997669,True,True,1.430511474609375e-06
3513,103.5232776159828,18.034827,True,True,1.430511474609375e-06
3514,103.54138028499437,18.048753,True,True,1.430511474609375e-06
3515,103.5591979539895,17.765672,True,True,1.430511474609375e-06
3516,103.58438498200849,25.134812,True,True,1.430511474609375e-06
3517,103.622058879002,37.572588,True,True,1.430511474609375e-06
3518,103.65511233799043,32.932838,True,True,1.430511474609375e-06
3519,103.68816429900471,32.952736,True,True,1.430511474609375e-06
3520,103.72068109500105,32.424593,True,True,1.430511474609375e-06
3521,103.75340392999351,32.631403,True,True,1.430511474609375e-06
3522,103.78553985498729,32.053152,True,True,1.430511474609375e-06
3523,103.81272493099095,27.064796,True,True,1.430511474609375e-06
3524,103.8428850779892,30.047938,True,True,1.430511474609375e-06
3525,103.8751528649882,32.17889,True,True,1.430511474609375e-06
3526,103.90761904098326,32.362979,True,True,1.430511474609375e-06
3527,103.9570741619973,49.347457,True,True,1.430511474609375e-06
3528,103.98940624698298,32.203703,True,True,1.430511474609375e-06
3529,104.02150792398606,31.997827,True,True,1.430511474609375e-06
3530,104.0544549979968,32.869285,True,True,1.430511474609375e-06
3531,104.09331311800634,38.769019,True,True,1.430511474609375e-06
3532,104.14719708199846,53.761272,True,True,1.430511474609375e-06
3533,104.17936871800339,32.033809,True,True,1.430511474609375e-06
3534,104.20951061000233,30.046481,True,True,1.430511474609375e-06
3535,104.24237384699518,32.786789,True,True,1.430511474609375e-06
3536,104.27461585498531,32.145356,True,True,1.430511474609375e-06
3537,104.30648770800326,31.790282,True,True,1.430511474609375e-06
3538,104.33879965299275,32.223673,True,True,1.430511474609375e-06
3539,104.37171840798692,32.829547,True,True,1.430511474609375e-06
3540,104.39214659898425,20.338384,True,True,1.430511474609375e-06
3541,104.41039048199309,18.160325,True,True,1.430511474609375e-06
3542,104.42863983399002,18.189789,True,True,1.430511474609375e-06
3543,104.44680847099517,18.094798,True,True,1.430511474609375e-06
3544,104.46507392998319,18.192048,True,True,1.430511474609375e-06
3545,104.48357119498542,18.419411,True,True,1.430511474609375e-06
3546,104.50168976999703,18.04258,True,True,1.430511474609375e-06
3547,104.5198254059942,18.068864,True,True,1.430511474609375e-06
3548,104.53792220100877,18.041673,True,True,1.430511474609375e-06
3549,104.55612851100159,18.132835,True,True,1.430511474609375e-06
3550,104.58100807201117,24.819049,True,True,1.430511474609375e-06
3551,104.61847753298935,37.391942,True,True,1.430511474609375e-06
3552,104.65057217198773,32.00986,True,True,1.430511474609375e-06
3553,104.68300247300067,32.336126,True,True,1.430511474609375e-06
3554,104.71597257300164,32.88806,True,True,1.430511474609375e-06
3555,104.74842770400573,32.37172,True,True,1.430511474609375e-06
3556,104.7806203890068,32.107949,True,True,1.430511474609375e-06
3557,104.8125800830021,31.868942,True,True,1.430511474609375e-06
3558,104.8377563059912,25.083749,True,True,1.430511474609375e-06
3559,104.86898649000796,31.157632,True,True,1.430511474609375e-06
3560,104.90121605800232,32.152619,True,True,1.430511474609375e-06
3561,104.95008554600645,48.779728,True,True,1.430511474609375e-06
3562,104.98258108898881,32.362063,True,True,1.430511474609375e-06
3563,105.02319386700401,40.520159,True,True,1.430511474609375e-06
3564,105.05332114500925,30.023353,True,True,1.430511474609375e-06
3565,105.08625080899219,32.857763,True,True,1.430511474609375e-06
3566,105.12487493600929,38.483368,True,True,1.430511474609375e-06
3567,105.16833655998926,43.352285,True,True,1.430511474609375e-06
3568,105.20081699098228,32.393698,True,True,1.430511474609375e-06
3569,105.2329578360077,32.005035,True,True,1.430511474609375e-06
3570,105.26578050199896,32.742542,True,True,1.430511474609375e-06
3571,105.29820538099739,32.336473,True,True,1.430511474609375e-06
3572,105.33035793999443,32.06848,True,True,1.430511474609375e-06
3573,105.35721146099968,26.768963,True,True,1.430511474609375e-06
3574,105.38178952800808,24.507206,True,True,1.430511474609375e-06
3575,105.39971364100347,17.863788,True,True,1.430511474609375e-06
3576,105.41789884999162,18.133686,True,True,1.430511474609375e-06
3577,105.43600647500716,18.058688,True,True,1.430511474609375e-06
3578,105.45413458399707,18.075938,True,True,1.430511474609375e-06
3579,105.4722516789916,18.069584,True,True,1.430511474609375e-06
3580,105.49082586501027,18.521581,True,True,1.430511474609375e-06
3581,105.50900205899961,18.10541,True,True,1.430511474609375e-06
3582,105.52680927098845,17.753634,True,True,1.430511474609375e-06
3583,105.54475559899583,17.894374,True,True,1.430511474609375e-06
3584,105.56954830800532,24.742306,True,True,1.430511474609375e-06
3585,105.60207252000691,32.4417,True,True,1.430511474609375e-06
3586,105.63129471300635,29.117654,True,True,1.430511474609375e-06
3587,105.66329784700065,31.922734,True,True,1.430511474609375e-06
3588,105.69588731098338,32.486008,True,True,1.430511474609375e-06
3589,105.72807382099563,32.091988,True,True,1.430511474609375e-06
3590,105.76023672099109,32.081061,True,True,1.430511474609375e-06
3591,105.79293311800575,32.612396,True,True,1.430511474609375e-06
3592,105.82608512599836,33.055242,True,True,1.430511474609375e-06
3593,105.85864772700006,32.423596,True,True,1.430511474609375e-06
3594,105.89068724701065,31.970892,True,True,1.430511474609375e-06
3595,105.91746429100749,26.676149,True,True,1.430511474609375e-06
3596,105.96322349700495,45.689404,True,True,1.430511474609375e-06
3597,106.01174748898484,48.38664,True,True,1.430511474609375e-06
3598,106.0478022309835,35.918442,True,True,1.430511474609375e-06
3599,106.08019448100822,32.283196,True,True,1.430511474609375e-06
3600,106.1285156729864,48.22269,True,True,1.430511474609375e-06
3601,106.16346906800754,34.817491,True,True,1.430511474609375e-06
3602,106.19634098600363,32.764199,True,True,1.430511474609375e-06
3603,106.22915359601029,32.707592,True,True,1.430511474609375e-06
3604,106.26253125900985,33.278104,True,True,1.430511474609375e-06
3605,106.29458534499281,31.960018,True,True,1.430511474609375e-06
3606,106.32702915399568,32.360787,True,True,1.430511474609375e-06
3607,106.36014116299339,33.014064,True,True,1.430511474609375e-06
3608,106.3875207779929,27.271614,True,True,1.430511474609375e-06
3609,106.4061408219859,18.537433,True,True,1.430511474609375e-06
3610,106.42422611100483,18.022524,True,True,1.430511474609375e-06
3611,106.44222662301036,17.942682,True,True,1.430511474609375e-06
3612,106.46013238100568,17.84926,True,True,1.430511474609375e-06
3613,106.47818733099848,18.002491,True,True,1.430511474609375e-06
3614,106.49603258498246,17.780576,True,True,1.430511474609375e-06
3615,106.51395187099115,17.863775,True,True,1.430511474609375e-06
3616,106.53230882599019,18.30406,True,True,1.430511474609375e-06
3617,106.55029749500682,17.936866,True,True,1.430511474609375e-06
3618,106.56833633800852,17.988639,True,True,1.430511474609375e-06
3619,106.60169424998458,33.300639,True,True,1.430511474609375e-06
3620,106.63938173899078,37.556056,True,True,1.430511474609375e-06
3621,106.67210662100115,32.607148,True,True,1.430511474609375e-06
3622,106.70563146698987,33.406718,True,True,1.430511474609375e-06
3623,106.73861994998879,32.851407,True,True,1.430511474609375e-06
3624,106.77150369298761,32.765981,True,True,1.430511474609375e-06
3625,106.80473418199108,33.12937,True,True,1.430511474609375e-06
3626,106.83707455400145,32.231165,True,True,1.430511474609375e-06
3627,106.86427875299705,27.106853,True,True,1.430511474609375e-06
3628,106.8939871850016,29.632087,True,True,1.430511474609375e-06
3629,106.92601229500724,31.946531,True,True,1.430511474609375e-06
3630,106.97537284798454,49.250341,True,True,1.430511474609375e-06
3631,107.00758772998233,32.079435,True,True,1.430511474609375e-06
3632,107.04020379300346,32.530088,True,True,1.430511474609375e-06
3633,107.07309986298787,32.797417,True,True,1.430511474609375e-06
3634,107.10533518300508,32.149154,True,True,1.430511474609375e-06
3635,107.15469903498888,49.269506,True,True,1.430511474609375e-06
3636,107.18734332700842,32.493469,True,True,1.430511474609375e-06
3637,107.2196531679947,32.217774,True,True,1.430511474609375e-06
3638,107.24654010299128,26.780764,True,True,1.430511474609375e-06
3639,107.27661038099905,29.994465,True,True,1.430511474609375e-06
3640,107.30952777000493,32.849195,True,True,1.430511474609375e-06
3641,107.34169286501128,32.071506,True,True,1.430511474609375e-06
3642,107.37521329798619,33.360644,True,True,1.430511474609375e-06
3643,107.39545029899455,20.158879,True,True,1.430511474609375e-06
3644,107.41376699099783,18.246172,True,True,1.430511474609375e-06
3645,107.43204727998818,18.225413,True,True,1.430511474609375e-06
3646,107.45004048600094,17.936904,True,True,1.430511474609375e-06
3647,107.46814230500604,18.052372,True,True,1.430511474609375e-06
3648,107.48624391999329,18.052549,True,True,1.430511474609375e-06
3649,107.50438093399862,18.081986,True,True,1.430511474609375e-06
3650,107.52218286899733,17.754067,True,True,1.430511474609375e-06
3651,107.54003472300246,17.810281,True,True,1.430511474609375e-06
3652,107.55823680799222,18.153006,True,True,1.430511474609375e-06
3653,107.58802845099126,29.738373,True,True,1.430511474609375e-06
3654,107.6210264149995,32.924915,True,True,1.430511474609375e-06
3655,107.65297957099392,31.863222,True,True,1.430511474609375e-06
3656,107.70177419300308,48.697795,True,True,1.430511474609375e-06
3657,107.73430719299358,32.404647,True,True,1.430511474609375e-06
3658,107.76663670598646,32.233645,True,True,1.430511474609375e-06
3659,107.79942635100451,32.677637,True,True,1.430511474609375e-06
3660,107.83231322598294,32.780748,True,True,1.430511474609375e-06
3661,107.86409847100731,31.685986,True,True,1.430511474609375e-06
3662,107.89143653298379,27.25811,True,True,1.430511474609375e-06
3663,107.92170983200776,30.20093,True,True,1.430511474609375e-06
3664,107.97012596399873,48.334509,True,True,1.430511474609375e-06
3665,108.00303263298701,32.768676,True,True,1.430511474609375e-06
3666,108.0359398839937,32.786891,True,True,1.430511474609375e-06
3667,108.06914453700301,33.10634,True,True,1.430511474609375e-06
3668,108.10088707201066,31.642582,True,True,1.430511474609375e-06
3669,108.15049221500522,49.51786,True,True,1.430511474609375e-06
3670,108.18274715199368,32.114598,True,True,1.430511474609375e-06
3671,108.2155031930015,32.66211,True,True,1.430511474609375e-06
3672,108.24746368901106,31.821869,True,True,1.430511474609375e-06
3673,108.27430032499251,26.747521,True,True,1.430511474609375e-06
3674,108.30480128800264,30.419023,True,True,1.430511474609375e-06
3675,108.35020658100257,45.3154,True,True,1.430511474609375e-06
3676,108.38083393298439,30.492103,True,True,1.430511474609375e-06
3677,108.3991662329936,18.241524,True,True,1.430511474609375e-06
3678,108.4172313589952,17.997698,True,True,1.430511474609375e-06
3679,108.43517780900584,17.889731,True,True,1.430511474609375e-06
3680,108.45305212200037,17.815126,True,True,1.430511474609375e-06
3681,108.47135214300943,18.247719,True,True,1.430511474609375e-06
3682,108.48937331998604,17.970651,True,True,1.430511474609375e-06
3683,108.50747448799666,18.049443,True,True,1.430511474609375e-06
3684,108.52563411500887,18.102194,True,True,1.430511474609375e-06
3685,108.54355896700872,17.873407,True,True,1.430511474609375e-06
3686,108.56623556200066,22.623882,True,True,1.430511474609375e-06
3687,108.59862340200925,32.300392,True,True,1.430511474609375e-06
3688,108.63148489399464,32.724368,True,True,1.430511474609375e-06
3689,108.66406296900823,32.44379,True,True,1.430511474609375e-06
3690,108.69681889298954,32.667683,True,True,1.430511474609375e-06
3691,108.72961942499387,32.690833,True,True,1.430511474609375e-06
3692,108.76173644300434,31.976774,True,True,1.430511474609375e-06
3693,108.79462115699425,32.791394,True,True,1.430511474609375e-06
3694,108.82662441499997,31.890163,True,True,1.430511474609375e-06
3695,108.85342890399625,26.713265,True,True,1.430511474609375e-06
3696,108.88389667400043,30.393689,True,True,1.430511474609375e-06
3697,108.9159209819918,31.944679,True,True,1.430511474609375e-06
3698,108.96395194000797,47.917249,True,True,1.430511474609375e-06
3699,109.01147408800898,47.388862,True,True,1.430511474609375e-06
3700,109.04696806299035,35.364111,True,True,1.430511474609375e-06
3701,109.07935800901032,32.295972,True,True,1.430511474609375e-06
3702,109.11515083498671,35.703619,True,True,1.430511474609375e-06
3703,109.16089572300552,45.602144,True,True,1.430511474609375e-06
3704,109.19292072000098,31.913444,True,True,1.430511474609375e-06
3705,109.22502362099476,32.025305,True,True,1.430511474609375e-06
3706,109.25057803900563,25.469184,True,True,1.430511474609375e-06
3707,109.28180391900241,31.145606,True,True,1.430511474609375e-06
3708,109.3143005349848,32.421679,True,True,1.430511474609375e-06
3709,109.34692544999416,32.530005,True,True,1.430511474609375e-06
3710,109.37901597798918,32.009606,True,True,1.430511474609375e-06
3711,109.39933030298562,20.232605,True,True,1.430511474609375e-06
3712,109.41733098498662,17.939533,True,True,1.430511474609375e-06
3713,109.43554404799943,18.161732,True,True,1.430511474609375e-06
3714,109.45364167098887,18.043705,True,True,1.430511474609375e-06
3715,109.47177437599748,18.079933,True,True,1.430511474609375e-06
3716,109.48989776099916,18.067662,True,True,1.430511474609375e-06
3717,109.50793649800471,17.985576,True,True,1.430511474609375e-06
3718,109.52575266198255,17.767376,True,True,1.430511474609375e-06
3719,109.54360331498901,17.798495,True,True,1.430511474609375e-06
3720,109.56147582299309,17.8256,True,True,1.430511474609375e-06
3721,109.58717569499277,25.642423,True,True,1.430511474609375e-06
3722,109.62393624600372,36.68096,True,True,1.430511474609375e-06
3723,109.65633574599633,32.313674,True,True,1.430511474609375e-06
3724,109.68846087000566,32.02787,True,True,1.430511474609375e-06
3725,109.72089438998955,32.338985,True,True,1.430511474609375e-06
3726,109.75357514698408,32.593648,True,True,1.430511474609375e-06
3727,109.78051191900158,26.849709,True,True,1.430511474609375e-06
3728,109.81000212198705,29.416288,True,True,1.430511474609375e-06
3729,109.85581869501038,45.751305,True,True,1.430511474609375e-06
3730,109.89135261898628,35.412552,True,True,1.430511474609375e-06
3731,109.92462410900043,33.179331,True,True,1.430511474609375e-06
3732,109.9569072049926,32.186206,True,True,1.430511474609375e-06
3733,110.00556228600908,48.565707,True,True,1.430511474609375e-06
3734,110.03763892798452,31.948689,True,True,1.430511474609375e-06
3735,110.0691176780092,31.404839,True,True,1.430511474609375e-06
3736,110.09413496998604,24.953499,True,True,1.430511474609375e-06
3737,110.14332086101058,49.124295,True,True,1.430511474609375e-06
3738,110.1760050909943,32.548825,True,True,1.430511474609375e-06
3739,110.20854958100244,32.455671,True,True,1.430511474609375e-06
3740,110.24034963699523,31.715969,True,True,1.430511474609375e-06
3741,110.27284932200564,32.41263,True,True,1.430511474609375e-06
3742,110.30561096899328,32.678063,True,True,1.430511474609375e-06
3743,110.33815778500866,32.467318,True,True,1.430511474609375e-06
3744,110.37029014099971,32.050433,True,True,1.430511474609375e-06
3745,110.3909781120019,20.610335,True,True,1.430511474609375e-06
3746,110.40920846699737,18.172757,True,True,1.430511474609375e-06
3747,110.42729377100477,18.032574,True,True,1.430511474609375e-06
3748,110.44545928598382,18.114942,True,True,1.430511474609375e-06
3749,110.46358155200141,18.076611,True,True,1.430511474609375e-06
3750,110.4814097879862,17.783118,True,True,1.430511474609375e-06
3751,110.49945741699776,18.001039,True,True,1.430511474609375e-06
3752,110.51747809699737,17.977789,True,True,1.430511474609375e-06
3753,110.53550455800723,17.98269,True,True,1.430511474609375e-06
3754,110.55341054400196,17.856553,True,True,1.430511474609375e-06
3755,110.5785532380105,25.09535,True,True,1.430511474609375e-06
3756,110.61608077699202,37.461855,True,True,1.430511474609375e-06
3757,110.64312428398989,26.955257,True,True,1.430511474609375e-06
3758,110.68687327599037,43.67609,True,True,1.430511474609375e-06
3759,110.72249457999715,35.495673,True,True,1.430511474609375e-06
3760,110.75423446699278,31.648736,True,True,1.430511474609375e-06
3761,110.78641678200802,32.115603,True,True,1.430511474609375e-06
3762,110.81949226598954,32.993617,True,True,1.430511474609375e-06
3763,110.85167232700041,32.09253,True,True,1.430511474609375e-06
3764,110.88479668699438,33.036539,True,True,1.430511474609375e-06
3765,110.9174483520037,32.571324,True,True,1.430511474609375e-06
3766,110.94971116899978,32.181146,True,True,1.430511474609375e-06
3767,110.99868592899293,48.881261,True,True,1.430511474609375e-06
3768,111.0308407190023,32.011183,True,True,1.430511474609375e-06
3769,111.0559315670107,24.989735,True,True,1.430511474609375e-06
3770,111.08728105199407,31.278279,True,True,1.430511474609375e-06
3771,111.13650224500452,49.142431,True,True,1.430511474609375e-06
3772,111.16924259898951,32.605949,True,True,1.430511474609375e-06
3773,111.2022622479999,32.916463,True,True,1.430511474609375e-06
3774,111.23491895900224,32.55139,True,True,1.430511474609375e-06
3775,111.26750948399422,32.491539,True,True,1.430511474609375e-06
3776,111.30030920999707,32.696633,True,True,1.430511474609375e-06
3777,111.33285060498747,32.449329,True,True,1.430511474609375e-06
3778,111.36473520399886,31.773305,True,True,1.430511474609375e-06
3779,111.38535013899673,20.514262,True,True,1.430511474609375e-06
3780,111.4035544990038,18.132859,True,True,1.430511474609375e-06
3781,111.42142165999394,17.809241,True,True,1.430511474609375e-06
3782,111.43944211298367,17.974881,True,True,1.430511474609375e-06
3783,111.45734538699617,17.855033,True,True,1.430511474609375e-06
3784,111.4755891780078,18.198252,True,True,1.430511474609375e-06
3785,111.49343678398873,17.788147,True,True,1.430511474609375e-06
3786,111.51143459000741,17.949844,True,True,1.430511474609375e-06
3787,111.52930881100474,17.825433,True,True,1.430511474609375e-06
3788,111.5471458749962,17.790643,True,True,1.430511474609375e-06
3789,111.57221056500566,25.02117,True,True,1.430511474609375e-06
3790,111.60459395599901,32.312249,True,True,1.430511474609375e-06
3791,111.6367930599954,32.092099,True,True,1.430511474609375e-06
3792,111.66748369400739,30.585585,True,True,1.430511474609375e-06
3793,111.699117732991,31.551696,True,True,1.430511474609375e-06
3794,111.73259040899575,33.381467,True,True,1.430511474609375e-06
3795,111.76511516200844,32.427184,True,True,1.430511474609375e-06
3796,111.79708267599926,31.869483,True,True,1.430511474609375e-06
3797,111.82953093500691,32.369369,True,True,1.430511474609375e-06
3798,111.86281534100999,33.18479,True,True,1.430511474609375e-06
3799,111.89528525999049,32.373835,True,True,1.430511474609375e-06
3800,111.92782388199703,32.439388,True,True,1.430511474609375e-06
3801,111.96285576699302,34.895725,True,True,1.430511474609375e-06
3802,112.0100654560083,47.041217,True,True,1.430511474609375e-06
3803,112.03713046299526,26.931288,True,True,1.430511474609375e-06
3804,112.06712509598583,29.908763,True,True,1.430511474609375e-06
3805,112.09904829700827,31.85463,True,True,1.430511474609375e-06
3806,112.14809653998236,48.960437,True,True,1.430511474609375e-06
3807,112.1802656709915,32.035102,True,True,1.430511474609375e-06
3808,112.21285180700943,32.508978,True,True,1.430511474609375e-06
3809,112.24531134200515,32.372908,True,True,1.430511474609375e-06
3810,112.27795303499443,32.560327,True,True,1.430511474609375e-06
3811,112.31053101399448,32.492961,True,True,1.430511474609375e-06
3812,112.34299726600875,32.349749,True,True,1.430511474609375e-06
3813,112.37008591499762,26.966823,True,True,1.430511474609375e-06
3814,112.3884113309905,18.255636,True,True,1.430511474609375e-06
3815,112.40632123398245,17.855572,True,True,1.430511474609375e-06
3816,112.42440886900295,18.039971,True,True,1.430511474609375e-06
3817,112.44253278200631,18.061135,True,True,1.430511474609375e-06
3818,112.46070452299318,18.068448,True,True,1.430511474609375e-06
3819,112.47880198500934,18.039154,True,True,1.430511474609375e-06
3820,112.49690457899123,18.052547,True,True,1.430511474609375e-06
3821,112.51492103899363,17.971047,True,True,1.430511474609375e-06
3822,112.53271047899034,17.74508,True,True,1.430511474609375e-06
3823,112.55061879399,17.86086,True,True,1.430511474609375e-06
3824,112.58285327599151,32.185539,True,True,1.430511474609375e-06
3825,112.6294573690102,46.503115,True,True,1.430511474609375e-06
3826,112.66091382000013,31.333044,True,True,1.430511474609375e-06
3827,112.69369305099826,32.703787,True,True,1.430511474609375e-06
3828,112.72647915099515,32.697211,True,True,1.430511474609375e-06
3829,112.75857012299821,32.007356,True,True,1.430511474609375e-06
3830,112.79130393598462,32.647785,True,True,1.430511474609375e-06
3831,112.82429786698776,32.907492,True,True,1.430511474609375e-06
3832,112.85661948801135,32.232838,True,True,1.430511474609375e-06
3833,112.88882994800224,32.129317,True,True,1.430511474609375e-06
3834,112.91586389599252,26.955889,True,True,1.430511474609375e-06
3835,112.94532938901102,29.400226,True,True,1.430511474609375e-06
3836,112.9810114899883,35.600393,True,True,1.430511474609375e-06
3837,113.02667099999962,45.52701,True,True,1.430511474609375e-06
3838,113.05904509598622,32.248112,True,True,1.430511474609375e-06
3839,113.0914149239834,32.287301,True,True,1.430511474609375e-06
3840,113.14090415998362,49.401274,True,True,1.430511474609375e-06
3841,113.17385847499827,32.826226,True,True,1.430511474609375e-06
3842,113.20649164600763,32.528037,True,True,1.430511474609375e-06
3843,113.2397928040009,33.216957,True,True,1.430511474609375e-06
3844,113.2716918780061,31.792054,True,True,1.430511474609375e-06
3845,113.29655418900074,24.786767,True,True,1.430511474609375e-06
3846,113.3286704159982,32.04191,True,True,1.430511474609375e-06
3847,113.36114691500552,32.385513,True,True,1.430511474609375e-06
3848,113.38835658700555,27.123751,True,True,1.430511474609375e-06
3849,113.40629045901005,17.87023,True,True,1.430511474609375e-06
3850,113.42428890999872,17.942348,True,True,1.430511474609375e-06
3851,113.44289465399925,18.549196,True,True,1.430511474609375e-06
3852,113.46110457499162,18.153032,True,True,1.430511474609375e-06
3853,113.4792049859825,18.031822,True,True,1.430511474609375e-06
3854,113.4972825809964,18.017059,True,True,1.430511474609375e-06
3855,113.51516707398696,17.827124,True,True,1.430511474609375e-06
3856,113.53364303798298,18.419172,True,True,1.430511474609375e-06
3857,113.55186878799577,18.17205,True,True,1.430511474609375e-06
3858,113.57507907701074,23.147064,True,True,1.430511474609375e-06
3859,113.6074436380004,32.279269,True,True,1.430511474609375e-06
3860,113.64100992900785,33.445681,True,True,1.430511474609375e-06
3861,113.67371966299834,32.590724,True,True,1.430511474609375e-06
3862,113.70095486298669,27.115341,True,True,1.430511474609375e-06
3863,113.73229285998968,31.249537,True,True,1.430511474609375e-06
3864,113.76218981199781,29.823488,True,True,1.430511474609375e-06
3865,113.79427812600625,32.014702,True,True,1.430511474609375e-06
3866,113.82688182799029,32.509631,True,True,1.430511474609375e-06
3867,113.85991982399719,32.953403,True,True,1.430511474609375e-06
3868,113.89227535799728,32.254465,True,True,1.430511474609375e-06
3869,113.92490011799964,32.521765,True,True,1.430511474609375e-06
3870,113.95841774001019,33.436012,True,True,1.430511474609375e-06
3871,114.00717467599316,48.650498,True,True,1.430511474609375e-06
3872,114.03982620200259,32.519947,True,True,1.430511474609375e-06
3873,114.07216382800834,32.236352,True,True,1.430511474609375e-06
3874,114.09954366198508,27.302905,True,True,1.430511474609375e-06
3875,114.14665391098242,47.035919,True,True,1.430511474609375e-06
3876,114.17774528000155,30.943994,True,True,1.430511474609375e-06
3877,114.210637340002,32.796333,True,True,1.430511474609375e-06
3878,114.24321076399065,32.470735,True,True,1.430511474609375e-06
3879,114.27812012500362,34.819668,True,True,1.430511474609375e-06
3880,114.32480723198387,46.58211,True,True,1.430511474609375e-06
3881,114.35795169498306,33.029741,True,True,1.430511474609375e-06
3882,114.38577933498891,27.742351,True,True,1.430511474609375e-06
3883,114.40402379698935,18.170489,True,True,1.430511474609375e-06
3884,114.42180980500416,17.733607,True,True,1.430511474609375e-06
3885,114.43975457100896,17.893032,True,True,1.430511474609375e-06
3886,114.45763840700965,17.82752,True,True,1.430511474609375e-06
3887,114.47553375700954,17.842627,True,True,1.430511474609375e-06
3888,114.49453484799596,18.950903,True,True,1.430511474609375e-06
3889,114.51257623999845,17.992727,True,True,1.430511474609375e-06
3890,114.53054796400829,17.925718,True,True,1.430511474609375e-06
3891,114.54851416801102,17.914939,True,True,1.430511474609375e-06
3892,114.56667426601052,18.104988,True,True,1.430511474609375e-06
3893,114.59981873299694,33.081731,True,True,1.430511474609375e-06
3894,114.62888528700569,28.948813,True,True,1.430511474609375e-06
3895,114.66085173998727,31.889829,True,True,1.430511474609375e-06
3896,114.69415814400418,33.211697,True,True,1.430511474609375e-06
3897,114.7273590489931,33.086514,True,True,1.430511474609375e-06
3898,114.75932594700134,31.859088,True,True,1.430511474609375e-06
3899,114.79177102498943,32.3722,True,True,1.430511474609375e-06
3900,114.82447886400041,32.603619,True,True,1.430511474609375e-06
3901,114.85732972100959,32.75791,True,True,1.430511474609375e-06
3902,114.89034442399861,32.934617,True,True,1.430511474609375e-06
3903,114.9227574839897,32.323611,True,True,1.430511474609375e-06
3904,114.96222013700753,39.373608,True,True,1.430511474609375e-06
3905,115.01598402200034,53.638893,True,True,1.430511474609375e-06
3906,115.04537340500974,29.249036,True,True,1.430511474609375e-06
3907,115.07765078500961,32.203567,True,True,1.430511474609375e-06
3908,115.11328809399856,35.537984,True,True,1.430511474609375e-06
3909,115.16055084398249,47.129055,True,True,1.430511474609375e-06
3910,115.19269106601132,32.011937,True,True,1.430511474609375e-06
3911,115.22453567400225,31.764071,True,True,1.430511474609375e-06
3912,115.25719192999532,32.587486,True,True,1.430511474609375e-06
3913,115.28955772798508,32.261375,True,True,1.430511474609375e-06
3914,115.32182138899225,32.173371,True,True,1.430511474609375e-06
3915,115.34904085099697,27.132893,True,True,1.430511474609375e-06
3916,115.37902531499276,29.90146,True,True,1.430511474609375e-06
3917,115.39962658798322,20.514564,True,True,1.430511474609375e-06
3918,115.41755868098699,17.865422,True,True,1.430511474609375e-06
3919,115.43558822199702,17.966281,True,True,1.430511474609375e-06
3920,115.46027154600597,24.622553,True,True,1.430511474609375e-06
3921,115.47888413598412,18.511508,True,True,1.430511474609375e-06
3922,115.49689893398318,17.940588,True,True,1.430511474609375e-06
3923,115.51475876700715,17.802052,True,True,1.430511474609375e-06
3924,115.53324811600032,18.435566,True,True,1.430511474609375e-06
3925,115.55181788900518,18.513962,True,True,1.430511474609375e-06
3926,115.57548294498702,23.604864,True,True,1.430511474609375e-06
3927,115.62547297499259,49.904931,True,True,1.430511474609375e-06
3928,115.65784572099801,32.239177,True,True,1.430511474609375e-06
3929,115.6909509160032,33.000477,True,True,1.430511474609375e-06
3930,115.723773197009,32.721216,True,True,1.430511474609375e-06
3931,115.75614221999422,32.264236,True,True,1.430511474609375e-06
3932,115.7889582029893,32.727113,True,True,1.430511474609375e-06
3933,115.81671339899185,27.665922,True,True,1.430511474609375e-06
3934,115.84891518799122,32.069237,True,True,1.430511474609375e-06
3935,115.8794914369937,30.484392,True,True,1.430511474609375e-06
3936,115.91157935900264,32.013062,True,True,1.430511474609375e-06
3937,115.94482470199,33.126537,True,True,1.430511474609375e-06
3938,115.97678983400692,31.828033,True,True,1.430511474609375e-06
3939,116.02629685300053,49.428458,True,True,1.430511474609375e-06
3940,116.05873374600196,32.300353,True,True,1.430511474609375e-06
3941,116.09142034099204,32.597404,True,True,1.430511474609375e-06
3942,116.12462528698961,33.120883,True,True,1.430511474609375e-06
3943,116.1744962889934,49.739404,True,True,1.430511474609375e-06
3944,116.2072315409896,32.600623,True,True,1.430511474609375e-06
3945,116.23925533599686,31.957081,True,True,1.430511474609375e-06
3946,116.27177523600403,32.428455,True,True,1.430511474609375e-06
3947,116.2996726759884,27.76147,True,True,1.430511474609375e-06
3948,116.32928187100333,29.529043,True,True,1.430511474609375e-06
3949,116.36145393800689,32.1065,True,True,1.430511474609375e-06
3950,116.38922642800026,27.684208,True,True,1.430511474609375e-06
3951,116.40749324098579,18.19625,True,True,1.430511474609375e-06
3952,116.42563760300982,18.085239,True,True,1.430511474609375e-06
3953,116.44657217999338,20.870332,True,True,1.430511474609375e-06
3954,116.47163453398389,24.953419,True,True,1.430511474609375e-06
3955,116.48995992299751,18.240237,True,True,1.430511474609375e-06
3956,116.50803864299087,18.01862,True,True,1.430511474609375e-06
3957,116.52588912498322,17.799798,True,True,1.430511474609375e-06
3958,116.54368916200474,17.748695,True,True,1.430511474609375e-06
3959,116.56160392498714,17.86474,True,True,1.430511474609375e-06
3960,116.59230498300167,30.62168,True,True,1.430511474609375e-06
3961,116.62508457500371,32.69892,True,True,1.430511474609375e-06
3962,116.65779773198301,32.614631,True,True,1.430511474609375e-06
3963,116.69004628600669,32.108475,True,True,1.430511474609375e-06
3964,116.72290407898254,32.769719,True,True,1.430511474609375e-06
3965,116.75004020298366,27.000295,True,True,1.430511474609375e-06
3966,116.77985788599472,29.752141,True,True,1.430511474609375e-06
3967,116.81091437200666,30.990492,True,True,1.430511474609375e-06
3968,116.8435638200026,32.5814,True,True,1.430511474609375e-06
3969,116.87637933800579,32.732177,True,True,1.430511474609375e-06
3970,116.90874732399243,32.25333,True,True,1.430511474609375e-06
3971,116.94129705699743,32.443517,True,True,1.430511474609375e-06
3972,116.97439024900086,32.990546,True,True,1.430511474609375e-06
3973,117.02942340500886,54.92321,True,True,1.430511474609375e-06
3974,117.0613815090037,31.82018,True,True,1.430511474609375e-06
3975,117.0932047959941,31.736039,True,True,1.430511474609375e-06
3976,117.14238077399204,49.093143,True,True,1.430511474609375e-06
3977,117.17449848199612,31.986364,True,True,1.430511474609375e-06
3978,117.2074122740014,32.83584,True,True,1.430511474609375e-06
3979,117.24016427100287,32.663869,True,True,1.430511474609375e-06
3980,117.27495069600991,34.698641,True,True,1.430511474609375e-06
3981,117.32246826399933,47.407908,True,True,1.430511474609375e-06
3982,117.3496025709901,27.035498,True,True,1.430511474609375e-06
3983,117.3790158900083,29.346996,True,True,1.430511474609375e-06
3984,117.39900019200286,19.921812,True,True,1.430511474609375e-06
3985,117.41728203298408,18.216913,True,True,1.430511474609375e-06
3986,117.43543951600441,18.086304,True,True,1.430511474609375e-06
3987,117.4534123899939,17.91878,True,True,1.430511474609375e-06
3988,117.47137762900093,17.91129,True,True,1.430511474609375e-06
3989,117.48931658698712,17.880764,True,True,1.430511474609375e-06
3990,117.50716194798588,17.786192,True,True,1.430511474609375e-06
3991,117.52508238799055,17.8691,True,True,1.430511474609375e-06
3992,117.54285247199005,17.714701,True,True,1.430511474609375e-06
3993,117.5608350840048,17.929569,True,True,1.430511474609375e-06
3994,117.59328814898618,32.401372,True,True,1.430511474609375e-06
3995,117.62311849798425,29.72195,True,True,1.430511474609375e-06
3996,117.65589606499998,32.700381,True,True,1.430511474609375e-06
3997,117.68831026699627,32.313043,True,True,1.430511474609375e-06
3998,117.72061865200521,32.20443,True,True,1.430511474609375e-06
3999,117.75294971998665,32.235372,True,True,1.430511474609375e-06
4000,117.78517296098289,32.138259,True,True,1.430511474609375e-06
4001,117.81817919100286,32.918949,True,True,1.430511474609375e-06
4002,117.85076782200485,32.504362,True,True,1.430511474609375e-06
4003,117.88315079599852,32.302207,True,True,1.430511474609375e-06
4004,117.9108290069853,27.592064,True,True,1.430511474609375e-06
4005,117.9400885310024,29.187785,True,True,1.430511474609375e-06
4006,117.97261793000507,32.465892,True,True,1.430511474609375e-06
4007,118.02121550298762,48.516055,True,True,1.430511474609375e-06
4008,118.05330292199505,31.949009,True,True,1.430511474609375e-06
4009,118.0851119440049,31.723273,True,True,1.430511474609375e-06
4010,118.13388084500912,48.697182,True,True,1.430511474609375e-06
4011,118.16602323498228,32.015063,True,True,1.430511474609375e-06
4012,118.19332005199976,27.210989,True,True,1.430511474609375e-06
4013,118.22331545499037,29.918745,True,True,1.430511474609375e-06
4014,118.25549669199972,32.107652,True,True,1.430511474609375e-06
4015,118.28881389298476,33.226834,True,True,1.430511474609375e-06
4016,118.32139743698644,32.49454,True,True,1.430511474609375e-06
4017,118.35375954798656,32.272243,True,True,1.430511474609375e-06
4018,118.38093644200126,27.096398,True,True,1.430511474609375e-06
4019,118.39905777201056,18.045862,True,True,1.430511474609375e-06
4020,118.41699523400166,17.881501,True,True,1.430511474609375e-06
4021,118.43504115199903,17.995316,True,True,1.430511474609375e-06
4022,118.45309817799716,17.997924,True,True,1.430511474609375e-06
4023,118.47105447898502,17.900697,True,True,1.430511474609375e-06
4024,118.48899843898835,17.88364,True,True,1.430511474609375e-06
4025,118.50689041300211,17.838208,True,True,1.430511474609375e-06
4026,118.52477078698575,17.828064,True,True,1.430511474609375e-06
4027,118.54302905598888,18.212115,True,True,1.430511474609375e-06
4028,118.56116071899305,18.076569,True,True,1.430511474609375e-06
4029,118.59415228798753,32.931641,True,True,1.430511474609375e-06
4030,118.63117319199955,36.897225,True,True,1.430511474609375e-06
4031,118.66345813000225,32.186119,True,True,1.430511474609375e-06
4032,118.69666432298254,33.113757,True,True,1.430511474609375e-06
4033,118.72899147600401,32.2305,True,True,1.430511474609375e-06
4034,118.75618007298908,27.11425,True,True,1.430511474609375e-06
4035,118.7855338609952,29.28898,True,True,1.430511474609375e-06
4036,118.8180879779975,32.494215,True,True,1.430511474609375e-06
4037,118.8511694970075,33.000613,True,True,1.430511474609375e-06
4038,118.88360147300409,32.346074,True,True,1.430511474609375e-06
4039,118.91568905700115,31.997995,True,True,1.430511474609375e-06
4040,118.94805118799559,32.268264,True,True,1.430511474609375e-06
4041,118.98125614700257,33.090326,True,True,1.430511474609375e-06
4042,119.01891239799443,37.548727,True,True,1.430511474609375e-06
4043,119.06211640298716,43.055921,True,True,1.430511474609375e-06
4044,119.08941471300204,27.174239,True,True,1.430511474609375e-06
4045,119.13450522700441,44.997061,True,True,1.430511474609375e-06
4046,119.1683868849941,33.746615,True,True,1.430511474609375e-06
4047,119.21411942600389,45.647882,True,True,1.430511474609375e-06
4048,119.24982361198636,35.597513,True,True,1.430511474609375e-06
4049,119.28279497200856,32.858096,True,True,1.430511474609375e-06
4050,119.31551976798801,32.626242,True,True,1.430511474609375e-06
4051,119.34747826299281,31.858262,True,True,1.430511474609375e-06
4052,119.37504470100976,27.486512,True,True,1.430511474609375e-06
4053,119.39335174698499,18.234761,True,True,1.430511474609375e-06
4054,119.41157455500797,18.164345,True,True,1.430511474609375e-06
4055,119.42945344999316,17.82815,True,True,1.430511474609375e-06
4056,119.44740203800029,17.895493,True,True,1.430511474609375e-06
4057,119.46576919101062,18.311482,True,True,1.430511474609375e-06
4058,119.48423292298685,18.353856,True,True,1.430511474609375e-06
4059,119.50265394098824,18.321855,True,True,1.430511474609375e-06
4060,119.52090099500492,18.182263,True,True,1.430511474609375e-06
4061,119.53898164498969,18.029975,True,True,1.430511474609375e-06
4062,119.55708800099092,18.048537,True,True,1.430511474609375e-06
4063,119.58981947498978,32.661255,True,True,1.430511474609375e-06
4064,119.62722970399773,37.264279,True,True,1.430511474609375e-06
4065,119.65962429100182,32.297754,True,True,1.430511474609375e-06
4066,119.69155868000234,31.831993,True,True,1.430511474609375e-06
4067,119.72383605898358,32.195077,True,True,1.430511474609375e-06
4068,119.75648879900109,32.565483,True,True,1.430511474609375e-06
4069,119.78350896399934,26.936505,True,True,1.430511474609375e-06
4070,119.81357829199987,29.996355,True,True,1.430511474609375e-06
4071,119.84593701499398,32.29323,True,True,1.430511474609375e-06
4072,119.8782541359833,32.225598,True,True,1.430511474609375e-06
4073,119.91035640699556,32.024857,True,True,1.430511474609375e-06
4074,119.94316113900277,32.722511,True,True,1.430511474609375e-06
4075,119.97536786599085,32.126182,True,True,1.430511474609375e-06
4076,120.01066361600533,35.21267,True,True,1.430511474609375e-06
4077,120.06691024499014,56.092606,True,True,1.430511474609375e-06
4078,120.09687232898432,29.831868,True,True,1.430511474609375e-06
4079,120.14691008199588,49.946286,True,True,1.430511474609375e-06
4080,120.17961729498347,32.573869,True,True,1.430511474609375e-06
4081,120.21222782399855,32.495484,True,True,1.430511474609375e-06
4082,120.24420596999698,31.869943,True,True,1.430511474609375e-06
4083,120.2760539049923,31.766268,True,True,1.430511474609375e-06
4084,120.3086554229958,32.515773,True,True,1.430511474609375e-06
4085,120.34182312100893,33.050771,True,True,1.430511474609375e-06
4086,120.37469229398994,32.773265,True,True,1.430511474609375e-06
4087,120.39510361099383,20.306684,True,True,1.430511474609375e-06
4088,120.41334787500091,18.176997,True,True,1.430511474609375e-06
4089,120.43158687200048,18.179035,True,True,1.430511474609375e-06
4090,120.44973424900672,18.088491,True,True,1.430511474609375e-06
4091,120.46795864598243,18.169766,True,True,1.430511474609375e-06
4092,120.48592309199739,17.901621,True,True,1.430511474609375e-06
4093,120.50390375399729,17.916728,True,True,1.430511474609375e-06
4094,120.52201404899824,18.057012,True,True,1.430511474609375e-06
4095,120.53991699198377,17.849404,True,True,1.430511474609375e-06
4096,120.55777462699916,17.801634,True,True,1.430511474609375e-06
4097,120.58310331200482,25.277814,True,True,1.430511474609375e-06
4098,120.62238689800142,39.19709,True,True,1.430511474609375e-06
4099,120.6580940670101,35.569205,True,True,1.430511474609375e-06
4100,120.69109838199802,32.86334,True,True,1.430511474609375e-06
4101,120.72423890000209,33.017592,True,True,1.430511474609375e-06
4102,120.75661146800849,32.233306,True,True,1.430511474609375e-06
4103,120.7885122919979,31.816338,True,True,1.430511474609375e-06
4104,120.82179454399738,33.194942,True,True,1.430511474609375e-06
4105,120.8542694519856,32.335398,True,True,1.430511474609375e-06
4106,120.90315778699005,48.797979,True,True,1.430511474609375e-06
4107,120.93026896199444,26.974491,True,True,1.430511474609375e-06
4108,120.96153788900119,31.186431,True,True,1.430511474609375e-06
4109,120.99192401301116,30.305101,True,True,1.430511474609375e-06
4110,121.04142169898842,49.399886,True,True,1.430511474609375e-06
4111,121.07375734701054,32.19713,True,True,1.430511474609375e-06
4112,121.10698525098269,33.138623,True,True,1.430511474609375e-06
4113,121.15592170599848,48.806131,True,True,1.430511474609375e-06
4114,121.18835658600437,32.296255,True,True,1.430511474609375e-06
4115,121.22289340599673,34.435585,True,True,1.430511474609375e-06
4116,121.25905354399583,36.05031,True,True,1.430511474609375e-06
4117,121.2908248869935,31.669627,True,True,1.430511474609375e-06
4118,121.32418940399657,33.284551,True,True,1.430511474609375e-06
4119,121.35673465498257,32.449522,True,True,1.430511474609375e-06
4120,121.38400334099424,27.170897,True,True,1.430511474609375e-06
4121,121.40239592999569,18.312037,True,True,1.430511474609375e-06
4122,121.42105395699036,18.596626,True,True,1.430511474609375e-06
4123,121.43919308198383,18.082985,True,True,1.430511474609375e-06
4124,121.45726972198463,18.021789,True,True,1.430511474609375e-06
4125,121.47533902400755,18.01592,True,True,1.430511474609375e-06
4126,121.49322932900395,17.839264,True,True,1.430511474609375e-06
4127,121.51106918399455,17.78705,True,True,1.430511474609375e-06
4128,121.5290362329979,17.920756,True,True,1.430511474609375e-06
4129,121.55500111100264,25.908626,True,True,1.430511474609375e-06
4130,121.58839870599331,33.297312,True,True,1.430511474609375e-06
4131,121.62003173699486,31.503368,True,True,1.430511474609375e-06
4132,121.6529904009949,32.866654,True,True,1.430511474609375e-06
4133,121.6859971259837,32.887348,True,True,1.430511474609375e-06
4134,121.71939073398244,33.277513,True,True,1.430511474609375e-06
4135,121.75281371799065,33.316906,True,True,1.430511474609375e-06
4136,121.78545640700031,32.533086,True,True,1.430511474609375e-06
4137,121.82132858599653,35.768971,True,True,1.430511474609375e-06
4138,121.85860865999712,37.149562,True,True,1.430511474609375e-06
4139,121.88830828299979,29.590209,True,True,1.430511474609375e-06
4140,121.91956198299886,31.176821,True,True,1.430511474609375e-06
4141,121.95252444400103,32.893729,True,True,1.430511474609375e-06
4142,121.98591876000864,33.315901,True,True,1.430511474609375e-06
4143,122.03517355798976,49.149084,True,True,1.430511474609375e-06
4144,122.06752187598613,32.209616,True,True,1.430511474609375e-06
4145,122.10069189500064,33.082158,True,True,1.430511474609375e-06
4146,122.15106783498777,50.266477,True,True,1.430511474609375e-06
4147,122.18343876500148,32.237153,True,True,1.430511474609375e-06
4148,122.23331193099148,49.785851,True,True,1.430511474609375e-06
4149,122.26624766099849,32.803562,True,True,1.430511474609375e-06
4150,122.29864043998532,32.295204,True,True,1.430511474609375e-06
4151,122.33113267199951,32.38703,True,True,1.430511474609375e-06
4152,122.36285090699675,31.624749,True,True,1.430511474609375e-06
4153,122.38287911898806,19.963772,True,True,1.430511474609375e-06
4154,122.40156806900632,18.62613,True,True,1.430511474609375e-06
4155,122.42518707798445,23.558763,True,True,1.430511474609375e-06
4156,122.443489022,18.223954,True,True,1.430511474609375e-06
4157,122.46166470999015,18.11685,True,True,1.430511474609375e-06
4158,122.47977223200724,18.053048,True,True,1.430511474609375e-06
4159,122.49780426698271,17.980241,True,True,1.430511474609375e-06
4160,122.51611853699433,18.265466,True,True,1.430511474609375e-06
4161,122.53391893900698,17.751819,True,True,1.430511474609375e-06
4162,122.55188126000576,17.914468,True,True,1.430511474609375e-06
4163,122.58195843399153,30.025696,True,True,1.430511474609375e-06
4164,122.60311321099289,21.057447,True,True,1.430511474609375e-06
4165,122.63983035899582,36.651218,True,True,1.430511474609375e-06
4166,122.67231619998347,32.385266,True,True,1.430511474609375e-06
4167,122.70522349898238,32.808882,True,True,1.430511474609375e-06
4168,122.73809953799355,32.784912,True,True,1.430511474609375e-06
4169,122.77061058199615,32.429092,True,True,1.430511474609375e-06
4170,122.80333153301035,32.637297,True,True,1.430511474609375e-06
4171,122.83963239999139,36.20745,True,True,1.430511474609375e-06
4172,122.87183954200009,32.113229,True,True,1.430511474609375e-06
4173,122.90441745400312,32.49019,True,True,1.430511474609375e-06
4174,122.9368944359885,32.388483,True,True,1.430511474609375e-06
4175,122.96915283700218,32.176439,True,True,1.430511474609375e-06
4176,122.99597254200489,26.733427,True,True,1.430511474609375e-06
4177,123.0598478190077,63.788498,True,True,1.430511474609375e-06
4178,123.09655136699439,36.566018,True,True,1.430511474609375e-06
4179,123.14398056900245,47.320304,True,True,1.430511474609375e-06
4180,123.17524298198987,31.111707,True,True,1.430511474609375e-06
4181,123.20780816598563,32.489141,True,True,1.430511474609375e-06
4182,123.23978835198795,31.894192,True,True,1.430511474609375e-06
4183,123.27186651999364,31.995159,True,True,1.430511474609375e-06
4184,123.30412009599968,32.175018,True,True,1.430511474609375e-06
4185,123.33654788701097,32.342253,True,True,1.430511474609375e-06
4186,123.36343322199536,26.813305,True,True,1.430511474609375e-06
4187,123.38830692600459,24.807923,True,True,1.430511474609375e-06
4188,123.40620234198286,17.836964,True,True,1.430511474609375e-06
4189,123.42416919599054,17.914856,True,True,1.430511474609375e-06
4190,123.4423604249896,18.141058,True,True,1.430511474609375e-06
4191,123.46039358098642,17.982531,True,True,1.430511474609375e-06
4192,123.47850487899268,18.064146,True,True,1.430511474609375e-06
4193,123.49631321799825,17.756496,True,True,1.430511474609375e-06
4194,123.51418806400034,17.826604,True,True,1.430511474609375e-06
4195,123.53199406099156,17.763039,True,True,1.430511474609375e-06
4196,123.54981646500528,17.774876,True,True,1.430511474609375e-06
4197,123.57439454598352,24.531895,True,True,1.430511474609375e-06
4198,123.60498189300415,30.523389,True,True,1.430511474609375e-06
4199,123.64942693899502,44.37583,True,True,1.430511474609375e-06
4200,123.6821711579978,32.621894,True,True,1.430511474609375e-06
4201,123.7096297070093,27.336626,True,True,1.430511474609375e-06
4202,123.73884561000159,29.082132,True,True,1.430511474609375e-06
4203,123.77026308199856,31.338564,True,True,1.430511474609375e-06
4204,123.80318302000524,32.852691,True,True,1.430511474609375e-06
4205,123.83592923000106,32.667116,True,True,1.430511474609375e-06
4206,123.8685119029833,32.503911,True,True,1.430511474609375e-06
4207,123.91769373699208,49.095087,True,True,1.430511474609375e-06
4208,123.9505175529921,32.668569,True,True,1.430511474609375e-06
4209,123.9832689090108,32.665678,True,True,1.430511474609375e-06
4210,124.01568301999941,32.31527,True,True,1.430511474609375e-06
4211,124.05971984800999,43.93102,True,True,1.430511474609375e-06
4212,124.09098815600737,31.131794,True,True,1.430511474609375e-06
4213,124.13841484798468,47.32839,True,True,1.430511474609375e-06
4214,124.17060517700156,32.045016,True,True,1.430511474609375e-06
4215,124.20427770999959,33.549087,True,True,1.430511474609375e-06
4216,124.25286854201113,48.4477,True,True,1.430511474609375e-06
4217,124.29206141398754,39.03049,True,True,1.430511474609375e-06
4218,124.32632294300129,34.118628,True,True,1.430511474609375e-06
4219,124.35727176099317,30.804023,True,True,1.430511474609375e-06
4220,124.38249426198308,25.154543,True,True,1.430511474609375e-06
4221,124.40041860198835,17.867887,True,True,1.430511474609375e-06
4222,124.41849223600002,18.024924,True,True,1.430511474609375e-06
4223,124.43658536800649,18.036036,True,True,1.430511474609375e-06
4224,124.4548334319843,18.184131,True,True,1.430511474609375e-06
4225,124.47276496098493,17.877054,True,True,1.430511474609375e-06
4226,124.49110247698263,18.247365,True,True,1.430511474609375e-06
4227,124.50954955999623,18.327103,True,True,1.430511474609375e-06
4228,124.52744728900143,17.832064,True,True,1.430511474609375e-06
4229,124.54581185098505,18.308111,True,True,1.430511474609375e-06
4230,124.5706619079865,24.796075,True,True,1.430511474609375e-06
4231,124.60345959398546,32.705557,True,True,1.430511474609375e-06
4232,124.6351155450102,31.540258,True,True,1.430511474609375e-06
4233,124.66611771300086,30.893149,True,True,1.430511474609375e-06
4234,124.69827005898696,32.021005,True,True,1.430511474609375e-06
4235,124.73029459698591,31.905622,True,True,1.430511474609375e-06
4236,124.7639686850016,33.557331,True,True,1.430511474609375e-06
4237,124.79660730899195,32.538794,True,True,1.430511474609375e-06
4238,124.82938894699328,32.639932,True,True,1.430511474609375e-06
4239,124.86566537499311,36.171135,True,True,1.430511474609375e-06
4240,124.89799353800481,32.218809,True,True,1.430511474609375e-06
4241,124.9310070950014,32.935395,True,True,1.430511474609375e-06
4242,124.96334646400646,32.246758,True,True,1.430511474609375e-06
4243,124.99568794999504,32.255951,True,True,1.430511474609375e-06
4244,125.03131314998609,35.524781,True,True,1.430511474609375e-06
4245,125.07831505101058,46.865056,True,True,1.430511474609375e-06
4246,125.11408502300037,35.658807,True,True,1.430511474609375e-06
4247,125.16009014699375,45.877615,True,True,1.430511474609375e-06
4248,125.19245128700277,32.255847,True,True,1.430511474609375e-06
4249,125.21991964901099,27.386236,True,True,1.430511474609375e-06
4250,125.25229776999913,32.308458,True,True,1.430511474609375e-06
4251,125.28172299900325,29.336705,True,True,1.430511474609375e-06
4252,125.31459781900048,32.790869,True,True,1.430511474609375e-06
4253,125.34709140099585,32.378697,True,True,1.430511474609375e-06
4254,125.37924150199979,32.064075,True,True,1.430511474609375e-06
4255,125.39917819199036,19.850233,True,True,1.430511474609375e-06
4256,125.4175025599834,18.258449,True,True,1.430511474609375e-06
4257,125.4394602169923,21.900584,True,True,1.430511474609375e-06
4258,125.45769061800092,18.157966,True,True,1.430511474609375e-06
4259,125.4760704220098,18.319774,True,True,1.430511474609375e-06
4260,125.49444965098519,18.314931,True,True,1.430511474609375e-06
4261,125.51246557899867,17.961799,True,True,1.430511474609375e-06
4262,125.5306322129909,18.117731,True,True,1.430511474609375e-06
4263,125.54898061600397,18.294219,True,True,1.430511474609375e-06
4264,125.56678341599763,17.752353,True,True,1.430511474609375e-06
4265,125.59726293798303,30.428217,True,True,1.430511474609375e-06
4266,125.62996339198435,32.617912,True,True,1.430511474609375e-06
4267,125.65900919199339,28.886201,True,True,1.430511474609375e-06
4268,125.69206693599699,32.917949,True,True,1.430511474609375e-06
4269,125.73072096300893,38.500834,True,True,1.430511474609375e-06
4270,125.76425410198863,33.387327,True,True,1.430511474609375e-06
4271,125.79157155498979,27.187651,True,True,1.430511474609375e-06
4272,125.8410376929969,49.38283,True,True,1.430511474609375e-06
4273,125.87138087698258,30.21284,True,True,1.430511474609375e-06
4274,125.90373607599759,32.268574,True,True,1.430511474609375e-06
4275,125.93706104299054,33.221029,True,True,1.430511474609375e-06
4276,125.96933684399119,32.133696,True,True,1.430511474609375e-06
4277,126.00142545299605,31.986127,True,True,1.430511474609375e-06
4278,126.03610673500225,34.589924,True,True,1.430511474609375e-06
4279,126.08872974899714,52.50173,True,True,1.430511474609375e-06
4280,126.13694718599436,48.073905,True,True,1.430511474609375e-06
4281,126.17038013698766,33.295127,True,True,1.430511474609375e-06
4282,126.20322049499373,32.657368,True,True,1.430511474609375e-06
4283,126.23631117699551,32.93544,True,True,1.430511474609375e-06
4284,126.26955553499283,33.108304,True,True,1.430511474609375e-06
4285,126.30289885698585,33.204078,True,True,1.430511474609375e-06
4286,126.33627040399006,33.2314,True,True,1.430511474609375e-06
4287,126.36929576398688,32.886135,True,True,1.430511474609375e-06
4288,126.39062706899131,21.190769,True,True,1.430511474609375e-06
4289,126.40928631898714,18.530023,True,True,1.430511474609375e-06
4290,126.42810833398835,18.697151,True,True,1.430511474609375e-06
4291,126.44662186698406,18.393661,True,True,1.430511474609375e-06
4292,126.46465947400429,17.93238,True,True,1.430511474609375e-06
4293,126.48274549198686,18.017039,True,True,1.430511474609375e-06
4294,126.50078341900371,17.982908,True,True,1.430511474609375e-06
4295,126.51858582498971,17.747415,True,True,1.430511474609375e-06
4296,126.53651184399496,17.879922,True,True,1.430511474609375e-06
4297,126.55449007198331,17.925301,True,True,1.430511474609375e-06
4298,126.58672549200128,32.190158,True,True,1.430511474609375e-06
4299,126.61892691699904,32.107452,True,True,1.430511474609375e-06
4300,126.65951438198681,40.489565,True,True,1.430511474609375e-06
4301,126.69272267998895,33.096835,True,True,1.430511474609375e-06
4302,126.72528921900084,32.471436,True,True,1.430511474609375e-06
4303,126.7575022369856,32.13186,True,True,1.430511474609375e-06
4304,126.78474061298766,27.158126,True,True,1.430511474609375e-06
4305,126.81444095799816,29.635281,True,True,1.430511474609375e-06
4306,126.84716865999508,32.656429,True,True,1.430511474609375e-06
4307,126.87949514700449,32.232286,True,True,1.430511474609375e-06
4308,126.91279573299107,33.223224,True,True,1.430511474609375e-06
4309,126.94520310399821,32.334653,True,True,1.430511474609375e-06
4310,126.97750386298867,32.21882,True,True,1.430511474609375e-06
4311,127.01070590000018,33.121248,True,True,1.430511474609375e-06
4312,127.04571802599821,34.889364,True,True,1.430511474609375e-06
4313,127.09217821600032,46.269866,True,True,1.430511474609375e-06
4314,127.1360234899912,43.725095,True,True,1.430511474609375e-06
4315,127.16843659398728,32.281669,True,True,1.430511474609375e-06
4316,127.20149335599854,32.970793,True,True,1.430511474609375e-06
4317,127.23207708500559,30.506621,True,True,1.430511474609375e-06
4318,127.26914866900188,36.999385,True,True,1.430511474609375e-06
4319,127.30157807000796,32.341834,True,True,1.430511474609375e-06
4320,127.33168190298602,30.024493,True,True,1.430511474609375e-06
4321,127.36362609299249,31.880471,True,True,1.430511474609375e-06
4322,127.39112855299027,27.416381,True,True,1.430511474609375e-06
4323,127.40917446601088,17.984895,True,True,1.430511474609375e-06
4324,127.42709227700834,17.860955,True,True,1.430511474609375e-06
4325,127.44525198399788,18.107831,True,True,1.430511474609375e-06
4326,127.46334624898736,18.030474,True,True,1.430511474609375e-06
4327,127.48843323500478,25.036115,True,True,1.430511474609375e-06
4328,127.510225393984,21.708643,True,True,1.430511474609375e-06
4329,127.5284360589867,18.146617,True,True,1.430511474609375e-06
4330,127.54655254300451,18.058482,True,True,1.430511474609375e-06
4331,127.56436419198872,17.763138,True,True,1.430511474609375e-06
4332,127.59530309800175,30.887623,True,True,1.430511474609375e-06
4333,127.62765819800552,32.267242,True,True,1.430511474609375e-06
4334,127.66021926500252,32.432591,True,True,1.430511474609375e-06
4335,127.69366384600289,33.321889,True,True,1.430511474609375e-06
4336,127.7262425259978,32.441707,True,True,1.430511474609375e-06
4337,127.75876227999106,32.420122,True,True,1.430511474609375e-06
4338,127.78588150499854,27.018216,True,True,1.430511474609375e-06
4339,127.81801163998898,32.049037,True,True,1.430511474609375e-06
4340,127.86086496899952,42.754808,True,True,1.430511474609375e-06
4341,127.89304264300154,32.051787,True,True,1.430511474609375e-06
4342,127.92501890999847,31.892237,True,True,1.430511474609375e-06
4343,127.95366642498993,28.569695,True,True,1.430511474609375e-06
4344,127.98491713599651,31.152346,True,True,1.430511474609375e-06
4345,128.01518080898677,30.172878,True,True,1.430511474609375e-06
4346,128.0645276310097,49.253279,True,True,1.430511474609375e-06
4347,128.09931160800625,34.649409,True,True,1.430511474609375e-06
4348,128.16226265698788,62.833003,True,True,1.430511474609375e-06
4349,128.19811761498568,35.718542,True,True,1.430511474609375e-06
4350,128.2306952640065,32.476929,True,True,1.430511474609375e-06
4351,128.26395461001084,33.161278,True,True,1.430511474609375e-06
4352,128.2969522140047,32.910727,True,True,1.430511474609375e-06
4353,128.32940851099556,32.362313,True,True,1.430511474609375e-06
4354,128.36313404201064,33.647601,True,True,1.430511474609375e-06
4355,128.39008200599346,26.84735,True,True,1.430511474609375e-06
4356,128.40866336598992,18.515235,True,True,1.430511474609375e-06
4357,128.4271486820071,18.407622,True,True,1.430511474609375e-06
4358,128.45102060498903,23.773927,True,True,1.430511474609375e-06
4359,128.46916305299965,18.059502,True,True,1.430511474609375e-06
4360,128.48735212598694,18.125828,True,True,1.430511474609375e-06
4361,128.50612770498265,18.654645,True,True,1.430511474609375e-06
4362,128.52441243699286,18.193656,True,True,1.430511474609375e-06
4363,128.5430455239839,18.560912,True,True,1.430511474609375e-06
4364,128.56137037099688,18.232309,True,True,1.430511474609375e-06
4365,128.5911312949902,29.677845,True,True,1.430511474609375e-06
4366,128.61869430399383,27.49868,True,True,1.430511474609375e-06
4367,128.64898525198805,30.219209,True,True,1.430511474609375e-06
4368,128.68159335598466,32.521427,True,True,1.430511474609375e-06
4369,128.71383426798275,32.144261,True,True,1.430511474609375e-06
4370,128.74667387199588,32.751457,True,True,1.430511474609375e-06
4371,128.7793055899965,32.540386,True,True,1.430511474609375e-06
4372,128.82842987700133,49.038635,True,True,1.430511474609375e-06
4373,128.86115624199738,32.604409,True,True,1.430511474609375e-06
4374,128.8938288440113,32.579083,True,True,1.430511474609375e-06
4375,128.9272278219869,33.308947,True,True,1.430511474609375e-06
4376,128.95983714598697,32.50113,True,True,1.430511474609375e-06
4377,128.99193631499656,32.015901,True,True,1.430511474609375e-06
4378,129.02518823498394,33.163497,True,True,1.430511474609375e-06
4379,129.06880595700932,43.527259,True,True,1.430511474609375e-06
4380,129.11446183201042,45.505849,True,True,1.430511474609375e-06
4381,129.16125615799683,46.650152,True,True,1.430511474609375e-06
4382,129.19380227598595,32.43497,True,True,1.430511474609375e-06
4383,129.22612241999013,32.242783,True,True,1.430511474609375e-06
4384,129.25938464098726,33.18152,True,True,1.430511474609375e-06
4385,129.29159660698497,32.124684,True,True,1.430511474609375e-06
4386,129.32390975998715,32.234207,True,True,1.430511474609375e-06
4387,129.35177733100136,27.789939,True,True,1.430511474609375e-06
4388,129.3812682259886,29.42181,True,True,1.430511474609375e-06
4389,129.40174601698527,20.415807,True,True,1.430511474609375e-06
4390,129.41952313799993,17.719321,True,True,1.430511474609375e-06
4391,129.43788243099698,18.307043,True,True,1.430511474609375e-06
4392,129.45609724000678,18.157573,True,True,1.430511474609375e-06
4393,129.47415737900883,18.004895,True,True,1.430511474609375e-06
4394,129.49233467000886,18.128056,True,True,1.430511474609375e-06
4395,129.51015512199956,17.76508,True,True,1.430511474609375e-06
4396,129.52840832900256,18.204758,True,True,1.430511474609375e-06
4397,129.54699471400818,18.535838,True,True,1.430511474609375e-06
4398,129.56516863399884,18.123904,True,True,1.430511474609375e-06
4399,129.59564892499475,30.425094,True,True,1.430511474609375e-06
4400,129.62801463800133,32.285549,True,True,1.430511474609375e-06
4401,129.68145654999535,53.338884,True,True,1.430511474609375e-06
4402,129.71404224299476,32.450809,True,True,1.430511474609375e-06
4403,129.7470344119938,32.895279,True,True,1.430511474609375e-06
4404,129.77961890000734,32.498802,True,True,1.430511474609375e-06
4405,129.81155846000183,31.839127,True,True,1.430511474609375e-06
4406,129.84393009298947,32.29093,True,True,1.430511474609375e-06
4407,129.8771515940025,33.140663,True,True,1.430511474609375e-06
4408,129.90934369000024,32.103331,True,True,1.430511474609375e-06
4409,129.94158311898354,32.156229,True,True,1.430511474609375e-06
4410,129.9684223549848,26.755866,True,True,1.430511474609375e-06
4411,129.99849694099976,30.005883,True,True,1.430511474609375e-06
4412,130.03113426198252,32.545374,True,True,1.430511474609375e-06
4413,130.07908396798302,47.863254,True,True,1.430511474609375e-06
4414,130.1183810729999,39.160705,True,True,1.430511474609375e-06
4415,130.16160250999383,43.078174,True,True,1.430511474609375e-06
4416,130.194751403993,33.037824,True,True,1.430511474609375e-06
4417,130.22714975799317,32.310233,True,True,1.430511474609375e-06
4418,130.26586944999872,38.637094,True,True,1.430511474609375e-06
4419,130.31061503398814,44.630636,True,True,1.430511474609375e-06
4420,130.34295050799847,32.194755,True,True,1.430511474609375e-06
4421,130.37567407501047,32.636683,True,True,1.430511474609375e-06
4422,130.39616455498617,20.38665,True,True,1.430511474609375e-06
4423,130.41497563099256,18.738258,True,True,1.430511474609375e-06
4424,130.43306252299226,18.032877,True,True,1.430511474609375e-06
4425,130.4511205389863,18.007176,True,True,1.430511474609375e-06
4426,130.4691795099934,18.005881,True,True,1.430511474609375e-06
4427,130.49564218899468,26.415369,True,True,1.430511474609375e-06
4428,130.51691885100445,21.175059,True,True,1.430511474609375e-06
4429,130.53502999298507,18.048041,True,True,1.430511474609375e-06
4430,130.55324897900573,18.16482,True,True,1.430511474609375e-06
4431,130.57140261199675,18.108381,True,True,1.430511474609375e-06
4432,130.60978781300946,38.329298,True,True,1.430511474609375e-06
4433,130.63694911298808,27.048601,True,True,1.430511474609375e-06
4434,130.66958058899036,32.548537,True,True,1.430511474609375e-06
4435,130.70223966098274,32.558723,True,True,1.430511474609375e-06
4436,130.7325996189902,30.251199,True,True,1.430511474609375e-06
4437,130.76341520398273,30.729669,True,True,1.430511474609375e-06
4438,130.79636929600383,32.877031,True,True,1.430511474609375e-06
4439,130.8294434690033,32.969598,True,True,1.430511474609375e-06
4440,130.86960580700543,40.065993,True,True,1.430511474609375e-06
4441,130.8990211240016,29.284366,True,True,1.430511474609375e-06
4442,130.93065684800968,31.553031,True,True,1.430511474609375e-06
4443,130.9636281459825,32.872653,True,True,1.430511474609375e-06
4444,130.99676168098813,33.016653,True,True,1.430511474609375e-06
4445,131.02936328199576,32.501703,True,True,1.430511474609375e-06
4446,131.06464537998545,35.177465,True,True,1.430511474609375e-06
4447,131.1136257640028,48.833375,True,True,1.430511474609375e-06
4448,131.16029772898764,46.528942,True,True,1.430511474609375e-06
4449,131.1936048269854,33.184372,True,True,1.430511474609375e-06
4450,131.22632301598787,32.629799,True,True,1.430511474609375e-06
4451,131.2583452819963,31.911023,True,True,1.430511474609375e-06
4452,131.28526484200847,26.842521,True,True,1.430511474609375e-06
4453,131.31543423299445,30.086241,True,True,1.430511474609375e-06
4454,131.34791821200633,32.415143,True,True,1.430511474609375e-06
4455,131.3802726379945,32.266218,True,True,1.430511474609375e-06
4456,131.40035480400547,19.994768,True,True,1.430511474609375e-06
4457,131.41882041000645,18.408449,True,True,1.430511474609375e-06
4458,131.43693144898862,18.036732,True,True,1.430511474609375e-06
4459,131.45477114999085,17.785273,True,True,1.430511474609375e-06
4460,131.47284594899975,18.020067,True,True,1.430511474609375e-06
4461,131.49091609500465,18.011593,True,True,1.430511474609375e-06
4462,131.50866889499594,17.700267,True,True,1.430511474609375e-06
4463,131.5266321359959,17.913287,True,True,1.430511474609375e-06
4464,131.5447018519917,18.015458,True,True,1.430511474609375e-06
4465,131.56275299799745,18.002053,True,True,1.430511474609375e-06
4466,131.5923411269905,29.532526,True,True,1.430511474609375e-06
4467,131.62528584798565,32.848696,True,True,1.430511474609375e-06
4468,131.6579307290085,32.544718,True,True,1.430511474609375e-06
4469,131.69081089098472,32.765716,True,True,1.430511474609375e-06
4470,131.72344294399954,32.534644,True,True,1.430511474609375e-06
4471,131.75593435298651,32.412753,True,True,1.430511474609375e-06
4472,131.78830124699743,32.279718,True,True,1.430511474609375e-06
4473,131.8212852939905,32.904448,True,True,1.430511474609375e-06
4474,131.85380419000285,32.429303,True,True,1.430511474609375e-06
4475,131.88635794399306,32.468755,True,True,1.430511474609375e-06
4476,131.91391362500144,27.479552,True,True,1.430511474609375e-06
4477,131.94323012098903,29.250535,True,True,1.430511474609375e-06
4478,131.97552530499524,32.235086,True,True,1.430511474609375e-06
4479,132.00871067299158,33.090974,True,True,1.430511474609375e-06
4480,132.04116495000198,32.365286,True,True,1.430511474609375e-06
4481,132.0911104909901,49.804923,True,True,1.430511474609375e-06
4482,132.14122170300107,49.972145,True,True,1.430511474609375e-06
4483,132.17433026098297,32.96863,True,True,1.430511474609375e-06
4484,132.20662570398417,32.160601,True,True,1.430511474609375e-06
4485,132.23900199501077,32.304397,True,True,1.430511474609375e-06
4486,132.2717259929923,32.645997,True,True,1.430511474609375e-06
4487,132.30430196900852,32.502599,True,True,1.430511474609375e-06
4488,132.3369125520112,32.523898,True,True,1.430511474609375e-06
4489,132.36453275100212,27.547271,True,True,1.430511474609375e-06
4490,132.38872727999114,24.117542,True,True,1.430511474609375e-06
4491,132.4098994990054,21.112136,True,True,1.430511474609375e-06
4492,132.4353535969858,25.36307,True,True,1.430511474609375e-06
4493,132.4536403430102,18.200968,True,True,1.430511474609375e-06
4494,132.47235097899102,18.645982,True,True,1.430511474609375e-06
4495,132.49048942499212,18.079779,True,True,1.430511474609375e-06
4496,132.50849664700218,17.951784,True,True,1.430511474609375e-06
4497,132.5263493040111,17.805611,True,True,1.430511474609375e-06
4498,132.54426373299793,17.867982,True,True,1.430511474609375e-06
4499,132.56235079298494,18.037907,True,True,1.430511474609375e-06
4500,132.5927661889873,30.364203,True,True,1.430511474609375e-06
4501,132.62469349600724,31.857372,True,True,1.430511474609375e-06
4502,132.65234569300083,27.531263,True,True,1.430511474609375e-06
4503,132.6845195479982,32.07604,True,True,1.430511474609375e-06
4504,132.71461807499873,29.998662,True,True,1.430511474609375e-06
4505,132.74713018498733,32.438663,True,True,1.430511474609375e-06
4506,132.7794244189863,32.209036,True,True,1.430511474609375e-06
4507,132.81155891300295,32.049641,True,True,1.430511474609375e-06
4508,132.84406906500226,32.431619,True,True,1.430511474609375e-06
4509,132.8767641930026,32.614748,True,True,1.430511474609375e-06
4510,132.9094712449878,32.62078,True,True,1.430511474609375e-06
4511,132.94199981700513,32.448184,True,True,1.430511474609375e-06
4512,132.9749390789948,32.862141,True,True,1.430511474609375e-06
4513,133.00704476601095,32.022899,True,True,1.430511474609375e-06
4514,133.03393634498934,26.795604,True,True,1.430511474609375e-06
4515,133.06395962598617,29.954238,True,True,1.430511474609375e-06
4516,133.12804155700724,64.007176,True,True,1.430511474609375e-06
4517,133.1624294979847,34.250208,True,True,1.430511474609375e-06
4518,133.19444993601064,31.911265,True,True,1.430511474609375e-06
4519,133.22595870000077,31.435178,True,True,1.430511474609375e-06
4520,133.25812437498826,32.094314,True,True,1.430511474609375e-06
4521,133.29089904698776,32.683367,True,True,1.430511474609375e-06
4522,133.31768422599998,26.703364,True,True,1.430511474609375e-06
4523,133.34777841198957,30.023359,True,True,1.430511474609375e-06
4524,133.38042596599553,32.587971,True,True,1.430511474609375e-06
4525,133.40058898201096,20.080514,True,True,1.430511474609375e-06
4526,133.41879905801034,18.145816,True,True,1.430511474609375e-06
4527,133.43712217200664,18.265159,True,True,1.430511474609375e-06
4528,133.45515578100458,17.983967,True,True,1.430511474609375e-06
4529,133.4732844120008,18.076564,True,True,1.430511474609375e-06
4530,133.49136301100953,18.024261,True,True,1.430511474609375e-06
4531,133.50961356199696,18.193053,True,True,1.430511474609375e-06
4532,133.52785588998813,18.189408,True,True,1.430511474609375e-06
4533,133.54596752399812,18.060201,True,True,1.430511474609375e-06
4534,133.5637385500013,17.722199,True,True,1.430511474609375e-06
4535,133.5965227999841,32.734654,True,True,1.430511474609375e-06
4536,133.62899485998787,32.365498,True,True,1.430511474609375e-06
4537,133.65920973900938,30.111106,True,True,1.430511474609375e-06
4538,133.69186103600077,32.565012,True,True,1.430511474609375e-06
4539,133.72459007499856,32.634081,True,True,1.430511474609375e-06
4540,133.75710155200795,32.434818,True,True,1.430511474609375e-06
4541,133.79000658300356,32.826617,True,True,1.430511474609375e-06
4542,133.82222674100194,32.140215,True,True,1.430511474609375e-06
4543,133.8543502019893,32.048528,True,True,1.430511474609375e-06
4544,133.88678477000212,32.347999,True,True,1.430511474609375e-06
4545,133.91951900199638,32.650709,True,True,1.430511474609375e-06
4546,133.94652253799723,26.920737,True,True,1.430511474609375e-06
4547,133.97647286698339,29.884047,True,True,1.430511474609375e-06
4548,134.00813554000342,31.601448,True,True,1.430511474609375e-06
4549,134.0405494099832,32.335896,True,True,1.430511474609375e-06
4550,134.07346961999428,32.841362,True,True,1.430511474609375e-06
4551,134.1400855249958,66.490331,True,True,1.430511474609375e-06
4552,134.15963121299865,19.38695,True,True,1.430511474609375e-06
4553,134.20287001598626,43.15467,True,True,1.430511474609375e-06
4554,134.22999019999406,27.027741,True,True,1.430511474609375e-06
4555,134.25917351298267,29.118701,True,True,1.430511474609375e-06
4556,134.29161706598825,32.374705,True,True,1.430511474609375e-06
4557,134.32439220999368,32.70106,True,True,1.430511474609375e-06
4558,134.3568380420038,32.373179,True,True,1.430511474609375e-06
4559,134.38891478898586,31.985303,True,True,1.430511474609375e-06
4560,134.40930380800273,20.301782,True,True,1.430511474609375e-06
4561,134.4274716709915,18.10517,True,True,1.430511474609375e-06
4562,134.4457871799823,18.261405,True,True,1.430511474609375e-06
4563,134.4640928079898,18.241279,True,True,1.430511474609375e-06
4564,134.48242508500698,18.268435,True,True,1.430511474609375e-06
4565,134.50026071298635,17.781942,True,True,1.430511474609375e-06
4566,134.51812342199264,17.810706,True,True,1.430511474609375e-06
4567,134.5359620930103,17.790788,True,True,1.430511474609375e-06
4568,134.55376748400158,17.755636,True,True,1.430511474609375e-06
4569,134.579239254992,25.425144,True,True,1.430511474609375e-06
4570,134.61694770198665,37.622284,True,True,1.430511474609375e-06
4571,134.64949940200313,32.459496,True,True,1.430511474609375e-06
4572,134.6824625110021,32.850313,True,True,1.430511474609375e-06
4573,134.71524982599658,32.656721,True,True,1.430511474609375e-06
4574,134.76335984200705,48.004728,True,True,1.430511474609375e-06
4575,134.7962028470065,32.714847,True,True,1.430511474609375e-06
4576,134.8233602649998,27.062717,True,True,1.430511474609375e-06
4577,134.85297960598837,29.54765,True,True,1.430511474609375e-06
4578,134.88538176298607,32.338562,True,True,1.430511474609375e-06
4579,134.9177122389956,32.228903,True,True,1.430511474609375e-06
4580,134.95091207700898,33.095999,True,True,1.430511474609375e-06
4581,134.98380277201068,32.773259,True,True,1.430511474609375e-06
4582,135.02419718299643,40.287002,True,True,1.430511474609375e-06
4583,135.05335731699597,29.03172,True,True,1.430511474609375e-06
4584,135.10219684400363,48.756336,True,True,1.430511474609375e-06
4585,135.15163784299511,49.308995,True,True,1.430511474609375e-06
4586,135.1837987159961,32.028667,True,True,1.430511474609375e-06
4587,135.21605425799498,32.175491,True,True,1.430511474609375e-06
4588,135.24923244098318,33.089782,True,True,1.430511474609375e-06
4589,135.2817708030052,32.459408,True,True,1.430511474609375e-06
4590,135.31417116700322,32.313006,True,True,1.430511474609375e-06
4591,135.34696411000914,32.708267,True,True,1.430511474609375e-06
4592,135.37404110998614,26.995005,True,True,1.430511474609375e-06
4593,135.39254473301116,18.434999,True,True,1.430511474609375e-06
4594,135.41841411599307,25.8136,True,True,1.430511474609375e-06
4595,135.43960080298712,21.091553,True,True,1.430511474609375e-06
4596,135.45790737698553,18.229985,True,True,1.430511474609375e-06
4597,135.47604752599727,18.086749,True,True,1.430511474609375e-06
4598,135.49408724700334,17.981555,True,True,1.430511474609375e-06
4599,135.5118374589947,17.698511,True,True,1.430511474609375e-06
4600,135.52986822399544,17.981101,True,True,1.430511474609375e-06
4601,135.54787440400105,17.959196,True,True,1.430511474609375e-06
4602,135.57276348900632,24.843108,True,True,1.430511474609375e-06
4603,135.6032636029995,30.382348,True,True,1.430511474609375e-06
4604,135.63536519400077,32.031955,True,True,1.430511474609375e-06
4605,135.66251336599817,27.059127,True,True,1.430511474609375e-06
4606,135.6947323580098,32.141954,True,True,1.430511474609375e-06
4607,135.72467710700585,29.809166,True,True,1.430511474609375e-06
4608,135.75742801799788,32.673782,True,True,1.430511474609375e-06
4609,135.79010990599636,32.595122,True,True,1.430511474609375e-06
4610,135.82253436101018,32.34688,True,True,1.430511474609375e-06
4611,135.85483212399413,32.223571,True,True,1.430511474609375e-06
4612,135.88702763500623,32.114416,True,True,1.430511474609375e-06
4613,135.91922572799376,32.122993,True,True,1.430511474609375e-06
4614,135.95177530299406,32.472104,True,True,1.430511474609375e-06
4615,135.97879735400784,26.947374,True,True,1.430511474609375e-06
4616,136.00820289598778,29.340467,True,True,1.430511474609375e-06
4617,136.0404943629983,32.222558,True,True,1.430511474609375e-06
4618,136.0727353990078,32.133646,True,True,1.430511474609375e-06
4619,136.13854826500756,65.715446,True,True,1.430511474609375e-06
4620,136.17093569898861,32.250935,True,True,1.430511474609375e-06
4621,136.20382838099613,32.798328,True,True,1.430511474609375e-06
4622,136.2390011170064,35.072631,True,True,1.430511474609375e-06
4623,136.28534914599732,46.218436,True,True,1.430511474609375e-06
4624,136.31278823700268,27.311761,True,True,1.430511474609375e-06
4625,136.34481022300315,31.93355,True,True,1.430511474609375e-06
4626,136.37486235200777,29.949028,True,True,1.430511474609375e-06
4627,136.39514361400506,20.198003,True,True,1.430511474609375e-06
4628,136.41297939399374,17.770848,True,True,1.430511474609375e-06
4629,136.43101203400875,17.978744,True,True,1.430511474609375e-06
4630,136.44893217500066,17.86568,True,True,1.430511474609375e-06
4631,136.46670086399536,17.719175,True,True,1.430511474609375e-06
4632,136.48487921900232,18.113118,True,True,1.430511474609375e-06
4633,136.5028335689858,17.897169,True,True,1.430511474609375e-06
4634,136.52099669299787,18.111951,True,True,1.430511474609375e-06
4635,136.53902882599505,17.984141,True,True,1.430511474609375e-06
4636,136.55709337600274,18.012061,True,True,1.430511474609375e-06
4637,136.58708252300858,29.940849,True,True,1.430511474609375e-06
4638,136.61847830199986,31.301062,True,True,1.430511474609375e-06
4639,136.65175571100553,33.192848,True,True,1.430511474609375e-06
4640,136.6848533169832,32.978012,True,True,1.430511474609375e-06
4641,136.7173910299898,32.424087,True,True,1.430511474609375e-06
4642,136.75049924699124,33.0114,True,True,1.430511474609375e-06
4643,136.78230411498225,31.70345,True,True,1.430511474609375e-06
4644,136.81491951900534,32.528483,True,True,1.430511474609375e-06
4645,136.84823743300512,33.215444,True,True,1.430511474609375e-06
4646,136.88109446899034,32.748307,True,True,1.430511474609375e-06
4647,136.91384554398246,32.649811,True,True,1.430511474609375e-06
4648,136.9408246820094,26.882105,True,True,1.430511474609375e-06
4649,136.97064289500122,29.739195,True,True,1.430511474609375e-06
4650,137.0018684809911,31.131561,True,True,1.430511474609375e-06
4651,137.03471700899536,32.768766,True,True,1.430511474609375e-06
4652,137.06704775098478,32.234193,True,True,1.430511474609375e-06
4653,137.14804935798747,80.901517,True,True,1.430511474609375e-06
4654,137.1804343549884,32.250114,True,True,1.430511474609375e-06
4655,137.2127575170016,32.243619,True,True,1.430511474609375e-06
4656,137.23974280100083,26.913152,True,True,1.430511474609375e-06
4657,137.26930531999096,29.496635,True,True,1.430511474609375e-06
4658,137.30179524898995,32.425767,True,True,1.430511474609375e-06
4659,137.3347528979939,32.860917,True,True,1.430511474609375e-06
4660,137.36713251899346,32.276987,True,True,1.430511474609375e-06
4661,137.38782082800753,20.589777,True,True,1.430511474609375e-06
4662,137.40591964600026,18.031428,True,True,1.430511474609375e-06
4663,137.42376362599316,17.790882,True,True,1.430511474609375e-06
4664,137.44180711000809,17.987754,True,True,1.430511474609375e-06
4665,137.4596529219998,17.790815,True,True,1.430511474609375e-06
4666,137.47776017300203,18.051822,True,True,1.430511474609375e-06
4667,137.4959747059911,18.16456,True,True,1.430511474609375e-06
4668,137.5137750809954,17.748564,True,True,1.430511474609375e-06
4669,137.53171831200598,17.897938,True,True,1.430511474609375e-06
4670,137.55008841399103,18.321716,True,True,1.430511474609375e-06
4671,137.57980009898893,29.657658,True,True,1.430511474609375e-06
4672,137.61230033499305,32.406423,True,True,1.430511474609375e-06
4673,137.6451696289878,32.765694,True,True,1.430511474609375e-06
4674,137.67769747501006,32.411076,True,True,1.430511474609375e-06
4675,137.70969544400577,31.875843,True,True,1.430511474609375e-06
4676,137.74256014000275,32.776758,True,True,1.430511474609375e-06
4677,137.77488255800563,32.228151,True,True,1.430511474609375e-06
4678,137.80226500198478,27.287659,True,True,1.430511474609375e-06
4679,137.83171610199497,29.376636,True,True,1.430511474609375e-06
4680,137.86389806499938,32.09569,True,True,1.430511474609375e-06
4681,137.89690527698258,32.910827,True,True,1.430511474609375e-06
4682,137.92941380300908,32.401395,True,True,1.430511474609375e-06
4683,137.9617995150038,32.283451,True,True,1.430511474609375e-06
4684,137.99435862898827,32.461836,True,True,1.430511474609375e-06
4685,138.0271191909851,32.653427,True,True,1.430511474609375e-06
4686,138.05974206098472,32.525134,True,True,1.430511474609375e-06
4687,138.09397071998683,34.128792,True,True,1.430511474609375e-06
4688,138.15252554399194,58.407674,True,True,1.430511474609375e-06
4689,138.18377296699327,31.1153,True,True,1.430511474609375e-06
4690,138.21403407500475,30.190212,True,True,1.430511474609375e-06
4691,138.2465623129974,32.467566,True,True,1.430511474609375e-06
4692,138.27904934299295,32.404947,True,True,1.430511474609375e-06
4693,138.31156941398513,32.436588,True,True,1.430511474609375e-06
4694,138.34441078698728,32.768023,True,True,1.430511474609375e-06
4695,138.37667184899328,32.190938,True,True,1.430511474609375e-06
4696,138.39675698798965,20.003221,True,True,1.430511474609375e-06
4697,138.41466567199677,17.855618,True,True,1.430511474609375e-06
4698,138.43282849001116,18.114398,True,True,1.430511474609375e-06
4699,138.45084791898262,17.962274,True,True,1.430511474609375e-06
4700,138.46863771000062,17.742848,True,True,1.430511474609375e-06
4701,138.4867230610107,18.033038,True,True,1.430511474609375e-06
4702,138.50443676300347,17.662145,True,True,1.430511474609375e-06
4703,138.5223087159975,17.826263,True,True,1.430511474609375e-06
4704,138.540573870996,18.21359,True,True,1.430511474609375e-06
4705,138.5584180690057,17.794574,True,True,1.430511474609375e-06
4706,138.58417386299698,25.706429,True,True,1.430511474609375e-06
4707,138.62135537498398,37.101054,True,True,1.430511474609375e-06
4708,138.6539020499913,32.432155,True,True,1.430511474609375e-06
4709,138.6869198869972,32.908058,True,True,1.430511474609375e-06
4710,138.7195250710065,32.488577,True,True,1.430511474609375e-06
4711,138.75140444899444,31.778069,True,True,1.430511474609375e-06
4712,138.776355117996,24.866548,True,True,1.430511474609375e-06
4713,138.80854177899892,32.113595,True,True,1.430511474609375e-06
4714,138.8412788870046,32.645032,True,True,1.430511474609375e-06
4715,138.87381468698732,32.447333,True,True,1.430511474609375e-06
4716,138.90612808600417,32.231325,True,True,1.430511474609375e-06
4717,138.9389400020009,32.712957,True,True,1.430511474609375e-06
4718,138.97153287299443,32.48237,True,True,1.430511474609375e-06
4719,139.006898282998,35.249981,True,True,1.430511474609375e-06
4720,139.05392556800507,46.892992,True,True,1.430511474609375e-06
4721,139.08699222799623,32.951143,True,True,1.430511474609375e-06
4722,139.1172064100101,30.100898,True,True,1.430511474609375e-06
4723,139.16964849899523,52.320898,True,True,1.430511474609375e-06
4724,139.2021556920081,32.364013,True,True,1.430511474609375e-06
4725,139.22896076500183,26.721626,True,True,1.430511474609375e-06
4726,139.25933828100096,30.296676,True,True,1.430511474609375e-06
4727,139.29223138900124,32.782516,True,True,1.430511474609375e-06
4728,139.3248257219966,32.469466,True,True,1.430511474609375e-06
4729,139.35700560899568,32.094002,True,True,1.430511474609375e-06
4730,139.3840896569891,27.000657,True,True,1.430511474609375e-06
4731,139.40316116600297,18.939818,True,True,1.430511474609375e-06
4732,139.42110247298842,17.874047,True,True,1.430511474609375e-06
4733,139.43892255600076,17.768507,True,True,1.430511474609375e-06
4734,139.4573376409826,18.369073,True,True,1.430511474609375e-06
4735,139.47538713700487,18.005152,True,True,1.430511474609375e-06
4736,139.49320825000177,17.775924,True,True,1.430511474609375e-06
4737,139.51123539099353,17.980749,True,True,1.430511474609375e-06
4738,139.52906533700298,17.786892,True,True,1.430511474609375e-06
4739,139.54683850999572,17.72878,True,True,1.430511474609375e-06
4740,139.56489413499366,18.012202,True,True,1.430511474609375e-06
4741,139.59658980500535,31.651645,True,True,1.430511474609375e-06
4742,139.63315021098242,36.481308,True,True,1.430511474609375e-06
4743,139.66614233099972,32.914839,True,True,1.430511474609375e-06
4744,139.6988862339931,32.657587,True,True,1.430511474609375e-06
4745,139.73123275398393,32.266177,True,True,1.430511474609375e-06
4746,139.7637236249866,32.412411,True,True,1.430511474609375e-06
4747,139.79072095599258,26.91119,True,True,1.430511474609375e-06
4748,139.82097136299126,30.180734,True,True,1.430511474609375e-06
4749,139.8537690480007,32.73356,True,True,1.430511474609375e-06
4750,139.8859914339846,32.144153,True,True,1.430511474609375e-06
4751,139.91827538600774,32.200952,True,True,1.430511474609375e-06
4752,139.95118877099594,32.833239,True,True,1.430511474609375e-06
4753,139.98362651100615,32.363553,True,True,1.430511474609375e-06
4754,140.0162457349943,32.508934,True,True,1.430511474609375e-06
4755,140.0490043030004,32.650749,True,True,1.430511474609375e-06
4756,140.081583555002,32.479208,True,True,1.430511474609375e-06
4757,140.1186067039962,36.93784,True,True,1.430511474609375e-06
4758,140.1548879960028,36.13656,True,True,1.430511474609375e-06
4759,140.18671094501042,31.727668,True,True,1.430511474609375e-06
4760,140.21937139399233,32.541117,True,True,1.430511474609375e-06
4761,140.2520133490034,32.544063,True,True,1.430511474609375e-06
4762,140.28486113098916,32.75454,True,True,1.430511474609375e-06
4763,140.31719812800293,32.199168,True,True,1.430511474609375e-06
4764,140.3498247989919,32.556763,True,True,1.430511474609375e-06
4765,140.3771430600027,27.219646,True,True,1.430511474609375e-06
4766,140.3957136030076,18.496117,True,True,1.430511474609375e-06
4767,140.41403035999974,18.260162,True,True,1.430511474609375e-06
4768,140.4321755740093,18.088774,True,True,1.430511474609375e-06
4769,140.45043558999896,18.202279,True,True,1.430511474609375e-06
4770,140.46844473900273,17.955796,True,True,1.430511474609375e-06
4771,140.48626626899932,17.760504,True,True,1.430511474609375e-06
4772,140.50417486898368,17.848146,True,True,1.430511474609375e-06
4773,140.5219790659903,17.757088,True,True,1.430511474609375e-06
4774,140.539932855987,17.905698,True,True,1.430511474609375e-06
4775,140.55774667300284,17.759166,True,True,1.430511474609375e-06
4776,140.59040037399973,32.602164,True,True,1.430511474609375e-06
4777,140.62804416098516,37.525924,True,True,1.430511474609375e-06
4778,140.66077164700255,32.622164,True,True,1.430511474609375e-06
4779,140.7001583329984,39.279871,True,True,1.430511474609375e-06
4780,140.73614732999704,35.848446,True,True,1.430511474609375e-06
4781,140.76532632898306,29.08446,True,True,1.430511474609375e-06
4782,140.7976825860096,32.290408,True,True,1.430511474609375e-06
4783,140.83021585200913,32.44429,True,True,1.430511474609375e-06
4784,140.862958593003,32.663802,True,True,1.430511474609375e-06
4785,140.89605793799274,32.982651,True,True,1.430511474609375e-06
4786,140.92828808599734,32.103215,True,True,1.430511474609375e-06
4787,140.9609933210013,32.609386,True,True,1.430511474609375e-06
4788,140.99361651099753,32.516891,True,True,1.430511474609375e-06
4789,141.0255742839945,31.819718,True,True,1.430511474609375e-06
4790,141.05261231400073,26.954929,True,True,1.430511474609375e-06
4791,141.08230683999136,29.614167,True,True,1.430511474609375e-06
4792,141.13022853899747,47.845038,True,True,1.430511474609375e-06
4793,141.16403302300023,33.672901,True,True,1.430511474609375e-06
4794,141.19630789698567,32.178867,True,True,1.430511474609375e-06
4795,141.22861988999648,32.230234,True,True,1.430511474609375e-06
4796,141.26093440898694,32.234118,True,True,1.430511474609375e-06
4797,141.29398114600917,32.966021,True,True,1.430511474609375e-06
4798,141.32656282599783,32.494285,True,True,1.430511474609375e-06
4799,141.3658920779999,39.245309,True,True,1.430511474609375e-06
4800,141.3962748509948,30.254602,True,True,1.430511474609375e-06
4801,141.41467584500788,18.311237,True,True,1.430511474609375e-06
4802,141.4328967339825,18.158558,True,True,1.430511474609375e-06
4803,141.4513039609883,18.349553,True,True,1.430511474609375e-06
4804,141.4693753499887,18.017416,True,True,1.430511474609375e-06
4805,141.48718077098601,17.748935,True,True,1.430511474609375e-06
4806,141.50517411000328,17.931034,True,True,1.430511474609375e-06
4807,141.52328378200764,18.061679,True,True,1.430511474609375e-06
4808,141.54140968399588,18.067931,True,True,1.430511474609375e-06
4809,141.55925784798455,17.791811,True,True,1.430511474609375e-06
4810,141.58414943199023,24.839422,True,True,1.430511474609375e-06
4811,141.62175569098326,37.50521,True,True,1.430511474609375e-06
4812,141.65425103600137,32.393516,True,True,1.430511474609375e-06
4813,141.68705839200993,32.709489,True,True,1.430511474609375e-06
4814,141.71898387098918,31.818565,True,True,1.430511474609375e-06
4815,141.7441695370071,25.114149,True,True,1.430511474609375e-06
4816,141.7754687689885,31.23469,True,True,1.430511474609375e-06
4817,141.8079224989924,32.384885,True,True,1.430511474609375e-06
4818,141.84003341698553,32.021943,True,True,1.430511474609375e-06
4819,141.87264239098295,32.521889,True,True,1.430511474609375e-06
4820,141.90565104898997,32.919975,True,True,1.430511474609375e-06
4821,141.93787608799175,32.131675,True,True,1.430511474609375e-06
4822,141.96934347500792,31.386528,True,True,1.430511474609375e-06
4823,141.99643972300692,27.027956,True,True,1.430511474609375e-06
4824,142.0431956149987,46.638973,True,True,1.430511474609375e-06
4825,142.0756531439838,32.342736,True,True,1.430511474609375e-06
4826,142.1135650310025,37.814478,True,True,1.430511474609375e-06
4827,142.15896841298672,45.284929,True,True,1.430511474609375e-06
4828,142.19152096300968,32.44107,True,True,1.430511474609375e-06
4829,142.22391154698562,32.305024,True,True,1.430511474609375e-06
4830,142.2562352560053,32.236583,True,True,1.430511474609375e-06
4831,142.28883660098654,32.509014,True,True,1.430511474609375e-06
4832,142.32177310899715,32.855767,True,True,1.430511474609375e-06
4833,142.35458004500833,32.726315,True,True,1.430511474609375e-06
4834,142.38161110298824,26.948137,True,True,1.430511474609375e-06
4835,142.39975225698436,18.076815,True,True,1.430511474609375e-06
4836,142.41806324198842,18.254911,True,True,1.430511474609375e-06
4837,142.43587997698341,17.770832,True,True,1.430511474609375e-06
4838,142.45378976099892,17.864309,True,True,1.430511474609375e-06
4839,142.47160638100468,17.772165,True,True,1.430511474609375e-06
4840,142.48947274900274,17.818056,True,True,1.430511474609375e-06
4841,142.50769092299743,18.172033,True,True,1.430511474609375e-06
4842,142.52572921200772,17.98862,True,True,1.430511474609375e-06
4843,142.54389903999981,18.125583,True,True,1.430511474609375e-06
4844,142.56231954999384,18.376232,True,True,1.430511474609375e-06
4845,142.5947119249904,32.342617,True,True,1.430511474609375e-06
4846,142.63180312898476,36.985646,True,True,1.430511474609375e-06
4847,142.66412007098552,32.223085,True,True,1.430511474609375e-06
4848,142.69144499700633,27.218943,True,True,1.430511474609375e-06
4849,142.7213186599838,29.794734,True,True,1.430511474609375e-06
4850,142.75348578600097,32.105629,True,True,1.430511474609375e-06
4851,142.7869403240038,33.331369,True,True,1.430511474609375e-06
4852,142.81975961499847,32.694296,True,True,1.430511474609375e-06
4853,142.86863347500912,48.781766,True,True,1.430511474609375e-06
4854,142.90092586301034,32.157267,True,True,1.430511474609375e-06
4855,142.93466809298843,33.626351,True,True,1.430511474609375e-06
4856,142.96709643499344,32.323484,True,True,1.430511474609375e-06
4857,142.99975006000022,32.568934,True,True,1.430511474609375e-06
4858,143.03269664300024,32.863826,True,True,1.430511474609375e-06
4859,143.06550720799714,32.712272,True,True,1.430511474609375e-06
4860,143.09788541300804,32.300396,True,True,1.430511474609375e-06
4861,143.16346296601114,65.493422,True,True,1.430511474609375e-06
4862,143.19125334199634,27.656316,True,True,1.430511474609375e-06
4863,143.22089990600944,29.574467,True,True,1.430511474609375e-06
4864,143.25330904099974,32.334746,True,True,1.430511474609375e-06
4865,143.28604647199973,32.62501,True,True,1.430511474609375e-06
4866,143.31929827100248,33.146934,True,True,1.430511474609375e-06
4867,143.35192910398473,32.491721,True,True,1.430511474609375e-06
4868,143.37914374898537,27.118591,True,True,1.430511474609375e-06
4869,143.39740431201062,18.175312,True,True,1.430511474609375e-06
4870,143.41590020700824,18.438036,True,True,1.430511474609375e-06
4871,143.43461671698606,18.667859,True,True,1.430511474609375e-06
4872,143.45267139698262,18.000242,True,True,1.430511474609375e-06
4873,143.47064236999722,17.919314,True,True,1.430511474609375e-06
4874,143.48858956000186,17.893339,True,True,1.430511474609375e-06
4875,143.506617164996,17.974976,True,True,1.430511474609375e-06
4876,143.52459449498565,17.931583,True,True,1.430511474609375e-06
4877,143.54310820798855,18.468927,True,True,1.430511474609375e-06
4878,143.56596930499654,22.7886,True,True,1.430511474609375e-06
4879,143.59793647599872,31.86607,True,True,1.430511474609375e-06
4880,143.62531128898263,27.287564,True,True,1.430511474609375e-06
4881,143.6576555770007,32.247476,True,True,1.430511474609375e-06
4882,143.70095306198345,43.194867,True,True,1.430511474609375e-06
4883,143.7368098089937,35.742431,True,True,1.430511474609375e-06
4884,143.7694315460103,32.529385,True,True,1.430511474609375e-06
4885,143.80241938401014,32.902936,True,True,1.430511474609375e-06
4886,143.83434144800412,31.833389,True,True,1.430511474609375e-06
4887,143.8666129479825,32.191795,True,True,1.430511474609375e-06
4888,143.89973762299633,33.040278,True,True,1.430511474609375e-06
4889,143.9319013360073,32.070581,True,True,1.430511474609375e-06
4890,143.96406166400993,32.07715,True,True,1.430511474609375e-06
4891,143.99646669698996,32.322762,True,True,1.430511474609375e-06
4892,144.02158524398692,25.009787,True,True,1.430511474609375e-06
4893,144.0531450790004,31.484889,True,True,1.430511474609375e-06
4894,144.08636080200085,33.119414,True,True,1.430511474609375e-06
4895,144.13648236598237,49.982622,True,True,1.430511474609375e-06
4896,144.18565358500928,49.030367,True,True,1.430511474609375e-06
4897,144.21893127801013,33.136574,True,True,1.430511474609375e-06
4898,144.25258212001063,33.550736,True,True,1.430511474609375e-06
4899,144.2851616590051,32.469814,True,True,1.430511474609375e-06
4900,144.31771115100128,32.446237,True,True,1.430511474609375e-06
4901,144.35017342100036,32.36271,True,True,1.430511474609375e-06
4902,144.37788178300252,27.611712,True,True,1.430511474609375e-06
4903,144.39668954198714,18.732925,True,True,1.430511474609375e-06
4904,144.41490685899043,18.151713,True,True,1.430511474609375e-06
4905,144.43321007100167,18.247823,True,True,1.430511474609375e-06
4906,144.4512226730003,17.954161,True,True,1.430511474609375e-06
4907,144.4756939279905,24.42234,True,True,1.430511474609375e-06
4908,144.49422215099912,18.416273,True,True,1.430511474609375e-06
4909,144.5124535310024,18.162789,True,True,1.430511474609375e-06
4910,144.53060692400322,18.103664,True,True,1.430511474609375e-06
4911,144.5488975229964,18.239115,True,True,1.430511474609375e-06
4912,144.5744105670019,25.463384,True,True,1.430511474609375e-06
4913,144.60747009600163,32.95766,True,True,1.430511474609375e-06
4914,144.63768560398603,30.10305,True,True,1.430511474609375e-06
4915,144.67122572899098,33.454237,True,True,1.430511474609375e-06
4916,144.70390079598292,32.56874,True,True,1.430511474609375e-06
4917,144.73620822301018,32.215339,True,True,1.430511474609375e-06
4918,144.76913035099278,32.836654,True,True,1.430511474609375e-06
4919,144.80168331199093,32.46913,True,True,1.430511474609375e-06
4920,144.83453080398613,32.754766,True,True,1.430511474609375e-06
4921,144.86691168899415,32.306984,True,True,1.430511474609375e-06
4922,144.89946886198595,32.476388,True,True,1.430511474609375e-06
4923,144.93239010998514,32.833603,True,True,1.430511474609375e-06
4924,144.96449397900142,32.020043,True,True,1.430511474609375e-06
4925,144.9973345019971,32.757503,True,True,1.430511474609375e-06
4926,145.03054978500586,33.100988,True,True,1.430511474609375e-06
4927,145.05755063000834,26.903125,True,True,1.430511474609375e-06
4928,145.0874743530003,29.856056,True,True,1.430511474609375e-06
4929,145.13627048200578,48.724229,True,True,1.430511474609375e-06
4930,145.18621777798398,49.808221,True,True,1.430511474609375e-06
4931,145.2185298849945,32.175224,True,True,1.430511474609375e-06
4932,145.2520343879878,33.421709,True,True,1.430511474609375e-06
4933,145.28478683601134,32.655681,True,True,1.430511474609375e-06
4934,145.31711202301085,32.235074,True,True,1.430511474609375e-06
4935,145.34990910100169,32.709493,True,True,1.430511474609375e-06
4936,145.37720970399096,27.213735,True,True,1.430511474609375e-06
4937,145.3954553430085,18.173434,True,True,1.430511474609375e-06
4938,145.41350507599418,17.991936,True,True,1.430511474609375e-06
4939,145.43158406199655,18.029303,True,True,1.430511474609375e-06
4940,145.449559642002,17.87315,True,True,1.430511474609375e-06
4941,145.46799067800748,18.371197,True,True,1.430511474609375e-06
4942,145.48644170400803,18.367363,True,True,1.430511474609375e-06
4943,145.50526232700213,18.716079,True,True,1.430511474609375e-06
4944,145.52384389698273,18.477034,True,True,1.430511474609375e-06
4945,145.54243254999164,18.503813,True,True,1.430511474609375e-06
4946,145.56114879398956,18.643669,True,True,1.430511474609375e-06
4947,145.60064883698942,39.376467,True,True,1.430511474609375e-06
4948,145.64763541900902,46.846185,True,True,1.430511474609375e-06
4949,145.67489321299945,27.120202,True,True,1.430511474609375e-06
4950,145.70732171399868,32.315434,True,True,1.430511474609375e-06
4951,145.7384972019936,31.070742,True,True,1.430511474609375e-06
4952,145.7698477570084,31.241272,True,True,1.430511474609375e-06
4953,145.8021950770053,32.267866,True,True,1.430511474609375e-06
4954,145.83493196600466,32.646818,True,True,1.430511474609375e-06
4955,145.86714002100052,32.115249,True,True,1.430511474609375e-06
4956,145.90037760100677,33.150008,True,True,1.430511474609375e-06
4957,145.93338651998783,32.917318,True,True,1.430511474609375e-06
4958,145.9657623230014,32.25192,True,True,1.430511474609375e-06
4959,145.99864131698268,32.803251,True,True,1.430511474609375e-06
4960,146.03133696198347,32.573187,True,True,1.430511474609375e-06
4961,146.05874671498896,27.285557,True,True,1.430511474609375e-06
4962,146.08813019498484,29.305295,True,True,1.430511474609375e-06
4963,146.13715338200564,48.956073,True,True,1.430511474609375e-06
4964,146.18603549100226,48.747786,True,True,1.430511474609375e-06
4965,146.21832303199335,32.149094,True,True,1.430511474609375e-06
4966,146.2515407470055,33.125316,True,True,1.430511474609375e-06
4967,146.28397356398636,32.336648,True,True,1.430511474609375e-06
4968,146.31660601199837,32.539136,True,True,1.430511474609375e-06
4969,146.3496582910011,32.969573,True,True,1.430511474609375e-06
4970,146.37671955500264,26.972092,True,True,1.430511474609375e-06
4971,146.39540095298435,18.621192,True,True,1.430511474609375e-06
4972,146.41337184599251,17.910404,True,True,1.430511474609375e-06
4973,146.4314704510034,18.046618,True,True,1.430511474609375e-06
4974,146.44997053500265,18.377216,True,True,1.430511474609375e-06
4975,146.468272314989,18.206065,True,True,1.430511474609375e-06
4976,146.48641903098905,18.091495,True,True,1.430511474609375e-06
4977,146.50427700200817,17.800712,True,True,1.430511474609375e-06
4978,146.52214789300342,17.823446,True,True,1.430511474609375e-06
4979,146.5401752019825,17.977036,True,True,1.430511474609375e-06
4980,146.55851343399263,18.243015,True,True,1.430511474609375e-06
4981,146.59142222299124,32.806812,True,True,1.430511474609375e-06
4982,146.62917377598933,37.649621,True,True,1.430511474609375e-06
4983,146.66128309900523,31.974853,True,True,1.430511474609375e-06
4984,146.68826183999772,26.898984,True,True,1.430511474609375e-06
4985,146.7184650010022,30.123363,True,True,1.430511474609375e-06
4986,146.74944091399084,30.912816,True,True,1.430511474609375e-06
4987,146.78229894200922,32.796422,True,True,1.430511474609375e-06
4988,146.81566289698821,33.223565,True,True,1.430511474609375e-06
4989,146.84765272098593,31.841483,True,True,1.430511474609375e-06
4990,146.88013755800785,32.415935,True,True,1.430511474609375e-06
4991,146.91355682798894,33.334265,True,True,1.430511474609375e-06
4992,146.9463254569855,32.639597,True,True,1.430511474609375e-06
4993,146.97879231598927,32.382045,True,True,1.430511474609375e-06
4994,147.01819217498996,39.314968,True,True,1.430511474609375e-06
4995,147.0497681350098,31.431041,True,True,1.430511474609375e-06
4996,147.08207349598524,32.214375,True,True,1.430511474609375e-06
4997,147.11756196198985,35.406288,True,True,1.430511474609375e-06
4998,147.16515210899524,47.44856,True,True,1.430511474609375e-06
4999,147.21179795599892,46.415038,True,True,1.430511474609375e-06
5000,147.23907969199354,27.157101,True,True,1.430511474609375e-06
5001,147.2710271649994,31.859103,True,True,1.430511474609375e-06
5002,147.32090182899265,49.755428,True,True,1.430511474609375e-06
5003,147.3502896889986,29.250675,True,True,1.430511474609375e-06
5004,147.37748256800114,27.114852,True,True,1.430511474609375e-06
5005,147.39546524098841,17.91605,True,True,1.430511474609375e-06
5006,147.41358040098567,18.064463,True,True,1.430511474609375e-06
5007,147.431632428983,18.00276,True,True,1.430511474609375e-06
5008,147.44969729799777,18.016087,True,True,1.430511474609375e-06
5009,147.46788088299218,18.13558,True,True,1.430511474609375e-06
5010,147.48594480700558,18.005179,True,True,1.430511474609375e-06
5011,147.50389527200605,17.889624,True,True,1.430511474609375e-06
5012,147.52188293100335,17.939084,True,True,1.430511474609375e-06
5013,147.53993466100655,18.00238,True,True,1.430511474609375e-06
5014,147.56279756699223,22.807852,True,True,1.430511474609375e-06
5015,147.5899041579978,27.048307,True,True,1.430511474609375e-06
5016,147.62744821200613,37.471402,True,True,1.430511474609375e-06
5017,147.66023635098827,32.667501,True,True,1.430511474609375e-06
5018,147.69339559201035,33.034661,True,True,1.430511474609375e-06
5019,147.7253544369887,31.845307,True,True,1.430511474609375e-06
5020,147.7576745080005,32.237618,True,True,1.430511474609375e-06
5021,147.79096079900046,33.181501,True,True,1.430511474609375e-06
5022,147.8235436519899,32.465016,True,True,1.430511474609375e-06
5023,147.8557272279868,32.095817,True,True,1.430511474609375e-06
5024,147.88301783098723,27.215729,True,True,1.430511474609375e-06
5025,147.9124848509964,29.39896,True,True,1.430511474609375e-06
5026,147.95938452900737,46.829201,True,True,1.430511474609375e-06
5027,148.00943010198534,49.904143,True,True,1.430511474609375e-06
5028,148.04163684500963,32.080722,True,True,1.430511474609375e-06
5029,148.07402835501125,32.315176,True,True,1.430511474609375e-06
5030,148.10651941099786,32.405937,True,True,1.430511474609375e-06
5031,148.15598537199548,49.376659,True,True,1.430511474609375e-06
5032,148.20525601899135,49.140486,True,True,1.430511474609375e-06
5033,148.23248902300838,27.110357,True,True,1.430511474609375e-06
5034,148.26280316099292,30.232368,True,True,1.430511474609375e-06
5035,148.29489025700605,32.010533,True,True,1.430511474609375e-06
5036,148.32728792200214,32.293351,True,True,1.430511474609375e-06
5037,148.35992387100123,32.555432,True,True,1.430511474609375e-06
5038,148.38702307699714,27.018245,True,True,1.430511474609375e-06
5039,148.40517256199382,18.082033,True,True,1.430511474609375e-06
5040,148.42343913199147,18.209584,True,True,1.430511474609375e-06
5041,148.44163354398916,18.131506,True,True,1.430511474609375e-06
5042,148.45974104298512,18.052902,True,True,1.430511474609375e-06
5043,148.4777450269903,17.955279,True,True,1.430511474609375e-06
5044,148.4960247039853,18.225673,True,True,1.430511474609375e-06
5045,148.51419266400626,18.080772,True,True,1.430511474609375e-06
5046,148.53217948100064,17.926481,True,True,1.430511474609375e-06
5047,148.55006508299266,17.83002,True,True,1.430511474609375e-06
5048,148.57268334701075,22.562058,True,True,1.430511474609375e-06
5049,148.6183889019885,45.62869,True,True,1.430511474609375e-06
5050,148.65349157500896,34.980011,True,True,1.430511474609375e-06
5051,148.6861086069839,32.518666,True,True,1.430511474609375e-06
5052,148.7189364740043,32.739152,True,True,1.430511474609375e-06
5053,148.75117675799993,32.165664,True,True,1.430511474609375e-06
5054,148.78432148700813,33.062634,True,True,1.430511474609375e-06
5055,148.81691586101078,32.512069,True,True,1.430511474609375e-06
5056,148.84903538998333,32.040586,True,True,1.430511474609375e-06
5057,148.87667018501088,27.55841,True,True,1.430511474609375e-06
5058,148.90643702298985,29.704222,True,True,1.430511474609375e-06
5059,148.9384964419878,31.998774,True,True,1.430511474609375e-06
5060,148.97096676198998,32.390267,True,True,1.430511474609375e-06
5061,149.00392928998917,32.885113,True,True,1.430511474609375e-06
5062,149.03641673800303,32.399725,True,True,1.430511474609375e-06
5063,149.06928450099076,32.776192,True,True,1.430511474609375e-06
5064,149.1018228699977,32.45842,True,True,1.430511474609375e-06
5065,149.1508685729932,48.956189,True,True,1.430511474609375e-06
5066,149.1999506529828,48.951102,True,True,1.430511474609375e-06
5067,149.2319903440075,31.917605,True,True,1.430511474609375e-06
5068,149.2571277800016,25.056926,True,True,1.430511474609375e-06
5069,149.28868999500992,31.495464,True,True,1.430511474609375e-06
5070,149.32126133699785,32.475309,True,True,1.430511474609375e-06
5071,149.35390965201077,32.571251,True,True,1.430511474609375e-06
5072,149.3809052160068,26.916519,True,True,1.430511474609375e-06
5073,149.39901766300318,18.045387,True,True,1.430511474609375e-06
5074,149.41690220800228,17.829066,True,True,1.430511474609375e-06
5075,149.43490391600062,17.951554,True,True,1.430511474609375e-06
5076,149.4627868369862,27.830506,True,True,1.430511474609375e-06
5077,149.48090956400847,18.033043,True,True,1.430511474609375e-06
5078,149.49899538699538,18.023307,True,True,1.430511474609375e-06
5079,149.51678635299322,17.737571,True,True,1.430511474609375e-06
5080,149.5347665839945,17.932509,True,True,1.430511474609375e-06
5081,149.55268140599946,17.859526,True,True,1.430511474609375e-06
5082,149.57797450199723,25.23558,True,True,1.430511474609375e-06
5083,149.6095606040035,31.500797,True,True,1.430511474609375e-06
5084,149.6403146139928,30.669615,True,True,1.430511474609375e-06
5085,149.67271883200738,32.321927,True,True,1.430511474609375e-06
5086,149.70472463400802,31.914767,True,True,1.430511474609375e-06
5087,149.7369961749937,32.186243,True,True,1.430511474609375e-06
5088,149.76943937200122,32.36617,True,True,1.430511474609375e-06
5089,149.8021366870089,32.617367,True,True,1.430511474609375e-06
5090,149.83449356199708,32.278706,True,True,1.430511474609375e-06
5091,149.86769304200425,33.093911,True,True,1.430511474609375e-06
5092,149.9000141999859,32.222759,True,True,1.430511474609375e-06
5093,149.93251946999226,32.411988,True,True,1.430511474609375e-06
5094,149.96021808500518,27.613368,True,True,1.430511474609375e-06
5095,149.99015617600526,29.869775,True,True,1.430511474609375e-06
5096,150.02309247798985,32.8237,True,True,1.430511474609375e-06
5097,150.056149549986,32.919928,True,True,1.430511474609375e-06
5098,150.08804138598498,31.797373,True,True,1.430511474609375e-06
5099,150.1372881940042,49.178225,True,True,1.430511474609375e-06
5100,150.1869817780098,49.554475,True,True,1.430511474609375e-06
5101,150.21935164899332,32.234982,True,True,1.430511474609375e-06
5102,150.2525913619902,33.156122,True,True,1.430511474609375e-06
5103,150.28830878299777,35.581667,True,True,1.430511474609375e-06
5104,150.3345558370056,46.116725,True,True,1.430511474609375e-06
5105,150.36776644398924,33.098014,True,True,1.430511474609375e-06
5106,150.3881258420006,20.264714,True,True,1.430511474609375e-06
5107,150.4062224040099,18.037543,True,True,1.430511474609375e-06
5108,150.4243811010092,18.104218,True,True,1.430511474609375e-06
5109,150.44276718000765,18.288139,True,True,1.430511474609375e-06
5110,150.46081640399643,17.974109,True,True,1.430511474609375e-06
5111,150.47893131599994,18.051065,True,True,1.430511474609375e-06
5112,150.49686199298594,17.874009,True,True,1.430511474609375e-06
5113,150.51476260300842,17.84032,True,True,1.430511474609375e-06
5114,150.5326888730051,17.871022,True,True,1.430511474609375e-06
5115,150.55049360898556,17.744891,True,True,1.430511474609375e-06
5116,150.57591117700213,25.360316,True,True,1.430511474609375e-06
5117,150.61339362998842,37.400477,True,True,1.430511474609375e-06
5118,150.64087318698876,27.380951,True,True,1.430511474609375e-06
5119,150.67272709601093,31.76284,True,True,1.430511474609375e-06
5120,150.70540034599253,32.576308,True,True,1.430511474609375e-06
5121,150.73751387698576,32.028,True,True,1.430511474609375e-06
5122,150.76767708800617,30.077482,True,True,1.430511474609375e-06
5123,150.799826322007,32.072351,True,True,1.430511474609375e-06
5124,150.8323620799929,32.448467,True,True,1.430511474609375e-06
5125,150.86469840598875,32.257299,True,True,1.430511474609375e-06
5126,150.89758759300457,32.801069,True,True,1.430511474609375e-06
5127,150.9299460449838,32.274794,True,True,1.430511474609375e-06
5128,150.9628690269892,32.796003,True,True,1.430511474609375e-06
5129,150.99590837900178,32.923066,True,True,1.430511474609375e-06
5130,151.0284123570018,32.397568,True,True,1.430511474609375e-06
5131,151.0611182480061,32.617306,True,True,1.430511474609375e-06
5132,151.0886426389916,27.439476,True,True,1.430511474609375e-06
5133,151.13411768700462,45.395256,True,True,1.430511474609375e-06
5134,151.16794455700438,33.697274,True,True,1.430511474609375e-06
5135,151.21810535300756,50.054563,True,True,1.430511474609375e-06
5136,151.2500876179838,31.844962,True,True,1.430511474609375e-06
5137,151.28208499599714,31.908337,True,True,1.430511474609375e-06
5138,151.3145018419891,32.340032,True,True,1.430511474609375e-06
5139,151.34742343099788,32.829131,True,True,1.430511474609375e-06
5140,151.37462168899947,27.11187,True,True,1.430511474609375e-06
5141,151.39312084400444,18.436906,True,True,1.430511474609375e-06
5142,151.41118462299346,18.010606,True,True,1.430511474609375e-06
5143,151.42910188800306,17.867885,True,True,1.430511474609375e-06
5144,151.4469809489965,17.821669,True,True,1.430511474609375e-06
5145,151.46488149199286,17.845187,True,True,1.430511474609375e-06
5146,151.48295810399577,18.020886,True,True,1.430511474609375e-06
5147,151.5010678349936,18.055357,True,True,1.430511474609375e-06
5148,151.51940707099857,18.291349,True,True,1.430511474609375e-06
5149,151.53721372399013,17.752746,True,True,1.430511474609375e-06
5150,151.55558104399825,18.309531,True,True,1.430511474609375e-06
5151,151.58786494500237,32.223291,True,True,1.430511474609375e-06
5152,151.62510246998863,37.127733,True,True,1.430511474609375e-06
5153,151.65740910099703,32.211593,True,True,1.430511474609375e-06
5154,151.68466550900484,27.162838,True,True,1.430511474609375e-06
5155,151.7156517090043,30.902552,True,True,1.430511474609375e-06
5156,151.7455672659853,29.847723,True,True,1.430511474609375e-06
5157,151.77798779599834,32.352596,True,True,1.430511474609375e-06
5158,151.8097503040044,31.682142,True,True,1.430511474609375e-06
5159,151.84184944498702,32.033264,True,True,1.430511474609375e-06
5160,151.87498312900425,33.052417,True,True,1.430511474609375e-06
5161,151.9074868199823,32.412496,True,True,1.430511474609375e-06
5162,151.9396901759901,32.119672,True,True,1.430511474609375e-06
5163,151.9722839629976,32.508165,True,True,1.430511474609375e-06
5164,151.99930781600415,26.943448,True,True,1.430511474609375e-06
5165,152.02949970398913,30.111136,True,True,1.430511474609375e-06
5166,152.06191619398305,32.354724,True,True,1.430511474609375e-06
5167,152.09478233999107,32.769799,True,True,1.430511474609375e-06
5168,152.1444176810037,49.521774,True,True,1.430511474609375e-06
5169,152.18000545699033,35.447903,True,True,1.430511474609375e-06
5170,152.24297832199954,62.841538,True,True,1.430511474609375e-06
5171,152.27524368098238,32.137375,True,True,1.430511474609375e-06
5172,152.30810777298757,32.779279,True,True,1.430511474609375e-06
5173,152.3409176649875,32.72017,True,True,1.430511474609375e-06
5174,152.3734354779881,32.436089,True,True,1.430511474609375e-06
5175,152.39391569400323,20.396263,True,True,1.430511474609375e-06
5176,152.41206551599316,18.087895,True,True,1.430511474609375e-06
5177,152.43027574999724,18.16247,True,True,1.430511474609375e-06
5178,152.44838770999922,18.059524,True,True,1.430511474609375e-06
5179,152.46638598598656,17.947045,True,True,1.430511474609375e-06
5180,152.48424730700208,17.808689,True,True,1.430511474609375e-06
5181,152.50231620899285,18.017483,True,True,1.430511474609375e-06
5182,152.52033890099847,17.977074,True,True,1.430511474609375e-06
5183,152.538328161987,17.937597,True,True,1.430511474609375e-06
5184,152.55657889301074,18.198892,True,True,1.430511474609375e-06
5185,152.5821357620007,25.503906,True,True,1.430511474609375e-06
5186,152.62000641500344,37.798466,True,True,1.430511474609375e-06
5187,152.65252120399964,32.418982,True,True,1.430511474609375e-06
5188,152.68472113698954,32.103308,True,True,1.430511474609375e-06
5189,152.7170074369933,32.188551,True,True,1.430511474609375e-06
5190,152.74969904700993,32.608339,True,True,1.430511474609375e-06
5191,152.77642273399397,26.638102,True,True,1.430511474609375e-06
5192,152.80654391099233,30.055393,True,True,1.430511474609375e-06
5193,152.8384998399997,31.892382,True,True,1.430511474609375e-06
5194,152.87062112099375,32.042058,True,True,1.430511474609375e-06
5195,152.9036780160095,32.982598,True,True,1.430511474609375e-06
5196,152.93589890300063,32.140155,True,True,1.430511474609375e-06
5197,152.98457046499243,48.586969,True,True,1.430511474609375e-06
5198,153.01666239998303,31.952421,True,True,1.430511474609375e-06
5199,153.044207170984,27.463138,True,True,1.430511474609375e-06
5200,153.07400165998843,29.72949,True,True,1.430511474609375e-06
5201,153.10619560501073,32.136097,True,True,1.430511474609375e-06
5202,153.15520050300984,48.921501,True,True,1.430511474609375e-06
5203,153.2045324339997,49.197164,True,True,1.430511474609375e-06
5204,153.23736691399245,32.705724,True,True,1.430511474609375e-06
5205,153.27044231499895,32.967582,True,True,1.430511474609375e-06
5206,153.30284440598916,32.312186,True,True,1.430511474609375e-06
5207,153.33504380800878,32.11865,True,True,1.430511474609375e-06
5208,153.36721262300853,32.087745,True,True,1.430511474609375e-06
5209,153.38724501398974,19.952151,True,True,1.430511474609375e-06
5210,153.40540087598492,18.096709,True,True,1.430511474609375e-06
5211,153.42317290700157,17.71933,True,True,1.430511474609375e-06
5212,153.4413130489993,18.094766,True,True,1.430511474609375e-06
5213,153.45915567298653,17.795303,True,True,1.430511474609375e-06
5214,153.47716864099493,17.962915,True,True,1.430511474609375e-06
5215,153.49529180198442,18.073533,True,True,1.430511474609375e-06
5216,153.51309910300188,17.757069,True,True,1.430511474609375e-06
5217,153.53104771699873,17.903452,True,True,1.430511474609375e-06
5218,153.54896326200105,17.87199,True,True,1.430511474609375e-06
5219,153.57360798498848,24.602429,True,True,1.430511474609375e-06
5220,153.60655790698365,32.868528,True,True,1.430511474609375e-06
5221,153.6378907779872,31.189771,True,True,1.430511474609375e-06
5222,153.66812090200256,30.151384,True,True,1.430511474609375e-06
5223,153.7002361289924,32.039513,True,True,1.430511474609375e-06
5224,153.73316197798704,32.837043,True,True,1.430511474609375e-06
5225,153.76543080600095,32.132587,True,True,1.430511474609375e-06
5226,153.79763731799903,32.134123,True,True,1.430511474609375e-06
5227,153.83014988098876,32.422847,True,True,1.430511474609375e-06
5228,153.86310749599943,32.879405,True,True,1.430511474609375e-06
5229,153.90261889100657,39.434603,True,True,1.430511474609375e-06
5230,153.9383774359885,35.62177,True,True,1.430511474609375e-06
5231,153.96814245800488,29.668071,True,True,1.430511474609375e-06
5232,154.00044666900067,32.231,True,True,1.430511474609375e-06
5233,154.03307920700172,32.528454,True,True,1.430511474609375e-06
5234,154.06555117300013,32.391853,True,True,1.430511474609375e-06
5235,154.09790950198658,32.279786,True,True,1.430511474609375e-06
5236,154.14709345498704,49.101483,True,True,1.430511474609375e-06
5237,154.17936212799395,32.140324,True,True,1.430511474609375e-06
5238,154.2287457610073,49.307132,True,True,1.430511474609375e-06
5239,154.2559811329993,27.117062,True,True,1.430511474609375e-06
5240,154.28554964298382,29.490894,True,True,1.430511474609375e-06
5241,154.3171671339951,31.55073,True,True,1.430511474609375e-06
5242,154.34961381700123,32.363118,True,True,1.430511474609375e-06
5243,154.37665023899172,26.955906,True,True,1.430511474609375e-06
5244,154.39483483499498,18.123849,True,True,1.430511474609375e-06
5245,154.41270864001126,17.823253,True,True,1.430511474609375e-06
5246,154.43081234800047,18.058291,True,True,1.430511474609375e-06
5247,154.44884162399103,17.982162,True,True,1.430511474609375e-06
5248,154.4670014239964,18.115879,True,True,1.430511474609375e-06
5249,154.48516484099673,18.117407,True,True,1.430511474609375e-06
5250,154.50320576899685,17.995378,True,True,1.430511474609375e-06
5251,154.5211445610039,17.89626,True,True,1.430511474609375e-06
5252,154.53894750599284,17.758882,True,True,1.430511474609375e-06
5253,154.58078097499674,41.758184,True,True,1.430511474609375e-06
5254,154.61095211000065,30.064219,True,True,1.430511474609375e-06
5255,154.64298944099573,31.962607,True,True,1.430511474609375e-06
5256,154.6758811440086,32.796665,True,True,1.430511474609375e-06
5257,154.7086329899903,32.658878,True,True,1.430511474609375e-06
5258,154.7410556919931,32.323848,True,True,1.430511474609375e-06
5259,154.77338032398256,32.247834,True,True,1.430511474609375e-06
5260,154.80617189698387,32.709361,True,True,1.430511474609375e-06
5261,154.838740821986,32.47947,True,True,1.430511474609375e-06
5262,154.87085237298743,32.030978,True,True,1.430511474609375e-06
5263,154.8977996429894,26.864706,True,True,1.430511474609375e-06
5264,154.92732342300587,29.456215,True,True,1.430511474609375e-06
5265,154.95949383400148,32.111422,True,True,1.430511474609375e-06
5266,154.99216494799475,32.581906,True,True,1.430511474609375e-06
5267,155.02444498200202,32.199068,True,True,1.430511474609375e-06
5268,155.05749462000676,32.970438,True,True,1.430511474609375e-06
5269,155.0897184839996,32.145232,True,True,1.430511474609375e-06
5270,155.13913524898817,49.335187,True,True,1.430511474609375e-06
5271,155.17173969300347,32.473097,True,True,1.430511474609375e-06
5272,155.22717462398577,55.344167,True,True,1.430511474609375e-06
5273,155.26451685800566,37.206665,True,True,1.430511474609375e-06
5274,155.2950379390095,30.40982,True,True,1.430511474609375e-06
5275,155.32653939799638,31.415521,True,True,1.430511474609375e-06
5276,155.35928349598544,32.659449,True,True,1.430511474609375e-06
5277,155.38710146199446,27.717129,True,True,1.430511474609375e-06
5278,155.4053603129869,18.186243,True,True,1.430511474609375e-06
5279,155.42354262899607,18.122674,True,True,1.430511474609375e-06
5280,155.4418494559941,18.251078,True,True,1.430511474609375e-06
5281,155.459848442988,17.944185,True,True,1.430511474609375e-06
5282,155.4779934239923,18.091149,True,True,1.430511474609375e-06
5283,155.49598202999914,17.929962,True,True,1.430511474609375e-06
5284,155.51425759200356,18.223719,True,True,1.430511474609375e-06
5285,155.5323586750019,18.04851,True,True,1.430511474609375e-06
5286,155.55029708700022,17.878756,True,True,1.430511474609375e-06
5287,155.57317508599954,22.822523,True,True,1.430511474609375e-06
5288,155.6054073770065,32.145047,True,True,1.430511474609375e-06
5289,155.6386638279946,33.136629,True,True,1.430511474609375e-06
5290,155.67122398200445,32.438919,True,True,1.430511474609375e-06
5291,155.7039040570089,32.562244,True,True,1.430511474609375e-06
5292,155.7368592839921,32.842976,True,True,1.430511474609375e-06
5293,155.76964708900778,32.69527,True,True,1.430511474609375e-06
5294,155.8022915229958,32.538359,True,True,1.430511474609375e-06
5295,155.8355916760047,33.204078,True,True,1.430511474609375e-06
5296,155.86830658098916,32.618298,True,True,1.430511474609375e-06
5297,155.9011018309975,32.696264,True,True,1.430511474609375e-06
5298,155.92871962400386,27.508028,True,True,1.430511474609375e-06
5299,155.9596772439836,30.875466,True,True,1.430511474609375e-06
5300,155.99012099500396,30.369218,True,True,1.430511474609375e-06
5301,156.02185334300157,31.633803,True,True,1.430511474609375e-06
5302,156.07111969700782,49.18483,True,True,1.430511474609375e-06
5303,156.10311952998745,31.869351,True,True,1.430511474609375e-06
5304,156.15227966598468,49.056086,True,True,1.430511474609375e-06
5305,156.18509762300528,32.683391,True,True,1.430511474609375e-06
5306,156.23394703000668,48.755749,True,True,1.430511474609375e-06
5307,156.26125595500343,27.18154,True,True,1.430511474609375e-06
5308,156.29056924799806,29.228029,True,True,1.430511474609375e-06
5309,156.32214036400546,31.495888,True,True,1.430511474609375e-06
5310,156.35472492300323,32.508343,True,True,1.430511474609375e-06
5311,156.38217722298577,27.34562,True,True,1.430511474609375e-06
5312,156.40039193999837,18.139129,True,True,1.430511474609375e-06
5313,156.4189581600076,18.506856,True,True,1.430511474609375e-06
5314,156.43696735898266,17.956642,True,True,1.430511474609375e-06
5315,156.4550381359877,18.010998,True,True,1.430511474609375e-06
5316,156.47338565898826,18.289809,True,True,1.430511474609375e-06
5317,156.49149156099884,18.055951,True,True,1.430511474609375e-06
5318,156.50954381198972,18.000385,True,True,1.430511474609375e-06
5319,156.52757801898406,17.985815,True,True,1.430511474609375e-06
5320,156.54565492199617,18.033079,True,True,1.430511474609375e-06
5321,156.56850595099968,22.783996,True,True,1.430511474609375e-06
5322,156.6013799509965,32.792781,True,True,1.430511474609375e-06
5323,156.63396074800403,32.473835,True,True,1.430511474609375e-06
5324,156.66729026599205,33.216734,True,True,1.430511474609375e-06
5325,156.700261393009,32.845554,True,True,1.430511474609375e-06
5326,156.7322304410045,31.852606,True,True,1.430511474609375e-06
5327,156.76466126000741,32.34444,True,True,1.430511474609375e-06
5328,156.79766320899944,32.897576,True,True,1.430511474609375e-06
5329,156.82999777200166,32.235666,True,True,1.430511474609375e-06
5330,156.862766723003,32.675865,True,True,1.430511474609375e-06
5331,156.90216521298862,39.295875,True,True,1.430511474609375e-06
5332,156.93907366099302,36.778544,True,True,1.430511474609375e-06
5333,156.96889044798445,29.725839,True,True,1.430511474609375e-06
5334,157.00100853000185,32.04834,True,True,1.430511474609375e-06
5335,157.03350545998546,32.395937,True,True,1.430511474609375e-06
5336,157.06559781599208,32.007135,True,True,1.430511474609375e-06
5337,157.09847521199845,32.794115,True,True,1.430511474609375e-06
5338,157.14766099400003,49.097905,True,True,1.430511474609375e-06
5339,157.18039105599746,32.595604,True,True,1.430511474609375e-06
5340,157.2155765609932,35.093839,True,True,1.430511474609375e-06
5341,157.26162130298326,45.912697,True,True,1.430511474609375e-06
5342,157.28930836200016,27.581211,True,True,1.430511474609375e-06
5343,157.3188002370007,29.430448,True,True,1.430511474609375e-06
5344,157.35091904801084,32.056833,True,True,1.430511474609375e-06
5345,157.37906059800298,28.003072,True,True,1.430511474609375e-06
5346,157.39735531801125,18.218729,True,True,1.430511474609375e-06
5347,157.4154207109823,18.01132,True,True,1.430511474609375e-06
5348,157.43370678799693,18.236485,True,True,1.430511474609375e-06
5349,157.45216687198263,18.405673,True,True,1.430511474609375e-06
5350,157.47046732500894,18.193379,True,True,1.430511474609375e-06
5351,157.48854618499172,17.978167,True,True,1.430511474609375e-06
5352,157.5067402459972,18.124441,True,True,1.430511474609375e-06
5353,157.52465454000048,17.860396,True,True,1.430511474609375e-06
5354,157.5425516690011,17.841756,True,True,1.430511474609375e-06
5355,157.56754559400724,24.942382,True,True,1.430511474609375e-06
5356,157.59766758800833,30.042649,True,True,1.430511474609375e-06
5357,157.63051237200852,32.76017,True,True,1.430511474609375e-06
5358,157.66331075000926,32.686065,True,True,1.430511474609375e-06
5359,157.69634885899723,32.923731,True,True,1.430511474609375e-06
5360,157.72930040498613,32.839652,True,True,1.430511474609375e-06
5361,157.76176607099478,32.362143,True,True,1.430511474609375e-06
5362,157.79420850999304,32.345635,True,True,1.430511474609375e-06
5363,157.82725895300973,32.952604,True,True,1.430511474609375e-06
5364,157.85995813200134,32.605998,True,True,1.430511474609375e-06
5365,157.892516797001,32.460957,True,True,1.430511474609375e-06
5366,157.92583932800335,33.225008,True,True,1.430511474609375e-06
5367,157.9593601610104,33.42121,True,True,1.430511474609375e-06
5368,157.99240435101092,32.915272,True,True,1.430511474609375e-06
5369,158.0252889280091,32.786732,True,True,1.430511474609375e-06
5370,158.05804564600112,32.664825,True,True,1.430511474609375e-06
5371,158.09044388399343,32.301718,True,True,1.430511474609375e-06
5372,158.13160488801077,41.081155,True,True,1.430511474609375e-06
5373,158.16482721100328,33.084566,True,True,1.430511474609375e-06
5374,158.19627868299722,31.335126,True,True,1.430511474609375e-06
5375,158.24636677000672,50.016716,True,True,1.430511474609375e-06
5376,158.27925621598843,32.755147,True,True,1.430511474609375e-06
5377,158.3114495089976,32.086894,True,True,1.430511474609375e-06
5378,158.34445397599484,32.915942,True,True,1.430511474609375e-06
5379,158.37705478799762,32.488245,True,True,1.430511474609375e-06
5380,158.3977831430093,20.632494,True,True,1.430511474609375e-06
5381,158.41604916998767,18.203428,True,True,1.430511474609375e-06
5382,158.4343921969994,18.284691,True,True,1.430511474609375e-06
5383,158.45327680700575,18.827338,True,True,1.430511474609375e-06
5384,158.4714797429915,18.126651,True,True,1.430511474609375e-06
5385,158.48956925500534,18.030581,True,True,1.430511474609375e-06
5386,158.50759587500943,17.975581,True,True,1.430511474609375e-06
5387,158.52534919898608,17.707429,True,True,1.430511474609375e-06
5388,158.54397587900166,18.575858,True,True,1.430511474609375e-06
5389,158.56222471399815,18.185288,True,True,1.430511474609375e-06
5390,158.59227369900327,29.993138,True,True,1.430511474609375e-06
5391,158.6195186469995,27.15251,True,True,1.430511474609375e-06
5392,158.65229730098508,32.691059,True,True,1.430511474609375e-06
5393,158.6846449059958,32.223884,True,True,1.430511474609375e-06
5394,158.71746351200272,32.702022,True,True,1.430511474609375e-06
5395,158.7484635740111,30.900093,True,True,1.430511474609375e-06
5396,158.7799204000039,31.365208,True,True,1.430511474609375e-06
5397,158.82749335898552,47.492547,True,True,1.430511474609375e-06
5398,158.86337817800813,35.750433,True,True,1.430511474609375e-06
5399,158.89573565300088,32.282439,True,True,1.430511474609375e-06
5400,158.92807507698308,32.251716,True,True,1.430511474609375e-06
5401,158.96087409098982,32.694283,True,True,1.430511474609375e-06
5402,158.99399798599188,33.009486,True,True,1.430511474609375e-06
5403,159.0270205299894,32.930572,True,True,1.430511474609375e-06
5404,159.05895225598942,31.799618,True,True,1.430511474609375e-06
5405,159.0915837759967,32.555247,True,True,1.430511474609375e-06
5406,159.14062543600448,48.951473,True,True,1.430511474609375e-06
5407,159.16786475200206,27.090922,True,True,1.430511474609375e-06
5408,159.19812961301068,30.189555,True,True,1.430511474609375e-06
5409,159.24720768700354,49.014124,True,True,1.430511474609375e-06
5410,159.28010185598396,32.756846,True,True,1.430511474609375e-06
5411,159.31205326798954,31.815161,True,True,1.430511474609375e-06
5412,159.34493849100545,32.799718,True,True,1.430511474609375e-06
5413,159.37840332998894,33.34848,True,True,1.430511474609375e-06
5414,159.39883657099563,20.294594,True,True,1.430511474609375e-06
5415,159.41669343499234,17.790457,True,True,1.430511474609375e-06
5416,159.43554925499484,18.796732,True,True,1.430511474609375e-06
5417,159.45367188498494,18.033112,True,True,1.430511474609375e-06
5418,159.47166114498395,17.922722,True,True,1.430511474609375e-06
5419,159.48971812499803,17.997265,True,True,1.430511474609375e-06
5420,159.51400197698968,24.217946,True,True,1.430511474609375e-06
5421,159.5327406990109,18.623926,True,True,1.430511474609375e-06
5422,159.55108983800164,18.270858,True,True,1.430511474609375e-06
5423,159.569257731986,18.10754,True,True,1.430511474609375e-06
5424,159.6016618149879,32.33882,True,True,1.430511474609375e-06
5425,159.63081254498684,29.00239,True,True,1.430511474609375e-06
5426,159.66404467998655,33.138405,True,True,1.430511474609375e-06
5427,159.69650167800137,32.339055,True,True,1.430511474609375e-06
5428,159.72931937599787,32.70204,True,True,1.430511474609375e-06
5429,159.762195429008,32.754684,True,True,1.430511474609375e-06
5430,159.79507420799928,32.780822,True,True,1.430511474609375e-06
5431,159.82781753200106,32.654506,True,True,1.430511474609375e-06
5432,159.86002732699853,32.11817,True,True,1.430511474609375e-06
5433,159.89248732899432,32.381284,True,True,1.430511474609375e-06
5434,159.92492204898736,32.33475,True,True,1.430511474609375e-06
5435,159.95726796798408,32.267232,True,True,1.430511474609375e-06
5436,159.98484605699196,27.500034,True,True,1.430511474609375e-06
5437,160.01719734500512,32.274412,True,True,1.430511474609375e-06
5438,160.0472752659989,29.980898,True,True,1.430511474609375e-06
5439,160.07957155400072,32.230471,True,True,1.430511474609375e-06
5440,160.12754961798782,47.885855,True,True,1.430511474609375e-06
5441,160.16179723798996,34.11498,True,True,1.430511474609375e-06
5442,160.19440368498908,32.495287,True,True,1.430511474609375e-06
5443,160.2441857639933,49.680077,True,True,1.430511474609375e-06
5444,160.27636057400377,32.041501,True,True,1.430511474609375e-06
5445,160.3095425789943,33.104953,True,True,1.430511474609375e-06
5446,160.34248231499805,32.852974,True,True,1.430511474609375e-06
5447,160.37500342499698,32.438378,True,True,1.430511474609375e-06
5448,160.3957668399962,20.68145,True,True,1.430511474609375e-06
5449,160.41437460598536,18.549919,True,True,1.430511474609375e-06
5450,160.43255067098653,18.120211,True,True,1.430511474609375e-06
5451,160.45075366200763,18.143727,True,True,1.430511474609375e-06
5452,160.46865895600058,17.849567,True,True,1.430511474609375e-06
5453,160.48985572700622,21.14066,True,True,1.430511474609375e-06
5454,160.51346801099135,23.503293,True,True,1.430511474609375e-06
5455,160.53461508799228,21.07943,True,True,1.430511474609375e-06
5456,160.55265677999705,17.975472,True,True,1.430511474609375e-06
5457,160.5707818689989,18.069902,True,True,1.430511474609375e-06
5458,160.60231570500764,31.46547,True,True,1.430511474609375e-06
5459,160.63484302599682,32.427432,True,True,1.430511474609375e-06
5460,160.66510039501009,30.159692,True,True,1.430511474609375e-06
5461,160.69643774899305,31.232988,True,True,1.430511474609375e-06
5462,160.72956101200543,33.029658,True,True,1.430511474609375e-06
5463,160.76208830499672,32.388495,True,True,1.430511474609375e-06
5464,160.79403697198723,31.859389,True,True,1.430511474609375e-06
5465,160.82684322699788,32.712044,True,True,1.430511474609375e-06
5466,160.85957069700817,32.617645,True,True,1.430511474609375e-06
5467,160.89214585500304,32.477259,True,True,1.430511474609375e-06
5468,160.9197355209908,27.45666,True,True,1.430511474609375e-06
5469,160.95162760699168,31.81892,True,True,1.430511474609375e-06
5470,160.9842372580024,32.51853,True,True,1.430511474609375e-06
5471,161.01498259199434,30.62752,True,True,1.430511474609375e-06
5472,161.04695855098544,31.83934,True,True,1.430511474609375e-06
5473,161.0792565520096,32.206741,True,True,1.430511474609375e-06
5474,161.11482938399422,35.470243,True,True,1.430511474609375e-06
5475,161.17701529100304,62.043022,True,True,1.430511474609375e-06
5476,161.20951861099456,32.376225,True,True,1.430511474609375e-06
5477,161.2585643469938,48.963351,True,True,1.430511474609375e-06
5478,161.29059548699297,31.901745,True,True,1.430511474609375e-06
5479,161.31771017899155,27.036693,True,True,1.430511474609375e-06
5480,161.34801656199852,30.237385,True,True,1.430511474609375e-06
5481,161.3799304899876,31.856318,True,True,1.430511474609375e-06
5482,161.40033857300295,20.326967,True,True,1.430511474609375e-06
5483,161.41847171998234,18.069956,True,True,1.430511474609375e-06
5484,161.43668540898943,18.159262,True,True,1.430511474609375e-06
5485,161.45470822800416,17.969426,True,True,1.430511474609375e-06
5486,161.47257422900293,17.819588,True,True,1.430511474609375e-06
5487,161.49051790998783,17.89702,True,True,1.430511474609375e-06
5488,161.50873732598848,18.160362,True,True,1.430511474609375e-06
5489,161.52703823300544,18.250543,True,True,1.430511474609375e-06
5490,161.54490214399993,17.809313,True,True,1.430511474609375e-06
5491,161.56303992698668,18.088096,True,True,1.430511474609375e-06
5492,161.59523430099944,32.145452,True,True,1.430511474609375e-06
5493,161.62590348499361,30.568994,True,True,1.430511474609375e-06
5494,161.65817955098464,32.20252,True,True,1.430511474609375e-06
5495,161.69052238599397,32.240986,True,True,1.430511474609375e-06
5496,161.72326579800574,32.647882,True,True,1.430511474609375e-06
5497,161.75572959100828,32.381344,True,True,1.430511474609375e-06
5498,161.78821584800608,32.406356,True,True,1.430511474609375e-06
5499,161.83679799700622,48.503375,True,True,1.430511474609375e-06
5500,161.8694356379856,32.51252,True,True,1.430511474609375e-06
5501,161.90186485101003,32.341375,True,True,1.430511474609375e-06
5502,161.92868560701027,26.735929,True,True,1.430511474609375e-06
5503,161.95841260699672,29.651421,True,True,1.430511474609375e-06
5504,161.99087702098768,32.397666,True,True,1.430511474609375e-06
5505,162.0238756260078,32.901168,True,True,1.430511474609375e-06
5506,162.05593156898976,31.979728,True,True,1.430511474609375e-06
5507,162.08839658100624,32.388719,True,True,1.430511474609375e-06
5508,162.1377399030025,49.257493,True,True,1.430511474609375e-06
5509,162.17069877599715,32.829645,True,True,1.430511474609375e-06
5510,162.20320982698468,32.411957,True,True,1.430511474609375e-06
5511,162.2519515969907,48.658344,True,True,1.430511474609375e-06
5512,162.27910269898712,27.022154,True,True,1.430511474609375e-06
5513,162.3091029470088,29.918225,True,True,1.430511474609375e-06
5514,162.34092690100078,31.758057,True,True,1.430511474609375e-06
5515,162.37352781600202,32.521257,True,True,1.430511474609375e-06
5516,162.39351976799662,19.915355,True,True,1.430511474609375e-06
5517,162.41158677398926,18.011389,True,True,1.430511474609375e-06
5518,162.42976375599392,18.125892,True,True,1.430511474609375e-06
5519,162.44782406199374,18.000968,True,True,1.430511474609375e-06
5520,162.4661585619906,18.2828,True,True,1.430511474609375e-06
5521,162.48415587301133,17.947407,True,True,1.430511474609375e-06
5522,162.50200208998285,17.796704,True,True,1.430511474609375e-06
5523,162.51981175100082,17.763293,True,True,1.430511474609375e-06
5524,162.53766468999675,17.808068,True,True,1.430511474609375e-06
5525,162.55563204700593,17.916702,True,True,1.430511474609375e-06
5526,162.58534900599625,29.66756,True,True,1.430511474609375e-06
5527,162.61788383999374,32.462758,True,True,1.430511474609375e-06
5528,162.65278622400365,34.818054,True,True,1.430511474609375e-06
5529,162.69889603700722,45.992413,True,True,1.430511474609375e-06
5530,162.73166294500697,32.663668,True,True,1.430511474609375e-06
5531,162.76422595899203,32.452428,True,True,1.430511474609375e-06
5532,162.7915819750051,27.254295,True,True,1.430511474609375e-06
5533,162.8241357349907,32.46913,True,True,1.430511474609375e-06
5534,162.85646100199665,32.220895,True,True,1.430511474609375e-06
5535,162.88717323099263,30.612874,True,True,1.430511474609375e-06
5536,162.91932112100767,32.066901,True,True,1.430511474609375e-06
5537,162.952356246009,32.933596,True,True,1.430511474609375e-06
5538,162.98466525698313,32.169713,True,True,1.430511474609375e-06
5539,163.01782350600115,33.044475,True,True,1.430511474609375e-06
5540,163.05053699298878,32.60105,True,True,1.430511474609375e-06
5541,163.08279483098886,32.11943,True,True,1.430511474609375e-06
5542,163.1321988760028,49.31918,True,True,1.430511474609375e-06
5543,163.16531416898943,32.976563,True,True,1.430511474609375e-06
5544,163.1984949010075,33.075073,True,True,1.430511474609375e-06
5545,163.23314868001034,34.569229,True,True,1.430511474609375e-06
5546,163.27545963999,42.179939,True,True,1.430511474609375e-06
5547,163.30642748600803,30.869609,True,True,1.430511474609375e-06
5548,163.33680736200768,30.311829,True,True,1.430511474609375e-06
5549,163.3690398480103,32.172066,True,True,1.430511474609375e-06
5550,163.3891841529985,20.056305,True,True,1.430511474609375e-06
5551,163.40733883099165,18.095764,True,True,1.430511474609375e-06
5552,163.4254472340108,18.054868,True,True,1.430511474609375e-06
5553,163.443433198001,17.935012,True,True,1.430511474609375e-06
5554,163.46120517299278,17.723086,True,True,1.430511474609375e-06
5555,163.4790747030056,17.826909,True,True,1.430511474609375e-06
5556,163.5037562130019,24.633157,True,True,1.430511474609375e-06
5557,163.52518841499113,21.346994,True,True,1.430511474609375e-06
5558,163.54336550700828,18.112714,True,True,1.430511474609375e-06
5559,163.56118259599316,17.764935,True,True,1.430511474609375e-06
5560,163.59816901298473,36.928297,True,True,1.430511474609375e-06
5561,163.62537012298708,27.120367,True,True,1.430511474609375e-06
5562,163.65742302199942,31.992413,True,True,1.430511474609375e-06
5563,163.6901477779902,32.652497,True,True,1.430511474609375e-06
5564,163.7227391769993,32.51517,True,True,1.430511474609375e-06
5565,163.75267242599512,29.861315,True,True,1.430511474609375e-06
5566,163.78495277100592,32.220939,True,True,1.430511474609375e-06
5567,163.8171915319981,32.168497,True,True,1.430511474609375e-06
5568,163.8499539399927,32.687002,True,True,1.430511474609375e-06
5569,163.88227520199143,32.251813,True,True,1.430511474609375e-06
5570,163.914547931985,32.193491,True,True,1.430511474609375e-06
5571,163.94732957400265,32.706406,True,True,1.430511474609375e-06
5572,163.97438969800714,26.991194,True,True,1.430511474609375e-06
5573,164.00612616399303,31.680861,True,True,1.430511474609375e-06
5574,164.03620868799044,30.001216,True,True,1.430511474609375e-06
5575,164.0688118719845,32.538855,True,True,1.430511474609375e-06
5576,164.10166517898324,32.778838,True,True,1.430511474609375e-06
5577,164.15066759998444,48.908203,True,True,1.430511474609375e-06
5578,164.1832714070042,32.464782,True,True,1.430511474609375e-06
5579,164.21496401398326,31.607263,True,True,1.430511474609375e-06
5580,164.26412321298267,49.095969,True,True,1.430511474609375e-06
5581,164.2966007310024,32.354041,True,True,1.430511474609375e-06
5582,164.3237746040104,27.105177,True,True,1.430511474609375e-06
5583,164.35607228201116,32.224862,True,True,1.430511474609375e-06
5584,164.38141632798943,25.269763,True,True,1.430511474609375e-06
5585,164.39963281300152,18.157501,True,True,1.430511474609375e-06
5586,164.41744855599245,17.765077,True,True,1.430511474609375e-06
5587,164.43574650300434,18.251593,True,True,1.430511474609375e-06
5588,164.453851319995,18.053246,True,True,1.430511474609375e-06
5589,164.4716730049986,17.775163,True,True,1.430511474609375e-06
5590,164.48966170099447,17.936234,True,True,1.430511474609375e-06
5591,164.50770844699582,17.990137,True,True,1.430511474609375e-06
5592,164.52590888098348,18.148035,True,True,1.430511474609375e-06
5593,164.54409890199895,18.077674,True,True,1.430511474609375e-06
5594,164.5687682039861,24.60486,True,True,1.430511474609375e-06
5595,164.5993001020106,30.454056,True,True,1.430511474609375e-06
5596,164.63145647998317,32.086773,True,True,1.430511474609375e-06
5597,164.66454967900063,32.978184,True,True,1.430511474609375e-06
5598,164.69762804798665,32.939798,True,True,1.430511474609375e-06
5599,164.7306197709986,32.865981,True,True,1.430511474609375e-06
5600,164.76301883999258,32.292801,True,True,1.430511474609375e-06
5601,164.79565898299916,32.543423,True,True,1.430511474609375e-06
5602,164.82882966598845,33.059885,True,True,1.430511474609375e-06
5603,164.86174699198455,32.819791,True,True,1.430511474609375e-06
5604,164.89432138600387,32.481591,True,True,1.430511474609375e-06
5605,164.92733256798238,32.905351,True,True,1.430511474609375e-06
5606,164.9596382569871,32.204709,True,True,1.430511474609375e-06
5607,164.98699817300076,27.276515,True,True,1.430511474609375e-06
5608,165.03024931799155,43.180211,True,True,1.430511474609375e-06
5609,165.06242599801044,32.076774,True,True,1.430511474609375e-06
5610,165.09519530300167,32.693894,True,True,1.430511474609375e-06
5611,165.1444322509924,49.15485,True,True,1.430511474609375e-06
5612,165.17747404199326,32.908957,True,True,1.430511474609375e-06
5613,165.2094601689896,31.883991,True,True,1.430511474609375e-06
5614,165.2364446450083,26.901795,True,True,1.430511474609375e-06
5615,165.28655182098737,50.012992,True,True,1.430511474609375e-06
5616,165.3183723349939,31.685585,True,True,1.430511474609375e-06
5617,165.34852378399228,30.068269,True,True,1.430511474609375e-06
5618,165.3809178530064,32.30852,True,True,1.430511474609375e-06
5619,165.401424598007,20.409544,True,True,1.430511474609375e-06
5620,165.427341083996,25.831753,True,True,1.430511474609375e-06
5621,165.44962400000077,22.202941,True,True,1.430511474609375e-06
5622,165.46794754898292,18.256599,True,True,1.430511474609375e-06
5623,165.4860875599843,18.07703,True,True,1.430511474609375e-06
5624,165.5044566509896,18.309754,True,True,1.430511474609375e-06
5625,165.5226218129974,18.111073,True,True,1.430511474609375e-06
5626,165.5405697459937,17.892733,True,True,1.430511474609375e-06
5627,165.5583419589966,17.720283,True,True,1.430511474609375e-06
5628,165.58121853799094,22.822028,True,True,1.430511474609375e-06
5629,165.60852186899865,27.220114,True,True,1.430511474609375e-06
5630,165.646769029001,38.12745,True,True,1.430511474609375e-06
5631,165.67493979100254,28.036054,True,True,1.430511474609375e-06
5632,165.70489127398469,29.856225,True,True,1.430511474609375e-06
5633,165.73749867200968,32.5149,True,True,1.430511474609375e-06
5634,165.77014601498377,32.531744,True,True,1.430511474609375e-06
5635,165.80260932000238,32.323239,True,True,1.430511474609375e-06
5636,165.83560717699584,32.914358,True,True,1.430511474609375e-06
5637,165.86825856700307,32.530885,True,True,1.430511474609375e-06
5638,165.90021874499507,31.856954,True,True,1.430511474609375e-06
5639,165.93276786099887,32.46834,True,True,1.430511474609375e-06
5640,165.96593331900658,33.061703,True,True,1.430511474609375e-06
5641,165.99857834199793,32.544654,True,True,1.430511474609375e-06
5642,166.03132707899204,32.613861,True,True,1.430511474609375e-06
5643,166.05902618198888,27.603174,True,True,1.430511474609375e-06
5644,166.08841583598405,29.295183,True,True,1.430511474609375e-06
5645,166.13695326799643,48.461621,True,True,1.430511474609375e-06
5646,166.1691792930069,32.090953,True,True,1.430511474609375e-06
5647,166.20094425900606,31.676117,True,True,1.430511474609375e-06
5648,166.23349130401039,32.46059,True,True,1.430511474609375e-06
5649,166.28264884400414,49.051866,True,True,1.430511474609375e-06
5650,166.31481049599824,32.015699,True,True,1.430511474609375e-06
5651,166.3418665569916,26.964774,True,True,1.430511474609375e-06
5652,166.37169277100475,29.743082,True,True,1.430511474609375e-06
5653,166.3913116529875,19.541267,True,True,1.430511474609375e-06
5654,166.40993638898362,18.569421,True,True,1.430511474609375e-06
5655,166.42786276098923,17.876924,True,True,1.430511474609375e-06
5656,166.44599591498263,18.075873,True,True,1.430511474609375e-06
5657,166.4637448519934,17.701475,True,True,1.430511474609375e-06
5658,166.48159477399895,17.798567,True,True,1.430511474609375e-06
5659,166.499769276008,18.11851,True,True,1.430511474609375e-06
5660,166.51756468400708,17.746098,True,True,1.430511474609375e-06
5661,166.53543871300644,17.829618,True,True,1.430511474609375e-06
5662,166.55312484598835,17.635135,True,True,1.430511474609375e-06
5663,166.58612482898752,32.94765,True,True,1.430511474609375e-06
5664,166.6162658710091,30.025964,True,True,1.430511474609375e-06
5665,166.64741771199624,31.073705,True,True,1.430511474609375e-06
5666,166.6800029189908,32.497563,True,True,1.430511474609375e-06
5667,166.71274886699393,32.643538,True,True,1.430511474609375e-06
5668,166.74529590000748,32.455974,True,True,1.430511474609375e-06
5669,166.7779281520052,32.551446,True,True,1.430511474609375e-06
5670,166.8108276889834,32.813132,True,True,1.430511474609375e-06
5671,166.84362804799457,32.717112,True,True,1.430511474609375e-06
5672,166.87583337599062,32.118617,True,True,1.430511474609375e-06
5673,166.902849236998,26.926462,True,True,1.430511474609375e-06
5674,166.93268118199194,29.765219,True,True,1.430511474609375e-06
5675,166.96525038400432,32.503668,True,True,1.430511474609375e-06
5676,166.99784423501114,32.501485,True,True,1.430511474609375e-06
5677,167.030260687985,32.322987,True,True,1.430511474609375e-06
5678,167.06283395399805,32.496337,True,True,1.430511474609375e-06
5679,167.09726055999636,34.347746,True,True,1.430511474609375e-06
5680,167.16002197298803,62.639856,True,True,1.430511474609375e-06
5681,167.192210409994,32.060631,True,True,1.430511474609375e-06
5682,167.21951548798825,27.222797,True,True,1.430511474609375e-06
5683,167.25203229600447,32.43813,True,True,1.430511474609375e-06
5684,167.29938395900535,47.267367,True,True,1.430511474609375e-06
5685,167.3309916149883,31.478113,True,True,1.430511474609375e-06
5686,167.3641383399954,33.065423,True,True,1.430511474609375e-06
5687,167.39122631799546,26.978148,True,True,1.430511474609375e-06
5688,167.40971986801014,18.422421,True,True,1.430511474609375e-06
5689,167.42749140498927,17.714396,True,True,1.430511474609375e-06
5690,167.4455978879996,18.050562,True,True,1.430511474609375e-06
5691,167.46371121398988,18.055625,True,True,1.430511474609375e-06
5692,167.48160398198524,17.827539,True,True,1.430511474609375e-06
5693,167.49974453100003,18.083906,True,True,1.430511474609375e-06
5694,167.51768660798552,17.882363,True,True,1.430511474609375e-06
5695,167.53555080099613,17.809151,True,True,1.430511474609375e-06
5696,167.55337777899695,17.771951,True,True,1.430511474609375e-06
5697,167.57126366498414,17.834213,True,True,1.430511474609375e-06
5698,167.60894714199821,37.57542,True,True,1.430511474609375e-06
5699,167.64153975999216,32.460261,True,True,1.430511474609375e-06
5700,167.67417386799934,32.53118,True,True,1.430511474609375e-06
5701,167.7072139029915,32.932501,True,True,1.430511474609375e-06
5702,167.7395595109847,32.257666,True,True,1.430511474609375e-06
5703,167.78857288201107,48.926642,True,True,1.430511474609375e-06
5704,167.81577075799578,27.093801,True,True,1.430511474609375e-06
5705,167.8456258889928,29.778034,True,True,1.430511474609375e-06
5706,167.87770990500576,31.998024,True,True,1.430511474609375e-06
5707,167.91016430599848,32.372484,True,True,1.430511474609375e-06
5708,167.94275520098745,32.490666,True,True,1.430511474609375e-06
5709,167.97555584998918,32.696217,True,True,1.430511474609375e-06
5710,168.0080706370063,32.397321,True,True,1.430511474609375e-06
5711,168.04063921200577,32.46306,True,True,1.430511474609375e-06
5712,168.07350276500802,32.771939,True,True,1.430511474609375e-06
5713,168.10613416900742,32.524215,True,True,1.430511474609375e-06
5714,168.15062392799882,44.390956,True,True,1.430511474609375e-06
5715,168.18183456500992,31.060071,True,True,1.430511474609375e-06
5716,168.2125123020087,30.554679,True,True,1.430511474609375e-06
5717,168.2440721099847,31.482602,True,True,1.430511474609375e-06
5718,168.29288166199694,48.73878,True,True,1.430511474609375e-06
5719,168.3252831560094,32.260022,True,True,1.430511474609375e-06
5720,168.3571262100013,31.757118,True,True,1.430511474609375e-06
5721,168.38434419000987,27.143281,True,True,1.430511474609375e-06
5722,168.40267186998972,18.255466,True,True,1.430511474609375e-06
5723,168.42740621499252,24.663182,True,True,1.430511474609375e-06
5724,168.4485786909936,21.10106,True,True,1.430511474609375e-06
5725,168.4668233380071,18.18532,True,True,1.430511474609375e-06
5726,168.4848295179836,17.949958,True,True,1.430511474609375e-06
5727,168.50265100901015,17.766616,True,True,1.430511474609375e-06
5728,168.52065016599954,17.945046,True,True,1.430511474609375e-06
5729,168.53855390899116,17.850268,True,True,1.430511474609375e-06
5730,168.5563398420054,17.736208,True,True,1.430511474609375e-06
5731,168.58194368999102,25.55481,True,True,1.430511474609375e-06
5732,168.6121024620079,30.076921,True,True,1.430511474609375e-06
5733,168.64552671200363,33.346016,True,True,1.430511474609375e-06
5734,168.67776163798408,32.123904,True,True,1.430511474609375e-06
5735,168.70507568100584,27.217311,True,True,1.430511474609375e-06
5736,168.73453777798568,29.381266,True,True,1.430511474609375e-06
5737,168.76651592200506,31.898904,True,True,1.430511474609375e-06
5738,168.7988775789854,32.270839,True,True,1.430511474609375e-06
5739,168.83107905701036,32.110096,True,True,1.430511474609375e-06
5740,168.8637754849915,32.612952,True,True,1.430511474609375e-06
5741,168.89591427799314,32.062797,True,True,1.430511474609375e-06
5742,168.9281299620052,32.135085,True,True,1.430511474609375e-06
5743,168.96069206501124,32.485712,True,True,1.430511474609375e-06
5744,168.98773885899573,26.960373,True,True,1.430511474609375e-06
5745,169.0178313649958,29.997968,True,True,1.430511474609375e-06
5746,169.04977742399205,31.876172,True,True,1.430511474609375e-06
5747,169.08193029399263,32.075212,True,True,1.430511474609375e-06
5748,169.11983350198716,37.822951,True,True,1.430511474609375e-06
5749,169.16262112700497,42.636894,True,True,1.430511474609375e-06
5750,169.1960026549932,33.277622,True,True,1.430511474609375e-06
5751,169.22304071398685,26.955522,True,True,1.430511474609375e-06
5752,169.28426020400366,61.140178,True,True,1.430511474609375e-06
5753,169.31736159601132,32.959623,True,True,1.430511474609375e-06
5754,169.34887695300858,31.4158,True,True,1.430511474609375e-06
5755,169.37668533800752,27.737191,True,True,1.430511474609375e-06
5756,169.39454651999404,17.799361,True,True,1.430511474609375e-06
5757,169.41242846898967,17.833813,True,True,1.430511474609375e-06
5758,169.4305422839825,18.067899,True,True,1.430511474609375e-06
5759,169.44859852499212,18.011586,True,True,1.430511474609375e-06
5760,169.46665489498992,18.014915,True,True,1.430511474609375e-06
5761,169.484461576998,17.748922,True,True,1.430511474609375e-06
5762,169.50249641700066,17.987562,True,True,1.430511474609375e-06
5763,169.52043004898587,17.883881,True,True,1.430511474609375e-06
5764,169.53829234201112,17.815387,True,True,1.430511474609375e-06
5765,169.55636636499548,18.022247,True,True,1.430511474609375e-06
5766,169.59339502698276,36.955552,True,True,1.430511474609375e-06
5767,169.6266892190033,33.201157,True,True,1.430511474609375e-06
5768,169.6592666610086,32.490403,True,True,1.430511474609375e-06
5769,169.69146347799688,32.107738,True,True,1.430511474609375e-06
5770,169.7241321959882,32.580518,True,True,1.430511474609375e-06
5771,169.75640910098446,32.199348,True,True,1.430511474609375e-06
5772,169.78848929298692,32.00348,True,True,1.430511474609375e-06
5773,169.81539460699423,26.827262,True,True,1.430511474609375e-06
5774,169.84572675000527,30.267706,True,True,1.430511474609375e-06
5775,169.87744186198688,31.653866,True,True,1.430511474609375e-06
5776,169.9097378909937,32.21695,True,True,1.430511474609375e-06
5777,169.9419612190104,32.145607,True,True,1.430511474609375e-06
5778,169.97437671900843,32.326604,True,True,1.430511474609375e-06
5779,170.00794194699847,33.45838,True,True,1.430511474609375e-06
5780,170.0400544150034,31.986696,True,True,1.430511474609375e-06
5781,170.07243022701005,32.291347,True,True,1.430511474609375e-06
5782,170.11447621698608,41.944161,True,True,1.430511474609375e-06
5783,170.16365697298897,49.037181,True,True,1.430511474609375e-06
5784,170.19523126800777,31.431892,True,True,1.430511474609375e-06
5785,170.22729471098864,31.989706,True,True,1.430511474609375e-06
5786,170.2596668509941,32.291783,True,True,1.430511474609375e-06
5787,170.3087410510052,48.980733,True,True,1.430511474609375e-06
5788,170.34123970099608,32.372883,True,True,1.430511474609375e-06
5789,170.3739047299896,32.572011,True,True,1.430511474609375e-06
5790,170.39429404199473,20.305706,True,True,1.430511474609375e-06
5791,170.41252359500504,18.166296,True,True,1.430511474609375e-06
5792,170.430676716991,18.095804,True,True,1.430511474609375e-06
5793,170.44883970500086,18.103094,True,True,1.430511474609375e-06
5794,170.4670372219989,18.14653,True,True,1.430511474609375e-06
5795,170.48505385700264,17.960083,True,True,1.430511474609375e-06
5796,170.50318062098813,18.07616,True,True,1.430511474609375e-06
5797,170.52093222300755,17.701445,True,True,1.430511474609375e-06
5798,170.538988307002,18.003386,True,True,1.430511474609375e-06
5799,170.55704329098808,18.007679,True,True,1.430511474609375e-06
5800,170.58176668098895,24.679928,True,True,1.430511474609375e-06
5801,170.61935238100705,37.525295,True,True,1.430511474609375e-06
5802,170.65158395000617,32.139599,True,True,1.430511474609375e-06
5803,170.68426239700057,32.586946,True,True,1.430511474609375e-06
5804,170.71673364998423,32.387518,True,True,1.430511474609375e-06
5805,170.7437646999897,26.952592,True,True,1.430511474609375e-06
5806,170.7733610009891,29.518934,True,True,1.430511474609375e-06
5807,170.80608817498432,32.669605,True,True,1.430511474609375e-06
5808,170.8382156979933,32.04925,True,True,1.430511474609375e-06
5809,170.87050660600653,32.213043,True,True,1.430511474609375e-06
5810,170.90347139901132,32.888001,True,True,1.430511474609375e-06
5811,170.9357497000019,32.201394,True,True,1.430511474609375e-06
5812,170.96880565100582,32.964316,True,True,1.430511474609375e-06
5813,171.00129006398492,32.39119,True,True,1.430511474609375e-06
5814,171.03348658498726,32.092393,True,True,1.430511474609375e-06
5815,171.0605948889861,27.026568,True,True,1.430511474609375e-06
5816,171.09010942699388,29.446662,True,True,1.430511474609375e-06
5817,171.13879269800964,48.6035,True,True,1.430511474609375e-06
5818,171.17157454698463,32.651109,True,True,1.430511474609375e-06
5819,171.20339991300716,31.719566,True,True,1.430511474609375e-06
5820,171.23608915298246,32.622962,True,True,1.430511474609375e-06
5821,171.26908366000862,32.913873,True,True,1.430511474609375e-06
5822,171.31834266599617,49.164794,True,True,1.430511474609375e-06
5823,171.35082773098839,32.360278,True,True,1.430511474609375e-06
5824,171.37815417000093,27.241622,True,True,1.430511474609375e-06
5825,171.3963894659828,18.168668,True,True,1.430511474609375e-06
5826,171.4148326019931,18.387342,True,True,1.430511474609375e-06
5827,171.43309814098757,18.207962,True,True,1.430511474609375e-06
5828,171.4512022419949,18.052613,True,True,1.430511474609375e-06
5829,171.46921678300714,17.969646,True,True,1.430511474609375e-06
5830,171.48729187398567,18.027121,True,True,1.430511474609375e-06
5831,171.50531721799052,17.979446,True,True,1.430511474609375e-06
5832,171.5233077520097,17.946999,True,True,1.430511474609375e-06
5833,171.5411758859991,17.825738,True,True,1.430511474609375e-06
5834,171.55919977099984,17.979608,True,True,1.430511474609375e-06
5835,171.59173772099894,32.490688,True,True,1.430511474609375e-06
5836,171.62421007000376,32.391181,True,True,1.430511474609375e-06
5837,171.65666195200174,32.372969,True,True,1.430511474609375e-06
5838,171.6889296110021,32.173585,True,True,1.430511474609375e-06
5839,171.71894193498883,29.931515,True,True,1.430511474609375e-06
5840,171.75207053299528,33.061564,True,True,1.430511474609375e-06
5841,171.78499603798264,32.785719,True,True,1.430511474609375e-06
5842,171.8171744919964,32.093697,True,True,1.430511474609375e-06
5843,171.84957950899843,32.322258,True,True,1.430511474609375e-06
5844,171.88180704499246,32.085759,True,True,1.430511474609375e-06
5845,171.91414667799836,32.255402,True,True,1.430511474609375e-06
5846,171.94715129298856,32.925402,True,True,1.430511474609375e-06
5847,171.97921388800023,31.982072,True,True,1.430511474609375e-06
5848,172.01399035099894,34.696107,True,True,1.430511474609375e-06
5849,172.05558819000726,41.468948,True,True,1.430511474609375e-06
5850,172.08581772400066,30.124808,True,True,1.430511474609375e-06
5851,172.135082230001,49.193639,True,True,1.430511474609375e-06
5852,172.1675739339844,32.358379,True,True,1.430511474609375e-06
5853,172.2004144579987,32.756607,True,True,1.430511474609375e-06
5854,172.23260824699537,32.112031,True,True,1.430511474609375e-06
5855,172.26522008999018,32.536785,True,True,1.430511474609375e-06
5856,172.31492234001053,49.612555,True,True,1.430511474609375e-06
5857,172.34802004499943,32.967585,True,True,1.430511474609375e-06
5858,172.37514139999985,27.032506,True,True,1.430511474609375e-06
5859,172.39333150998573,18.12547,True,True,1.430511474609375e-06
5860,172.41143037599977,18.037833,True,True,1.430511474609375e-06
5861,172.42918035000912,17.695628,True,True,1.430511474609375e-06
5862,172.4470119739999,17.780392,True,True,1.430511474609375e-06
5863,172.46477116798633,17.713822,True,True,1.430511474609375e-06
5864,172.48264248800115,17.827369,True,True,1.430511474609375e-06
5865,172.50074084999505,18.051908,True,True,1.430511474609375e-06
5866,172.51870406599483,17.920957,True,True,1.430511474609375e-06
5867,172.53670447898912,17.95255,True,True,1.430511474609375e-06
5868,172.55488776098355,18.138591,True,True,1.430511474609375e-06
5869,172.58675275798305,31.820795,True,True,1.430511474609375e-06
5870,172.61951091399533,32.669885,True,True,1.430511474609375e-06
5871,172.64934033699683,29.748653,True,True,1.430511474609375e-06
5872,172.68145277100848,32.03905,True,True,1.430511474609375e-06
5873,172.71474075698643,33.210949,True,True,1.430511474609375e-06
5874,172.7472292179882,32.403131,True,True,1.430511474609375e-06
5875,172.77925418599625,31.944591,True,True,1.430511474609375e-06
5876,172.81173631598358,32.404665,True,True,1.430511474609375e-06
5877,172.8448035249894,32.987595,True,True,1.430511474609375e-06
5878,172.87761016000877,32.726155,True,True,1.430511474609375e-06
5879,172.9099370809854,32.252266,True,True,1.430511474609375e-06
5880,172.94369265899877,33.677401,True,True,1.430511474609375e-06
5881,172.9762122730026,32.398356,True,True,1.430511474609375e-06
5882,173.00892063300125,32.62289,True,True,1.430511474609375e-06
5883,173.04214438100462,33.13494,True,True,1.430511474609375e-06
5884,173.06929877298535,27.045482,True,True,1.430511474609375e-06
5885,173.09932457000832,29.953632,True,True,1.430511474609375e-06
5886,173.14875766501063,49.356019,True,True,1.430511474609375e-06
5887,173.1812537619844,32.369593,True,True,1.430511474609375e-06
5888,173.21379843101022,32.456809,True,True,1.430511474609375e-06
5889,173.24752105301013,33.640504,True,True,1.430511474609375e-06
5890,173.28492875400116,37.315508,True,True,1.430511474609375e-06
5891,173.32917337899562,44.102244,True,True,1.430511474609375e-06
5892,173.36226038300083,32.992324,True,True,1.430511474609375e-06
5893,173.38956405999488,27.222891,True,True,1.430511474609375e-06
5894,173.40831778399297,18.692227,True,True,1.430511474609375e-06
5895,173.42643090800266,18.061962,True,True,1.430511474609375e-06
5896,173.4449651959876,18.489218,True,True,1.430511474609375e-06
5897,173.46286119599245,17.845558,True,True,1.430511474609375e-06
5898,173.4808790590032,17.973423,True,True,1.430511474609375e-06
5899,173.49895109800855,18.02984,True,True,1.430511474609375e-06
5900,173.5170944579877,18.102759,True,True,1.430511474609375e-06
5901,173.5357511419861,18.613449,True,True,1.430511474609375e-06
5902,173.55394382300437,18.145322,True,True,1.430511474609375e-06
5903,173.57193656399613,17.947626,True,True,1.430511474609375e-06
5904,173.60937756000203,37.394397,True,True,1.430511474609375e-06
5905,173.63684600099805,27.3872,True,True,1.430511474609375e-06
5906,173.66977273198427,32.856331,True,True,1.430511474609375e-06
5907,173.71398784199846,44.132988,True,True,1.430511474609375e-06
5908,173.75012755699572,36.012583,True,True,1.430511474609375e-06
5909,173.78151712400722,31.273494,True,True,1.430511474609375e-06
5910,173.81489000000875,33.293264,True,True,1.430511474609375e-06
5911,173.84752373900847,32.531842,True,True,1.430511474609375e-06
5912,173.87958354401053,31.962259,True,True,1.430511474609375e-06
5913,173.9127320589905,33.066459,True,True,1.430511474609375e-06
5914,173.94548491798923,32.658464,True,True,1.430511474609375e-06
5915,173.9777494200098,32.181863,True,True,1.430511474609375e-06
5916,174.01089076400967,33.06258,True,True,1.430511474609375e-06
5917,174.03809807499056,27.113005,True,True,1.430511474609375e-06
5918,174.0690346059855,30.864198,True,True,1.430511474609375e-06
5919,174.09949940699153,30.399986,True,True,1.430511474609375e-06
5920,174.1491139740101,49.548202,True,True,1.430511474609375e-06
5921,174.18185542398714,32.60779,True,True,1.430511474609375e-06
5922,174.2146117189841,32.67131,True,True,1.430511474609375e-06
5923,174.24684235700988,32.149927,True,True,1.430511474609375e-06
5924,174.27918643099838,32.263351,True,True,1.430511474609375e-06
5925,174.32816003699554,48.886307,True,True,1.430511474609375e-06
5926,174.3772929639963,49.00709,True,True,1.430511474609375e-06
5927,174.39784149700426,20.418536,True,True,1.430511474609375e-06
5928,174.41636716600624,18.455018,True,True,1.430511474609375e-06
5929,174.43448603199795,18.060823,True,True,1.430511474609375e-06
5930,174.45254692799062,18.007061,True,True,1.430511474609375e-06
5931,174.47121003700886,18.606214,True,True,1.430511474609375e-06
5932,174.48939579399303,18.115879,True,True,1.430511474609375e-06
5933,174.50751104400842,18.056278,True,True,1.430511474609375e-06
5934,174.52552202198422,17.960121,True,True,1.430511474609375e-06
5935,174.54336508200504,17.789386,True,True,1.430511474609375e-06
5936,174.56179306999547,18.375606,True,True,1.430511474609375e-06
5937,174.5866696370067,24.815258,True,True,1.430511474609375e-06
5938,174.6166870080051,29.921858,True,True,1.430511474609375e-06
5939,174.64818780700443,31.407802,True,True,1.430511474609375e-06
5940,174.68152597200242,33.239063,True,True,1.430511474609375e-06
5941,174.7145639829978,32.918327,True,True,1.430511474609375e-06
5942,174.7469332779874,32.268774,True,True,1.430511474609375e-06
5943,174.78037411900004,33.356483,True,True,1.430511474609375e-06
5944,174.81264326701057,32.176154,True,True,1.430511474609375e-06
5945,174.84538057199097,32.646967,True,True,1.430511474609375e-06
5946,174.87857728399104,33.121127,True,True,1.430511474609375e-06
5947,174.91079903798527,32.124875,True,True,1.430511474609375e-06
5948,174.94372069399105,32.841034,True,True,1.430511474609375e-06
5949,174.9768817810109,33.02659,True,True,1.430511474609375e-06
5950,175.0118609899946,34.887499,True,True,1.430511474609375e-06
5951,175.05357882598764,41.594965,True,True,1.430511474609375e-06
5952,175.08356500798254,29.866951,True,True,1.430511474609375e-06
5953,175.13104875499266,47.395961,True,True,1.430511474609375e-06
5954,175.16545727298944,34.275042,True,True,1.430511474609375e-06
5955,175.19752384501044,31.971224,True,True,1.430511474609375e-06
5956,175.23015078998287,32.553132,True,True,1.430511474609375e-06
5957,175.26281148998532,32.560793,True,True,1.430511474609375e-06
5958,175.31632733499282,53.417152,True,True,1.430511474609375e-06
5959,175.35053870800766,34.07438,True,True,1.430511474609375e-06
5960,175.38177162400098,31.132219,True,True,1.430511474609375e-06
5961,175.40279227000428,20.937639,True,True,1.430511474609375e-06
5962,175.42128496200894,18.418561,True,True,1.430511474609375e-06
5963,175.43960655899718,18.209963,True,True,1.430511474609375e-06
5964,175.457824557001,18.154831,True,True,1.430511474609375e-06
5965,175.47644087299705,18.563184,True,True,1.430511474609375e-06
5966,175.4947949149937,18.285616,True,True,1.430511474609375e-06
5967,175.51304253499256,18.179832,True,True,1.430511474609375e-06
5968,175.5312700799841,18.167691,True,True,1.430511474609375e-06
5969,175.54944321099902,18.067341,True,True,1.430511474609375e-06
5970,175.56757878299686,18.059484,True,True,1.430511474609375e-06
5971,175.5979633120005,30.325985,True,True,1.430511474609375e-06
5972,175.62982436499442,31.769326,True,True,1.430511474609375e-06
5973,175.66224169699126,32.33932,True,True,1.430511474609375e-06
5974,175.69487468799343,32.53538,True,True,1.430511474609375e-06
5975,175.72762961799162,32.634204,True,True,1.430511474609375e-06
5976,175.76070692398935,32.957669,True,True,1.430511474609375e-06
5977,175.79348016300355,32.690153,True,True,1.430511474609375e-06
5978,175.82097764700302,27.386296,True,True,1.430511474609375e-06
5979,175.86605325099663,44.994097,True,True,1.430511474609375e-06
5980,175.90325791499345,37.083414,True,True,1.430511474609375e-06
5981,175.93331764100003,29.954795,True,True,1.430511474609375e-06
5982,175.96573953799088,32.347153,True,True,1.430511474609375e-06
5983,175.9983059669903,32.477825,True,True,1.430511474609375e-06
5984,176.031143323984,32.73784,True,True,1.430511474609375e-06
5985,176.0635048719996,32.273366,True,True,1.430511474609375e-06
5986,176.09688211799948,33.276258,True,True,1.430511474609375e-06
5987,176.14679347898345,49.802232,True,True,1.430511474609375e-06
5988,176.1802270580083,33.296924,True,True,1.430511474609375e-06
5989,176.21203321201028,31.695711,True,True,1.430511474609375e-06
5990,176.24441801098874,32.312115,True,True,1.430511474609375e-06
5991,176.27724758599652,32.748864,True,True,1.430511474609375e-06
5992,176.32128383699455,43.947853,True,True,1.430511474609375e-06
5993,176.35239499399904,30.97265,True,True,1.430511474609375e-06
5994,176.38230521100922,29.841081,True,True,1.430511474609375e-06
5995,176.40274754498387,20.383798,True,True,1.430511474609375e-06
5996,176.42059360799612,17.793117,True,True,1.430511474609375e-06
5997,176.43868471798487,18.038754,True,True,1.430511474609375e-06
5998,176.45660311399843,17.86623,True,True,1.430511474609375e-06
5999,176.47441916400567,17.767939,True,True,1.430511474609375e-06
6000,176.49249692299054,18.024397,True,True,1.430511474609375e-06
6001,176.5107513179828,18.202727,True,True,1.430511474609375e-06
6002,176.5288703700062,18.069264,True,True,1.430511474609375e-06
6003,176.5468625400099,17.945092,True,True,1.430511474609375e-06
6004,176.56488815700868,17.973803,True,True,1.430511474609375e-06
6005,176.59771526398254,32.772456,True,True,1.430511474609375e-06
6006,176.6280189829995,30.181879,True,True,1.430511474609375e-06
6007,176.65906785000698,30.943768,True,True,1.430511474609375e-06
6008,176.6947975330113,35.632742,True,True,1.430511474609375e-06
6009,176.74025751498993,45.321699,True,True,1.430511474609375e-06
6010,176.77335990100983,32.98547,True,True,1.430511474609375e-06
6011,176.80628644200624,32.822677,True,True,1.430511474609375e-06
6012,176.83865500299726,32.285383,True,True,1.430511474609375e-06
6013,176.87187805498252,33.116859,True,True,1.430511474609375e-06
6014,176.9044743969862,32.499279,True,True,1.430511474609375e-06
6015,176.93149321599049,26.915171,True,True,1.430511474609375e-06
6016,176.9612649930059,29.696126,True,True,1.430511474609375e-06
6017,176.99368689701078,32.342842,True,True,1.430511474609375e-06
6018,177.0384904310049,44.679489,True,True,1.430511474609375e-06
6019,177.07103449699935,32.436906,True,True,1.430511474609375e-06
6020,177.09844407899072,27.319795,True,True,1.430511474609375e-06
6021,177.1477724610013,49.234509,True,True,1.430511474609375e-06
6022,177.17730343301082,29.395305,True,True,1.430511474609375e-06
6023,177.21028058600496,32.892048,True,True,1.430511474609375e-06
6024,177.24258992899559,32.198898,True,True,1.430511474609375e-06
6025,177.2753722849884,32.685755,True,True,1.430511474609375e-06
6026,177.3094287670101,33.945941,True,True,1.430511474609375e-06
6027,177.35755909600994,47.988878,True,True,1.430511474609375e-06
6028,177.38475377100985,27.06139,True,True,1.430511474609375e-06
6029,177.40335854000296,18.526313,True,True,1.430511474609375e-06
6030,177.42148950800765,18.070066,True,True,1.430511474609375e-06
6031,177.43944232398644,17.907559,True,True,1.430511474609375e-06
6032,177.45728449098533,17.798667,True,True,1.430511474609375e-06
6033,177.47523385001114,17.906787,True,True,1.430511474609375e-06
6034,177.49341113798437,18.127724,True,True,1.430511474609375e-06
6035,177.51144280898734,17.98438,True,True,1.430511474609375e-06
6036,177.52952748400276,18.038131,True,True,1.430511474609375e-06
6037,177.54765275499085,18.077376,True,True,1.430511474609375e-06
6038,177.56599141200422,18.284614,True,True,1.430511474609375e-06
6039,177.5981852359837,32.14363,True,True,1.430511474609375e-06
6040,177.6345449119981,36.260665,True,True,1.430511474609375e-06
6041,177.66220623799018,27.575705,True,True,1.430511474609375e-06
6042,177.69388240898843,31.608237,True,True,1.430511474609375e-06
6043,177.72283931999118,28.869084,True,True,1.430511474609375e-06
6044,177.75482567600557,31.924528,True,True,1.430511474609375e-06
6045,177.78754630300682,32.630082,True,True,1.430511474609375e-06
6046,177.8197670970112,32.1434,True,True,1.430511474609375e-06
6047,177.85225555000943,32.411469,True,True,1.430511474609375e-06
6048,177.88491926400457,32.58451,True,True,1.430511474609375e-06
6049,177.91685187499388,31.844576,True,True,1.430511474609375e-06
6050,177.9491129500093,32.175128,True,True,1.430511474609375e-06
6051,177.9767294350022,27.533657,True,True,1.430511474609375e-06
6052,178.0066365939856,29.83199,True,True,1.430511474609375e-06
6053,178.0395317079965,32.802306,True,True,1.430511474609375e-06
6054,178.07181940900045,32.19344,True,True,1.430511474609375e-06
6055,178.10392580300686,32.020751,True,True,1.430511474609375e-06
6056,178.1530117210059,48.996206,True,True,1.430511474609375e-06
6057,178.18569303301047,32.54821,True,True,1.430511474609375e-06
6058,178.21891419700114,33.118743,True,True,1.430511474609375e-06
6059,178.2514464459964,32.45026,True,True,1.430511474609375e-06
6060,178.2836608059879,32.129864,True,True,1.430511474609375e-06
6061,178.32369051099522,39.940852,True,True,1.430511474609375e-06
6062,178.35734919901006,33.51955,True,True,1.430511474609375e-06
6063,178.38354375900235,26.085765,True,True,1.430511474609375e-06
6064,178.4017998710042,18.17702,True,True,1.430511474609375e-06
6065,178.41964178200578,17.78152,True,True,1.430511474609375e-06
6066,178.4376137169893,17.922387,True,True,1.430511474609375e-06
6067,178.45571176699013,18.052318,True,True,1.430511474609375e-06
6068,178.4735114889918,17.751891,True,True,1.430511474609375e-06
6069,178.49150526701123,17.945254,True,True,1.430511474609375e-06
6070,178.50946171299438,17.909605,True,True,1.430511474609375e-06
6071,178.52738349398714,17.87648,True,True,1.430511474609375e-06
6072,178.5451951219875,17.769576,True,True,1.430511474609375e-06
6073,178.56300072500017,17.76156,True,True,1.430511474609375e-06
6074,178.60013635098585,37.07368,True,True,1.430511474609375e-06
6075,178.65025361298467,50.000727,True,True,1.430511474609375e-06
6076,178.6829968279926,32.614566,True,True,1.430511474609375e-06
6077,178.7158221990103,32.738327,True,True,1.430511474609375e-06
6078,178.74820049799746,32.292917,True,True,1.430511474609375e-06
6079,178.78054438199615,32.259568,True,True,1.430511474609375e-06
6080,178.8133150189824,32.692197,True,True,1.430511474609375e-06
6081,178.84029837101116,26.907198,True,True,1.430511474609375e-06
6082,178.8697377209901,29.371253,True,True,1.430511474609375e-06
6083,178.90207023799303,32.26698,True,True,1.430511474609375e-06
6084,178.93461796300835,32.465651,True,True,1.430511474609375e-06
6085,178.96720578000532,32.492399,True,True,1.430511474609375e-06
6086,179.00068113399902,33.337413,True,True,1.430511474609375e-06
6087,179.0328736389929,32.094138,True,True,1.430511474609375e-06
6088,179.06527539298986,32.330784,True,True,1.430511474609375e-06
6089,179.09841461799806,33.050979,True,True,1.430511474609375e-06
6090,179.1476301359944,49.082988,True,True,1.430511474609375e-06
6091,179.18004181000288,32.268352,True,True,1.430511474609375e-06
6092,179.20748932799324,27.357264,True,True,1.430511474609375e-06
6093,179.2399581540085,32.384746,True,True,1.430511474609375e-06
6094,179.26967941300245,29.615904,True,True,1.430511474609375e-06
6095,179.3017150250089,31.949998,True,True,1.430511474609375e-06
6096,179.35171165299835,49.893252,True,True,1.430511474609375e-06
6097,179.37931116999243,27.465868,True,True,1.430511474609375e-06
6098,179.39776333700866,18.364597,True,True,1.430511474609375e-06
6099,179.41598072100896,18.157208,True,True,1.430511474609375e-06
6100,179.4337769880076,17.745354,True,True,1.430511474609375e-06
6101,179.45175550400745,17.929189,True,True,1.430511474609375e-06
6102,179.46989701900748,18.096884,True,True,1.430511474609375e-06
6103,179.4877969659865,17.852824,True,True,1.430511474609375e-06
6104,179.5056715719984,17.831041,True,True,1.430511474609375e-06
6105,179.52357966799173,17.860747,True,True,1.430511474609375e-06
6106,179.54138758798945,17.766028,True,True,1.430511474609375e-06
6107,179.55929002698394,17.856213,True,True,1.430511474609375e-06
6108,179.59693069400964,37.591577,True,True,1.430511474609375e-06
6109,179.62914721498964,32.129331,True,True,1.430511474609375e-06
6110,179.66152569299447,32.297678,True,True,1.430511474609375e-06
6111,179.69419501998345,32.566301,True,True,1.430511474609375e-06
6112,179.7269670460082,32.662346,True,True,1.430511474609375e-06
6113,179.75937224400695,32.287899,True,True,1.430511474609375e-06
6114,179.78648492301,27.007375,True,True,1.430511474609375e-06
6115,179.81868079400738,32.113322,True,True,1.430511474609375e-06
6116,179.84955696799443,30.767601,True,True,1.430511474609375e-06
6117,179.8810113449872,31.351781,True,True,1.430511474609375e-06
6118,179.91330152298906,32.212164,True,True,1.430511474609375e-06
6119,179.9459599359834,32.55329,True,True,1.430511474609375e-06
6120,179.9792888230004,33.231238,True,True,1.430511474609375e-06
6121,180.01229079498444,32.891267,True,True,1.430511474609375e-06
6122,180.05333128999337,40.899317,True,True,1.430511474609375e-06
6123,180.08580926898867,32.353167,True,True,1.430511474609375e-06
6124,180.1311610749981,45.239145,True,True,1.430511474609375e-06
6125,180.1649050900014,33.612633,True,True,1.430511474609375e-06
6126,180.19753806100925,32.537988,True,True,1.430511474609375e-06
6127,180.2305521320086,32.927452,True,True,1.430511474609375e-06
6128,180.26286389498273,32.229457,True,True,1.430511474609375e-06
6129,180.29855698600295,35.603634,True,True,1.430511474609375e-06
6130,180.36182081099832,63.141065,True,True,1.430511474609375e-06
6131,180.38921640699846,27.261565,True,True,1.430511474609375e-06
6132,180.4077687030076,18.472065,True,True,1.430511474609375e-06
6133,180.42609213999822,18.262398,True,True,1.430511474609375e-06
6134,180.44414042899734,17.993048,True,True,1.430511474609375e-06
6135,180.46220537900808,18.014728,True,True,1.430511474609375e-06
6136,180.48022201599088,17.967536,True,True,1.430511474609375e-06
6137,180.4982232869952,17.954222,True,True,1.430511474609375e-06
6138,180.51609712600475,17.827478,True,True,1.430511474609375e-06
6139,180.53394295598264,17.800534,True,True,1.430511474609375e-06
6140,180.55178574600723,17.801075,True,True,1.430511474609375e-06
6141,180.57019613598823,18.366296,True,True,1.430511474609375e-06
6142,180.60275861999253,32.509309,True,True,1.430511474609375e-06
6143,180.64614131700364,43.26589,True,True,1.430511474609375e-06
6144,180.67759641600423,31.313252,True,True,1.430511474609375e-06
6145,180.7108813399973,33.19533,True,True,1.430511474609375e-06
6146,180.74325259000761,32.234189,True,True,1.430511474609375e-06
6147,180.77521359999082,31.870728,True,True,1.430511474609375e-06
6148,180.80778455198742,32.476611,True,True,1.430511474609375e-06
6149,180.8406666959927,32.781433,True,True,1.430511474609375e-06
6150,180.8731236869935,32.358375,True,True,1.430511474609375e-06
6151,180.9060651419859,32.844689,True,True,1.430511474609375e-06
6152,180.93314498401014,26.983024,True,True,1.430511474609375e-06
6153,180.9768737689883,43.647864,True,True,1.430511474609375e-06
6154,181.01306840000325,36.055949,True,True,1.430511474609375e-06
6155,181.04527039598906,32.05834,True,True,1.430511474609375e-06
6156,181.07743561800453,32.039656,True,True,1.430511474609375e-06
6157,181.11284736098605,35.3245,True,True,1.430511474609375e-06
6158,181.16004373400938,47.066521,True,True,1.430511474609375e-06
6159,181.19238361500902,32.204779,True,True,1.430511474609375e-06
6160,181.2270841980062,34.623802,True,True,1.430511474609375e-06
6161,181.2627242349845,35.542941,True,True,1.430511474609375e-06
6162,181.29446911800187,31.651565,True,True,1.430511474609375e-06
6163,181.32947561499896,34.935189,True,True,1.430511474609375e-06
6164,181.37613092700485,46.519743,True,True,1.430511474609375e-06
6165,181.3970859849942,20.8193,True,True,1.430511474609375e-06
6166,181.41505505499663,17.908518,True,True,1.430511474609375e-06
6167,181.43314697701135,18.03906,True,True,1.430511474609375e-06
6168,181.45118949600146,17.986593,True,True,1.430511474609375e-06
6169,181.4689955789945,17.757986,True,True,1.430511474609375e-06
6170,181.48709894600324,18.034819,True,True,1.430511474609375e-06
6171,181.50515780301066,17.998728,True,True,1.430511474609375e-06
6172,181.52310417799163,17.897918,True,True,1.430511474609375e-06
6173,181.54086244900827,17.709802,True,True,1.430511474609375e-06
6174,181.5588591019914,17.950069,True,True,1.430511474609375e-06
6175,181.58828095300123,29.365269,True,True,1.430511474609375e-06
6176,181.63730673698592,48.931993,True,True,1.430511474609375e-06
6177,181.67005385499215,32.616013,True,True,1.430511474609375e-06
6178,181.70241714300937,32.261036,True,True,1.430511474609375e-06
6179,181.73556463900604,33.05625,True,True,1.430511474609375e-06
6180,181.76809096799116,32.441397,True,True,1.430511474609375e-06
6181,181.80121173599036,33.018279,True,True,1.430511474609375e-06
6182,181.83893440000247,37.637381,True,True,1.430511474609375e-06
6183,181.87110198498704,32.065452,True,True,1.430511474609375e-06
6184,181.9032039140002,32.014944,True,True,1.430511474609375e-06
6185,181.93551832000958,32.228218,True,True,1.430511474609375e-06
6186,181.96848070199485,32.887713,True,True,1.430511474609375e-06
6187,182.00061595599982,32.045256,True,True,1.430511474609375e-06
6188,182.03284311998868,32.143312,True,True,1.430511474609375e-06
6189,182.05983870499767,26.912986,True,True,1.430511474609375e-06
6190,182.08893507200992,29.028151,True,True,1.430511474609375e-06
6191,182.13797909600544,48.976684,True,True,1.430511474609375e-06
6192,182.17020405401126,32.08634,True,True,1.430511474609375e-06
6193,182.20268033299362,32.392964,True,True,1.430511474609375e-06
6194,182.2358273740101,33.052095,True,True,1.430511474609375e-06
6195,182.26861949500744,32.713189,True,True,1.430511474609375e-06
6196,182.30088794298354,32.177816,True,True,1.430511474609375e-06
6197,182.34942136300378,48.448163,True,True,1.430511474609375e-06
6198,182.37721929699183,27.662859,True,True,1.430511474609375e-06
6199,182.39561300398782,18.321707,True,True,1.430511474609375e-06
6200,182.4136985600053,18.027816,True,True,1.430511474609375e-06
6201,182.43545040200115,21.701605,True,True,1.430511474609375e-06
6202,182.45665772201028,21.135937,True,True,1.430511474609375e-06
6203,182.48239421698963,25.648948,True,True,1.430511474609375e-06
6204,182.50084967998555,18.378025,True,True,1.430511474609375e-06
6205,182.5191456199973,18.237263,True,True,1.430511474609375e-06
6206,182.5373333900061,18.142707,True,True,1.430511474609375e-06
6207,182.55536038600258,17.974205,True,True,1.430511474609375e-06
6208,182.58592708798824,30.518873,True,True,1.430511474609375e-06
6209,182.61813970998628,32.142175,True,True,1.430511474609375e-06
6210,182.64552017700044,27.289762,True,True,1.430511474609375e-06
6211,182.67725924300612,31.651351,True,True,1.430511474609375e-06
6212,182.70978927100077,32.415354,True,True,1.430511474609375e-06
6213,182.74053542598267,30.645778,True,True,1.430511474609375e-06
6214,182.77175213900045,31.130606,True,True,1.430511474609375e-06
6215,182.80700574599905,35.177665,True,True,1.430511474609375e-06
6216,182.84355902398238,36.427533,True,True,1.430511474609375e-06
6217,182.87370533900685,30.010928,True,True,1.430511474609375e-06
6218,182.90687785600312,33.084265,True,True,1.430511474609375e-06
6219,182.93848013400566,31.461258,True,True,1.430511474609375e-06
6220,182.97085942400736,32.290559,True,True,1.430511474609375e-06
6221,183.00322152799345,32.261157,True,True,1.430511474609375e-06
6222,183.0396002829948,36.255914,True,True,1.430511474609375e-06
6223,183.07181975600543,32.074282,True,True,1.430511474609375e-06
6224,183.10477592601092,32.8706,True,True,1.430511474609375e-06
6225,183.15409925198765,49.203374,True,True,1.430511474609375e-06
6226,183.18634819998988,32.111303,True,True,1.430511474609375e-06
6227,183.21897148899734,32.529375,True,True,1.430511474609375e-06
6228,183.252331080992,33.243911,True,True,1.430511474609375e-06
6229,183.28483001200948,32.360782,True,True,1.430511474609375e-06
6230,183.33417980198283,49.245261,True,True,1.430511474609375e-06
6231,183.37856720699347,44.259844,True,True,1.430511474609375e-06
6232,183.39719820098253,18.484627,True,True,1.430511474609375e-06
6233,183.41514173598262,17.876492,True,True,1.430511474609375e-06
6234,183.4329775609949,17.780529,True,True,1.430511474609375e-06
6235,183.4507403879834,17.709273,True,True,1.430511474609375e-06
6236,183.46870482098893,17.912174,True,True,1.430511474609375e-06
6237,183.4867784579983,18.019107,True,True,1.430511474609375e-06
6238,183.50476734200493,17.936745,True,True,1.430511474609375e-06
6239,183.52256179900724,17.746489,True,True,1.430511474609375e-06
6240,183.5405580200022,17.950762,True,True,1.430511474609375e-06
6241,183.55875787799596,18.154118,True,True,1.430511474609375e-06
6242,183.5909044680011,32.085508,True,True,1.430511474609375e-06
6243,183.6308780660038,39.846543,True,True,1.430511474609375e-06
6244,183.66693690800457,35.918032,True,True,1.430511474609375e-06
6245,183.69912359898444,32.046373,True,True,1.430511474609375e-06
6246,183.73198556399439,32.756922,True,True,1.430511474609375e-06
6247,183.76475897998898,32.634278,True,True,1.430511474609375e-06
6248,183.7967881189834,31.936279,True,True,1.430511474609375e-06
6249,183.82871983401128,31.836697,True,True,1.430511474609375e-06
6250,183.85614754198468,27.341888,True,True,1.430511474609375e-06
6251,183.88615236600162,29.927755,True,True,1.430511474609375e-06
6252,183.91735922498628,31.129456,True,True,1.430511474609375e-06
6253,183.9503551289963,32.918864,True,True,1.430511474609375e-06
6254,183.98215970100136,31.703585,True,True,1.430511474609375e-06
6255,184.01454991399078,32.301947,True,True,1.430511474609375e-06
6256,184.04799201199785,33.323533,True,True,1.430511474609375e-06
6257,184.0801903370011,32.060013,True,True,1.430511474609375e-06
6258,184.10739508000552,27.116218,True,True,1.430511474609375e-06
6259,184.15703411400318,49.516476,True,True,1.430511474609375e-06
6260,184.18818441199255,31.015993,True,True,1.430511474609375e-06
6261,184.21844645799138,30.174577,True,True,1.430511474609375e-06
6262,184.2564509549993,37.919423,True,True,1.430511474609375e-06
6263,184.28847197900177,31.909757,True,True,1.430511474609375e-06
6264,184.31872807399486,30.168457,True,True,1.430511474609375e-06
6265,184.36658447500668,47.788543,True,True,1.430511474609375e-06
6266,184.38841870299075,21.688587,True,True,1.430511474609375e-06
6267,184.40651148700272,18.030469,True,True,1.430511474609375e-06
6268,184.42500330900657,18.434367,True,True,1.430511474609375e-06
6269,184.44303406399558,17.973487,True,True,1.430511474609375e-06
6270,184.46122256398667,18.136262,True,True,1.430511474609375e-06
6271,184.47916161399917,17.887958,True,True,1.430511474609375e-06
6272,184.49741769800312,18.196015,True,True,1.430511474609375e-06
6273,184.5158060370013,18.295908,True,True,1.430511474609375e-06
6274,184.53384538198588,17.9704,True,True,1.430511474609375e-06
6275,184.55179224000312,17.874337,True,True,1.430511474609375e-06
6276,184.5818604399974,30.005989,True,True,1.430511474609375e-06
6277,184.6138547739829,31.923053,True,True,1.430511474609375e-06
6278,184.64654898399021,32.597178,True,True,1.430511474609375e-06
6279,184.67943901900435,32.784759,True,True,1.430511474609375e-06
6280,184.71206922800047,32.507317,True,True,1.430511474609375e-06
6281,184.7440248519997,31.835399,True,True,1.430511474609375e-06
6282,184.77632017599535,32.221747,True,True,1.430511474609375e-06
6283,184.80956202099333,33.113768,True,True,1.430511474609375e-06
6284,184.84576920999098,36.067272,True,True,1.430511474609375e-06
6285,184.87790211100946,32.016603,True,True,1.430511474609375e-06
6286,184.90993140198407,31.937196,True,True,1.430511474609375e-06
6287,184.94180517899804,31.79058,True,True,1.430511474609375e-06
6288,184.96948962999159,27.609478,True,True,1.430511474609375e-06
6289,184.9989260849834,29.364782,True,True,1.430511474609375e-06
6290,185.03122823199374,32.209501,True,True,1.430511474609375e-06
6291,185.06360624998342,32.276821,True,True,1.430511474609375e-06
6292,185.0965869089996,32.873586,True,True,1.430511474609375e-06
6293,185.14573982800357,49.050913,True,True,1.430511474609375e-06
6294,185.17806174099678,32.189571,True,True,1.430511474609375e-06
6295,185.21297985198908,34.817271,True,True,1.430511474609375e-06
6296,185.25998119698488,46.873053,True,True,1.430511474609375e-06
6297,185.29214330998366,32.048134,True,True,1.430511474609375e-06
6298,185.31938887300203,27.171011,True,True,1.430511474609375e-06
6299,185.3656242809957,46.16585,True,True,1.430511474609375e-06
6300,185.39335249000578,27.584001,True,True,1.430511474609375e-06
6301,185.41163777100155,18.207496,True,True,1.430511474609375e-06
6302,185.43555237998953,23.854095,True,True,1.430511474609375e-06
6303,185.45357770400005,17.94576,True,True,1.430511474609375e-06
6304,185.4716272020014,17.990524,True,True,1.430511474609375e-06
6305,185.48953428000095,17.84969,True,True,1.430511474609375e-06
6306,185.50748702100827,17.895912,True,True,1.430511474609375e-06
6307,185.5255075659952,17.969282,True,True,1.430511474609375e-06
6308,185.5432105899963,17.651856,True,True,1.430511474609375e-06
6309,185.5612704209925,18.009583,True,True,1.430511474609375e-06
6310,185.5863081139978,24.984489,True,True,1.430511474609375e-06
6311,185.61680882799556,30.39695,True,True,1.430511474609375e-06
6312,185.6497736829915,32.854738,True,True,1.430511474609375e-06
6313,185.68258256700938,32.687153,True,True,1.430511474609375e-06
6314,185.71602918600547,33.32703,True,True,1.430511474609375e-06
6315,185.7490221330081,32.890501,True,True,1.430511474609375e-06
6316,185.78137605800293,32.244647,True,True,1.430511474609375e-06
6317,185.81472459598444,33.250843,True,True,1.430511474609375e-06
6318,185.84724964899942,32.425395,True,True,1.430511474609375e-06
6319,185.87446826600353,27.121489,True,True,1.430511474609375e-06
6320,185.90418958698865,29.643715,True,True,1.430511474609375e-06
6321,185.93531874599284,31.046264,True,True,1.430511474609375e-06
6322,185.96826181799406,32.818635,True,True,1.430511474609375e-06
6323,186.00026101100957,31.886523,True,True,1.430511474609375e-06
6324,186.03319706799812,32.831596,True,True,1.430511474609375e-06
6325,186.06917829599115,35.870138,True,True,1.430511474609375e-06
6326,186.10194732798846,32.666866,True,True,1.430511474609375e-06
6327,186.1506595039973,48.603402,True,True,1.430511474609375e-06
6328,186.18279205998988,31.985951,True,True,1.430511474609375e-06
6329,186.21481430198764,31.928724,True,True,1.430511474609375e-06
6330,186.24787865800317,32.970507,True,True,1.430511474609375e-06
6331,186.27980902299169,31.83482,True,True,1.430511474609375e-06
6332,186.30688281700714,26.986031,True,True,1.430511474609375e-06
6333,186.3372345950047,30.273703,True,True,1.430511474609375e-06
6334,186.3811328120064,43.81572,True,True,1.430511474609375e-06
6335,186.3996555939957,18.386799,True,True,1.430511474609375e-06
6336,186.4177252429945,17.996293,True,True,1.430511474609375e-06
6337,186.43582261400297,18.041815,True,True,1.430511474609375e-06
6338,186.45390758299618,18.03181,True,True,1.430511474609375e-06
6339,186.4718457319832,17.885741,True,True,1.430511474609375e-06
6340,186.4898983250023,17.998135,True,True,1.430511474609375e-06
6341,186.50791765999747,17.964485,True,True,1.430511474609375e-06
6342,186.52565645700088,17.692777,True,True,1.430511474609375e-06
6343,186.5436044030066,17.892177,True,True,1.430511474609375e-06
6344,186.56859197100857,24.935213,True,True,1.430511474609375e-06
6345,186.59913953699288,30.446744,True,True,1.430511474609375e-06
6346,186.63154412599397,32.305279,True,True,1.430511474609375e-06
6347,186.66879839700414,37.131287,True,True,1.430511474609375e-06
6348,186.7016924470081,32.775834,True,True,1.430511474609375e-06
6349,186.73206675000256,30.251225,True,True,1.430511474609375e-06
6350,186.76439252099954,32.237642,True,True,1.430511474609375e-06
6351,186.79721220998908,32.713757,True,True,1.430511474609375e-06
6352,186.82965968499775,32.335826,True,True,1.430511474609375e-06
6353,186.86207637900952,32.290283,True,True,1.430511474609375e-06
6354,186.8981651609938,35.983204,True,True,1.430511474609375e-06
6355,186.945233343984,46.940485,True,True,1.430511474609375e-06
6356,186.9775024249975,32.152942,True,True,1.430511474609375e-06
6357,187.01006430501002,32.464158,True,True,1.430511474609375e-06
6358,187.04275402400526,32.575514,True,True,1.430511474609375e-06
6359,187.0757704360003,32.930411,True,True,1.430511474609375e-06
6360,187.10286733400426,27.014701,True,True,1.430511474609375e-06
6361,187.15207564100274,49.136483,True,True,1.430511474609375e-06
6362,187.18185240100138,29.642886,True,True,1.430511474609375e-06
6363,187.21456152098835,32.633515,True,True,1.430511474609375e-06
6364,187.2591830480087,44.529027,True,True,1.430511474609375e-06
6365,187.2910153720004,31.738641,True,True,1.430511474609375e-06
6366,187.3181010170083,27.017739,True,True,1.430511474609375e-06
6367,187.34829244800494,30.128452,True,True,1.430511474609375e-06
6368,187.39248530598707,44.122269,True,True,1.430511474609375e-06
6369,187.41103816000395,18.423754,True,True,1.430511474609375e-06
6370,187.42910278000636,18.000122,True,True,1.430511474609375e-06
6371,187.44690628998796,17.749429,True,True,1.430511474609375e-06
6372,187.46484423198854,17.889575,True,True,1.430511474609375e-06
6373,187.48306316699018,18.176277,True,True,1.430511474609375e-06
6374,187.5009353699861,17.825199,True,True,1.430511474609375e-06
6375,187.51878437699634,17.806013,True,True,1.430511474609375e-06
6376,187.53705137598445,18.221727,True,True,1.430511474609375e-06
6377,187.56263321000733,25.533225,True,True,1.430511474609375e-06
6378,187.59644189299433,33.749234,True,True,1.430511474609375e-06
6379,187.62351835798472,26.976614,True,True,1.430511474609375e-06
6380,187.65617888400448,32.595639,True,True,1.430511474609375e-06
6381,187.68617647400242,29.902688,True,True,1.430511474609375e-06
6382,187.71739657700527,31.145035,True,True,1.430511474609375e-06
6383,187.75044615700608,32.984284,True,True,1.430511474609375e-06
6384,187.7827193060075,32.19101,True,True,1.430511474609375e-06
6385,187.81482184599736,32.014348,True,True,1.430511474609375e-06
6386,187.85235611000098,37.45899,True,True,1.430511474609375e-06
6387,187.8844217779988,31.980134,True,True,1.430511474609375e-06
6388,187.91705241499585,32.551394,True,True,1.430511474609375e-06
6389,187.95039790900773,33.261379,True,True,1.430511474609375e-06
6390,187.98275472800015,32.242315,True,True,1.430511474609375e-06
6391,188.01549343098304,32.643248,True,True,1.430511474609375e-06
6392,188.04872133999015,33.142344,True,True,1.430511474609375e-06
6393,188.08097444099258,32.1489,True,True,1.430511474609375e-06
6394,188.11647430600715,35.416755,True,True,1.430511474609375e-06
6395,188.16299158299807,46.385474,True,True,1.430511474609375e-06
6396,188.19578660000116,32.678299,True,True,1.430511474609375e-06
6397,188.2354210630001,39.543519,True,True,1.430511474609375e-06
6398,188.27234930399572,36.804885,True,True,1.430511474609375e-06
6399,188.3023488910112,29.908792,True,True,1.430511474609375e-06
6400,188.3349964109948,32.573877,True,True,1.430511474609375e-06
6401,188.37828346699825,43.17205,True,True,1.430511474609375e-06
6402,188.39839211798972,19.968705,True,True,1.430511474609375e-06
6403,188.41651782899862,18.051538,True,True,1.430511474609375e-06
6404,188.44158262200654,25.007785,True,True,1.430511474609375e-06
6405,188.4602482529881,18.569127,True,True,1.430511474609375e-06
6406,188.47852932699607,18.210643,True,True,1.430511474609375e-06
6407,188.4970072459837,18.4048,True,True,1.430511474609375e-06
6408,188.51588563399855,18.761415,True,True,1.430511474609375e-06
6409,188.53428592698765,18.334219,True,True,1.430511474609375e-06
6410,188.5526434989879,18.288781,True,True,1.430511474609375e-06
6411,188.58267345200875,29.962498,True,True,1.430511474609375e-06
6412,188.61538408198976,32.619342,True,True,1.430511474609375e-06
6413,188.64811397300218,32.63774,True,True,1.430511474609375e-06
6414,188.68025082699023,32.014341,True,True,1.430511474609375e-06
6415,188.71308811500785,32.753537,True,True,1.430511474609375e-06
6416,188.74569533398608,32.526208,True,True,1.430511474609375e-06
6417,188.77316999598406,27.374367,True,True,1.430511474609375e-06
6418,188.80294994200813,29.712822,True,True,1.430511474609375e-06
6419,188.8339768910082,30.958833,True,True,1.430511474609375e-06
6420,188.8673310370068,33.286579,True,True,1.430511474609375e-06
6421,188.89967085898388,32.22985,True,True,1.430511474609375e-06
6422,188.93222737699398,32.446054,True,True,1.430511474609375e-06
6423,188.96553844198934,33.220116,True,True,1.430511474609375e-06
6424,188.99808524298714,32.44795,True,True,1.430511474609375e-06
6425,189.03048692198354,32.315277,True,True,1.430511474609375e-06
6426,189.08388814199134,53.318178,True,True,1.430511474609375e-06
6427,189.13218210998457,48.155916,True,True,1.430511474609375e-06
6428,189.1661520350026,33.833905,True,True,1.430511474609375e-06
6429,189.19911850299104,32.870998,True,True,1.430511474609375e-06
6430,189.23145848198328,32.247492,True,True,1.430511474609375e-06
6431,189.26477003999753,33.227816,True,True,1.430511474609375e-06
6432,189.29724672899465,32.391295,True,True,1.430511474609375e-06
6433,189.32979829699616,32.46975,True,True,1.430511474609375e-06
6434,189.36517126398394,35.292361,True,True,1.430511474609375e-06
6435,189.3919319039851,26.62729,True,True,1.430511474609375e-06
6436,189.40995765599655,17.945538,True,True,1.430511474609375e-06
6437,189.4280820619897,18.066628,True,True,1.430511474609375e-06
6438,189.44611847700435,17.979127,True,True,1.430511474609375e-06
6439,189.46463520498946,18.460902,True,True,1.430511474609375e-06
6440,189.4827201619919,18.022133,True,True,1.430511474609375e-06
6441,189.500663023995,17.885947,True,True,1.430511474609375e-06
6442,189.51858162001008,17.856294,True,True,1.430511474609375e-06
6443,189.53648183398764,17.849917,True,True,1.430511474609375e-06
6444,189.55447242298396,17.940054,True,True,1.430511474609375e-06
6445,189.58530057998723,30.772541,True,True,1.430511474609375e-06
6446,189.63062947700382,45.227101,True,True,1.430511474609375e-06
6447,189.66980542699457,39.029327,True,True,1.430511474609375e-06
6448,189.701168642001,31.229814,True,True,1.430511474609375e-06
6449,189.7340360659873,32.774113,True,True,1.430511474609375e-06
6450,189.7667300349858,32.591805,True,True,1.430511474609375e-06
6451,189.79915613800404,32.326605,True,True,1.430511474609375e-06
6452,189.8311851779872,31.934814,True,True,1.430511474609375e-06
6453,189.86386907598353,32.59772,True,True,1.430511474609375e-06
6454,189.9003365059907,36.355053,True,True,1.430511474609375e-06
6455,189.94758725399151,47.122875,True,True,1.430511474609375e-06
6456,189.97994107898558,32.215232,True,True,1.430511474609375e-06
6457,190.01373744098237,33.702542,True,True,1.430511474609375e-06
6458,190.04626844701124,32.400612,True,True,1.430511474609375e-06
6459,190.07872661200236,32.367432,True,True,1.430511474609375e-06
6460,190.10673772898735,27.926123,True,True,1.430511474609375e-06
6461,190.1533311890089,46.498726,True,True,1.430511474609375e-06
6462,190.18449858098757,31.017955,True,True,1.430511474609375e-06
6463,190.21767158800503,33.094964,True,True,1.430511474609375e-06
6464,190.25726143599604,39.479491,True,True,1.430511474609375e-06
6465,190.28874277000432,31.367559,True,True,1.430511474609375e-06
6466,190.3192509179935,30.435482,True,True,1.430511474609375e-06
6467,190.35126460398897,31.944429,True,True,1.430511474609375e-06
6468,190.3891806669999,37.816732,True,True,1.430511474609375e-06
6469,190.4078338489926,18.523331,True,True,1.430511474609375e-06
6470,190.42617905398947,18.27388,True,True,1.430511474609375e-06
6471,190.44473292899784,18.492934,True,True,1.430511474609375e-06
6472,190.46290636601043,18.11896,True,True,1.430511474609375e-06
6473,190.48071320800227,17.754378,True,True,1.430511474609375e-06
6474,190.49862898499123,17.854419,True,True,1.430511474609375e-06
6475,190.5164004320104,17.722139,True,True,1.430511474609375e-06
6476,190.53429730600328,17.8498,True,True,1.430511474609375e-06
6477,190.55271211298532,18.366096,True,True,1.430511474609375e-06
6478,190.58265930999187,29.899564,True,True,1.430511474609375e-06
6479,190.6152246480051,32.473423,True,True,1.430511474609375e-06
6480,190.64875535600004,33.41797,True,True,1.430511474609375e-06
6481,190.68147144798422,32.635292,True,True,1.430511474609375e-06
6482,190.71381672201096,32.236084,True,True,1.430511474609375e-06
6483,190.74692864200915,33.015319,True,True,1.430511474609375e-06
6484,190.7792662580032,32.231217,True,True,1.430511474609375e-06
6485,190.8065504549886,27.186777,True,True,1.430511474609375e-06
6486,190.84733877700637,40.689326,True,True,1.430511474609375e-06
6487,190.88073259301018,33.258266,True,True,1.430511474609375e-06
6488,190.9135236699949,32.690899,True,True,1.430511474609375e-06
6489,190.94729662200552,33.629773,True,True,1.430511474609375e-06
6490,190.97459308899124,27.157657,True,True,1.430511474609375e-06
6491,191.0059702199942,31.283541,True,True,1.430511474609375e-06
6492,191.03845359999104,32.386334,True,True,1.430511474609375e-06
6493,191.0689958719886,30.428523,True,True,1.430511474609375e-06
6494,191.10067501300364,31.592135,True,True,1.430511474609375e-06
6495,191.15002236899454,49.258439,True,True,1.430511474609375e-06
6496,191.18241845499142,32.262034,True,True,1.430511474609375e-06
6497,191.21449423898594,31.985883,True,True,1.430511474609375e-06
6498,191.2476066899835,33.011324,True,True,1.430511474609375e-06
6499,191.28009877199656,32.381579,True,True,1.430511474609375e-06
6500,191.31247216000338,32.286615,True,True,1.430511474609375e-06
6501,191.3442654380051,31.702286,True,True,1.430511474609375e-06
6502,191.36954790900927,25.223495,True,True,1.430511474609375e-06
6503,191.39915732198278,29.537665,True,True,1.430511474609375e-06
6504,191.41786510200473,18.593319,True,True,1.430511474609375e-06
6505,191.43597777100513,18.042471,True,True,1.430511474609375e-06
6506,191.45392098498996,17.883126,True,True,1.430511474609375e-06
6507,191.47189177700784,17.916112,True,True,1.430511474609375e-06
6508,191.48998438098351,18.043262,True,True,1.430511474609375e-06
6509,191.50797444299678,17.941403,True,True,1.430511474609375e-06
6510,191.52593203398283,17.909434,True,True,1.430511474609375e-06
6511,191.54376708398922,17.791214,True,True,1.430511474609375e-06
6512,191.5689254179888,25.111862,True,True,1.430511474609375e-06
6513,191.6060733209888,37.080964,True,True,1.430511474609375e-06
6514,191.6331009370042,26.933124,True,True,1.430511474609375e-06
6515,191.6628138840024,29.633418,True,True,1.430511474609375e-06
6516,191.6954043309961,32.508404,True,True,1.430511474609375e-06
6517,191.7280037610035,32.49661,True,True,1.430511474609375e-06
6518,191.76058823798667,32.500996,True,True,1.430511474609375e-06
6519,191.79377027699957,33.0893,True,True,1.430511474609375e-06
6520,191.84284432500135,48.989873,True,True,1.430511474609375e-06
6521,191.8759193230071,32.954288,True,True,1.430511474609375e-06
6522,191.90812391598593,32.112959,True,True,1.430511474609375e-06
6523,191.9407809569966,32.570088,True,True,1.430511474609375e-06
6524,191.9731024930079,32.233465,True,True,1.430511474609375e-06
6525,192.00534660898848,32.15349,True,True,1.430511474609375e-06
6526,192.03831964801066,32.874227,True,True,1.430511474609375e-06
6527,192.06539172900375,26.941312,True,True,1.430511474609375e-06
6528,192.09567273998982,30.206836,True,True,1.430511474609375e-06
6529,192.144641218998,48.900288,True,True,1.430511474609375e-06
6530,192.17698845700943,32.206222,True,True,1.430511474609375e-06
6531,192.20884551800555,31.763837,True,True,1.430511474609375e-06
6532,192.24133339899709,32.389736,True,True,1.430511474609375e-06
6533,192.27437330098473,32.943035,True,True,1.430511474609375e-06
6534,192.30696025298676,32.482746,True,True,1.430511474609375e-06
6535,192.33925461600302,32.198865,True,True,1.430511474609375e-06
6536,192.3667965589848,27.448923,True,True,1.430511474609375e-06
6537,192.4020171299926,35.123947,True,True,1.430511474609375e-06
6538,192.420578743011,18.44036,True,True,1.430511474609375e-06
6539,192.4386588819907,18.006291,True,True,1.430511474609375e-06
6540,192.45656526100356,17.843156,True,True,1.430511474609375e-06
6541,192.4746529829863,18.034617,True,True,1.430511474609375e-06
6542,192.4926855179947,17.976618,True,True,1.430511474609375e-06
6543,192.51078596600564,18.049534,True,True,1.430511474609375e-06
6544,192.52885866400902,18.022877,True,True,1.430511474609375e-06
6545,192.54704700500588,18.13102,True,True,1.430511474609375e-06
6546,192.5651455949992,18.046869,True,True,1.430511474609375e-06
6547,192.59786541198264,32.666108,True,True,1.430511474609375e-06
6548,192.6354716460046,37.479995,True,True,1.430511474609375e-06
6549,192.6678876199876,32.296293,True,True,1.430511474609375e-06
6550,192.6952266980079,27.221389,True,True,1.430511474609375e-06
6551,192.7246220879897,29.298837,True,True,1.430511474609375e-06
6552,192.7558483009925,31.146887,True,True,1.430511474609375e-06
6553,192.7887804839993,32.852756,True,True,1.430511474609375e-06
6554,192.8211039599846,32.239853,True,True,1.430511474609375e-06
6555,192.85403957800008,32.840828,True,True,1.430511474609375e-06
6556,192.8862360949861,32.123576,True,True,1.430511474609375e-06
6557,192.91875671999878,32.437917,True,True,1.430511474609375e-06
6558,192.95165212498978,32.799,True,True,1.430511474609375e-06
6559,192.98406290798448,32.322579,True,True,1.430511474609375e-06
6560,193.01660483400337,32.443137,True,True,1.430511474609375e-06
6561,193.0443749059923,27.664103,True,True,1.430511474609375e-06
6562,193.07415472099092,29.704772,True,True,1.430511474609375e-06
6563,193.1066319840029,32.403321,True,True,1.430511474609375e-06
6564,193.1558976279921,49.165691,True,True,1.430511474609375e-06
6565,193.18869218899636,32.678476,True,True,1.430511474609375e-06
6566,193.22128123400034,32.475229,True,True,1.430511474609375e-06
6567,193.2542585649935,32.8661,True,True,1.430511474609375e-06
6568,193.28682349799783,32.457517,True,True,1.430511474609375e-06
6569,193.31962668400956,32.702229,True,True,1.430511474609375e-06
6570,193.3520770680043,32.344631,True,True,1.430511474609375e-06
6571,193.38496600900544,32.7847,True,True,1.430511474609375e-06
6572,193.4073835730087,22.288658,True,True,1.430511474609375e-06
6573,193.42540174498572,17.947153,True,True,1.430511474609375e-06
6574,193.4433763900015,17.915576,True,True,1.430511474609375e-06
6575,193.46155292500043,18.125618,True,True,1.430511474609375e-06
6576,193.4796936319908,18.092682,True,True,1.430511474609375e-06
6577,193.50487755599897,25.135673,True,True,1.430511474609375e-06
6578,193.52604916199925,21.0982,True,True,1.430511474609375e-06
6579,193.5443910729955,18.283178,True,True,1.430511474609375e-06
6580,193.56258698899182,18.140163,True,True,1.430511474609375e-06
6581,193.59484756199527,32.212425,True,True,1.430511474609375e-06
6582,193.626830994006,31.900985,True,True,1.430511474609375e-06
6583,193.65745441400213,30.544118,True,True,1.430511474609375e-06
6584,193.68979947900516,32.267906,True,True,1.430511474609375e-06
6585,193.7222094979952,32.316776,True,True,1.430511474609375e-06
6586,193.75432955299038,32.047399,True,True,1.430511474609375e-06
6587,193.78674749398488,32.341398,True,True,1.430511474609375e-06
6588,193.81936399900587,32.538728,True,True,1.430511474609375e-06
6589,193.85176019498613,32.317432,True,True,1.430511474609375e-06
6590,193.88414650200866,32.313407,True,True,1.430511474609375e-06
6591,193.91674227500334,32.523344,True,True,1.430511474609375e-06
6592,193.94368525399477,26.865331,True,True,1.430511474609375e-06
6593,193.9740550580027,30.30855,True,True,1.430511474609375e-06
6594,194.0064564110071,32.350235,True,True,1.430511474609375e-06
6595,194.03887864699936,32.339527,True,True,1.430511474609375e-06
6596,194.07202809301089,33.073877,True,True,1.430511474609375e-06
6597,194.1042871499958,32.177569,True,True,1.430511474609375e-06
6598,194.155885804008,51.515513,True,True,1.430511474609375e-06
6599,194.2025348180032,46.51452,True,True,1.430511474609375e-06
6600,194.23519901398686,32.567662,True,True,1.430511474609375e-06
6601,194.2677750919829,32.494862,True,True,1.430511474609375e-06
6602,194.29474293199019,26.881773,True,True,1.430511474609375e-06
6603,194.32392051798524,29.110241,True,True,1.430511474609375e-06
6604,194.35671958199237,32.737801,True,True,1.430511474609375e-06
6605,194.38412693998544,27.332698,True,True,1.430511474609375e-06
6606,194.41256784799043,28.36772,True,True,1.430511474609375e-06
6607,194.4308036720031,18.120937,True,True,1.430511474609375e-06
6608,194.44893595200847,18.059158,True,True,1.430511474609375e-06
6609,194.4670623340062,18.070771,True,True,1.430511474609375e-06
6610,194.4850453469844,17.926501,True,True,1.430511474609375e-06
6611,194.50283819099423,17.740668,True,True,1.430511474609375e-06
6612,194.52076252899133,17.875671,True,True,1.430511474609375e-06
6613,194.53917024598923,18.358299,True,True,1.430511474609375e-06
6614,194.55711526199593,17.890759,True,True,1.430511474609375e-06
6615,194.58940530699329,32.239196,True,True,1.430511474609375e-06
6616,194.6196563889971,30.138927,True,True,1.430511474609375e-06
6617,194.6507525719935,31.009171,True,True,1.430511474609375e-06
6618,194.6837967869942,32.958785,True,True,1.430511474609375e-06
6619,194.71634172598715,32.445666,True,True,1.430511474609375e-06
6620,194.74876196100377,32.340043,True,True,1.430511474609375e-06
6621,194.78186776299844,33.025705,True,True,1.430511474609375e-06
6622,194.81720018698252,35.247515,True,True,1.430511474609375e-06
6623,194.86348304798594,46.178459,True,True,1.430511474609375e-06
6624,194.89590928898542,32.331756,True,True,1.430511474609375e-06
6625,194.92814283201005,32.155968,True,True,1.430511474609375e-06
6626,194.9608738179959,32.645146,True,True,1.430511474609375e-06
6627,194.99919958299142,38.239028,True,True,1.430511474609375e-06
6628,195.0319425110065,32.626968,True,True,1.430511474609375e-06
6629,195.06476313699386,32.730591,True,True,1.430511474609375e-06
6630,195.0974424360029,32.593779,True,True,1.430511474609375e-06
6631,195.14706386998296,49.52808,True,True,1.430511474609375e-06
6632,195.17942629600293,32.229792,True,True,1.430511474609375e-06
6633,195.20672285999171,27.204192,True,True,1.430511474609375e-06
6634,195.23596698598703,29.16037,True,True,1.430511474609375e-06
6635,195.267884373985,31.855018,True,True,1.430511474609375e-06
6636,195.30018502598978,32.217071,True,True,1.430511474609375e-06
6637,195.3324763569981,32.205686,True,True,1.430511474609375e-06
6638,195.36501536998549,32.45327,True,True,1.430511474609375e-06
6639,195.38546385298832,20.36477,True,True,1.430511474609375e-06
6640,195.4142542280024,28.690769,True,True,1.430511474609375e-06
6641,195.43277280498296,18.408426,True,True,1.430511474609375e-06
6642,195.45098783899448,18.138404,True,True,1.430511474609375e-06
6643,195.46915285699652,18.10723,True,True,1.430511474609375e-06
6644,195.48745248600608,18.238838,True,True,1.430511474609375e-06
6645,195.50552170499577,18.012363,True,True,1.430511474609375e-06
6646,195.52332809599466,17.754307,True,True,1.430511474609375e-06
6647,195.54115956899477,17.778807,True,True,1.430511474609375e-06
6648,195.5640703579993,22.855598,True,True,1.430511474609375e-06
6649,195.5966943250096,32.547885,True,True,1.430511474609375e-06
6650,195.6295417000074,32.720283,True,True,1.430511474609375e-06
6651,195.66439961499418,34.718987,True,True,1.430511474609375e-06
6652,195.7107665220101,46.225397,True,True,1.430511474609375e-06
6653,195.74328314699233,32.384546,True,True,1.430511474609375e-06
6654,195.77623638499063,32.82101,True,True,1.430511474609375e-06
6655,195.80830109599628,31.945547,True,True,1.430511474609375e-06
6656,195.84123335100594,32.838677,True,True,1.430511474609375e-06
6657,195.8732047700032,31.872566,True,True,1.430511474609375e-06
6658,195.9003885629936,27.10168,True,True,1.430511474609375e-06
6659,195.93104140998912,30.582127,True,True,1.430511474609375e-06
6660,195.96268006699393,31.560469,True,True,1.430511474609375e-06
6661,195.9950447329902,32.287888,True,True,1.430511474609375e-06
6662,196.02691755900742,31.764517,True,True,1.430511474609375e-06
6663,196.05989131898968,32.89275,True,True,1.430511474609375e-06
6664,196.09236397000495,32.393135,True,True,1.430511474609375e-06
6665,196.14142502698814,48.963734,True,True,1.430511474609375e-06
6666,196.16869558600592,27.136404,True,True,1.430511474609375e-06
6667,196.19993193700793,31.138229,True,True,1.430511474609375e-06
6668,196.23037762800232,30.365689,True,True,1.430511474609375e-06
6669,196.26289121099398,32.428628,True,True,1.430511474609375e-06
6670,196.2954282409919,32.440272,True,True,1.430511474609375e-06
6671,196.3276776279963,32.147698,True,True,1.430511474609375e-06
6672,196.3601316229906,32.348658,True,True,1.430511474609375e-06
6673,196.3872842139972,27.051326,True,True,1.430511474609375e-06
6674,196.41452117700828,27.138693,True,True,1.430511474609375e-06
6675,196.43365291599184,19.026224,True,True,1.430511474609375e-06
6676,196.4518731170101,18.148252,True,True,1.430511474609375e-06
6677,196.46995352898375,18.023229,True,True,1.430511474609375e-06
6678,196.48809232001076,18.082028,True,True,1.430511474609375e-06
6679,196.5135366290051,25.372911,True,True,1.430511474609375e-06
6680,196.53492399599054,21.319273,True,True,1.430511474609375e-06
6681,196.55311405600514,18.131327,True,True,1.430511474609375e-06
6682,196.57623110100394,23.060021,True,True,1.430511474609375e-06
6683,196.60882023599697,32.504443,True,True,1.430511474609375e-06
6684,196.64181230598479,32.880661,True,True,1.430511474609375e-06
6685,196.67475791100878,32.825775,True,True,1.430511474609375e-06
6686,196.706767872005,31.897399,True,True,1.430511474609375e-06
6687,196.7342568319873,27.391889,True,True,1.430511474609375e-06
6688,196.7665973289986,32.267567,True,True,1.430511474609375e-06
6689,196.796888715995,30.19747,True,True,1.430511474609375e-06
6690,196.82932603100198,32.368643,True,True,1.430511474609375e-06
6691,196.86173211201094,32.314851,True,True,1.430511474609375e-06
6692,196.89386396599002,32.049953,True,True,1.430511474609375e-06
6693,196.926252448,32.311259,True,True,1.430511474609375e-06
6694,196.95846664501005,32.134656,True,True,1.430511474609375e-06
6695,196.9909899829945,32.427289,True,True,1.430511474609375e-06
6696,197.02310012400267,32.027568,True,True,1.430511474609375e-06
6697,197.05005133498344,26.863699,True,True,1.430511474609375e-06
6698,197.0801664890023,30.050462,True,True,1.430511474609375e-06
6699,197.12810660898685,47.871674,True,True,1.430511474609375e-06
6700,197.1623733539891,34.131865,True,True,1.430511474609375e-06
6701,197.1946784039901,32.20216,True,True,1.430511474609375e-06
6702,197.22725570198963,32.477405,True,True,1.430511474609375e-06
6703,197.25982019398361,32.450605,True,True,1.430511474609375e-06
6704,197.29232539300574,32.406607,True,True,1.430511474609375e-06
6705,197.3246966599836,32.268203,True,True,1.430511474609375e-06
6706,197.35758644298767,32.775135,True,True,1.430511474609375e-06
6707,197.3847408730071,27.0589,True,True,1.430511474609375e-06
6708,197.40325423399918,18.4349,True,True,1.430511474609375e-06
6709,197.43002134299604,26.702959,True,True,1.430511474609375e-06
6710,197.4502532889892,20.124805,True,True,1.430511474609375e-06
6711,197.4681241789949,17.803753,True,True,1.430511474609375e-06
6712,197.48612562098424,17.940946,True,True,1.430511474609375e-06
6713,197.50425730200368,18.075447,True,True,1.430511474609375e-06
6714,197.52225449500838,17.94526,True,True,1.430511474609375e-06
6715,197.54035726000438,18.048376,True,True,1.430511474609375e-06
6716,197.5583248650073,17.918899,True,True,1.430511474609375e-06
6717,197.58126746999915,22.891831,True,True,1.430511474609375e-06
6718,197.6136634410068,32.310936,True,True,1.430511474609375e-06
6719,197.64637800399214,32.573518,True,True,1.430511474609375e-06
6720,197.67360871098936,27.132895,True,True,1.430511474609375e-06
6721,197.70321689598495,29.527319,True,True,1.430511474609375e-06
6722,197.73540465300903,32.116842,True,True,1.430511474609375e-06
6723,197.7677402959962,32.259292,True,True,1.430511474609375e-06
6724,197.79994675400667,32.127211,True,True,1.430511474609375e-06
6725,197.8324771040061,32.448605,True,True,1.430511474609375e-06
6726,197.8654906550073,32.91918,True,True,1.430511474609375e-06
6727,197.89780581899686,32.223481,True,True,1.430511474609375e-06
6728,197.9300657089916,32.170294,True,True,1.430511474609375e-06
6729,197.96273660700535,32.590883,True,True,1.430511474609375e-06
6730,197.98962357398705,26.808947,True,True,1.430511474609375e-06
6731,198.01903015500284,29.323288,True,True,1.430511474609375e-06
6732,198.0517410679895,32.641535,True,True,1.430511474609375e-06
6733,198.084092642006,32.258192,True,True,1.430511474609375e-06
6734,198.1337614209915,49.581911,True,True,1.430511474609375e-06
6735,198.1664211229945,32.522923,True,True,1.430511474609375e-06
6736,198.19835689698812,31.833909,True,True,1.430511474609375e-06
6737,198.23161790700397,33.172101,True,True,1.430511474609375e-06
6738,198.2648017379979,33.037215,True,True,1.430511474609375e-06
6739,198.29757726899697,32.665594,True,True,1.430511474609375e-06
6740,198.33105327899102,33.359928,True,True,1.430511474609375e-06
6741,198.3635512900073,32.384787,True,True,1.430511474609375e-06
6742,198.38401109699043,20.364799,True,True,1.430511474609375e-06
6743,198.40217096498236,18.094829,True,True,1.430511474609375e-06
6744,198.44069800598663,38.462003,True,True,1.430511474609375e-06
6745,198.4592777089856,18.442214,True,True,1.430511474609375e-06
6746,198.4774719440029,18.121992,True,True,1.430511474609375e-06
6747,198.49531600999762,17.784619,True,True,1.430511474609375e-06
6748,198.51324352400843,17.877287,True,True,1.430511474609375e-06
6749,198.5313416289864,18.052039,True,True,1.430511474609375e-06
6750,198.5491496929899,17.755366,True,True,1.430511474609375e-06
6751,198.5747797729855,25.576889,True,True,1.430511474609375e-06
6752,198.60585569398245,30.980845,True,True,1.430511474609375e-06
6753,198.63625690198387,30.326684,True,True,1.430511474609375e-06
6754,198.6685582069913,32.211446,True,True,1.430511474609375e-06
6755,198.70095597498585,32.285121,True,True,1.430511474609375e-06
6756,198.73370768100722,32.637961,True,True,1.430511474609375e-06
6757,198.76557021800545,31.759581,True,True,1.430511474609375e-06
6758,198.79813000900322,32.474126,True,True,1.430511474609375e-06
6759,198.83085451700026,32.625872,True,True,1.430511474609375e-06
6760,198.863289180008,32.332102,True,True,1.430511474609375e-06
6761,198.89586485698237,32.477766,True,True,1.430511474609375e-06
6762,198.9236622939934,27.704475,True,True,1.430511474609375e-06
6763,198.95314074799535,29.394271,True,True,1.430511474609375e-06
6764,198.98525068198796,32.030041,True,True,1.430511474609375e-06
6765,199.01780947399675,32.438377,True,True,1.430511474609375e-06
6766,199.0502974340052,32.377803,True,True,1.430511474609375e-06
6767,199.082694007986,32.298483,True,True,1.430511474609375e-06
6768,199.13207771198358,49.290917,True,True,1.430511474609375e-06
6769,199.16588292000233,33.66711,True,True,1.430511474609375e-06
6770,199.19798907099175,31.965853,True,True,1.430511474609375e-06
6771,199.2309504149889,32.887955,True,True,1.430511474609375e-06
6772,199.26346133998595,32.41683,True,True,1.430511474609375e-06
6773,199.2956312210008,32.07169,True,True,1.430511474609375e-06
6774,199.3232603209908,27.533534,True,True,1.430511474609375e-06
6775,199.3529890080099,29.600809,True,True,1.430511474609375e-06
6776,199.37971803499386,26.657844,True,True,1.430511474609375e-06
6777,199.3976791090099,17.901877,True,True,1.430511474609375e-06
6778,199.42688946198905,29.157816,True,True,1.430511474609375e-06
6779,199.44545666800695,18.451395,True,True,1.430511474609375e-06
6780,199.46357202201034,18.03098,True,True,1.430511474609375e-06
6781,199.48158271299326,17.945553,True,True,1.430511474609375e-06
6782,199.49942002698663,17.787053,True,True,1.430511474609375e-06
6783,199.51731668799766,17.846559,True,True,1.430511474609375e-06
6784,199.53543723898474,18.073308,True,True,1.430511474609375e-06
6785,199.55342760001076,17.945996,True,True,1.430511474609375e-06
6786,199.58411523301038,30.638638,True,True,1.430511474609375e-06
6787,199.6155502879992,31.359264,True,True,1.430511474609375e-06
6788,199.6405081129924,24.887547,True,True,1.430511474609375e-06
6789,199.6726607689925,32.081455,True,True,1.430511474609375e-06
6790,199.70514015399385,32.369242,True,True,1.430511474609375e-06
6791,199.7373801599897,32.140704,True,True,1.430511474609375e-06
6792,199.76965520798694,32.190095,True,True,1.430511474609375e-06
6793,199.8026853769843,32.936516,True,True,1.430511474609375e-06
6794,199.83542171798763,32.64601,True,True,1.430511474609375e-06
6795,199.86752894698293,32.020481,True,True,1.430511474609375e-06
6796,199.89996726898244,32.358076,True,True,1.430511474609375e-06
6797,199.92512949201046,25.079328,True,True,1.430511474609375e-06
6798,199.9572246769967,32.024783,True,True,1.430511474609375e-06
6799,199.98926773798303,31.957448,True,True,1.430511474609375e-06
6800,200.02197827099008,32.603468,True,True,1.430511474609375e-06
6801,200.05406967399176,31.99685,True,True,1.430511474609375e-06
6802,200.08621959399898,32.07093,True,True,1.430511474609375e-06
6803,200.1446193770098,58.310624,True,True,1.430511474609375e-06
6804,200.1640693389927,19.278026,True,True,1.430511474609375e-06
6805,200.18227806600044,18.104382,True,True,1.430511474609375e-06
6806,200.2358905079891,53.545622,True,True,1.430511474609375e-06
6807,200.26305586099625,27.079133,True,True,1.430511474609375e-06
6808,200.2952796340105,32.169099,True,True,1.430511474609375e-06
6809,200.32532864800305,29.976815,True,True,1.430511474609375e-06
6810,200.35661084100138,31.208313,True,True,1.430511474609375e-06
6811,200.38439454499166,27.699909,True,True,1.430511474609375e-06
6812,200.40263563700137,18.160701,True,True,1.430511474609375e-06
6813,200.4207768169872,18.086511,True,True,1.430511474609375e-06
6814,200.44918821300962,28.350759,True,True,1.430511474609375e-06
6815,200.46771315700607,18.416959,True,True,1.430511474609375e-06
6816,200.48595872399164,18.180101,True,True,1.430511474609375e-06
6817,200.5040364630113,18.023939,True,True,1.430511474609375e-06
6818,200.52219676598907,18.109607,True,True,1.430511474609375e-06
6819,200.54015981499106,17.917507,True,True,1.430511474609375e-06
6820,200.55804865100072,17.838057,True,True,1.430511474609375e-06
6821,200.588288369996,30.191102,True,True,1.430511474609375e-06
6822,200.62023990700254,31.858981,True,True,1.430511474609375e-06
6823,200.65295467100805,32.635233,True,True,1.430511474609375e-06
6824,200.68568258700543,32.610388,True,True,1.430511474609375e-06
6825,200.71868114400422,32.871283,True,True,1.430511474609375e-06
6826,200.75067119300365,31.883635,True,True,1.430511474609375e-06
6827,200.79231991499546,41.530492,True,True,1.430511474609375e-06
6828,200.82364134199452,31.180423,True,True,1.430511474609375e-06
6829,200.85600177198648,32.287021,True,True,1.430511474609375e-06
6830,200.8890179739974,32.922672,True,True,1.430511474609375e-06
6831,200.92124697900726,32.13644,True,True,1.430511474609375e-06
6832,200.95313328300836,31.772575,True,True,1.430511474609375e-06
6833,200.9855796220072,32.356856,True,True,1.430511474609375e-06
6834,201.01889283000492,33.199248,True,True,1.430511474609375e-06
6835,201.0514205439831,32.39104,True,True,1.430511474609375e-06
6836,201.07848770701094,26.979938,True,True,1.430511474609375e-06
6837,201.12389539298601,45.313031,True,True,1.430511474609375e-06
6838,201.1580455719959,34.015654,True,True,1.430511474609375e-06
6839,201.19059384800494,32.434189,True,True,1.430511474609375e-06
6840,201.22276127399527,32.046762,True,True,1.430511474609375e-06
6841,201.2545799879881,31.731494,True,True,1.430511474609375e-06
6842,201.28661306400318,31.95188,True,True,1.430511474609375e-06
6843,201.31968071099254,32.992965,True,True,1.430511474609375e-06
6844,201.3523085170018,32.530387,True,True,1.430511474609375e-06
6845,201.37961318399175,27.229011,True,True,1.430511474609375e-06
6846,201.39772380300565,18.043484,True,True,1.430511474609375e-06
6847,201.4182439209835,20.464435,True,True,1.430511474609375e-06
6848,201.45460927998647,36.276131,True,True,1.430511474609375e-06
6849,201.47312001499813,18.364411,True,True,1.430511474609375e-06
6850,201.49095864998526,17.773106,True,True,1.430511474609375e-06
6851,201.5090802909981,18.058914,True,True,1.430511474609375e-06
6852,201.5272292449954,18.092794,True,True,1.430511474609375e-06
6853,201.54508105298737,17.805509,True,True,1.430511474609375e-06
6854,201.56305259099463,17.913149,True,True,1.430511474609375e-06
6855,201.5954672129883,32.339922,True,True,1.430511474609375e-06
6856,201.62492488799035,29.344933,True,True,1.430511474609375e-06
6857,201.65704709698912,32.046734,True,True,1.430511474609375e-06
6858,201.6893334449851,32.190047,True,True,1.430511474609375e-06
6859,201.72164992199396,32.223448,True,True,1.430511474609375e-06
6860,201.75390244100709,32.168623,True,True,1.430511474609375e-06
6861,201.78700206099893,33.005297,True,True,1.430511474609375e-06
6862,201.81937420601025,32.232495,True,True,1.430511474609375e-06
6863,201.8513176929846,31.848878,True,True,1.430511474609375e-06
6864,201.87841052000294,27.007295,True,True,1.430511474609375e-06
6865,201.90852339399862,30.021944,True,True,1.430511474609375e-06
6866,201.94016106700292,31.550032,True,True,1.430511474609375e-06
6867,201.97296245599864,32.715628,True,True,1.430511474609375e-06
6868,202.006001206988,32.897532,True,True,1.430511474609375e-06
6869,202.0389370440098,32.817171,True,True,1.430511474609375e-06
6870,202.0710658899916,32.018028,True,True,1.430511474609375e-06
6871,202.10301180399256,31.866585,True,True,1.430511474609375e-06
6872,202.15221522998763,49.11692,True,True,1.430511474609375e-06
6873,202.18459340799018,32.243398,True,True,1.430511474609375e-06
6874,202.21171091101132,27.033872,True,True,1.430511474609375e-06
6875,202.24102994299028,29.21803,True,True,1.430511474609375e-06
6876,202.29015943800914,49.046678,True,True,1.430511474609375e-06
6877,202.3231283519999,32.832417,True,True,1.430511474609375e-06
6878,202.35562665498583,32.408711,True,True,1.430511474609375e-06
6879,202.38278779698885,27.065492,True,True,1.430511474609375e-06
6880,202.4009858010104,18.114153,True,True,1.430511474609375e-06
6881,202.4188009960053,17.762519,True,True,1.430511474609375e-06
6882,202.44746065698564,28.603356,True,True,1.430511474609375e-06
6883,202.4658813769929,18.311886,True,True,1.430511474609375e-06
6884,202.484022308985,18.073555,True,True,1.430511474609375e-06
6885,202.50189330198918,17.807117,True,True,1.430511474609375e-06
6886,202.51982834399678,17.889886,True,True,1.430511474609375e-06
6887,202.53761178598506,17.740095,True,True,1.430511474609375e-06
6888,202.55570499098394,18.047293,True,True,1.430511474609375e-06
6889,202.58576339200954,30.004803,True,True,1.430511474609375e-06
6890,202.61887708099675,33.015201,True,True,1.430511474609375e-06
6891,202.64584879399627,26.863702,True,True,1.430511474609375e-06
6892,202.6772512019961,31.300448,True,True,1.430511474609375e-06
6893,202.70721776300343,29.881034,True,True,1.430511474609375e-06
6894,202.73960863699904,32.298327,True,True,1.430511474609375e-06
6895,202.7730077279848,33.253801,True,True,1.430511474609375e-06
6896,202.80540752998786,32.262267,True,True,1.430511474609375e-06
6897,202.83732444199268,31.827585,True,True,1.430511474609375e-06
6898,202.86997415998485,32.554892,True,True,1.430511474609375e-06
6899,202.90314885199768,33.03572,True,True,1.430511474609375e-06
6900,202.93615093600238,32.898466,True,True,1.430511474609375e-06
6901,202.96826593598234,32.005063,True,True,1.430511474609375e-06
6902,202.99555853698985,27.204547,True,True,1.430511474609375e-06
6903,203.02777517700451,32.095319,True,True,1.430511474609375e-06
6904,203.05851873700158,30.644843,True,True,1.430511474609375e-06
6905,203.08986044299672,31.245551,True,True,1.430511474609375e-06
6906,203.14341284398688,53.44923,True,True,1.430511474609375e-06
6907,203.16304984799353,19.49704,True,True,1.430511474609375e-06
6908,203.20296138699632,39.828855,True,True,1.430511474609375e-06
6909,203.23547004300053,32.414996,True,True,1.430511474609375e-06
6910,203.26859041900025,33.008192,True,True,1.430511474609375e-06
6911,203.3012943319918,32.596876,True,True,1.430511474609375e-06
6912,203.33365134400083,32.255071,True,True,1.430511474609375e-06
6913,203.361366911995,27.623811,True,True,1.430511474609375e-06
6914,203.39093614398735,29.490427,True,True,1.430511474609375e-06
6915,203.41159888898255,20.602723,True,True,1.430511474609375e-06
6916,203.42975104300422,18.089592,True,True,1.430511474609375e-06
6917,203.45623953000177,26.425733,True,True,1.430511474609375e-06
6918,203.47636890600552,20.026603,True,True,1.430511474609375e-06
6919,203.4947516740067,18.310272,True,True,1.430511474609375e-06
6920,203.51319181299186,18.372499,True,True,1.430511474609375e-06
6921,203.5315613510029,18.320745,True,True,1.430511474609375e-06
6922,203.54925354899024,17.64457,True,True,1.430511474609375e-06
6923,203.5725914450013,23.288525,True,True,1.430511474609375e-06
6924,203.60507458698703,32.400717,True,True,1.430511474609375e-06
6925,203.6382710489852,33.077602,True,True,1.430511474609375e-06
6926,203.67093507299433,32.56806,True,True,1.430511474609375e-06
6927,203.7036096729862,32.586353,True,True,1.430511474609375e-06
6928,203.73657857999206,32.859484,True,True,1.430511474609375e-06
6929,203.76908879200346,32.435599,True,True,1.430511474609375e-06
6930,203.8017421689874,32.573171,True,True,1.430511474609375e-06
6931,203.82923584300443,27.405418,True,True,1.430511474609375e-06
6932,203.86077954398934,31.480303,True,True,1.430511474609375e-06
6933,203.8912304599944,30.369904,True,True,1.430511474609375e-06
6934,203.92333267000504,32.037969,True,True,1.430511474609375e-06
6935,203.95618585401098,32.734374,True,True,1.430511474609375e-06
6936,203.98903956598951,32.740636,True,True,1.430511474609375e-06
6937,204.02171625898336,32.569515,True,True,1.430511474609375e-06
6938,204.05455563298892,32.731699,True,True,1.430511474609375e-06
6939,204.08738906600047,32.726383,True,True,1.430511474609375e-06
6940,204.1371314190037,49.64472,True,True,1.430511474609375e-06
6941,204.17019861598965,32.92716,True,True,1.430511474609375e-06
6942,204.2031056889973,32.792881,True,True,1.430511474609375e-06
6943,204.23566093700356,32.469377,True,True,1.430511474609375e-06
6944,204.26836533198366,32.619181,True,True,1.430511474609375e-06
6945,204.3010402660002,32.59038,True,True,1.430511474609375e-06
6946,204.3279247499886,26.802118,True,True,1.430511474609375e-06
6947,204.35781729998416,29.824858,True,True,1.430511474609375e-06
6948,204.38493599099456,27.057377,True,True,1.430511474609375e-06
6949,204.40345023799455,18.456323,True,True,1.430511474609375e-06
6950,204.42192296200665,18.415995,True,True,1.430511474609375e-06
6951,204.44008675098303,18.111239,True,True,1.430511474609375e-06
6952,204.46845254299114,28.289631,True,True,1.430511474609375e-06
6953,204.4869972099841,18.435271,True,True,1.430511474609375e-06
6954,204.50574429900735,18.674822,True,True,1.430511474609375e-06
6955,204.52397456899052,18.16829,True,True,1.430511474609375e-06
6956,204.54256770800566,18.544309,True,True,1.430511474609375e-06
6957,204.56048611999722,17.866258,True,True,1.430511474609375e-06
6958,204.59128172398778,30.722004,True,True,1.430511474609375e-06
6959,204.62346882399288,32.085701,True,True,1.430511474609375e-06
6960,204.65629084198736,32.713428,True,True,1.430511474609375e-06
6961,204.6891822660109,32.773595,True,True,1.430511474609375e-06
6962,204.7226884450065,33.390291,True,True,1.430511474609375e-06
6963,204.75574788899394,32.944513,True,True,1.430511474609375e-06
6964,204.78758820900111,31.743243,True,True,1.430511474609375e-06
6965,204.82048401099746,32.81086,True,True,1.430511474609375e-06
6966,204.85372172200005,33.140421,True,True,1.430511474609375e-06
6967,204.8862385849934,32.418432,True,True,1.430511474609375e-06
6968,204.91913710499648,32.790481,True,True,1.430511474609375e-06
6969,204.95160388498334,32.362969,True,True,1.430511474609375e-06
6970,204.9792415429838,27.543628,True,True,1.430511474609375e-06
6971,205.01127181301126,31.944854,True,True,1.430511474609375e-06
6972,205.05903220400796,47.628987,True,True,1.430511474609375e-06
6973,205.09001327099395,30.853697,True,True,1.430511474609375e-06
6974,205.13856852098252,48.480799,True,True,1.430511474609375e-06
6975,205.18569038700662,47.004139,True,True,1.430511474609375e-06
6976,205.21774582698708,31.907265,True,True,1.430511474609375e-06
6977,205.2499416479841,32.11841,True,True,1.430511474609375e-06
6978,205.27724488198874,27.212758,True,True,1.430511474609375e-06
6979,205.30754340998828,30.221616,True,True,1.430511474609375e-06
6980,205.34022600000026,32.613337,True,True,1.430511474609375e-06
6981,205.37317632799386,32.859714,True,True,1.430511474609375e-06
6982,205.3934645949921,20.208425,True,True,1.430511474609375e-06
6983,205.41156854099245,18.042493,True,True,1.430511474609375e-06
6984,205.42950953598483,17.89093,True,True,1.430511474609375e-06
6985,205.4532816550054,23.699007,True,True,1.430511474609375e-06
6986,205.4766671609832,23.27403,True,True,1.430511474609375e-06
6987,205.49534349498572,18.566132,True,True,1.430511474609375e-06
6988,205.51362201099982,18.17084,True,True,1.430511474609375e-06
6989,205.53194565500598,18.221813,True,True,1.430511474609375e-06
6990,205.550398160005,18.357317,True,True,1.430511474609375e-06
6991,205.57381783000892,23.329214,True,True,1.430511474609375e-06
6992,205.60667956800899,32.783497,True,True,1.430511474609375e-06
6993,205.6397362939897,32.938803,True,True,1.430511474609375e-06
6994,205.67301767299068,33.164204,True,True,1.430511474609375e-06
6995,205.70586017900496,32.721359,True,True,1.430511474609375e-06
6996,205.73894663900137,32.97071,True,True,1.430511474609375e-06
6997,205.77271929799463,33.665946,True,True,1.430511474609375e-06
6998,205.80486651099636,32.041801,True,True,1.430511474609375e-06
6999,205.83792490299675,32.97722,True,True,1.430511474609375e-06
7000,205.87068791899947,32.660369,True,True,1.430511474609375e-06
7001,205.90314842000953,32.342434,True,True,1.430511474609375e-06
7002,205.9356263509835,32.385175,True,True,1.430511474609375e-06
7003,205.9687937629933,33.064667,True,True,1.430511474609375e-06
7004,205.99594591700588,27.045629,True,True,1.430511474609375e-06
7005,206.0274120969989,31.352089,True,True,1.430511474609375e-06
7006,206.05778700698284,30.283443,True,True,1.430511474609375e-06
7007,206.08957074198406,31.695852,True,True,1.430511474609375e-06
7008,206.1386486440024,48.997469,True,True,1.430511474609375e-06
7009,206.1707351919904,31.939662,True,True,1.430511474609375e-06
7010,206.20379517099354,32.961449,True,True,1.430511474609375e-06
7011,206.23704194001039,33.107228,True,True,1.430511474609375e-06
7012,206.2696674010076,32.517307,True,True,1.430511474609375e-06
7013,206.30225132600754,32.474585,True,True,1.430511474609375e-06
7014,206.32925077000982,26.886506,True,True,1.430511474609375e-06
7015,206.3610836089938,31.752677,True,True,1.430511474609375e-06
7016,206.3860269759898,24.829081,True,True,1.430511474609375e-06
7017,206.40449623999302,18.393962,True,True,1.430511474609375e-06
7018,206.42251943500014,17.964974,True,True,1.430511474609375e-06
7019,206.44250258099055,19.930552,True,True,1.430511474609375e-06
7020,206.47024935099762,27.641822,True,True,1.430511474609375e-06
7021,206.4885836339963,18.220185,True,True,1.430511474609375e-06
7022,206.5066456439963,17.985551,True,True,1.430511474609375e-06
7023,206.52476540999487,18.056684,True,True,1.430511474609375e-06
7024,206.54312536100042,18.282504,True,True,1.430511474609375e-06
7025,206.5610089690017,17.820899,True,True,1.430511474609375e-06
7026,206.59146981098456,30.404826,True,True,1.430511474609375e-06
7027,206.62364364101086,32.066,True,True,1.430511474609375e-06
7028,206.656498833996,32.732564,True,True,1.430511474609375e-06
7029,206.68942405999405,32.781139,True,True,1.430511474609375e-06
7030,206.7395172789984,49.972935,True,True,1.430511474609375e-06
7031,206.77221624698723,32.580034,True,True,1.430511474609375e-06
7032,206.80558322399156,33.285559,True,True,1.430511474609375e-06
7033,206.83774447900942,32.073668,True,True,1.430511474609375e-06
7034,206.87037878099363,32.55008,True,True,1.430511474609375e-06
7035,206.90289262798615,32.43431,True,True,1.430511474609375e-06
7036,206.93609658500645,33.120646,True,True,1.430511474609375e-06
7037,206.9684343879926,32.246247,True,True,1.430511474609375e-06
7038,207.0066902010003,38.173898,True,True,1.430511474609375e-06
7039,207.03858006899827,31.764688,True,True,1.430511474609375e-06
7040,207.0711643100076,32.508561,True,True,1.430511474609375e-06
7041,207.10328332299832,32.032482,True,True,1.430511474609375e-06
7042,207.15190978799365,48.534337,True,True,1.430511474609375e-06
7043,207.18389971498982,31.854358,True,True,1.430511474609375e-06
7044,207.21083763998467,26.851993,True,True,1.430511474609375e-06
7045,207.24105176801095,30.13852,True,True,1.430511474609375e-06
7046,207.2736403819872,32.517312,True,True,1.430511474609375e-06
7047,207.3059661310108,32.233671,True,True,1.430511474609375e-06
7048,207.33820717298659,32.152911,True,True,1.430511474609375e-06
7049,207.38339173200075,45.105979,True,True,1.430511474609375e-06
7050,207.40191593000782,18.410878,True,True,1.430511474609375e-06
7051,207.4201097379846,18.12581,True,True,1.430511474609375e-06
7052,207.43828307298827,18.123643,True,True,1.430511474609375e-06
7053,207.4561989789945,17.857857,True,True,1.430511474609375e-06
7054,207.48517527800868,28.921876,True,True,1.430511474609375e-06
7055,207.5033307870035,18.042265,True,True,1.430511474609375e-06
7056,207.52151121100178,18.116444,True,True,1.430511474609375e-06
7057,207.5397072370106,18.14924,True,True,1.430511474609375e-06
7058,207.5576329169853,17.87021,True,True,1.430511474609375e-06
7059,207.5882415229862,30.557249,True,True,1.430511474609375e-06
7060,207.62077072099783,32.431715,True,True,1.430511474609375e-06
7061,207.65399276700919,33.115782,True,True,1.430511474609375e-06
7062,207.68669836199842,32.567141,True,True,1.430511474609375e-06
7063,207.71876961999806,31.969341,True,True,1.430511474609375e-06
7064,207.75193795998348,33.082098,True,True,1.430511474609375e-06
7065,207.7840812909999,32.003482,True,True,1.430511474609375e-06
7066,207.81114425099804,26.972447,True,True,1.430511474609375e-06
7067,207.84150502999546,30.278284,True,True,1.430511474609375e-06
7068,207.87371802600683,32.126043,True,True,1.430511474609375e-06
7069,207.9064650379878,32.641985,True,True,1.430511474609375e-06
7070,207.9388049489935,32.199681,True,True,1.430511474609375e-06
7071,207.97143430498545,32.54124,True,True,1.430511474609375e-06
7072,208.00406854398898,32.519949,True,True,1.430511474609375e-06
7073,208.05318408098537,49.0037,True,True,1.430511474609375e-06
7074,208.0853028410056,31.992598,True,True,1.430511474609375e-06
7075,208.12918639899,43.790425,True,True,1.430511474609375e-06
7076,208.16084552998655,31.522794,True,True,1.430511474609375e-06
7077,208.19180436100578,30.873758,True,True,1.430511474609375e-06
7078,208.2228932029975,30.989135,True,True,1.430511474609375e-06
7079,208.25584170300863,32.864088,True,True,1.430511474609375e-06
7080,208.28900693598553,33.041386,True,True,1.430511474609375e-06
7081,208.32098565300112,31.869086,True,True,1.430511474609375e-06
7082,208.35413588298252,33.081736,True,True,1.430511474609375e-06
7083,208.38142811699072,27.208787,True,True,1.430511474609375e-06
7084,208.3996978199866,18.201335,True,True,1.430511474609375e-06
7085,208.41779912999482,18.040802,True,True,1.430511474609375e-06
7086,208.43559705500957,17.748644,True,True,1.430511474609375e-06
7087,208.4535426479997,17.89986,True,True,1.430511474609375e-06
7088,208.48180399398552,28.215201,True,True,1.430511474609375e-06
7089,208.5003494200064,18.433105,True,True,1.430511474609375e-06
7090,208.51833527098643,17.911303,True,True,1.430511474609375e-06
7091,208.53621430299245,17.827977,True,True,1.430511474609375e-06
7092,208.5543914650043,18.12975,True,True,1.430511474609375e-06
7093,208.57922041899292,24.78378,True,True,1.430511474609375e-06
7094,208.6114872059843,32.208913,True,True,1.430511474609375e-06
7095,208.64108499899157,29.515044,True,True,1.430511474609375e-06
7096,208.67295958500472,31.808004,True,True,1.430511474609375e-06
7097,208.70596319099423,32.92516,True,True,1.430511474609375e-06
7098,208.73802714899648,31.983788,True,True,1.430511474609375e-06
7099,208.77005919400835,31.951838,True,True,1.430511474609375e-06
7100,208.8029705150111,32.825782,True,True,1.430511474609375e-06
7101,208.8353151800111,32.257957,True,True,1.430511474609375e-06
7102,208.87406338501023,38.665189,True,True,1.430511474609375e-06
7103,208.9164835170086,42.306496,True,True,1.430511474609375e-06
7104,208.94168034900213,25.099964,True,True,1.430511474609375e-06
7105,208.97386161098257,32.108335,True,True,1.430511474609375e-06
7106,209.00681323799654,32.871926,True,True,1.430511474609375e-06
7107,209.03898252701038,32.082467,True,True,1.430511474609375e-06
7108,209.07106104301056,31.994961,True,True,1.430511474609375e-06
7109,209.10339366900735,32.251729,True,True,1.430511474609375e-06
7110,209.15262685500784,49.139415,True,True,1.430511474609375e-06
7111,209.18472908600233,31.962968,True,True,1.430511474609375e-06
7112,209.21694816098898,32.139966,True,True,1.430511474609375e-06
7113,209.24438999898848,27.356875,True,True,1.430511474609375e-06
7114,209.27380961499875,29.341064,True,True,1.430511474609375e-06
7115,209.30604123699595,32.169193,True,True,1.430511474609375e-06
7116,209.33863710498554,32.507236,True,True,1.430511474609375e-06
7117,209.3714173809858,32.690808,True,True,1.430511474609375e-06
7118,209.3917177609983,20.221996,True,True,1.430511474609375e-06
7119,209.40979703998892,18.012881,True,True,1.430511474609375e-06
7120,209.42794287699508,18.093609,True,True,1.430511474609375e-06
7121,209.44585746098892,17.859536,True,True,1.430511474609375e-06
7122,209.47325296499184,27.33517,True,True,1.430511474609375e-06
7123,209.49327887000982,19.905718,True,True,1.430511474609375e-06
7124,209.5114662190026,18.104788,True,True,1.430511474609375e-06
7125,209.52936483200756,17.84409,True,True,1.430511474609375e-06
7126,209.54743674999918,18.016729,True,True,1.430511474609375e-06
7127,209.5704165349889,22.922631,True,True,1.430511474609375e-06
7128,209.60304338298738,32.549238,True,True,1.430511474609375e-06
7129,209.63532550400123,32.188159,True,True,1.430511474609375e-06
7130,209.6623694890004,26.945583,True,True,1.430511474609375e-06
7131,209.6917094810051,29.258521,True,True,1.430511474609375e-06
7132,209.73984218700207,48.040138,True,True,1.430511474609375e-06
7133,209.77260716300225,32.643814,True,True,1.430511474609375e-06
7134,209.80601793699316,33.308447,True,True,1.430511474609375e-06
7135,209.8383698599937,32.251214,True,True,1.430511474609375e-06
7136,209.87025596099556,31.783389,True,True,1.430511474609375e-06
7137,209.902441446,32.11117,True,True,1.430511474609375e-06
7138,209.93490437898436,32.384443,True,True,1.430511474609375e-06
7139,209.96699711499969,32.012235,True,True,1.430511474609375e-06
7140,209.99416694499087,27.091008,True,True,1.430511474609375e-06
7141,210.02468604099704,30.430762,True,True,1.430511474609375e-06
7142,210.05697614399833,32.187477,True,True,1.430511474609375e-06
7143,210.089735638001,32.666377,True,True,1.430511474609375e-06
7144,210.13778361899313,47.963162,True,True,1.430511474609375e-06
7145,210.1715930950013,33.694527,True,True,1.430511474609375e-06
7146,210.20412747000228,32.44994,True,True,1.430511474609375e-06
7147,210.23725063100574,32.988084,True,True,1.430511474609375e-06
7148,210.26950612399378,32.162117,True,True,1.430511474609375e-06
7149,210.30190305798897,32.314592,True,True,1.430511474609375e-06
7150,210.3348171139951,32.8333,True,True,1.430511474609375e-06
7151,210.36688421998406,31.92835,True,True,1.430511474609375e-06
7152,210.3871981939883,20.243012,True,True,1.430511474609375e-06
7153,210.4052177380072,17.963465,True,True,1.430511474609375e-06
7154,210.42311499099014,17.849043,True,True,1.430511474609375e-06
7155,210.44113416800974,17.970461,True,True,1.430511474609375e-06
7156,210.45916117500747,17.98008,True,True,1.430511474609375e-06
7157,210.4802669119963,21.056168,True,True,1.430511474609375e-06
7158,210.50675235298695,26.404999,True,True,1.430511474609375e-06
7159,210.52508561700233,18.25424,True,True,1.430511474609375e-06
7160,210.54316485798336,18.027847,True,True,1.430511474609375e-06
7161,210.56144194799708,18.234742,True,True,1.430511474609375e-06
7162,210.5913928230002,29.904636,True,True,1.430511474609375e-06
7163,210.62352797499625,32.07527,True,True,1.430511474609375e-06
7164,210.6565747249988,32.97067,True,True,1.430511474609375e-06
7165,210.68904998200014,32.386535,True,True,1.430511474609375e-06
7166,210.7211330109858,32.005216,True,True,1.430511474609375e-06
7167,210.75392341299448,32.70985,True,True,1.430511474609375e-06
7168,210.78651854000054,32.512626,True,True,1.430511474609375e-06
7169,210.8192660129862,32.665595,True,True,1.430511474609375e-06
7170,210.8513635249983,32.019336,True,True,1.430511474609375e-06
7171,210.88361580000492,32.165467,True,True,1.430511474609375e-06
7172,210.90866764000384,24.971965,True,True,1.430511474609375e-06
7173,210.93993274698732,31.189994,True,True,1.430511474609375e-06
7174,210.97273438298726,32.732135,True,True,1.430511474609375e-06
7175,211.00492012200993,32.096569,True,True,1.430511474609375e-06
7176,211.03707169400877,32.044839,True,True,1.430511474609375e-06
7177,211.0696124919923,32.450562,True,True,1.430511474609375e-06
7178,211.1025439509831,32.850039,True,True,1.430511474609375e-06
7179,211.15141961499467,48.789144,True,True,1.430511474609375e-06
7180,211.1836011300038,32.067168,True,True,1.430511474609375e-06
7181,211.21073931799037,27.047711,True,True,1.430511474609375e-06
7182,211.2411821669957,30.371139,True,True,1.430511474609375e-06
7183,211.27307083900087,31.820509,True,True,1.430511474609375e-06
7184,211.3057957359997,32.63991,True,True,1.430511474609375e-06
7185,211.3382382899872,32.359853,True,True,1.430511474609375e-06
7186,211.37043540299055,32.109922,True,True,1.430511474609375e-06
7187,211.39069852299872,20.180193,True,True,1.430511474609375e-06
7188,211.4086978409905,17.93508,True,True,1.430511474609375e-06
7189,211.42666967900004,17.922243,True,True,1.430511474609375e-06
7190,211.44452717900276,17.811546,True,True,1.430511474609375e-06
7191,211.46252730299602,17.956567,True,True,1.430511474609375e-06
7192,211.489526483987,26.952091,True,True,1.430511474609375e-06
7193,211.5095696829958,19.933802,True,True,1.430511474609375e-06
7194,211.52753776600002,17.907477,True,True,1.430511474609375e-06
7195,211.5455258479924,17.939408,True,True,1.430511474609375e-06
7196,211.56352261800203,17.953191,True,True,1.430511474609375e-06
7197,211.6006526319834,37.087985,True,True,1.430511474609375e-06
7198,211.64005919598276,39.295776,True,True,1.430511474609375e-06
7199,211.67510645498987,34.932543,True,True,1.430511474609375e-06
7200,211.70709936399362,31.874173,True,True,1.430511474609375e-06
7201,211.73922792900703,32.046751,True,True,1.430511474609375e-06
7202,211.77137484800187,32.061931,True,True,1.430511474609375e-06
7203,211.80404047199409,32.582693,True,True,1.430511474609375e-06
7204,211.83612108099624,31.994571,True,True,1.430511474609375e-06
7205,211.86898113100324,32.780751,True,True,1.430511474609375e-06
7206,211.9015519079985,32.494169,True,True,1.430511474609375e-06
7207,211.93360388700967,31.969953,True,True,1.430511474609375e-06
7208,211.96077527300804,27.092569,True,True,1.430511474609375e-06
7209,211.99077286798274,29.933992,True,True,1.430511474609375e-06
7210,212.0232678510074,32.416175,True,True,1.430511474609375e-06
7211,212.0553968239983,32.045719,True,True,1.430511474609375e-06
7212,212.0875076430093,32.028176,True,True,1.430511474609375e-06
7213,212.135629366996,48.037127,True,True,1.430511474609375e-06
7214,212.1694353070052,33.682895,True,True,1.430511474609375e-06
7215,212.2021157789859,32.588206,True,True,1.430511474609375e-06
7216,212.23496955499286,32.745186,True,True,1.430511474609375e-06
7217,212.26703345100395,31.977073,True,True,1.430511474609375e-06
7218,212.29398432100425,26.86455,True,True,1.430511474609375e-06
7219,212.3243213829992,30.261291,True,True,1.430511474609375e-06
7220,212.35667469599866,32.288979,True,True,1.430511474609375e-06
7221,212.38439808800467,27.635733,True,True,1.430511474609375e-06
7222,212.4024460540095,17.985983,True,True,1.430511474609375e-06
7223,212.42041710298508,17.914006,True,True,1.430511474609375e-06
7224,212.43832380798995,17.8596,True,True,1.430511474609375e-06
7225,212.45616864299518,17.791185,True,True,1.430511474609375e-06
7226,212.4759299569996,19.712358,True,True,1.430511474609375e-06
7227,212.50335359800374,27.330431,True,True,1.430511474609375e-06
7228,212.52164621898555,18.193496,True,True,1.430511474609375e-06
7229,212.53957322600763,17.858998,True,True,1.430511474609375e-06
7230,212.55756691101124,17.939,True,True,1.430511474609375e-06
7231,212.58769670300535,30.076415,True,True,1.430511474609375e-06
7232,212.6205137789948,32.709922,True,True,1.430511474609375e-06
7233,212.65312787899165,32.521793,True,True,1.430511474609375e-06
7234,212.68552034400636,32.277492,True,True,1.430511474609375e-06
7235,212.71839308799827,32.775935,True,True,1.430511474609375e-06
7236,212.7510351719975,32.552524,True,True,1.430511474609375e-06
7237,212.77830306699616,27.185125,True,True,1.430511474609375e-06
7238,212.81079891498666,32.420883,True,True,1.430511474609375e-06
7239,212.84108846998424,30.19135,True,True,1.430511474609375e-06
7240,212.87345307998476,32.276507,True,True,1.430511474609375e-06
7241,212.90659180498915,33.032753,True,True,1.430511474609375e-06
7242,212.93890299499617,32.230667,True,True,1.430511474609375e-06
7243,212.97114204999525,32.156847,True,True,1.430511474609375e-06
7244,213.00388716900488,32.659661,True,True,1.430511474609375e-06
7245,213.03678207399207,32.783294,True,True,1.430511474609375e-06
7246,213.06907550699543,32.200171,True,True,1.430511474609375e-06
7247,213.1016581619915,32.500029,True,True,1.430511474609375e-06
7248,213.15038160898257,48.62938,True,True,1.430511474609375e-06
7249,213.17765088001033,27.13997,True,True,1.430511474609375e-06
7250,213.20798028900754,30.235624,True,True,1.430511474609375e-06
7251,213.24002408899833,31.968112,True,True,1.430511474609375e-06
7252,213.27352940000128,33.405489,True,True,1.430511474609375e-06
7253,213.30849105099333,34.861553,True,True,1.430511474609375e-06
7254,213.35381634600344,45.212288,True,True,1.430511474609375e-06
7255,213.3810243739863,27.111111,True,True,1.430511474609375e-06
7256,213.3991179529985,18.015572,True,True,1.430511474609375e-06
7257,213.41724885898293,18.072395,True,True,1.430511474609375e-06
7258,213.43518102398957,17.87854,True,True,1.430511474609375e-06
7259,213.45297677299823,17.74155,True,True,1.430511474609375e-06
7260,213.47103890700964,18.009701,True,True,1.430511474609375e-06
7261,213.48896591100493,17.873063,True,True,1.430511474609375e-06
7262,213.51765294300276,28.623458,True,True,1.430511474609375e-06
7263,213.53632729599485,18.515852,True,True,1.430511474609375e-06
7264,213.55442558700452,18.031932,True,True,1.430511474609375e-06
7265,213.57940421599778,24.9233,True,True,1.430511474609375e-06
7266,213.61177399699227,32.273799,True,True,1.430511474609375e-06
7267,213.64096049699583,29.084555,True,True,1.430511474609375e-06
7268,213.67372937800246,32.682129,True,True,1.430511474609375e-06
7269,213.7067871610052,32.954118,True,True,1.430511474609375e-06
7270,213.73934847599594,32.472465,True,True,1.430511474609375e-06
7271,213.77203112700954,32.546891,True,True,1.430511474609375e-06
7272,213.804977391992,32.853358,True,True,1.430511474609375e-06
7273,213.83741560499766,32.355406,True,True,1.430511474609375e-06
7274,213.87018481901032,32.683769,True,True,1.430511474609375e-06
7275,213.90349602000788,33.17522,True,True,1.430511474609375e-06
7276,213.93657303898362,32.994116,True,True,1.430511474609375e-06
7277,213.9857417389867,49.083666,True,True,1.430511474609375e-06
7278,214.01804533600807,32.170286,True,True,1.430511474609375e-06
7279,214.04480689999764,26.682344,True,True,1.430511474609375e-06
7280,214.07470958598424,29.835922,True,True,1.430511474609375e-06
7281,214.10723729099846,32.471797,True,True,1.430511474609375e-06
7282,214.15555556101026,48.21521,True,True,1.430511474609375e-06
7283,214.18749784698593,31.821215,True,True,1.430511474609375e-06
7284,214.21980736000114,32.236814,True,True,1.430511474609375e-06
7285,214.25251541601028,32.627197,True,True,1.430511474609375e-06
7286,214.28512698298437,32.518572,True,True,1.430511474609375e-06
7287,214.3173825829872,32.17249,True,True,1.430511474609375e-06
7288,214.34997628099518,32.516742,True,True,1.430511474609375e-06
7289,214.37505033798516,24.995398,True,True,1.430511474609375e-06
7290,214.39471573301125,19.598745,True,True,1.430511474609375e-06
7291,214.41274102398893,17.968741,True,True,1.430511474609375e-06
7292,214.4309116509976,18.118997,True,True,1.430511474609375e-06
7293,214.4489702639985,18.009143,True,True,1.430511474609375e-06
7294,214.46676828199998,17.750981,True,True,1.430511474609375e-06
7295,214.4847577259934,17.935565,True,True,1.430511474609375e-06
7296,214.5132472270052,28.418486,True,True,1.430511474609375e-06
7297,214.53233287998592,18.976935,True,True,1.430511474609375e-06
7298,214.55035728498478,17.948922,True,True,1.430511474609375e-06
7299,214.57374850500491,23.331072,True,True,1.430511474609375e-06
7300,214.6077138929977,33.888853,True,True,1.430511474609375e-06
7301,214.65833010399365,50.460898,True,True,1.430511474609375e-06
7302,214.6898855610052,31.411542,True,True,1.430511474609375e-06
7303,214.72276659400086,32.792023,True,True,1.430511474609375e-06
7304,214.7551471059851,32.287516,True,True,1.430511474609375e-06
7305,214.7878217039979,32.593662,True,True,1.430511474609375e-06
7306,214.82025891900412,32.352773,True,True,1.430511474609375e-06
7307,214.85329726999043,32.956341,True,True,1.430511474609375e-06
7308,214.88620517301024,32.82239,True,True,1.430511474609375e-06
7309,214.91882201700355,32.53956,True,True,1.430511474609375e-06
7310,214.95174111099914,32.832171,True,True,1.430511474609375e-06
7311,214.98384806100512,31.979062,True,True,1.430511474609375e-06
7312,215.0111665549921,27.234354,True,True,1.430511474609375e-06
7313,215.04143709299387,30.203847,True,True,1.430511474609375e-06
7314,215.07345004798844,31.947217,True,True,1.430511474609375e-06
7315,215.10565658198902,32.114529,True,True,1.430511474609375e-06
7316,215.1548027920071,49.049846,True,True,1.430511474609375e-06
7317,215.18704099601018,32.099962,True,True,1.430511474609375e-06
7318,215.21961524299695,32.50063,True,True,1.430511474609375e-06
7319,215.25238005199935,32.681818,True,True,1.430511474609375e-06
7320,215.2847279959824,32.264447,True,True,1.430511474609375e-06
7321,215.31727525300812,32.465354,True,True,1.430511474609375e-06
7322,215.34429320399067,26.929315,True,True,1.430511474609375e-06
7323,215.37437223398592,30.01114,True,True,1.430511474609375e-06
7324,215.39448487298796,20.036016,True,True,1.430511474609375e-06
7325,215.41230750299292,17.765591,True,True,1.430511474609375e-06
7326,215.43018560900236,17.829069,True,True,1.430511474609375e-06
7327,215.44836758999736,18.127058,True,True,1.430511474609375e-06
7328,215.4730883789889,24.659558,True,True,1.430511474609375e-06
7329,215.4978227019892,24.628301,True,True,1.430511474609375e-06
7330,215.52311242499854,25.16409,True,True,1.430511474609375e-06
7331,215.54131556799985,18.123611,True,True,1.430511474609375e-06
7332,215.5595572149905,18.183653,True,True,1.430511474609375e-06
7333,215.58959132799646,29.978954,True,True,1.430511474609375e-06
7334,215.62130672999774,31.625444,True,True,1.430511474609375e-06
7335,215.6534420560056,32.071525,True,True,1.430511474609375e-06
7336,215.6865504309826,33.005425,True,True,1.430511474609375e-06
7337,215.71901687100763,32.371425,True,True,1.430511474609375e-06
7338,215.7512625179952,32.161678,True,True,1.430511474609375e-06
7339,215.77816730600898,26.82242,True,True,1.430511474609375e-06
7340,215.80791109698475,29.674003,True,True,1.430511474609375e-06
7341,215.8403623829945,32.392287,True,True,1.430511474609375e-06
7342,215.8725238289917,32.083522,True,True,1.430511474609375e-06
7343,215.90490253499593,32.29769,True,True,1.430511474609375e-06
7344,215.93794152300688,32.949646,True,True,1.430511474609375e-06
7345,215.9702205529902,32.195845,True,True,1.430511474609375e-06
7346,216.0029882149829,32.685718,True,True,1.430511474609375e-06
7347,216.0353072959988,32.213242,True,True,1.430511474609375e-06
7348,216.06737378498656,31.97974,True,True,1.430511474609375e-06
7349,216.09493844700046,27.480977,True,True,1.430511474609375e-06
7350,216.14120770301088,46.193476,True,True,1.430511474609375e-06
7351,216.17317323200405,31.833807,True,True,1.430511474609375e-06
7352,216.2054295190028,32.18085,True,True,1.430511474609375e-06
7353,216.23803196899826,32.499023,True,True,1.430511474609375e-06
7354,216.27099369399366,32.878477,True,True,1.430511474609375e-06
7355,216.30647819000296,35.39281,True,True,1.430511474609375e-06
7356,216.3531284519995,46.54496,True,True,1.430511474609375e-06
7357,216.38039394299267,27.141331,True,True,1.430511474609375e-06
7358,216.3990446109965,18.568205,True,True,1.430511474609375e-06
7359,216.41704880999168,17.945243,True,True,1.430511474609375e-06
7360,216.43498128498322,17.880557,True,True,1.430511474609375e-06
7361,216.45312913000816,18.095956,True,True,1.430511474609375e-06
7362,216.47090001800098,17.720891,True,True,1.430511474609375e-06
7363,216.48921983499895,18.270621,True,True,1.430511474609375e-06
7364,216.5177848369931,28.494179,True,True,1.430511474609375e-06
7365,216.5364595229912,18.57254,True,True,1.430511474609375e-06
7366,216.55463232300826,18.107389,True,True,1.430511474609375e-06
7367,216.58475574600743,30.069134,True,True,1.430511474609375e-06
7368,216.6172739629983,32.419876,True,True,1.430511474609375e-06
7369,216.64504125199164,27.668192,True,True,1.430511474609375e-06
7370,216.67472627898678,29.59619,True,True,1.430511474609375e-06
7371,216.70684927198454,32.048646,True,True,1.430511474609375e-06
7372,216.73877371600247,31.801674,True,True,1.430511474609375e-06
7373,216.77131223501056,32.452317,True,True,1.430511474609375e-06
7374,216.80401692399755,32.607085,True,True,1.430511474609375e-06
7375,216.83659110599547,32.467812,True,True,1.430511474609375e-06
7376,216.8687632289948,32.076586,True,True,1.430511474609375e-06
7377,216.9017187760037,32.869527,True,True,1.430511474609375e-06
7378,216.9335966630024,31.788327,True,True,1.430511474609375e-06
7379,216.96065001099487,26.973693,True,True,1.430511474609375e-06
7380,216.9911800599948,30.46301,True,True,1.430511474609375e-06
7381,217.02360118899378,32.320956,True,True,1.430511474609375e-06
7382,217.05658299199422,32.888774,True,True,1.430511474609375e-06
7383,217.08955587499077,32.882872,True,True,1.430511474609375e-06
7384,217.13699543799157,47.360965,True,True,1.430511474609375e-06
7385,217.17126075099804,34.142695,True,True,1.430511474609375e-06
7386,217.20355722800014,32.207572,True,True,1.430511474609375e-06
7387,217.23616410398972,32.513607,True,True,1.430511474609375e-06
7388,217.26877989299828,32.5299,True,True,1.430511474609375e-06
7389,217.3011337640055,32.264473,True,True,1.430511474609375e-06
7390,217.33407720498508,32.860936,True,True,1.430511474609375e-06
7391,217.36101188499015,26.856773,True,True,1.430511474609375e-06
7392,217.38611546799075,25.030781,True,True,1.430511474609375e-06
7393,217.4042955689947,18.122553,True,True,1.430511474609375e-06
7394,217.42245962299057,18.114182,True,True,1.430511474609375e-06
7395,217.440980149986,18.463326,True,True,1.430511474609375e-06
7396,217.4596001440077,18.507785,True,True,1.430511474609375e-06
7397,217.47787748998962,18.199895,True,True,1.430511474609375e-06
7398,217.4962210119993,18.285722,True,True,1.430511474609375e-06
7399,217.52303309098352,26.752701,True,True,1.430511474609375e-06
7400,217.54298144500353,19.850058,True,True,1.430511474609375e-06
7401,217.56160605198238,18.526594,True,True,1.430511474609375e-06
7402,217.5919408930058,30.217933,True,True,1.430511474609375e-06
7403,217.62430864400812,32.262785,True,True,1.430511474609375e-06
7404,217.65698860600241,32.581923,True,True,1.430511474609375e-06
7405,217.68429205199936,27.187751,True,True,1.430511474609375e-06
7406,217.71718184099882,32.79152,True,True,1.430511474609375e-06
7407,217.74976853100816,32.484692,True,True,1.430511474609375e-06
7408,217.77985584700946,29.972711,True,True,1.430511474609375e-06
7409,217.81209614800173,32.154174,True,True,1.430511474609375e-06
7410,217.8450270530011,32.83299,True,True,1.430511474609375e-06
7411,217.87738851900212,32.26212,True,True,1.430511474609375e-06
7412,217.9112947770045,33.808321,True,True,1.430511474609375e-06
7413,217.94461140799103,33.216712,True,True,1.430511474609375e-06
7414,217.97705336799845,32.311578,True,True,1.430511474609375e-06
7415,218.01024307400803,33.08604,True,True,1.430511474609375e-06
7416,218.04324240598362,32.892109,True,True,1.430511474609375e-06
7417,218.0756880439876,32.357162,True,True,1.430511474609375e-06
7418,218.11086047100252,35.081955,True,True,1.430511474609375e-06
7419,218.1585327720095,47.535296,True,True,1.430511474609375e-06
7420,218.19112242999836,32.488393,True,True,1.430511474609375e-06
7421,218.2263114519883,35.084124,True,True,1.430511474609375e-06
7422,218.26844087601057,41.998893,True,True,1.430511474609375e-06
7423,218.29953587098862,30.96852,True,True,1.430511474609375e-06
7424,218.33005213699653,30.421642,True,True,1.430511474609375e-06
7425,218.36326786200516,33.143564,True,True,1.430511474609375e-06
7426,218.38987282599555,26.492419,True,True,1.430511474609375e-06
7427,218.40832872799365,18.382531,True,True,1.430511474609375e-06
7428,218.42647537199082,18.086466,True,True,1.430511474609375e-06
7429,218.4449566300027,18.421404,True,True,1.430511474609375e-06
7430,218.4630670399929,18.04512,True,True,1.430511474609375e-06
7431,218.48129706198233,18.172232,True,True,1.430511474609375e-06
7432,218.49921799899312,17.867989,True,True,1.430511474609375e-06
7433,218.5261256780068,26.842338,True,True,1.430511474609375e-06
7434,218.5466616699996,20.429562,True,True,1.430511474609375e-06
7435,218.5649279920035,18.202004,True,True,1.430511474609375e-06
7436,218.5946942959854,29.717031,True,True,1.430511474609375e-06
7437,218.62738370799343,32.612002,True,True,1.430511474609375e-06
7438,218.66030198000954,32.828268,True,True,1.430511474609375e-06
7439,218.69290029999684,32.509374,True,True,1.430511474609375e-06
7440,218.7261268569855,33.147905,True,True,1.430511474609375e-06
7441,218.75879949200316,32.589102,True,True,1.430511474609375e-06
7442,218.79190357899643,33.008801,True,True,1.430511474609375e-06
7443,218.82414095199783,32.151213,True,True,1.430511474609375e-06
7444,218.85687206700095,32.637531,True,True,1.430511474609375e-06
7445,218.88957568298792,32.585331,True,True,1.430511474609375e-06
7446,218.91664877498988,26.971245,True,True,1.430511474609375e-06
7447,218.94654752899078,29.807694,True,True,1.430511474609375e-06
7448,218.97897843300598,32.342799,True,True,1.430511474609375e-06
7449,219.01126901101088,32.206136,True,True,1.430511474609375e-06
7450,219.0443671529938,32.983177,True,True,1.430511474609375e-06
7451,219.07744408899453,32.962083,True,True,1.430511474609375e-06
7452,219.1121186889941,34.577846,True,True,1.430511474609375e-06
7453,219.15880561599624,46.493982,True,True,1.430511474609375e-06
7454,219.19170841900632,32.789534,True,True,1.430511474609375e-06
7455,219.2240450149984,32.236778,True,True,1.430511474609375e-06
7456,219.25750350698945,33.354507,True,True,1.430511474609375e-06
7457,219.28987109000445,32.257257,True,True,1.430511474609375e-06
7458,219.31711538499803,27.141589,True,True,1.430511474609375e-06
7459,219.34979553098674,32.576378,True,True,1.430511474609375e-06
7460,219.38001290601096,30.114554,True,True,1.430511474609375e-06
7461,219.40001541399397,19.919561,True,True,1.430511474609375e-06
7462,219.4181816180062,18.101035,True,True,1.430511474609375e-06
7463,219.43682809200254,18.59339,True,True,1.430511474609375e-06
7464,219.454814850993,17.936802,True,True,1.430511474609375e-06
7465,219.47283016200527,17.968763,True,True,1.430511474609375e-06
7466,219.49104209098732,18.166674,True,True,1.430511474609375e-06
7467,219.51133872300852,20.244986,True,True,1.430511474609375e-06
7468,219.53806503099622,26.622559,True,True,1.430511474609375e-06
7469,219.55635205699946,18.205649,True,True,1.430511474609375e-06
7470,219.5793678869959,22.960851,True,True,1.430511474609375e-06
7471,219.61182447898318,32.394989,True,True,1.430511474609375e-06
7472,219.6450275699899,33.104187,True,True,1.430511474609375e-06
7473,219.67792717300472,32.793988,True,True,1.430511474609375e-06
7474,219.7104781300004,32.436609,True,True,1.430511474609375e-06
7475,219.74341008299962,32.83228,True,True,1.430511474609375e-06
7476,219.77642635599477,32.904287,True,True,1.430511474609375e-06
7477,219.8088492229872,32.321267,True,True,1.430511474609375e-06
7478,219.84200022998266,33.053888,True,True,1.430511474609375e-06
7479,219.87495303698233,32.867621,True,True,1.430511474609375e-06
7480,219.91428462500335,39.243468,True,True,1.430511474609375e-06
7481,219.94995458598714,35.533732,True,True,1.430511474609375e-06
7482,219.97976895800093,29.711021,True,True,1.430511474609375e-06
7483,220.01323359599337,33.395315,True,True,1.430511474609375e-06
7484,220.04501318599796,31.654484,True,True,1.430511474609375e-06
7485,220.0775026330084,32.401649,True,True,1.430511474609375e-06
7486,220.11325735598803,35.653652,True,True,1.430511474609375e-06
7487,220.1603278410039,46.937968,True,True,1.430511474609375e-06
7488,220.1931585620041,32.704235,True,True,1.430511474609375e-06
7489,220.2259284039901,32.655602,True,True,1.430511474609375e-06
7490,220.25917220799602,33.136685,True,True,1.430511474609375e-06
7491,220.29187712899875,32.616941,True,True,1.430511474609375e-06
7492,220.32453389599686,32.567703,True,True,1.430511474609375e-06
7493,220.35792898398358,33.305166,True,True,1.430511474609375e-06
7494,220.3848596419848,26.852075,True,True,1.430511474609375e-06
7495,220.40785149100702,22.915886,True,True,1.430511474609375e-06
7496,220.4292058479914,21.247329,True,True,1.430511474609375e-06
7497,220.44758509800886,18.301303,True,True,1.430511474609375e-06
7498,220.465666493983,18.020118,True,True,1.430511474609375e-06
7499,220.48361011300585,17.885157,True,True,1.430511474609375e-06
7500,220.5020125739975,18.343119,True,True,1.430511474609375e-06
7501,220.52022150199628,18.13947,True,True,1.430511474609375e-06
7502,220.54717378300847,26.883587,True,True,1.430511474609375e-06
7503,220.5791415720014,31.85103,True,True,1.430511474609375e-06
7504,220.61418869098998,34.939495,True,True,1.430511474609375e-06
7505,220.64564961998258,31.330123,True,True,1.430511474609375e-06
7506,220.6784157170041,32.652951,True,True,1.430511474609375e-06
7507,220.7110581040033,32.522713,True,True,1.430511474609375e-06
7508,220.74387209600536,32.684774,True,True,1.430511474609375e-06
7509,220.7765921530081,32.622447,True,True,1.430511474609375e-06
7510,220.8091639339982,32.450466,True,True,1.430511474609375e-06
7511,220.84227550699143,33.026639,True,True,1.430511474609375e-06
7512,220.87554753600853,33.185336,True,True,1.430511474609375e-06
7513,220.90795518099912,32.304393,True,True,1.430511474609375e-06
7514,220.9409502829949,32.904131,True,True,1.430511474609375e-06
7515,220.97392757900525,32.874999,True,True,1.430511474609375e-06
7516,221.00696261500707,32.9289,True,True,1.430511474609375e-06
7517,221.0398863700102,32.78574,True,True,1.430511474609375e-06
7518,221.06714227600605,27.166949,True,True,1.430511474609375e-06
7519,221.09707906699623,29.862247,True,True,1.430511474609375e-06
7520,221.14678385900334,49.634439,True,True,1.430511474609375e-06
7521,221.17838826600928,31.471578,True,True,1.430511474609375e-06
7522,221.21146941900952,32.991599,True,True,1.430511474609375e-06
7523,221.26011027599452,48.527282,True,True,1.430511474609375e-06
7524,221.29256614900078,32.319276,True,True,1.430511474609375e-06
7525,221.32458939700155,31.934984,True,True,1.430511474609375e-06
7526,221.35783861399977,33.163579,True,True,1.430511474609375e-06
7527,221.38508479800657,27.108991,True,True,1.430511474609375e-06
7528,221.40386495698476,18.701001,True,True,1.430511474609375e-06
7529,221.4217212400108,17.787389,True,True,1.430511474609375e-06
7530,221.43956884200452,17.791329,True,True,1.430511474609375e-06
7531,221.45734076600638,17.725196,True,True,1.430511474609375e-06
7532,221.47518522499013,17.792183,True,True,1.430511474609375e-06
7533,221.49351733800722,18.284209,True,True,1.430511474609375e-06
7534,221.51130519300932,17.736033,True,True,1.430511474609375e-06
7535,221.53851516198483,27.156062,True,True,1.430511474609375e-06
7536,221.558575595991,19.944748,True,True,1.430511474609375e-06
7537,221.58250028500333,23.859385,True,True,1.430511474609375e-06
7538,221.61492754498613,32.352604,True,True,1.430511474609375e-06
7539,221.64205009498983,27.023416,True,True,1.430511474609375e-06
7540,221.67334996999125,31.220678,True,True,1.430511474609375e-06
7541,221.70605917900684,32.634427,True,True,1.430511474609375e-06
7542,221.73545000801096,29.288355,True,True,1.430511474609375e-06
7543,221.76878207401023,33.245615,True,True,1.430511474609375e-06
7544,221.8004819540074,31.562839,True,True,1.430511474609375e-06
7545,221.83302632899722,32.456951,True,True,1.430511474609375e-06
7546,221.86498641900835,31.848584,True,True,1.430511474609375e-06
7547,221.89808493299643,33.008366,True,True,1.430511474609375e-06
7548,221.93132273299852,33.128574,True,True,1.430511474609375e-06
7549,221.96365469199372,32.193335,True,True,1.430511474609375e-06
7550,221.99684825300938,33.102271,True,True,1.430511474609375e-06
7551,222.0300154539873,33.047461,True,True,1.430511474609375e-06
7552,222.06527431300492,35.155994,True,True,1.430511474609375e-06
7553,222.11459249898326,49.187234,True,True,1.430511474609375e-06
7554,222.15624987299088,41.467834,True,True,1.430511474609375e-06
7555,222.1881337449886,31.721572,True,True,1.430511474609375e-06
7556,222.21850367699517,30.26567,True,True,1.430511474609375e-06
7557,222.2516500900092,33.051318,True,True,1.430511474609375e-06
7558,222.28412540900172,32.357954,True,True,1.430511474609375e-06
7559,222.31631456300966,32.111675,True,True,1.430511474609375e-06
7560,222.34844587399857,32.048611,True,True,1.430511474609375e-06
7561,222.37557758000912,27.049764,True,True,1.430511474609375e-06
7562,222.3938064739923,18.16076,True,True,1.430511474609375e-06
7563,222.41156892600702,17.710184,True,True,1.430511474609375e-06
7564,222.4295492460078,17.932566,True,True,1.430511474609375e-06
7565,222.4473635419854,17.766208,True,True,1.430511474609375e-06
7566,222.46531257600873,17.903835,True,True,1.430511474609375e-06
7567,222.4834171429975,18.062807,True,True,1.430511474609375e-06
7568,222.501612817985,18.15424,True,True,1.430511474609375e-06
7569,222.519727795996,18.071001,True,True,1.430511474609375e-06
7570,222.54670622199774,26.927507,True,True,1.430511474609375e-06
7571,222.5738583029888,27.037572,True,True,1.430511474609375e-06
7572,222.6059445219871,32.013589,True,True,1.430511474609375e-06
7573,222.63620655899285,30.157772,True,True,1.430511474609375e-06
7574,222.66730571200605,31.015703,True,True,1.430511474609375e-06
7575,222.7006467159954,33.257884,True,True,1.430511474609375e-06
7576,222.73380216999794,33.04713,True,True,1.430511474609375e-06
7577,222.76662544099963,32.72537,True,True,1.430511474609375e-06
7578,222.7991101850057,32.379244,True,True,1.430511474609375e-06
7579,222.832179961988,32.966258,True,True,1.430511474609375e-06
7580,222.86465265401057,32.377657,True,True,1.430511474609375e-06
7581,222.89989194399095,35.133763,True,True,1.430511474609375e-06
7582,222.94612410198897,46.1235,True,True,1.430511474609375e-06
7583,222.9784521170077,32.236012,True,True,1.430511474609375e-06
7584,223.00598381800228,27.44773,True,True,1.430511474609375e-06
7585,223.03586471898598,29.79546,True,True,1.430511474609375e-06
7586,223.06788662800682,31.960177,True,True,1.430511474609375e-06
7587,223.10021678099292,32.254396,True,True,1.430511474609375e-06
7588,223.14979139898787,49.489089,True,True,1.430511474609375e-06
7589,223.18236498101032,32.440378,True,True,1.430511474609375e-06
7590,223.2147420879919,32.28997,True,True,1.430511474609375e-06
7591,223.2475270619907,32.703912,True,True,1.430511474609375e-06
7592,223.28052308698534,32.897975,True,True,1.430511474609375e-06
7593,223.3131124539941,32.490836,True,True,1.430511474609375e-06
7594,223.3457255300018,32.502581,True,True,1.430511474609375e-06
7595,223.3727539079846,26.946327,True,True,1.430511474609375e-06
7596,223.39112182098324,18.29766,True,True,1.430511474609375e-06
7597,223.4091997630021,18.024282,True,True,1.430511474609375e-06
7598,223.4272698929999,18.02054,True,True,1.430511474609375e-06
7599,223.44565729700844,18.334069,True,True,1.430511474609375e-06
7600,223.46344075200614,17.723691,True,True,1.430511474609375e-06
7601,223.48160094500054,18.10757,True,True,1.430511474609375e-06
7602,223.49965455100755,18.000785,True,True,1.430511474609375e-06
7603,223.5176821250061,17.977896,True,True,1.430511474609375e-06
7604,223.5358796970104,18.145193,True,True,1.430511474609375e-06
7605,223.56943235898507,33.491097,True,True,1.430511474609375e-06
7606,223.60205708400463,32.490326,True,True,1.430511474609375e-06
7607,223.63449349999428,32.325974,True,True,1.430511474609375e-06
7608,223.667021072004,32.417904,True,True,1.430511474609375e-06
7609,223.70000335000805,32.888281,True,True,1.430511474609375e-06
7610,223.73223028800567,32.137495,True,True,1.430511474609375e-06
7611,223.76537052899948,33.064053,True,True,1.430511474609375e-06
7612,223.79802378098248,32.563359,True,True,1.430511474609375e-06
7613,223.83018151999568,32.07755,True,True,1.430511474609375e-06
7614,223.86217188698356,31.910395,True,True,1.430511474609375e-06
7615,223.88912186399102,26.868335,True,True,1.430511474609375e-06
7616,223.91929209500086,30.102998,True,True,1.430511474609375e-06
7617,223.95152808199055,32.177262,True,True,1.430511474609375e-06
7618,223.98365363798803,32.04392,True,True,1.430511474609375e-06
7619,224.01588806699147,32.140256,True,True,1.430511474609375e-06
7620,224.048617575987,32.653072,True,True,1.430511474609375e-06
7621,224.08153509299154,32.84271,True,True,1.430511474609375e-06
7622,224.1190768739907,37.457955,True,True,1.430511474609375e-06
7623,224.1571638819878,37.946644,True,True,1.430511474609375e-06
7624,224.18593626498478,28.670201,True,True,1.430511474609375e-06
7625,224.21903224199195,33.031683,True,True,1.430511474609375e-06
7626,224.25169301999267,32.554166,True,True,1.430511474609375e-06
7627,224.28415224398486,32.369035,True,True,1.430511474609375e-06
7628,224.316183885996,31.943788,True,True,1.430511474609375e-06
7629,224.34891110498575,32.636744,True,True,1.430511474609375e-06
7630,224.3758458159864,26.851334,True,True,1.430511474609375e-06
7631,224.3946736640064,18.763046,True,True,1.430511474609375e-06
7632,224.41276269798982,18.028314,True,True,1.430511474609375e-06
7633,224.4305764499877,17.767717,True,True,1.430511474609375e-06
7634,224.44858973598457,17.954256,True,True,1.430511474609375e-06
7635,224.46634133000043,17.692428,True,True,1.430511474609375e-06
7636,224.48423890999402,17.847052,True,True,1.430511474609375e-06
7637,224.50233112298883,18.03911,True,True,1.430511474609375e-06
7638,224.52012250298867,17.742688,True,True,1.430511474609375e-06
7639,224.53817585500656,18.008415,True,True,1.430511474609375e-06
7640,224.57365112000844,35.413734,True,True,1.430511474609375e-06
7641,224.60435333300848,30.557818,True,True,1.430511474609375e-06
7642,224.63576761598233,31.317476,True,True,1.430511474609375e-06
7643,224.66867321598693,32.777569,True,True,1.430511474609375e-06
7644,224.70211174400174,33.31703,True,True,1.430511474609375e-06
7645,224.7349122450105,32.688859,True,True,1.430511474609375e-06
7646,224.76847239100607,33.438703,True,True,1.430511474609375e-06
7647,224.8005837390083,31.98825,True,True,1.430511474609375e-06
7648,224.84959935001098,48.927593,True,True,1.430511474609375e-06
7649,224.88218538998626,32.454494,True,True,1.430511474609375e-06
7650,224.91475634099334,32.469441,True,True,1.430511474609375e-06
7651,224.94673011999112,31.872808,True,True,1.430511474609375e-06
7652,224.97430027098744,27.494096,True,True,1.430511474609375e-06
7653,225.01717565199942,42.796615,True,True,1.430511474609375e-06
7654,225.05029959999956,32.998757,True,True,1.430511474609375e-06
7655,225.08257635199698,32.168965,True,True,1.430511474609375e-06
7656,225.13165320199914,48.985693,True,True,1.430511474609375e-06
7657,225.16500227400684,33.203483,True,True,1.430511474609375e-06
7658,225.19711782500963,32.017826,True,True,1.430511474609375e-06
7659,225.22421756599215,27.026226,True,True,1.430511474609375e-06
7660,225.25428014300996,29.997076,True,True,1.430511474609375e-06
7661,225.2860675319971,31.718637,True,True,1.430511474609375e-06
7662,225.31826981299673,32.109634,True,True,1.430511474609375e-06
7663,225.35140237599262,33.054315,True,True,1.430511474609375e-06
7664,225.37838707698393,26.894907,True,True,1.430511474609375e-06
7665,225.396380346996,17.927978,True,True,1.430511474609375e-06
7666,225.41423584899167,17.797812,True,True,1.430511474609375e-06
7667,225.43205217199284,17.769873,True,True,1.430511474609375e-06
7668,225.45013914100127,18.034486,True,True,1.430511474609375e-06
7669,225.46816812700126,17.974963,True,True,1.430511474609375e-06
7670,225.48636811200413,18.139661,True,True,1.430511474609375e-06
7671,225.50433764301124,17.912483,True,True,1.430511474609375e-06
7672,225.5222744999919,17.888112,True,True,1.430511474609375e-06
7673,225.54210797400447,19.787215,True,True,1.430511474609375e-06
7674,225.5811727399996,38.97105,True,True,1.430511474609375e-06
7675,225.6134765720053,32.172991,True,True,1.430511474609375e-06
7676,225.64128180599073,27.724122,True,True,1.430511474609375e-06
7677,225.67158082898823,30.209862,True,True,1.430511474609375e-06
7678,225.70436947300914,32.685239,True,True,1.430511474609375e-06
7679,225.73607956198975,31.584515,True,True,1.430511474609375e-06
7680,225.7693396259856,33.167747,True,True,1.430511474609375e-06
7681,225.80195582399028,32.513141,True,True,1.430511474609375e-06
7682,225.83413572999416,32.097737,True,True,1.430511474609375e-06
7683,225.8669085369911,32.668401,True,True,1.430511474609375e-06
7684,225.89931138098473,32.310728,True,True,1.430511474609375e-06
7685,225.93180445898906,32.406533,True,True,1.430511474609375e-06
7686,225.96446965899668,32.58679,True,True,1.430511474609375e-06
7687,225.99675881300936,32.20679,True,True,1.430511474609375e-06
7688,226.02386213600403,26.994085,True,True,1.430511474609375e-06
7689,226.05341401099577,29.477373,True,True,1.430511474609375e-06
7690,226.0858956190059,32.414524,True,True,1.430511474609375e-06
7691,226.1349429890106,48.955836,True,True,1.430511474609375e-06
7692,226.16749913198873,32.427565,True,True,1.430511474609375e-06
7693,226.20024237499456,32.656472,True,True,1.430511474609375e-06
7694,226.23225344798993,31.925139,True,True,1.430511474609375e-06
7695,226.26458994299173,32.254651,True,True,1.430511474609375e-06
7696,226.29746193098254,32.766939,True,True,1.430511474609375e-06
7697,226.32472279999638,27.157599,True,True,1.430511474609375e-06
7698,226.3570053250005,32.20962,True,True,1.430511474609375e-06
7699,226.38192426000023,24.825663,True,True,1.430511474609375e-06
7700,226.40053838700987,18.545817,True,True,1.430511474609375e-06
7701,226.41862331598531,18.03191,True,True,1.430511474609375e-06
7702,226.43677170600859,18.099306,True,True,1.430511474609375e-06
7703,226.45491917498293,18.097703,True,True,1.430511474609375e-06
7704,226.4728427309892,17.876101,True,True,1.430511474609375e-06
7705,226.49077820999082,17.877882,True,True,1.430511474609375e-06
7706,226.51701629598392,26.181427,True,True,1.430511474609375e-06
7707,226.53863161298796,21.537294,True,True,1.430511474609375e-06
7708,226.55668891200912,17.990032,True,True,1.430511474609375e-06
7709,226.60526655599824,48.511173,True,True,1.430511474609375e-06
7710,226.6362299050088,30.803658,True,True,1.430511474609375e-06
7711,226.6687732700084,32.440387,True,True,1.430511474609375e-06
7712,226.70144106299267,32.549149,True,True,1.430511474609375e-06
7713,226.73468712999602,33.108557,True,True,1.430511474609375e-06
7714,226.7676484969852,32.824436,True,True,1.430511474609375e-06
7715,226.80018531199312,32.425668,True,True,1.430511474609375e-06
7716,226.83278450299986,32.497949,True,True,1.430511474609375e-06
7717,226.86600153599284,33.106433,True,True,1.430511474609375e-06
7718,226.89877457698458,32.673445,True,True,1.430511474609375e-06
7719,226.93076260498492,31.894046,True,True,1.430511474609375e-06
7720,226.9632820879924,32.455004,True,True,1.430511474609375e-06
7721,226.99019803400734,26.83447,True,True,1.430511474609375e-06
7722,227.02028218400665,29.987631,True,True,1.430511474609375e-06
7723,227.05263770199963,32.284925,True,True,1.430511474609375e-06
7724,227.08580869500292,33.079731,True,True,1.430511474609375e-06
7725,227.13437779599917,48.48697,True,True,1.430511474609375e-06
7726,227.16990967499441,35.398569,True,True,1.430511474609375e-06
7727,227.2158001610078,45.774943,True,True,1.430511474609375e-06
7728,227.24862558199675,32.717447,True,True,1.430511474609375e-06
7729,227.2813167689892,32.579411,True,True,1.430511474609375e-06
7730,227.3144682580023,33.037243,True,True,1.430511474609375e-06
7731,227.34167143600644,27.094638,True,True,1.430511474609375e-06
7732,227.3714890049887,29.71031,True,True,1.430511474609375e-06
7733,227.39104956999654,19.458882,True,True,1.430511474609375e-06
7734,227.40934490200016,18.232637,True,True,1.430511474609375e-06
7735,227.42716013200697,17.761511,True,True,1.430511474609375e-06
7736,227.44516536500305,17.955129,True,True,1.430511474609375e-06
7737,227.46299693800393,17.783065,True,True,1.430511474609375e-06
7738,227.48076371999923,17.709741,True,True,1.430511474609375e-06
7739,227.4991113599972,18.294055,True,True,1.430511474609375e-06
7740,227.51695072298753,17.78055,True,True,1.430511474609375e-06
7741,227.5348727219971,17.875042,True,True,1.430511474609375e-06
7742,227.5528519359941,17.930839,True,True,1.430511474609375e-06
7743,227.5997706449998,46.858017,True,True,1.430511474609375e-06
7744,227.63105849499698,31.154509,True,True,1.430511474609375e-06
7745,227.66369811899494,32.560873,True,True,1.430511474609375e-06
7746,227.69690171899856,33.102707,True,True,1.430511474609375e-06
7747,227.72920552399592,32.204476,True,True,1.430511474609375e-06
7748,227.76134910198743,32.057515,True,True,1.430511474609375e-06
7749,227.7938932380057,32.467561,True,True,1.430511474609375e-06
7750,227.82888042600825,34.906449,True,True,1.430511474609375e-06
7751,227.86998484600917,40.99739,True,True,1.430511474609375e-06
7752,227.89974880201044,29.655237,True,True,1.430511474609375e-06
7753,227.93170764300157,31.880192,True,True,1.430511474609375e-06
7754,227.96372588700615,31.946401,True,True,1.430511474609375e-06
7755,227.99603586999,32.230307,True,True,1.430511474609375e-06
7756,228.02872814098373,32.588829,True,True,1.430511474609375e-06
7757,228.06157405299018,32.766312,True,True,1.430511474609375e-06
7758,228.09472430098685,33.068567,True,True,1.430511474609375e-06
7759,228.14361124299467,48.804154,True,True,1.430511474609375e-06
7760,228.17575029900763,32.004848,True,True,1.430511474609375e-06
7761,228.20279074300197,26.963417,True,True,1.430511474609375e-06
7762,228.2322296339844,29.37819,True,True,1.430511474609375e-06
7763,228.26491529599298,32.609005,True,True,1.430511474609375e-06
7764,228.29800800900557,33.001848,True,True,1.430511474609375e-06
7765,228.33080001498456,32.656794,True,True,1.430511474609375e-06
7766,228.36302582500502,32.129202,True,True,1.430511474609375e-06
7767,228.39024119800888,27.137214,True,True,1.430511474609375e-06
7768,228.4085881570063,18.277735,True,True,1.430511474609375e-06
7769,228.42693716898793,18.249928,True,True,1.430511474609375e-06
7770,228.44515746299294,18.115305,True,True,1.430511474609375e-06
7771,228.46332871099003,18.101757,True,True,1.430511474609375e-06
7772,228.48110511800041,17.719695,True,True,1.430511474609375e-06
7773,228.49903674400412,17.874478,True,True,1.430511474609375e-06
7774,228.5169884650095,17.899299,True,True,1.430511474609375e-06
7775,228.53483736299677,17.799722,True,True,1.430511474609375e-06
7776,228.55308980800328,18.201089,True,True,1.430511474609375e-06
7777,228.58662968999124,33.47768,True,True,1.430511474609375e-06
7778,228.61979716698988,33.02656,True,True,1.430511474609375e-06
7779,228.65287279200857,32.976454,True,True,1.430511474609375e-06
7780,228.70140046800952,48.447425,True,True,1.430511474609375e-06
7781,228.7343603199988,32.84159,True,True,1.430511474609375e-06
7782,228.7666092950094,32.169582,True,True,1.430511474609375e-06
7783,228.7993478080025,32.661783,True,True,1.430511474609375e-06
7784,228.8316424000077,32.2128,True,True,1.430511474609375e-06
7785,228.86395204500877,32.21823,True,True,1.430511474609375e-06
7786,228.89688572401064,32.855144,True,True,1.430511474609375e-06
7787,228.9239486620063,26.976309,True,True,1.430511474609375e-06
7788,228.95404562199838,30.032058,True,True,1.430511474609375e-06
7789,228.98676406798768,32.649066,True,True,1.430511474609375e-06
7790,229.01933966000797,32.469459,True,True,1.430511474609375e-06
7791,229.05199973500567,32.567737,True,True,1.430511474609375e-06
7792,229.083738137997,31.648742,True,True,1.430511474609375e-06
7793,229.1192542919889,35.446901,True,True,1.430511474609375e-06
7794,229.1660912449879,46.718713,True,True,1.430511474609375e-06
7795,229.19862725300482,32.429706,True,True,1.430511474609375e-06
7796,229.23094138200395,32.22433,True,True,1.430511474609375e-06
7797,229.26376326498576,32.742636,True,True,1.430511474609375e-06
7798,229.2906946130097,26.84248,True,True,1.430511474609375e-06
7799,229.32058501898427,29.825035,True,True,1.430511474609375e-06
7800,229.35306904299068,32.400524,True,True,1.430511474609375e-06
7801,229.3803030459967,27.139147,True,True,1.430511474609375e-06
7802,229.39827638599672,17.905376,True,True,1.430511474609375e-06
7803,229.4161909899849,17.857568,True,True,1.430511474609375e-06
7804,229.4340736269951,17.832742,True,True,1.430511474609375e-06
7805,229.45204341999488,17.91934,True,True,1.430511474609375e-06
7806,229.47019510998507,18.108036,True,True,1.430511474609375e-06
7807,229.48830269800965,18.061006,True,True,1.430511474609375e-06
7808,229.51353449499584,25.182312,True,True,1.430511474609375e-06
7809,229.53485208700295,21.232667,True,True,1.430511474609375e-06
7810,229.5530556619924,18.136058,True,True,1.430511474609375e-06
7811,229.59978602099,46.667984,True,True,1.430511474609375e-06
7812,229.63240198401036,32.482834,True,True,1.430511474609375e-06
7813,229.66561900699162,33.108302,True,True,1.430511474609375e-06
7814,229.69790862000082,32.156943,True,True,1.430511474609375e-06
7815,229.7298593139858,31.868482,True,True,1.430511474609375e-06
7816,229.75657992099877,26.659216,True,True,1.430511474609375e-06
7817,229.78625810600352,29.615272,True,True,1.430511474609375e-06
7818,229.81892816198524,32.603351,True,True,1.430511474609375e-06
7819,229.85192741500214,32.925004,True,True,1.430511474609375e-06
7820,229.88438408199,32.364961,True,True,1.430511474609375e-06
7821,229.9169501689903,32.474694,True,True,1.430511474609375e-06
7822,229.94973982698866,32.697851,True,True,1.430511474609375e-06
7823,229.98180961600156,31.986722,True,True,1.430511474609375e-06
7824,230.01513047498884,33.225024,True,True,1.430511474609375e-06
7825,230.04745201699552,32.213084,True,True,1.430511474609375e-06
7826,230.08006325099268,32.526467,True,True,1.430511474609375e-06
7827,230.11726549098967,37.113276,True,True,1.430511474609375e-06
7828,230.1534599789884,36.059979,True,True,1.430511474609375e-06
7829,230.18627231699065,32.712289,True,True,1.430511474609375e-06
7830,230.21850742798415,32.150514,True,True,1.430511474609375e-06
7831,230.2506636629987,32.071752,True,True,1.430511474609375e-06
7832,230.2837148910039,32.96343,True,True,1.430511474609375e-06
7833,230.3159249869932,32.126757,True,True,1.430511474609375e-06
7834,230.3479940010002,31.989045,True,True,1.430511474609375e-06
7835,230.37520990299527,27.135831,True,True,1.430511474609375e-06
7836,230.39360587700503,18.328653,True,True,1.430511474609375e-06
7837,230.41173742400133,18.0751,True,True,1.430511474609375e-06
7838,230.42969428398646,17.906629,True,True,1.430511474609375e-06
7839,230.4477192229824,17.955394,True,True,1.430511474609375e-06
7840,230.46575808300986,17.98637,True,True,1.430511474609375e-06
7841,230.48379989500972,17.987538,True,True,1.430511474609375e-06
7842,230.50197478200425,18.118041,True,True,1.430511474609375e-06
7843,230.51976325400756,17.739342,True,True,1.430511474609375e-06
7844,230.537635975983,17.82439,True,True,1.430511474609375e-06
7845,230.55583379298332,18.1498,True,True,1.430511474609375e-06
7846,230.6048987089889,49.004957,True,True,1.430511474609375e-06
7847,230.63596736598993,30.928051,True,True,1.430511474609375e-06
7848,230.6661433519912,30.075391,True,True,1.430511474609375e-06
7849,230.6974663180008,31.235883,True,True,1.430511474609375e-06
7850,230.73014273500303,32.578348,True,True,1.430511474609375e-06
7851,230.76203978300327,31.759585,True,True,1.430511474609375e-06
7852,230.79404162900755,31.916936,True,True,1.430511474609375e-06
7853,230.82732548299828,33.194228,True,True,1.430511474609375e-06
7854,230.85966392900445,32.202489,True,True,1.430511474609375e-06
7855,230.89203848000034,32.28222,True,True,1.430511474609375e-06
7856,230.91954645499936,27.398727,True,True,1.430511474609375e-06
7857,230.94926195399603,29.630862,True,True,1.430511474609375e-06
7858,230.98108205999597,31.697922,True,True,1.430511474609375e-06
7859,231.0270940049959,45.939059,True,True,1.430511474609375e-06
7860,231.05931809000322,32.09372,True,True,1.430511474609375e-06
7861,231.08618422600557,26.786385,True,True,1.430511474609375e-06
7862,231.1309922710061,44.723356,True,True,1.430511474609375e-06
7863,231.1643703560112,33.244642,True,True,1.430511474609375e-06
7864,231.19653066899627,32.055764,True,True,1.430511474609375e-06
7865,231.22837782200077,31.760318,True,True,1.430511474609375e-06
7866,231.26089888298884,32.428021,True,True,1.430511474609375e-06
7867,231.29402906700852,33.026865,True,True,1.430511474609375e-06
7868,231.3260837609996,31.945077,True,True,1.430511474609375e-06
7869,231.35785272999783,31.686116,True,True,1.430511474609375e-06
7870,231.3829288969864,24.995666,True,True,1.430511474609375e-06
7871,231.4023418769939,19.34016,True,True,1.430511474609375e-06
7872,231.42360653498326,21.199174,True,True,1.430511474609375e-06
7873,231.44722908499534,23.522124,True,True,1.430511474609375e-06
7874,231.46901791298296,21.714542,True,True,1.430511474609375e-06
7875,231.48720058400068,18.123287,True,True,1.430511474609375e-06
7876,231.50541470898315,18.153909,True,True,1.430511474609375e-06
7877,231.52326905200607,17.804451,True,True,1.430511474609375e-06
7878,231.54108922398882,17.772143,True,True,1.430511474609375e-06
7879,231.55897885700688,17.843293,True,True,1.430511474609375e-06
7880,231.59822029000497,39.191226,True,True,1.430511474609375e-06
7881,231.63245615598862,34.102307,True,True,1.430511474609375e-06
7882,231.66400903699105,31.450004,True,True,1.430511474609375e-06
7883,231.69653759198263,32.449694,True,True,1.430511474609375e-06
7884,231.72939610798494,32.753779,True,True,1.430511474609375e-06
7885,231.76160371600417,32.119157,True,True,1.430511474609375e-06
7886,231.7948161420063,33.126243,True,True,1.430511474609375e-06
7887,231.8273155259958,32.418683,True,True,1.430511474609375e-06
7888,231.85988007299602,32.476254,True,True,1.430511474609375e-06
7889,231.89249616200686,32.482771,True,True,1.430511474609375e-06
7890,231.91967184099485,27.072634,True,True,1.430511474609375e-06
7891,231.9496964289865,29.930597,True,True,1.430511474609375e-06
7892,231.98171533699497,31.867593,True,True,1.430511474609375e-06
7893,232.01422625800478,32.387739,True,True,1.430511474609375e-06
7894,232.04720673098927,32.86748,True,True,1.430511474609375e-06
7895,232.08008512700326,32.78102,True,True,1.430511474609375e-06
7896,232.1153386659862,35.153508,True,True,1.430511474609375e-06
7897,232.16129188399645,45.812435,True,True,1.430511474609375e-06
7898,232.19379142599064,32.361282,True,True,1.430511474609375e-06
7899,232.22619971900713,32.323577,True,True,1.430511474609375e-06
7900,232.25829838300706,31.972868,True,True,1.430511474609375e-06
7901,232.28566704998957,27.282716,True,True,1.430511474609375e-06
7902,232.31568075198447,29.926559,True,True,1.430511474609375e-06
7903,232.3476223559992,31.869562,True,True,1.430511474609375e-06
7904,232.3808036420087,33.066917,True,True,1.430511474609375e-06
7905,232.40148326999042,20.543651,True,True,1.430511474609375e-06
7906,232.4194182739884,17.874904,True,True,1.430511474609375e-06
7907,232.43742318998557,17.947966,True,True,1.430511474609375e-06
7908,232.4558491600037,18.363021,True,True,1.430511474609375e-06
7909,232.47394808899844,18.045357,True,True,1.430511474609375e-06
7910,232.4920438999834,18.028508,True,True,1.430511474609375e-06
7911,232.51000993099296,17.901278,True,True,1.430511474609375e-06
7912,232.5284090359928,18.337276,True,True,1.430511474609375e-06
7913,232.54652679900755,18.05604,True,True,1.430511474609375e-06
7914,232.56463381598587,18.058387,True,True,1.430511474609375e-06
7915,232.6113998159999,46.716223,True,True,1.430511474609375e-06
7916,232.64266944900737,31.127982,True,True,1.430511474609375e-06
7917,232.67594794300385,33.174047,True,True,1.430511474609375e-06
7918,232.7080069920048,31.937754,True,True,1.430511474609375e-06
7919,232.7399781580025,31.875448,True,True,1.430511474609375e-06
7920,232.77305527299177,32.997811,True,True,1.430511474609375e-06
7921,232.8060805670102,32.924545,True,True,1.430511474609375e-06
7922,232.83897097900626,32.791734,True,True,1.430511474609375e-06
7923,232.87218373198994,33.117201,True,True,1.430511474609375e-06
7924,232.9046790849825,32.395861,True,True,1.430511474609375e-06
7925,232.93810827698326,33.314032,True,True,1.430511474609375e-06
7926,232.97104480699636,32.81373,True,True,1.430511474609375e-06
7927,233.00286827699165,31.722636,True,True,1.430511474609375e-06
7928,233.03056091500912,27.604785,True,True,1.430511474609375e-06
7929,233.0605007080012,29.859142,True,True,1.430511474609375e-06
7930,233.09210095799062,31.533742,True,True,1.430511474609375e-06
7931,233.15759656700538,65.416526,True,True,1.430511474609375e-06
7932,233.1898316149891,32.095817,True,True,1.430511474609375e-06
7933,233.22294541500742,33.023381,True,True,1.430511474609375e-06
7934,233.25556368398247,32.508322,True,True,1.430511474609375e-06
7935,233.28856653900584,32.899058,True,True,1.430511474609375e-06
7936,233.32167030198616,33.005145,True,True,1.430511474609375e-06
7937,233.35454383000615,32.761344,True,True,1.430511474609375e-06
7938,233.3821888389939,27.55057,True,True,1.430511474609375e-06
7939,233.4004022399895,18.139303,True,True,1.430511474609375e-06
7940,233.41888990800362,18.4272,True,True,1.430511474609375e-06
7941,233.43702780798776,18.080192,True,True,1.430511474609375e-06
7942,233.455056109,17.966518,True,True,1.430511474609375e-06
7943,233.47281765699154,17.71048,True,True,1.430511474609375e-06
7944,233.490706046985,17.83751,True,True,1.430511474609375e-06
7945,233.50857124099275,17.808011,True,True,1.430511474609375e-06
7946,233.527059051994,18.439636,True,True,1.430511474609375e-06
7947,233.5451129770081,18.005376,True,True,1.430511474609375e-06
7948,233.563254512992,18.076226,True,True,1.430511474609375e-06
7949,233.59858805401018,35.273174,True,True,1.430511474609375e-06
7950,233.64427764399443,45.534858,True,True,1.430511474609375e-06
7951,233.67550266199396,31.098869,True,True,1.430511474609375e-06
7952,233.7086311489984,33.033465,True,True,1.430511474609375e-06
7953,233.74190988700138,33.156353,True,True,1.430511474609375e-06
7954,233.79128797800513,49.267254,True,True,1.430511474609375e-06
7955,233.823402643,31.979976,True,True,1.430511474609375e-06
7956,233.85682848500437,33.337191,True,True,1.430511474609375e-06
7957,233.8896555310057,32.721886,True,True,1.430511474609375e-06
7958,233.92162256399752,31.847993,True,True,1.430511474609375e-06
7959,233.95465142800822,32.939551,True,True,1.430511474609375e-06
7960,233.98750399801065,32.740073,True,True,1.430511474609375e-06
7961,234.01998419500887,32.370094,True,True,1.430511474609375e-06
7962,234.0524609090062,32.393232,True,True,1.430511474609375e-06
7963,234.07983344100649,27.292507,True,True,1.430511474609375e-06
7964,234.12515474800603,45.246625,True,True,1.430511474609375e-06
7965,234.15898665998247,33.704529,True,True,1.430511474609375e-06
7966,234.19227190499078,33.200165,True,True,1.430511474609375e-06
7967,234.2248818379885,32.524356,True,True,1.430511474609375e-06
7968,234.25763358399854,32.64944,True,True,1.430511474609375e-06
7969,234.2915895479964,33.84164,True,True,1.430511474609375e-06
7970,234.3244124269986,32.712821,True,True,1.430511474609375e-06
7971,234.35700221400475,32.490319,True,True,1.430511474609375e-06
7972,234.38510320099886,28.004085,True,True,1.430511474609375e-06
7973,234.40347476300667,18.259132,True,True,1.430511474609375e-06
7974,234.42425148599432,20.709426,True,True,1.430511474609375e-06
7975,234.4509208110103,26.597595,True,True,1.430511474609375e-06
7976,234.46920513900113,18.201956,True,True,1.430511474609375e-06
7977,234.48741399499704,18.150029,True,True,1.430511474609375e-06
7978,234.50544424899272,17.973821,True,True,1.430511474609375e-06
7979,234.5232394610066,17.743114,True,True,1.430511474609375e-06
7980,234.54134292999515,18.047706,True,True,1.430511474609375e-06
7981,234.5591709309956,17.768272,True,True,1.430511474609375e-06
7982,234.58949925701017,30.275851,True,True,1.430511474609375e-06
7983,234.63920268398942,49.600342,True,True,1.430511474609375e-06
7984,234.67162064500735,32.28499,True,True,1.430511474609375e-06
7985,234.70389945499483,32.19133,True,True,1.430511474609375e-06
7986,234.73619254300138,32.195444,True,True,1.430511474609375e-06
7987,234.7633441569924,27.037567,True,True,1.430511474609375e-06
7988,234.79354142898228,30.125353,True,True,1.430511474609375e-06
7989,234.82553918898338,31.936631,True,True,1.430511474609375e-06
7990,234.8584099090076,32.791002,True,True,1.430511474609375e-06
7991,234.8906284949917,32.142074,True,True,1.430511474609375e-06
7992,234.92294274800224,32.216947,True,True,1.430511474609375e-06
7993,234.95532434398774,32.303948,True,True,1.430511474609375e-06
7994,234.98763454600703,32.231937,True,True,1.430511474609375e-06
7995,235.02043787098955,32.695676,True,True,1.430511474609375e-06
7996,235.0531836799928,32.657692,True,True,1.430511474609375e-06
7997,235.08542166199186,32.156993,True,True,1.430511474609375e-06
7998,235.12616688999697,40.661256,True,True,1.430511474609375e-06
7999,235.16030339099234,34.002876,True,True,1.430511474609375e-06
8000,235.19306590399356,32.654623,True,True,1.430511474609375e-06
8001,235.22533087799093,32.170614,True,True,1.430511474609375e-06
8002,235.25786097999662,32.442295,True,True,1.430511474609375e-06
8003,235.30705879698507,49.088295,True,True,1.430511474609375e-06
8004,235.34047859499697,33.295521,True,True,1.430511474609375e-06
8005,235.3729703889985,32.40664,True,True,1.430511474609375e-06
8006,235.3932873570011,20.230094,True,True,1.430511474609375e-06
8007,235.41159834200516,18.245878,True,True,1.430511474609375e-06
8008,235.42981579399202,18.162004,True,True,1.430511474609375e-06
8009,235.44800122300512,18.13253,True,True,1.430511474609375e-06
8010,235.4660469960072,17.98712,True,True,1.430511474609375e-06
8011,235.48414383101044,18.036724,True,True,1.430511474609375e-06
8012,235.50207999598933,17.878189,True,True,1.430511474609375e-06
8013,235.5202522839827,18.088398,True,True,1.430511474609375e-06
8014,235.5381916250044,17.852757,True,True,1.430511474609375e-06
8015,235.55614488499123,17.890054,True,True,1.430511474609375e-06
8016,235.5815360370034,25.338719,True,True,1.430511474609375e-06
8017,235.635289695987,53.657788,True,True,1.430511474609375e-06
8018,235.66777094398276,32.342415,True,True,1.430511474609375e-06
8019,235.70003569099936,32.162965,True,True,1.430511474609375e-06
8020,235.73287029899075,32.746263,True,True,1.430511474609375e-06
8021,235.76471238100203,31.74755,True,True,1.430511474609375e-06
8022,235.7915694389958,26.765229,True,True,1.430511474609375e-06
8023,235.82187541699386,30.232352,True,True,1.430511474609375e-06
8024,235.85459117699065,32.63714,True,True,1.430511474609375e-06
8025,235.88648888099124,31.793766,True,True,1.430511474609375e-06
8026,235.91892590300995,32.343307,True,True,1.430511474609375e-06
8027,235.95078541798284,31.76477,True,True,1.430511474609375e-06
8028,235.9835844640038,32.715151,True,True,1.430511474609375e-06
8029,236.01707656198414,33.383638,True,True,1.430511474609375e-06
8030,236.0495576050016,32.38317,True,True,1.430511474609375e-06
8031,236.0823239320016,32.663317,True,True,1.430511474609375e-06
8032,236.14246123400517,60.031733,True,True,1.430511474609375e-06
8033,236.17160292700282,29.006629,True,True,1.430511474609375e-06
8034,236.20395429298515,32.278074,True,True,1.430511474609375e-06
8035,236.23611585600884,32.077833,True,True,1.430511474609375e-06
8036,236.2688544279954,32.643028,True,True,1.430511474609375e-06
8037,236.30187503498746,32.94113,True,True,1.430511474609375e-06
8038,236.3344686109922,32.506604,True,True,1.430511474609375e-06
8039,236.3667228030099,32.172046,True,True,1.430511474609375e-06
8040,236.38751879899064,20.708677,True,True,1.430511474609375e-06
8041,236.40569159601,18.115386,True,True,1.430511474609375e-06
8042,236.4238151460013,18.069914,True,True,1.430511474609375e-06
8043,236.44191513600526,18.04987,True,True,1.430511474609375e-06
8044,236.4602121739881,18.2442,True,True,1.430511474609375e-06
8045,236.47798590600723,17.71629,True,True,1.430511474609375e-06
8046,236.49587542700465,17.838619,True,True,1.430511474609375e-06
8047,236.5140567799972,18.135286,True,True,1.430511474609375e-06
8048,236.5317552970082,17.656498,True,True,1.430511474609375e-06
8049,236.54966787900776,17.864104,True,True,1.430511474609375e-06
8050,236.5744467540062,24.726045,True,True,1.430511474609375e-06
8051,236.61513927800115,40.60469,True,True,1.430511474609375e-06
8052,236.66105341000366,45.768874,True,True,1.430511474609375e-06
8053,236.69349432000308,32.307912,True,True,1.430511474609375e-06
8054,236.72562991199084,32.035103,True,True,1.430511474609375e-06
8055,236.75321911199717,27.497872,True,True,1.430511474609375e-06
8056,236.78322454498266,29.926779,True,True,1.430511474609375e-06
8057,236.81468953200965,31.391017,True,True,1.430511474609375e-06
8058,236.84738701599417,32.618983,True,True,1.430511474609375e-06
8059,236.87984972799313,32.362627,True,True,1.430511474609375e-06
8060,236.91282018000493,32.867369,True,True,1.430511474609375e-06
8061,236.94517228601035,32.255397,True,True,1.430511474609375e-06
8062,236.97756794799352,32.315829,True,True,1.430511474609375e-06
8063,237.01673390998621,39.083648,True,True,1.430511474609375e-06
8064,237.0484471039963,31.584686,True,True,1.430511474609375e-06
8065,237.08051592999254,31.998009,True,True,1.430511474609375e-06
8066,237.11831128699123,37.72467,True,True,1.430511474609375e-06
8067,237.16174684700673,43.295778,True,True,1.430511474609375e-06
8068,237.19464003600297,32.787506,True,True,1.430511474609375e-06
8069,237.22704806399997,32.316252,True,True,1.430511474609375e-06
8070,237.2592641369847,32.133119,True,True,1.430511474609375e-06
8071,237.2920150019927,32.663588,True,True,1.430511474609375e-06
8072,237.31897934598965,26.879999,True,True,1.430511474609375e-06
8073,237.34917983200285,30.136094,True,True,1.430511474609375e-06
8074,237.3819213990064,32.679606,True,True,1.430511474609375e-06
8075,237.40206820098683,20.065798,True,True,1.430511474609375e-06
8076,237.4201563409879,18.029922,True,True,1.430511474609375e-06
8077,237.43796224799007,17.745465,True,True,1.430511474609375e-06
8078,237.45603219000623,18.01554,True,True,1.430511474609375e-06
8079,237.47399951898842,17.91576,True,True,1.430511474609375e-06
8080,237.49210304699955,18.051892,True,True,1.430511474609375e-06
8081,237.51025622998714,18.103543,True,True,1.430511474609375e-06
8082,237.5282414679823,17.939825,True,True,1.430511474609375e-06
8083,237.54611551199923,17.817308,True,True,1.430511474609375e-06
8084,237.56409170600818,17.92436,True,True,1.430511474609375e-06
8085,237.59396797098452,29.825455,True,True,1.430511474609375e-06
8086,237.64261211900157,48.547459,True,True,1.430511474609375e-06
8087,237.67470251899795,31.945234,True,True,1.430511474609375e-06
8088,237.7069618050009,32.179505,True,True,1.430511474609375e-06
8089,237.73916380200535,32.113759,True,True,1.430511474609375e-06
8090,237.77161218598485,32.364966,True,True,1.430511474609375e-06
8091,237.8044425699918,32.750651,True,True,1.430511474609375e-06
8092,237.83703134200186,32.513538,True,True,1.430511474609375e-06
8093,237.86917322399677,32.063863,True,True,1.430511474609375e-06
8094,237.8942595529952,25.002832,True,True,1.430511474609375e-06
8095,237.92584766700747,31.522627,True,True,1.430511474609375e-06
8096,237.95811614699778,32.190744,True,True,1.430511474609375e-06
8097,237.99036520600202,32.173841,True,True,1.430511474609375e-06
8098,238.0257367809827,35.27342,True,True,1.430511474609375e-06
8099,238.07338555000024,47.529495,True,True,1.430511474609375e-06
8100,238.10583171001053,32.347056,True,True,1.430511474609375e-06
8101,238.154757649987,48.841473,True,True,1.430511474609375e-06
8102,238.18754867298412,32.658597,True,True,1.430511474609375e-06
8103,238.22011240301072,32.4723,True,True,1.430511474609375e-06
8104,238.25246202098788,32.261482,True,True,1.430511474609375e-06
8105,238.27949143500882,26.946132,True,True,1.430511474609375e-06
8106,238.3094289409928,29.871172,True,True,1.430511474609375e-06
8107,238.34135825699195,31.869435,True,True,1.430511474609375e-06
8108,238.37355973699596,32.122009,True,True,1.430511474609375e-06
8109,238.39351132200682,19.868785,True,True,1.430511474609375e-06
8110,238.41164211300202,18.073199,True,True,1.430511474609375e-06
8111,238.4298084930051,18.117336,True,True,1.430511474609375e-06
8112,238.4480469150003,18.179662,True,True,1.430511474609375e-06
8113,238.46589528399636,17.79541,True,True,1.430511474609375e-06
8114,238.48387795800227,17.932248,True,True,1.430511474609375e-06
8115,238.5016902339994,17.763532,True,True,1.430511474609375e-06
8116,238.51961885098717,17.884167,True,True,1.430511474609375e-06
8117,238.53772265900625,18.058352,True,True,1.430511474609375e-06
8118,238.5556429589924,17.875879,True,True,1.430511474609375e-06
8119,238.580648431991,24.95804,True,True,1.430511474609375e-06
8120,238.63453459599987,53.809164,True,True,1.430511474609375e-06
8121,238.66679396299878,32.124528,True,True,1.430511474609375e-06
8122,238.69942805400933,32.552996,True,True,1.430511474609375e-06
8123,238.73238590499386,32.863973,True,True,1.430511474609375e-06
8124,238.76494122500299,32.478758,True,True,1.430511474609375e-06
8125,238.7923986829992,27.376714,True,True,1.430511474609375e-06
8126,238.82461639799294,32.140154,True,True,1.430511474609375e-06
8127,238.85728658401058,32.564586,True,True,1.430511474609375e-06
8128,238.88750716400682,30.116153,True,True,1.430511474609375e-06
8129,238.9196177989943,32.028419,True,True,1.430511474609375e-06
8130,238.95236687699798,32.635663,True,True,1.430511474609375e-06
8131,238.98416940998868,31.705675,True,True,1.430511474609375e-06
8132,239.01663728698622,32.382848,True,True,1.430511474609375e-06
8133,239.0496929929941,32.933212,True,True,1.430511474609375e-06
8134,239.08244736600318,32.632068,True,True,1.430511474609375e-06
8135,239.13091212700238,48.370686,True,True,1.430511474609375e-06
8136,239.15822924798704,27.184394,True,True,1.430511474609375e-06
8137,239.19071179200546,32.375515,True,True,1.430511474609375e-06
8138,239.22161162100383,30.767783,True,True,1.430511474609375e-06
8139,239.25294442800805,31.250032,True,True,1.430511474609375e-06
8140,239.28565961800632,32.626211,True,True,1.430511474609375e-06
8141,239.31843101899722,32.637801,True,True,1.430511474609375e-06
8142,239.3510602239985,32.504579,True,True,1.430511474609375e-06
8143,239.37818409499596,27.029441,True,True,1.430511474609375e-06
8144,239.39688661700347,18.610021,True,True,1.430511474609375e-06
8145,239.41476772000897,17.821897,True,True,1.430511474609375e-06
8146,239.43261085799895,17.794852,True,True,1.430511474609375e-06
8147,239.45073843499995,18.075132,True,True,1.430511474609375e-06
8148,239.46857352598454,17.788379,True,True,1.430511474609375e-06
8149,239.4864926279988,17.869358,True,True,1.430511474609375e-06
8150,239.5043197060004,17.779667,True,True,1.430511474609375e-06
8151,239.52209227299318,17.720586,True,True,1.430511474609375e-06
8152,239.540304397,18.166265,True,True,1.430511474609375e-06
8153,239.55812934300047,17.772496,True,True,1.430511474609375e-06
8154,239.59091084700776,32.730297,True,True,1.430511474609375e-06
8155,239.6304871669854,39.461281,True,True,1.430511474609375e-06
8156,239.6767966769985,46.171816,True,True,1.430511474609375e-06
8157,239.71226346000913,35.343103,True,True,1.430511474609375e-06
8158,239.7590120040113,46.622126,True,True,1.430511474609375e-06
8159,239.78618088798248,27.061111,True,True,1.430511474609375e-06
8160,239.8180808009929,31.824158,True,True,1.430511474609375e-06
8161,239.84890689799795,30.733772,True,True,1.430511474609375e-06
8162,239.88031331499224,31.322553,True,True,1.430511474609375e-06
8163,239.91264614500687,32.262306,True,True,1.430511474609375e-06
8164,239.94542735200957,32.674954,True,True,1.430511474609375e-06
8165,239.97788614899036,32.365847,True,True,1.430511474609375e-06
8166,240.01113371600513,33.154544,True,True,1.430511474609375e-06
8167,240.05237612500787,41.106996,True,True,1.430511474609375e-06
8168,240.08201195398578,29.524681,True,True,1.430511474609375e-06
8169,240.1299501050089,47.869745,True,True,1.430511474609375e-06
8170,240.1641353800078,34.04523,True,True,1.430511474609375e-06
8171,240.19627864699578,32.037594,True,True,1.430511474609375e-06
8172,240.2290907969873,32.737886,True,True,1.430511474609375e-06
8173,240.26155341800768,32.36374,True,True,1.430511474609375e-06
8174,240.2940327069955,32.391138,True,True,1.430511474609375e-06
8175,240.32624561799457,32.13576,True,True,1.430511474609375e-06
8176,240.3588886820071,32.554506,True,True,1.430511474609375e-06
8177,240.396479041985,37.487563,True,True,1.430511474609375e-06
8178,240.41486500698375,18.281176,True,True,1.430511474609375e-06
8179,240.43286766199162,17.937199,True,True,1.430511474609375e-06
8180,240.45071389499935,17.786602,True,True,1.430511474609375e-06
8181,240.4690075289982,18.242473,True,True,1.430511474609375e-06
8182,240.48675933899358,17.687684,True,True,1.430511474609375e-06
8183,240.50485099098296,18.032624,True,True,1.430511474609375e-06
8184,240.5228820439952,17.982057,True,True,1.430511474609375e-06
8185,240.54067398700863,17.738736,True,True,1.430511474609375e-06
8186,240.55852387298364,17.803872,True,True,1.430511474609375e-06
8187,240.58321335099754,24.636884,True,True,1.430511474609375e-06
8188,240.6256708590081,42.379393,True,True,1.430511474609375e-06
8189,240.67604147701059,50.215325,True,True,1.430511474609375e-06
8190,240.70913415501127,32.96294,True,True,1.430511474609375e-06
8191,240.74116955100908,31.931939,True,True,1.430511474609375e-06
8192,240.77374701498775,32.506087,True,True,1.430511474609375e-06
8193,240.80603980700835,32.211573,True,True,1.430511474609375e-06
8194,240.83837275899714,32.249702,True,True,1.430511474609375e-06
8195,240.87094479598454,32.491584,True,True,1.430511474609375e-06
8196,240.9035488939844,32.522473,True,True,1.430511474609375e-06
8197,240.9358852340083,32.253763,True,True,1.430511474609375e-06
8198,240.96897262099083,32.956401,True,True,1.430511474609375e-06
8199,240.9958978749928,26.837181,True,True,1.430511474609375e-06
8200,241.04062461998546,44.639298,True,True,1.430511474609375e-06
8201,241.0760701719846,35.29829,True,True,1.430511474609375e-06
8202,241.1128469670075,36.681098,True,True,1.430511474609375e-06
8203,241.15704990399536,44.018969,True,True,1.430511474609375e-06
8204,241.18926578300307,32.082179,True,True,1.430511474609375e-06
8205,241.22401420600363,34.670544,True,True,1.430511474609375e-06
8206,241.2590870540007,34.978611,True,True,1.430511474609375e-06
8207,241.29180574498605,32.632532,True,True,1.430511474609375e-06
8208,241.32387116999598,31.984091,True,True,1.430511474609375e-06
8209,241.35619548498653,32.240385,True,True,1.430511474609375e-06
8210,241.3842282780097,27.953091,True,True,1.430511474609375e-06
8211,241.4023591770092,18.065201,True,True,1.430511474609375e-06
8212,241.42033400098444,17.919631,True,True,1.430511474609375e-06
8213,241.43850716398447,18.120173,True,True,1.430511474609375e-06
8214,241.45660540499375,18.03514,True,True,1.430511474609375e-06
8215,241.47475794699858,18.097288,True,True,1.430511474609375e-06
8216,241.49279053299688,17.97922,True,True,1.430511474609375e-06
8217,241.51083134900546,17.987606,True,True,1.430511474609375e-06
8218,241.52892968500964,18.049326,True,True,1.430511474609375e-06
8219,241.54695785898366,17.982518,True,True,1.430511474609375e-06
8220,241.56485767199774,17.850197,True,True,1.430511474609375e-06
8221,241.60277639800915,37.859726,True,True,1.430511474609375e-06
8222,241.6517136269831,48.829903,True,True,1.430511474609375e-06
8223,241.68398129500565,32.133439,True,True,1.430511474609375e-06
8224,241.71653593098745,32.465621,True,True,1.430511474609375e-06
8225,241.74954685301054,32.920911,True,True,1.430511474609375e-06
8226,241.78179483799613,32.16203,True,True,1.430511474609375e-06
8227,241.81417581398273,32.296621,True,True,1.430511474609375e-06
8228,241.8500835550076,35.818348,True,True,1.430511474609375e-06
8229,241.89952813999844,49.351222,True,True,1.430511474609375e-06
8230,241.93222368200077,32.579245,True,True,1.430511474609375e-06
8231,241.96458887698827,32.260133,True,True,1.430511474609375e-06
8232,241.99736592298723,32.677505,True,True,1.430511474609375e-06
8233,242.02476003399352,27.282888,True,True,1.430511474609375e-06
8234,242.05495257501025,30.105074,True,True,1.430511474609375e-06
8235,242.0860010870092,30.973386,True,True,1.430511474609375e-06
8236,242.13494124799035,48.854814,True,True,1.430511474609375e-06
8237,242.16723334699054,32.158332,True,True,1.430511474609375e-06
8238,242.20011437000358,32.806697,True,True,1.430511474609375e-06
8239,242.23253421098343,32.329792,True,True,1.430511474609375e-06
8240,242.2648514980101,32.240574,True,True,1.430511474609375e-06
8241,242.2971456499945,32.212311,True,True,1.430511474609375e-06
8242,242.32417005300522,26.944325,True,True,1.430511474609375e-06
8243,242.35340097700828,29.166348,True,True,1.430511474609375e-06
8244,242.38062274700496,27.164782,True,True,1.430511474609375e-06
8245,242.3985647340014,17.883206,True,True,1.430511474609375e-06
8246,242.4165591750061,17.941107,True,True,1.430511474609375e-06
8247,242.4400075809972,23.401755,True,True,1.430511474609375e-06
8248,242.45838590999483,18.306904,True,True,1.430511474609375e-06
8249,242.47668085299665,18.240064,True,True,1.430511474609375e-06
8250,242.49478280899348,18.048187,True,True,1.430511474609375e-06
8251,242.51261733099818,17.78637,True,True,1.430511474609375e-06
8252,242.53042922899476,17.762593,True,True,1.430511474609375e-06
8253,242.54841061099432,17.936511,True,True,1.430511474609375e-06
8254,242.57134810698335,22.891012,True,True,1.430511474609375e-06
8255,242.60359833799885,32.184317,True,True,1.430511474609375e-06
8256,242.63590908999322,32.19114,True,True,1.430511474609375e-06
8257,242.68032146399491,44.313414,True,True,1.430511474609375e-06
8258,242.72458633300266,44.128731,True,True,1.430511474609375e-06
8259,242.7597639579908,35.046006,True,True,1.430511474609375e-06
8260,242.7924256910046,32.575273,True,True,1.430511474609375e-06
8261,242.83657326700632,44.06727,True,True,1.430511474609375e-06
8262,242.86840209600632,31.724577,True,True,1.430511474609375e-06
8263,242.8935963609838,25.121396,True,True,1.430511474609375e-06
8264,242.92520064199925,31.539107,True,True,1.430511474609375e-06
8265,242.95784532598918,32.561294,True,True,1.430511474609375e-06
8266,242.99042478299816,32.496601,True,True,1.430511474609375e-06
8267,243.02369536701008,33.172233,True,True,1.430511474609375e-06
8268,243.05932308599586,35.526001,True,True,1.430511474609375e-06
8269,243.09152275000815,32.125704,True,True,1.430511474609375e-06
8270,243.12476003699703,33.154624,True,True,1.430511474609375e-06
8271,243.17610532799154,51.21607,True,True,1.430511474609375e-06
8272,243.20894001598936,32.741393,True,True,1.430511474609375e-06
8273,243.24140388000524,32.384323,True,True,1.430511474609375e-06
8274,243.2737465389946,32.24307,True,True,1.430511474609375e-06
8275,243.30614453399903,32.312371,True,True,1.430511474609375e-06
8276,243.33885474898852,32.623438,True,True,1.430511474609375e-06
8277,243.37137482999242,32.414946,True,True,1.430511474609375e-06
8278,243.39169201100594,20.238057,True,True,1.430511474609375e-06
8279,243.4097964419925,18.041684,True,True,1.430511474609375e-06
8280,243.4279770590074,18.128421,True,True,1.430511474609375e-06
8281,243.4460782620008,18.052147,True,True,1.430511474609375e-06
8282,243.464109869994,17.978499,True,True,1.430511474609375e-06
8283,243.48180005600443,17.642673,True,True,1.430511474609375e-06
8284,243.49968864000402,17.838861,True,True,1.430511474609375e-06
8285,243.51784073299496,18.099332,True,True,1.430511474609375e-06
8286,243.53581571398536,17.926755,True,True,1.430511474609375e-06
8287,243.55395356699592,18.087336,True,True,1.430511474609375e-06
8288,243.5788793200045,24.874273,True,True,1.430511474609375e-06
8289,243.61650514998473,37.551439,True,True,1.430511474609375e-06
8290,243.66848646500148,51.887159,True,True,1.430511474609375e-06
8291,243.70132084999932,32.695905,True,True,1.430511474609375e-06
8292,243.7333130479965,31.889102,True,True,1.430511474609375e-06
8293,243.76574514099048,32.353997,True,True,1.430511474609375e-06
8294,243.7986006529827,32.769631,True,True,1.430511474609375e-06
8295,243.83121738600312,32.531873,True,True,1.430511474609375e-06
8296,243.8634413779946,32.147479,True,True,1.430511474609375e-06
8297,243.89021250398946,26.686033,True,True,1.430511474609375e-06
8298,243.9193723280041,29.093892,True,True,1.430511474609375e-06
8299,243.95125822498812,31.826892,True,True,1.430511474609375e-06
8300,243.98350070300512,32.153201,True,True,1.430511474609375e-06
8301,244.01627923399792,32.682659,True,True,1.430511474609375e-06
8302,244.04894110700116,32.571068,True,True,1.430511474609375e-06
8303,244.08083281799918,31.811329,True,True,1.430511474609375e-06
8304,244.11594656898524,35.018316,True,True,1.430511474609375e-06
8305,244.15762961798464,41.546869,True,True,1.430511474609375e-06
8306,244.18733481998788,29.593189,True,True,1.430511474609375e-06
8307,244.21872744400753,31.317753,True,True,1.430511474609375e-06
8308,244.25449001899688,35.697986,True,True,1.430511474609375e-06
8309,244.28544501800206,30.847624,True,True,1.430511474609375e-06
8310,244.31777803300065,32.247084,True,True,1.430511474609375e-06
8311,244.35065579100046,32.782459,True,True,1.430511474609375e-06
8312,244.37785595899913,27.111235,True,True,1.430511474609375e-06
8313,244.39606374601135,18.143222,True,True,1.430511474609375e-06
8314,244.41398269700585,17.866183,True,True,1.430511474609375e-06
8315,244.43184357800055,17.813575,True,True,1.430511474609375e-06
8316,244.45014161700965,18.249947,True,True,1.430511474609375e-06
8317,244.46816177500295,17.973402,True,True,1.430511474609375e-06
8318,244.48628216498764,18.074419,True,True,1.430511474609375e-06
8319,244.5045084579906,18.152469,True,True,1.430511474609375e-06
8320,244.52256622898858,18.004743,True,True,1.430511474609375e-06
8321,244.54089856598875,18.287585,True,True,1.430511474609375e-06
8322,244.5587855569902,17.810279,True,True,1.430511474609375e-06
8323,244.5964332720032,37.578888,True,True,1.430511474609375e-06
8324,244.63217788399197,35.644843,True,True,1.430511474609375e-06
8325,244.69500282898662,62.679825,True,True,1.430511474609375e-06
8326,244.72722040399094,32.07735,True,True,1.430511474609375e-06
8327,244.76036869900418,33.040919,True,True,1.430511474609375e-06
8328,244.79319975399994,32.695057,True,True,1.430511474609375e-06
8329,244.8282655889925,34.973135,True,True,1.430511474609375e-06
8330,244.86348355800146,35.120165,True,True,1.430511474609375e-06
8331,244.8957557969843,32.192548,True,True,1.430511474609375e-06
8332,244.9283170189883,32.481759,True,True,1.430511474609375e-06
8333,244.9605487230001,32.146753,True,True,1.430511474609375e-06
8334,244.9930100539932,32.384164,True,True,1.430511474609375e-06
8335,245.02588082599686,32.786341,True,True,1.430511474609375e-06
8336,245.05799594399286,32.031541,True,True,1.430511474609375e-06
8337,245.08986532400013,31.789767,True,True,1.430511474609375e-06
8338,245.1307690879912,40.824391,True,True,1.430511474609375e-06
8339,245.1646763389872,33.769845,True,True,1.430511474609375e-06
8340,245.197008446994,32.216576,True,True,1.430511474609375e-06
8341,245.22968319698703,32.585547,True,True,1.430511474609375e-06
8342,245.26233743599732,32.552308,True,True,1.430511474609375e-06
8343,245.2946843880054,32.264924,True,True,1.430511474609375e-06
8344,245.3270709280041,32.293407,True,True,1.430511474609375e-06
8345,245.35927804198582,32.12523,True,True,1.430511474609375e-06
8346,245.38679174898425,27.434,True,True,1.430511474609375e-06
8347,245.40500845198403,18.151755,True,True,1.430511474609375e-06
8348,245.42312931799097,18.067469,True,True,1.430511474609375e-06
8349,245.44531481000013,22.120998,True,True,1.430511474609375e-06
8350,245.4636562509986,18.261907,True,True,1.430511474609375e-06
8351,245.48186823600554,18.151224,True,True,1.430511474609375e-06
8352,245.49975760199595,17.829427,True,True,1.430511474609375e-06
8353,245.51768965899828,17.877308,True,True,1.430511474609375e-06
8354,245.53606737501104,18.291362,True,True,1.430511474609375e-06
8355,245.55438014000538,18.258121,True,True,1.430511474609375e-06
8356,245.5780045389838,23.566548,True,True,1.430511474609375e-06
8357,245.61008528398816,32.004176,True,True,1.430511474609375e-06
8358,245.63566364199505,25.478729,True,True,1.430511474609375e-06
8359,245.68415371098672,48.39517,True,True,1.430511474609375e-06
8360,245.71631313298712,32.022709,True,True,1.430511474609375e-06
8361,245.74819575899164,31.805508,True,True,1.430511474609375e-06
8362,245.780392982997,32.133935,True,True,1.430511474609375e-06
8363,245.80715556500945,26.68834,True,True,1.430511474609375e-06
8364,245.83715209600632,29.934301,True,True,1.430511474609375e-06
8365,245.86952156000189,32.300477,True,True,1.430511474609375e-06
8366,245.90187120999326,32.271485,True,True,1.430511474609375e-06
8367,245.93447240898968,32.52773,True,True,1.430511474609375e-06
8368,245.96718260800117,32.631673,True,True,1.430511474609375e-06
8369,245.99952618399402,32.268723,True,True,1.430511474609375e-06
8370,246.03243388299597,32.817483,True,True,1.430511474609375e-06
8371,246.06865940100397,36.124818,True,True,1.430511474609375e-06
8372,246.1010988909984,32.334955,True,True,1.430511474609375e-06
8373,246.15173965398571,50.556663,True,True,1.430511474609375e-06
8374,246.18384990698542,31.977237,True,True,1.430511474609375e-06
8375,246.21599300199887,32.067946,True,True,1.430511474609375e-06
8376,246.24833647700143,32.258963,True,True,1.430511474609375e-06
8377,246.28104897600133,32.632267,True,True,1.430511474609375e-06
8378,246.32035412898404,39.222793,True,True,1.430511474609375e-06
8379,246.35691747599049,36.447745,True,True,1.430511474609375e-06
8380,246.38181856198935,24.816992,True,True,1.430511474609375e-06
8381,246.39976639000815,17.877308,True,True,1.430511474609375e-06
8382,246.41785898499074,18.038934,True,True,1.430511474609375e-06
8383,246.4358991989866,17.989467,True,True,1.430511474609375e-06
8384,246.45365644598496,17.699802,True,True,1.430511474609375e-06
8385,246.47174676900613,18.037054,True,True,1.430511474609375e-06
8386,246.48982426300063,18.023144,True,True,1.430511474609375e-06
8387,246.50788431000547,18.000542,True,True,1.430511474609375e-06
8388,246.5260439979902,18.108327,True,True,1.430511474609375e-06
8389,246.54405129898805,17.950699,True,True,1.430511474609375e-06
8390,246.56935960499686,25.254982,True,True,1.430511474609375e-06
8391,246.599377120001,29.934978,True,True,1.430511474609375e-06
8392,246.64309147099266,43.618586,True,True,1.430511474609375e-06
8393,246.69261441298295,49.388853,True,True,1.430511474609375e-06
8394,246.7246738219983,31.917998,True,True,1.430511474609375e-06
8395,246.74962066099397,24.867377,True,True,1.430511474609375e-06
8396,246.78148009700817,31.794475,True,True,1.430511474609375e-06
8397,246.8142880749947,32.732252,True,True,1.430511474609375e-06
8398,246.84662568799104,32.256065,True,True,1.430511474609375e-06
8399,246.87934612800018,32.646177,True,True,1.430511474609375e-06
8400,246.9117365629936,32.312356,True,True,1.430511474609375e-06
8401,246.94399327898282,32.179291,True,True,1.430511474609375e-06
8402,246.98317743398366,39.096145,True,True,1.430511474609375e-06
8403,247.0191068080021,35.795522,True,True,1.430511474609375e-06
8404,247.04956859900267,30.354536,True,True,1.430511474609375e-06
8405,247.081420529983,31.781855,True,True,1.430511474609375e-06
8406,247.1288584540016,47.354541,True,True,1.430511474609375e-06
8407,247.1626779520011,33.684228,True,True,1.430511474609375e-06
8408,247.19562544600922,32.853339,True,True,1.430511474609375e-06
8409,247.23037717098487,34.675753,True,True,1.430511474609375e-06
8410,247.26514956899337,34.675277,True,True,1.430511474609375e-06
8411,247.29797269700794,32.723507,True,True,1.430511474609375e-06
8412,247.3310275739932,32.969036,True,True,1.430511474609375e-06
8413,247.36350408999715,32.380092,True,True,1.430511474609375e-06
8414,247.39025261398638,26.674384,True,True,1.430511474609375e-06
8415,247.40900176300784,18.678701,True,True,1.430511474609375e-06
8416,247.4268448209914,17.790452,True,True,1.430511474609375e-06
8417,247.4449573539896,18.052332,True,True,1.430511474609375e-06
8418,247.46298911998747,17.978715,True,True,1.430511474609375e-06
8419,247.4808962509851,17.858412,True,True,1.430511474609375e-06
8420,247.49870498100063,17.761597,True,True,1.430511474609375e-06
8421,247.51688504900085,18.132203,True,True,1.430511474609375e-06
8422,247.5347214580106,17.787089,True,True,1.430511474609375e-06
8423,247.55272725099348,17.952937,True,True,1.430511474609375e-06
8424,247.5707152170071,17.935135,True,True,1.430511474609375e-06
8425,247.60836238099728,37.58888,True,True,1.430511474609375e-06
8426,247.65989397099474,51.418961,True,True,1.430511474609375e-06
8427,247.70775598098407,47.687048,True,True,1.430511474609375e-06
8428,247.73987385298824,31.987623,True,True,1.430511474609375e-06
8429,247.7727355120005,32.784915,True,True,1.430511474609375e-06
8430,247.80541207900387,32.594529,True,True,1.430511474609375e-06
8431,247.83997696300503,34.481901,True,True,1.430511474609375e-06
8432,247.87588902600692,35.806977,True,True,1.430511474609375e-06
8433,247.9081226179842,32.14438,True,True,1.430511474609375e-06
8434,247.941589449998,33.389454,True,True,1.430511474609375e-06
8435,247.97363004699582,31.913607,True,True,1.430511474609375e-06
8436,248.00676928498433,33.0467,True,True,1.430511474609375e-06
8437,248.0395595789887,32.676356,True,True,1.430511474609375e-06
8438,248.07189704600023,32.244575,True,True,1.430511474609375e-06
8439,248.10507751599653,33.087883,True,True,1.430511474609375e-06
8440,248.15449750999687,49.332343,True,True,1.430511474609375e-06
8441,248.18659192800988,31.964552,True,True,1.430511474609375e-06
8442,248.21405580599094,27.37895,True,True,1.430511474609375e-06
8443,248.24700214198674,32.867536,True,True,1.430511474609375e-06
8444,248.27703868001117,29.917695,True,True,1.430511474609375e-06
8445,248.30941957700998,32.286829,True,True,1.430511474609375e-06
8446,248.34201563699753,32.490725,True,True,1.430511474609375e-06
8447,248.37501064999378,32.874227,True,True,1.430511474609375e-06
8448,248.39567571599036,20.557624,True,True,1.430511474609375e-06
8449,248.41393235500436,18.18315,True,True,1.430511474609375e-06
8450,248.43343428400112,19.4359,True,True,1.430511474609375e-06
8451,248.45533746000729,21.835801,True,True,1.430511474609375e-06
8452,248.4766004300036,21.199948,True,True,1.430511474609375e-06
8453,248.50273101698258,26.011058,True,True,1.430511474609375e-06
8454,248.52099919400644,18.187384,True,True,1.430511474609375e-06
8455,248.53893169999355,17.879904,True,True,1.430511474609375e-06
8456,248.55710620700847,18.122082,True,True,1.430511474609375e-06
8457,248.5873423620069,30.185611,True,True,1.430511474609375e-06
8458,248.61449653399177,27.056952,True,True,1.430511474609375e-06
8459,248.64673351598321,32.157531,True,True,1.430511474609375e-06
8460,248.68476816799375,37.923934,True,True,1.430511474609375e-06
8461,248.7269834629842,42.070698,True,True,1.430511474609375e-06
8462,248.7587042459927,31.601959,True,True,1.430511474609375e-06
8463,248.79238534800243,33.596075,True,True,1.430511474609375e-06
8464,248.82501288398635,32.51596,True,True,1.430511474609375e-06
8465,248.8575080599985,32.395572,True,True,1.430511474609375e-06
8466,248.8909433289955,33.336179,True,True,1.430511474609375e-06
8467,248.92344736098312,32.399461,True,True,1.430511474609375e-06
8468,248.9554498899961,31.926552,True,True,1.430511474609375e-06
8469,248.98858917600592,33.05013,True,True,1.430511474609375e-06
8470,249.02159130500513,32.907291,True,True,1.430511474609375e-06
8471,249.0596346129896,37.95789,True,True,1.430511474609375e-06
8472,249.09209433500655,32.338895,True,True,1.430511474609375e-06
8473,249.1425775869866,50.374494,True,True,1.430511474609375e-06
8474,249.17519537400221,32.464215,True,True,1.430511474609375e-06
8475,249.2074287539872,32.153546,True,True,1.430511474609375e-06
8476,249.24032812798396,32.823915,True,True,1.430511474609375e-06
8477,249.27318998600822,32.772724,True,True,1.430511474609375e-06
8478,249.3082182329963,34.911708,True,True,1.430511474609375e-06
8479,249.3551125189988,46.770858,True,True,1.430511474609375e-06
8480,249.38316982000833,27.941828,True,True,1.430511474609375e-06
8481,249.40135189998546,18.11284,True,True,1.430511474609375e-06
8482,249.4198353140091,18.425444,True,True,1.430511474609375e-06
8483,249.4379858270113,18.102674,True,True,1.430511474609375e-06
8484,249.45615682998323,18.117184,True,True,1.430511474609375e-06
8485,249.47430624600383,18.09497,True,True,1.430511474609375e-06
8486,249.49245093698846,18.089717,True,True,1.430511474609375e-06
8487,249.51058842000202,18.085571,True,True,1.430511474609375e-06
8488,249.52932673998293,18.689467,True,True,1.430511474609375e-06
8489,249.54764419299318,18.255571,True,True,1.430511474609375e-06
8490,249.5659709169995,18.265357,True,True,1.430511474609375e-06
8491,249.59756731500966,31.514762,True,True,1.430511474609375e-06
8492,249.62770704500144,30.024706,True,True,1.430511474609375e-06
8493,249.6716512060084,43.847881,True,True,1.430511474609375e-06
8494,249.7211910719925,49.410625,True,True,1.430511474609375e-06
8495,249.754273722996,32.952598,True,True,1.430511474609375e-06
8496,249.78677659999812,32.388003,True,True,1.430511474609375e-06
8497,249.8143848690088,27.508753,True,True,1.430511474609375e-06
8498,249.84418662899407,29.716574,True,True,1.430511474609375e-06
8499,249.87649089700426,32.215845,True,True,1.430511474609375e-06
8500,249.90904450198286,32.452373,True,True,1.430511474609375e-06
8501,249.94215373598854,33.010974,True,True,1.430511474609375e-06
8502,249.9749724190042,32.709683,True,True,1.430511474609375e-06
8503,250.0068693140056,31.801672,True,True,1.430511474609375e-06
8504,250.03976841300027,32.788431,True,True,1.430511474609375e-06
8505,250.0731829520082,33.304288,True,True,1.430511474609375e-06
8506,250.10599476998323,32.712742,True,True,1.430511474609375e-06
8507,250.15649256701,50.391673,True,True,1.430511474609375e-06
8508,250.18919270299375,32.570485,True,True,1.430511474609375e-06
8509,250.22136341800797,32.089161,True,True,1.430511474609375e-06
8510,250.2578967080044,36.453442,True,True,1.430511474609375e-06
8511,250.2906459470105,32.629562,True,True,1.430511474609375e-06
8512,250.32323968899436,32.499789,True,True,1.430511474609375e-06
8513,250.35599469800945,32.667613,True,True,1.430511474609375e-06
8514,250.3832891290076,27.192352,True,True,1.430511474609375e-06
8515,250.40156932899845,18.215146,True,True,1.430511474609375e-06
8516,250.4195814919949,17.954372,True,True,1.430511474609375e-06
8517,250.43861440298497,18.985741,True,True,1.430511474609375e-06
8518,250.45693322599982,18.247811,True,True,1.430511474609375e-06
8519,250.47516338000423,18.17039,True,True,1.430511474609375e-06
8520,250.49357835500268,18.363992,True,True,1.430511474609375e-06
8521,250.51136988200597,17.743808,True,True,1.430511474609375e-06
8522,250.52948832599213,18.073748,True,True,1.430511474609375e-06
8523,250.54809134700918,18.554679,True,True,1.430511474609375e-06
8524,250.56627316199592,18.112943,True,True,1.430511474609375e-06
8525,250.60359702800633,37.258401,True,True,1.430511474609375e-06
8526,250.63072802399984,27.040477,True,True,1.430511474609375e-06
8527,250.6636076249997,32.80842,True,True,1.430511474609375e-06
8528,250.7110682989878,47.345084,True,True,1.430511474609375e-06
8529,250.7422758259927,31.056878,True,True,1.430511474609375e-06
8530,250.7742018319841,31.848012,True,True,1.430511474609375e-06
8531,250.80647001898615,32.201209,True,True,1.430511474609375e-06
8532,250.84024787298404,33.697294,True,True,1.430511474609375e-06
8533,250.87560760698398,35.252344,True,True,1.430511474609375e-06
8534,250.9083223339985,32.631666,True,True,1.430511474609375e-06
8535,250.94114423400606,32.747311,True,True,1.430511474609375e-06
8536,250.97345596298692,32.222545,True,True,1.430511474609375e-06
8537,251.00595088899718,32.415135,True,True,1.430511474609375e-06
8538,251.03932941399398,33.282738,True,True,1.430511474609375e-06
8539,251.07174771098653,32.333908,True,True,1.430511474609375e-06
8540,251.10408838800504,32.264807,True,True,1.430511474609375e-06
8541,251.15341500699287,49.241001,True,True,1.430511474609375e-06
8542,251.18542531400453,31.88288,True,True,1.430511474609375e-06
8543,251.21056184900226,25.059496,True,True,1.430511474609375e-06
8544,251.25984119600616,49.209935,True,True,1.430511474609375e-06
8545,251.29223997399095,32.271183,True,True,1.430511474609375e-06
8546,251.32555761298863,33.201,True,True,1.430511474609375e-06
8547,251.35840079101035,32.726781,True,True,1.430511474609375e-06
8548,251.38570259700646,27.211887,True,True,1.430511474609375e-06
8549,251.40396874400903,18.189402,True,True,1.430511474609375e-06
8550,251.42192362900823,17.894729,True,True,1.430511474609375e-06
8551,251.44060955400346,18.620231,True,True,1.430511474609375e-06
8552,251.45883932700963,18.174032,True,True,1.430511474609375e-06
8553,251.47711385801085,18.225092,True,True,1.430511474609375e-06
8554,251.4952119970112,18.041998,True,True,1.430511474609375e-06
8555,251.513048599998,17.785672,True,True,1.430511474609375e-06
8556,251.53161599099985,18.521376,True,True,1.430511474609375e-06
8557,251.54980346400407,18.130787,True,True,1.430511474609375e-06
8558,251.5727768529905,22.908881,True,True,1.430511474609375e-06
8559,251.60558834200492,32.731578,True,True,1.430511474609375e-06
8560,251.6387472949864,33.03717,True,True,1.430511474609375e-06
8561,251.6714251129888,32.562612,True,True,1.430511474609375e-06
8562,251.7211902840063,49.642584,True,True,1.430511474609375e-06
8563,251.75394513300853,32.617182,True,True,1.430511474609375e-06
8564,251.78562640000018,31.565971,True,True,1.430511474609375e-06
8565,251.8105166979949,24.816809,True,True,1.430511474609375e-06
8566,251.85564406000776,45.053588,True,True,1.430511474609375e-06
8567,251.88777015500818,31.985439,True,True,1.430511474609375e-06
8568,251.9205601249996,32.716194,True,True,1.430511474609375e-06
8569,251.9530527459865,32.41295,True,True,1.430511474609375e-06
8570,251.98060272700968,27.458403,True,True,1.430511474609375e-06
8571,252.01077027400606,30.091805,True,True,1.430511474609375e-06
8572,252.04230770698632,31.420366,True,True,1.430511474609375e-06
8573,252.07566944599967,33.287925,True,True,1.430511474609375e-06
8574,252.110378701007,34.608556,True,True,1.430511474609375e-06
8575,252.1576861779904,47.168249,True,True,1.430511474609375e-06
8576,252.1900432239927,32.220483,True,True,1.430511474609375e-06
8577,252.22180511598708,31.67474,True,True,1.430511474609375e-06
8578,252.2544969499868,32.612681,True,True,1.430511474609375e-06
8579,252.287378981011,32.768449,True,True,1.430511474609375e-06
8580,252.3147574350005,27.269543,True,True,1.430511474609375e-06
8581,252.34690814701025,32.061874,True,True,1.430511474609375e-06
8582,252.377589309006,30.576549,True,True,1.430511474609375e-06
8583,252.39714623100008,19.474036,True,True,1.430511474609375e-06
8584,252.41520895098802,18.00125,True,True,1.430511474609375e-06
8585,252.43297661698307,17.717143,True,True,1.430511474609375e-06
8586,252.45152625598712,18.493409,True,True,1.430511474609375e-06
8587,252.46968379500322,18.096307,True,True,1.430511474609375e-06
8588,252.48749506898457,17.756739,True,True,1.430511474609375e-06
8589,252.50562256600824,18.073677,True,True,1.430511474609375e-06
8590,252.52359300400713,17.92545,True,True,1.430511474609375e-06
8591,252.54161841998575,17.974508,True,True,1.430511474609375e-06
8592,252.55982623598538,18.157246,True,True,1.430511474609375e-06
8593,252.58995618700283,30.07816,True,True,1.430511474609375e-06
8594,252.62302777098375,32.98232,True,True,1.430511474609375e-06
8595,252.64837528200587,25.233223,True,True,1.430511474609375e-06
8596,252.6806867819978,32.23327,True,True,1.430511474609375e-06
8597,252.73025025599054,49.425997,True,True,1.430511474609375e-06
8598,252.7623812390084,31.995368,True,True,1.430511474609375e-06
8599,252.79401656700065,31.559376,True,True,1.430511474609375e-06
8600,252.82646303600632,32.381401,True,True,1.430511474609375e-06
8601,252.85916198798805,32.602161,True,True,1.430511474609375e-06
8602,252.89065136000863,31.407336,True,True,1.430511474609375e-06
8603,252.93053076599608,39.809367,True,True,1.430511474609375e-06
8604,252.9686216019909,37.960555,True,True,1.430511474609375e-06
8605,252.99872570400476,29.960095,True,True,1.430511474609375e-06
8606,253.0313546390098,32.523267,True,True,1.430511474609375e-06
8607,253.0637201819918,32.267879,True,True,1.430511474609375e-06
8608,253.09614938599407,32.347749,True,True,1.430511474609375e-06
8609,253.1454281079932,49.172684,True,True,1.430511474609375e-06
8610,253.1779612019891,32.398729,True,True,1.430511474609375e-06
8611,253.21030407201033,32.27582,True,True,1.430511474609375e-06
8612,253.24318969500018,32.800993,True,True,1.430511474609375e-06
8613,253.27590954198968,32.622631,True,True,1.430511474609375e-06
8614,253.30798356898595,31.984195,True,True,1.430511474609375e-06
8615,253.33539535399177,27.332656,True,True,1.430511474609375e-06
8616,253.36526353500085,29.791468,True,True,1.430511474609375e-06
8617,253.39213046300574,26.796732,True,True,1.430511474609375e-06
8618,253.41019131799112,17.998476,True,True,1.430511474609375e-06
8619,253.4282423539844,17.995913,True,True,1.430511474609375e-06
8620,253.4463515499956,18.055804,True,True,1.430511474609375e-06
8621,253.4644616729929,18.064937,True,True,1.430511474609375e-06
8622,253.48243487498257,17.924974,True,True,1.430511474609375e-06
8623,253.50032240399742,17.835288,True,True,1.430511474609375e-06
8624,253.5181693350023,17.799913,True,True,1.430511474609375e-06
8625,253.5360037010105,17.783821,True,True,1.430511474609375e-06
8626,253.5540171249886,17.963135,True,True,1.430511474609375e-06
8627,253.5838055339991,29.731883,True,True,1.430511474609375e-06
8628,253.61909242899856,35.182542,True,True,1.430511474609375e-06
8629,253.65068578900537,31.493274,True,True,1.430511474609375e-06
8630,253.68320710098487,32.433839,True,True,1.430511474609375e-06
8631,253.73249567998573,49.191697,True,True,1.430511474609375e-06
8632,253.76455899499706,31.932275,True,True,1.430511474609375e-06
8633,253.79629134800052,31.654224,True,True,1.430511474609375e-06
8634,253.8287762539985,32.414603,True,True,1.430511474609375e-06
8635,253.86092510799062,32.065253,True,True,1.430511474609375e-06
8636,253.88794001098722,26.932906,True,True,1.430511474609375e-06
8637,253.91708844699315,29.087109,True,True,1.430511474609375e-06
8638,253.9494867429894,32.336186,True,True,1.430511474609375e-06
8639,253.98191652799142,32.344295,True,True,1.430511474609375e-06
8640,254.0143933579966,32.391919,True,True,1.430511474609375e-06
8641,254.0467992159829,32.318969,True,True,1.430511474609375e-06
8642,254.08000462900964,33.127628,True,True,1.430511474609375e-06
8643,254.11513690499123,35.05018,True,True,1.430511474609375e-06
8644,254.15649833899806,41.229652,True,True,1.430511474609375e-06
8645,254.18555304399342,28.945584,True,True,1.430511474609375e-06
8646,254.2173050660058,31.686389,True,True,1.430511474609375e-06
8647,254.26591548498254,48.53135,True,True,1.430511474609375e-06
8648,254.29888763499912,32.846316,True,True,1.430511474609375e-06
8649,254.33125929898233,32.265287,True,True,1.430511474609375e-06
8650,254.3641643410083,32.810018,True,True,1.430511474609375e-06
8651,254.38459149899427,20.322636,True,True,1.430511474609375e-06
8652,254.40297261299565,18.312893,True,True,1.430511474609375e-06
8653,254.42078317399137,17.754731,True,True,1.430511474609375e-06
8654,254.4387796469964,17.947527,True,True,1.430511474609375e-06
8655,254.45699590799632,18.161001,True,True,1.430511474609375e-06
8656,254.47479187999852,17.740965,True,True,1.430511474609375e-06
8657,254.4928309849929,17.989972,True,True,1.430511474609375e-06
8658,254.51098504898255,18.105099,True,True,1.430511474609375e-06
8659,254.52900454000337,17.972865,True,True,1.430511474609375e-06
8660,254.54708881498664,18.036001,True,True,1.430511474609375e-06
8661,254.57276130100945,25.619085,True,True,1.430511474609375e-06
8662,254.60972486098763,36.871718,True,True,1.430511474609375e-06
8663,254.6423063109978,32.444417,True,True,1.430511474609375e-06
8664,254.6760065940034,33.597372,True,True,1.430511474609375e-06
8665,254.72533372000908,49.18722,True,True,1.430511474609375e-06
8666,254.75820027699228,32.734996,True,True,1.430511474609375e-06
8667,254.79060227400623,32.310388,True,True,1.430511474609375e-06
8668,254.82219142300892,31.501686,True,True,1.430511474609375e-06
8669,254.84691000400926,24.645051,True,True,1.430511474609375e-06
8670,254.87903717398876,32.060699,True,True,1.430511474609375e-06
8671,254.91214462698554,33.028597,True,True,1.430511474609375e-06
8672,254.94519073000993,32.965605,True,True,1.430511474609375e-06
8673,254.9777079189953,32.42386,True,True,1.430511474609375e-06
8674,255.02275219399598,44.960904,True,True,1.430511474609375e-06
8675,255.04993169600493,27.050891,True,True,1.430511474609375e-06
8676,255.09998707598425,49.974783,True,True,1.430511474609375e-06
8677,255.14689701798488,46.787963,True,True,1.430511474609375e-06
8678,255.17872965399874,31.702513,True,True,1.430511474609375e-06
8679,255.2118019059999,32.991594,True,True,1.430511474609375e-06
8680,255.24394634799683,32.062475,True,True,1.430511474609375e-06
8681,255.27633460398647,32.306027,True,True,1.430511474609375e-06
8682,255.3091426010069,32.722135,True,True,1.430511474609375e-06
8683,255.3419831339852,32.766783,True,True,1.430511474609375e-06
8684,255.3744339059922,32.376731,True,True,1.430511474609375e-06
8685,255.39487148399348,20.364322,True,True,1.430511474609375e-06
8686,255.41300777898869,18.077943,True,True,1.430511474609375e-06
8687,255.43109594500856,18.03863,True,True,1.430511474609375e-06
8688,255.44897001000936,17.819908,True,True,1.430511474609375e-06
8689,255.4669445109903,17.924295,True,True,1.430511474609375e-06
8690,255.48534851300064,18.341731,True,True,1.430511474609375e-06
8691,255.5033755559998,17.965421,True,True,1.430511474609375e-06
8692,255.52138076600386,17.953525,True,True,1.430511474609375e-06
8693,255.53920392200234,17.773785,True,True,1.430511474609375e-06
8694,255.55740511300974,18.148258,True,True,1.430511474609375e-06
8695,255.5826071240008,25.119828,True,True,1.430511474609375e-06
8696,255.62043146698852,37.711488,True,True,1.430511474609375e-06
8697,255.65245397700346,31.923512,True,True,1.430511474609375e-06
8698,255.67972435199772,27.177018,True,True,1.430511474609375e-06
8699,255.71684572199592,37.017247,True,True,1.430511474609375e-06
8700,255.75868565301062,41.689503,True,True,1.430511474609375e-06
8701,255.7901520319865,31.357117,True,True,1.430511474609375e-06
8702,255.82246642300743,32.24697,True,True,1.430511474609375e-06
8703,255.85529132699594,32.737327,True,True,1.430511474609375e-06
8704,255.88790308099124,32.529898,True,True,1.430511474609375e-06
8705,255.9362509729981,48.257975,True,True,1.430511474609375e-06
8706,255.96864673899836,32.275337,True,True,1.430511474609375e-06
8707,255.99539534299402,26.65229,True,True,1.430511474609375e-06
8708,256.0254542089824,29.99005,True,True,1.430511474609375e-06
8709,256.05809915598365,32.576629,True,True,1.430511474609375e-06
8710,256.0903489300108,32.169578,True,True,1.430511474609375e-06
8711,256.13949323800625,49.057875,True,True,1.430511474609375e-06
8712,256.17172330699395,32.098657,True,True,1.430511474609375e-06
8713,256.20419789198786,32.396213,True,True,1.430511474609375e-06
8714,256.23681702199974,32.540028,True,True,1.430511474609375e-06
8715,256.26900564398966,32.107106,True,True,1.430511474609375e-06
8716,256.30105437900056,31.959615,True,True,1.430511474609375e-06
8717,256.3280787259864,26.946506,True,True,1.430511474609375e-06
8718,256.35835138498805,30.20381,True,True,1.430511474609375e-06
8719,256.38526146899676,26.845457,True,True,1.430511474609375e-06
8720,256.40334509598324,18.028351,True,True,1.430511474609375e-06
8721,256.4215158849838,18.118527,True,True,1.430511474609375e-06
8722,256.43930985798943,17.750544,True,True,1.430511474609375e-06
8723,256.45712851700955,17.765962,True,True,1.430511474609375e-06
8724,256.47509364798316,17.915404,True,True,1.430511474609375e-06
8725,256.4930356259865,17.89204,True,True,1.430511474609375e-06
8726,256.51096759500797,17.879797,True,True,1.430511474609375e-06
8727,256.5288872180099,17.871235,True,True,1.430511474609375e-06
8728,256.5470577479864,18.119147,True,True,1.430511474609375e-06
8729,256.57003390201135,22.92793,True,True,1.430511474609375e-06
8730,256.602234327991,32.127902,True,True,1.430511474609375e-06
8731,256.6348373380024,32.500782,True,True,1.430511474609375e-06
8732,256.66774401901057,32.814622,True,True,1.430511474609375e-06
8733,256.70097278698813,33.117027,True,True,1.430511474609375e-06
8734,256.75119243198424,50.10041,True,True,1.430511474609375e-06
8735,256.7840504630003,32.722162,True,True,1.430511474609375e-06
8736,256.8160913590109,31.93507,True,True,1.430511474609375e-06
8737,256.84846395999193,32.284783,True,True,1.430511474609375e-06
8738,256.8815894720028,33.025063,True,True,1.430511474609375e-06
8739,256.9144704279897,32.7825,True,True,1.430511474609375e-06
8740,256.94723666098434,32.663262,True,True,1.430511474609375e-06
8741,256.98042525499477,33.07229,True,True,1.430511474609375e-06
8742,257.01253480798914,32.009168,True,True,1.430511474609375e-06
8743,257.03969916899223,27.081553,True,True,1.430511474609375e-06
8744,257.07025287800934,30.473546,True,True,1.430511474609375e-06
8745,257.10106412199093,30.735049,True,True,1.430511474609375e-06
8746,257.15087039998616,49.725843,True,True,1.430511474609375e-06
8747,257.18322828700184,32.223823,True,True,1.430511474609375e-06
8748,257.2155196570093,32.220724,True,True,1.430511474609375e-06
8749,257.24816851498326,32.566076,True,True,1.430511474609375e-06
8750,257.2803337739897,32.080418,True,True,1.430511474609375e-06
8751,257.3128938039881,32.478771,True,True,1.430511474609375e-06
8752,257.3397182879853,26.750218,True,True,1.430511474609375e-06
8753,257.36904548300663,29.257398,True,True,1.430511474609375e-06
8754,257.38960446600686,20.497344,True,True,1.430511474609375e-06
8755,257.40764071498415,17.985847,True,True,1.430511474609375e-06
8756,257.4259337419935,18.246344,True,True,1.430511474609375e-06
8757,257.4437602539838,17.770319,True,True,1.430511474609375e-06
8758,257.4620319439855,18.223161,True,True,1.430511474609375e-06
8759,257.480113661004,18.027178,True,True,1.430511474609375e-06
8760,257.49796518401126,17.804923,True,True,1.430511474609375e-06
8761,257.51603649300523,18.025527,True,True,1.430511474609375e-06
8762,257.5340945569915,18.015274,True,True,1.430511474609375e-06
8763,257.5521369880007,17.998568,True,True,1.430511474609375e-06
8764,257.5838506690052,31.657884,True,True,1.430511474609375e-06
8765,257.6165745249891,32.617528,True,True,1.430511474609375e-06
8766,257.64678409000044,30.123419,True,True,1.430511474609375e-06
8767,257.6791750259872,32.310943,True,True,1.430511474609375e-06
8768,257.7151076649898,35.830015,True,True,1.430511474609375e-06
8769,257.76114496798255,45.899212,True,True,1.430511474609375e-06
8770,257.793996065011,32.733465,True,True,1.430511474609375e-06
8771,257.8288586589915,34.779297,True,True,1.430511474609375e-06
8772,257.87538900299114,46.409238,True,True,1.430511474609375e-06
8773,257.90801037600613,32.506002,True,True,1.430511474609375e-06
8774,257.9399876820098,31.880738,True,True,1.430511474609375e-06
8775,257.9669816439855,26.912184,True,True,1.430511474609375e-06
8776,257.99753438399057,30.477621,True,True,1.430511474609375e-06
8777,258.0290476619848,31.417807,True,True,1.430511474609375e-06
8778,258.0617615240044,32.633247,True,True,1.430511474609375e-06
8779,258.09356387599837,31.704593,True,True,1.430511474609375e-06
8780,258.14348759601125,49.828985,True,True,1.430511474609375e-06
8781,258.17585245898226,32.230633,True,True,1.430511474609375e-06
8782,258.2089107919892,32.970993,True,True,1.430511474609375e-06
8783,258.24172290498973,32.709148,True,True,1.430511474609375e-06
8784,258.2736017779971,31.773416,True,True,1.430511474609375e-06
8785,258.30024930200307,26.565554,True,True,1.430511474609375e-06
8786,258.33047646901105,30.151968,True,True,1.430511474609375e-06
8787,258.36254960799124,32.002313,True,True,1.430511474609375e-06
8788,258.3898875369923,27.223626,True,True,1.430511474609375e-06
8789,258.40816155899665,18.198655,True,True,1.430511474609375e-06
8790,258.4261961209995,17.98038,True,True,1.430511474609375e-06
8791,258.44402704699314,17.77259,True,True,1.430511474609375e-06
8792,258.4619424979901,17.865647,True,True,1.430511474609375e-06
8793,258.480176062003,18.176735,True,True,1.430511474609375e-06
8794,258.498209590005,17.979033,True,True,1.430511474609375e-06
8795,258.516462686006,18.202768,True,True,1.430511474609375e-06
8796,258.53463288900093,18.120499,True,True,1.430511474609375e-06
8797,258.5526707659883,17.984216,True,True,1.430511474609375e-06
8798,258.5758693399839,23.131491,True,True,1.430511474609375e-06
8799,258.60715132398764,31.193,True,True,1.430511474609375e-06
8800,258.64038016600534,33.142351,True,True,1.430511474609375e-06
8801,258.67313130100956,32.634799,True,True,1.430511474609375e-06
8802,258.70578318298794,32.537608,True,True,1.430511474609375e-06
8803,258.7554259719909,49.520723,True,True,1.430511474609375e-06
8804,258.7876235639851,32.064568,True,True,1.430511474609375e-06
8805,258.8205653170007,32.857313,True,True,1.430511474609375e-06
8806,258.85348490899196,32.834302,True,True,1.430511474609375e-06
8807,258.8859643669857,32.395307,True,True,1.430511474609375e-06
8808,258.91882842298946,32.785048,True,True,1.430511474609375e-06
8809,258.9507972619904,31.886614,True,True,1.430511474609375e-06
8810,258.98361714099883,32.73122,True,True,1.430511474609375e-06
8811,259.00863531799405,24.937869,True,True,1.430511474609375e-06
8812,259.0406192310038,31.912201,True,True,1.430511474609375e-06
8813,259.0728634480038,32.166879,True,True,1.430511474609375e-06
8814,259.10519642199506,32.26112,True,True,1.430511474609375e-06
8815,259.15452525400906,49.239761,True,True,1.430511474609375e-06
8816,259.1872785660089,32.625788,True,True,1.430511474609375e-06
8817,259.219618875999,32.257343,True,True,1.430511474609375e-06
8818,259.25190165499225,32.203562,True,True,1.430511474609375e-06
8819,259.2846066080092,32.613174,True,True,1.430511474609375e-06
8820,259.31185641099,27.135892,True,True,1.430511474609375e-06
8821,259.34155993399327,29.607132,True,True,1.430511474609375e-06
8822,259.3742376700102,32.610172,True,True,1.430511474609375e-06
8823,259.3944279499992,20.111587,True,True,1.430511474609375e-06
8824,259.41296771599445,18.476875,True,True,1.430511474609375e-06
8825,259.4313268990081,18.253492,True,True,1.430511474609375e-06
8826,259.44946749400697,18.073123,True,True,1.430511474609375e-06
8827,259.46800850500586,18.48744,True,True,1.430511474609375e-06
8828,259.4860225110024,17.96375,True,True,1.430511474609375e-06
8829,259.50407002598513,17.998118,True,True,1.430511474609375e-06
8830,259.532456801011,28.315132,True,True,1.430511474609375e-06
8831,259.5507570579939,18.217375,True,True,1.430511474609375e-06
8832,259.57427930799895,23.463448,True,True,1.430511474609375e-06
8833,259.60686067698407,32.514182,True,True,1.430511474609375e-06
8834,259.6396429580054,32.663716,True,True,1.430511474609375e-06
8835,259.672934059985,33.173691,True,True,1.430511474609375e-06
8836,259.7056456480059,32.590233,True,True,1.430511474609375e-06
8837,259.75490132698906,49.135763,True,True,1.430511474609375e-06
8838,259.7871063360071,32.071301,True,True,1.430511474609375e-06
8839,259.82008639900596,32.897048,True,True,1.430511474609375e-06
8840,259.852472175,32.298426,True,True,1.430511474609375e-06
8841,259.8847598680004,32.206035,True,True,1.430511474609375e-06
8842,259.91213139198953,27.294923,True,True,1.430511474609375e-06
8843,259.94152511798893,29.333445,True,True,1.430511474609375e-06
8844,259.97429366898723,32.708987,True,True,1.430511474609375e-06
8845,260.00652804400306,32.154142,True,True,1.430511474609375e-06
8846,260.03867465400253,32.04672,True,True,1.430511474609375e-06
8847,260.0714051059913,32.643736,True,True,1.430511474609375e-06
8848,260.10351853299653,32.032656,True,True,1.430511474609375e-06
8849,260.1521297250001,48.527258,True,True,1.430511474609375e-06
8850,260.191809654003,39.548927,True,True,1.430511474609375e-06
8851,260.2285765419947,36.641324,True,True,1.430511474609375e-06
8852,260.25898930898984,30.323295,True,True,1.430511474609375e-06
8853,260.2906929460005,31.637045,True,True,1.430511474609375e-06
8854,260.3233374299889,32.525651,True,True,1.430511474609375e-06
8855,260.3564571730094,33.038734,True,True,1.430511474609375e-06
8856,260.38361253298353,27.072663,True,True,1.430511474609375e-06
8857,260.40157275498495,17.898807,True,True,1.430511474609375e-06
8858,260.41966493299697,18.041171,True,True,1.430511474609375e-06
8859,260.43792277300963,18.206062,True,True,1.430511474609375e-06
8860,260.4559282439877,17.950046,True,True,1.430511474609375e-06
8861,260.47379646799527,17.814803,True,True,1.430511474609375e-06
8862,260.49168814200675,17.8416,True,True,1.430511474609375e-06
8863,260.5094867630105,17.746563,True,True,1.430511474609375e-06
8864,260.5274921020027,17.956448,True,True,1.430511474609375e-06
8865,260.54554883000674,18.01295,True,True,1.430511474609375e-06
8866,260.56357570100226,17.975942,True,True,1.430511474609375e-06
8867,260.59533111500787,31.689663,True,True,1.430511474609375e-06
8868,260.63295904398547,37.522757,True,True,1.430511474609375e-06
8869,260.6658118350024,32.714647,True,True,1.430511474609375e-06
8870,260.6983593989862,32.453967,True,True,1.430511474609375e-06
8871,260.7417995620053,43.338541,True,True,1.430511474609375e-06
8872,260.7710239299922,29.086794,True,True,1.430511474609375e-06
8873,260.80184042599285,30.739767,True,True,1.430511474609375e-06
8874,260.83665770301013,34.751951,True,True,1.430511474609375e-06
8875,260.8829369150044,46.16697,True,True,1.430511474609375e-06
8876,260.9160143469926,32.966824,True,True,1.430511474609375e-06
8877,260.9488132649858,32.698016,True,True,1.430511474609375e-06
8878,260.98127557500266,32.362892,True,True,1.430511474609375e-06
8879,261.0140807029966,32.701677,True,True,1.430511474609375e-06
8880,261.04132218199084,27.125258,True,True,1.430511474609375e-06
8881,261.0737957129895,32.391692,True,True,1.430511474609375e-06
8882,261.106719383999,32.822738,True,True,1.430511474609375e-06
8883,261.15328675400815,46.449209,True,True,1.430511474609375e-06
8884,261.1860332030046,32.616874,True,True,1.430511474609375e-06
8885,261.2186966080044,32.556154,True,True,1.430511474609375e-06
8886,261.2515070899972,32.693266,True,True,1.430511474609375e-06
8887,261.28485051798634,33.247216,True,True,1.430511474609375e-06
8888,261.3168219210056,31.860667,True,True,1.430511474609375e-06
8889,261.3495544489997,32.650128,True,True,1.430511474609375e-06
8890,261.3764752589923,26.818368,True,True,1.430511474609375e-06
8891,261.39511827300885,18.563828,True,True,1.430511474609375e-06
8892,261.41334998401,18.164836,True,True,1.430511474609375e-06
8893,261.431396511005,17.993531,True,True,1.430511474609375e-06
8894,261.44947823899565,18.027178,True,True,1.430511474609375e-06
8895,261.4674061019905,17.879267,True,True,1.430511474609375e-06
8896,261.48585755898966,18.397423,True,True,1.430511474609375e-06
8897,261.5038926859852,17.981043,True,True,1.430511474609375e-06
8898,261.5216480839881,17.706522,True,True,1.430511474609375e-06
8899,261.5397345449892,18.040384,True,True,1.430511474609375e-06
8900,261.55755224099266,17.768014,True,True,1.430511474609375e-06
8901,261.5909291309945,33.315919,True,True,1.430511474609375e-06
8902,261.6287529949914,37.70055,True,True,1.430511474609375e-06
8903,261.661017809005,32.130048,True,True,1.430511474609375e-06
8904,261.7105809309869,49.454183,True,True,1.430511474609375e-06
8905,261.7452906440012,34.563614,True,True,1.430511474609375e-06
8906,261.79230836901115,46.80246,True,True,1.430511474609375e-06
8907,261.824237015011,31.81735,True,True,1.430511474609375e-06
8908,261.84918091399595,24.871229,True,True,1.430511474609375e-06
8909,261.8812181770045,31.975712,True,True,1.430511474609375e-06
8910,261.9139237040072,32.62358,True,True,1.430511474609375e-06
8911,261.9459126139991,31.912007,True,True,1.430511474609375e-06
8912,261.9783816470008,32.388707,True,True,1.430511474609375e-06
8913,262.01165773699176,33.193228,True,True,1.430511474609375e-06
8914,262.0442262550059,32.45707,True,True,1.430511474609375e-06
8915,262.07669624401024,32.386883,True,True,1.430511474609375e-06
8916,262.1111418500077,34.358411,True,True,1.430511474609375e-06
8917,262.15778310300084,46.498799,True,True,1.430511474609375e-06
8918,262.18492463900475,27.029691,True,True,1.430511474609375e-06
8919,262.21483549600816,29.836932,True,True,1.430511474609375e-06
8920,262.2474671159871,32.563238,True,True,1.430511474609375e-06
8921,262.2802557289833,32.690914,True,True,1.430511474609375e-06
8922,262.31302868400235,32.656473,True,True,1.430511474609375e-06
8923,262.346166628995,33.029471,True,True,1.430511474609375e-06
8924,262.3786537630076,32.386367,True,True,1.430511474609375e-06
8925,262.39906364199123,20.301282,True,True,1.430511474609375e-06
8926,262.41712995400303,18.004592,True,True,1.430511474609375e-06
8927,262.435266216984,18.080008,True,True,1.430511474609375e-06
8928,262.45338819301105,18.053515,True,True,1.430511474609375e-06
8929,262.47119505898445,17.752381,True,True,1.430511474609375e-06
8930,262.4891752679832,17.921376,True,True,1.430511474609375e-06
8931,262.50958735798486,20.357854,True,True,1.430511474609375e-06
8932,262.5324062689906,22.733747,True,True,1.430511474609375e-06
8933,262.5538436259958,21.36698,True,True,1.430511474609375e-06
8934,262.57680290399003,22.896113,True,True,1.430511474609375e-06
8935,262.6089043300017,32.033258,True,True,1.430511474609375e-06
8936,262.63608056798694,27.074033,True,True,1.430511474609375e-06
8937,262.66879297301057,32.62926,True,True,1.430511474609375e-06
8938,262.6988440149871,29.962029,True,True,1.430511474609375e-06
8939,262.73172945398255,32.80437,True,True,1.430511474609375e-06
8940,262.7812887739856,49.474774,True,True,1.430511474609375e-06
8941,262.8138070179848,32.395115,True,True,1.430511474609375e-06
8942,262.8461177639838,32.225556,True,True,1.430511474609375e-06
8943,262.8789129529905,32.707631,True,True,1.430511474609375e-06
8944,262.9116733520059,32.652346,True,True,1.430511474609375e-06
8945,262.94506686300156,33.304144,True,True,1.430511474609375e-06
8946,262.97775752301095,32.576655,True,True,1.430511474609375e-06
8947,263.01109351898776,33.248568,True,True,1.430511474609375e-06
8948,263.0444484470063,33.219859,True,True,1.430511474609375e-06
8949,263.0769815539825,32.428126,True,True,1.430511474609375e-06
8950,263.11299662999227,35.919322,True,True,1.430511474609375e-06
8951,263.15951233700616,46.394047,True,True,1.430511474609375e-06
8952,263.1925833209825,32.95473,True,True,1.430511474609375e-06
8953,263.2197959749901,27.107447,True,True,1.430511474609375e-06
8954,263.2520074369968,32.128331,True,True,1.430511474609375e-06
8955,263.2826526069839,30.546442,True,True,1.430511474609375e-06
8956,263.31400583399227,31.272923,True,True,1.430511474609375e-06
8957,263.346807902999,32.73956,True,True,1.430511474609375e-06
8958,263.3794136939978,32.520393,True,True,1.430511474609375e-06
8959,263.39979064199724,20.298814,True,True,1.430511474609375e-06
8960,263.41786624098313,18.015731,True,True,1.430511474609375e-06
8961,263.4367973339977,18.880148,True,True,1.430511474609375e-06
8962,263.4551844490052,18.328658,True,True,1.430511474609375e-06
8963,263.47294803799014,17.706395,True,True,1.430511474609375e-06
8964,263.4912366089993,18.238301,True,True,1.430511474609375e-06
8965,263.50922458499554,17.938031,True,True,1.430511474609375e-06
8966,263.52754024698515,18.263716,True,True,1.430511474609375e-06
8967,263.54565066398936,18.061155,True,True,1.430511474609375e-06
8968,263.56390409500455,18.207354,True,True,1.430511474609375e-06
8969,263.593870384997,29.919254,True,True,1.430511474609375e-06
8970,263.62589100698824,31.956071,True,True,1.430511474609375e-06
8971,263.6528137300047,26.82588,True,True,1.430511474609375e-06
8972,263.68520413999795,32.313021,True,True,1.430511474609375e-06
8973,263.71632455301005,31.00082,True,True,1.430511474609375e-06
8974,263.7634997999994,47.079201,True,True,1.430511474609375e-06
8975,263.7973779019958,33.742745,True,True,1.430511474609375e-06
8976,263.8304704040056,32.992054,True,True,1.430511474609375e-06
8977,263.8634106789832,32.831843,True,True,1.430511474609375e-06
8978,263.8960030779999,32.493327,True,True,1.430511474609375e-06
8979,263.92931670698454,33.216135,True,True,1.430511474609375e-06
8980,263.9618060179928,32.391349,True,True,1.430511474609375e-06
8981,263.9947357850033,32.821158,True,True,1.430511474609375e-06
8982,264.0274103489937,32.569466,True,True,1.430511474609375e-06
8983,264.06041113400715,32.903195,True,True,1.430511474609375e-06
8984,264.09289841598365,32.382046,True,True,1.430511474609375e-06
8985,264.1422662420082,49.266164,True,True,1.430511474609375e-06
8986,264.1695147859864,27.114802,True,True,1.430511474609375e-06
8987,264.19871083300677,29.103865,True,True,1.430511474609375e-06
8988,264.2312038159871,32.419893,True,True,1.430511474609375e-06
8989,264.26341044699075,32.117749,True,True,1.430511474609375e-06
8990,264.2956031729991,32.103971,True,True,1.430511474609375e-06
8991,264.3280037860095,32.289201,True,True,1.430511474609375e-06
8992,264.3604330070084,32.346484,True,True,1.430511474609375e-06
8993,264.38805073700496,27.520107,True,True,1.430511474609375e-06
8994,264.4064763519855,18.346012,True,True,1.430511474609375e-06
8995,264.4248206479824,18.287572,True,True,1.430511474609375e-06
8996,264.45309536199784,28.196747,True,True,1.430511474609375e-06
8997,264.47121991799213,18.036577,True,True,1.430511474609375e-06
8998,264.48933460199623,18.051521,True,True,1.430511474609375e-06
8999,264.50741521499003,18.022915,True,True,1.430511474609375e-06
9000,264.5255662089912,18.09778,True,True,1.430511474609375e-06
9001,264.54747630498605,21.853447,True,True,1.430511474609375e-06
9002,264.56905692399596,21.495982,True,True,1.430511474609375e-06
9003,264.60197015700396,32.832307,True,True,1.430511474609375e-06
9004,264.6321667250013,30.076692,True,True,1.430511474609375e-06
9005,264.6650398389902,32.79219,True,True,1.430511474609375e-06
9006,264.69740422200994,32.251044,True,True,1.430511474609375e-06
9007,264.73026265599765,32.765699,True,True,1.430511474609375e-06
9008,264.77898272901075,48.635824,True,True,1.430511474609375e-06
9009,264.81218425300904,33.073482,True,True,1.430511474609375e-06
9010,264.8448184519948,32.543094,True,True,1.430511474609375e-06
9011,264.8780095760012,33.071042,True,True,1.430511474609375e-06
9012,264.91095327498624,32.841663,True,True,1.430511474609375e-06
9013,264.9436837430112,32.631269,True,True,1.430511474609375e-06
9014,264.97687749398756,33.05212,True,True,1.430511474609375e-06
9015,265.0094918090035,32.509892,True,True,1.430511474609375e-06
9016,265.0419835339999,32.390385,True,True,1.430511474609375e-06
9017,265.06892347798566,26.859557,True,True,1.430511474609375e-06
9018,265.09820119998767,29.203399,True,True,1.430511474609375e-06
9019,265.14708981098374,48.826393,True,True,1.430511474609375e-06
9020,265.18005092898966,32.832941,True,True,1.430511474609375e-06
9021,265.2123412869987,32.196568,True,True,1.430511474609375e-06
9022,265.2446873669978,32.261118,True,True,1.430511474609375e-06
9023,265.2782584860106,33.475201,True,True,1.430511474609375e-06
9024,265.3106994619884,32.356255,True,True,1.430511474609375e-06
9025,265.3437626019877,32.973206,True,True,1.430511474609375e-06
9026,265.3761244819907,32.278759,True,True,1.430511474609375e-06
9027,265.396077804995,19.874822,True,True,1.430511474609375e-06
9028,265.41471569999703,18.576294,True,True,1.430511474609375e-06
9029,265.4328804030083,18.110262,True,True,1.430511474609375e-06
9030,265.4515495119849,18.612,True,True,1.430511474609375e-06
9031,265.4697608779825,18.158428,True,True,1.430511474609375e-06
9032,265.48813940098626,18.311243,True,True,1.430511474609375e-06
9033,265.5066407129925,18.427028,True,True,1.430511474609375e-06
9034,265.5248807349999,18.150512,True,True,1.430511474609375e-06
9035,265.54388652398484,18.930815,True,True,1.430511474609375e-06
9036,265.56243236598675,18.466661,True,True,1.430511474609375e-06
9037,265.5925002360018,30.001609,True,True,1.430511474609375e-06
9038,265.6250643770036,32.475174,True,True,1.430511474609375e-06
9039,265.6531786879932,28.012625,True,True,1.430511474609375e-06
9040,265.68549480699585,32.226133,True,True,1.430511474609375e-06
9041,265.7153794080077,29.76736,True,True,1.430511474609375e-06
9042,265.74763836798957,32.176708,True,True,1.430511474609375e-06
9043,265.7969508039823,49.20329,True,True,1.430511474609375e-06
9044,265.8291394079861,32.051769,True,True,1.430511474609375e-06
9045,265.8623373929877,33.110905,True,True,1.430511474609375e-06
9046,265.8949903360044,32.545611,True,True,1.430511474609375e-06
9047,265.9274269389862,32.357825,True,True,1.430511474609375e-06
9048,265.96000446900143,32.486923,True,True,1.430511474609375e-06
9049,265.99290971900336,32.809916,True,True,1.430511474609375e-06
9050,266.0255693559884,32.555223,True,True,1.430511474609375e-06
9051,266.05764461599756,31.996828,True,True,1.430511474609375e-06
9052,266.0826048619929,24.850388,True,True,1.430511474609375e-06
9053,266.14766859301017,64.999325,True,True,1.430511474609375e-06
9054,266.17984122998314,32.028896,True,True,1.430511474609375e-06
9055,266.2117525989888,31.828021,True,True,1.430511474609375e-06
9056,266.24427282900433,32.447324,True,True,1.430511474609375e-06
9057,266.27722220198484,32.869133,True,True,1.430511474609375e-06
9058,266.3100975409907,32.777171,True,True,1.430511474609375e-06
9059,266.3422461329901,32.063398,True,True,1.430511474609375e-06
9060,266.3749139159918,32.585133,True,True,1.430511474609375e-06
9061,266.3951844339899,20.186574,True,True,1.430511474609375e-06
9062,266.4132387749851,17.994522,True,True,1.430511474609375e-06
9063,266.4312168849865,17.928367,True,True,1.430511474609375e-06
9064,266.44920836700476,17.938239,True,True,1.430511474609375e-06
9065,266.4673610609898,18.105947,True,True,1.430511474609375e-06
9066,266.48536640100065,17.958386,True,True,1.430511474609375e-06
9067,266.50342120800633,18.006842,True,True,1.430511474609375e-06
9068,266.5217973490071,18.271788,True,True,1.430511474609375e-06
9069,266.5399745189934,18.068986,True,True,1.430511474609375e-06
9070,266.5581365659891,18.095707,True,True,1.430511474609375e-06
9071,266.5835062559927,25.311751,True,True,1.430511474609375e-06
9072,266.62116330399294,37.577596,True,True,1.430511474609375e-06
9073,266.65413399098907,32.842781,True,True,1.430511474609375e-06
9074,266.68609613299486,31.840371,True,True,1.430511474609375e-06
9075,266.7131473199988,26.96304,True,True,1.430511474609375e-06
9076,266.74293469800614,29.713778,True,True,1.430511474609375e-06
9077,266.8084684080095,65.47079,True,True,1.430511474609375e-06
9078,266.84174328800873,33.138557,True,True,1.430511474609375e-06
9079,266.87407081000856,32.236051,True,True,1.430511474609375e-06
9080,266.90688291500555,32.729655,True,True,1.430511474609375e-06
9081,266.93899879200035,32.03221,True,True,1.430511474609375e-06
9082,266.97149022101075,32.403866,True,True,1.430511474609375e-06
9083,267.00734871899476,35.77205,True,True,1.430511474609375e-06
9084,267.04342611299944,35.956597,True,True,1.430511474609375e-06
9085,267.07562484400114,32.10788,True,True,1.430511474609375e-06
9086,267.1104563919944,34.74266,True,True,1.430511474609375e-06
9087,267.1575542250066,46.969481,True,True,1.430511474609375e-06
9088,267.1900319499837,32.366281,True,True,1.430511474609375e-06
9089,267.2226252830005,32.510247,True,True,1.430511474609375e-06
9090,267.25550107099116,32.788439,True,True,1.430511474609375e-06
9091,267.28778379099094,32.201885,True,True,1.430511474609375e-06
9092,267.32084813699475,32.967544,True,True,1.430511474609375e-06
9093,267.3535348800069,32.557466,True,True,1.430511474609375e-06
9094,267.38046687998576,26.80308,True,True,1.430511474609375e-06
9095,267.3992419639835,18.688231,True,True,1.430511474609375e-06
9096,267.4175873649947,18.273684,True,True,1.430511474609375e-06
9097,267.4431013749854,25.451685,True,True,1.430511474609375e-06
9098,267.4652669650095,22.061028,True,True,1.430511474609375e-06
9099,267.4835228989832,18.175126,True,True,1.430511474609375e-06
9100,267.50165848998586,18.070371,True,True,1.430511474609375e-06
9101,267.5194772729883,17.75619,True,True,1.430511474609375e-06
9102,267.5374675579951,17.940376,True,True,1.430511474609375e-06
9103,267.5552641359973,17.740543,True,True,1.430511474609375e-06
9104,267.58049463600037,25.178153,True,True,1.430511474609375e-06
9105,267.6104107949941,29.828455,True,True,1.430511474609375e-06
9106,267.6425639149966,32.081838,True,True,1.430511474609375e-06
9107,267.6760197909898,33.330294,True,True,1.430511474609375e-06
9108,267.70854345400585,32.413895,True,True,1.430511474609375e-06
9109,267.7408845789905,32.247181,True,True,1.430511474609375e-06
9110,267.7900797009934,49.106931,True,True,1.430511474609375e-06
9111,267.8229707139835,32.756181,True,True,1.430511474609375e-06
9112,267.85537333600223,32.30886,True,True,1.430511474609375e-06
9113,267.8883112260082,32.852965,True,True,1.430511474609375e-06
9114,267.9207626199932,32.367334,True,True,1.430511474609375e-06
9115,267.9529102430097,32.064155,True,True,1.430511474609375e-06
9116,267.979888130998,26.89728,True,True,1.430511474609375e-06
9117,268.0093202209973,29.365696,True,True,1.430511474609375e-06
9118,268.041632286011,32.236396,True,True,1.430511474609375e-06
9119,268.0744388180028,32.713571,True,True,1.430511474609375e-06
9120,268.10677011398366,32.246658,True,True,1.430511474609375e-06
9121,268.1562329349981,49.369374,True,True,1.430511474609375e-06
9122,268.18893884000136,32.572855,True,True,1.430511474609375e-06
9123,268.2208250440017,31.7919,True,True,1.430511474609375e-06
9124,268.25362279399997,32.71516,True,True,1.430511474609375e-06
9125,268.29286354599753,39.10418,True,True,1.430511474609375e-06
9126,268.3303235509957,37.335756,True,True,1.430511474609375e-06
9127,268.3629933990014,32.57564,True,True,1.430511474609375e-06
9128,268.3879204620025,24.817075,True,True,1.430511474609375e-06
9129,268.40625785599696,18.261296,True,True,1.430511474609375e-06
9130,268.4239730880072,17.662292,True,True,1.430511474609375e-06
9131,268.44209210100234,18.069473,True,True,1.430511474609375e-06
9132,268.46018993400503,18.039149,True,True,1.430511474609375e-06
9133,268.47799232800025,17.753837,True,True,1.430511474609375e-06
9134,268.4960400949931,17.990616,True,True,1.430511474609375e-06
9135,268.5141910139937,18.083438,True,True,1.430511474609375e-06
9136,268.5324364230037,18.19213,True,True,1.430511474609375e-06
9137,268.550319728005,17.827844,True,True,1.430511474609375e-06
9138,268.57503686999553,24.665787,True,True,1.430511474609375e-06
9139,268.6050910159829,29.964375,True,True,1.430511474609375e-06
9140,268.6380439659988,32.861163,True,True,1.430511474609375e-06
9141,268.6706083989993,32.44896,True,True,1.430511474609375e-06
9142,268.7038397959841,33.10474,True,True,1.430511474609375e-06
9143,268.7370973780053,33.142517,True,True,1.430511474609375e-06
9144,268.7701639930019,32.969423,True,True,1.430511474609375e-06
9145,268.8200812230061,49.809588,True,True,1.430511474609375e-06
9146,268.85295972198946,32.745234,True,True,1.430511474609375e-06
9147,268.8850889260066,32.022622,True,True,1.430511474609375e-06
9148,268.91792406799505,32.734687,True,True,1.430511474609375e-06
9149,268.95056691300124,32.551188,True,True,1.430511474609375e-06
9150,268.98277055699145,32.124052,True,True,1.430511474609375e-06
9151,269.0158405849943,32.986307,True,True,1.430511474609375e-06
9152,269.0478589950071,31.935566,True,True,1.430511474609375e-06
9153,269.0747362689872,26.801513,True,True,1.430511474609375e-06
9154,269.10472848798963,29.916504,True,True,1.430511474609375e-06
9155,269.16252185599296,57.719508,True,True,1.430511474609375e-06
9156,269.18196185998386,19.27489,True,True,1.430511474609375e-06
9157,269.22554008100997,43.492809,True,True,1.430511474609375e-06
9158,269.25835396698676,32.679881,True,True,1.430511474609375e-06
9159,269.2884989999875,30.041425,True,True,1.430511474609375e-06
9160,269.32122067100136,32.630435,True,True,1.430511474609375e-06
9161,269.3542624959955,32.902924,True,True,1.430511474609375e-06
9162,269.3816265919886,27.261518,True,True,1.430511474609375e-06
9163,269.4019664429943,20.247487,True,True,1.430511474609375e-06
9164,269.4199067929876,17.874833,True,True,1.430511474609375e-06
9165,269.4379100149963,17.948638,True,True,1.430511474609375e-06
9166,269.4558237940073,17.857634,True,True,1.430511474609375e-06
9167,269.47382238999126,17.947635,True,True,1.430511474609375e-06
9168,269.49194285299745,18.063414,True,True,1.430511474609375e-06
9169,269.509754136001,17.759642,True,True,1.430511474609375e-06
9170,269.5277431560098,17.94242,True,True,1.430511474609375e-06
9171,269.5455593329971,17.76428,True,True,1.430511474609375e-06
9172,269.5703903149988,24.780097,True,True,1.430511474609375e-06
9173,269.6028353429865,32.355264,True,True,1.430511474609375e-06
9174,269.6331769259996,30.217555,True,True,1.430511474609375e-06
9175,269.66573022998637,32.454516,True,True,1.430511474609375e-06
9176,269.69813300299575,32.265697,True,True,1.430511474609375e-06
9177,269.72999303400866,31.76015,True,True,1.430511474609375e-06
9178,269.76290294199134,32.828966,True,True,1.430511474609375e-06
9179,269.81251545398845,49.499602,True,True,1.430511474609375e-06
9180,269.84539263299666,32.743384,True,True,1.430511474609375e-06
9181,269.8777876170061,32.301544,True,True,1.430511474609375e-06
9182,269.9104486889846,32.581172,True,True,1.430511474609375e-06
9183,269.937713079009,27.185409,True,True,1.430511474609375e-06
9184,269.96660362099647,28.807919,True,True,1.430511474609375e-06
9185,269.99864298600005,31.970327,True,True,1.430511474609375e-06
9186,270.03195189801045,33.182853,True,True,1.430511474609375e-06
9187,270.06506285700016,32.985813,True,True,1.430511474609375e-06
9188,270.0975890579866,32.429178,True,True,1.430511474609375e-06
9189,270.1469334209978,49.24382,True,True,1.430511474609375e-06
9190,270.1789911430096,31.927533,True,True,1.430511474609375e-06
9191,270.21160439998494,32.530967,True,True,1.430511474609375e-06
9192,270.2448211660085,33.070415,True,True,1.430511474609375e-06
9193,270.2776139439957,32.689758,True,True,1.430511474609375e-06
9194,270.30998109900975,32.255969,True,True,1.430511474609375e-06
9195,270.3419863889867,31.879299,True,True,1.430511474609375e-06
9196,270.3692345760064,27.142539,True,True,1.430511474609375e-06
9197,270.39464601600775,25.333295,True,True,1.430511474609375e-06
9198,270.41295613898546,18.23455,True,True,1.430511474609375e-06
9199,270.4310627859959,18.050844,True,True,1.430511474609375e-06
9200,270.44922068799497,18.110791,True,True,1.430511474609375e-06
9201,270.4675849849882,18.317049,True,True,1.430511474609375e-06
9202,270.485595628008,17.955216,True,True,1.430511474609375e-06
9203,270.50360126199666,17.959723,True,True,1.430511474609375e-06
9204,270.52149260998704,17.843322,True,True,1.430511474609375e-06
9205,270.5392673239985,17.732528,True,True,1.430511474609375e-06
9206,270.557118436991,17.809431,True,True,1.430511474609375e-06
9207,270.58218532800674,25.025356,True,True,1.430511474609375e-06
9208,270.61441086098785,32.163773,True,True,1.430511474609375e-06
9209,270.6449199290073,30.421403,True,True,1.430511474609375e-06
9210,270.6770989350043,32.115133,True,True,1.430511474609375e-06
9211,270.70963531101006,32.43011,True,True,1.430511474609375e-06
9212,270.74205462800455,32.30614,True,True,1.430511474609375e-06
9213,270.7743446799868,32.186459,True,True,1.430511474609375e-06
9214,270.8233777449932,48.91179,True,True,1.430511474609375e-06
9215,270.85632396198343,32.8216,True,True,1.430511474609375e-06
9216,270.88892830201075,32.50663,True,True,1.430511474609375e-06
9217,270.9212015660014,32.185779,True,True,1.430511474609375e-06
9218,270.94811263898737,26.83105,True,True,1.430511474609375e-06
9219,270.97770937898895,29.524712,True,True,1.430511474609375e-06
9220,271.01028833398595,32.513187,True,True,1.430511474609375e-06
9221,271.0587477819936,48.347373,True,True,1.430511474609375e-06
9222,271.0919033729879,33.025298,True,True,1.430511474609375e-06
9223,271.14159262599424,49.579443,True,True,1.430511474609375e-06
9224,271.17371202100185,31.978842,True,True,1.430511474609375e-06
9225,271.2066893769952,32.90215,True,True,1.430511474609375e-06
9226,271.2393534469884,32.575053,True,True,1.430511474609375e-06
9227,271.2717149259988,32.282358,True,True,1.430511474609375e-06
9228,271.30463568898267,32.833704,True,True,1.430511474609375e-06
9229,271.33167790298467,26.935481,True,True,1.430511474609375e-06
9230,271.36177904199576,30.014371,True,True,1.430511474609375e-06
9231,271.3886300989834,26.779199,True,True,1.430511474609375e-06
9232,271.40699974200106,18.284095,True,True,1.430511474609375e-06
9233,271.4253018749878,18.244068,True,True,1.430511474609375e-06
9234,271.44331128298654,17.957346,True,True,1.430511474609375e-06
9235,271.4612055050093,17.843735,True,True,1.430511474609375e-06
9236,271.47906467999564,17.806663,True,True,1.430511474609375e-06
9237,271.4969478150015,17.833737,True,True,1.430511474609375e-06
9238,271.51472265200573,17.71896,True,True,1.430511474609375e-06
9239,271.5324598540028,17.690598,True,True,1.430511474609375e-06
9240,271.5504372899886,17.921821,True,True,1.430511474609375e-06
9241,271.573053295986,22.565913,True,True,1.430511474609375e-06
9242,271.6060607410036,32.918803,True,True,1.430511474609375e-06
9243,271.6384982109885,32.324127,True,True,1.430511474609375e-06
9244,271.67125391800073,32.642459,True,True,1.430511474609375e-06
9245,271.7039758960018,32.60445,True,True,1.430511474609375e-06
9246,271.73672906000866,32.640274,True,True,1.430511474609375e-06
9247,271.7691920269863,32.361459,True,True,1.430511474609375e-06
9248,271.8185916910006,49.297997,True,True,1.430511474609375e-06
9249,271.85102952399757,32.297042,True,True,1.430511474609375e-06
9250,271.88389353000093,32.767438,True,True,1.430511474609375e-06
9251,271.9159046309942,31.906424,True,True,1.430511474609375e-06
9252,271.94335288900766,27.360104,True,True,1.430511474609375e-06
9253,271.973713852989,30.287328,True,True,1.430511474609375e-06
9254,272.00474853100604,30.952526,True,True,1.430511474609375e-06
9255,272.0377648989961,32.928331,True,True,1.430511474609375e-06
9256,272.06957430398325,31.712602,True,True,1.430511474609375e-06
9257,272.1021347719943,32.479756,True,True,1.430511474609375e-06
9258,272.15133016498294,49.089835,True,True,1.430511474609375e-06
9259,272.1836438449973,32.179756,True,True,1.430511474609375e-06
9260,272.21097481800825,27.239644,True,True,1.430511474609375e-06
9261,272.2428113420028,31.757013,True,True,1.430511474609375e-06
9262,272.2728116619983,29.919729,True,True,1.430511474609375e-06
9263,272.3057666560053,32.873382,True,True,1.430511474609375e-06
9264,272.33857409999473,32.671096,True,True,1.430511474609375e-06
9265,272.3717805540073,33.102243,True,True,1.430511474609375e-06
9266,272.39263064900297,20.745725,True,True,1.430511474609375e-06
9267,272.4107609349885,18.064152,True,True,1.430511474609375e-06
9268,272.42870298199705,17.880402,True,True,1.430511474609375e-06
9269,272.44730791199254,18.543429,True,True,1.430511474609375e-06
9270,272.46538078499725,18.015868,True,True,1.430511474609375e-06
9271,272.4834372199839,18.000541,True,True,1.430511474609375e-06
9272,272.50128476900863,17.793783,True,True,1.430511474609375e-06
9273,272.51930210899445,17.963801,True,True,1.430511474609375e-06
9274,272.53732368000783,17.972177,True,True,1.430511474609375e-06
9275,272.5553089489986,17.938317,True,True,1.430511474609375e-06
9276,272.5852916149888,29.930007,True,True,1.430511474609375e-06
9277,272.6175179040001,32.118384,True,True,1.430511474609375e-06
9278,272.65087717201095,33.253743,True,True,1.430511474609375e-06
9279,272.6837839749933,32.792637,True,True,1.430511474609375e-06
9280,272.7192195440002,35.315561,True,True,1.430511474609375e-06
9281,272.76525314198807,45.906941,True,True,1.430511474609375e-06
9282,272.8149964539916,49.620099,True,True,1.430511474609375e-06
9283,272.8482821919897,33.153153,True,True,1.430511474609375e-06
9284,272.8809909889824,32.608316,True,True,1.430511474609375e-06
9285,272.9129708709952,31.877577,True,True,1.430511474609375e-06
9286,272.9460926259926,33.050811,True,True,1.430511474609375e-06
9287,272.9783379389846,32.159276,True,True,1.430511474609375e-06
9288,273.00528769299854,26.87273,True,True,1.430511474609375e-06
9289,273.0351354040031,29.76035,True,True,1.430511474609375e-06
9290,273.0672483659873,32.047518,True,True,1.430511474609375e-06
9291,273.0995167839865,32.181752,True,True,1.430511474609375e-06
9292,273.14828942299937,48.68401,True,True,1.430511474609375e-06
9293,273.1804393499915,32.02028,True,True,1.430511474609375e-06
9294,273.21359211500385,33.0745,True,True,1.430511474609375e-06
9295,273.24605821899604,32.381108,True,True,1.430511474609375e-06
9296,273.2782546489907,32.110518,True,True,1.430511474609375e-06
9297,273.30528300098376,26.947724,True,True,1.430511474609375e-06
9298,273.335575575009,30.221016,True,True,1.430511474609375e-06
9299,273.3757404880016,40.107554,True,True,1.430511474609375e-06
9300,273.3977146289835,21.857944,True,True,1.430511474609375e-06
9301,273.4159658959834,18.185512,True,True,1.430511474609375e-06
9302,273.4343632750097,18.34205,True,True,1.430511474609375e-06
9303,273.4526441739872,18.221728,True,True,1.430511474609375e-06
9304,273.47056919598253,17.875955,True,True,1.430511474609375e-06
9305,273.4884325999883,17.814153,True,True,1.430511474609375e-06
9306,273.50661804599804,18.136139,True,True,1.430511474609375e-06
9307,273.52436668399605,17.703078,True,True,1.430511474609375e-06
9308,273.5422623679915,17.851723,True,True,1.430511474609375e-06
9309,273.567100588989,24.793666,True,True,1.430511474609375e-06
9310,273.5976018710062,30.437393,True,True,1.430511474609375e-06
9311,273.6295967749902,31.922183,True,True,1.430511474609375e-06
9312,273.66267963999417,32.994667,True,True,1.430511474609375e-06
9313,273.69482284600963,32.062609,True,True,1.430511474609375e-06
9314,273.727241968998,32.341551,True,True,1.430511474609375e-06
9315,273.7604022430023,33.071562,True,True,1.430511474609375e-06
9316,273.79519498100854,34.657315,True,True,1.430511474609375e-06
9317,273.8419120629842,46.586212,True,True,1.430511474609375e-06
9318,273.8742773559934,32.230192,True,True,1.430511474609375e-06
9319,273.906148501992,31.757905,True,True,1.430511474609375e-06
9320,273.93126177598606,25.039401,True,True,1.430511474609375e-06
9321,273.9631478539959,31.824709,True,True,1.430511474609375e-06
9322,273.99608410400106,32.845378,True,True,1.430511474609375e-06
9323,274.0312813479977,35.084379,True,True,1.430511474609375e-06
9324,274.0770354559936,45.631495,True,True,1.430511474609375e-06
9325,274.11311470301007,35.973771,True,True,1.430511474609375e-06
9326,274.1594946809928,46.25302,True,True,1.430511474609375e-06
9327,274.19168530599563,32.073094,True,True,1.430511474609375e-06
9328,274.2239619370084,32.182692,True,True,1.430511474609375e-06
9329,274.25081356300507,26.769785,True,True,1.430511474609375e-06
9330,274.2806210019917,29.743045,True,True,1.430511474609375e-06
9331,274.312329184002,31.640312,True,True,1.430511474609375e-06
9332,274.3445385470113,32.128246,True,True,1.430511474609375e-06
9333,274.3773078059894,32.695551,True,True,1.430511474609375e-06
9334,274.39747515300405,20.075931,True,True,1.430511474609375e-06
9335,274.4155661590048,18.02739,True,True,1.430511474609375e-06
9336,274.433731275989,18.113187,True,True,1.430511474609375e-06
9337,274.45177296499605,17.974408,True,True,1.430511474609375e-06
9338,274.46999234199757,18.152776,True,True,1.430511474609375e-06
9339,274.4880710300058,18.018865,True,True,1.430511474609375e-06
9340,274.50618651500554,18.060862,True,True,1.430511474609375e-06
9341,274.5240209029871,17.785489,True,True,1.430511474609375e-06
9342,274.5418884609826,17.81458,True,True,1.430511474609375e-06
9343,274.5601256410009,18.190567,True,True,1.430511474609375e-06
9344,274.58530697398237,25.131232,True,True,1.430511474609375e-06
9345,274.62178186600795,36.381533,True,True,1.430511474609375e-06
9346,274.653718571004,31.839993,True,True,1.430511474609375e-06
9347,274.68628573199385,32.481694,True,True,1.430511474609375e-06
9348,274.7190363740083,32.648627,True,True,1.430511474609375e-06
9349,274.7512624679948,32.144729,True,True,1.430511474609375e-06
9350,274.7788277909858,27.484637,True,True,1.430511474609375e-06
9351,274.81394759498653,35.053295,True,True,1.430511474609375e-06
9352,274.8582272549975,44.14832,True,True,1.430511474609375e-06
9353,274.9074535079999,49.107077,True,True,1.430511474609375e-06
9354,274.94000854800106,32.428169,True,True,1.430511474609375e-06
9355,274.9732547919848,33.143766,True,True,1.430511474609375e-06
9356,275.00563181599136,32.293315,True,True,1.430511474609375e-06
9357,275.0385550989886,32.83389,True,True,1.430511474609375e-06
9358,275.07089084899053,32.250113,True,True,1.430511474609375e-06
9359,275.1038945479959,32.922169,True,True,1.430511474609375e-06
9360,275.15334118698956,49.357635,True,True,1.430511474609375e-06
9361,275.18569039501017,32.213417,True,True,1.430511474609375e-06
9362,275.2180536070082,32.294341,True,True,1.430511474609375e-06
9363,275.2455531070009,27.414775,True,True,1.430511474609375e-06
9364,275.27527469801134,29.652601,True,True,1.430511474609375e-06
9365,275.3078990250069,32.531189,True,True,1.430511474609375e-06
9366,275.34101033600746,33.00428,True,True,1.430511474609375e-06
9367,275.37340437600506,32.311442,True,True,1.430511474609375e-06
9368,275.3937042990001,20.205144,True,True,1.430511474609375e-06
9369,275.4119395070011,18.167865,True,True,1.430511474609375e-06
9370,275.4298097919964,17.813791,True,True,1.430511474609375e-06
9371,275.44814514700556,18.271379,True,True,1.430511474609375e-06
9372,275.4662994130049,18.099853,True,True,1.430511474609375e-06
9373,275.48415390599985,17.792506,True,True,1.430511474609375e-06
9374,275.50209851399995,17.874123,True,True,1.430511474609375e-06
9375,275.5199141399935,17.760243,True,True,1.430511474609375e-06
9376,275.53786951699294,17.908926,True,True,1.430511474609375e-06
9377,275.556011453009,18.087787,True,True,1.430511474609375e-06
9378,275.58595313798287,29.887491,True,True,1.430511474609375e-06
9379,275.61878279800294,32.728805,True,True,1.430511474609375e-06
9380,275.651494049991,32.606666,True,True,1.430511474609375e-06
9381,275.6841593020072,32.56261,True,True,1.430511474609375e-06
9382,275.71923234898713,34.971475,True,True,1.430511474609375e-06
9383,275.76537193599506,46.032606,True,True,1.430511474609375e-06
9384,275.79840347499703,32.946888,True,True,1.430511474609375e-06
9385,275.84773696699995,49.24791,True,True,1.430511474609375e-06
9386,275.87990706498385,32.041881,True,True,1.430511474609375e-06
9387,275.9115284259897,31.54038,True,True,1.430511474609375e-06
9388,275.936744429986,25.15317,True,True,1.430511474609375e-06
9389,275.96851606399287,31.709575,True,True,1.430511474609375e-06
9390,276.0007112119929,32.118566,True,True,1.430511474609375e-06
9391,276.0332744939951,32.464188,True,True,1.430511474609375e-06
9392,276.06551626499277,32.166569,True,True,1.430511474609375e-06
9393,276.09859122300986,32.996118,True,True,1.430511474609375e-06
9394,276.14736990400706,48.692627,True,True,1.430511474609375e-06
9395,276.1795567490044,32.059442,True,True,1.430511474609375e-06
9396,276.20657423499506,26.941526,True,True,1.430511474609375e-06
9397,276.2361077599926,29.466655,True,True,1.430511474609375e-06
9398,276.268670215999,32.505371,True,True,1.430511474609375e-06
9399,276.30091111999354,32.152444,True,True,1.430511474609375e-06
9400,276.3327958309965,31.769716,True,True,1.430511474609375e-06
9401,276.3651063560101,32.234197,True,True,1.430511474609375e-06
9402,276.3855354349944,20.348487,True,True,1.430511474609375e-06
9403,276.4035080879985,17.913063,True,True,1.430511474609375e-06
9404,276.42141691900906,17.85794,True,True,1.430511474609375e-06
9405,276.43987869500415,18.41392,True,True,1.430511474609375e-06
9406,276.4578273239895,17.89159,True,True,1.430511474609375e-06
9407,276.4759234729863,18.042894,True,True,1.430511474609375e-06
9408,276.49404549898463,18.070145,True,True,1.430511474609375e-06
9409,276.5119111989916,17.814239,True,True,1.430511474609375e-06
9410,276.5298479750054,17.894534,True,True,1.430511474609375e-06
9411,276.54784890799783,17.952171,True,True,1.430511474609375e-06
9412,276.5730006569938,25.10531,True,True,1.430511474609375e-06
9413,276.61000695300754,36.938572,True,True,1.430511474609375e-06
9414,276.64274464698974,32.65164,True,True,1.430511474609375e-06
9415,276.675754122989,32.906912,True,True,1.430511474609375e-06
9416,276.7082595069951,32.407119,True,True,1.430511474609375e-06
9417,276.7404925659939,32.13536,True,True,1.430511474609375e-06
9418,276.76742388200364,26.85459,True,True,1.430511474609375e-06
9419,276.7972014019906,29.701584,True,True,1.430511474609375e-06
9420,276.8468694720068,49.600688,True,True,1.430511474609375e-06
9421,276.8794761910103,32.476081,True,True,1.430511474609375e-06
9422,276.91201528100646,32.448438,True,True,1.430511474609375e-06
9423,276.9449183490069,32.814151,True,True,1.430511474609375e-06
9424,276.97747363199596,32.429151,True,True,1.430511474609375e-06
9425,277.0103954600054,32.824746,True,True,1.430511474609375e-06
9426,277.0429911960091,32.485685,True,True,1.430511474609375e-06
9427,277.07590261800215,32.828328,True,True,1.430511474609375e-06
9428,277.11037247098284,34.386193,True,True,1.430511474609375e-06
9429,277.1577638190065,47.269705,True,True,1.430511474609375e-06
9430,277.1896334539924,31.769929,True,True,1.430511474609375e-06
9431,277.21680615699734,27.100366,True,True,1.430511474609375e-06
9432,277.2474873480096,30.615726,True,True,1.430511474609375e-06
9433,277.2795758569846,32.029376,True,True,1.430511474609375e-06
9434,277.31196317999274,32.30673,True,True,1.430511474609375e-06
9435,277.3440764560073,32.027196,True,True,1.430511474609375e-06
9436,277.37670780599,32.557403,True,True,1.430511474609375e-06
9437,277.3968616630009,20.07919,True,True,1.430511474609375e-06
9438,277.4150354320009,18.110753,True,True,1.430511474609375e-06
9439,277.43301043799147,17.924696,True,True,1.430511474609375e-06
9440,277.45139425899833,18.301616,True,True,1.430511474609375e-06
9441,277.46974723099265,18.236679,True,True,1.430511474609375e-06
9442,277.4877874729864,17.968886,True,True,1.430511474609375e-06
9443,277.5061645829992,18.322078,True,True,1.430511474609375e-06
9444,277.5245020650036,18.290302,True,True,1.430511474609375e-06
9445,277.5425344549876,17.972443,True,True,1.430511474609375e-06
9446,277.5606837189989,18.092821,True,True,1.430511474609375e-06
9447,277.58628313898225,25.488296,True,True,1.430511474609375e-06
9448,277.62342595899827,37.051948,True,True,1.430511474609375e-06
9449,277.67385132898926,50.310124,True,True,1.430511474609375e-06
9450,277.70698511000955,32.996034,True,True,1.430511474609375e-06
9451,277.73895311300294,31.851443,True,True,1.430511474609375e-06
9452,277.7709933540027,31.960201,True,True,1.430511474609375e-06
9453,277.8038555420062,32.778847,True,True,1.430511474609375e-06
9454,277.85347620298853,49.516272,True,True,1.430511474609375e-06
9455,277.8858123430109,32.203185,True,True,1.430511474609375e-06
9456,277.91297499698703,27.069408,True,True,1.430511474609375e-06
9457,277.9457096059923,32.649411,True,True,1.430511474609375e-06
9458,277.9760660339962,30.252496,True,True,1.430511474609375e-06
9459,278.00829068300663,32.132046,True,True,1.430511474609375e-06
9460,278.0410141419852,32.611606,True,True,1.430511474609375e-06
9461,278.0736901680066,32.571482,True,True,1.430511474609375e-06
9462,278.1066343289858,32.836519,True,True,1.430511474609375e-06
9463,278.15673242599587,49.994493,True,True,1.430511474609375e-06
9464,278.1889476639917,32.083229,True,True,1.430511474609375e-06
9465,278.22169678399223,32.672037,True,True,1.430511474609375e-06
9466,278.25421091201133,32.406871,True,True,1.430511474609375e-06
9467,278.2863463370013,32.044963,True,True,1.430511474609375e-06
9468,278.3190224299906,32.601204,True,True,1.430511474609375e-06
9469,278.35157431999687,32.469654,True,True,1.430511474609375e-06
9470,278.37886213700403,27.194837,True,True,1.430511474609375e-06
9471,278.3970740149962,18.145545,True,True,1.430511474609375e-06
9472,278.41534025600413,18.206588,True,True,1.430511474609375e-06
9473,278.4338784959982,18.488398,True,True,1.430511474609375e-06
9474,278.45180631399853,17.878443,True,True,1.430511474609375e-06
9475,278.4698707269854,18.010585,True,True,1.430511474609375e-06
9476,278.48795347099076,18.032506,True,True,1.430511474609375e-06
9477,278.50594544399064,17.938929,True,True,1.430511474609375e-06
9478,278.52376103098504,17.77121,True,True,1.430511474609375e-06
9479,278.54231106999214,18.507511,True,True,1.430511474609375e-06
9480,278.5604224939889,18.052553,True,True,1.430511474609375e-06
9481,278.59085929000867,30.384118,True,True,1.430511474609375e-06
9482,278.62306740900385,32.141462,True,True,1.430511474609375e-06
9483,278.65600133300177,32.851225,True,True,1.430511474609375e-06
9484,278.6889137279941,32.806532,True,True,1.430511474609375e-06
9485,278.72123272900353,32.215749,True,True,1.430511474609375e-06
9486,278.7541544009873,32.838556,True,True,1.430511474609375e-06
9487,278.78708768601064,32.829045,True,True,1.430511474609375e-06
9488,278.8196889440005,32.504295,True,True,1.430511474609375e-06
9489,278.86952426700736,49.737676,True,True,1.430511474609375e-06
9490,278.9015773719875,31.92079,True,True,1.430511474609375e-06
9491,278.9282984849997,26.642453,True,True,1.430511474609375e-06
9492,278.9589568040101,30.586329,True,True,1.430511474609375e-06
9493,278.99145137899905,32.425137,True,True,1.430511474609375e-06
9494,279.0239455619885,32.40425,True,True,1.430511474609375e-06
9495,279.0568742750038,32.845838,True,True,1.430511474609375e-06
9496,279.0894125640043,32.435325,True,True,1.430511474609375e-06
9497,279.13833511498524,48.836205,True,True,1.430511474609375e-06
9498,279.1713463169872,32.875956,True,True,1.430511474609375e-06
9499,279.2037282139936,32.288153,True,True,1.430511474609375e-06
9500,279.2371258159983,33.311614,True,True,1.430511474609375e-06
9501,279.2697555400082,32.543262,True,True,1.430511474609375e-06
9502,279.3017774199834,31.949232,True,True,1.430511474609375e-06
9503,279.341025783011,39.170507,True,True,1.430511474609375e-06
9504,279.3763891629933,35.249485,True,True,1.430511474609375e-06
9505,279.3963134390069,19.831842,True,True,1.430511474609375e-06
9506,279.4144485849829,18.075489,True,True,1.430511474609375e-06
9507,279.4328416000062,18.338242,True,True,1.430511474609375e-06
9508,279.45098700898234,18.085072,True,True,1.430511474609375e-06
9509,279.4690104069887,17.972586,True,True,1.430511474609375e-06
9510,279.4868236409966,17.759435,True,True,1.430511474609375e-06
9511,279.50483879298554,17.963855,True,True,1.430511474609375e-06
9512,279.5300626110111,25.139045,True,True,1.430511474609375e-06
9513,279.54847364200396,18.331936,True,True,1.430511474609375e-06
9514,279.57165156898554,23.120075,True,True,1.430511474609375e-06
9515,279.6042151989823,32.469452,True,True,1.430511474609375e-06
9516,279.6371155270026,32.784181,True,True,1.430511474609375e-06
9517,279.6705797970062,33.3423,True,True,1.430511474609375e-06
9518,279.70351605300675,32.825813,True,True,1.430511474609375e-06
9519,279.7363217950042,32.715345,True,True,1.430511474609375e-06
9520,279.76916197198443,32.748964,True,True,1.430511474609375e-06
9521,279.8013358419994,32.087016,True,True,1.430511474609375e-06
9522,279.83200086301076,30.575142,True,True,1.430511474609375e-06
9523,279.87869535098434,46.573579,True,True,1.430511474609375e-06
9524,279.9092439149972,30.437458,True,True,1.430511474609375e-06
9525,279.94083726700046,31.506954,True,True,1.430511474609375e-06
9526,279.9757361149823,34.827808,True,True,1.430511474609375e-06
9527,280.0231187850004,47.263507,True,True,1.430511474609375e-06
9528,280.0553082799888,32.059568,True,True,1.430511474609375e-06
9529,280.08765912998933,32.268,True,True,1.430511474609375e-06
9530,280.1367082129873,48.94678,True,True,1.430511474609375e-06
9531,280.1694849129999,32.643279,True,True,1.430511474609375e-06
9532,280.197089061985,27.519742,True,True,1.430511474609375e-06
9533,280.2280520249915,30.871722,True,True,1.430511474609375e-06
9534,280.25836224199156,30.237189,True,True,1.430511474609375e-06
9535,280.290894056001,32.456808,True,True,1.430511474609375e-06
9536,280.3241599419853,33.155839,True,True,1.430511474609375e-06
9537,280.356739801995,32.470547,True,True,1.430511474609375e-06
9538,280.3842482669861,27.429662,True,True,1.430511474609375e-06
9539,280.40245271800086,18.127825,True,True,1.430511474609375e-06
9540,280.4204381770105,17.931126,True,True,1.430511474609375e-06
9541,280.43842541601043,17.937864,True,True,1.430511474609375e-06
9542,280.45658058300614,18.087974,True,True,1.430511474609375e-06
9543,280.4744148729951,17.778002,True,True,1.430511474609375e-06
9544,280.4928895549965,18.421986,True,True,1.430511474609375e-06
9545,280.51100724900607,18.066364,True,True,1.430511474609375e-06
9546,280.5291464239999,18.080357,True,True,1.430511474609375e-06
9547,280.5469880379969,17.780528,True,True,1.430511474609375e-06
9548,280.57000609699753,22.96744,True,True,1.430511474609375e-06
9549,280.60278894699877,32.699261,True,True,1.430511474609375e-06
9550,280.6377848069824,34.884805,True,True,1.430511474609375e-06
9551,280.67934411900933,41.440668,True,True,1.430511474609375e-06
9552,280.7119494290091,32.477126,True,True,1.430511474609375e-06
9553,280.7421831509855,30.123241,True,True,1.430511474609375e-06
9554,280.77588117998675,33.618239,True,True,1.430511474609375e-06
9555,280.8082056489948,32.208157,True,True,1.430511474609375e-06
9556,280.85763039800804,49.323536,True,True,1.430511474609375e-06
9557,280.8896459460084,31.875613,True,True,1.430511474609375e-06
9558,280.92157586399117,31.859032,True,True,1.430511474609375e-06
9559,280.95507452700986,33.436212,True,True,1.430511474609375e-06
9560,280.98758560200804,32.42752,True,True,1.430511474609375e-06
9561,281.0201545699965,32.48456,True,True,1.430511474609375e-06
9562,281.0531312499952,32.875101,True,True,1.430511474609375e-06
9563,281.0805602330074,27.320868,True,True,1.430511474609375e-06
9564,281.1154721759958,34.782916,True,True,1.430511474609375e-06
9565,281.15955620698514,43.948201,True,True,1.430511474609375e-06
9566,281.191514384991,31.802796,True,True,1.430511474609375e-06
9567,281.22370663200854,32.071101,True,True,1.430511474609375e-06
9568,281.25705145599204,33.247003,True,True,1.430511474609375e-06
9569,281.28982253099093,32.667208,True,True,1.430511474609375e-06
9570,281.3225292080024,32.601,True,True,1.430511474609375e-06
9571,281.35574911299045,33.120106,True,True,1.430511474609375e-06
9572,281.38278044300387,26.93433,True,True,1.430511474609375e-06
9573,281.40160214100615,18.743082,True,True,1.430511474609375e-06
9574,281.41979278900544,18.130358,True,True,1.430511474609375e-06
9575,281.43786946698674,18.02568,True,True,1.430511474609375e-06
9576,281.45615395798814,18.228174,True,True,1.430511474609375e-06
9577,281.4808474580059,24.642718,True,True,1.430511474609375e-06
9578,281.50266520600417,21.730954,True,True,1.430511474609375e-06
9579,281.5208085709892,18.082972,True,True,1.430511474609375e-06
9580,281.5389564500074,18.097537,True,True,1.430511474609375e-06
9581,281.5571384530049,18.129478,True,True,1.430511474609375e-06
9582,281.58736252898234,30.163702,True,True,1.430511474609375e-06
9583,281.6206075180089,33.148026,True,True,1.430511474609375e-06
9584,281.6530706860067,32.353334,True,True,1.430511474609375e-06
9585,281.6803292679833,27.140478,True,True,1.430511474609375e-06
9586,281.71168614699855,31.24619,True,True,1.430511474609375e-06
9587,281.74166596800205,29.900608,True,True,1.430511474609375e-06
9588,281.7743376889848,32.593923,True,True,1.430511474609375e-06
9589,281.80749324400676,33.059385,True,True,1.430511474609375e-06
9590,281.8419199799828,34.325363,True,True,1.430511474609375e-06
9591,281.8900462559832,47.990486,True,True,1.430511474609375e-06
9592,281.92223683398333,32.067058,True,True,1.430511474609375e-06
9593,281.9553017669823,32.979543,True,True,1.430511474609375e-06
9594,281.988274998992,32.883737,True,True,1.430511474609375e-06
9595,282.0203888459946,32.017812,True,True,1.430511474609375e-06
9596,282.05286832599086,32.398701,True,True,1.430511474609375e-06
9597,282.0852359349956,32.290129,True,True,1.430511474609375e-06
9598,282.1153400799958,30.011536,True,True,1.430511474609375e-06
9599,282.1601247759827,44.652501,True,True,1.430511474609375e-06
9600,282.1919276730041,31.639786,True,True,1.430511474609375e-06
9601,282.22383928101044,31.825311,True,True,1.430511474609375e-06
9602,282.25648479600204,32.556522,True,True,1.430511474609375e-06
9603,282.2892417520052,32.652428,True,True,1.430511474609375e-06
9604,282.32475964698824,35.406521,True,True,1.430511474609375e-06
9605,282.3711225980078,46.2425,True,True,1.430511474609375e-06
9606,282.3916511760035,20.413879,True,True,1.430511474609375e-06
9607,282.40984346400364,18.111426,True,True,1.430511474609375e-06
9608,282.4277739950048,17.87251,True,True,1.430511474609375e-06
9609,282.4461104219954,18.287411,True,True,1.430511474609375e-06
9610,282.4642018630111,18.023874,True,True,1.430511474609375e-06
9611,282.48225847500726,17.998786,True,True,1.430511474609375e-06
9612,282.5003331259941,18.017582,True,True,1.430511474609375e-06
9613,282.5183923190052,18.008776,True,True,1.430511474609375e-06
9614,282.53640913698473,17.969517,True,True,1.430511474609375e-06
9615,282.55414255999494,17.682821,True,True,1.430511474609375e-06
9616,282.58004502399126,25.852006,True,True,1.430511474609375e-06
9617,282.617167318007,37.025442,True,True,1.430511474609375e-06
9618,282.649805766996,32.526759,True,True,1.430511474609375e-06
9619,282.6826112959825,32.686645,True,True,1.430511474609375e-06
9620,282.7154108620016,32.671714,True,True,1.430511474609375e-06
9621,282.7488376979891,33.32118,True,True,1.430511474609375e-06
9622,282.78145581900026,32.516344,True,True,1.430511474609375e-06
9623,282.81375678098993,32.20206,True,True,1.430511474609375e-06
9624,282.8511393579829,37.293817,True,True,1.430511474609375e-06
9625,282.8897400769929,38.464011,True,True,1.430511474609375e-06
9626,282.9198417220032,29.987905,True,True,1.430511474609375e-06
9627,282.95287203299813,32.94721,True,True,1.430511474609375e-06
9628,282.9850188670098,32.041161,True,True,1.430511474609375e-06
9629,283.01777058900916,32.632909,True,True,1.430511474609375e-06
9630,283.05046234600013,32.579471,True,True,1.430511474609375e-06
9631,283.0833284999826,32.770245,True,True,1.430511474609375e-06
9632,283.1320438719995,48.614257,True,True,1.430511474609375e-06
9633,283.1642775090004,32.096248,True,True,1.430511474609375e-06
9634,283.1971399449976,32.774462,True,True,1.430511474609375e-06
9635,283.2292829010112,32.043162,True,True,1.430511474609375e-06
9636,283.2569134100049,27.536466,True,True,1.430511474609375e-06
9637,283.2864179669996,29.418143,True,True,1.430511474609375e-06
9638,283.3189781020046,32.482453,True,True,1.430511474609375e-06
9639,283.3518659999827,32.807464,True,True,1.430511474609375e-06
9640,283.37915876100305,27.214466,True,True,1.430511474609375e-06
9641,283.39738846800174,18.166281,True,True,1.430511474609375e-06
9642,283.41548439799226,18.03912,True,True,1.430511474609375e-06
9643,283.4333782939939,17.841499,True,True,1.430511474609375e-06
9644,283.45134475198574,17.906037,True,True,1.430511474609375e-06
9645,283.46942187298555,18.025746,True,True,1.430511474609375e-06
9646,283.4874275960028,17.953525,True,True,1.430511474609375e-06
9647,283.5052629740094,17.785694,True,True,1.430511474609375e-06
9648,283.5232554899994,17.94603,True,True,1.430511474609375e-06
9649,283.54125887400005,17.956289,True,True,1.430511474609375e-06
9650,283.56416467000963,22.858301,True,True,1.430511474609375e-06
9651,283.5966624529974,32.417616,True,True,1.430511474609375e-06
9652,283.62940600700676,32.646873,True,True,1.430511474609375e-06
9653,283.6617673239962,32.266743,True,True,1.430511474609375e-06
9654,283.6944388310076,32.580006,True,True,1.430511474609375e-06
9655,283.7270251250011,32.496564,True,True,1.430511474609375e-06
9656,283.75908929499565,31.98504,True,True,1.430511474609375e-06
9657,283.7915695270058,32.399134,True,True,1.430511474609375e-06
9658,283.8184285979951,26.770421,True,True,1.430511474609375e-06
9659,283.8637709970062,45.278272,True,True,1.430511474609375e-06
9660,283.89763037499506,33.72575,True,True,1.430511474609375e-06
9661,283.9294181650039,31.676773,True,True,1.430511474609375e-06
9662,283.96157044399297,32.081545,True,True,1.430511474609375e-06
9663,283.9936712750059,32.017448,True,True,1.430511474609375e-06
9664,284.02645458100596,32.678072,True,True,1.430511474609375e-06
9665,284.0594673930027,32.921026,True,True,1.430511474609375e-06
9666,284.09179885999765,32.250859,True,True,1.430511474609375e-06
9667,284.12011404000805,28.230857,True,True,1.430511474609375e-06
9668,284.1683897860057,48.177077,True,True,1.430511474609375e-06
9669,284.1984111079946,29.907942,True,True,1.430511474609375e-06
9670,284.2306567929918,32.160127,True,True,1.430511474609375e-06
9671,284.2787507879839,47.957825,True,True,1.430511474609375e-06
9672,284.31111291298294,32.242172,True,True,1.430511474609375e-06
9673,284.3432821620081,32.059465,True,True,1.430511474609375e-06
9674,284.3765659639903,33.194633,True,True,1.430511474609375e-06
9675,284.397023736994,20.322398,True,True,1.430511474609375e-06
9676,284.41510826098965,18.024107,True,True,1.430511474609375e-06
9677,284.4331599290017,17.996421,True,True,1.430511474609375e-06
9678,284.45102479399065,17.805063,True,True,1.430511474609375e-06
9679,284.468951783987,17.865751,True,True,1.430511474609375e-06
9680,284.4868940419983,17.888645,True,True,1.430511474609375e-06
9681,284.5048352419981,17.879224,True,True,1.430511474609375e-06
9682,284.52267368798493,17.787314,True,True,1.430511474609375e-06
9683,284.5406566809979,17.930642,True,True,1.430511474609375e-06
9684,284.5587729649851,18.065886,True,True,1.430511474609375e-06
9685,284.58378850200097,24.968692,True,True,1.430511474609375e-06
9686,284.622151329997,38.278057,True,True,1.430511474609375e-06
9687,284.6554987450072,33.218934,True,True,1.430511474609375e-06
9688,284.6881188529951,32.484512,True,True,1.430511474609375e-06
9689,284.72129788799793,33.070602,True,True,1.430511474609375e-06
9690,284.75398406898603,32.579734,True,True,1.430511474609375e-06
9691,284.7865684950084,32.48717,True,True,1.430511474609375e-06
9692,284.8197975530056,33.100166,True,True,1.430511474609375e-06
9693,284.85231933000614,32.441435,True,True,1.430511474609375e-06
9694,284.9013679070049,48.963216,True,True,1.430511474609375e-06
9695,284.92850821098546,27.006466,True,True,1.430511474609375e-06
9696,284.9583511959936,29.766528,True,True,1.430511474609375e-06
9697,284.9904920179979,32.071937,True,True,1.430511474609375e-06
9698,285.035911990999,45.326978,True,True,1.430511474609375e-06
9699,285.06809544799034,32.051848,True,True,1.430511474609375e-06
9700,285.09520156699,27.016194,True,True,1.430511474609375e-06
9701,285.14512301099603,49.838778,True,True,1.430511474609375e-06
9702,285.17534519100445,30.059488,True,True,1.430511474609375e-06
9703,285.20742081900244,31.972973,True,True,1.430511474609375e-06
9704,285.2396384339954,32.117167,True,True,1.430511474609375e-06
9705,285.27189849098795,32.164468,True,True,1.430511474609375e-06
9706,285.3047737260058,32.784278,True,True,1.430511474609375e-06
9707,285.3365956239868,31.72105,True,True,1.430511474609375e-06
9708,285.3690479680081,32.367783,True,True,1.430511474609375e-06
9709,285.3896894440113,20.545341,True,True,1.430511474609375e-06
9710,285.40774292100105,17.989724,True,True,1.430511474609375e-06
9711,285.4258534880064,18.055015,True,True,1.430511474609375e-06
9712,285.44399055698887,18.085597,True,True,1.430511474609375e-06
9713,285.4617987659876,17.753864,True,True,1.430511474609375e-06
9714,285.4796914710023,17.841282,True,True,1.430511474609375e-06
9715,285.4978821259865,18.126455,True,True,1.430511474609375e-06
9716,285.5158991210046,17.960352,True,True,1.430511474609375e-06
9717,285.5337667159911,17.818692,True,True,1.430511474609375e-06
9718,285.55148274899693,17.666004,True,True,1.430511474609375e-06
9719,285.57686339199427,25.325674,True,True,1.430511474609375e-06
9720,285.6143184899993,37.369366,True,True,1.430511474609375e-06
9721,285.6417666479829,27.332619,True,True,1.430511474609375e-06
9722,285.6741860889888,32.311194,True,True,1.430511474609375e-06
9723,285.70616742700804,31.871821,True,True,1.430511474609375e-06
9724,285.7369890160044,30.730649,True,True,1.430511474609375e-06
9725,285.7697825979849,32.710776,True,True,1.430511474609375e-06
9726,285.8020038710092,32.116822,True,True,1.430511474609375e-06
9727,285.834600940987,32.494866,True,True,1.430511474609375e-06
9728,285.88349246099824,48.782064,True,True,1.430511474609375e-06
9729,285.91864631400676,35.018375,True,True,1.430511474609375e-06
9730,285.96567504800623,46.920816,True,True,1.430511474609375e-06
9731,285.9977098329982,31.93449,True,True,1.430511474609375e-06
9732,286.03021494098357,32.417603,True,True,1.430511474609375e-06
9733,286.0579281509854,27.629991,True,True,1.430511474609375e-06
9734,286.08969450200675,31.700252,True,True,1.430511474609375e-06
9735,286.13680318099796,47.025325,True,True,1.430511474609375e-06
9736,286.1692512590089,32.323172,True,True,1.430511474609375e-06
9737,286.202329724998,32.984785,True,True,1.430511474609375e-06
9738,286.23467288998654,32.257359,True,True,1.430511474609375e-06
9739,286.2663882620109,31.628793,True,True,1.430511474609375e-06
9740,286.29878348100465,32.331637,True,True,1.430511474609375e-06
9741,286.3315125629888,32.647557,True,True,1.430511474609375e-06
9742,286.3637875599961,32.190402,True,True,1.430511474609375e-06
9743,286.38413738500094,20.278748,True,True,1.430511474609375e-06
9744,286.40231661198777,18.122234,True,True,1.430511474609375e-06
9745,286.4204861180042,18.117276,True,True,1.430511474609375e-06
9746,286.4388199939858,18.28416,True,True,1.430511474609375e-06
9747,286.45685712300474,17.991025,True,True,1.430511474609375e-06
9748,286.47490098298294,17.997448,True,True,1.430511474609375e-06
9749,286.4926681740035,17.721724,True,True,1.430511474609375e-06
9750,286.5105043189833,17.791741,True,True,1.430511474609375e-06
9751,286.52825001601013,17.703819,True,True,1.430511474609375e-06
9752,286.5459657300089,17.672075,True,True,1.430511474609375e-06
9753,286.5732699930086,27.257693,True,True,1.430511474609375e-06
9754,286.6199612939963,46.613142,True,True,1.430511474609375e-06
9755,286.65195980199496,31.863881,True,True,1.430511474609375e-06
9756,286.68233115400653,30.269989,True,True,1.430511474609375e-06
9757,286.7150435579824,32.615868,True,True,1.430511474609375e-06
9758,286.74772452999605,32.565149,True,True,1.430511474609375e-06
9759,286.7800769919995,32.250531,True,True,1.430511474609375e-06
9760,286.81250755200745,32.326812,True,True,1.430511474609375e-06
9761,286.84528667200357,32.684321,True,True,1.430511474609375e-06
9762,286.89441870199516,49.041507,True,True,1.430511474609375e-06
9763,286.9275940579828,33.042172,True,True,1.430511474609375e-06
9764,286.9601660959888,32.474524,True,True,1.430511474609375e-06
9765,286.9934626480099,33.203902,True,True,1.430511474609375e-06
9766,287.0259764829825,32.418373,True,True,1.430511474609375e-06
9767,287.058143540984,32.074789,True,True,1.430511474609375e-06
9768,287.0856243449962,27.395225,True,True,1.430511474609375e-06
9769,287.1314314850024,45.737653,True,True,1.430511474609375e-06
9770,287.16540660799365,33.84305,True,True,1.430511474609375e-06
9771,287.1982403360016,32.733995,True,True,1.430511474609375e-06
9772,287.23029469000176,31.959976,True,True,1.430511474609375e-06
9773,287.27904147599475,48.647375,True,True,1.430511474609375e-06
9774,287.3118932080106,32.745764,True,True,1.430511474609375e-06
9775,287.3443924369931,32.416816,True,True,1.430511474609375e-06
9776,287.37662764199194,32.147651,True,True,1.430511474609375e-06
9777,287.39709998099715,20.387175,True,True,1.430511474609375e-06
9778,287.41522378800437,18.06088,True,True,1.430511474609375e-06
9779,287.4333161760005,18.037431,True,True,1.430511474609375e-06
9780,287.4516779780097,18.300861,True,True,1.430511474609375e-06
9781,287.46974381798645,18.005892,True,True,1.430511474609375e-06
9782,287.48788632900687,18.089506,True,True,1.430511474609375e-06
9783,287.50636028900044,18.412747,True,True,1.430511474609375e-06
9784,287.52442134998273,18.009391,True,True,1.430511474609375e-06
9785,287.5425761590013,18.098137,True,True,1.430511474609375e-06
9786,287.5605720040039,17.944663,True,True,1.430511474609375e-06
9787,287.5859475109901,25.323242,True,True,1.430511474609375e-06
9788,287.622792774986,36.756609,True,True,1.430511474609375e-06
9789,287.6549986409955,32.112562,True,True,1.430511474609375e-06
9790,287.68761827700655,32.514964,True,True,1.430511474609375e-06
9791,287.72084085599636,33.108354,True,True,1.430511474609375e-06
9792,287.7533597080037,32.434167,True,True,1.430511474609375e-06
9793,287.7854683159967,32.024042,True,True,1.430511474609375e-06
9794,287.81286108499626,27.307719,True,True,1.430511474609375e-06
9795,287.8424941499834,29.565396,True,True,1.430511474609375e-06
9796,287.8767530019977,34.192979,True,True,1.430511474609375e-06
9797,287.92320202098927,46.299745,True,True,1.430511474609375e-06
9798,287.95584926599986,32.528981,True,True,1.430511474609375e-06
9799,287.9882838180056,32.345772,True,True,1.430511474609375e-06
9800,288.02049529898795,32.118812,True,True,1.430511474609375e-06
9801,288.05295834699064,32.380815,True,True,1.430511474609375e-06
9802,288.09188287099823,38.841562,True,True,1.430511474609375e-06
9803,288.1438285399927,51.84421,True,True,1.430511474609375e-06
9804,288.1746467149933,30.665051,True,True,1.430511474609375e-06
9805,288.2074532939878,32.730482,True,True,1.430511474609375e-06
9806,288.2407199580048,33.184971,True,True,1.430511474609375e-06
9807,288.2729582900065,32.15775,True,True,1.430511474609375e-06
9808,288.3054067629855,32.374322,True,True,1.430511474609375e-06
9809,288.3384015529882,32.917569,True,True,1.430511474609375e-06
9810,288.3708129620063,32.304004,True,True,1.430511474609375e-06
9811,288.39164747600444,20.7413,True,True,1.430511474609375e-06
9812,288.4100338499993,18.273949,True,True,1.430511474609375e-06
9813,288.42833582800813,18.211685,True,True,1.430511474609375e-06
9814,288.4463099259883,17.913758,True,True,1.430511474609375e-06
9815,288.464243911003,17.877046,True,True,1.430511474609375e-06
9816,288.48213841498364,17.838974,True,True,1.430511474609375e-06
9817,288.5002785479883,18.08917,True,True,1.430511474609375e-06
9818,288.51863628899446,18.275217,True,True,1.430511474609375e-06
9819,288.5366835939931,17.940165,True,True,1.430511474609375e-06
9820,288.5547239689913,17.971312,True,True,1.430511474609375e-06
9821,288.5800890880055,25.306604,True,True,1.430511474609375e-06
9822,288.617838768987,37.660664,True,True,1.430511474609375e-06
9823,288.65023531299084,32.292155,True,True,1.430511474609375e-06
9824,288.68275600799825,32.429919,True,True,1.430511474609375e-06
9825,288.71566642000107,32.806663,True,True,1.430511474609375e-06
9826,288.747832352994,32.082549,True,True,1.430511474609375e-06
9827,288.7748754560016,26.967525,True,True,1.430511474609375e-06
9828,288.8048266090045,29.888919,True,True,1.430511474609375e-06
9829,288.83638350400724,31.494457,True,True,1.430511474609375e-06
9830,288.8697613829863,33.292927,True,True,1.430511474609375e-06
9831,288.9212239079934,51.353281,True,True,1.430511474609375e-06
9832,288.96684916398954,45.480439,True,True,1.430511474609375e-06
9833,288.99948915900313,32.520499,True,True,1.430511474609375e-06
9834,289.03269943699706,33.094408,True,True,1.430511474609375e-06
9835,289.0650965909881,32.292744,True,True,1.430511474609375e-06
9836,289.0969610500033,31.767091,True,True,1.430511474609375e-06
9837,289.14070867499686,43.647072,True,True,1.430511474609375e-06
9838,289.1707404470071,29.895796,True,True,1.430511474609375e-06
9839,289.2023393709969,31.516379,True,True,1.430511474609375e-06
9840,289.23495526998886,32.537692,True,True,1.430511474609375e-06
9841,289.26742752600694,32.375468,True,True,1.430511474609375e-06
9842,289.2997429429961,32.214939,True,True,1.430511474609375e-06
9843,289.33268625300843,32.857357,True,True,1.430511474609375e-06
9844,289.3649636769842,32.184004,True,True,1.430511474609375e-06
9845,289.38496394400136,19.922888,True,True,1.430511474609375e-06
9846,289.403550048999,18.517362,True,True,1.430511474609375e-06
9847,289.4214054940094,17.800343,True,True,1.430511474609375e-06
9848,289.43948708398966,18.032891,True,True,1.430511474609375e-06
9849,289.457660295011,18.113356,True,True,1.430511474609375e-06
9850,289.47560021898244,17.883201,True,True,1.430511474609375e-06
9851,289.49363476299914,17.983264,True,True,1.430511474609375e-06
9852,289.5115370560088,17.851226,True,True,1.430511474609375e-06
9853,289.5294525770005,17.867626,True,True,1.430511474609375e-06
9854,289.54733155100257,17.825955,True,True,1.430511474609375e-06
9855,289.57231978100026,24.936705,True,True,1.430511474609375e-06
9856,289.60951019398635,37.114845,True,True,1.430511474609375e-06
9857,289.64243006700417,32.820036,True,True,1.430511474609375e-06
9858,289.66957932300284,27.04564,True,True,1.430511474609375e-06
9859,289.69956916800584,29.911773,True,True,1.430511474609375e-06
9860,289.73143414000515,31.788525,True,True,1.430511474609375e-06
9861,289.76360231099534,32.088118,True,True,1.430511474609375e-06
9862,289.7958733619889,32.192304,True,True,1.430511474609375e-06
9863,289.82849007300683,32.534529,True,True,1.430511474609375e-06
9864,289.86113409299287,32.557567,True,True,1.430511474609375e-06
9865,289.909916915989,48.699245,True,True,1.430511474609375e-06
9866,289.94225169799756,32.192824,True,True,1.430511474609375e-06
9867,289.96943714798545,27.049109,True,True,1.430511474609375e-06
9868,289.9987763570098,29.239526,True,True,1.430511474609375e-06
9869,290.0314881899976,32.613638,True,True,1.430511474609375e-06
9870,290.0643256279873,32.728957,True,True,1.430511474609375e-06
9871,290.0963926599943,31.96339,True,True,1.430511474609375e-06
9872,290.14512488100445,48.623799,True,True,1.430511474609375e-06
9873,290.1783581789932,33.09379,True,True,1.430511474609375e-06
9874,290.2104964820028,32.019474,True,True,1.430511474609375e-06
9875,290.24363832900417,33.03685,True,True,1.430511474609375e-06
9876,290.27672006498324,32.952051,True,True,1.430511474609375e-06
9877,290.3091255649924,32.288526,True,True,1.430511474609375e-06
9878,290.3422085979837,32.964229,True,True,1.430511474609375e-06
9879,290.3695319079852,27.194326,True,True,1.430511474609375e-06
9880,290.39495297399117,25.323752,True,True,1.430511474609375e-06
9881,290.41305938499863,18.013378,True,True,1.430511474609375e-06
9882,290.431185221998,18.048819,True,True,1.430511474609375e-06
9883,290.4494819100073,18.220823,True,True,1.430511474609375e-06
9884,290.4675633079896,18.011528,True,True,1.430511474609375e-06
9885,290.48557324000285,17.93856,True,True,1.430511474609375e-06
9886,290.50338533098693,17.744474,True,True,1.430511474609375e-06
9887,290.52136107199476,17.90775,True,True,1.430511474609375e-06
9888,290.5396005100047,18.170088,True,True,1.430511474609375e-06
9889,290.55757047899533,17.902643,True,True,1.430511474609375e-06
9890,290.5832151089853,25.578577,True,True,1.430511474609375e-06
9891,290.6200858890079,36.780908,True,True,1.430511474609375e-06
9892,290.64698409999255,26.78486,True,True,1.430511474609375e-06
9893,290.67756669200025,30.48159,True,True,1.430511474609375e-06
9894,290.710232774989,32.576231,True,True,1.430511474609375e-06
9895,290.74235222899006,32.024243,True,True,1.430511474609375e-06
9896,290.77513439799077,32.694371,True,True,1.430511474609375e-06
9897,290.80709496699274,31.873366,True,True,1.430511474609375e-06
9898,290.8423090050055,35.116008,True,True,1.430511474609375e-06
9899,290.90525171300396,62.816062,True,True,1.430511474609375e-06
9900,290.9380049360043,32.612612,True,True,1.430511474609375e-06
9901,290.9706857929996,32.591721,True,True,1.430511474609375e-06
9902,290.99782803698326,27.034674,True,True,1.430511474609375e-06
9903,291.02756945000147,29.634151,True,True,1.430511474609375e-06
9904,291.05942752500414,31.780731,True,True,1.430511474609375e-06
9905,291.091736442002,32.212466,True,True,1.430511474609375e-06
9906,291.1412102059985,49.371723,True,True,1.430511474609375e-06
9907,291.1738781289896,32.52592,True,True,1.430511474609375e-06
9908,291.20584920499823,31.858851,True,True,1.430511474609375e-06
9909,291.23840681498405,32.467111,True,True,1.430511474609375e-06
9910,291.27162182700704,33.10707,True,True,1.430511474609375e-06
9911,291.30394106698805,32.19549,True,True,1.430511474609375e-06
9912,291.33122845200705,27.178225,True,True,1.430511474609375e-06
9913,291.36113176800427,29.820896,True,True,1.430511474609375e-06
9914,291.38737389599555,26.161491,True,True,1.430511474609375e-06
9915,291.4060767760093,18.628068,True,True,1.430511474609375e-06
9916,291.4238773070101,17.736343,True,True,1.430511474609375e-06
9917,291.4418912460096,17.953391,True,True,1.430511474609375e-06
9918,291.4601018819958,18.153126,True,True,1.430511474609375e-06
9919,291.47818480900605,18.027632,True,True,1.430511474609375e-06
9920,291.4960026110057,17.762943,True,True,1.430511474609375e-06
9921,291.51396103799925,17.898074,True,True,1.430511474609375e-06
9922,291.53185085600126,17.83649,True,True,1.430511474609375e-06
9923,291.54963360299007,17.726192,True,True,1.430511474609375e-06
9924,291.56795576401055,18.262934,True,True,1.430511474609375e-06
9925,291.60449296300067,36.472133,True,True,1.430511474609375e-06
9926,291.63692878198344,32.330426,True,True,1.430511474609375e-06
9927,291.6698734679958,32.853622,True,True,1.430511474609375e-06
9928,291.7027771990106,32.805326,True,True,1.430511474609375e-06
9929,291.73492609200184,32.064796,True,True,1.430511474609375e-06
9930,291.76757329900283,32.557085,True,True,1.430511474609375e-06
9931,291.79452068998944,26.853478,True,True,1.430511474609375e-06
9932,291.8235655849858,28.972048,True,True,1.430511474609375e-06
9933,291.8557962769992,32.151348,True,True,1.430511474609375e-06
9934,291.8882189730066,32.319218,True,True,1.430511474609375e-06
9935,291.93718458298827,48.868156,True,True,1.430511474609375e-06
9936,291.96957076500985,32.250251,True,True,1.430511474609375e-06
9937,292.00220684800297,32.508703,True,True,1.430511474609375e-06
9938,292.03524343299796,32.926313,True,True,1.430511474609375e-06
9939,292.06770888899337,32.362544,True,True,1.430511474609375e-06
9940,292.1002729620086,32.44489,True,True,1.430511474609375e-06
9941,292.14404850499704,43.651979,True,True,1.430511474609375e-06
9942,292.1732141469838,29.029167,True,True,1.430511474609375e-06
9943,292.2055092630035,32.212998,True,True,1.430511474609375e-06
9944,292.2384656649956,32.8645,True,True,1.430511474609375e-06
9945,292.2705861699942,32.029316,True,True,1.430511474609375e-06
9946,292.303078433004,32.398746,True,True,1.430511474609375e-06
9947,292.33549097398645,32.328282,True,True,1.430511474609375e-06
9948,292.36804040599964,32.435153,True,True,1.430511474609375e-06
9949,292.3880189819902,19.883926,True,True,1.430511474609375e-06
9950,292.40673470299225,18.646132,True,True,1.430511474609375e-06
9951,292.42479894298594,18.008827,True,True,1.430511474609375e-06
9952,292.4427030189836,17.84503,True,True,1.430511474609375e-06
9953,292.46069763199193,17.940062,True,True,1.430511474609375e-06
9954,292.4785630859842,17.801304,True,True,1.430511474609375e-06
9955,292.49635126499925,17.732915,True,True,1.430511474609375e-06
9956,292.5175813699898,21.182596,True,True,1.430511474609375e-06
9957,292.5402312979859,22.555792,True,True,1.430511474609375e-06
9958,292.56185610900866,21.553815,True,True,1.430511474609375e-06
9959,292.5922176580061,30.295127,True,True,1.430511474609375e-06
9960,292.62436912200064,32.050161,True,True,1.430511474609375e-06
9961,292.65664334900794,32.175691,True,True,1.430511474609375e-06
9962,292.68372645400814,26.986973,True,True,1.430511474609375e-06
9963,292.71604011399904,32.241021,True,True,1.430511474609375e-06
9964,292.74880537498393,32.666485,True,True,1.430511474609375e-06
9965,292.778842108004,29.931747,True,True,1.430511474609375e-06
9966,292.8115414089989,32.625475,True,True,1.430511474609375e-06
9967,292.8436161559948,31.988822,True,True,1.430511474609375e-06
9968,292.8754532689927,31.734939,True,True,1.430511474609375e-06
9969,292.9243590179831,48.817431,True,True,1.430511474609375e-06
9970,292.9585880849918,34.090286,True,True,1.430511474609375e-06
9971,292.99114915999235,32.45557,True,True,1.430511474609375e-06
9972,293.02395264498773,32.708172,True,True,1.430511474609375e-06
9973,293.05653677898226,32.487816,True,True,1.430511474609375e-06
9974,293.08903567900416,32.412021,True,True,1.430511474609375e-06
9975,293.1297895429889,40.664348,True,True,1.430511474609375e-06
9976,293.16230533400085,32.370305,True,True,1.430511474609375e-06
9977,293.2110173460096,48.608787,True,True,1.430511474609375e-06
9978,293.24376309500076,32.615574,True,True,1.430511474609375e-06
9979,293.27643108699704,32.569648,True,True,1.430511474609375e-06
9980,293.30959935099236,33.079586,True,True,1.430511474609375e-06
9981,293.3418391569867,32.152481,True,True,1.430511474609375e-06
9982,293.37505730599514,33.117416,True,True,1.430511474609375e-06
9983,293.3953847629891,20.241988,True,True,1.430511474609375e-06
9984,293.413568479009,18.110694,True,True,1.430511474609375e-06
9985,293.43138909499976,17.766834,True,True,1.430511474609375e-06
9986,293.4494184840005,17.967298,True,True,1.430511474609375e-06
9987,293.467208312999,17.731916,True,True,1.430511474609375e-06
9988,293.48546473300667,18.199679,True,True,1.430511474609375e-06
9989,293.5038067740097,18.284108,True,True,1.430511474609375e-06
9990,293.52167931600707,17.821351,True,True,1.430511474609375e-06
9991,293.53960701599135,17.871836,True,True,1.430511474609375e-06
9992,293.5573639170034,17.70121,True,True,1.430511474609375e-06
9993,293.5828806789941,25.46232,True,True,1.430511474609375e-06
9994,293.61555100398255,32.601317,True,True,1.430511474609375e-06
9995,293.6454857630015,29.833863,True,True,1.430511474609375e-06
9996,293.6775730889931,32.012511,True,True,1.430511474609375e-06
9997,293.7102996390022,32.630059,True,True,1.430511474609375e-06
9998,293.74309822000214,32.695816,True,True,1.430511474609375e-06
9999,293.77575372200226,32.553962,True,True,1.430511474609375e-06
10000,293.8085259030049,32.673399,True,True,1.430511474609375e-06
10001,293.84366250698804,35.016296,True,True,1.430511474609375e-06
10002,293.8899934410001,46.179022,True,True,1.430511474609375e-06
10003,293.93947351400857,49.303984,True,True,1.430511474609375e-06
10004,293.9670824499917,27.45638,True,True,1.430511474609375e-06
10005,293.99859380500857,31.418462,True,True,1.430511474609375e-06
10006,294.0286151919863,29.926454,True,True,1.430511474609375e-06
10007,294.0614048090065,32.730771,True,True,1.430511474609375e-06
10008,294.0938830130035,32.384723,True,True,1.430511474609375e-06
10009,294.14284732198576,48.879624,True,True,1.430511474609375e-06
10010,294.1756650150055,32.68449,True,True,1.430511474609375e-06
10011,294.2077891480003,32.005506,True,True,1.430511474609375e-06
10012,294.24011043898645,32.240138,True,True,1.430511474609375e-06
10013,294.2740032080037,33.788699,True,True,1.430511474609375e-06
10014,294.30716474400833,33.039339,True,True,1.430511474609375e-06
10015,294.33952026898623,32.26263,True,True,1.430511474609375e-06
10016,294.3727660299919,33.153162,True,True,1.430511474609375e-06
10017,294.39918398601003,26.302224,True,True,1.430511474609375e-06
10018,294.41841720600496,19.135737,True,True,1.430511474609375e-06
10019,294.43659867098904,18.111312,True,True,1.430511474609375e-06
10020,294.45470698800636,18.050891,True,True,1.430511474609375e-06
10021,294.4725821829925,17.818125,True,True,1.430511474609375e-06
10022,294.491142607003,18.510326,True,True,1.430511474609375e-06
10023,294.5096897080075,18.479648,True,True,1.430511474609375e-06
10024,294.52753291800036,17.78875,True,True,1.430511474609375e-06
10025,294.5454157330096,17.826888,True,True,1.430511474609375e-06
10026,294.5633290979895,17.858733,True,True,1.430511474609375e-06
10027,294.5943724850076,30.992632,True,True,1.430511474609375e-06
10028,294.6270312120032,32.571769,True,True,1.430511474609375e-06
10029,294.65914156398503,32.013106,True,True,1.430511474609375e-06
10030,294.7087160469964,49.47491,True,True,1.430511474609375e-06
10031,294.7418827860092,33.034883,True,True,1.430511474609375e-06
10032,294.77440567000303,32.439007,True,True,1.430511474609375e-06
10033,294.80738749698503,32.900386,True,True,1.430511474609375e-06
10034,294.8398406849883,32.370651,True,True,1.430511474609375e-06
10035,294.8670510810043,27.127144,True,True,1.430511474609375e-06
10036,294.8990666460013,31.950877,True,True,1.430511474609375e-06
10037,294.94657540498883,47.424032,True,True,1.430511474609375e-06
10038,294.9778895339987,31.164997,True,True,1.430511474609375e-06
10039,295.0109925249999,33.027299,True,True,1.430511474609375e-06
10040,295.0439138869988,32.808659,True,True,1.430511474609375e-06
10041,295.07650633199955,32.511473,True,True,1.430511474609375e-06
10042,295.11183691199403,35.241104,True,True,1.430511474609375e-06
10043,295.1589169150102,46.929542,True,True,1.430511474609375e-06
10044,295.1910283890029,31.996609,True,True,1.430511474609375e-06
10045,295.22385105499416,32.736352,True,True,1.430511474609375e-06
10046,295.25625699199736,32.308671,True,True,1.430511474609375e-06
10047,295.2885793889873,32.247035,True,True,1.430511474609375e-06
10048,295.31545706800534,26.797402,True,True,1.430511474609375e-06
10049,295.3458058119868,30.285157,True,True,1.430511474609375e-06
10050,295.37800848000916,32.13474,True,True,1.430511474609375e-06
10051,295.39838999698986,20.291917,True,True,1.430511474609375e-06
10052,295.4162840140052,17.831998,True,True,1.430511474609375e-06
10053,295.4341568789969,17.820856,True,True,1.430511474609375e-06
10054,295.4522509610106,18.041956,True,True,1.430511474609375e-06
10055,295.47028780399705,17.981921,True,True,1.430511474609375e-06
10056,295.4884232839977,18.070584,True,True,1.430511474609375e-06
10057,295.50629386201035,17.813683,True,True,1.430511474609375e-06
10058,295.5345062869892,28.159452,True,True,1.430511474609375e-06
10059,295.5530337289965,18.419661,True,True,1.430511474609375e-06
10060,295.5763861940068,23.2454,True,True,1.430511474609375e-06
10061,295.6080932049954,31.632469,True,True,1.430511474609375e-06
10062,295.64045084500685,32.278179,True,True,1.430511474609375e-06
10063,295.673592696985,33.03995,True,True,1.430511474609375e-06
10064,295.7066038750054,32.868065,True,True,1.430511474609375e-06
10065,295.7391063749965,32.407796,True,True,1.430511474609375e-06
10066,295.7659794270003,26.781817,True,True,1.430511474609375e-06
10067,295.7959235050075,29.874663,True,True,1.430511474609375e-06
10068,295.82817528099986,32.186367,True,True,1.430511474609375e-06
10069,295.8606428169878,32.382947,True,True,1.430511474609375e-06
10070,295.8928637089848,32.122687,True,True,1.430511474609375e-06
10071,295.9423722010106,49.423366,True,True,1.430511474609375e-06
10072,295.9750950640009,32.591031,True,True,1.430511474609375e-06
10073,296.0077662830008,32.563404,True,True,1.430511474609375e-06
10074,296.0404220049968,32.539889,True,True,1.430511474609375e-06
10075,296.07334025899763,32.814673,True,True,1.430511474609375e-06
10076,296.1052766449866,31.84639,True,True,1.430511474609375e-06
10077,296.1492547899834,43.904762,True,True,1.430511474609375e-06
10078,296.1789975879947,29.620853,True,True,1.430511474609375e-06
10079,296.21105158599676,31.979849,True,True,1.430511474609375e-06
10080,296.24330599198584,32.170795,True,True,1.430511474609375e-06
10081,296.2755872499838,32.198383,True,True,1.430511474609375e-06
10082,296.3078290789854,32.158834,True,True,1.430511474609375e-06
10083,296.3405577430094,32.652188,True,True,1.430511474609375e-06
10084,296.3734721780056,32.794695,True,True,1.430511474609375e-06
10085,296.3938082399836,20.24866,True,True,1.430511474609375e-06
10086,296.41173623799114,17.861318,True,True,1.430511474609375e-06
10087,296.42993396299426,18.141504,True,True,1.430511474609375e-06
10088,296.44800993200624,18.00955,True,True,1.430511474609375e-06
10089,296.4662700899935,18.202752,True,True,1.430511474609375e-06
10090,296.4840332439926,17.702836,True,True,1.430511474609375e-06
10091,296.50189511998906,17.806428,True,True,1.430511474609375e-06
10092,296.5202112449915,18.267368,True,True,1.430511474609375e-06
10093,296.5380037270079,17.737755,True,True,1.430511474609375e-06
10094,296.5559474779875,17.893142,True,True,1.430511474609375e-06
10095,296.5808816549834,24.883052,True,True,1.430511474609375e-06
10096,296.61881501198513,37.846087,True,True,1.430511474609375e-06
10097,296.6506930690084,31.763764,True,True,1.430511474609375e-06
10098,296.6831571040093,32.372843,True,True,1.430511474609375e-06
10099,296.7158704010071,32.61495,True,True,1.430511474609375e-06
10100,296.74815467800363,32.199712,True,True,1.430511474609375e-06
10101,296.77527186399675,27.037832,True,True,1.430511474609375e-06
10102,296.80543361400487,30.098018,True,True,1.430511474609375e-06
10103,296.8375777809997,32.079082,True,True,1.430511474609375e-06
10104,296.87054953799816,32.884815,True,True,1.430511474609375e-06
10105,296.9027787199884,32.148888,True,True,1.430511474609375e-06
10106,296.9522491550015,49.381698,True,True,1.430511474609375e-06
10107,296.98492297000485,32.541389,True,True,1.430511474609375e-06
10108,297.02562233500066,40.602603,True,True,1.430511474609375e-06
10109,297.05634332899353,30.610589,True,True,1.430511474609375e-06
10110,297.08819084000424,31.779092,True,True,1.430511474609375e-06
10111,297.1370072370046,48.7329,True,True,1.430511474609375e-06
10112,297.1689237059909,31.790315,True,True,1.430511474609375e-06
10113,297.2013967449893,32.39512,True,True,1.430511474609375e-06
10114,297.2341796029941,32.699609,True,True,1.430511474609375e-06
10115,297.266780009988,32.517227,True,True,1.430511474609375e-06
10116,297.2988929479907,32.026221,True,True,1.430511474609375e-06
10117,297.326585806004,27.611659,True,True,1.430511474609375e-06
10118,297.356171944004,29.511532,True,True,1.430511474609375e-06
10119,297.38326459701057,27.03,True,True,1.430511474609375e-06
10120,297.4014243959973,18.099834,True,True,1.430511474609375e-06
10121,297.4195886850066,18.115548,True,True,1.430511474609375e-06
10122,297.44548916700296,25.844123,True,True,1.430511474609375e-06
10123,297.46697931099334,21.375036,True,True,1.430511474609375e-06
10124,297.48599540800205,18.945413,True,True,1.430511474609375e-06
10125,297.50424243399175,18.181745,True,True,1.430511474609375e-06
10126,297.5222989099857,18.006228,True,True,1.430511474609375e-06
10127,297.5403526620066,18.004425,True,True,1.430511474609375e-06
10128,297.55823395299376,17.826905,True,True,1.430511474609375e-06
10129,297.58870420898893,30.419271,True,True,1.430511474609375e-06
10130,297.62071906699566,31.931231,True,True,1.430511474609375e-06
10131,297.65277503299876,31.966728,True,True,1.430511474609375e-06
10132,297.68533372099046,32.462832,True,True,1.430511474609375e-06
10133,297.7181254730094,32.699828,True,True,1.430511474609375e-06
10134,297.750386152009,32.179277,True,True,1.430511474609375e-06
10135,297.7828953069984,32.42923,True,True,1.430511474609375e-06
10136,297.8149049450003,31.931318,True,True,1.430511474609375e-06
10137,297.84216197099886,27.170766,True,True,1.430511474609375e-06
10138,297.87263327400433,30.404337,True,True,1.430511474609375e-06
10139,297.90458386199316,31.884271,True,True,1.430511474609375e-06
10140,297.94282668599044,38.143421,True,True,1.430511474609375e-06
10141,297.9868106950016,43.858617,True,True,1.430511474609375e-06
10142,298.01957730099093,32.66105,True,True,1.430511474609375e-06
10143,298.0519470309955,32.287084,True,True,1.430511474609375e-06
10144,298.084197254997,32.16639,True,True,1.430511474609375e-06
10145,298.13329574200907,49.019487,True,True,1.430511474609375e-06
10146,298.1654934420076,32.065192,True,True,1.430511474609375e-06
10147,298.1923203729966,26.753703,True,True,1.430511474609375e-06
10148,298.22223641499295,29.851216,True,True,1.430511474609375e-06
10149,298.25457970099524,32.280345,True,True,1.430511474609375e-06
10150,298.28727020998485,32.578915,True,True,1.430511474609375e-06
10151,298.3190941379871,31.725041,True,True,1.430511474609375e-06
10152,298.35160400299355,32.428816,True,True,1.430511474609375e-06
10153,298.3793144839874,27.623132,True,True,1.430511474609375e-06
10154,298.3975883999956,18.207193,True,True,1.430511474609375e-06
10155,298.41531758900965,17.673703,True,True,1.430511474609375e-06
10156,298.43334198300727,17.974713,True,True,1.430511474609375e-06
10157,298.45142436699825,18.025194,True,True,1.430511474609375e-06
10158,298.46953322799527,18.054254,True,True,1.430511474609375e-06
10159,298.48753870101064,17.948533,True,True,1.430511474609375e-06
10160,298.5053624199936,17.763752,True,True,1.430511474609375e-06
10161,298.52333222699235,17.925251,True,True,1.430511474609375e-06
10162,298.5412309950043,17.851124,True,True,1.430511474609375e-06
10163,298.55907424300676,17.790371,True,True,1.430511474609375e-06
10164,298.5923067939875,33.178858,True,True,1.430511474609375e-06
10165,298.6292995320109,36.866405,True,True,1.430511474609375e-06
10166,298.6616383350047,32.243551,True,True,1.430511474609375e-06
10167,298.694834755006,33.094158,True,True,1.430511474609375e-06
10168,298.72722005000105,32.294007,True,True,1.430511474609375e-06
10169,298.7542227979866,26.924526,True,True,1.430511474609375e-06
10170,298.7838778219884,29.586171,True,True,1.430511474609375e-06
10171,298.81596178899053,32.023845,True,True,1.430511474609375e-06
10172,298.8483394139912,32.294782,True,True,1.430511474609375e-06
10173,298.8805886269838,32.164576,True,True,1.430511474609375e-06
10174,298.912868954998,32.203758,True,True,1.430511474609375e-06
10175,298.96214862700435,49.18481,True,True,1.430511474609375e-06
10176,298.9944032029889,32.116403,True,True,1.430511474609375e-06
10177,299.02135276200715,26.868092,True,True,1.430511474609375e-06
10178,299.0516676979896,30.237648,True,True,1.430511474609375e-06
10179,299.0837767260091,32.032133,True,True,1.430511474609375e-06
10180,299.1490712199884,65.202654,True,True,1.430511474609375e-06
10181,299.18155160400784,32.341092,True,True,1.430511474609375e-06
10182,299.2138606570079,32.182274,True,True,1.430511474609375e-06
10183,299.2462803689996,32.326417,True,True,1.430511474609375e-06
10184,299.2789172579942,32.548534,True,True,1.430511474609375e-06
10185,299.3116321050038,32.626886,True,True,1.430511474609375e-06
10186,299.3438763569866,32.098808,True,True,1.430511474609375e-06
10187,299.3714249189943,27.474883,True,True,1.430511474609375e-06
10188,299.3894945830107,18.005626,True,True,1.430511474609375e-06
10189,299.4079033249873,18.353449,True,True,1.430511474609375e-06
10190,299.42599996799254,18.050963,True,True,1.430511474609375e-06
10191,299.4438138330006,17.761023,True,True,1.430511474609375e-06
10192,299.46160361898364,17.735579,True,True,1.430511474609375e-06
10193,299.47950532700634,17.849967,True,True,1.430511474609375e-06
10194,299.49737320499844,17.818058,True,True,1.430511474609375e-06
10195,299.5158807669941,18.448887,True,True,1.430511474609375e-06
10196,299.5336600090086,17.732269,True,True,1.430511474609375e-06
10197,299.5517871369957,18.02749,True,True,1.430511474609375e-06
10198,299.5836905739852,31.846493,True,True,1.430511474609375e-06
10199,299.61649811200914,32.691477,True,True,1.430511474609375e-06
10200,299.64569226198364,29.088694,True,True,1.430511474609375e-06
10201,299.6768310730113,31.048932,True,True,1.430511474609375e-06
10202,299.7094249280053,32.515251,True,True,1.430511474609375e-06
10203,299.7415467269893,32.032492,True,True,1.430511474609375e-06
10204,299.7738066120073,32.177923,True,True,1.430511474609375e-06
10205,299.8219269719848,47.999663,True,True,1.430511474609375e-06
10206,299.8538604739879,31.825993,True,True,1.430511474609375e-06
10207,299.878826131986,24.889276,True,True,1.430511474609375e-06
10208,299.91055629600305,31.666116,True,True,1.430511474609375e-06
10209,299.95995969799696,49.313394,True,True,1.430511474609375e-06
10210,299.99387117798324,33.775822,True,True,1.430511474609375e-06
10211,300.0266151980031,32.599306,True,True,1.430511474609375e-06
