iteration,node_name,node_type,exec_type,status,real_time_ms,cpu_time_ms
1,state,Parameter,unknown_f32,NOT_RUN,0.0,0.0
1,linear_1/aten.linear.default/Add,FullyConnected,gemm_mlas_f32,EXECUTED,0.10900000000000001,0.10900000000000001
1,wrist_image,Parameter,unknown_f32,NOT_RUN,0.0,0.0
1,wrist_image_abcd_acdb_mul_2/aten.mul.Tensor/Multiply,Reorder,jit_uni_f32,EXECUTED,0.23900000000000002,0.23900000000000002
1,mul_2/aten.mul.Tensor/Multiply,Convolution,brgconv_avx2_f32,EXECUTED,2.093,2.093
1,relu/aten.relu.default/Relu,Relu,undef,NOT_RUN,0.0,0.0
1,max_pool2d_with_indices/aten.max_pool2d_with_indices.default/MaxPool,MaxPool,jit_avx2_f32,EXECUTED,0.306,0.306
1,mul_5/aten.mul.Tensor/Multiply,Convolution,brgconv_avx2_f32,EXECUTED,1.911,1.911
1,relu_1/aten.relu.default/Relu,Relu,undef,NOT_RUN,0.0,0.0
1,mul_8/aten.mul.Tensor/Multiply,Convolution,brgconv_avx2_f32,EXECUTED,1.8860000000000001,1.8860000000000001
1,add_6/aten.add.Tensor/Add,Add,undef,NOT_RUN,0.0,0.0
1,relu_2/aten.relu.default/Relu,Relu,undef,NOT_RUN,0.0,0.0
1,mul_11/aten.mul.Tensor/Multiply,Convolution,brgconv_avx2_f32,EXECUTED,2.093,2.093
1,relu_3/aten.relu.default/Relu,Relu,undef,NOT_RUN,0.0,0.0
1,mul_14/aten.mul.Tensor/Multiply,Convolution,brgconv_avx2_f32,EXECUTED,2.045,2.045
1,add_11/aten.add.Tensor/Add,Add,undef,NOT_RUN,0.0,0.0
1,relu_4/aten.relu.default/Relu,Relu,undef,NOT_RUN,0.0,0.0
1,mul_17/aten.mul.Tensor/Multiply,Convolution,brgconv_avx2_f32,EXECUTED,1.087,1.087
1,relu_5/aten.relu.default/Relu,Relu,undef,NOT_RUN,0.0,0.0
1,mul_23/aten.mul.Tensor/Multiply,Convolution,brgconv_avx2_1x1_f32,EXECUTED,0.196,0.196
1,mul_20/aten.mul.Tensor/Multiply,Convolution,brgconv_avx2_f32,EXECUTED,1.771,1.771
1,add_18/aten.add.Tensor/Add,Add,undef,NOT_RUN,0.0,0.0
1,relu_6/aten.relu.default/Relu,Relu,undef,NOT_RUN,0.0,0.0
1,mul_26/aten.mul.Tensor/Multiply,Convolution,brgconv_avx2_f32,EXECUTED,1.795,1.795
1,relu_7/aten.relu.default/Relu,Relu,undef,NOT_RUN,0.0,0.0
1,mul_29/aten.mul.Tensor/Multiply,Convolution,brgconv_avx2_f32,EXECUTED,1.86,1.86
1,add_23/aten.add.Tensor/Add,Add,undef,NOT_RUN,0.0,0.0
1,relu_8/aten.relu.default/Relu,Relu,undef,NOT_RUN,0.0,0.0
1,mul_32/aten.mul.Tensor/Multiply,Convolution,brgconv_avx2_f32,EXECUTED,0.9909999999999999,0.9909999999999999
1,relu_9/aten.relu.default/Relu,Relu,undef,NOT_RUN,0.0,0.0
1,mul_38/aten.mul.Tensor/Multiply,Convolution,brgconv_avx2_1x1_f32,EXECUTED,0.204,0.204
1,mul_35/aten.mul.Tensor/Multiply,Convolution,brgconv_avx2_f32,EXECUTED,1.804,1.804
1,add_30/aten.add.Tensor/Add,Add,undef,NOT_RUN,0.0,0.0
1,relu_10/aten.relu.default/Relu,Relu,undef,NOT_RUN,0.0,0.0
1,mul_41/aten.mul.Tensor/Multiply,Convolution,brgconv_avx2_f32,EXECUTED,1.847,1.847
1,relu_11/aten.relu.default/Relu,Relu,undef,NOT_RUN,0.0,0.0
1,mul_44/aten.mul.Tensor/Multiply,Convolution,brgconv_avx2_f32,EXECUTED,1.913,1.913
1,add_35/aten.add.Tensor/Add,Add,undef,NOT_RUN,0.0,0.0
1,relu_12/aten.relu.default/Relu,Relu,undef,NOT_RUN,0.0,0.0
1,mul_47/aten.mul.Tensor/Multiply,Convolution,brgconv_avx2_f32,EXECUTED,1.083,1.083
1,relu_13/aten.relu.default/Relu,Relu,undef,NOT_RUN,0.0,0.0
1,mul_53/aten.mul.Tensor/Multiply,Convolution,brgconv_avx2_1x1_f32,EXECUTED,0.268,0.268
1,mul_50/aten.mul.Tensor/Multiply,Convolution,brgconv_avx2_f32,EXECUTED,1.784,1.784
1,add_42/aten.add.Tensor/Add,Add,undef,NOT_RUN,0.0,0.0
1,relu_14/aten.relu.default/Relu,Relu,undef,NOT_RUN,0.0,0.0
1,mul_56/aten.mul.Tensor/Multiply,Convolution,brgconv_avx2_f32,EXECUTED,1.846,1.846
1,relu_15/aten.relu.default/Relu,Relu,undef,NOT_RUN,0.0,0.0
1,mul_59/aten.mul.Tensor/Multiply,Convolution,brgconv_avx2_f32,EXECUTED,1.835,1.835
1,add_47/aten.add.Tensor/Add,Add,undef,NOT_RUN,0.0,0.0
1,relu_16/aten.relu.default/Relu,Relu,undef,NOT_RUN,0.0,0.0
1,convolution_20/aten.convolution.default/Convolution,Convolution,brgconv_avx2_1x1_f32,EXECUTED,0.38499999999999995,0.38499999999999995
1,permute_1/aten.permute.default/Transpose,Transpose,unknown_f32,EXECUTED,0.038,0.038
1,permute_1/aten.permute.default/Transpose_acdb_abcd_view_82/aten.view.default/Reshape,Reorder,reorder_f32,EXECUTED,0.027,0.027
1,view_82/aten.view.default/Reshape,Reshape,unknown_f32,NOT_RUN,0.0,0.0
1,select_5/aten.select.int/Gather,Gather,unknown_f32,NOT_RUN,0.0,0.0
1,select_6/aten.select.int/Gather,Gather,unknown_f32,NOT_RUN,0.0,0.0
1,select_7/aten.select.int/Gather,Gather,unknown_f32,NOT_RUN,0.0,0.0
1,select_8/aten.select.int/Gather,Gather,unknown_f32,NOT_RUN,0.0,0.0
1,select_9/aten.select.int/Gather,Gather,unknown_f32,NOT_RUN,0.0,0.0
1,select_10/aten.select.int/Gather,Gather,unknown_f32,NOT_RUN,0.0,0.0
1,select_11/aten.select.int/Gather,Gather,unknown_f32,NOT_RUN,0.0,0.0
1,select_12/aten.select.int/Gather,Gather,unknown_f32,NOT_RUN,0.0,0.0
1,select_13/aten.select.int/Gather,Gather,unknown_f32,NOT_RUN,0.0,0.0
1,select_14/aten.select.int/Gather,Gather,unknown_f32,NOT_RUN,0.0,0.0
1,select_15/aten.select.int/Gather,Gather,unknown_f32,NOT_RUN,0.0,0.0
1,select_16/aten.select.int/Gather,Gather,unknown_f32,NOT_RUN,0.0,0.0
1,select_17/aten.select.int/Gather,Gather,unknown_f32,NOT_RUN,0.0,0.0
1,select_18/aten.select.int/Gather,Gather,unknown_f32,NOT_RUN,0.0,0.0
1,select_19/aten.select.int/Gather,Gather,unknown_f32,NOT_RUN,0.0,0.0
1,select_20/aten.select.int/Gather,Gather,unknown_f32,NOT_RUN,0.0,0.0
1,select_21/aten.select.int/Gather,Gather,unknown_f32,NOT_RUN,0.0,0.0
1,select_22/aten.select.int/Gather,Gather,unknown_f32,NOT_RUN,0.0,0.0
1,select_23/aten.select.int/Gather,Gather,unknown_f32,NOT_RUN,0.0,0.0
1,select_24/aten.select.int/Gather,Gather,unknown_f32,NOT_RUN,0.0,0.0
1,select_25/aten.select.int/Gather,Gather,unknown_f32,NOT_RUN,0.0,0.0
1,select_26/aten.select.int/Gather,Gather,unknown_f32,NOT_RUN,0.0,0.0
1,select_27/aten.select.int/Gather,Gather,unknown_f32,NOT_RUN,0.0,0.0
1,select_28/aten.select.int/Gather,Gather,unknown_f32,NOT_RUN,0.0,0.0
1,select_29/aten.select.int/Gather,Gather,unknown_f32,NOT_RUN,0.0,0.0
1,select_30/aten.select.int/Gather,Gather,unknown_f32,NOT_RUN,0.0,0.0
1,select_31/aten.select.int/Gather,Gather,unknown_f32,NOT_RUN,0.0,0.0
1,select_32/aten.select.int/Gather,Gather,unknown_f32,NOT_RUN,0.0,0.0
1,select_33/aten.select.int/Gather,Gather,unknown_f32,NOT_RUN,0.0,0.0
1,select_34/aten.select.int/Gather,Gather,unknown_f32,NOT_RUN,0.0,0.0
1,select_35/aten.select.int/Gather,Gather,unknown_f32,NOT_RUN,0.0,0.0
1,select_36/aten.select.int/Gather,Gather,unknown_f32,NOT_RUN,0.0,0.0
1,select_37/aten.select.int/Gather,Gather,unknown_f32,NOT_RUN,0.0,0.0
1,select_38/aten.select.int/Gather,Gather,unknown_f32,NOT_RUN,0.0,0.0
1,select_39/aten.select.int/Gather,Gather,unknown_f32,NOT_RUN,0.0,0.0
1,select_40/aten.select.int/Gather,Gather,unknown_f32,NOT_RUN,0.0,0.0
1,select_41/aten.select.int/Gather,Gather,unknown_f32,NOT_RUN,0.0,0.0
1,select_42/aten.select.int/Gather,Gather,unknown_f32,NOT_RUN,0.0,0.0
1,select_43/aten.select.int/Gather,Gather,unknown_f32,NOT_RUN,0.0,0.0
1,select_44/aten.select.int/Gather,Gather,unknown_f32,NOT_RUN,0.0,0.0
1,select_45/aten.select.int/Gather,Gather,unknown_f32,NOT_RUN,0.0,0.0
1,select_46/aten.select.int/Gather,Gather,unknown_f32,NOT_RUN,0.0,0.0
1,select_47/aten.select.int/Gather,Gather,unknown_f32,NOT_RUN,0.0,0.0
1,select_48/aten.select.int/Gather,Gather,unknown_f32,NOT_RUN,0.0,0.0
1,select_49/aten.select.int/Gather,Gather,unknown_f32,NOT_RUN,0.0,0.0
1,select_50/aten.select.int/Gather,Gather,unknown_f32,NOT_RUN,0.0,0.0
1,select_51/aten.select.int/Gather,Gather,unknown_f32,NOT_RUN,0.0,0.0
1,select_52/aten.select.int/Gather,Gather,unknown_f32,NOT_RUN,0.0,0.0
1,select_53/aten.select.int/Gather,Gather,unknown_f32,NOT_RUN,0.0,0.0
1,select_54/aten.select.int/Gather,Gather,unknown_f32,NOT_RUN,0.0,0.0
1,select_55/aten.select.int/Gather,Gather,unknown_f32,NOT_RUN,0.0,0.0
1,select_56/aten.select.int/Gather,Gather,unknown_f32,NOT_RUN,0.0,0.0
1,select_57/aten.select.int/Gather,Gather,unknown_f32,NOT_RUN,0.0,0.0
1,select_58/aten.select.int/Gather,Gather,unknown_f32,NOT_RUN,0.0,0.0
1,select_59/aten.select.int/Gather,Gather,unknown_f32,NOT_RUN,0.0,0.0
1,select_60/aten.select.int/Gather,Gather,unknown_f32,NOT_RUN,0.0,0.0
1,select_61/aten.select.int/Gather,Gather,unknown_f32,NOT_RUN,0.0,0.0
1,select_62/aten.select.int/Gather,Gather,unknown_f32,NOT_RUN,0.0,0.0
1,select_63/aten.select.int/Gather,Gather,unknown_f32,NOT_RUN,0.0,0.0
1,select_64/aten.select.int/Gather,Gather,unknown_f32,NOT_RUN,0.0,0.0
1,select_65/aten.select.int/Gather,Gather,unknown_f32,NOT_RUN,0.0,0.0
1,select_66/aten.select.int/Gather,Gather,unknown_f32,NOT_RUN,0.0,0.0
1,select_67/aten.select.int/Gather,Gather,unknown_f32,NOT_RUN,0.0,0.0
1,select_68/aten.select.int/Gather,Gather,unknown_f32,NOT_RUN,0.0,0.0
1,select_69/aten.select.int/Gather,Gather,unknown_f32,NOT_RUN,0.0,0.0
1,select_70/aten.select.int/Gather,Gather,unknown_f32,NOT_RUN,0.0,0.0
1,select_71/aten.select.int/Gather,Gather,unknown_f32,NOT_RUN,0.0,0.0
1,select_72/aten.select.int/Gather,Gather,unknown_f32,NOT_RUN,0.0,0.0
1,select_73/aten.select.int/Gather,Gather,unknown_f32,NOT_RUN,0.0,0.0
1,select_74/aten.select.int/Gather,Gather,unknown_f32,NOT_RUN,0.0,0.0
1,select_75/aten.select.int/Gather,Gather,unknown_f32,NOT_RUN,0.0,0.0
1,select_76/aten.select.int/Gather,Gather,unknown_f32,NOT_RUN,0.0,0.0
1,select_77/aten.select.int/Gather,Gather,unknown_f32,NOT_RUN,0.0,0.0
1,select_78/aten.select.int/Gather,Gather,unknown_f32,NOT_RUN,0.0,0.0
1,select_79/aten.select.int/Gather,Gather,unknown_f32,NOT_RUN,0.0,0.0
1,select_80/aten.select.int/Gather,Gather,unknown_f32,NOT_RUN,0.0,0.0
1,select_81/aten.select.int/Gather,Gather,unknown_f32,NOT_RUN,0.0,0.0
1,select_82/aten.select.int/Gather,Gather,unknown_f32,NOT_RUN,0.0,0.0
1,select_83/aten.select.int/Gather,Gather,unknown_f32,NOT_RUN,0.0,0.0
1,select_84/aten.select.int/Gather,Gather,unknown_f32,NOT_RUN,0.0,0.0
1,select_85/aten.select.int/Gather,Gather,unknown_f32,NOT_RUN,0.0,0.0
1,select_86/aten.select.int/Gather,Gather,unknown_f32,NOT_RUN,0.0,0.0
1,select_87/aten.select.int/Gather,Gather,unknown_f32,NOT_RUN,0.0,0.0
1,select_88/aten.select.int/Gather,Gather,unknown_f32,NOT_RUN,0.0,0.0
1,select_89/aten.select.int/Gather,Gather,unknown_f32,NOT_RUN,0.0,0.0
1,select_90/aten.select.int/Gather,Gather,unknown_f32,NOT_RUN,0.0,0.0
1,select_91/aten.select.int/Gather,Gather,unknown_f32,NOT_RUN,0.0,0.0
1,select_92/aten.select.int/Gather,Gather,unknown_f32,NOT_RUN,0.0,0.0
1,select_93/aten.select.int/Gather,Gather,unknown_f32,NOT_RUN,0.0,0.0
1,select_94/aten.select.int/Gather,Gather,unknown_f32,NOT_RUN,0.0,0.0
1,select_95/aten.select.int/Gather,Gather,unknown_f32,NOT_RUN,0.0,0.0
1,select_96/aten.select.int/Gather,Gather,unknown_f32,NOT_RUN,0.0,0.0
1,select_97/aten.select.int/Gather,Gather,unknown_f32,NOT_RUN,0.0,0.0
1,select_98/aten.select.int/Gather,Gather,unknown_f32,NOT_RUN,0.0,0.0
1,select_99/aten.select.int/Gather,Gather,unknown_f32,NOT_RUN,0.0,0.0
1,select_100/aten.select.int/Gather,Gather,unknown_f32,NOT_RUN,0.0,0.0
1,select_101/aten.select.int/Gather,Gather,unknown_f32,NOT_RUN,0.0,0.0
1,select_102/aten.select.int/Gather,Gather,unknown_f32,NOT_RUN,0.0,0.0
1,select_103/aten.select.int/Gather,Gather,unknown_f32,NOT_RUN,0.0,0.0
1,select_104/aten.select.int/Gather,Gather,unknown_f32,NOT_RUN,0.0,0.0
1,select_105/aten.select.int/Gather,Gather,unknown_f32,NOT_RUN,0.0,0.0
1,select_106/aten.select.int/Gather,Gather,unknown_f32,NOT_RUN,0.0,0.0
1,select_107/aten.select.int/Gather,Gather,unknown_f32,NOT_RUN,0.0,0.0
1,select_108/aten.select.int/Gather,Gather,unknown_f32,NOT_RUN,0.0,0.0
1,select_109/aten.select.int/Gather,Gather,unknown_f32,NOT_RUN,0.0,0.0
1,select_110/aten.select.int/Gather,Gather,unknown_f32,NOT_RUN,0.0,0.0
1,select_111/aten.select.int/Gather,Gather,unknown_f32,NOT_RUN,0.0,0.0
1,select_112/aten.select.int/Gather,Gather,unknown_f32,NOT_RUN,0.0,0.0
1,select_113/aten.select.int/Gather,Gather,unknown_f32,NOT_RUN,0.0,0.0
1,select_114/aten.select.int/Gather,Gather,unknown_f32,NOT_RUN,0.0,0.0
1,select_115/aten.select.int/Gather,Gather,unknown_f32,NOT_RUN,0.0,0.0
1,select_116/aten.select.int/Gather,Gather,unknown_f32,NOT_RUN,0.0,0.0
1,select_117/aten.select.int/Gather,Gather,unknown_f32,NOT_RUN,0.0,0.0
1,select_118/aten.select.int/Gather,Gather,unknown_f32,NOT_RUN,0.0,0.0
1,select_119/aten.select.int/Gather,Gather,unknown_f32,NOT_RUN,0.0,0.0
1,select_120/aten.select.int/Gather,Gather,unknown_f32,NOT_RUN,0.0,0.0
1,select_121/aten.select.int/Gather,Gather,unknown_f32,NOT_RUN,0.0,0.0
1,select_122/aten.select.int/Gather,Gather,unknown_f32,NOT_RUN,0.0,0.0
1,select_123/aten.select.int/Gather,Gather,unknown_f32,NOT_RUN,0.0,0.0
1,select_124/aten.select.int/Gather,Gather,unknown_f32,NOT_RUN,0.0,0.0
1,select_125/aten.select.int/Gather,Gather,unknown_f32,NOT_RUN,0.0,0.0
1,select_126/aten.select.int/Gather,Gather,unknown_f32,NOT_RUN,0.0,0.0
1,select_127/aten.select.int/Gather,Gather,unknown_f32,NOT_RUN,0.0,0.0
1,select_128/aten.select.int/Gather,Gather,unknown_f32,NOT_RUN,0.0,0.0
1,select_129/aten.select.int/Gather,Gather,unknown_f32,NOT_RUN,0.0,0.0
1,select_130/aten.select.int/Gather,Gather,unknown_f32,NOT_RUN,0.0,0.0
1,select_131/aten.select.int/Gather,Gather,unknown_f32,NOT_RUN,0.0,0.0
1,select_132/aten.select.int/Gather,Gather,unknown_f32,NOT_RUN,0.0,0.0
1,select_133/aten.select.int/Gather,Gather,unknown_f32,NOT_RUN,0.0,0.0
1,select_134/aten.select.int/Gather,Gather,unknown_f32,NOT_RUN,0.0,0.0
1,select_135/aten.select.int/Gather,Gather,unknown_f32,NOT_RUN,0.0,0.0
1,select_136/aten.select.int/Gather,Gather,unknown_f32,NOT_RUN,0.0,0.0
1,select_137/aten.select.int/Gather,Gather,unknown_f32,NOT_RUN,0.0,0.0
1,select_138/aten.select.int/Gather,Gather,unknown_f32,NOT_RUN,0.0,0.0
1,select_139/aten.select.int/Gather,Gather,unknown_f32,NOT_RUN,0.0,0.0
1,select_140/aten.select.int/Gather,Gather,unknown_f32,NOT_RUN,0.0,0.0
1,select_141/aten.select.int/Gather,Gather,unknown_f32,NOT_RUN,0.0,0.0
1,select_142/aten.select.int/Gather,Gather,unknown_f32,NOT_RUN,0.0,0.0
1,select_143/aten.select.int/Gather,Gather,unknown_f32,NOT_RUN,0.0,0.0
1,select_144/aten.select.int/Gather,Gather,unknown_f32,NOT_RUN,0.0,0.0
1,select_145/aten.select.int/Gather,Gather,unknown_f32,NOT_RUN,0.0,0.0
1,select_146/aten.select.int/Gather,Gather,unknown_f32,NOT_RUN,0.0,0.0
1,select_147/aten.select.int/Gather,Gather,unknown_f32,NOT_RUN,0.0,0.0
1,select_148/aten.select.int/Gather,Gather,unknown_f32,NOT_RUN,0.0,0.0
1,select_149/aten.select.int/Gather,Gather,unknown_f32,NOT_RUN,0.0,0.0
1,select_150/aten.select.int/Gather,Gather,unknown_f32,NOT_RUN,0.0,0.0
1,select_151/aten.select.int/Gather,Gather,unknown_f32,NOT_RUN,0.0,0.0
1,select_152/aten.select.int/Gather,Gather,unknown_f32,NOT_RUN,0.0,0.0
1,select_153/aten.select.int/Gather,Gather,unknown_f32,NOT_RUN,0.0,0.0
1,select_154/aten.select.int/Gather,Gather,unknown_f32,NOT_RUN,0.0,0.0
1,select_155/aten.select.int/Gather,Gather,unknown_f32,NOT_RUN,0.0,0.0
1,select_156/aten.select.int/Gather,Gather,unknown_f32,NOT_RUN,0.0,0.0
1,select_157/aten.select.int/Gather,Gather,unknown_f32,NOT_RUN,0.0,0.0
1,select_158/aten.select.int/Gather,Gather,unknown_f32,NOT_RUN,0.0,0.0
1,select_159/aten.select.int/Gather,Gather,unknown_f32,NOT_RUN,0.0,0.0
1,select_160/aten.select.int/Gather,Gather,unknown_f32,NOT_RUN,0.0,0.0
1,select_161/aten.select.int/Gather,Gather,unknown_f32,NOT_RUN,0.0,0.0
1,select_162/aten.select.int/Gather,Gather,unknown_f32,NOT_RUN,0.0,0.0
1,select_163/aten.select.int/Gather,Gather,unknown_f32,NOT_RUN,0.0,0.0
1,select_164/aten.select.int/Gather,Gather,unknown_f32,NOT_RUN,0.0,0.0
1,select_165/aten.select.int/Gather,Gather,unknown_f32,NOT_RUN,0.0,0.0
1,select_166/aten.select.int/Gather,Gather,unknown_f32,NOT_RUN,0.0,0.0
1,select_167/aten.select.int/Gather,Gather,unknown_f32,NOT_RUN,0.0,0.0
1,select_168/aten.select.int/Gather,Gather,unknown_f32,NOT_RUN,0.0,0.0
1,select_169/aten.select.int/Gather,Gather,unknown_f32,NOT_RUN,0.0,0.0
1,select_170/aten.select.int/Gather,Gather,unknown_f32,NOT_RUN,0.0,0.0
1,select_171/aten.select.int/Gather,Gather,unknown_f32,NOT_RUN,0.0,0.0
1,select_172/aten.select.int/Gather,Gather,unknown_f32,NOT_RUN,0.0,0.0
1,select_173/aten.select.int/Gather,Gather,unknown_f32,NOT_RUN,0.0,0.0
1,select_174/aten.select.int/Gather,Gather,unknown_f32,NOT_RUN,0.0,0.0
1,select_175/aten.select.int/Gather,Gather,unknown_f32,NOT_RUN,0.0,0.0
1,select_176/aten.select.int/Gather,Gather,unknown_f32,NOT_RUN,0.0,0.0
1,select_177/aten.select.int/Gather,Gather,unknown_f32,NOT_RUN,0.0,0.0
1,select_178/aten.select.int/Gather,Gather,unknown_f32,NOT_RUN,0.0,0.0
1,select_179/aten.select.int/Gather,Gather,unknown_f32,NOT_RUN,0.0,0.0
1,select_180/aten.select.int/Gather,Gather,unknown_f32,NOT_RUN,0.0,0.0
1,select_181/aten.select.int/Gather,Gather,unknown_f32,NOT_RUN,0.0,0.0
1,select_182/aten.select.int/Gather,Gather,unknown_f32,NOT_RUN,0.0,0.0
1,select_183/aten.select.int/Gather,Gather,unknown_f32,NOT_RUN,0.0,0.0
1,select_184/aten.select.int/Gather,Gather,unknown_f32,NOT_RUN,0.0,0.0
1,select_185/aten.select.int/Gather,Gather,unknown_f32,NOT_RUN,0.0,0.0
1,select_186/aten.select.int/Gather,Gather,unknown_f32,NOT_RUN,0.0,0.0
1,select_187/aten.select.int/Gather,Gather,unknown_f32,NOT_RUN,0.0,0.0
1,select_188/aten.select.int/Gather,Gather,unknown_f32,NOT_RUN,0.0,0.0
1,select_189/aten.select.int/Gather,Gather,unknown_f32,NOT_RUN,0.0,0.0
1,select_190/aten.select.int/Gather,Gather,unknown_f32,NOT_RUN,0.0,0.0
1,select_191/aten.select.int/Gather,Gather,unknown_f32,NOT_RUN,0.0,0.0
1,select_192/aten.select.int/Gather,Gather,unknown_f32,NOT_RUN,0.0,0.0
1,select_193/aten.select.int/Gather,Gather,unknown_f32,NOT_RUN,0.0,0.0
1,select_194/aten.select.int/Gather,Gather,unknown_f32,NOT_RUN,0.0,0.0
1,select_195/aten.select.int/Gather,Gather,unknown_f32,NOT_RUN,0.0,0.0
1,select_196/aten.select.int/Gather,Gather,unknown_f32,NOT_RUN,0.0,0.0
1,select_197/aten.select.int/Gather,Gather,unknown_f32,NOT_RUN,0.0,0.0
1,select_198/aten.select.int/Gather,Gather,unknown_f32,NOT_RUN,0.0,0.0
1,select_199/aten.select.int/Gather,Gather,unknown_f32,NOT_RUN,0.0,0.0
1,select_200/aten.select.int/Gather,Gather,unknown_f32,NOT_RUN,0.0,0.0
1,select_201/aten.select.int/Gather,Gather,unknown_f32,NOT_RUN,0.0,0.0
1,select_202/aten.select.int/Gather,Gather,unknown_f32,NOT_RUN,0.0,0.0
1,select_203/aten.select.int/Gather,Gather,unknown_f32,NOT_RUN,0.0,0.0
1,select_204/aten.select.int/Gather,Gather,unknown_f32,NOT_RUN,0.0,0.0
1,select_205/aten.select.int/Gather,Gather,unknown_f32,NOT_RUN,0.0,0.0
1,select_206/aten.select.int/Gather,Gather,unknown_f32,NOT_RUN,0.0,0.0
1,select_207/aten.select.int/Gather,Gather,unknown_f32,NOT_RUN,0.0,0.0
1,select_208/aten.select.int/Gather,Gather,unknown_f32,NOT_RUN,0.0,0.0
1,select_209/aten.select.int/Gather,Gather,unknown_f32,NOT_RUN,0.0,0.0
1,select_210/aten.select.int/Gather,Gather,unknown_f32,NOT_RUN,0.0,0.0
1,select_211/aten.select.int/Gather,Gather,unknown_f32,NOT_RUN,0.0,0.0
1,select_212/aten.select.int/Gather,Gather,unknown_f32,NOT_RUN,0.0,0.0
1,select_213/aten.select.int/Gather,Gather,unknown_f32,NOT_RUN,0.0,0.0
1,select_214/aten.select.int/Gather,Gather,unknown_f32,NOT_RUN,0.0,0.0
1,select_215/aten.select.int/Gather,Gather,unknown_f32,NOT_RUN,0.0,0.0
1,select_216/aten.select.int/Gather,Gather,unknown_f32,NOT_RUN,0.0,0.0
1,select_217/aten.select.int/Gather,Gather,unknown_f32,NOT_RUN,0.0,0.0
1,select_218/aten.select.int/Gather,Gather,unknown_f32,NOT_RUN,0.0,0.0
1,select_219/aten.select.int/Gather,Gather,unknown_f32,NOT_RUN,0.0,0.0
1,select_220/aten.select.int/Gather,Gather,unknown_f32,NOT_RUN,0.0,0.0
1,select_221/aten.select.int/Gather,Gather,unknown_f32,NOT_RUN,0.0,0.0
1,select_222/aten.select.int/Gather,Gather,unknown_f32,NOT_RUN,0.0,0.0
1,select_223/aten.select.int/Gather,Gather,unknown_f32,NOT_RUN,0.0,0.0
1,select_224/aten.select.int/Gather,Gather,unknown_f32,NOT_RUN,0.0,0.0
1,select_225/aten.select.int/Gather,Gather,unknown_f32,NOT_RUN,0.0,0.0
1,select_226/aten.select.int/Gather,Gather,unknown_f32,NOT_RUN,0.0,0.0
1,select_227/aten.select.int/Gather,Gather,unknown_f32,NOT_RUN,0.0,0.0
1,select_228/aten.select.int/Gather,Gather,unknown_f32,NOT_RUN,0.0,0.0
1,select_229/aten.select.int/Gather,Gather,unknown_f32,NOT_RUN,0.0,0.0
1,select_230/aten.select.int/Gather,Gather,unknown_f32,NOT_RUN,0.0,0.0
1,select_231/aten.select.int/Gather,Gather,unknown_f32,NOT_RUN,0.0,0.0
1,select_232/aten.select.int/Gather,Gather,unknown_f32,NOT_RUN,0.0,0.0
1,select_233/aten.select.int/Gather,Gather,unknown_f32,NOT_RUN,0.0,0.0
1,select_234/aten.select.int/Gather,Gather,unknown_f32,NOT_RUN,0.0,0.0
1,select_235/aten.select.int/Gather,Gather,unknown_f32,NOT_RUN,0.0,0.0
1,select_236/aten.select.int/Gather,Gather,unknown_f32,NOT_RUN,0.0,0.0
1,select_237/aten.select.int/Gather,Gather,unknown_f32,NOT_RUN,0.0,0.0
1,select_238/aten.select.int/Gather,Gather,unknown_f32,NOT_RUN,0.0,0.0
1,select_239/aten.select.int/Gather,Gather,unknown_f32,NOT_RUN,0.0,0.0
1,select_240/aten.select.int/Gather,Gather,unknown_f32,NOT_RUN,0.0,0.0
1,select_241/aten.select.int/Gather,Gather,unknown_f32,NOT_RUN,0.0,0.0
1,select_242/aten.select.int/Gather,Gather,unknown_f32,NOT_RUN,0.0,0.0
1,select_243/aten.select.int/Gather,Gather,unknown_f32,NOT_RUN,0.0,0.0
1,select_244/aten.select.int/Gather,Gather,unknown_f32,NOT_RUN,0.0,0.0
1,select_245/aten.select.int/Gather,Gather,unknown_f32,NOT_RUN,0.0,0.0
1,select_246/aten.select.int/Gather,Gather,unknown_f32,NOT_RUN,0.0,0.0
1,select_247/aten.select.int/Gather,Gather,unknown_f32,NOT_RUN,0.0,0.0
1,select_248/aten.select.int/Gather,Gather,unknown_f32,NOT_RUN,0.0,0.0
1,select_249/aten.select.int/Gather,Gather,unknown_f32,NOT_RUN,0.0,0.0
1,select_250/aten.select.int/Gather,Gather,unknown_f32,NOT_RUN,0.0,0.0
1,select_251/aten.select.int/Gather,Gather,unknown_f32,NOT_RUN,0.0,0.0
1,select_252/aten.select.int/Gather,Gather,unknown_f32,NOT_RUN,0.0,0.0
1,select_253/aten.select.int/Gather,Gather,unknown_f32,NOT_RUN,0.0,0.0
1,select_254/aten.select.int/Gather,Gather,unknown_f32,NOT_RUN,0.0,0.0
1,select_255/aten.select.int/Gather,Gather,unknown_f32,NOT_RUN,0.0,0.0
1,select_256/aten.select.int/Gather,Gather,unknown_f32,NOT_RUN,0.0,0.0
1,select_257/aten.select.int/Gather,Gather,unknown_f32,NOT_RUN,0.0,0.0
1,select_258/aten.select.int/Gather,Gather,unknown_f32,NOT_RUN,0.0,0.0
1,select_259/aten.select.int/Gather,Gather,unknown_f32,NOT_RUN,0.0,0.0
1,select_260/aten.select.int/Gather,Gather,unknown_f32,NOT_RUN,0.0,0.0
1,select_261/aten.select.int/Gather,Gather,unknown_f32,NOT_RUN,0.0,0.0
1,select_262/aten.select.int/Gather,Gather,unknown_f32,NOT_RUN,0.0,0.0
1,select_263/aten.select.int/Gather,Gather,unknown_f32,NOT_RUN,0.0,0.0
1,select_264/aten.select.int/Gather,Gather,unknown_f32,NOT_RUN,0.0,0.0
1,select_265/aten.select.int/Gather,Gather,unknown_f32,NOT_RUN,0.0,0.0
1,select_266/aten.select.int/Gather,Gather,unknown_f32,NOT_RUN,0.0,0.0
1,select_267/aten.select.int/Gather,Gather,unknown_f32,NOT_RUN,0.0,0.0
1,select_268/aten.select.int/Gather,Gather,unknown_f32,NOT_RUN,0.0,0.0
1,select_269/aten.select.int/Gather,Gather,unknown_f32,NOT_RUN,0.0,0.0
1,select_270/aten.select.int/Gather,Gather,unknown_f32,NOT_RUN,0.0,0.0
1,select_271/aten.select.int/Gather,Gather,unknown_f32,NOT_RUN,0.0,0.0
1,select_272/aten.select.int/Gather,Gather,unknown_f32,NOT_RUN,0.0,0.0
1,select_273/aten.select.int/Gather,Gather,unknown_f32,NOT_RUN,0.0,0.0
1,select_274/aten.select.int/Gather,Gather,unknown_f32,NOT_RUN,0.0,0.0
1,select_275/aten.select.int/Gather,Gather,unknown_f32,NOT_RUN,0.0,0.0
1,select_276/aten.select.int/Gather,Gather,unknown_f32,NOT_RUN,0.0,0.0
1,select_277/aten.select.int/Gather,Gather,unknown_f32,NOT_RUN,0.0,0.0
1,select_278/aten.select.int/Gather,Gather,unknown_f32,NOT_RUN,0.0,0.0
1,select_279/aten.select.int/Gather,Gather,unknown_f32,NOT_RUN,0.0,0.0
1,select_280/aten.select.int/Gather,Gather,unknown_f32,NOT_RUN,0.0,0.0
1,select_281/aten.select.int/Gather,Gather,unknown_f32,NOT_RUN,0.0,0.0
1,select_282/aten.select.int/Gather,Gather,unknown_f32,NOT_RUN,0.0,0.0
1,select_283/aten.select.int/Gather,Gather,unknown_f32,NOT_RUN,0.0,0.0
1,select_284/aten.select.int/Gather,Gather,unknown_f32,NOT_RUN,0.0,0.0
1,select_285/aten.select.int/Gather,Gather,unknown_f32,NOT_RUN,0.0,0.0
1,select_286/aten.select.int/Gather,Gather,unknown_f32,NOT_RUN,0.0,0.0
1,select_287/aten.select.int/Gather,Gather,unknown_f32,NOT_RUN,0.0,0.0
1,select_288/aten.select.int/Gather,Gather,unknown_f32,NOT_RUN,0.0,0.0
1,select_289/aten.select.int/Gather,Gather,unknown_f32,NOT_RUN,0.0,0.0
1,select_290/aten.select.int/Gather,Gather,unknown_f32,NOT_RUN,0.0,0.0
1,select_291/aten.select.int/Gather,Gather,unknown_f32,NOT_RUN,0.0,0.0
1,select_292/aten.select.int/Gather,Gather,unknown_f32,NOT_RUN,0.0,0.0
1,select_293/aten.select.int/Gather,Gather,unknown_f32,NOT_RUN,0.0,0.0
1,select_294/aten.select.int/Gather,Gather,unknown_f32,NOT_RUN,0.0,0.0
1,select_295/aten.select.int/Gather,Gather,unknown_f32,NOT_RUN,0.0,0.0
1,select_296/aten.select.int/Gather,Gather,unknown_f32,NOT_RUN,0.0,0.0
1,select_297/aten.select.int/Gather,Gather,unknown_f32,NOT_RUN,0.0,0.0
1,select_298/aten.select.int/Gather,Gather,unknown_f32,NOT_RUN,0.0,0.0
1,select_299/aten.select.int/Gather,Gather,unknown_f32,NOT_RUN,0.0,0.0
1,select_300/aten.select.int/Gather,Gather,unknown_f32,NOT_RUN,0.0,0.0
1,select_301/aten.select.int/Gather,Gather,unknown_f32,NOT_RUN,0.0,0.0
1,select_302/aten.select.int/Gather,Gather,unknown_f32,NOT_RUN,0.0,0.0
1,select_303/aten.select.int/Gather,Gather,unknown_f32,NOT_RUN,0.0,0.0
1,select_304/aten.select.int/Gather,Gather,unknown_f32,NOT_RUN,0.0,0.0
1,cat_3/aten.cat.default/Concat,Concat,ref_f32,EXECUTED,0.07200000000000001,0.07200000000000001
1,view_84/aten.view.default/Reshape,Reshape,unknown_f32,NOT_RUN,0.0,0.0
1,add_50/aten.add.Tensor/Add,Subgraph,jit_avx2_f32,EXECUTED,0.024,0.024
1,linear_2/aten.linear.default/Add,FullyConnected,brgemm_avx2_f32,EXECUTED,0.384,0.384
1,Multiply_13576,Multiply,undef,NOT_RUN,0.0,0.0
1,view_86/aten.view.default/Reshape,Reshape,unknown_f32,NOT_RUN,0.0,0.0
1,permute_3/aten.permute.default/Transpose,Transpose,unknown_f32,EXECUTED,0.019,0.019
1,linear_3/aten.linear.default/Add,FullyConnected,gemm_mlas_f32,EXECUTED,0.367,0.367
1,view_87/aten.view.default/Reshape,Reshape,unknown_f32,NOT_RUN,0.0,0.0
1,Transpose_12104,Transpose,unknown_f32,EXECUTED,0.048,0.048
1,linear_4/aten.linear.default/Add,FullyConnected,gemm_mlas_f32,EXECUTED,0.354,0.354
1,view_88/aten.view.default/Reshape,Reshape,unknown_f32,NOT_RUN,0.0,0.0
1,permute_5/aten.permute.default/Transpose,Transpose,unknown_f32,EXECUTED,0.015000000000000001,0.015000000000000001
1,bmm_1/aten.bmm.default/MatMul,Subgraph,jit_avx2_f32,EXECUTED,0.465,0.465
1,permute_7/aten.permute.default/Transpose,Transpose,unknown_f32,EXECUTED,0.033,0.033
1,view_89/aten.view.default/Reshape,Reshape,unknown_f32,NOT_RUN,0.0,0.0
1,linear_5/aten.linear.default/Add,FullyConnected,gemm_mlas_f32,EXECUTED,0.367,0.367
1,view_90/aten.view.default/Reshape,Reshape,unknown_f32,NOT_RUN,0.0,0.0
1,add_51/aten.add.Tensor/Add,Subgraph,jit_avx2_f32,EXECUTED,0.019,0.019
1,native_layer_norm/aten.native_layer_norm.default/MVN,MVN,jit_avx2_f32,EXECUTED,0.017,0.017
1,native_layer_norm/aten.native_layer_norm.default/Add,Subgraph,jit_avx2_f32,EXECUTED,0.014,0.014
1,linear_6/aten.linear.default/Add,FullyConnected,brgemm_avx2_f32,EXECUTED,1.383,1.383
1,relu_17/aten.relu.default/Relu,Relu,undef,NOT_RUN,0.0,0.0
1,linear_7/aten.linear.default/Add,FullyConnected,gemm_mlas_f32,EXECUTED,1.496,1.496
1,add_52/aten.add.Tensor/Add,Subgraph,jit_avx2_f32,EXECUTED,0.023,0.023
1,native_layer_norm_1/aten.native_layer_norm.default/MVN,MVN,jit_avx2_f32,EXECUTED,0.016,0.016
1,add_53/aten.add.Tensor/Add,Subgraph,jit_avx2_f32,EXECUTED,0.024,0.024
1,linear_8/aten.linear.default/Add,FullyConnected,brgemm_avx2_f32,EXECUTED,0.289,0.289
1,Multiply_13578,Multiply,undef,NOT_RUN,0.0,0.0
1,view_92/aten.view.default/Reshape,Reshape,unknown_f32,NOT_RUN,0.0,0.0
1,permute_8/aten.permute.default/Transpose,Transpose,unknown_f32,EXECUTED,0.015000000000000001,0.015000000000000001
1,linear_9/aten.linear.default/Add,FullyConnected,gemm_mlas_f32,EXECUTED,0.275,0.275
1,view_93/aten.view.default/Reshape,Reshape,unknown_f32,NOT_RUN,0.0,0.0
1,Transpose_12133,Transpose,unknown_f32,EXECUTED,0.043000000000000003,0.043000000000000003
1,linear_10/aten.linear.default/Add,FullyConnected,gemm_mlas_f32,EXECUTED,0.27599999999999997,0.27599999999999997
1,view_94/aten.view.default/Reshape,Reshape,unknown_f32,NOT_RUN,0.0,0.0
1,permute_10/aten.permute.default/Transpose,Transpose,unknown_f32,EXECUTED,0.013,0.013
1,bmm_3/aten.bmm.default/MatMul,Subgraph,jit_avx2_f32,EXECUTED,0.374,0.374
1,permute_12/aten.permute.default/Transpose,Transpose,unknown_f32,EXECUTED,0.020999999999999998,0.020999999999999998
1,view_95/aten.view.default/Reshape,Reshape,unknown_f32,NOT_RUN,0.0,0.0
1,linear_11/aten.linear.default/Add,FullyConnected,gemm_mlas_f32,EXECUTED,0.296,0.296
1,view_96/aten.view.default/Reshape,Reshape,unknown_f32,NOT_RUN,0.0,0.0
1,add_54/aten.add.Tensor/Add,Subgraph,jit_avx2_f32,EXECUTED,0.015000000000000001,0.015000000000000001
1,native_layer_norm_2/aten.native_layer_norm.default/MVN,MVN,jit_avx2_f32,EXECUTED,0.012,0.012
1,native_layer_norm_2/aten.native_layer_norm.default/Add,Subgraph,jit_avx2_f32,EXECUTED,0.006,0.006
1,linear_12/aten.linear.default/Add,FullyConnected,brgemm_avx2_f32,EXECUTED,1.272,1.272
1,relu_18/aten.relu.default/Relu,Relu,undef,NOT_RUN,0.0,0.0
1,linear_13/aten.linear.default/Add,FullyConnected,gemm_mlas_f32,EXECUTED,1.381,1.381
1,add_55/aten.add.Tensor/Add,Subgraph,jit_avx2_f32,EXECUTED,0.025,0.025
1,native_layer_norm_3/aten.native_layer_norm.default/MVN,MVN,jit_avx2_f32,EXECUTED,0.018000000000000002,0.018000000000000002
1,add_56/aten.add.Tensor/Add,Subgraph,jit_avx2_f32,EXECUTED,0.027,0.027
1,linear_14/aten.linear.default/Add,FullyConnected,brgemm_avx2_f32,EXECUTED,0.29500000000000004,0.29500000000000004
1,Multiply_13580,Multiply,undef,NOT_RUN,0.0,0.0
1,view_98/aten.view.default/Reshape,Reshape,unknown_f32,NOT_RUN,0.0,0.0
1,permute_13/aten.permute.default/Transpose,Transpose,unknown_f32,EXECUTED,0.015000000000000001,0.015000000000000001
1,linear_15/aten.linear.default/Add,FullyConnected,gemm_mlas_f32,EXECUTED,0.324,0.324
1,view_99/aten.view.default/Reshape,Reshape,unknown_f32,NOT_RUN,0.0,0.0
1,Transpose_12162,Transpose,unknown_f32,EXECUTED,0.045000000000000005,0.045000000000000005
1,linear_16/aten.linear.default/Add,FullyConnected,gemm_mlas_f32,EXECUTED,0.27799999999999997,0.27799999999999997
1,view_100/aten.view.default/Reshape,Reshape,unknown_f32,NOT_RUN,0.0,0.0
1,permute_15/aten.permute.default/Transpose,Transpose,unknown_f32,EXECUTED,0.012,0.012
1,bmm_5/aten.bmm.default/MatMul,Subgraph,jit_avx2_f32,EXECUTED,0.439,0.439
1,permute_17/aten.permute.default/Transpose,Transpose,unknown_f32,EXECUTED,0.026,0.026
1,view_101/aten.view.default/Reshape,Reshape,unknown_f32,NOT_RUN,0.0,0.0
1,linear_17/aten.linear.default/Add,FullyConnected,gemm_mlas_f32,EXECUTED,0.372,0.372
1,view_102/aten.view.default/Reshape,Reshape,unknown_f32,NOT_RUN,0.0,0.0
1,add_57/aten.add.Tensor/Add,Subgraph,jit_avx2_f32,EXECUTED,0.02,0.02
1,native_layer_norm_4/aten.native_layer_norm.default/MVN,MVN,jit_avx2_f32,EXECUTED,0.015000000000000001,0.015000000000000001
1,native_layer_norm_4/aten.native_layer_norm.default/Add,Subgraph,jit_avx2_f32,EXECUTED,0.012,0.012
1,linear_18/aten.linear.default/Add,FullyConnected,brgemm_avx2_f32,EXECUTED,1.371,1.371
1,relu_19/aten.relu.default/Relu,Relu,undef,NOT_RUN,0.0,0.0
1,linear_19/aten.linear.default/Add,FullyConnected,gemm_mlas_f32,EXECUTED,1.374,1.374
1,add_58/aten.add.Tensor/Add,Subgraph,jit_avx2_f32,EXECUTED,0.024,0.024
1,native_layer_norm_5/aten.native_layer_norm.default/MVN,MVN,jit_avx2_f32,EXECUTED,0.025,0.025
1,add_59/aten.add.Tensor/Add,Subgraph,jit_avx2_f32,EXECUTED,0.028,0.028
1,linear_20/aten.linear.default/Add,FullyConnected,brgemm_avx2_f32,EXECUTED,0.279,0.279
1,Multiply_13582,Multiply,undef,NOT_RUN,0.0,0.0
1,view_104/aten.view.default/Reshape,Reshape,unknown_f32,NOT_RUN,0.0,0.0
1,permute_18/aten.permute.default/Transpose,Transpose,unknown_f32,EXECUTED,0.016,0.016
1,linear_21/aten.linear.default/Add,FullyConnected,gemm_mlas_f32,EXECUTED,0.273,0.273
1,view_105/aten.view.default/Reshape,Reshape,unknown_f32,NOT_RUN,0.0,0.0
1,Transpose_12191,Transpose,unknown_f32,EXECUTED,0.04,0.04
1,linear_22/aten.linear.default/Add,FullyConnected,gemm_mlas_f32,EXECUTED,0.254,0.254
1,view_106/aten.view.default/Reshape,Reshape,unknown_f32,NOT_RUN,0.0,0.0
1,permute_20/aten.permute.default/Transpose,Transpose,unknown_f32,EXECUTED,0.01,0.01
1,bmm_7/aten.bmm.default/MatMul,Subgraph,jit_avx2_f32,EXECUTED,0.38499999999999995,0.38499999999999995
1,permute_22/aten.permute.default/Transpose,Transpose,unknown_f32,EXECUTED,0.018000000000000002,0.018000000000000002
1,view_107/aten.view.default/Reshape,Reshape,unknown_f32,NOT_RUN,0.0,0.0
1,linear_23/aten.linear.default/Add,FullyConnected,gemm_mlas_f32,EXECUTED,0.325,0.325
1,view_108/aten.view.default/Reshape,Reshape,unknown_f32,NOT_RUN,0.0,0.0
1,add_60/aten.add.Tensor/Add,Subgraph,jit_avx2_f32,EXECUTED,0.016,0.016
1,native_layer_norm_6/aten.native_layer_norm.default/MVN,MVN,jit_avx2_f32,EXECUTED,0.016,0.016
1,native_layer_norm_6/aten.native_layer_norm.default/Add,Subgraph,jit_avx2_f32,EXECUTED,0.007,0.007
1,linear_24/aten.linear.default/Add,FullyConnected,brgemm_avx2_f32,EXECUTED,1.3539999999999999,1.3539999999999999
1,relu_20/aten.relu.default/Relu,Relu,undef,NOT_RUN,0.0,0.0
1,linear_25/aten.linear.default/Add,FullyConnected,gemm_mlas_f32,EXECUTED,1.42,1.42
1,add_61/aten.add.Tensor/Add,Subgraph,jit_avx2_f32,EXECUTED,0.022,0.022
1,native_layer_norm_7/aten.native_layer_norm.default/MVN,MVN,jit_avx2_f32,EXECUTED,0.016,0.016
1,add_65/aten.add.Tensor/Add,Subgraph,jit_avx2_f32,EXECUTED,0.020999999999999998,0.020999999999999998
1,linear_31/aten.linear.default/Add,FullyConnected,gemm_mlas_f32,EXECUTED,0.306,0.306
1,view_117/aten.view.default/Reshape,Reshape,unknown_f32,NOT_RUN,0.0,0.0
1,Transpose_12220,Transpose,unknown_f32,EXECUTED,0.056,0.056
1,linear_32/aten.linear.default/Add,FullyConnected,gemm_mlas_f32,EXECUTED,0.32699999999999996,0.32699999999999996
1,view_118/aten.view.default/Reshape,Reshape,unknown_f32,NOT_RUN,0.0,0.0
1,permute_30/aten.permute.default/Transpose,Transpose,unknown_f32,EXECUTED,0.012,0.012
1,bmm_11/aten.bmm.default/MatMul,Subgraph,jit_avx2_f32,EXECUTED,0.244,0.244
1,permute_32/aten.permute.default/Transpose,Transpose,unknown_f32,EXECUTED,0.008,0.008
1,view_119/aten.view.default/Reshape,Reshape,unknown_f32,NOT_RUN,0.0,0.0
1,linear_33/aten.linear.default/Add,FullyConnected,gemm_mlas_f32,EXECUTED,0.155,0.155
1,view_120/aten.view.default/Reshape,Reshape,unknown_f32,NOT_RUN,0.0,0.0
1,add_66/aten.add.Tensor/Add,Subgraph,jit_avx2_f32,EXECUTED,0.015000000000000001,0.015000000000000001
1,native_layer_norm_9/aten.native_layer_norm.default/MVN,MVN,jit_avx2_f32,EXECUTED,0.007,0.007
1,native_layer_norm_9/aten.native_layer_norm.default/Add,Subgraph,jit_avx2_f32,EXECUTED,0.005,0.005
1,linear_34/aten.linear.default/Add,FullyConnected,brgemm_avx2_f32,EXECUTED,0.539,0.539
1,relu_21/aten.relu.default/Relu,Relu,undef,NOT_RUN,0.0,0.0
1,linear_35/aten.linear.default/Add,FullyConnected,gemm_mlas_f32,EXECUTED,0.637,0.637
1,add_67/aten.add.Tensor/Add,Subgraph,jit_avx2_f32,EXECUTED,0.012,0.012
1,native_layer_norm_10/aten.native_layer_norm.default/MVN,MVN,jit_avx2_f32,EXECUTED,0.009000000000000001,0.009000000000000001
1,native_layer_norm_10/aten.native_layer_norm.default/Add,Subgraph,jit_avx2_f32,EXECUTED,0.003,0.003
1,native_layer_norm_11/aten.native_layer_norm.default/MVN,MVN,jit_avx2_f32,EXECUTED,0.005,0.005
1,native_layer_norm_11/aten.native_layer_norm.default/Add,Subgraph,jit_avx2_f32,EXECUTED,0.003,0.003
1,permute_33/aten.permute.default/Transpose,Reshape,unknown_f32,NOT_RUN,0.0,0.0
1,linear_36/aten.linear.default/Add,FullyConnected,gemm_mlas_f32,EXECUTED,0.017,0.017
1,Result_6085,Result,unknown_f32,NOT_RUN,0.0,0.0
2,state,Parameter,unknown_f32,NOT_RUN,0.0,0.0
2,linear_1/aten.linear.default/Add,FullyConnected,gemm_mlas_f32,EXECUTED,0.097,0.097
2,wrist_image,Parameter,unknown_f32,NOT_RUN,0.0,0.0
2,wrist_image_abcd_acdb_mul_2/aten.mul.Tensor/Multiply,Reorder,jit_uni_f32,EXECUTED,0.23399999999999999,0.23399999999999999
2,mul_2/aten.mul.Tensor/Multiply,Convolution,brgconv_avx2_f32,EXECUTED,2.063,2.063
2,relu/aten.relu.default/Relu,Relu,undef,NOT_RUN,0.0,0.0
2,max_pool2d_with_indices/aten.max_pool2d_with_indices.default/MaxPool,MaxPool,jit_avx2_f32,EXECUTED,0.318,0.318
2,mul_5/aten.mul.Tensor/Multiply,Convolution,brgconv_avx2_f32,EXECUTED,1.909,1.909
2,relu_1/aten.relu.default/Relu,Relu,undef,NOT_RUN,0.0,0.0
2,mul_8/aten.mul.Tensor/Multiply,Convolution,brgconv_avx2_f32,EXECUTED,1.896,1.896
2,add_6/aten.add.Tensor/Add,Add,undef,NOT_RUN,0.0,0.0
2,relu_2/aten.relu.default/Relu,Relu,undef,NOT_RUN,0.0,0.0
2,mul_11/aten.mul.Tensor/Multiply,Convolution,brgconv_avx2_f32,EXECUTED,2.079,2.079
2,relu_3/aten.relu.default/Relu,Relu,undef,NOT_RUN,0.0,0.0
2,mul_14/aten.mul.Tensor/Multiply,Convolution,brgconv_avx2_f32,EXECUTED,2.024,2.024
2,add_11/aten.add.Tensor/Add,Add,undef,NOT_RUN,0.0,0.0
2,relu_4/aten.relu.default/Relu,Relu,undef,NOT_RUN,0.0,0.0
2,mul_17/aten.mul.Tensor/Multiply,Convolution,brgconv_avx2_f32,EXECUTED,1.083,1.083
2,relu_5/aten.relu.default/Relu,Relu,undef,NOT_RUN,0.0,0.0
2,mul_23/aten.mul.Tensor/Multiply,Convolution,brgconv_avx2_1x1_f32,EXECUTED,0.19699999999999998,0.19699999999999998
2,mul_20/aten.mul.Tensor/Multiply,Convolution,brgconv_avx2_f32,EXECUTED,1.794,1.794
2,add_18/aten.add.Tensor/Add,Add,undef,NOT_RUN,0.0,0.0
2,relu_6/aten.relu.default/Relu,Relu,undef,NOT_RUN,0.0,0.0
2,mul_26/aten.mul.Tensor/Multiply,Convolution,brgconv_avx2_f32,EXECUTED,1.811,1.811
2,relu_7/aten.relu.default/Relu,Relu,undef,NOT_RUN,0.0,0.0
2,mul_29/aten.mul.Tensor/Multiply,Convolution,brgconv_avx2_f32,EXECUTED,1.866,1.866
2,add_23/aten.add.Tensor/Add,Add,undef,NOT_RUN,0.0,0.0
2,relu_8/aten.relu.default/Relu,Relu,undef,NOT_RUN,0.0,0.0
2,mul_32/aten.mul.Tensor/Multiply,Convolution,brgconv_avx2_f32,EXECUTED,1.009,1.009
2,relu_9/aten.relu.default/Relu,Relu,undef,NOT_RUN,0.0,0.0
2,mul_38/aten.mul.Tensor/Multiply,Convolution,brgconv_avx2_1x1_f32,EXECUTED,0.214,0.214
2,mul_35/aten.mul.Tensor/Multiply,Convolution,brgconv_avx2_f32,EXECUTED,1.815,1.815
2,add_30/aten.add.Tensor/Add,Add,undef,NOT_RUN,0.0,0.0
2,relu_10/aten.relu.default/Relu,Relu,undef,NOT_RUN,0.0,0.0
2,mul_41/aten.mul.Tensor/Multiply,Convolution,brgconv_avx2_f32,EXECUTED,1.853,1.853
2,relu_11/aten.relu.default/Relu,Relu,undef,NOT_RUN,0.0,0.0
2,mul_44/aten.mul.Tensor/Multiply,Convolution,brgconv_avx2_f32,EXECUTED,1.9120000000000001,1.9120000000000001
2,add_35/aten.add.Tensor/Add,Add,undef,NOT_RUN,0.0,0.0
2,relu_12/aten.relu.default/Relu,Relu,undef,NOT_RUN,0.0,0.0
2,mul_47/aten.mul.Tensor/Multiply,Convolution,brgconv_avx2_f32,EXECUTED,1.0759999999999998,1.0759999999999998
2,relu_13/aten.relu.default/Relu,Relu,undef,NOT_RUN,0.0,0.0
2,mul_53/aten.mul.Tensor/Multiply,Convolution,brgconv_avx2_1x1_f32,EXECUTED,0.25999999999999995,0.25999999999999995
2,mul_50/aten.mul.Tensor/Multiply,Convolution,brgconv_avx2_f32,EXECUTED,1.799,1.799
2,add_42/aten.add.Tensor/Add,Add,undef,NOT_RUN,0.0,0.0
2,relu_14/aten.relu.default/Relu,Relu,undef,NOT_RUN,0.0,0.0
2,mul_56/aten.mul.Tensor/Multiply,Convolution,brgconv_avx2_f32,EXECUTED,1.847,1.847
2,relu_15/aten.relu.default/Relu,Relu,undef,NOT_RUN,0.0,0.0
2,mul_59/aten.mul.Tensor/Multiply,Convolution,brgconv_avx2_f32,EXECUTED,1.825,1.825
2,add_47/aten.add.Tensor/Add,Add,undef,NOT_RUN,0.0,0.0
2,relu_16/aten.relu.default/Relu,Relu,undef,NOT_RUN,0.0,0.0
2,convolution_20/aten.convolution.default/Convolution,Convolution,brgconv_avx2_1x1_f32,EXECUTED,0.386,0.386
2,permute_1/aten.permute.default/Transpose,Transpose,unknown_f32,EXECUTED,0.038,0.038
2,permute_1/aten.permute.default/Transpose_acdb_abcd_view_82/aten.view.default/Reshape,Reorder,reorder_f32,EXECUTED,0.027,0.027
2,view_82/aten.view.default/Reshape,Reshape,unknown_f32,NOT_RUN,0.0,0.0
2,select_5/aten.select.int/Gather,Gather,unknown_f32,NOT_RUN,0.0,0.0
2,select_6/aten.select.int/Gather,Gather,unknown_f32,NOT_RUN,0.0,0.0
2,select_7/aten.select.int/Gather,Gather,unknown_f32,NOT_RUN,0.0,0.0
2,select_8/aten.select.int/Gather,Gather,unknown_f32,NOT_RUN,0.0,0.0
2,select_9/aten.select.int/Gather,Gather,unknown_f32,NOT_RUN,0.0,0.0
2,select_10/aten.select.int/Gather,Gather,unknown_f32,NOT_RUN,0.0,0.0
2,select_11/aten.select.int/Gather,Gather,unknown_f32,NOT_RUN,0.0,0.0
2,select_12/aten.select.int/Gather,Gather,unknown_f32,NOT_RUN,0.0,0.0
2,select_13/aten.select.int/Gather,Gather,unknown_f32,NOT_RUN,0.0,0.0
2,select_14/aten.select.int/Gather,Gather,unknown_f32,NOT_RUN,0.0,0.0
2,select_15/aten.select.int/Gather,Gather,unknown_f32,NOT_RUN,0.0,0.0
2,select_16/aten.select.int/Gather,Gather,unknown_f32,NOT_RUN,0.0,0.0
2,select_17/aten.select.int/Gather,Gather,unknown_f32,NOT_RUN,0.0,0.0
2,select_18/aten.select.int/Gather,Gather,unknown_f32,NOT_RUN,0.0,0.0
2,select_19/aten.select.int/Gather,Gather,unknown_f32,NOT_RUN,0.0,0.0
2,select_20/aten.select.int/Gather,Gather,unknown_f32,NOT_RUN,0.0,0.0
2,select_21/aten.select.int/Gather,Gather,unknown_f32,NOT_RUN,0.0,0.0
2,select_22/aten.select.int/Gather,Gather,unknown_f32,NOT_RUN,0.0,0.0
2,select_23/aten.select.int/Gather,Gather,unknown_f32,NOT_RUN,0.0,0.0
2,select_24/aten.select.int/Gather,Gather,unknown_f32,NOT_RUN,0.0,0.0
2,select_25/aten.select.int/Gather,Gather,unknown_f32,NOT_RUN,0.0,0.0
2,select_26/aten.select.int/Gather,Gather,unknown_f32,NOT_RUN,0.0,0.0
2,select_27/aten.select.int/Gather,Gather,unknown_f32,NOT_RUN,0.0,0.0
2,select_28/aten.select.int/Gather,Gather,unknown_f32,NOT_RUN,0.0,0.0
2,select_29/aten.select.int/Gather,Gather,unknown_f32,NOT_RUN,0.0,0.0
2,select_30/aten.select.int/Gather,Gather,unknown_f32,NOT_RUN,0.0,0.0
2,select_31/aten.select.int/Gather,Gather,unknown_f32,NOT_RUN,0.0,0.0
2,select_32/aten.select.int/Gather,Gather,unknown_f32,NOT_RUN,0.0,0.0
2,select_33/aten.select.int/Gather,Gather,unknown_f32,NOT_RUN,0.0,0.0
2,select_34/aten.select.int/Gather,Gather,unknown_f32,NOT_RUN,0.0,0.0
2,select_35/aten.select.int/Gather,Gather,unknown_f32,NOT_RUN,0.0,0.0
2,select_36/aten.select.int/Gather,Gather,unknown_f32,NOT_RUN,0.0,0.0
2,select_37/aten.select.int/Gather,Gather,unknown_f32,NOT_RUN,0.0,0.0
2,select_38/aten.select.int/Gather,Gather,unknown_f32,NOT_RUN,0.0,0.0
2,select_39/aten.select.int/Gather,Gather,unknown_f32,NOT_RUN,0.0,0.0
2,select_40/aten.select.int/Gather,Gather,unknown_f32,NOT_RUN,0.0,0.0
2,select_41/aten.select.int/Gather,Gather,unknown_f32,NOT_RUN,0.0,0.0
2,select_42/aten.select.int/Gather,Gather,unknown_f32,NOT_RUN,0.0,0.0
2,select_43/aten.select.int/Gather,Gather,unknown_f32,NOT_RUN,0.0,0.0
2,select_44/aten.select.int/Gather,Gather,unknown_f32,NOT_RUN,0.0,0.0
2,select_45/aten.select.int/Gather,Gather,unknown_f32,NOT_RUN,0.0,0.0
2,select_46/aten.select.int/Gather,Gather,unknown_f32,NOT_RUN,0.0,0.0
2,select_47/aten.select.int/Gather,Gather,unknown_f32,NOT_RUN,0.0,0.0
2,select_48/aten.select.int/Gather,Gather,unknown_f32,NOT_RUN,0.0,0.0
2,select_49/aten.select.int/Gather,Gather,unknown_f32,NOT_RUN,0.0,0.0
2,select_50/aten.select.int/Gather,Gather,unknown_f32,NOT_RUN,0.0,0.0
2,select_51/aten.select.int/Gather,Gather,unknown_f32,NOT_RUN,0.0,0.0
2,select_52/aten.select.int/Gather,Gather,unknown_f32,NOT_RUN,0.0,0.0
2,select_53/aten.select.int/Gather,Gather,unknown_f32,NOT_RUN,0.0,0.0
2,select_54/aten.select.int/Gather,Gather,unknown_f32,NOT_RUN,0.0,0.0
2,select_55/aten.select.int/Gather,Gather,unknown_f32,NOT_RUN,0.0,0.0
2,select_56/aten.select.int/Gather,Gather,unknown_f32,NOT_RUN,0.0,0.0
2,select_57/aten.select.int/Gather,Gather,unknown_f32,NOT_RUN,0.0,0.0
2,select_58/aten.select.int/Gather,Gather,unknown_f32,NOT_RUN,0.0,0.0
2,select_59/aten.select.int/Gather,Gather,unknown_f32,NOT_RUN,0.0,0.0
2,select_60/aten.select.int/Gather,Gather,unknown_f32,NOT_RUN,0.0,0.0
2,select_61/aten.select.int/Gather,Gather,unknown_f32,NOT_RUN,0.0,0.0
2,select_62/aten.select.int/Gather,Gather,unknown_f32,NOT_RUN,0.0,0.0
2,select_63/aten.select.int/Gather,Gather,unknown_f32,NOT_RUN,0.0,0.0
2,select_64/aten.select.int/Gather,Gather,unknown_f32,NOT_RUN,0.0,0.0
2,select_65/aten.select.int/Gather,Gather,unknown_f32,NOT_RUN,0.0,0.0
2,select_66/aten.select.int/Gather,Gather,unknown_f32,NOT_RUN,0.0,0.0
2,select_67/aten.select.int/Gather,Gather,unknown_f32,NOT_RUN,0.0,0.0
2,select_68/aten.select.int/Gather,Gather,unknown_f32,NOT_RUN,0.0,0.0
2,select_69/aten.select.int/Gather,Gather,unknown_f32,NOT_RUN,0.0,0.0
2,select_70/aten.select.int/Gather,Gather,unknown_f32,NOT_RUN,0.0,0.0
2,select_71/aten.select.int/Gather,Gather,unknown_f32,NOT_RUN,0.0,0.0
2,select_72/aten.select.int/Gather,Gather,unknown_f32,NOT_RUN,0.0,0.0
2,select_73/aten.select.int/Gather,Gather,unknown_f32,NOT_RUN,0.0,0.0
2,select_74/aten.select.int/Gather,Gather,unknown_f32,NOT_RUN,0.0,0.0
2,select_75/aten.select.int/Gather,Gather,unknown_f32,NOT_RUN,0.0,0.0
2,select_76/aten.select.int/Gather,Gather,unknown_f32,NOT_RUN,0.0,0.0
2,select_77/aten.select.int/Gather,Gather,unknown_f32,NOT_RUN,0.0,0.0
2,select_78/aten.select.int/Gather,Gather,unknown_f32,NOT_RUN,0.0,0.0
2,select_79/aten.select.int/Gather,Gather,unknown_f32,NOT_RUN,0.0,0.0
2,select_80/aten.select.int/Gather,Gather,unknown_f32,NOT_RUN,0.0,0.0
2,select_81/aten.select.int/Gather,Gather,unknown_f32,NOT_RUN,0.0,0.0
2,select_82/aten.select.int/Gather,Gather,unknown_f32,NOT_RUN,0.0,0.0
2,select_83/aten.select.int/Gather,Gather,unknown_f32,NOT_RUN,0.0,0.0
2,select_84/aten.select.int/Gather,Gather,unknown_f32,NOT_RUN,0.0,0.0
2,select_85/aten.select.int/Gather,Gather,unknown_f32,NOT_RUN,0.0,0.0
2,select_86/aten.select.int/Gather,Gather,unknown_f32,NOT_RUN,0.0,0.0
2,select_87/aten.select.int/Gather,Gather,unknown_f32,NOT_RUN,0.0,0.0
2,select_88/aten.select.int/Gather,Gather,unknown_f32,NOT_RUN,0.0,0.0
2,select_89/aten.select.int/Gather,Gather,unknown_f32,NOT_RUN,0.0,0.0
2,select_90/aten.select.int/Gather,Gather,unknown_f32,NOT_RUN,0.0,0.0
2,select_91/aten.select.int/Gather,Gather,unknown_f32,NOT_RUN,0.0,0.0
2,select_92/aten.select.int/Gather,Gather,unknown_f32,NOT_RUN,0.0,0.0
2,select_93/aten.select.int/Gather,Gather,unknown_f32,NOT_RUN,0.0,0.0
2,select_94/aten.select.int/Gather,Gather,unknown_f32,NOT_RUN,0.0,0.0
2,select_95/aten.select.int/Gather,Gather,unknown_f32,NOT_RUN,0.0,0.0
2,select_96/aten.select.int/Gather,Gather,unknown_f32,NOT_RUN,0.0,0.0
2,select_97/aten.select.int/Gather,Gather,unknown_f32,NOT_RUN,0.0,0.0
2,select_98/aten.select.int/Gather,Gather,unknown_f32,NOT_RUN,0.0,0.0
2,select_99/aten.select.int/Gather,Gather,unknown_f32,NOT_RUN,0.0,0.0
2,select_100/aten.select.int/Gather,Gather,unknown_f32,NOT_RUN,0.0,0.0
2,select_101/aten.select.int/Gather,Gather,unknown_f32,NOT_RUN,0.0,0.0
2,select_102/aten.select.int/Gather,Gather,unknown_f32,NOT_RUN,0.0,0.0
2,select_103/aten.select.int/Gather,Gather,unknown_f32,NOT_RUN,0.0,0.0
2,select_104/aten.select.int/Gather,Gather,unknown_f32,NOT_RUN,0.0,0.0
2,select_105/aten.select.int/Gather,Gather,unknown_f32,NOT_RUN,0.0,0.0
2,select_106/aten.select.int/Gather,Gather,unknown_f32,NOT_RUN,0.0,0.0
2,select_107/aten.select.int/Gather,Gather,unknown_f32,NOT_RUN,0.0,0.0
2,select_108/aten.select.int/Gather,Gather,unknown_f32,NOT_RUN,0.0,0.0
2,select_109/aten.select.int/Gather,Gather,unknown_f32,NOT_RUN,0.0,0.0
2,select_110/aten.select.int/Gather,Gather,unknown_f32,NOT_RUN,0.0,0.0
2,select_111/aten.select.int/Gather,Gather,unknown_f32,NOT_RUN,0.0,0.0
2,select_112/aten.select.int/Gather,Gather,unknown_f32,NOT_RUN,0.0,0.0
2,select_113/aten.select.int/Gather,Gather,unknown_f32,NOT_RUN,0.0,0.0
2,select_114/aten.select.int/Gather,Gather,unknown_f32,NOT_RUN,0.0,0.0
2,select_115/aten.select.int/Gather,Gather,unknown_f32,NOT_RUN,0.0,0.0
2,select_116/aten.select.int/Gather,Gather,unknown_f32,NOT_RUN,0.0,0.0
2,select_117/aten.select.int/Gather,Gather,unknown_f32,NOT_RUN,0.0,0.0
2,select_118/aten.select.int/Gather,Gather,unknown_f32,NOT_RUN,0.0,0.0
2,select_119/aten.select.int/Gather,Gather,unknown_f32,NOT_RUN,0.0,0.0
2,select_120/aten.select.int/Gather,Gather,unknown_f32,NOT_RUN,0.0,0.0
2,select_121/aten.select.int/Gather,Gather,unknown_f32,NOT_RUN,0.0,0.0
2,select_122/aten.select.int/Gather,Gather,unknown_f32,NOT_RUN,0.0,0.0
2,select_123/aten.select.int/Gather,Gather,unknown_f32,NOT_RUN,0.0,0.0
2,select_124/aten.select.int/Gather,Gather,unknown_f32,NOT_RUN,0.0,0.0
2,select_125/aten.select.int/Gather,Gather,unknown_f32,NOT_RUN,0.0,0.0
2,select_126/aten.select.int/Gather,Gather,unknown_f32,NOT_RUN,0.0,0.0
2,select_127/aten.select.int/Gather,Gather,unknown_f32,NOT_RUN,0.0,0.0
2,select_128/aten.select.int/Gather,Gather,unknown_f32,NOT_RUN,0.0,0.0
2,select_129/aten.select.int/Gather,Gather,unknown_f32,NOT_RUN,0.0,0.0
2,select_130/aten.select.int/Gather,Gather,unknown_f32,NOT_RUN,0.0,0.0
2,select_131/aten.select.int/Gather,Gather,unknown_f32,NOT_RUN,0.0,0.0
2,select_132/aten.select.int/Gather,Gather,unknown_f32,NOT_RUN,0.0,0.0
2,select_133/aten.select.int/Gather,Gather,unknown_f32,NOT_RUN,0.0,0.0
2,select_134/aten.select.int/Gather,Gather,unknown_f32,NOT_RUN,0.0,0.0
2,select_135/aten.select.int/Gather,Gather,unknown_f32,NOT_RUN,0.0,0.0
2,select_136/aten.select.int/Gather,Gather,unknown_f32,NOT_RUN,0.0,0.0
2,select_137/aten.select.int/Gather,Gather,unknown_f32,NOT_RUN,0.0,0.0
2,select_138/aten.select.int/Gather,Gather,unknown_f32,NOT_RUN,0.0,0.0
2,select_139/aten.select.int/Gather,Gather,unknown_f32,NOT_RUN,0.0,0.0
2,select_140/aten.select.int/Gather,Gather,unknown_f32,NOT_RUN,0.0,0.0
2,select_141/aten.select.int/Gather,Gather,unknown_f32,NOT_RUN,0.0,0.0
2,select_142/aten.select.int/Gather,Gather,unknown_f32,NOT_RUN,0.0,0.0
2,select_143/aten.select.int/Gather,Gather,unknown_f32,NOT_RUN,0.0,0.0
2,select_144/aten.select.int/Gather,Gather,unknown_f32,NOT_RUN,0.0,0.0
2,select_145/aten.select.int/Gather,Gather,unknown_f32,NOT_RUN,0.0,0.0
2,select_146/aten.select.int/Gather,Gather,unknown_f32,NOT_RUN,0.0,0.0
2,select_147/aten.select.int/Gather,Gather,unknown_f32,NOT_RUN,0.0,0.0
2,select_148/aten.select.int/Gather,Gather,unknown_f32,NOT_RUN,0.0,0.0
2,select_149/aten.select.int/Gather,Gather,unknown_f32,NOT_RUN,0.0,0.0
2,select_150/aten.select.int/Gather,Gather,unknown_f32,NOT_RUN,0.0,0.0
2,select_151/aten.select.int/Gather,Gather,unknown_f32,NOT_RUN,0.0,0.0
2,select_152/aten.select.int/Gather,Gather,unknown_f32,NOT_RUN,0.0,0.0
2,select_153/aten.select.int/Gather,Gather,unknown_f32,NOT_RUN,0.0,0.0
2,select_154/aten.select.int/Gather,Gather,unknown_f32,NOT_RUN,0.0,0.0
2,select_155/aten.select.int/Gather,Gather,unknown_f32,NOT_RUN,0.0,0.0
2,select_156/aten.select.int/Gather,Gather,unknown_f32,NOT_RUN,0.0,0.0
2,select_157/aten.select.int/Gather,Gather,unknown_f32,NOT_RUN,0.0,0.0
2,select_158/aten.select.int/Gather,Gather,unknown_f32,NOT_RUN,0.0,0.0
2,select_159/aten.select.int/Gather,Gather,unknown_f32,NOT_RUN,0.0,0.0
2,select_160/aten.select.int/Gather,Gather,unknown_f32,NOT_RUN,0.0,0.0
2,select_161/aten.select.int/Gather,Gather,unknown_f32,NOT_RUN,0.0,0.0
2,select_162/aten.select.int/Gather,Gather,unknown_f32,NOT_RUN,0.0,0.0
2,select_163/aten.select.int/Gather,Gather,unknown_f32,NOT_RUN,0.0,0.0
2,select_164/aten.select.int/Gather,Gather,unknown_f32,NOT_RUN,0.0,0.0
2,select_165/aten.select.int/Gather,Gather,unknown_f32,NOT_RUN,0.0,0.0
2,select_166/aten.select.int/Gather,Gather,unknown_f32,NOT_RUN,0.0,0.0
2,select_167/aten.select.int/Gather,Gather,unknown_f32,NOT_RUN,0.0,0.0
2,select_168/aten.select.int/Gather,Gather,unknown_f32,NOT_RUN,0.0,0.0
2,select_169/aten.select.int/Gather,Gather,unknown_f32,NOT_RUN,0.0,0.0
2,select_170/aten.select.int/Gather,Gather,unknown_f32,NOT_RUN,0.0,0.0
2,select_171/aten.select.int/Gather,Gather,unknown_f32,NOT_RUN,0.0,0.0
2,select_172/aten.select.int/Gather,Gather,unknown_f32,NOT_RUN,0.0,0.0
2,select_173/aten.select.int/Gather,Gather,unknown_f32,NOT_RUN,0.0,0.0
2,select_174/aten.select.int/Gather,Gather,unknown_f32,NOT_RUN,0.0,0.0
2,select_175/aten.select.int/Gather,Gather,unknown_f32,NOT_RUN,0.0,0.0
2,select_176/aten.select.int/Gather,Gather,unknown_f32,NOT_RUN,0.0,0.0
2,select_177/aten.select.int/Gather,Gather,unknown_f32,NOT_RUN,0.0,0.0
2,select_178/aten.select.int/Gather,Gather,unknown_f32,NOT_RUN,0.0,0.0
2,select_179/aten.select.int/Gather,Gather,unknown_f32,NOT_RUN,0.0,0.0
2,select_180/aten.select.int/Gather,Gather,unknown_f32,NOT_RUN,0.0,0.0
2,select_181/aten.select.int/Gather,Gather,unknown_f32,NOT_RUN,0.0,0.0
2,select_182/aten.select.int/Gather,Gather,unknown_f32,NOT_RUN,0.0,0.0
2,select_183/aten.select.int/Gather,Gather,unknown_f32,NOT_RUN,0.0,0.0
2,select_184/aten.select.int/Gather,Gather,unknown_f32,NOT_RUN,0.0,0.0
2,select_185/aten.select.int/Gather,Gather,unknown_f32,NOT_RUN,0.0,0.0
2,select_186/aten.select.int/Gather,Gather,unknown_f32,NOT_RUN,0.0,0.0
2,select_187/aten.select.int/Gather,Gather,unknown_f32,NOT_RUN,0.0,0.0
2,select_188/aten.select.int/Gather,Gather,unknown_f32,NOT_RUN,0.0,0.0
2,select_189/aten.select.int/Gather,Gather,unknown_f32,NOT_RUN,0.0,0.0
2,select_190/aten.select.int/Gather,Gather,unknown_f32,NOT_RUN,0.0,0.0
2,select_191/aten.select.int/Gather,Gather,unknown_f32,NOT_RUN,0.0,0.0
2,select_192/aten.select.int/Gather,Gather,unknown_f32,NOT_RUN,0.0,0.0
2,select_193/aten.select.int/Gather,Gather,unknown_f32,NOT_RUN,0.0,0.0
2,select_194/aten.select.int/Gather,Gather,unknown_f32,NOT_RUN,0.0,0.0
2,select_195/aten.select.int/Gather,Gather,unknown_f32,NOT_RUN,0.0,0.0
2,select_196/aten.select.int/Gather,Gather,unknown_f32,NOT_RUN,0.0,0.0
2,select_197/aten.select.int/Gather,Gather,unknown_f32,NOT_RUN,0.0,0.0
2,select_198/aten.select.int/Gather,Gather,unknown_f32,NOT_RUN,0.0,0.0
2,select_199/aten.select.int/Gather,Gather,unknown_f32,NOT_RUN,0.0,0.0
2,select_200/aten.select.int/Gather,Gather,unknown_f32,NOT_RUN,0.0,0.0
2,select_201/aten.select.int/Gather,Gather,unknown_f32,NOT_RUN,0.0,0.0
2,select_202/aten.select.int/Gather,Gather,unknown_f32,NOT_RUN,0.0,0.0
2,select_203/aten.select.int/Gather,Gather,unknown_f32,NOT_RUN,0.0,0.0
2,select_204/aten.select.int/Gather,Gather,unknown_f32,NOT_RUN,0.0,0.0
2,select_205/aten.select.int/Gather,Gather,unknown_f32,NOT_RUN,0.0,0.0
2,select_206/aten.select.int/Gather,Gather,unknown_f32,NOT_RUN,0.0,0.0
2,select_207/aten.select.int/Gather,Gather,unknown_f32,NOT_RUN,0.0,0.0
2,select_208/aten.select.int/Gather,Gather,unknown_f32,NOT_RUN,0.0,0.0
2,select_209/aten.select.int/Gather,Gather,unknown_f32,NOT_RUN,0.0,0.0
2,select_210/aten.select.int/Gather,Gather,unknown_f32,NOT_RUN,0.0,0.0
2,select_211/aten.select.int/Gather,Gather,unknown_f32,NOT_RUN,0.0,0.0
2,select_212/aten.select.int/Gather,Gather,unknown_f32,NOT_RUN,0.0,0.0
2,select_213/aten.select.int/Gather,Gather,unknown_f32,NOT_RUN,0.0,0.0
2,select_214/aten.select.int/Gather,Gather,unknown_f32,NOT_RUN,0.0,0.0
2,select_215/aten.select.int/Gather,Gather,unknown_f32,NOT_RUN,0.0,0.0
2,select_216/aten.select.int/Gather,Gather,unknown_f32,NOT_RUN,0.0,0.0
2,select_217/aten.select.int/Gather,Gather,unknown_f32,NOT_RUN,0.0,0.0
2,select_218/aten.select.int/Gather,Gather,unknown_f32,NOT_RUN,0.0,0.0
2,select_219/aten.select.int/Gather,Gather,unknown_f32,NOT_RUN,0.0,0.0
2,select_220/aten.select.int/Gather,Gather,unknown_f32,NOT_RUN,0.0,0.0
2,select_221/aten.select.int/Gather,Gather,unknown_f32,NOT_RUN,0.0,0.0
2,select_222/aten.select.int/Gather,Gather,unknown_f32,NOT_RUN,0.0,0.0
2,select_223/aten.select.int/Gather,Gather,unknown_f32,NOT_RUN,0.0,0.0
2,select_224/aten.select.int/Gather,Gather,unknown_f32,NOT_RUN,0.0,0.0
2,select_225/aten.select.int/Gather,Gather,unknown_f32,NOT_RUN,0.0,0.0
2,select_226/aten.select.int/Gather,Gather,unknown_f32,NOT_RUN,0.0,0.0
2,select_227/aten.select.int/Gather,Gather,unknown_f32,NOT_RUN,0.0,0.0
2,select_228/aten.select.int/Gather,Gather,unknown_f32,NOT_RUN,0.0,0.0
2,select_229/aten.select.int/Gather,Gather,unknown_f32,NOT_RUN,0.0,0.0
2,select_230/aten.select.int/Gather,Gather,unknown_f32,NOT_RUN,0.0,0.0
2,select_231/aten.select.int/Gather,Gather,unknown_f32,NOT_RUN,0.0,0.0
2,select_232/aten.select.int/Gather,Gather,unknown_f32,NOT_RUN,0.0,0.0
2,select_233/aten.select.int/Gather,Gather,unknown_f32,NOT_RUN,0.0,0.0
2,select_234/aten.select.int/Gather,Gather,unknown_f32,NOT_RUN,0.0,0.0
2,select_235/aten.select.int/Gather,Gather,unknown_f32,NOT_RUN,0.0,0.0
2,select_236/aten.select.int/Gather,Gather,unknown_f32,NOT_RUN,0.0,0.0
2,select_237/aten.select.int/Gather,Gather,unknown_f32,NOT_RUN,0.0,0.0
2,select_238/aten.select.int/Gather,Gather,unknown_f32,NOT_RUN,0.0,0.0
2,select_239/aten.select.int/Gather,Gather,unknown_f32,NOT_RUN,0.0,0.0
2,select_240/aten.select.int/Gather,Gather,unknown_f32,NOT_RUN,0.0,0.0
2,select_241/aten.select.int/Gather,Gather,unknown_f32,NOT_RUN,0.0,0.0
2,select_242/aten.select.int/Gather,Gather,unknown_f32,NOT_RUN,0.0,0.0
2,select_243/aten.select.int/Gather,Gather,unknown_f32,NOT_RUN,0.0,0.0
2,select_244/aten.select.int/Gather,Gather,unknown_f32,NOT_RUN,0.0,0.0
2,select_245/aten.select.int/Gather,Gather,unknown_f32,NOT_RUN,0.0,0.0
2,select_246/aten.select.int/Gather,Gather,unknown_f32,NOT_RUN,0.0,0.0
2,select_247/aten.select.int/Gather,Gather,unknown_f32,NOT_RUN,0.0,0.0
2,select_248/aten.select.int/Gather,Gather,unknown_f32,NOT_RUN,0.0,0.0
2,select_249/aten.select.int/Gather,Gather,unknown_f32,NOT_RUN,0.0,0.0
2,select_250/aten.select.int/Gather,Gather,unknown_f32,NOT_RUN,0.0,0.0
2,select_251/aten.select.int/Gather,Gather,unknown_f32,NOT_RUN,0.0,0.0
2,select_252/aten.select.int/Gather,Gather,unknown_f32,NOT_RUN,0.0,0.0
2,select_253/aten.select.int/Gather,Gather,unknown_f32,NOT_RUN,0.0,0.0
2,select_254/aten.select.int/Gather,Gather,unknown_f32,NOT_RUN,0.0,0.0
2,select_255/aten.select.int/Gather,Gather,unknown_f32,NOT_RUN,0.0,0.0
2,select_256/aten.select.int/Gather,Gather,unknown_f32,NOT_RUN,0.0,0.0
2,select_257/aten.select.int/Gather,Gather,unknown_f32,NOT_RUN,0.0,0.0
2,select_258/aten.select.int/Gather,Gather,unknown_f32,NOT_RUN,0.0,0.0
2,select_259/aten.select.int/Gather,Gather,unknown_f32,NOT_RUN,0.0,0.0
2,select_260/aten.select.int/Gather,Gather,unknown_f32,NOT_RUN,0.0,0.0
2,select_261/aten.select.int/Gather,Gather,unknown_f32,NOT_RUN,0.0,0.0
2,select_262/aten.select.int/Gather,Gather,unknown_f32,NOT_RUN,0.0,0.0
2,select_263/aten.select.int/Gather,Gather,unknown_f32,NOT_RUN,0.0,0.0
2,select_264/aten.select.int/Gather,Gather,unknown_f32,NOT_RUN,0.0,0.0
2,select_265/aten.select.int/Gather,Gather,unknown_f32,NOT_RUN,0.0,0.0
2,select_266/aten.select.int/Gather,Gather,unknown_f32,NOT_RUN,0.0,0.0
2,select_267/aten.select.int/Gather,Gather,unknown_f32,NOT_RUN,0.0,0.0
2,select_268/aten.select.int/Gather,Gather,unknown_f32,NOT_RUN,0.0,0.0
2,select_269/aten.select.int/Gather,Gather,unknown_f32,NOT_RUN,0.0,0.0
2,select_270/aten.select.int/Gather,Gather,unknown_f32,NOT_RUN,0.0,0.0
2,select_271/aten.select.int/Gather,Gather,unknown_f32,NOT_RUN,0.0,0.0
2,select_272/aten.select.int/Gather,Gather,unknown_f32,NOT_RUN,0.0,0.0
2,select_273/aten.select.int/Gather,Gather,unknown_f32,NOT_RUN,0.0,0.0
2,select_274/aten.select.int/Gather,Gather,unknown_f32,NOT_RUN,0.0,0.0
2,select_275/aten.select.int/Gather,Gather,unknown_f32,NOT_RUN,0.0,0.0
2,select_276/aten.select.int/Gather,Gather,unknown_f32,NOT_RUN,0.0,0.0
2,select_277/aten.select.int/Gather,Gather,unknown_f32,NOT_RUN,0.0,0.0
2,select_278/aten.select.int/Gather,Gather,unknown_f32,NOT_RUN,0.0,0.0
2,select_279/aten.select.int/Gather,Gather,unknown_f32,NOT_RUN,0.0,0.0
2,select_280/aten.select.int/Gather,Gather,unknown_f32,NOT_RUN,0.0,0.0
2,select_281/aten.select.int/Gather,Gather,unknown_f32,NOT_RUN,0.0,0.0
2,select_282/aten.select.int/Gather,Gather,unknown_f32,NOT_RUN,0.0,0.0
2,select_283/aten.select.int/Gather,Gather,unknown_f32,NOT_RUN,0.0,0.0
2,select_284/aten.select.int/Gather,Gather,unknown_f32,NOT_RUN,0.0,0.0
2,select_285/aten.select.int/Gather,Gather,unknown_f32,NOT_RUN,0.0,0.0
2,select_286/aten.select.int/Gather,Gather,unknown_f32,NOT_RUN,0.0,0.0
2,select_287/aten.select.int/Gather,Gather,unknown_f32,NOT_RUN,0.0,0.0
2,select_288/aten.select.int/Gather,Gather,unknown_f32,NOT_RUN,0.0,0.0
2,select_289/aten.select.int/Gather,Gather,unknown_f32,NOT_RUN,0.0,0.0
2,select_290/aten.select.int/Gather,Gather,unknown_f32,NOT_RUN,0.0,0.0
2,select_291/aten.select.int/Gather,Gather,unknown_f32,NOT_RUN,0.0,0.0
2,select_292/aten.select.int/Gather,Gather,unknown_f32,NOT_RUN,0.0,0.0
2,select_293/aten.select.int/Gather,Gather,unknown_f32,NOT_RUN,0.0,0.0
2,select_294/aten.select.int/Gather,Gather,unknown_f32,NOT_RUN,0.0,0.0
2,select_295/aten.select.int/Gather,Gather,unknown_f32,NOT_RUN,0.0,0.0
2,select_296/aten.select.int/Gather,Gather,unknown_f32,NOT_RUN,0.0,0.0
2,select_297/aten.select.int/Gather,Gather,unknown_f32,NOT_RUN,0.0,0.0
2,select_298/aten.select.int/Gather,Gather,unknown_f32,NOT_RUN,0.0,0.0
2,select_299/aten.select.int/Gather,Gather,unknown_f32,NOT_RUN,0.0,0.0
2,select_300/aten.select.int/Gather,Gather,unknown_f32,NOT_RUN,0.0,0.0
2,select_301/aten.select.int/Gather,Gather,unknown_f32,NOT_RUN,0.0,0.0
2,select_302/aten.select.int/Gather,Gather,unknown_f32,NOT_RUN,0.0,0.0
2,select_303/aten.select.int/Gather,Gather,unknown_f32,NOT_RUN,0.0,0.0
2,select_304/aten.select.int/Gather,Gather,unknown_f32,NOT_RUN,0.0,0.0
2,cat_3/aten.cat.default/Concat,Concat,ref_f32,EXECUTED,0.07200000000000001,0.07200000000000001
2,view_84/aten.view.default/Reshape,Reshape,unknown_f32,NOT_RUN,0.0,0.0
2,add_50/aten.add.Tensor/Add,Subgraph,jit_avx2_f32,EXECUTED,0.024,0.024
2,linear_2/aten.linear.default/Add,FullyConnected,brgemm_avx2_f32,EXECUTED,0.366,0.366
2,Multiply_13576,Multiply,undef,NOT_RUN,0.0,0.0
2,view_86/aten.view.default/Reshape,Reshape,unknown_f32,NOT_RUN,0.0,0.0
2,permute_3/aten.permute.default/Transpose,Transpose,unknown_f32,EXECUTED,0.018000000000000002,0.018000000000000002
2,linear_3/aten.linear.default/Add,FullyConnected,gemm_mlas_f32,EXECUTED,0.35100000000000003,0.35100000000000003
2,view_87/aten.view.default/Reshape,Reshape,unknown_f32,NOT_RUN,0.0,0.0
2,Transpose_12104,Transpose,unknown_f32,EXECUTED,0.046,0.046
2,linear_4/aten.linear.default/Add,FullyConnected,gemm_mlas_f32,EXECUTED,0.339,0.339
2,view_88/aten.view.default/Reshape,Reshape,unknown_f32,NOT_RUN,0.0,0.0
2,permute_5/aten.permute.default/Transpose,Transpose,unknown_f32,EXECUTED,0.014,0.014
2,bmm_1/aten.bmm.default/MatMul,Subgraph,jit_avx2_f32,EXECUTED,0.455,0.455
2,permute_7/aten.permute.default/Transpose,Transpose,unknown_f32,EXECUTED,0.032,0.032
2,view_89/aten.view.default/Reshape,Reshape,unknown_f32,NOT_RUN,0.0,0.0
2,linear_5/aten.linear.default/Add,FullyConnected,gemm_mlas_f32,EXECUTED,0.381,0.381
2,view_90/aten.view.default/Reshape,Reshape,unknown_f32,NOT_RUN,0.0,0.0
2,add_51/aten.add.Tensor/Add,Subgraph,jit_avx2_f32,EXECUTED,0.020999999999999998,0.020999999999999998
2,native_layer_norm/aten.native_layer_norm.default/MVN,MVN,jit_avx2_f32,EXECUTED,0.016,0.016
2,native_layer_norm/aten.native_layer_norm.default/Add,Subgraph,jit_avx2_f32,EXECUTED,0.014,0.014
2,linear_6/aten.linear.default/Add,FullyConnected,brgemm_avx2_f32,EXECUTED,1.373,1.373
2,relu_17/aten.relu.default/Relu,Relu,undef,NOT_RUN,0.0,0.0
2,linear_7/aten.linear.default/Add,FullyConnected,gemm_mlas_f32,EXECUTED,1.4809999999999999,1.4809999999999999
2,add_52/aten.add.Tensor/Add,Subgraph,jit_avx2_f32,EXECUTED,0.022,0.022
2,native_layer_norm_1/aten.native_layer_norm.default/MVN,MVN,jit_avx2_f32,EXECUTED,0.015000000000000001,0.015000000000000001
2,add_53/aten.add.Tensor/Add,Subgraph,jit_avx2_f32,EXECUTED,0.023,0.023
2,linear_8/aten.linear.default/Add,FullyConnected,brgemm_avx2_f32,EXECUTED,0.27999999999999997,0.27999999999999997
2,Multiply_13578,Multiply,undef,NOT_RUN,0.0,0.0
2,view_92/aten.view.default/Reshape,Reshape,unknown_f32,NOT_RUN,0.0,0.0
2,permute_8/aten.permute.default/Transpose,Transpose,unknown_f32,EXECUTED,0.015000000000000001,0.015000000000000001
2,linear_9/aten.linear.default/Add,FullyConnected,gemm_mlas_f32,EXECUTED,0.268,0.268
2,view_93/aten.view.default/Reshape,Reshape,unknown_f32,NOT_RUN,0.0,0.0
2,Transpose_12133,Transpose,unknown_f32,EXECUTED,0.041,0.041
2,linear_10/aten.linear.default/Add,FullyConnected,gemm_mlas_f32,EXECUTED,0.26899999999999996,0.26899999999999996
2,view_94/aten.view.default/Reshape,Reshape,unknown_f32,NOT_RUN,0.0,0.0
2,permute_10/aten.permute.default/Transpose,Transpose,unknown_f32,EXECUTED,0.013,0.013
2,bmm_3/aten.bmm.default/MatMul,Subgraph,jit_avx2_f32,EXECUTED,0.371,0.371
2,permute_12/aten.permute.default/Transpose,Transpose,unknown_f32,EXECUTED,0.02,0.02
2,view_95/aten.view.default/Reshape,Reshape,unknown_f32,NOT_RUN,0.0,0.0
2,linear_11/aten.linear.default/Add,FullyConnected,gemm_mlas_f32,EXECUTED,0.28800000000000003,0.28800000000000003
2,view_96/aten.view.default/Reshape,Reshape,unknown_f32,NOT_RUN,0.0,0.0
2,add_54/aten.add.Tensor/Add,Subgraph,jit_avx2_f32,EXECUTED,0.014,0.014
2,native_layer_norm_2/aten.native_layer_norm.default/MVN,MVN,jit_avx2_f32,EXECUTED,0.012,0.012
2,native_layer_norm_2/aten.native_layer_norm.default/Add,Subgraph,jit_avx2_f32,EXECUTED,0.005,0.005
2,linear_12/aten.linear.default/Add,FullyConnected,brgemm_avx2_f32,EXECUTED,1.271,1.271
2,relu_18/aten.relu.default/Relu,Relu,undef,NOT_RUN,0.0,0.0
2,linear_13/aten.linear.default/Add,FullyConnected,gemm_mlas_f32,EXECUTED,1.381,1.381
2,add_55/aten.add.Tensor/Add,Subgraph,jit_avx2_f32,EXECUTED,0.024,0.024
2,native_layer_norm_3/aten.native_layer_norm.default/MVN,MVN,jit_avx2_f32,EXECUTED,0.018000000000000002,0.018000000000000002
2,add_56/aten.add.Tensor/Add,Subgraph,jit_avx2_f32,EXECUTED,0.028,0.028
2,linear_14/aten.linear.default/Add,FullyConnected,brgemm_avx2_f32,EXECUTED,0.289,0.289
2,Multiply_13580,Multiply,undef,NOT_RUN,0.0,0.0
2,view_98/aten.view.default/Reshape,Reshape,unknown_f32,NOT_RUN,0.0,0.0
2,permute_13/aten.permute.default/Transpose,Transpose,unknown_f32,EXECUTED,0.015000000000000001,0.015000000000000001
2,linear_15/aten.linear.default/Add,FullyConnected,gemm_mlas_f32,EXECUTED,0.342,0.342
2,view_99/aten.view.default/Reshape,Reshape,unknown_f32,NOT_RUN,0.0,0.0
2,Transpose_12162,Transpose,unknown_f32,EXECUTED,0.051,0.051
2,linear_16/aten.linear.default/Add,FullyConnected,gemm_mlas_f32,EXECUTED,0.27999999999999997,0.27999999999999997
2,view_100/aten.view.default/Reshape,Reshape,unknown_f32,NOT_RUN,0.0,0.0
2,permute_15/aten.permute.default/Transpose,Transpose,unknown_f32,EXECUTED,0.014,0.014
2,bmm_5/aten.bmm.default/MatMul,Subgraph,jit_avx2_f32,EXECUTED,0.457,0.457
2,permute_17/aten.permute.default/Transpose,Transpose,unknown_f32,EXECUTED,0.026,0.026
2,view_101/aten.view.default/Reshape,Reshape,unknown_f32,NOT_RUN,0.0,0.0
2,linear_17/aten.linear.default/Add,FullyConnected,gemm_mlas_f32,EXECUTED,0.366,0.366
2,view_102/aten.view.default/Reshape,Reshape,unknown_f32,NOT_RUN,0.0,0.0
2,add_57/aten.add.Tensor/Add,Subgraph,jit_avx2_f32,EXECUTED,0.02,0.02
2,native_layer_norm_4/aten.native_layer_norm.default/MVN,MVN,jit_avx2_f32,EXECUTED,0.015000000000000001,0.015000000000000001
2,native_layer_norm_4/aten.native_layer_norm.default/Add,Subgraph,jit_avx2_f32,EXECUTED,0.012,0.012
2,linear_18/aten.linear.default/Add,FullyConnected,brgemm_avx2_f32,EXECUTED,1.359,1.359
2,relu_19/aten.relu.default/Relu,Relu,undef,NOT_RUN,0.0,0.0
2,linear_19/aten.linear.default/Add,FullyConnected,gemm_mlas_f32,EXECUTED,1.373,1.373
2,add_58/aten.add.Tensor/Add,Subgraph,jit_avx2_f32,EXECUTED,0.022,0.022
2,native_layer_norm_5/aten.native_layer_norm.default/MVN,MVN,jit_avx2_f32,EXECUTED,0.023,0.023
2,add_59/aten.add.Tensor/Add,Subgraph,jit_avx2_f32,EXECUTED,0.026,0.026
2,linear_20/aten.linear.default/Add,FullyConnected,brgemm_avx2_f32,EXECUTED,0.27,0.27
2,Multiply_13582,Multiply,undef,NOT_RUN,0.0,0.0
2,view_104/aten.view.default/Reshape,Reshape,unknown_f32,NOT_RUN,0.0,0.0
2,permute_18/aten.permute.default/Transpose,Transpose,unknown_f32,EXECUTED,0.015000000000000001,0.015000000000000001
2,linear_21/aten.linear.default/Add,FullyConnected,gemm_mlas_f32,EXECUTED,0.26699999999999996,0.26699999999999996
2,view_105/aten.view.default/Reshape,Reshape,unknown_f32,NOT_RUN,0.0,0.0
2,Transpose_12191,Transpose,unknown_f32,EXECUTED,0.039,0.039
2,linear_22/aten.linear.default/Add,FullyConnected,gemm_mlas_f32,EXECUTED,0.25,0.25
2,view_106/aten.view.default/Reshape,Reshape,unknown_f32,NOT_RUN,0.0,0.0
2,permute_20/aten.permute.default/Transpose,Transpose,unknown_f32,EXECUTED,0.01,0.01
2,bmm_7/aten.bmm.default/MatMul,Subgraph,jit_avx2_f32,EXECUTED,0.38,0.38
2,permute_22/aten.permute.default/Transpose,Transpose,unknown_f32,EXECUTED,0.018000000000000002,0.018000000000000002
2,view_107/aten.view.default/Reshape,Reshape,unknown_f32,NOT_RUN,0.0,0.0
2,linear_23/aten.linear.default/Add,FullyConnected,gemm_mlas_f32,EXECUTED,0.312,0.312
2,view_108/aten.view.default/Reshape,Reshape,unknown_f32,NOT_RUN,0.0,0.0
2,add_60/aten.add.Tensor/Add,Subgraph,jit_avx2_f32,EXECUTED,0.015000000000000001,0.015000000000000001
2,native_layer_norm_6/aten.native_layer_norm.default/MVN,MVN,jit_avx2_f32,EXECUTED,0.015000000000000001,0.015000000000000001
2,native_layer_norm_6/aten.native_layer_norm.default/Add,Subgraph,jit_avx2_f32,EXECUTED,0.007,0.007
2,linear_24/aten.linear.default/Add,FullyConnected,brgemm_avx2_f32,EXECUTED,1.339,1.339
2,relu_20/aten.relu.default/Relu,Relu,undef,NOT_RUN,0.0,0.0
2,linear_25/aten.linear.default/Add,FullyConnected,gemm_mlas_f32,EXECUTED,1.4120000000000001,1.4120000000000001
2,add_61/aten.add.Tensor/Add,Subgraph,jit_avx2_f32,EXECUTED,0.024,0.024
2,native_layer_norm_7/aten.native_layer_norm.default/MVN,MVN,jit_avx2_f32,EXECUTED,0.017,0.017
2,add_65/aten.add.Tensor/Add,Subgraph,jit_avx2_f32,EXECUTED,0.02,0.02
2,linear_31/aten.linear.default/Add,FullyConnected,gemm_mlas_f32,EXECUTED,0.296,0.296
2,view_117/aten.view.default/Reshape,Reshape,unknown_f32,NOT_RUN,0.0,0.0
2,Transpose_12220,Transpose,unknown_f32,EXECUTED,0.052,0.052
2,linear_32/aten.linear.default/Add,FullyConnected,gemm_mlas_f32,EXECUTED,0.314,0.314
2,view_118/aten.view.default/Reshape,Reshape,unknown_f32,NOT_RUN,0.0,0.0
2,permute_30/aten.permute.default/Transpose,Transpose,unknown_f32,EXECUTED,0.012,0.012
2,bmm_11/aten.bmm.default/MatMul,Subgraph,jit_avx2_f32,EXECUTED,0.231,0.231
2,permute_32/aten.permute.default/Transpose,Transpose,unknown_f32,EXECUTED,0.008,0.008
2,view_119/aten.view.default/Reshape,Reshape,unknown_f32,NOT_RUN,0.0,0.0
2,linear_33/aten.linear.default/Add,FullyConnected,gemm_mlas_f32,EXECUTED,0.148,0.148
2,view_120/aten.view.default/Reshape,Reshape,unknown_f32,NOT_RUN,0.0,0.0
2,add_66/aten.add.Tensor/Add,Subgraph,jit_avx2_f32,EXECUTED,0.014,0.014
2,native_layer_norm_9/aten.native_layer_norm.default/MVN,MVN,jit_avx2_f32,EXECUTED,0.006,0.006
2,native_layer_norm_9/aten.native_layer_norm.default/Add,Subgraph,jit_avx2_f32,EXECUTED,0.005,0.005
2,linear_34/aten.linear.default/Add,FullyConnected,brgemm_avx2_f32,EXECUTED,0.527,0.527
2,relu_21/aten.relu.default/Relu,Relu,undef,NOT_RUN,0.0,0.0
2,linear_35/aten.linear.default/Add,FullyConnected,gemm_mlas_f32,EXECUTED,0.618,0.618
2,add_67/aten.add.Tensor/Add,Subgraph,jit_avx2_f32,EXECUTED,0.012,0.012
2,native_layer_norm_10/aten.native_layer_norm.default/MVN,MVN,jit_avx2_f32,EXECUTED,0.009000000000000001,0.009000000000000001
2,native_layer_norm_10/aten.native_layer_norm.default/Add,Subgraph,jit_avx2_f32,EXECUTED,0.003,0.003
2,native_layer_norm_11/aten.native_layer_norm.default/MVN,MVN,jit_avx2_f32,EXECUTED,0.005,0.005
2,native_layer_norm_11/aten.native_layer_norm.default/Add,Subgraph,jit_avx2_f32,EXECUTED,0.003,0.003
2,permute_33/aten.permute.default/Transpose,Reshape,unknown_f32,NOT_RUN,0.0,0.0
2,linear_36/aten.linear.default/Add,FullyConnected,gemm_mlas_f32,EXECUTED,0.016,0.016
2,Result_6085,Result,unknown_f32,NOT_RUN,0.0,0.0
3,state,Parameter,unknown_f32,NOT_RUN,0.0,0.0
3,linear_1/aten.linear.default/Add,FullyConnected,gemm_mlas_f32,EXECUTED,0.087,0.087
3,wrist_image,Parameter,unknown_f32,NOT_RUN,0.0,0.0
3,wrist_image_abcd_acdb_mul_2/aten.mul.Tensor/Multiply,Reorder,jit_uni_f32,EXECUTED,0.235,0.235
3,mul_2/aten.mul.Tensor/Multiply,Convolution,brgconv_avx2_f32,EXECUTED,2.0509999999999997,2.0509999999999997
3,relu/aten.relu.default/Relu,Relu,undef,NOT_RUN,0.0,0.0
3,max_pool2d_with_indices/aten.max_pool2d_with_indices.default/MaxPool,MaxPool,jit_avx2_f32,EXECUTED,0.33399999999999996,0.33399999999999996
3,mul_5/aten.mul.Tensor/Multiply,Convolution,brgconv_avx2_f32,EXECUTED,1.921,1.921
3,relu_1/aten.relu.default/Relu,Relu,undef,NOT_RUN,0.0,0.0
3,mul_8/aten.mul.Tensor/Multiply,Convolution,brgconv_avx2_f32,EXECUTED,1.9,1.9
3,add_6/aten.add.Tensor/Add,Add,undef,NOT_RUN,0.0,0.0
3,relu_2/aten.relu.default/Relu,Relu,undef,NOT_RUN,0.0,0.0
3,mul_11/aten.mul.Tensor/Multiply,Convolution,brgconv_avx2_f32,EXECUTED,2.068,2.068
3,relu_3/aten.relu.default/Relu,Relu,undef,NOT_RUN,0.0,0.0
3,mul_14/aten.mul.Tensor/Multiply,Convolution,brgconv_avx2_f32,EXECUTED,2.008,2.008
3,add_11/aten.add.Tensor/Add,Add,undef,NOT_RUN,0.0,0.0
3,relu_4/aten.relu.default/Relu,Relu,undef,NOT_RUN,0.0,0.0
3,mul_17/aten.mul.Tensor/Multiply,Convolution,brgconv_avx2_f32,EXECUTED,1.0859999999999999,1.0859999999999999
3,relu_5/aten.relu.default/Relu,Relu,undef,NOT_RUN,0.0,0.0
3,mul_23/aten.mul.Tensor/Multiply,Convolution,brgconv_avx2_1x1_f32,EXECUTED,0.196,0.196
3,mul_20/aten.mul.Tensor/Multiply,Convolution,brgconv_avx2_f32,EXECUTED,1.807,1.807
3,add_18/aten.add.Tensor/Add,Add,undef,NOT_RUN,0.0,0.0
3,relu_6/aten.relu.default/Relu,Relu,undef,NOT_RUN,0.0,0.0
3,mul_26/aten.mul.Tensor/Multiply,Convolution,brgconv_avx2_f32,EXECUTED,1.821,1.821
3,relu_7/aten.relu.default/Relu,Relu,undef,NOT_RUN,0.0,0.0
3,mul_29/aten.mul.Tensor/Multiply,Convolution,brgconv_avx2_f32,EXECUTED,1.867,1.867
3,add_23/aten.add.Tensor/Add,Add,undef,NOT_RUN,0.0,0.0
3,relu_8/aten.relu.default/Relu,Relu,undef,NOT_RUN,0.0,0.0
3,mul_32/aten.mul.Tensor/Multiply,Convolution,brgconv_avx2_f32,EXECUTED,1.014,1.014
3,relu_9/aten.relu.default/Relu,Relu,undef,NOT_RUN,0.0,0.0
3,mul_38/aten.mul.Tensor/Multiply,Convolution,brgconv_avx2_1x1_f32,EXECUTED,0.228,0.228
3,mul_35/aten.mul.Tensor/Multiply,Convolution,brgconv_avx2_f32,EXECUTED,1.818,1.818
3,add_30/aten.add.Tensor/Add,Add,undef,NOT_RUN,0.0,0.0
3,relu_10/aten.relu.default/Relu,Relu,undef,NOT_RUN,0.0,0.0
3,mul_41/aten.mul.Tensor/Multiply,Convolution,brgconv_avx2_f32,EXECUTED,1.851,1.851
3,relu_11/aten.relu.default/Relu,Relu,undef,NOT_RUN,0.0,0.0
3,mul_44/aten.mul.Tensor/Multiply,Convolution,brgconv_avx2_f32,EXECUTED,1.907,1.907
3,add_35/aten.add.Tensor/Add,Add,undef,NOT_RUN,0.0,0.0
3,relu_12/aten.relu.default/Relu,Relu,undef,NOT_RUN,0.0,0.0
3,mul_47/aten.mul.Tensor/Multiply,Convolution,brgconv_avx2_f32,EXECUTED,1.0679999999999998,1.0679999999999998
3,relu_13/aten.relu.default/Relu,Relu,undef,NOT_RUN,0.0,0.0
3,mul_53/aten.mul.Tensor/Multiply,Convolution,brgconv_avx2_1x1_f32,EXECUTED,0.281,0.281
3,mul_50/aten.mul.Tensor/Multiply,Convolution,brgconv_avx2_f32,EXECUTED,1.8159999999999998,1.8159999999999998
3,add_42/aten.add.Tensor/Add,Add,undef,NOT_RUN,0.0,0.0
3,relu_14/aten.relu.default/Relu,Relu,undef,NOT_RUN,0.0,0.0
3,mul_56/aten.mul.Tensor/Multiply,Convolution,brgconv_avx2_f32,EXECUTED,1.857,1.857
3,relu_15/aten.relu.default/Relu,Relu,undef,NOT_RUN,0.0,0.0
3,mul_59/aten.mul.Tensor/Multiply,Convolution,brgconv_avx2_f32,EXECUTED,1.8370000000000002,1.8370000000000002
3,add_47/aten.add.Tensor/Add,Add,undef,NOT_RUN,0.0,0.0
3,relu_16/aten.relu.default/Relu,Relu,undef,NOT_RUN,0.0,0.0
3,convolution_20/aten.convolution.default/Convolution,Convolution,brgconv_avx2_1x1_f32,EXECUTED,0.391,0.391
3,permute_1/aten.permute.default/Transpose,Transpose,unknown_f32,EXECUTED,0.04,0.04
3,permute_1/aten.permute.default/Transpose_acdb_abcd_view_82/aten.view.default/Reshape,Reorder,reorder_f32,EXECUTED,0.026,0.026
3,view_82/aten.view.default/Reshape,Reshape,unknown_f32,NOT_RUN,0.0,0.0
3,select_5/aten.select.int/Gather,Gather,unknown_f32,NOT_RUN,0.0,0.0
3,select_6/aten.select.int/Gather,Gather,unknown_f32,NOT_RUN,0.0,0.0
3,select_7/aten.select.int/Gather,Gather,unknown_f32,NOT_RUN,0.0,0.0
3,select_8/aten.select.int/Gather,Gather,unknown_f32,NOT_RUN,0.0,0.0
3,select_9/aten.select.int/Gather,Gather,unknown_f32,NOT_RUN,0.0,0.0
3,select_10/aten.select.int/Gather,Gather,unknown_f32,NOT_RUN,0.0,0.0
3,select_11/aten.select.int/Gather,Gather,unknown_f32,NOT_RUN,0.0,0.0
3,select_12/aten.select.int/Gather,Gather,unknown_f32,NOT_RUN,0.0,0.0
3,select_13/aten.select.int/Gather,Gather,unknown_f32,NOT_RUN,0.0,0.0
3,select_14/aten.select.int/Gather,Gather,unknown_f32,NOT_RUN,0.0,0.0
3,select_15/aten.select.int/Gather,Gather,unknown_f32,NOT_RUN,0.0,0.0
3,select_16/aten.select.int/Gather,Gather,unknown_f32,NOT_RUN,0.0,0.0
3,select_17/aten.select.int/Gather,Gather,unknown_f32,NOT_RUN,0.0,0.0
3,select_18/aten.select.int/Gather,Gather,unknown_f32,NOT_RUN,0.0,0.0
3,select_19/aten.select.int/Gather,Gather,unknown_f32,NOT_RUN,0.0,0.0
3,select_20/aten.select.int/Gather,Gather,unknown_f32,NOT_RUN,0.0,0.0
3,select_21/aten.select.int/Gather,Gather,unknown_f32,NOT_RUN,0.0,0.0
3,select_22/aten.select.int/Gather,Gather,unknown_f32,NOT_RUN,0.0,0.0
3,select_23/aten.select.int/Gather,Gather,unknown_f32,NOT_RUN,0.0,0.0
3,select_24/aten.select.int/Gather,Gather,unknown_f32,NOT_RUN,0.0,0.0
3,select_25/aten.select.int/Gather,Gather,unknown_f32,NOT_RUN,0.0,0.0
3,select_26/aten.select.int/Gather,Gather,unknown_f32,NOT_RUN,0.0,0.0
3,select_27/aten.select.int/Gather,Gather,unknown_f32,NOT_RUN,0.0,0.0
3,select_28/aten.select.int/Gather,Gather,unknown_f32,NOT_RUN,0.0,0.0
3,select_29/aten.select.int/Gather,Gather,unknown_f32,NOT_RUN,0.0,0.0
3,select_30/aten.select.int/Gather,Gather,unknown_f32,NOT_RUN,0.0,0.0
3,select_31/aten.select.int/Gather,Gather,unknown_f32,NOT_RUN,0.0,0.0
3,select_32/aten.select.int/Gather,Gather,unknown_f32,NOT_RUN,0.0,0.0
3,select_33/aten.select.int/Gather,Gather,unknown_f32,NOT_RUN,0.0,0.0
3,select_34/aten.select.int/Gather,Gather,unknown_f32,NOT_RUN,0.0,0.0
3,select_35/aten.select.int/Gather,Gather,unknown_f32,NOT_RUN,0.0,0.0
3,select_36/aten.select.int/Gather,Gather,unknown_f32,NOT_RUN,0.0,0.0
3,select_37/aten.select.int/Gather,Gather,unknown_f32,NOT_RUN,0.0,0.0
3,select_38/aten.select.int/Gather,Gather,unknown_f32,NOT_RUN,0.0,0.0
3,select_39/aten.select.int/Gather,Gather,unknown_f32,NOT_RUN,0.0,0.0
3,select_40/aten.select.int/Gather,Gather,unknown_f32,NOT_RUN,0.0,0.0
3,select_41/aten.select.int/Gather,Gather,unknown_f32,NOT_RUN,0.0,0.0
3,select_42/aten.select.int/Gather,Gather,unknown_f32,NOT_RUN,0.0,0.0
3,select_43/aten.select.int/Gather,Gather,unknown_f32,NOT_RUN,0.0,0.0
3,select_44/aten.select.int/Gather,Gather,unknown_f32,NOT_RUN,0.0,0.0
3,select_45/aten.select.int/Gather,Gather,unknown_f32,NOT_RUN,0.0,0.0
3,select_46/aten.select.int/Gather,Gather,unknown_f32,NOT_RUN,0.0,0.0
3,select_47/aten.select.int/Gather,Gather,unknown_f32,NOT_RUN,0.0,0.0
3,select_48/aten.select.int/Gather,Gather,unknown_f32,NOT_RUN,0.0,0.0
3,select_49/aten.select.int/Gather,Gather,unknown_f32,NOT_RUN,0.0,0.0
3,select_50/aten.select.int/Gather,Gather,unknown_f32,NOT_RUN,0.0,0.0
3,select_51/aten.select.int/Gather,Gather,unknown_f32,NOT_RUN,0.0,0.0
3,select_52/aten.select.int/Gather,Gather,unknown_f32,NOT_RUN,0.0,0.0
3,select_53/aten.select.int/Gather,Gather,unknown_f32,NOT_RUN,0.0,0.0
3,select_54/aten.select.int/Gather,Gather,unknown_f32,NOT_RUN,0.0,0.0
3,select_55/aten.select.int/Gather,Gather,unknown_f32,NOT_RUN,0.0,0.0
3,select_56/aten.select.int/Gather,Gather,unknown_f32,NOT_RUN,0.0,0.0
3,select_57/aten.select.int/Gather,Gather,unknown_f32,NOT_RUN,0.0,0.0
3,select_58/aten.select.int/Gather,Gather,unknown_f32,NOT_RUN,0.0,0.0
3,select_59/aten.select.int/Gather,Gather,unknown_f32,NOT_RUN,0.0,0.0
3,select_60/aten.select.int/Gather,Gather,unknown_f32,NOT_RUN,0.0,0.0
3,select_61/aten.select.int/Gather,Gather,unknown_f32,NOT_RUN,0.0,0.0
3,select_62/aten.select.int/Gather,Gather,unknown_f32,NOT_RUN,0.0,0.0
3,select_63/aten.select.int/Gather,Gather,unknown_f32,NOT_RUN,0.0,0.0
3,select_64/aten.select.int/Gather,Gather,unknown_f32,NOT_RUN,0.0,0.0
3,select_65/aten.select.int/Gather,Gather,unknown_f32,NOT_RUN,0.0,0.0
3,select_66/aten.select.int/Gather,Gather,unknown_f32,NOT_RUN,0.0,0.0
3,select_67/aten.select.int/Gather,Gather,unknown_f32,NOT_RUN,0.0,0.0
3,select_68/aten.select.int/Gather,Gather,unknown_f32,NOT_RUN,0.0,0.0
3,select_69/aten.select.int/Gather,Gather,unknown_f32,NOT_RUN,0.0,0.0
3,select_70/aten.select.int/Gather,Gather,unknown_f32,NOT_RUN,0.0,0.0
3,select_71/aten.select.int/Gather,Gather,unknown_f32,NOT_RUN,0.0,0.0
3,select_72/aten.select.int/Gather,Gather,unknown_f32,NOT_RUN,0.0,0.0
3,select_73/aten.select.int/Gather,Gather,unknown_f32,NOT_RUN,0.0,0.0
3,select_74/aten.select.int/Gather,Gather,unknown_f32,NOT_RUN,0.0,0.0
3,select_75/aten.select.int/Gather,Gather,unknown_f32,NOT_RUN,0.0,0.0
3,select_76/aten.select.int/Gather,Gather,unknown_f32,NOT_RUN,0.0,0.0
3,select_77/aten.select.int/Gather,Gather,unknown_f32,NOT_RUN,0.0,0.0
3,select_78/aten.select.int/Gather,Gather,unknown_f32,NOT_RUN,0.0,0.0
3,select_79/aten.select.int/Gather,Gather,unknown_f32,NOT_RUN,0.0,0.0
3,select_80/aten.select.int/Gather,Gather,unknown_f32,NOT_RUN,0.0,0.0
3,select_81/aten.select.int/Gather,Gather,unknown_f32,NOT_RUN,0.0,0.0
3,select_82/aten.select.int/Gather,Gather,unknown_f32,NOT_RUN,0.0,0.0
3,select_83/aten.select.int/Gather,Gather,unknown_f32,NOT_RUN,0.0,0.0
3,select_84/aten.select.int/Gather,Gather,unknown_f32,NOT_RUN,0.0,0.0
3,select_85/aten.select.int/Gather,Gather,unknown_f32,NOT_RUN,0.0,0.0
3,select_86/aten.select.int/Gather,Gather,unknown_f32,NOT_RUN,0.0,0.0
3,select_87/aten.select.int/Gather,Gather,unknown_f32,NOT_RUN,0.0,0.0
3,select_88/aten.select.int/Gather,Gather,unknown_f32,NOT_RUN,0.0,0.0
3,select_89/aten.select.int/Gather,Gather,unknown_f32,NOT_RUN,0.0,0.0
3,select_90/aten.select.int/Gather,Gather,unknown_f32,NOT_RUN,0.0,0.0
3,select_91/aten.select.int/Gather,Gather,unknown_f32,NOT_RUN,0.0,0.0
3,select_92/aten.select.int/Gather,Gather,unknown_f32,NOT_RUN,0.0,0.0
3,select_93/aten.select.int/Gather,Gather,unknown_f32,NOT_RUN,0.0,0.0
3,select_94/aten.select.int/Gather,Gather,unknown_f32,NOT_RUN,0.0,0.0
3,select_95/aten.select.int/Gather,Gather,unknown_f32,NOT_RUN,0.0,0.0
3,select_96/aten.select.int/Gather,Gather,unknown_f32,NOT_RUN,0.0,0.0
3,select_97/aten.select.int/Gather,Gather,unknown_f32,NOT_RUN,0.0,0.0
3,select_98/aten.select.int/Gather,Gather,unknown_f32,NOT_RUN,0.0,0.0
3,select_99/aten.select.int/Gather,Gather,unknown_f32,NOT_RUN,0.0,0.0
3,select_100/aten.select.int/Gather,Gather,unknown_f32,NOT_RUN,0.0,0.0
3,select_101/aten.select.int/Gather,Gather,unknown_f32,NOT_RUN,0.0,0.0
3,select_102/aten.select.int/Gather,Gather,unknown_f32,NOT_RUN,0.0,0.0
3,select_103/aten.select.int/Gather,Gather,unknown_f32,NOT_RUN,0.0,0.0
3,select_104/aten.select.int/Gather,Gather,unknown_f32,NOT_RUN,0.0,0.0
3,select_105/aten.select.int/Gather,Gather,unknown_f32,NOT_RUN,0.0,0.0
3,select_106/aten.select.int/Gather,Gather,unknown_f32,NOT_RUN,0.0,0.0
3,select_107/aten.select.int/Gather,Gather,unknown_f32,NOT_RUN,0.0,0.0
3,select_108/aten.select.int/Gather,Gather,unknown_f32,NOT_RUN,0.0,0.0
3,select_109/aten.select.int/Gather,Gather,unknown_f32,NOT_RUN,0.0,0.0
3,select_110/aten.select.int/Gather,Gather,unknown_f32,NOT_RUN,0.0,0.0
3,select_111/aten.select.int/Gather,Gather,unknown_f32,NOT_RUN,0.0,0.0
3,select_112/aten.select.int/Gather,Gather,unknown_f32,NOT_RUN,0.0,0.0
3,select_113/aten.select.int/Gather,Gather,unknown_f32,NOT_RUN,0.0,0.0
3,select_114/aten.select.int/Gather,Gather,unknown_f32,NOT_RUN,0.0,0.0
3,select_115/aten.select.int/Gather,Gather,unknown_f32,NOT_RUN,0.0,0.0
3,select_116/aten.select.int/Gather,Gather,unknown_f32,NOT_RUN,0.0,0.0
3,select_117/aten.select.int/Gather,Gather,unknown_f32,NOT_RUN,0.0,0.0
3,select_118/aten.select.int/Gather,Gather,unknown_f32,NOT_RUN,0.0,0.0
3,select_119/aten.select.int/Gather,Gather,unknown_f32,NOT_RUN,0.0,0.0
3,select_120/aten.select.int/Gather,Gather,unknown_f32,NOT_RUN,0.0,0.0
3,select_121/aten.select.int/Gather,Gather,unknown_f32,NOT_RUN,0.0,0.0
3,select_122/aten.select.int/Gather,Gather,unknown_f32,NOT_RUN,0.0,0.0
3,select_123/aten.select.int/Gather,Gather,unknown_f32,NOT_RUN,0.0,0.0
3,select_124/aten.select.int/Gather,Gather,unknown_f32,NOT_RUN,0.0,0.0
3,select_125/aten.select.int/Gather,Gather,unknown_f32,NOT_RUN,0.0,0.0
3,select_126/aten.select.int/Gather,Gather,unknown_f32,NOT_RUN,0.0,0.0
3,select_127/aten.select.int/Gather,Gather,unknown_f32,NOT_RUN,0.0,0.0
3,select_128/aten.select.int/Gather,Gather,unknown_f32,NOT_RUN,0.0,0.0
3,select_129/aten.select.int/Gather,Gather,unknown_f32,NOT_RUN,0.0,0.0
3,select_130/aten.select.int/Gather,Gather,unknown_f32,NOT_RUN,0.0,0.0
3,select_131/aten.select.int/Gather,Gather,unknown_f32,NOT_RUN,0.0,0.0
3,select_132/aten.select.int/Gather,Gather,unknown_f32,NOT_RUN,0.0,0.0
3,select_133/aten.select.int/Gather,Gather,unknown_f32,NOT_RUN,0.0,0.0
3,select_134/aten.select.int/Gather,Gather,unknown_f32,NOT_RUN,0.0,0.0
3,select_135/aten.select.int/Gather,Gather,unknown_f32,NOT_RUN,0.0,0.0
3,select_136/aten.select.int/Gather,Gather,unknown_f32,NOT_RUN,0.0,0.0
3,select_137/aten.select.int/Gather,Gather,unknown_f32,NOT_RUN,0.0,0.0
3,select_138/aten.select.int/Gather,Gather,unknown_f32,NOT_RUN,0.0,0.0
3,select_139/aten.select.int/Gather,Gather,unknown_f32,NOT_RUN,0.0,0.0
3,select_140/aten.select.int/Gather,Gather,unknown_f32,NOT_RUN,0.0,0.0
3,select_141/aten.select.int/Gather,Gather,unknown_f32,NOT_RUN,0.0,0.0
3,select_142/aten.select.int/Gather,Gather,unknown_f32,NOT_RUN,0.0,0.0
3,select_143/aten.select.int/Gather,Gather,unknown_f32,NOT_RUN,0.0,0.0
3,select_144/aten.select.int/Gather,Gather,unknown_f32,NOT_RUN,0.0,0.0
3,select_145/aten.select.int/Gather,Gather,unknown_f32,NOT_RUN,0.0,0.0
3,select_146/aten.select.int/Gather,Gather,unknown_f32,NOT_RUN,0.0,0.0
3,select_147/aten.select.int/Gather,Gather,unknown_f32,NOT_RUN,0.0,0.0
3,select_148/aten.select.int/Gather,Gather,unknown_f32,NOT_RUN,0.0,0.0
3,select_149/aten.select.int/Gather,Gather,unknown_f32,NOT_RUN,0.0,0.0
3,select_150/aten.select.int/Gather,Gather,unknown_f32,NOT_RUN,0.0,0.0
3,select_151/aten.select.int/Gather,Gather,unknown_f32,NOT_RUN,0.0,0.0
3,select_152/aten.select.int/Gather,Gather,unknown_f32,NOT_RUN,0.0,0.0
3,select_153/aten.select.int/Gather,Gather,unknown_f32,NOT_RUN,0.0,0.0
3,select_154/aten.select.int/Gather,Gather,unknown_f32,NOT_RUN,0.0,0.0
3,select_155/aten.select.int/Gather,Gather,unknown_f32,NOT_RUN,0.0,0.0
3,select_156/aten.select.int/Gather,Gather,unknown_f32,NOT_RUN,0.0,0.0
3,select_157/aten.select.int/Gather,Gather,unknown_f32,NOT_RUN,0.0,0.0
3,select_158/aten.select.int/Gather,Gather,unknown_f32,NOT_RUN,0.0,0.0
3,select_159/aten.select.int/Gather,Gather,unknown_f32,NOT_RUN,0.0,0.0
3,select_160/aten.select.int/Gather,Gather,unknown_f32,NOT_RUN,0.0,0.0
3,select_161/aten.select.int/Gather,Gather,unknown_f32,NOT_RUN,0.0,0.0
3,select_162/aten.select.int/Gather,Gather,unknown_f32,NOT_RUN,0.0,0.0
3,select_163/aten.select.int/Gather,Gather,unknown_f32,NOT_RUN,0.0,0.0
3,select_164/aten.select.int/Gather,Gather,unknown_f32,NOT_RUN,0.0,0.0
3,select_165/aten.select.int/Gather,Gather,unknown_f32,NOT_RUN,0.0,0.0
3,select_166/aten.select.int/Gather,Gather,unknown_f32,NOT_RUN,0.0,0.0
3,select_167/aten.select.int/Gather,Gather,unknown_f32,NOT_RUN,0.0,0.0
3,select_168/aten.select.int/Gather,Gather,unknown_f32,NOT_RUN,0.0,0.0
3,select_169/aten.select.int/Gather,Gather,unknown_f32,NOT_RUN,0.0,0.0
3,select_170/aten.select.int/Gather,Gather,unknown_f32,NOT_RUN,0.0,0.0
3,select_171/aten.select.int/Gather,Gather,unknown_f32,NOT_RUN,0.0,0.0
3,select_172/aten.select.int/Gather,Gather,unknown_f32,NOT_RUN,0.0,0.0
3,select_173/aten.select.int/Gather,Gather,unknown_f32,NOT_RUN,0.0,0.0
3,select_174/aten.select.int/Gather,Gather,unknown_f32,NOT_RUN,0.0,0.0
3,select_175/aten.select.int/Gather,Gather,unknown_f32,NOT_RUN,0.0,0.0
3,select_176/aten.select.int/Gather,Gather,unknown_f32,NOT_RUN,0.0,0.0
3,select_177/aten.select.int/Gather,Gather,unknown_f32,NOT_RUN,0.0,0.0
3,select_178/aten.select.int/Gather,Gather,unknown_f32,NOT_RUN,0.0,0.0
3,select_179/aten.select.int/Gather,Gather,unknown_f32,NOT_RUN,0.0,0.0
3,select_180/aten.select.int/Gather,Gather,unknown_f32,NOT_RUN,0.0,0.0
3,select_181/aten.select.int/Gather,Gather,unknown_f32,NOT_RUN,0.0,0.0
3,select_182/aten.select.int/Gather,Gather,unknown_f32,NOT_RUN,0.0,0.0
3,select_183/aten.select.int/Gather,Gather,unknown_f32,NOT_RUN,0.0,0.0
3,select_184/aten.select.int/Gather,Gather,unknown_f32,NOT_RUN,0.0,0.0
3,select_185/aten.select.int/Gather,Gather,unknown_f32,NOT_RUN,0.0,0.0
3,select_186/aten.select.int/Gather,Gather,unknown_f32,NOT_RUN,0.0,0.0
3,select_187/aten.select.int/Gather,Gather,unknown_f32,NOT_RUN,0.0,0.0
3,select_188/aten.select.int/Gather,Gather,unknown_f32,NOT_RUN,0.0,0.0
3,select_189/aten.select.int/Gather,Gather,unknown_f32,NOT_RUN,0.0,0.0
3,select_190/aten.select.int/Gather,Gather,unknown_f32,NOT_RUN,0.0,0.0
3,select_191/aten.select.int/Gather,Gather,unknown_f32,NOT_RUN,0.0,0.0
3,select_192/aten.select.int/Gather,Gather,unknown_f32,NOT_RUN,0.0,0.0
3,select_193/aten.select.int/Gather,Gather,unknown_f32,NOT_RUN,0.0,0.0
3,select_194/aten.select.int/Gather,Gather,unknown_f32,NOT_RUN,0.0,0.0
3,select_195/aten.select.int/Gather,Gather,unknown_f32,NOT_RUN,0.0,0.0
3,select_196/aten.select.int/Gather,Gather,unknown_f32,NOT_RUN,0.0,0.0
3,select_197/aten.select.int/Gather,Gather,unknown_f32,NOT_RUN,0.0,0.0
3,select_198/aten.select.int/Gather,Gather,unknown_f32,NOT_RUN,0.0,0.0
3,select_199/aten.select.int/Gather,Gather,unknown_f32,NOT_RUN,0.0,0.0
3,select_200/aten.select.int/Gather,Gather,unknown_f32,NOT_RUN,0.0,0.0
3,select_201/aten.select.int/Gather,Gather,unknown_f32,NOT_RUN,0.0,0.0
3,select_202/aten.select.int/Gather,Gather,unknown_f32,NOT_RUN,0.0,0.0
3,select_203/aten.select.int/Gather,Gather,unknown_f32,NOT_RUN,0.0,0.0
3,select_204/aten.select.int/Gather,Gather,unknown_f32,NOT_RUN,0.0,0.0
3,select_205/aten.select.int/Gather,Gather,unknown_f32,NOT_RUN,0.0,0.0
3,select_206/aten.select.int/Gather,Gather,unknown_f32,NOT_RUN,0.0,0.0
3,select_207/aten.select.int/Gather,Gather,unknown_f32,NOT_RUN,0.0,0.0
3,select_208/aten.select.int/Gather,Gather,unknown_f32,NOT_RUN,0.0,0.0
3,select_209/aten.select.int/Gather,Gather,unknown_f32,NOT_RUN,0.0,0.0
3,select_210/aten.select.int/Gather,Gather,unknown_f32,NOT_RUN,0.0,0.0
3,select_211/aten.select.int/Gather,Gather,unknown_f32,NOT_RUN,0.0,0.0
3,select_212/aten.select.int/Gather,Gather,unknown_f32,NOT_RUN,0.0,0.0
3,select_213/aten.select.int/Gather,Gather,unknown_f32,NOT_RUN,0.0,0.0
3,select_214/aten.select.int/Gather,Gather,unknown_f32,NOT_RUN,0.0,0.0
3,select_215/aten.select.int/Gather,Gather,unknown_f32,NOT_RUN,0.0,0.0
3,select_216/aten.select.int/Gather,Gather,unknown_f32,NOT_RUN,0.0,0.0
3,select_217/aten.select.int/Gather,Gather,unknown_f32,NOT_RUN,0.0,0.0
3,select_218/aten.select.int/Gather,Gather,unknown_f32,NOT_RUN,0.0,0.0
3,select_219/aten.select.int/Gather,Gather,unknown_f32,NOT_RUN,0.0,0.0
3,select_220/aten.select.int/Gather,Gather,unknown_f32,NOT_RUN,0.0,0.0
3,select_221/aten.select.int/Gather,Gather,unknown_f32,NOT_RUN,0.0,0.0
3,select_222/aten.select.int/Gather,Gather,unknown_f32,NOT_RUN,0.0,0.0
3,select_223/aten.select.int/Gather,Gather,unknown_f32,NOT_RUN,0.0,0.0
3,select_224/aten.select.int/Gather,Gather,unknown_f32,NOT_RUN,0.0,0.0
3,select_225/aten.select.int/Gather,Gather,unknown_f32,NOT_RUN,0.0,0.0
3,select_226/aten.select.int/Gather,Gather,unknown_f32,NOT_RUN,0.0,0.0
3,select_227/aten.select.int/Gather,Gather,unknown_f32,NOT_RUN,0.0,0.0
3,select_228/aten.select.int/Gather,Gather,unknown_f32,NOT_RUN,0.0,0.0
3,select_229/aten.select.int/Gather,Gather,unknown_f32,NOT_RUN,0.0,0.0
3,select_230/aten.select.int/Gather,Gather,unknown_f32,NOT_RUN,0.0,0.0
3,select_231/aten.select.int/Gather,Gather,unknown_f32,NOT_RUN,0.0,0.0
3,select_232/aten.select.int/Gather,Gather,unknown_f32,NOT_RUN,0.0,0.0
3,select_233/aten.select.int/Gather,Gather,unknown_f32,NOT_RUN,0.0,0.0
3,select_234/aten.select.int/Gather,Gather,unknown_f32,NOT_RUN,0.0,0.0
3,select_235/aten.select.int/Gather,Gather,unknown_f32,NOT_RUN,0.0,0.0
3,select_236/aten.select.int/Gather,Gather,unknown_f32,NOT_RUN,0.0,0.0
3,select_237/aten.select.int/Gather,Gather,unknown_f32,NOT_RUN,0.0,0.0
3,select_238/aten.select.int/Gather,Gather,unknown_f32,NOT_RUN,0.0,0.0
3,select_239/aten.select.int/Gather,Gather,unknown_f32,NOT_RUN,0.0,0.0
3,select_240/aten.select.int/Gather,Gather,unknown_f32,NOT_RUN,0.0,0.0
3,select_241/aten.select.int/Gather,Gather,unknown_f32,NOT_RUN,0.0,0.0
3,select_242/aten.select.int/Gather,Gather,unknown_f32,NOT_RUN,0.0,0.0
3,select_243/aten.select.int/Gather,Gather,unknown_f32,NOT_RUN,0.0,0.0
3,select_244/aten.select.int/Gather,Gather,unknown_f32,NOT_RUN,0.0,0.0
3,select_245/aten.select.int/Gather,Gather,unknown_f32,NOT_RUN,0.0,0.0
3,select_246/aten.select.int/Gather,Gather,unknown_f32,NOT_RUN,0.0,0.0
3,select_247/aten.select.int/Gather,Gather,unknown_f32,NOT_RUN,0.0,0.0
3,select_248/aten.select.int/Gather,Gather,unknown_f32,NOT_RUN,0.0,0.0
3,select_249/aten.select.int/Gather,Gather,unknown_f32,NOT_RUN,0.0,0.0
3,select_250/aten.select.int/Gather,Gather,unknown_f32,NOT_RUN,0.0,0.0
3,select_251/aten.select.int/Gather,Gather,unknown_f32,NOT_RUN,0.0,0.0
3,select_252/aten.select.int/Gather,Gather,unknown_f32,NOT_RUN,0.0,0.0
3,select_253/aten.select.int/Gather,Gather,unknown_f32,NOT_RUN,0.0,0.0
3,select_254/aten.select.int/Gather,Gather,unknown_f32,NOT_RUN,0.0,0.0
3,select_255/aten.select.int/Gather,Gather,unknown_f32,NOT_RUN,0.0,0.0
3,select_256/aten.select.int/Gather,Gather,unknown_f32,NOT_RUN,0.0,0.0
3,select_257/aten.select.int/Gather,Gather,unknown_f32,NOT_RUN,0.0,0.0
3,select_258/aten.select.int/Gather,Gather,unknown_f32,NOT_RUN,0.0,0.0
3,select_259/aten.select.int/Gather,Gather,unknown_f32,NOT_RUN,0.0,0.0
3,select_260/aten.select.int/Gather,Gather,unknown_f32,NOT_RUN,0.0,0.0
3,select_261/aten.select.int/Gather,Gather,unknown_f32,NOT_RUN,0.0,0.0
3,select_262/aten.select.int/Gather,Gather,unknown_f32,NOT_RUN,0.0,0.0
3,select_263/aten.select.int/Gather,Gather,unknown_f32,NOT_RUN,0.0,0.0
3,select_264/aten.select.int/Gather,Gather,unknown_f32,NOT_RUN,0.0,0.0
3,select_265/aten.select.int/Gather,Gather,unknown_f32,NOT_RUN,0.0,0.0
3,select_266/aten.select.int/Gather,Gather,unknown_f32,NOT_RUN,0.0,0.0
3,select_267/aten.select.int/Gather,Gather,unknown_f32,NOT_RUN,0.0,0.0
3,select_268/aten.select.int/Gather,Gather,unknown_f32,NOT_RUN,0.0,0.0
3,select_269/aten.select.int/Gather,Gather,unknown_f32,NOT_RUN,0.0,0.0
3,select_270/aten.select.int/Gather,Gather,unknown_f32,NOT_RUN,0.0,0.0
3,select_271/aten.select.int/Gather,Gather,unknown_f32,NOT_RUN,0.0,0.0
3,select_272/aten.select.int/Gather,Gather,unknown_f32,NOT_RUN,0.0,0.0
3,select_273/aten.select.int/Gather,Gather,unknown_f32,NOT_RUN,0.0,0.0
3,select_274/aten.select.int/Gather,Gather,unknown_f32,NOT_RUN,0.0,0.0
3,select_275/aten.select.int/Gather,Gather,unknown_f32,NOT_RUN,0.0,0.0
3,select_276/aten.select.int/Gather,Gather,unknown_f32,NOT_RUN,0.0,0.0
3,select_277/aten.select.int/Gather,Gather,unknown_f32,NOT_RUN,0.0,0.0
3,select_278/aten.select.int/Gather,Gather,unknown_f32,NOT_RUN,0.0,0.0
3,select_279/aten.select.int/Gather,Gather,unknown_f32,NOT_RUN,0.0,0.0
3,select_280/aten.select.int/Gather,Gather,unknown_f32,NOT_RUN,0.0,0.0
3,select_281/aten.select.int/Gather,Gather,unknown_f32,NOT_RUN,0.0,0.0
3,select_282/aten.select.int/Gather,Gather,unknown_f32,NOT_RUN,0.0,0.0
3,select_283/aten.select.int/Gather,Gather,unknown_f32,NOT_RUN,0.0,0.0
3,select_284/aten.select.int/Gather,Gather,unknown_f32,NOT_RUN,0.0,0.0
3,select_285/aten.select.int/Gather,Gather,unknown_f32,NOT_RUN,0.0,0.0
3,select_286/aten.select.int/Gather,Gather,unknown_f32,NOT_RUN,0.0,0.0
3,select_287/aten.select.int/Gather,Gather,unknown_f32,NOT_RUN,0.0,0.0
3,select_288/aten.select.int/Gather,Gather,unknown_f32,NOT_RUN,0.0,0.0
3,select_289/aten.select.int/Gather,Gather,unknown_f32,NOT_RUN,0.0,0.0
3,select_290/aten.select.int/Gather,Gather,unknown_f32,NOT_RUN,0.0,0.0
3,select_291/aten.select.int/Gather,Gather,unknown_f32,NOT_RUN,0.0,0.0
3,select_292/aten.select.int/Gather,Gather,unknown_f32,NOT_RUN,0.0,0.0
3,select_293/aten.select.int/Gather,Gather,unknown_f32,NOT_RUN,0.0,0.0
3,select_294/aten.select.int/Gather,Gather,unknown_f32,NOT_RUN,0.0,0.0
3,select_295/aten.select.int/Gather,Gather,unknown_f32,NOT_RUN,0.0,0.0
3,select_296/aten.select.int/Gather,Gather,unknown_f32,NOT_RUN,0.0,0.0
3,select_297/aten.select.int/Gather,Gather,unknown_f32,NOT_RUN,0.0,0.0
3,select_298/aten.select.int/Gather,Gather,unknown_f32,NOT_RUN,0.0,0.0
3,select_299/aten.select.int/Gather,Gather,unknown_f32,NOT_RUN,0.0,0.0
3,select_300/aten.select.int/Gather,Gather,unknown_f32,NOT_RUN,0.0,0.0
3,select_301/aten.select.int/Gather,Gather,unknown_f32,NOT_RUN,0.0,0.0
3,select_302/aten.select.int/Gather,Gather,unknown_f32,NOT_RUN,0.0,0.0
3,select_303/aten.select.int/Gather,Gather,unknown_f32,NOT_RUN,0.0,0.0
3,select_304/aten.select.int/Gather,Gather,unknown_f32,NOT_RUN,0.0,0.0
3,cat_3/aten.cat.default/Concat,Concat,ref_f32,EXECUTED,0.07200000000000001,0.07200000000000001
3,view_84/aten.view.default/Reshape,Reshape,unknown_f32,NOT_RUN,0.0,0.0
3,add_50/aten.add.Tensor/Add,Subgraph,jit_avx2_f32,EXECUTED,0.024,0.024
3,linear_2/aten.linear.default/Add,FullyConnected,brgemm_avx2_f32,EXECUTED,0.35100000000000003,0.35100000000000003
3,Multiply_13576,Multiply,undef,NOT_RUN,0.0,0.0
3,view_86/aten.view.default/Reshape,Reshape,unknown_f32,NOT_RUN,0.0,0.0
3,permute_3/aten.permute.default/Transpose,Transpose,unknown_f32,EXECUTED,0.018000000000000002,0.018000000000000002
3,linear_3/aten.linear.default/Add,FullyConnected,gemm_mlas_f32,EXECUTED,0.337,0.337
3,view_87/aten.view.default/Reshape,Reshape,unknown_f32,NOT_RUN,0.0,0.0
3,Transpose_12104,Transpose,unknown_f32,EXECUTED,0.044,0.044
3,linear_4/aten.linear.default/Add,FullyConnected,gemm_mlas_f32,EXECUTED,0.32699999999999996,0.32699999999999996
3,view_88/aten.view.default/Reshape,Reshape,unknown_f32,NOT_RUN,0.0,0.0
3,permute_5/aten.permute.default/Transpose,Transpose,unknown_f32,EXECUTED,0.014,0.014
3,bmm_1/aten.bmm.default/MatMul,Subgraph,jit_avx2_f32,EXECUTED,0.447,0.447
3,permute_7/aten.permute.default/Transpose,Transpose,unknown_f32,EXECUTED,0.031,0.031
3,view_89/aten.view.default/Reshape,Reshape,unknown_f32,NOT_RUN,0.0,0.0
3,linear_5/aten.linear.default/Add,FullyConnected,gemm_mlas_f32,EXECUTED,0.381,0.381
3,view_90/aten.view.default/Reshape,Reshape,unknown_f32,NOT_RUN,0.0,0.0
3,add_51/aten.add.Tensor/Add,Subgraph,jit_avx2_f32,EXECUTED,0.020999999999999998,0.020999999999999998
3,native_layer_norm/aten.native_layer_norm.default/MVN,MVN,jit_avx2_f32,EXECUTED,0.019,0.019
3,native_layer_norm/aten.native_layer_norm.default/Add,Subgraph,jit_avx2_f32,EXECUTED,0.017,0.017
3,linear_6/aten.linear.default/Add,FullyConnected,brgemm_avx2_f32,EXECUTED,1.379,1.379
3,relu_17/aten.relu.default/Relu,Relu,undef,NOT_RUN,0.0,0.0
3,linear_7/aten.linear.default/Add,FullyConnected,gemm_mlas_f32,EXECUTED,1.49,1.49
3,add_52/aten.add.Tensor/Add,Subgraph,jit_avx2_f32,EXECUTED,0.025,0.025
3,native_layer_norm_1/aten.native_layer_norm.default/MVN,MVN,jit_avx2_f32,EXECUTED,0.017,0.017
3,add_53/aten.add.Tensor/Add,Subgraph,jit_avx2_f32,EXECUTED,0.028,0.028
3,linear_8/aten.linear.default/Add,FullyConnected,brgemm_avx2_f32,EXECUTED,0.29300000000000004,0.29300000000000004
3,Multiply_13578,Multiply,undef,NOT_RUN,0.0,0.0
3,view_92/aten.view.default/Reshape,Reshape,unknown_f32,NOT_RUN,0.0,0.0
3,permute_8/aten.permute.default/Transpose,Transpose,unknown_f32,EXECUTED,0.02,0.02
3,linear_9/aten.linear.default/Add,FullyConnected,gemm_mlas_f32,EXECUTED,0.27099999999999996,0.27099999999999996
3,view_93/aten.view.default/Reshape,Reshape,unknown_f32,NOT_RUN,0.0,0.0
3,Transpose_12133,Transpose,unknown_f32,EXECUTED,0.041999999999999996,0.041999999999999996
3,linear_10/aten.linear.default/Add,FullyConnected,gemm_mlas_f32,EXECUTED,0.279,0.279
3,view_94/aten.view.default/Reshape,Reshape,unknown_f32,NOT_RUN,0.0,0.0
3,permute_10/aten.permute.default/Transpose,Transpose,unknown_f32,EXECUTED,0.013,0.013
3,bmm_3/aten.bmm.default/MatMul,Subgraph,jit_avx2_f32,EXECUTED,0.39,0.39
3,permute_12/aten.permute.default/Transpose,Transpose,unknown_f32,EXECUTED,0.02,0.02
3,view_95/aten.view.default/Reshape,Reshape,unknown_f32,NOT_RUN,0.0,0.0
3,linear_11/aten.linear.default/Add,FullyConnected,gemm_mlas_f32,EXECUTED,0.3,0.3
3,view_96/aten.view.default/Reshape,Reshape,unknown_f32,NOT_RUN,0.0,0.0
3,add_54/aten.add.Tensor/Add,Subgraph,jit_avx2_f32,EXECUTED,0.016,0.016
3,native_layer_norm_2/aten.native_layer_norm.default/MVN,MVN,jit_avx2_f32,EXECUTED,0.014,0.014
3,native_layer_norm_2/aten.native_layer_norm.default/Add,Subgraph,jit_avx2_f32,EXECUTED,0.006,0.006
3,linear_12/aten.linear.default/Add,FullyConnected,brgemm_avx2_f32,EXECUTED,1.288,1.288
3,relu_18/aten.relu.default/Relu,Relu,undef,NOT_RUN,0.0,0.0
3,linear_13/aten.linear.default/Add,FullyConnected,gemm_mlas_f32,EXECUTED,1.395,1.395
3,add_55/aten.add.Tensor/Add,Subgraph,jit_avx2_f32,EXECUTED,0.025,0.025
3,native_layer_norm_3/aten.native_layer_norm.default/MVN,MVN,jit_avx2_f32,EXECUTED,0.019,0.019
3,add_56/aten.add.Tensor/Add,Subgraph,jit_avx2_f32,EXECUTED,0.029,0.029
3,linear_14/aten.linear.default/Add,FullyConnected,brgemm_avx2_f32,EXECUTED,0.294,0.294
3,Multiply_13580,Multiply,undef,NOT_RUN,0.0,0.0
3,view_98/aten.view.default/Reshape,Reshape,unknown_f32,NOT_RUN,0.0,0.0
3,permute_13/aten.permute.default/Transpose,Transpose,unknown_f32,EXECUTED,0.019,0.019
3,linear_15/aten.linear.default/Add,FullyConnected,gemm_mlas_f32,EXECUTED,0.34400000000000003,0.34400000000000003
3,view_99/aten.view.default/Reshape,Reshape,unknown_f32,NOT_RUN,0.0,0.0
3,Transpose_12162,Transpose,unknown_f32,EXECUTED,0.052,0.052
3,linear_16/aten.linear.default/Add,FullyConnected,gemm_mlas_f32,EXECUTED,0.285,0.285
3,view_100/aten.view.default/Reshape,Reshape,unknown_f32,NOT_RUN,0.0,0.0
3,permute_15/aten.permute.default/Transpose,Transpose,unknown_f32,EXECUTED,0.014,0.014
3,bmm_5/aten.bmm.default/MatMul,Subgraph,jit_avx2_f32,EXECUTED,0.462,0.462
3,permute_17/aten.permute.default/Transpose,Transpose,unknown_f32,EXECUTED,0.025,0.025
3,view_101/aten.view.default/Reshape,Reshape,unknown_f32,NOT_RUN,0.0,0.0
3,linear_17/aten.linear.default/Add,FullyConnected,gemm_mlas_f32,EXECUTED,0.365,0.365
3,view_102/aten.view.default/Reshape,Reshape,unknown_f32,NOT_RUN,0.0,0.0
3,add_57/aten.add.Tensor/Add,Subgraph,jit_avx2_f32,EXECUTED,0.020999999999999998,0.020999999999999998
3,native_layer_norm_4/aten.native_layer_norm.default/MVN,MVN,jit_avx2_f32,EXECUTED,0.015000000000000001,0.015000000000000001
3,native_layer_norm_4/aten.native_layer_norm.default/Add,Subgraph,jit_avx2_f32,EXECUTED,0.012,0.012
3,linear_18/aten.linear.default/Add,FullyConnected,brgemm_avx2_f32,EXECUTED,1.3619999999999999,1.3619999999999999
3,relu_19/aten.relu.default/Relu,Relu,undef,NOT_RUN,0.0,0.0
3,linear_19/aten.linear.default/Add,FullyConnected,gemm_mlas_f32,EXECUTED,1.375,1.375
3,add_58/aten.add.Tensor/Add,Subgraph,jit_avx2_f32,EXECUTED,0.022,0.022
3,native_layer_norm_5/aten.native_layer_norm.default/MVN,MVN,jit_avx2_f32,EXECUTED,0.023,0.023
3,add_59/aten.add.Tensor/Add,Subgraph,jit_avx2_f32,EXECUTED,0.026,0.026
3,linear_20/aten.linear.default/Add,FullyConnected,brgemm_avx2_f32,EXECUTED,0.27399999999999997,0.27399999999999997
3,Multiply_13582,Multiply,undef,NOT_RUN,0.0,0.0
3,view_104/aten.view.default/Reshape,Reshape,unknown_f32,NOT_RUN,0.0,0.0
3,permute_18/aten.permute.default/Transpose,Transpose,unknown_f32,EXECUTED,0.015000000000000001,0.015000000000000001
3,linear_21/aten.linear.default/Add,FullyConnected,gemm_mlas_f32,EXECUTED,0.279,0.279
3,view_105/aten.view.default/Reshape,Reshape,unknown_f32,NOT_RUN,0.0,0.0
3,Transpose_12191,Transpose,unknown_f32,EXECUTED,0.038,0.038
3,linear_22/aten.linear.default/Add,FullyConnected,gemm_mlas_f32,EXECUTED,0.247,0.247
3,view_106/aten.view.default/Reshape,Reshape,unknown_f32,NOT_RUN,0.0,0.0
3,permute_20/aten.permute.default/Transpose,Transpose,unknown_f32,EXECUTED,0.01,0.01
3,bmm_7/aten.bmm.default/MatMul,Subgraph,jit_avx2_f32,EXECUTED,0.376,0.376
3,permute_22/aten.permute.default/Transpose,Transpose,unknown_f32,EXECUTED,0.018000000000000002,0.018000000000000002
3,view_107/aten.view.default/Reshape,Reshape,unknown_f32,NOT_RUN,0.0,0.0
3,linear_23/aten.linear.default/Add,FullyConnected,gemm_mlas_f32,EXECUTED,0.317,0.317
3,view_108/aten.view.default/Reshape,Reshape,unknown_f32,NOT_RUN,0.0,0.0
3,add_60/aten.add.Tensor/Add,Subgraph,jit_avx2_f32,EXECUTED,0.016,0.016
3,native_layer_norm_6/aten.native_layer_norm.default/MVN,MVN,jit_avx2_f32,EXECUTED,0.017,0.017
3,native_layer_norm_6/aten.native_layer_norm.default/Add,Subgraph,jit_avx2_f32,EXECUTED,0.007,0.007
3,linear_24/aten.linear.default/Add,FullyConnected,brgemm_avx2_f32,EXECUTED,1.333,1.333
3,relu_20/aten.relu.default/Relu,Relu,undef,NOT_RUN,0.0,0.0
3,linear_25/aten.linear.default/Add,FullyConnected,gemm_mlas_f32,EXECUTED,1.406,1.406
3,add_61/aten.add.Tensor/Add,Subgraph,jit_avx2_f32,EXECUTED,0.025,0.025
3,native_layer_norm_7/aten.native_layer_norm.default/MVN,MVN,jit_avx2_f32,EXECUTED,0.018000000000000002,0.018000000000000002
3,add_65/aten.add.Tensor/Add,Subgraph,jit_avx2_f32,EXECUTED,0.022,0.022
3,linear_31/aten.linear.default/Add,FullyConnected,gemm_mlas_f32,EXECUTED,0.298,0.298
3,view_117/aten.view.default/Reshape,Reshape,unknown_f32,NOT_RUN,0.0,0.0
3,Transpose_12220,Transpose,unknown_f32,EXECUTED,0.05,0.05
3,linear_32/aten.linear.default/Add,FullyConnected,gemm_mlas_f32,EXECUTED,0.304,0.304
3,view_118/aten.view.default/Reshape,Reshape,unknown_f32,NOT_RUN,0.0,0.0
3,permute_30/aten.permute.default/Transpose,Transpose,unknown_f32,EXECUTED,0.011,0.011
3,bmm_11/aten.bmm.default/MatMul,Subgraph,jit_avx2_f32,EXECUTED,0.221,0.221
3,permute_32/aten.permute.default/Transpose,Transpose,unknown_f32,EXECUTED,0.008,0.008
3,view_119/aten.view.default/Reshape,Reshape,unknown_f32,NOT_RUN,0.0,0.0
3,linear_33/aten.linear.default/Add,FullyConnected,gemm_mlas_f32,EXECUTED,0.14100000000000001,0.14100000000000001
3,view_120/aten.view.default/Reshape,Reshape,unknown_f32,NOT_RUN,0.0,0.0
3,add_66/aten.add.Tensor/Add,Subgraph,jit_avx2_f32,EXECUTED,0.013,0.013
3,native_layer_norm_9/aten.native_layer_norm.default/MVN,MVN,jit_avx2_f32,EXECUTED,0.006,0.006
3,native_layer_norm_9/aten.native_layer_norm.default/Add,Subgraph,jit_avx2_f32,EXECUTED,0.005,0.005
3,linear_34/aten.linear.default/Add,FullyConnected,brgemm_avx2_f32,EXECUTED,0.517,0.517
3,relu_21/aten.relu.default/Relu,Relu,undef,NOT_RUN,0.0,0.0
3,linear_35/aten.linear.default/Add,FullyConnected,gemm_mlas_f32,EXECUTED,0.603,0.603
3,add_67/aten.add.Tensor/Add,Subgraph,jit_avx2_f32,EXECUTED,0.012,0.012
3,native_layer_norm_10/aten.native_layer_norm.default/MVN,MVN,jit_avx2_f32,EXECUTED,0.009000000000000001,0.009000000000000001
3,native_layer_norm_10/aten.native_layer_norm.default/Add,Subgraph,jit_avx2_f32,EXECUTED,0.004,0.004
3,native_layer_norm_11/aten.native_layer_norm.default/MVN,MVN,jit_avx2_f32,EXECUTED,0.006,0.006
3,native_layer_norm_11/aten.native_layer_norm.default/Add,Subgraph,jit_avx2_f32,EXECUTED,0.003,0.003
3,permute_33/aten.permute.default/Transpose,Reshape,unknown_f32,NOT_RUN,0.0,0.0
3,linear_36/aten.linear.default/Add,FullyConnected,gemm_mlas_f32,EXECUTED,0.015000000000000001,0.015000000000000001
3,Result_6085,Result,unknown_f32,NOT_RUN,0.0,0.0
4,state,Parameter,unknown_f32,NOT_RUN,0.0,0.0
4,linear_1/aten.linear.default/Add,FullyConnected,gemm_mlas_f32,EXECUTED,0.079,0.079
4,wrist_image,Parameter,unknown_f32,NOT_RUN,0.0,0.0
4,wrist_image_abcd_acdb_mul_2/aten.mul.Tensor/Multiply,Reorder,jit_uni_f32,EXECUTED,0.237,0.237
4,mul_2/aten.mul.Tensor/Multiply,Convolution,brgconv_avx2_f32,EXECUTED,2.0439999999999996,2.0439999999999996
4,relu/aten.relu.default/Relu,Relu,undef,NOT_RUN,0.0,0.0
4,max_pool2d_with_indices/aten.max_pool2d_with_indices.default/MaxPool,MaxPool,jit_avx2_f32,EXECUTED,0.333,0.333
4,mul_5/aten.mul.Tensor/Multiply,Convolution,brgconv_avx2_f32,EXECUTED,1.9269999999999998,1.9269999999999998
4,relu_1/aten.relu.default/Relu,Relu,undef,NOT_RUN,0.0,0.0
4,mul_8/aten.mul.Tensor/Multiply,Convolution,brgconv_avx2_f32,EXECUTED,1.9009999999999998,1.9009999999999998
4,add_6/aten.add.Tensor/Add,Add,undef,NOT_RUN,0.0,0.0
4,relu_2/aten.relu.default/Relu,Relu,undef,NOT_RUN,0.0,0.0
4,mul_11/aten.mul.Tensor/Multiply,Convolution,brgconv_avx2_f32,EXECUTED,2.048,2.048
4,relu_3/aten.relu.default/Relu,Relu,undef,NOT_RUN,0.0,0.0
4,mul_14/aten.mul.Tensor/Multiply,Convolution,brgconv_avx2_f32,EXECUTED,1.99,1.99
4,add_11/aten.add.Tensor/Add,Add,undef,NOT_RUN,0.0,0.0
4,relu_4/aten.relu.default/Relu,Relu,undef,NOT_RUN,0.0,0.0
4,mul_17/aten.mul.Tensor/Multiply,Convolution,brgconv_avx2_f32,EXECUTED,1.087,1.087
4,relu_5/aten.relu.default/Relu,Relu,undef,NOT_RUN,0.0,0.0
4,mul_23/aten.mul.Tensor/Multiply,Convolution,brgconv_avx2_1x1_f32,EXECUTED,0.207,0.207
4,mul_20/aten.mul.Tensor/Multiply,Convolution,brgconv_avx2_f32,EXECUTED,1.831,1.831
4,add_18/aten.add.Tensor/Add,Add,undef,NOT_RUN,0.0,0.0
4,relu_6/aten.relu.default/Relu,Relu,undef,NOT_RUN,0.0,0.0
4,mul_26/aten.mul.Tensor/Multiply,Convolution,brgconv_avx2_f32,EXECUTED,1.8259999999999998,1.8259999999999998
4,relu_7/aten.relu.default/Relu,Relu,undef,NOT_RUN,0.0,0.0
4,mul_29/aten.mul.Tensor/Multiply,Convolution,brgconv_avx2_f32,EXECUTED,1.873,1.873
4,add_23/aten.add.Tensor/Add,Add,undef,NOT_RUN,0.0,0.0
4,relu_8/aten.relu.default/Relu,Relu,undef,NOT_RUN,0.0,0.0
4,mul_32/aten.mul.Tensor/Multiply,Convolution,brgconv_avx2_f32,EXECUTED,1.018,1.018
4,relu_9/aten.relu.default/Relu,Relu,undef,NOT_RUN,0.0,0.0
4,mul_38/aten.mul.Tensor/Multiply,Convolution,brgconv_avx2_1x1_f32,EXECUTED,0.22599999999999998,0.22599999999999998
4,mul_35/aten.mul.Tensor/Multiply,Convolution,brgconv_avx2_f32,EXECUTED,1.827,1.827
4,add_30/aten.add.Tensor/Add,Add,undef,NOT_RUN,0.0,0.0
4,relu_10/aten.relu.default/Relu,Relu,undef,NOT_RUN,0.0,0.0
4,mul_41/aten.mul.Tensor/Multiply,Convolution,brgconv_avx2_f32,EXECUTED,1.839,1.839
4,relu_11/aten.relu.default/Relu,Relu,undef,NOT_RUN,0.0,0.0
4,mul_44/aten.mul.Tensor/Multiply,Convolution,brgconv_avx2_f32,EXECUTED,1.9040000000000001,1.9040000000000001
4,add_35/aten.add.Tensor/Add,Add,undef,NOT_RUN,0.0,0.0
4,relu_12/aten.relu.default/Relu,Relu,undef,NOT_RUN,0.0,0.0
4,mul_47/aten.mul.Tensor/Multiply,Convolution,brgconv_avx2_f32,EXECUTED,1.056,1.056
4,relu_13/aten.relu.default/Relu,Relu,undef,NOT_RUN,0.0,0.0
4,mul_53/aten.mul.Tensor/Multiply,Convolution,brgconv_avx2_1x1_f32,EXECUTED,0.265,0.265
4,mul_50/aten.mul.Tensor/Multiply,Convolution,brgconv_avx2_f32,EXECUTED,1.807,1.807
4,add_42/aten.add.Tensor/Add,Add,undef,NOT_RUN,0.0,0.0
4,relu_14/aten.relu.default/Relu,Relu,undef,NOT_RUN,0.0,0.0
4,mul_56/aten.mul.Tensor/Multiply,Convolution,brgconv_avx2_f32,EXECUTED,1.839,1.839
4,relu_15/aten.relu.default/Relu,Relu,undef,NOT_RUN,0.0,0.0
4,mul_59/aten.mul.Tensor/Multiply,Convolution,brgconv_avx2_f32,EXECUTED,1.85,1.85
4,add_47/aten.add.Tensor/Add,Add,undef,NOT_RUN,0.0,0.0
4,relu_16/aten.relu.default/Relu,Relu,undef,NOT_RUN,0.0,0.0
4,convolution_20/aten.convolution.default/Convolution,Convolution,brgconv_avx2_1x1_f32,EXECUTED,0.38499999999999995,0.38499999999999995
4,permute_1/aten.permute.default/Transpose,Transpose,unknown_f32,EXECUTED,0.038,0.038
4,permute_1/aten.permute.default/Transpose_acdb_abcd_view_82/aten.view.default/Reshape,Reorder,reorder_f32,EXECUTED,0.026,0.026
4,view_82/aten.view.default/Reshape,Reshape,unknown_f32,NOT_RUN,0.0,0.0
4,select_5/aten.select.int/Gather,Gather,unknown_f32,NOT_RUN,0.0,0.0
4,select_6/aten.select.int/Gather,Gather,unknown_f32,NOT_RUN,0.0,0.0
4,select_7/aten.select.int/Gather,Gather,unknown_f32,NOT_RUN,0.0,0.0
4,select_8/aten.select.int/Gather,Gather,unknown_f32,NOT_RUN,0.0,0.0
4,select_9/aten.select.int/Gather,Gather,unknown_f32,NOT_RUN,0.0,0.0
4,select_10/aten.select.int/Gather,Gather,unknown_f32,NOT_RUN,0.0,0.0
4,select_11/aten.select.int/Gather,Gather,unknown_f32,NOT_RUN,0.0,0.0
4,select_12/aten.select.int/Gather,Gather,unknown_f32,NOT_RUN,0.0,0.0
4,select_13/aten.select.int/Gather,Gather,unknown_f32,NOT_RUN,0.0,0.0
4,select_14/aten.select.int/Gather,Gather,unknown_f32,NOT_RUN,0.0,0.0
4,select_15/aten.select.int/Gather,Gather,unknown_f32,NOT_RUN,0.0,0.0
4,select_16/aten.select.int/Gather,Gather,unknown_f32,NOT_RUN,0.0,0.0
4,select_17/aten.select.int/Gather,Gather,unknown_f32,NOT_RUN,0.0,0.0
4,select_18/aten.select.int/Gather,Gather,unknown_f32,NOT_RUN,0.0,0.0
4,select_19/aten.select.int/Gather,Gather,unknown_f32,NOT_RUN,0.0,0.0
4,select_20/aten.select.int/Gather,Gather,unknown_f32,NOT_RUN,0.0,0.0
4,select_21/aten.select.int/Gather,Gather,unknown_f32,NOT_RUN,0.0,0.0
4,select_22/aten.select.int/Gather,Gather,unknown_f32,NOT_RUN,0.0,0.0
4,select_23/aten.select.int/Gather,Gather,unknown_f32,NOT_RUN,0.0,0.0
4,select_24/aten.select.int/Gather,Gather,unknown_f32,NOT_RUN,0.0,0.0
4,select_25/aten.select.int/Gather,Gather,unknown_f32,NOT_RUN,0.0,0.0
4,select_26/aten.select.int/Gather,Gather,unknown_f32,NOT_RUN,0.0,0.0
4,select_27/aten.select.int/Gather,Gather,unknown_f32,NOT_RUN,0.0,0.0
4,select_28/aten.select.int/Gather,Gather,unknown_f32,NOT_RUN,0.0,0.0
4,select_29/aten.select.int/Gather,Gather,unknown_f32,NOT_RUN,0.0,0.0
4,select_30/aten.select.int/Gather,Gather,unknown_f32,NOT_RUN,0.0,0.0
4,select_31/aten.select.int/Gather,Gather,unknown_f32,NOT_RUN,0.0,0.0
4,select_32/aten.select.int/Gather,Gather,unknown_f32,NOT_RUN,0.0,0.0
4,select_33/aten.select.int/Gather,Gather,unknown_f32,NOT_RUN,0.0,0.0
4,select_34/aten.select.int/Gather,Gather,unknown_f32,NOT_RUN,0.0,0.0
4,select_35/aten.select.int/Gather,Gather,unknown_f32,NOT_RUN,0.0,0.0
4,select_36/aten.select.int/Gather,Gather,unknown_f32,NOT_RUN,0.0,0.0
4,select_37/aten.select.int/Gather,Gather,unknown_f32,NOT_RUN,0.0,0.0
4,select_38/aten.select.int/Gather,Gather,unknown_f32,NOT_RUN,0.0,0.0
4,select_39/aten.select.int/Gather,Gather,unknown_f32,NOT_RUN,0.0,0.0
4,select_40/aten.select.int/Gather,Gather,unknown_f32,NOT_RUN,0.0,0.0
4,select_41/aten.select.int/Gather,Gather,unknown_f32,NOT_RUN,0.0,0.0
4,select_42/aten.select.int/Gather,Gather,unknown_f32,NOT_RUN,0.0,0.0
4,select_43/aten.select.int/Gather,Gather,unknown_f32,NOT_RUN,0.0,0.0
4,select_44/aten.select.int/Gather,Gather,unknown_f32,NOT_RUN,0.0,0.0
4,select_45/aten.select.int/Gather,Gather,unknown_f32,NOT_RUN,0.0,0.0
4,select_46/aten.select.int/Gather,Gather,unknown_f32,NOT_RUN,0.0,0.0
4,select_47/aten.select.int/Gather,Gather,unknown_f32,NOT_RUN,0.0,0.0
4,select_48/aten.select.int/Gather,Gather,unknown_f32,NOT_RUN,0.0,0.0
4,select_49/aten.select.int/Gather,Gather,unknown_f32,NOT_RUN,0.0,0.0
4,select_50/aten.select.int/Gather,Gather,unknown_f32,NOT_RUN,0.0,0.0
4,select_51/aten.select.int/Gather,Gather,unknown_f32,NOT_RUN,0.0,0.0
4,select_52/aten.select.int/Gather,Gather,unknown_f32,NOT_RUN,0.0,0.0
4,select_53/aten.select.int/Gather,Gather,unknown_f32,NOT_RUN,0.0,0.0
4,select_54/aten.select.int/Gather,Gather,unknown_f32,NOT_RUN,0.0,0.0
4,select_55/aten.select.int/Gather,Gather,unknown_f32,NOT_RUN,0.0,0.0
4,select_56/aten.select.int/Gather,Gather,unknown_f32,NOT_RUN,0.0,0.0
4,select_57/aten.select.int/Gather,Gather,unknown_f32,NOT_RUN,0.0,0.0
4,select_58/aten.select.int/Gather,Gather,unknown_f32,NOT_RUN,0.0,0.0
4,select_59/aten.select.int/Gather,Gather,unknown_f32,NOT_RUN,0.0,0.0
4,select_60/aten.select.int/Gather,Gather,unknown_f32,NOT_RUN,0.0,0.0
4,select_61/aten.select.int/Gather,Gather,unknown_f32,NOT_RUN,0.0,0.0
4,select_62/aten.select.int/Gather,Gather,unknown_f32,NOT_RUN,0.0,0.0
4,select_63/aten.select.int/Gather,Gather,unknown_f32,NOT_RUN,0.0,0.0
4,select_64/aten.select.int/Gather,Gather,unknown_f32,NOT_RUN,0.0,0.0
4,select_65/aten.select.int/Gather,Gather,unknown_f32,NOT_RUN,0.0,0.0
4,select_66/aten.select.int/Gather,Gather,unknown_f32,NOT_RUN,0.0,0.0
4,select_67/aten.select.int/Gather,Gather,unknown_f32,NOT_RUN,0.0,0.0
4,select_68/aten.select.int/Gather,Gather,unknown_f32,NOT_RUN,0.0,0.0
4,select_69/aten.select.int/Gather,Gather,unknown_f32,NOT_RUN,0.0,0.0
4,select_70/aten.select.int/Gather,Gather,unknown_f32,NOT_RUN,0.0,0.0
4,select_71/aten.select.int/Gather,Gather,unknown_f32,NOT_RUN,0.0,0.0
4,select_72/aten.select.int/Gather,Gather,unknown_f32,NOT_RUN,0.0,0.0
4,select_73/aten.select.int/Gather,Gather,unknown_f32,NOT_RUN,0.0,0.0
4,select_74/aten.select.int/Gather,Gather,unknown_f32,NOT_RUN,0.0,0.0
4,select_75/aten.select.int/Gather,Gather,unknown_f32,NOT_RUN,0.0,0.0
4,select_76/aten.select.int/Gather,Gather,unknown_f32,NOT_RUN,0.0,0.0
4,select_77/aten.select.int/Gather,Gather,unknown_f32,NOT_RUN,0.0,0.0
4,select_78/aten.select.int/Gather,Gather,unknown_f32,NOT_RUN,0.0,0.0
4,select_79/aten.select.int/Gather,Gather,unknown_f32,NOT_RUN,0.0,0.0
4,select_80/aten.select.int/Gather,Gather,unknown_f32,NOT_RUN,0.0,0.0
4,select_81/aten.select.int/Gather,Gather,unknown_f32,NOT_RUN,0.0,0.0
4,select_82/aten.select.int/Gather,Gather,unknown_f32,NOT_RUN,0.0,0.0
4,select_83/aten.select.int/Gather,Gather,unknown_f32,NOT_RUN,0.0,0.0
4,select_84/aten.select.int/Gather,Gather,unknown_f32,NOT_RUN,0.0,0.0
4,select_85/aten.select.int/Gather,Gather,unknown_f32,NOT_RUN,0.0,0.0
4,select_86/aten.select.int/Gather,Gather,unknown_f32,NOT_RUN,0.0,0.0
4,select_87/aten.select.int/Gather,Gather,unknown_f32,NOT_RUN,0.0,0.0
4,select_88/aten.select.int/Gather,Gather,unknown_f32,NOT_RUN,0.0,0.0
4,select_89/aten.select.int/Gather,Gather,unknown_f32,NOT_RUN,0.0,0.0
4,select_90/aten.select.int/Gather,Gather,unknown_f32,NOT_RUN,0.0,0.0
4,select_91/aten.select.int/Gather,Gather,unknown_f32,NOT_RUN,0.0,0.0
4,select_92/aten.select.int/Gather,Gather,unknown_f32,NOT_RUN,0.0,0.0
4,select_93/aten.select.int/Gather,Gather,unknown_f32,NOT_RUN,0.0,0.0
4,select_94/aten.select.int/Gather,Gather,unknown_f32,NOT_RUN,0.0,0.0
4,select_95/aten.select.int/Gather,Gather,unknown_f32,NOT_RUN,0.0,0.0
4,select_96/aten.select.int/Gather,Gather,unknown_f32,NOT_RUN,0.0,0.0
4,select_97/aten.select.int/Gather,Gather,unknown_f32,NOT_RUN,0.0,0.0
4,select_98/aten.select.int/Gather,Gather,unknown_f32,NOT_RUN,0.0,0.0
4,select_99/aten.select.int/Gather,Gather,unknown_f32,NOT_RUN,0.0,0.0
4,select_100/aten.select.int/Gather,Gather,unknown_f32,NOT_RUN,0.0,0.0
4,select_101/aten.select.int/Gather,Gather,unknown_f32,NOT_RUN,0.0,0.0
4,select_102/aten.select.int/Gather,Gather,unknown_f32,NOT_RUN,0.0,0.0
4,select_103/aten.select.int/Gather,Gather,unknown_f32,NOT_RUN,0.0,0.0
4,select_104/aten.select.int/Gather,Gather,unknown_f32,NOT_RUN,0.0,0.0
4,select_105/aten.select.int/Gather,Gather,unknown_f32,NOT_RUN,0.0,0.0
4,select_106/aten.select.int/Gather,Gather,unknown_f32,NOT_RUN,0.0,0.0
4,select_107/aten.select.int/Gather,Gather,unknown_f32,NOT_RUN,0.0,0.0
4,select_108/aten.select.int/Gather,Gather,unknown_f32,NOT_RUN,0.0,0.0
4,select_109/aten.select.int/Gather,Gather,unknown_f32,NOT_RUN,0.0,0.0
4,select_110/aten.select.int/Gather,Gather,unknown_f32,NOT_RUN,0.0,0.0
4,select_111/aten.select.int/Gather,Gather,unknown_f32,NOT_RUN,0.0,0.0
4,select_112/aten.select.int/Gather,Gather,unknown_f32,NOT_RUN,0.0,0.0
4,select_113/aten.select.int/Gather,Gather,unknown_f32,NOT_RUN,0.0,0.0
4,select_114/aten.select.int/Gather,Gather,unknown_f32,NOT_RUN,0.0,0.0
4,select_115/aten.select.int/Gather,Gather,unknown_f32,NOT_RUN,0.0,0.0
4,select_116/aten.select.int/Gather,Gather,unknown_f32,NOT_RUN,0.0,0.0
4,select_117/aten.select.int/Gather,Gather,unknown_f32,NOT_RUN,0.0,0.0
4,select_118/aten.select.int/Gather,Gather,unknown_f32,NOT_RUN,0.0,0.0
4,select_119/aten.select.int/Gather,Gather,unknown_f32,NOT_RUN,0.0,0.0
4,select_120/aten.select.int/Gather,Gather,unknown_f32,NOT_RUN,0.0,0.0
4,select_121/aten.select.int/Gather,Gather,unknown_f32,NOT_RUN,0.0,0.0
4,select_122/aten.select.int/Gather,Gather,unknown_f32,NOT_RUN,0.0,0.0
4,select_123/aten.select.int/Gather,Gather,unknown_f32,NOT_RUN,0.0,0.0
4,select_124/aten.select.int/Gather,Gather,unknown_f32,NOT_RUN,0.0,0.0
4,select_125/aten.select.int/Gather,Gather,unknown_f32,NOT_RUN,0.0,0.0
4,select_126/aten.select.int/Gather,Gather,unknown_f32,NOT_RUN,0.0,0.0
4,select_127/aten.select.int/Gather,Gather,unknown_f32,NOT_RUN,0.0,0.0
4,select_128/aten.select.int/Gather,Gather,unknown_f32,NOT_RUN,0.0,0.0
4,select_129/aten.select.int/Gather,Gather,unknown_f32,NOT_RUN,0.0,0.0
4,select_130/aten.select.int/Gather,Gather,unknown_f32,NOT_RUN,0.0,0.0
4,select_131/aten.select.int/Gather,Gather,unknown_f32,NOT_RUN,0.0,0.0
4,select_132/aten.select.int/Gather,Gather,unknown_f32,NOT_RUN,0.0,0.0
4,select_133/aten.select.int/Gather,Gather,unknown_f32,NOT_RUN,0.0,0.0
4,select_134/aten.select.int/Gather,Gather,unknown_f32,NOT_RUN,0.0,0.0
4,select_135/aten.select.int/Gather,Gather,unknown_f32,NOT_RUN,0.0,0.0
4,select_136/aten.select.int/Gather,Gather,unknown_f32,NOT_RUN,0.0,0.0
4,select_137/aten.select.int/Gather,Gather,unknown_f32,NOT_RUN,0.0,0.0
4,select_138/aten.select.int/Gather,Gather,unknown_f32,NOT_RUN,0.0,0.0
4,select_139/aten.select.int/Gather,Gather,unknown_f32,NOT_RUN,0.0,0.0
4,select_140/aten.select.int/Gather,Gather,unknown_f32,NOT_RUN,0.0,0.0
4,select_141/aten.select.int/Gather,Gather,unknown_f32,NOT_RUN,0.0,0.0
4,select_142/aten.select.int/Gather,Gather,unknown_f32,NOT_RUN,0.0,0.0
4,select_143/aten.select.int/Gather,Gather,unknown_f32,NOT_RUN,0.0,0.0
4,select_144/aten.select.int/Gather,Gather,unknown_f32,NOT_RUN,0.0,0.0
4,select_145/aten.select.int/Gather,Gather,unknown_f32,NOT_RUN,0.0,0.0
4,select_146/aten.select.int/Gather,Gather,unknown_f32,NOT_RUN,0.0,0.0
4,select_147/aten.select.int/Gather,Gather,unknown_f32,NOT_RUN,0.0,0.0
4,select_148/aten.select.int/Gather,Gather,unknown_f32,NOT_RUN,0.0,0.0
4,select_149/aten.select.int/Gather,Gather,unknown_f32,NOT_RUN,0.0,0.0
4,select_150/aten.select.int/Gather,Gather,unknown_f32,NOT_RUN,0.0,0.0
4,select_151/aten.select.int/Gather,Gather,unknown_f32,NOT_RUN,0.0,0.0
4,select_152/aten.select.int/Gather,Gather,unknown_f32,NOT_RUN,0.0,0.0
4,select_153/aten.select.int/Gather,Gather,unknown_f32,NOT_RUN,0.0,0.0
4,select_154/aten.select.int/Gather,Gather,unknown_f32,NOT_RUN,0.0,0.0
4,select_155/aten.select.int/Gather,Gather,unknown_f32,NOT_RUN,0.0,0.0
4,select_156/aten.select.int/Gather,Gather,unknown_f32,NOT_RUN,0.0,0.0
4,select_157/aten.select.int/Gather,Gather,unknown_f32,NOT_RUN,0.0,0.0
4,select_158/aten.select.int/Gather,Gather,unknown_f32,NOT_RUN,0.0,0.0
4,select_159/aten.select.int/Gather,Gather,unknown_f32,NOT_RUN,0.0,0.0
4,select_160/aten.select.int/Gather,Gather,unknown_f32,NOT_RUN,0.0,0.0
4,select_161/aten.select.int/Gather,Gather,unknown_f32,NOT_RUN,0.0,0.0
4,select_162/aten.select.int/Gather,Gather,unknown_f32,NOT_RUN,0.0,0.0
4,select_163/aten.select.int/Gather,Gather,unknown_f32,NOT_RUN,0.0,0.0
4,select_164/aten.select.int/Gather,Gather,unknown_f32,NOT_RUN,0.0,0.0
4,select_165/aten.select.int/Gather,Gather,unknown_f32,NOT_RUN,0.0,0.0
4,select_166/aten.select.int/Gather,Gather,unknown_f32,NOT_RUN,0.0,0.0
4,select_167/aten.select.int/Gather,Gather,unknown_f32,NOT_RUN,0.0,0.0
4,select_168/aten.select.int/Gather,Gather,unknown_f32,NOT_RUN,0.0,0.0
4,select_169/aten.select.int/Gather,Gather,unknown_f32,NOT_RUN,0.0,0.0
4,select_170/aten.select.int/Gather,Gather,unknown_f32,NOT_RUN,0.0,0.0
4,select_171/aten.select.int/Gather,Gather,unknown_f32,NOT_RUN,0.0,0.0
4,select_172/aten.select.int/Gather,Gather,unknown_f32,NOT_RUN,0.0,0.0
4,select_173/aten.select.int/Gather,Gather,unknown_f32,NOT_RUN,0.0,0.0
4,select_174/aten.select.int/Gather,Gather,unknown_f32,NOT_RUN,0.0,0.0
4,select_175/aten.select.int/Gather,Gather,unknown_f32,NOT_RUN,0.0,0.0
4,select_176/aten.select.int/Gather,Gather,unknown_f32,NOT_RUN,0.0,0.0
4,select_177/aten.select.int/Gather,Gather,unknown_f32,NOT_RUN,0.0,0.0
4,select_178/aten.select.int/Gather,Gather,unknown_f32,NOT_RUN,0.0,0.0
4,select_179/aten.select.int/Gather,Gather,unknown_f32,NOT_RUN,0.0,0.0
4,select_180/aten.select.int/Gather,Gather,unknown_f32,NOT_RUN,0.0,0.0
4,select_181/aten.select.int/Gather,Gather,unknown_f32,NOT_RUN,0.0,0.0
4,select_182/aten.select.int/Gather,Gather,unknown_f32,NOT_RUN,0.0,0.0
4,select_183/aten.select.int/Gather,Gather,unknown_f32,NOT_RUN,0.0,0.0
4,select_184/aten.select.int/Gather,Gather,unknown_f32,NOT_RUN,0.0,0.0
4,select_185/aten.select.int/Gather,Gather,unknown_f32,NOT_RUN,0.0,0.0
4,select_186/aten.select.int/Gather,Gather,unknown_f32,NOT_RUN,0.0,0.0
4,select_187/aten.select.int/Gather,Gather,unknown_f32,NOT_RUN,0.0,0.0
4,select_188/aten.select.int/Gather,Gather,unknown_f32,NOT_RUN,0.0,0.0
4,select_189/aten.select.int/Gather,Gather,unknown_f32,NOT_RUN,0.0,0.0
4,select_190/aten.select.int/Gather,Gather,unknown_f32,NOT_RUN,0.0,0.0
4,select_191/aten.select.int/Gather,Gather,unknown_f32,NOT_RUN,0.0,0.0
4,select_192/aten.select.int/Gather,Gather,unknown_f32,NOT_RUN,0.0,0.0
4,select_193/aten.select.int/Gather,Gather,unknown_f32,NOT_RUN,0.0,0.0
4,select_194/aten.select.int/Gather,Gather,unknown_f32,NOT_RUN,0.0,0.0
4,select_195/aten.select.int/Gather,Gather,unknown_f32,NOT_RUN,0.0,0.0
4,select_196/aten.select.int/Gather,Gather,unknown_f32,NOT_RUN,0.0,0.0
4,select_197/aten.select.int/Gather,Gather,unknown_f32,NOT_RUN,0.0,0.0
4,select_198/aten.select.int/Gather,Gather,unknown_f32,NOT_RUN,0.0,0.0
4,select_199/aten.select.int/Gather,Gather,unknown_f32,NOT_RUN,0.0,0.0
4,select_200/aten.select.int/Gather,Gather,unknown_f32,NOT_RUN,0.0,0.0
4,select_201/aten.select.int/Gather,Gather,unknown_f32,NOT_RUN,0.0,0.0
4,select_202/aten.select.int/Gather,Gather,unknown_f32,NOT_RUN,0.0,0.0
4,select_203/aten.select.int/Gather,Gather,unknown_f32,NOT_RUN,0.0,0.0
4,select_204/aten.select.int/Gather,Gather,unknown_f32,NOT_RUN,0.0,0.0
4,select_205/aten.select.int/Gather,Gather,unknown_f32,NOT_RUN,0.0,0.0
4,select_206/aten.select.int/Gather,Gather,unknown_f32,NOT_RUN,0.0,0.0
4,select_207/aten.select.int/Gather,Gather,unknown_f32,NOT_RUN,0.0,0.0
4,select_208/aten.select.int/Gather,Gather,unknown_f32,NOT_RUN,0.0,0.0
4,select_209/aten.select.int/Gather,Gather,unknown_f32,NOT_RUN,0.0,0.0
4,select_210/aten.select.int/Gather,Gather,unknown_f32,NOT_RUN,0.0,0.0
4,select_211/aten.select.int/Gather,Gather,unknown_f32,NOT_RUN,0.0,0.0
4,select_212/aten.select.int/Gather,Gather,unknown_f32,NOT_RUN,0.0,0.0
4,select_213/aten.select.int/Gather,Gather,unknown_f32,NOT_RUN,0.0,0.0
4,select_214/aten.select.int/Gather,Gather,unknown_f32,NOT_RUN,0.0,0.0
4,select_215/aten.select.int/Gather,Gather,unknown_f32,NOT_RUN,0.0,0.0
4,select_216/aten.select.int/Gather,Gather,unknown_f32,NOT_RUN,0.0,0.0
4,select_217/aten.select.int/Gather,Gather,unknown_f32,NOT_RUN,0.0,0.0
4,select_218/aten.select.int/Gather,Gather,unknown_f32,NOT_RUN,0.0,0.0
4,select_219/aten.select.int/Gather,Gather,unknown_f32,NOT_RUN,0.0,0.0
4,select_220/aten.select.int/Gather,Gather,unknown_f32,NOT_RUN,0.0,0.0
4,select_221/aten.select.int/Gather,Gather,unknown_f32,NOT_RUN,0.0,0.0
4,select_222/aten.select.int/Gather,Gather,unknown_f32,NOT_RUN,0.0,0.0
4,select_223/aten.select.int/Gather,Gather,unknown_f32,NOT_RUN,0.0,0.0
4,select_224/aten.select.int/Gather,Gather,unknown_f32,NOT_RUN,0.0,0.0
4,select_225/aten.select.int/Gather,Gather,unknown_f32,NOT_RUN,0.0,0.0
4,select_226/aten.select.int/Gather,Gather,unknown_f32,NOT_RUN,0.0,0.0
4,select_227/aten.select.int/Gather,Gather,unknown_f32,NOT_RUN,0.0,0.0
4,select_228/aten.select.int/Gather,Gather,unknown_f32,NOT_RUN,0.0,0.0
4,select_229/aten.select.int/Gather,Gather,unknown_f32,NOT_RUN,0.0,0.0
4,select_230/aten.select.int/Gather,Gather,unknown_f32,NOT_RUN,0.0,0.0
4,select_231/aten.select.int/Gather,Gather,unknown_f32,NOT_RUN,0.0,0.0
4,select_232/aten.select.int/Gather,Gather,unknown_f32,NOT_RUN,0.0,0.0
4,select_233/aten.select.int/Gather,Gather,unknown_f32,NOT_RUN,0.0,0.0
4,select_234/aten.select.int/Gather,Gather,unknown_f32,NOT_RUN,0.0,0.0
4,select_235/aten.select.int/Gather,Gather,unknown_f32,NOT_RUN,0.0,0.0
4,select_236/aten.select.int/Gather,Gather,unknown_f32,NOT_RUN,0.0,0.0
4,select_237/aten.select.int/Gather,Gather,unknown_f32,NOT_RUN,0.0,0.0
4,select_238/aten.select.int/Gather,Gather,unknown_f32,NOT_RUN,0.0,0.0
4,select_239/aten.select.int/Gather,Gather,unknown_f32,NOT_RUN,0.0,0.0
4,select_240/aten.select.int/Gather,Gather,unknown_f32,NOT_RUN,0.0,0.0
4,select_241/aten.select.int/Gather,Gather,unknown_f32,NOT_RUN,0.0,0.0
4,select_242/aten.select.int/Gather,Gather,unknown_f32,NOT_RUN,0.0,0.0
4,select_243/aten.select.int/Gather,Gather,unknown_f32,NOT_RUN,0.0,0.0
4,select_244/aten.select.int/Gather,Gather,unknown_f32,NOT_RUN,0.0,0.0
4,select_245/aten.select.int/Gather,Gather,unknown_f32,NOT_RUN,0.0,0.0
4,select_246/aten.select.int/Gather,Gather,unknown_f32,NOT_RUN,0.0,0.0
4,select_247/aten.select.int/Gather,Gather,unknown_f32,NOT_RUN,0.0,0.0
4,select_248/aten.select.int/Gather,Gather,unknown_f32,NOT_RUN,0.0,0.0
4,select_249/aten.select.int/Gather,Gather,unknown_f32,NOT_RUN,0.0,0.0
4,select_250/aten.select.int/Gather,Gather,unknown_f32,NOT_RUN,0.0,0.0
4,select_251/aten.select.int/Gather,Gather,unknown_f32,NOT_RUN,0.0,0.0
4,select_252/aten.select.int/Gather,Gather,unknown_f32,NOT_RUN,0.0,0.0
4,select_253/aten.select.int/Gather,Gather,unknown_f32,NOT_RUN,0.0,0.0
4,select_254/aten.select.int/Gather,Gather,unknown_f32,NOT_RUN,0.0,0.0
4,select_255/aten.select.int/Gather,Gather,unknown_f32,NOT_RUN,0.0,0.0
4,select_256/aten.select.int/Gather,Gather,unknown_f32,NOT_RUN,0.0,0.0
4,select_257/aten.select.int/Gather,Gather,unknown_f32,NOT_RUN,0.0,0.0
4,select_258/aten.select.int/Gather,Gather,unknown_f32,NOT_RUN,0.0,0.0
4,select_259/aten.select.int/Gather,Gather,unknown_f32,NOT_RUN,0.0,0.0
4,select_260/aten.select.int/Gather,Gather,unknown_f32,NOT_RUN,0.0,0.0
4,select_261/aten.select.int/Gather,Gather,unknown_f32,NOT_RUN,0.0,0.0
4,select_262/aten.select.int/Gather,Gather,unknown_f32,NOT_RUN,0.0,0.0
4,select_263/aten.select.int/Gather,Gather,unknown_f32,NOT_RUN,0.0,0.0
4,select_264/aten.select.int/Gather,Gather,unknown_f32,NOT_RUN,0.0,0.0
4,select_265/aten.select.int/Gather,Gather,unknown_f32,NOT_RUN,0.0,0.0
4,select_266/aten.select.int/Gather,Gather,unknown_f32,NOT_RUN,0.0,0.0
4,select_267/aten.select.int/Gather,Gather,unknown_f32,NOT_RUN,0.0,0.0
4,select_268/aten.select.int/Gather,Gather,unknown_f32,NOT_RUN,0.0,0.0
4,select_269/aten.select.int/Gather,Gather,unknown_f32,NOT_RUN,0.0,0.0
4,select_270/aten.select.int/Gather,Gather,unknown_f32,NOT_RUN,0.0,0.0
4,select_271/aten.select.int/Gather,Gather,unknown_f32,NOT_RUN,0.0,0.0
4,select_272/aten.select.int/Gather,Gather,unknown_f32,NOT_RUN,0.0,0.0
4,select_273/aten.select.int/Gather,Gather,unknown_f32,NOT_RUN,0.0,0.0
4,select_274/aten.select.int/Gather,Gather,unknown_f32,NOT_RUN,0.0,0.0
4,select_275/aten.select.int/Gather,Gather,unknown_f32,NOT_RUN,0.0,0.0
4,select_276/aten.select.int/Gather,Gather,unknown_f32,NOT_RUN,0.0,0.0
4,select_277/aten.select.int/Gather,Gather,unknown_f32,NOT_RUN,0.0,0.0
4,select_278/aten.select.int/Gather,Gather,unknown_f32,NOT_RUN,0.0,0.0
4,select_279/aten.select.int/Gather,Gather,unknown_f32,NOT_RUN,0.0,0.0
4,select_280/aten.select.int/Gather,Gather,unknown_f32,NOT_RUN,0.0,0.0
4,select_281/aten.select.int/Gather,Gather,unknown_f32,NOT_RUN,0.0,0.0
4,select_282/aten.select.int/Gather,Gather,unknown_f32,NOT_RUN,0.0,0.0
4,select_283/aten.select.int/Gather,Gather,unknown_f32,NOT_RUN,0.0,0.0
4,select_284/aten.select.int/Gather,Gather,unknown_f32,NOT_RUN,0.0,0.0
4,select_285/aten.select.int/Gather,Gather,unknown_f32,NOT_RUN,0.0,0.0
4,select_286/aten.select.int/Gather,Gather,unknown_f32,NOT_RUN,0.0,0.0
4,select_287/aten.select.int/Gather,Gather,unknown_f32,NOT_RUN,0.0,0.0
4,select_288/aten.select.int/Gather,Gather,unknown_f32,NOT_RUN,0.0,0.0
4,select_289/aten.select.int/Gather,Gather,unknown_f32,NOT_RUN,0.0,0.0
4,select_290/aten.select.int/Gather,Gather,unknown_f32,NOT_RUN,0.0,0.0
4,select_291/aten.select.int/Gather,Gather,unknown_f32,NOT_RUN,0.0,0.0
4,select_292/aten.select.int/Gather,Gather,unknown_f32,NOT_RUN,0.0,0.0
4,select_293/aten.select.int/Gather,Gather,unknown_f32,NOT_RUN,0.0,0.0
4,select_294/aten.select.int/Gather,Gather,unknown_f32,NOT_RUN,0.0,0.0
4,select_295/aten.select.int/Gather,Gather,unknown_f32,NOT_RUN,0.0,0.0
4,select_296/aten.select.int/Gather,Gather,unknown_f32,NOT_RUN,0.0,0.0
4,select_297/aten.select.int/Gather,Gather,unknown_f32,NOT_RUN,0.0,0.0
4,select_298/aten.select.int/Gather,Gather,unknown_f32,NOT_RUN,0.0,0.0
4,select_299/aten.select.int/Gather,Gather,unknown_f32,NOT_RUN,0.0,0.0
4,select_300/aten.select.int/Gather,Gather,unknown_f32,NOT_RUN,0.0,0.0
4,select_301/aten.select.int/Gather,Gather,unknown_f32,NOT_RUN,0.0,0.0
4,select_302/aten.select.int/Gather,Gather,unknown_f32,NOT_RUN,0.0,0.0
4,select_303/aten.select.int/Gather,Gather,unknown_f32,NOT_RUN,0.0,0.0
4,select_304/aten.select.int/Gather,Gather,unknown_f32,NOT_RUN,0.0,0.0
4,cat_3/aten.cat.default/Concat,Concat,ref_f32,EXECUTED,0.06999999999999999,0.06999999999999999
4,view_84/aten.view.default/Reshape,Reshape,unknown_f32,NOT_RUN,0.0,0.0
4,add_50/aten.add.Tensor/Add,Subgraph,jit_avx2_f32,EXECUTED,0.023,0.023
4,linear_2/aten.linear.default/Add,FullyConnected,brgemm_avx2_f32,EXECUTED,0.342,0.342
4,Multiply_13576,Multiply,undef,NOT_RUN,0.0,0.0
4,view_86/aten.view.default/Reshape,Reshape,unknown_f32,NOT_RUN,0.0,0.0
4,permute_3/aten.permute.default/Transpose,Transpose,unknown_f32,EXECUTED,0.022,0.022
4,linear_3/aten.linear.default/Add,FullyConnected,gemm_mlas_f32,EXECUTED,0.33599999999999997,0.33599999999999997
4,view_87/aten.view.default/Reshape,Reshape,unknown_f32,NOT_RUN,0.0,0.0
4,Transpose_12104,Transpose,unknown_f32,EXECUTED,0.048,0.048
4,linear_4/aten.linear.default/Add,FullyConnected,gemm_mlas_f32,EXECUTED,0.32899999999999996,0.32899999999999996
4,view_88/aten.view.default/Reshape,Reshape,unknown_f32,NOT_RUN,0.0,0.0
4,permute_5/aten.permute.default/Transpose,Transpose,unknown_f32,EXECUTED,0.015000000000000001,0.015000000000000001
4,bmm_1/aten.bmm.default/MatMul,Subgraph,jit_avx2_f32,EXECUTED,0.451,0.451
4,permute_7/aten.permute.default/Transpose,Transpose,unknown_f32,EXECUTED,0.031,0.031
4,view_89/aten.view.default/Reshape,Reshape,unknown_f32,NOT_RUN,0.0,0.0
4,linear_5/aten.linear.default/Add,FullyConnected,gemm_mlas_f32,EXECUTED,0.38,0.38
4,view_90/aten.view.default/Reshape,Reshape,unknown_f32,NOT_RUN,0.0,0.0
4,add_51/aten.add.Tensor/Add,Subgraph,jit_avx2_f32,EXECUTED,0.020999999999999998,0.020999999999999998
4,native_layer_norm/aten.native_layer_norm.default/MVN,MVN,jit_avx2_f32,EXECUTED,0.018000000000000002,0.018000000000000002
4,native_layer_norm/aten.native_layer_norm.default/Add,Subgraph,jit_avx2_f32,EXECUTED,0.016,0.016
4,linear_6/aten.linear.default/Add,FullyConnected,brgemm_avx2_f32,EXECUTED,1.367,1.367
4,relu_17/aten.relu.default/Relu,Relu,undef,NOT_RUN,0.0,0.0
4,linear_7/aten.linear.default/Add,FullyConnected,gemm_mlas_f32,EXECUTED,1.477,1.477
4,add_52/aten.add.Tensor/Add,Subgraph,jit_avx2_f32,EXECUTED,0.025,0.025
4,native_layer_norm_1/aten.native_layer_norm.default/MVN,MVN,jit_avx2_f32,EXECUTED,0.017,0.017
4,add_53/aten.add.Tensor/Add,Subgraph,jit_avx2_f32,EXECUTED,0.028,0.028
4,linear_8/aten.linear.default/Add,FullyConnected,brgemm_avx2_f32,EXECUTED,0.28400000000000003,0.28400000000000003
4,Multiply_13578,Multiply,undef,NOT_RUN,0.0,0.0
4,view_92/aten.view.default/Reshape,Reshape,unknown_f32,NOT_RUN,0.0,0.0
4,permute_8/aten.permute.default/Transpose,Transpose,unknown_f32,EXECUTED,0.019,0.019
4,linear_9/aten.linear.default/Add,FullyConnected,gemm_mlas_f32,EXECUTED,0.266,0.266
4,view_93/aten.view.default/Reshape,Reshape,unknown_f32,NOT_RUN,0.0,0.0
4,Transpose_12133,Transpose,unknown_f32,EXECUTED,0.04,0.04
4,linear_10/aten.linear.default/Add,FullyConnected,gemm_mlas_f32,EXECUTED,0.273,0.273
4,view_94/aten.view.default/Reshape,Reshape,unknown_f32,NOT_RUN,0.0,0.0
4,permute_10/aten.permute.default/Transpose,Transpose,unknown_f32,EXECUTED,0.013,0.013
4,bmm_3/aten.bmm.default/MatMul,Subgraph,jit_avx2_f32,EXECUTED,0.386,0.386
4,permute_12/aten.permute.default/Transpose,Transpose,unknown_f32,EXECUTED,0.019,0.019
4,view_95/aten.view.default/Reshape,Reshape,unknown_f32,NOT_RUN,0.0,0.0
4,linear_11/aten.linear.default/Add,FullyConnected,gemm_mlas_f32,EXECUTED,0.292,0.292
4,view_96/aten.view.default/Reshape,Reshape,unknown_f32,NOT_RUN,0.0,0.0
4,add_54/aten.add.Tensor/Add,Subgraph,jit_avx2_f32,EXECUTED,0.015000000000000001,0.015000000000000001
4,native_layer_norm_2/aten.native_layer_norm.default/MVN,MVN,jit_avx2_f32,EXECUTED,0.014,0.014
4,native_layer_norm_2/aten.native_layer_norm.default/Add,Subgraph,jit_avx2_f32,EXECUTED,0.006,0.006
4,linear_12/aten.linear.default/Add,FullyConnected,brgemm_avx2_f32,EXECUTED,1.284,1.284
4,relu_18/aten.relu.default/Relu,Relu,undef,NOT_RUN,0.0,0.0
4,linear_13/aten.linear.default/Add,FullyConnected,gemm_mlas_f32,EXECUTED,1.392,1.392
4,add_55/aten.add.Tensor/Add,Subgraph,jit_avx2_f32,EXECUTED,0.024,0.024
4,native_layer_norm_3/aten.native_layer_norm.default/MVN,MVN,jit_avx2_f32,EXECUTED,0.018000000000000002,0.018000000000000002
4,add_56/aten.add.Tensor/Add,Subgraph,jit_avx2_f32,EXECUTED,0.028,0.028
4,linear_14/aten.linear.default/Add,FullyConnected,brgemm_avx2_f32,EXECUTED,0.28800000000000003,0.28800000000000003
4,Multiply_13580,Multiply,undef,NOT_RUN,0.0,0.0
4,view_98/aten.view.default/Reshape,Reshape,unknown_f32,NOT_RUN,0.0,0.0
4,permute_13/aten.permute.default/Transpose,Transpose,unknown_f32,EXECUTED,0.019,0.019
4,linear_15/aten.linear.default/Add,FullyConnected,gemm_mlas_f32,EXECUTED,0.333,0.333
4,view_99/aten.view.default/Reshape,Reshape,unknown_f32,NOT_RUN,0.0,0.0
4,Transpose_12162,Transpose,unknown_f32,EXECUTED,0.05,0.05
4,linear_16/aten.linear.default/Add,FullyConnected,gemm_mlas_f32,EXECUTED,0.279,0.279
4,view_100/aten.view.default/Reshape,Reshape,unknown_f32,NOT_RUN,0.0,0.0
4,permute_15/aten.permute.default/Transpose,Transpose,unknown_f32,EXECUTED,0.014,0.014
4,bmm_5/aten.bmm.default/MatMul,Subgraph,jit_avx2_f32,EXECUTED,0.451,0.451
4,permute_17/aten.permute.default/Transpose,Transpose,unknown_f32,EXECUTED,0.024,0.024
4,view_101/aten.view.default/Reshape,Reshape,unknown_f32,NOT_RUN,0.0,0.0
4,linear_17/aten.linear.default/Add,FullyConnected,gemm_mlas_f32,EXECUTED,0.352,0.352
4,view_102/aten.view.default/Reshape,Reshape,unknown_f32,NOT_RUN,0.0,0.0
4,add_57/aten.add.Tensor/Add,Subgraph,jit_avx2_f32,EXECUTED,0.02,0.02
4,native_layer_norm_4/aten.native_layer_norm.default/MVN,MVN,jit_avx2_f32,EXECUTED,0.014,0.014
4,native_layer_norm_4/aten.native_layer_norm.default/Add,Subgraph,jit_avx2_f32,EXECUTED,0.011,0.011
4,linear_18/aten.linear.default/Add,FullyConnected,brgemm_avx2_f32,EXECUTED,1.355,1.355
4,relu_19/aten.relu.default/Relu,Relu,undef,NOT_RUN,0.0,0.0
4,linear_19/aten.linear.default/Add,FullyConnected,gemm_mlas_f32,EXECUTED,1.38,1.38
4,add_58/aten.add.Tensor/Add,Subgraph,jit_avx2_f32,EXECUTED,0.020999999999999998,0.020999999999999998
4,native_layer_norm_5/aten.native_layer_norm.default/MVN,MVN,jit_avx2_f32,EXECUTED,0.022,0.022
4,add_59/aten.add.Tensor/Add,Subgraph,jit_avx2_f32,EXECUTED,0.025,0.025
4,linear_20/aten.linear.default/Add,FullyConnected,brgemm_avx2_f32,EXECUTED,0.26899999999999996,0.26899999999999996
4,Multiply_13582,Multiply,undef,NOT_RUN,0.0,0.0
4,view_104/aten.view.default/Reshape,Reshape,unknown_f32,NOT_RUN,0.0,0.0
4,permute_18/aten.permute.default/Transpose,Transpose,unknown_f32,EXECUTED,0.015000000000000001,0.015000000000000001
4,linear_21/aten.linear.default/Add,FullyConnected,gemm_mlas_f32,EXECUTED,0.275,0.275
4,view_105/aten.view.default/Reshape,Reshape,unknown_f32,NOT_RUN,0.0,0.0
4,Transpose_12191,Transpose,unknown_f32,EXECUTED,0.038,0.038
4,linear_22/aten.linear.default/Add,FullyConnected,gemm_mlas_f32,EXECUTED,0.24600000000000002,0.24600000000000002
4,view_106/aten.view.default/Reshape,Reshape,unknown_f32,NOT_RUN,0.0,0.0
4,permute_20/aten.permute.default/Transpose,Transpose,unknown_f32,EXECUTED,0.009000000000000001,0.009000000000000001
4,bmm_7/aten.bmm.default/MatMul,Subgraph,jit_avx2_f32,EXECUTED,0.373,0.373
4,permute_22/aten.permute.default/Transpose,Transpose,unknown_f32,EXECUTED,0.018000000000000002,0.018000000000000002
4,view_107/aten.view.default/Reshape,Reshape,unknown_f32,NOT_RUN,0.0,0.0
4,linear_23/aten.linear.default/Add,FullyConnected,gemm_mlas_f32,EXECUTED,0.31,0.31
4,view_108/aten.view.default/Reshape,Reshape,unknown_f32,NOT_RUN,0.0,0.0
4,add_60/aten.add.Tensor/Add,Subgraph,jit_avx2_f32,EXECUTED,0.016,0.016
4,native_layer_norm_6/aten.native_layer_norm.default/MVN,MVN,jit_avx2_f32,EXECUTED,0.016,0.016
4,native_layer_norm_6/aten.native_layer_norm.default/Add,Subgraph,jit_avx2_f32,EXECUTED,0.007,0.007
4,linear_24/aten.linear.default/Add,FullyConnected,brgemm_avx2_f32,EXECUTED,1.323,1.323
4,relu_20/aten.relu.default/Relu,Relu,undef,NOT_RUN,0.0,0.0
4,linear_25/aten.linear.default/Add,FullyConnected,gemm_mlas_f32,EXECUTED,1.4009999999999998,1.4009999999999998
4,add_61/aten.add.Tensor/Add,Subgraph,jit_avx2_f32,EXECUTED,0.024,0.024
4,native_layer_norm_7/aten.native_layer_norm.default/MVN,MVN,jit_avx2_f32,EXECUTED,0.017,0.017
4,add_65/aten.add.Tensor/Add,Subgraph,jit_avx2_f32,EXECUTED,0.020999999999999998,0.020999999999999998
4,linear_31/aten.linear.default/Add,FullyConnected,gemm_mlas_f32,EXECUTED,0.29100000000000004,0.29100000000000004
4,view_117/aten.view.default/Reshape,Reshape,unknown_f32,NOT_RUN,0.0,0.0
4,Transpose_12220,Transpose,unknown_f32,EXECUTED,0.048,0.048
4,linear_32/aten.linear.default/Add,FullyConnected,gemm_mlas_f32,EXECUTED,0.296,0.296
4,view_118/aten.view.default/Reshape,Reshape,unknown_f32,NOT_RUN,0.0,0.0
4,permute_30/aten.permute.default/Transpose,Transpose,unknown_f32,EXECUTED,0.011,0.011
4,bmm_11/aten.bmm.default/MatMul,Subgraph,jit_avx2_f32,EXECUTED,0.213,0.213
4,permute_32/aten.permute.default/Transpose,Transpose,unknown_f32,EXECUTED,0.007,0.007
4,view_119/aten.view.default/Reshape,Reshape,unknown_f32,NOT_RUN,0.0,0.0
4,linear_33/aten.linear.default/Add,FullyConnected,gemm_mlas_f32,EXECUTED,0.135,0.135
4,view_120/aten.view.default/Reshape,Reshape,unknown_f32,NOT_RUN,0.0,0.0
4,add_66/aten.add.Tensor/Add,Subgraph,jit_avx2_f32,EXECUTED,0.012,0.012
4,native_layer_norm_9/aten.native_layer_norm.default/MVN,MVN,jit_avx2_f32,EXECUTED,0.006,0.006
4,native_layer_norm_9/aten.native_layer_norm.default/Add,Subgraph,jit_avx2_f32,EXECUTED,0.004,0.004
4,linear_34/aten.linear.default/Add,FullyConnected,brgemm_avx2_f32,EXECUTED,0.509,0.509
4,relu_21/aten.relu.default/Relu,Relu,undef,NOT_RUN,0.0,0.0
4,linear_35/aten.linear.default/Add,FullyConnected,gemm_mlas_f32,EXECUTED,0.5900000000000001,0.5900000000000001
4,add_67/aten.add.Tensor/Add,Subgraph,jit_avx2_f32,EXECUTED,0.012,0.012
4,native_layer_norm_10/aten.native_layer_norm.default/MVN,MVN,jit_avx2_f32,EXECUTED,0.009000000000000001,0.009000000000000001
4,native_layer_norm_10/aten.native_layer_norm.default/Add,Subgraph,jit_avx2_f32,EXECUTED,0.003,0.003
4,native_layer_norm_11/aten.native_layer_norm.default/MVN,MVN,jit_avx2_f32,EXECUTED,0.006,0.006
4,native_layer_norm_11/aten.native_layer_norm.default/Add,Subgraph,jit_avx2_f32,EXECUTED,0.003,0.003
4,permute_33/aten.permute.default/Transpose,Reshape,unknown_f32,NOT_RUN,0.0,0.0
4,linear_36/aten.linear.default/Add,FullyConnected,gemm_mlas_f32,EXECUTED,0.014,0.014
4,Result_6085,Result,unknown_f32,NOT_RUN,0.0,0.0
5,state,Parameter,unknown_f32,NOT_RUN,0.0,0.0
5,linear_1/aten.linear.default/Add,FullyConnected,gemm_mlas_f32,EXECUTED,0.07200000000000001,0.07200000000000001
5,wrist_image,Parameter,unknown_f32,NOT_RUN,0.0,0.0
5,wrist_image_abcd_acdb_mul_2/aten.mul.Tensor/Multiply,Reorder,jit_uni_f32,EXECUTED,0.241,0.241
5,mul_2/aten.mul.Tensor/Multiply,Convolution,brgconv_avx2_f32,EXECUTED,2.041,2.041
5,relu/aten.relu.default/Relu,Relu,undef,NOT_RUN,0.0,0.0
5,max_pool2d_with_indices/aten.max_pool2d_with_indices.default/MaxPool,MaxPool,jit_avx2_f32,EXECUTED,0.34400000000000003,0.34400000000000003
5,mul_5/aten.mul.Tensor/Multiply,Convolution,brgconv_avx2_f32,EXECUTED,1.926,1.926
5,relu_1/aten.relu.default/Relu,Relu,undef,NOT_RUN,0.0,0.0
5,mul_8/aten.mul.Tensor/Multiply,Convolution,brgconv_avx2_f32,EXECUTED,1.9,1.9
5,add_6/aten.add.Tensor/Add,Add,undef,NOT_RUN,0.0,0.0
5,relu_2/aten.relu.default/Relu,Relu,undef,NOT_RUN,0.0,0.0
5,mul_11/aten.mul.Tensor/Multiply,Convolution,brgconv_avx2_f32,EXECUTED,2.032,2.032
5,relu_3/aten.relu.default/Relu,Relu,undef,NOT_RUN,0.0,0.0
5,mul_14/aten.mul.Tensor/Multiply,Convolution,brgconv_avx2_f32,EXECUTED,1.9849999999999999,1.9849999999999999
5,add_11/aten.add.Tensor/Add,Add,undef,NOT_RUN,0.0,0.0
5,relu_4/aten.relu.default/Relu,Relu,undef,NOT_RUN,0.0,0.0
5,mul_17/aten.mul.Tensor/Multiply,Convolution,brgconv_avx2_f32,EXECUTED,1.0839999999999999,1.0839999999999999
5,relu_5/aten.relu.default/Relu,Relu,undef,NOT_RUN,0.0,0.0
5,mul_23/aten.mul.Tensor/Multiply,Convolution,brgconv_avx2_1x1_f32,EXECUTED,0.207,0.207
5,mul_20/aten.mul.Tensor/Multiply,Convolution,brgconv_avx2_f32,EXECUTED,1.833,1.833
5,add_18/aten.add.Tensor/Add,Add,undef,NOT_RUN,0.0,0.0
5,relu_6/aten.relu.default/Relu,Relu,undef,NOT_RUN,0.0,0.0
5,mul_26/aten.mul.Tensor/Multiply,Convolution,brgconv_avx2_f32,EXECUTED,1.833,1.833
5,relu_7/aten.relu.default/Relu,Relu,undef,NOT_RUN,0.0,0.0
5,mul_29/aten.mul.Tensor/Multiply,Convolution,brgconv_avx2_f32,EXECUTED,1.866,1.866
5,add_23/aten.add.Tensor/Add,Add,undef,NOT_RUN,0.0,0.0
5,relu_8/aten.relu.default/Relu,Relu,undef,NOT_RUN,0.0,0.0
5,mul_32/aten.mul.Tensor/Multiply,Convolution,brgconv_avx2_f32,EXECUTED,1.02,1.02
5,relu_9/aten.relu.default/Relu,Relu,undef,NOT_RUN,0.0,0.0
5,mul_38/aten.mul.Tensor/Multiply,Convolution,brgconv_avx2_1x1_f32,EXECUTED,0.23,0.23
5,mul_35/aten.mul.Tensor/Multiply,Convolution,brgconv_avx2_f32,EXECUTED,1.832,1.832
5,add_30/aten.add.Tensor/Add,Add,undef,NOT_RUN,0.0,0.0
5,relu_10/aten.relu.default/Relu,Relu,undef,NOT_RUN,0.0,0.0
5,mul_41/aten.mul.Tensor/Multiply,Convolution,brgconv_avx2_f32,EXECUTED,1.8439999999999999,1.8439999999999999
5,relu_11/aten.relu.default/Relu,Relu,undef,NOT_RUN,0.0,0.0
5,mul_44/aten.mul.Tensor/Multiply,Convolution,brgconv_avx2_f32,EXECUTED,1.909,1.909
5,add_35/aten.add.Tensor/Add,Add,undef,NOT_RUN,0.0,0.0
5,relu_12/aten.relu.default/Relu,Relu,undef,NOT_RUN,0.0,0.0
5,mul_47/aten.mul.Tensor/Multiply,Convolution,brgconv_avx2_f32,EXECUTED,1.0579999999999998,1.0579999999999998
5,relu_13/aten.relu.default/Relu,Relu,undef,NOT_RUN,0.0,0.0
5,mul_53/aten.mul.Tensor/Multiply,Convolution,brgconv_avx2_1x1_f32,EXECUTED,0.27999999999999997,0.27999999999999997
5,mul_50/aten.mul.Tensor/Multiply,Convolution,brgconv_avx2_f32,EXECUTED,1.805,1.805
5,add_42/aten.add.Tensor/Add,Add,undef,NOT_RUN,0.0,0.0
5,relu_14/aten.relu.default/Relu,Relu,undef,NOT_RUN,0.0,0.0
5,mul_56/aten.mul.Tensor/Multiply,Convolution,brgconv_avx2_f32,EXECUTED,1.841,1.841
5,relu_15/aten.relu.default/Relu,Relu,undef,NOT_RUN,0.0,0.0
5,mul_59/aten.mul.Tensor/Multiply,Convolution,brgconv_avx2_f32,EXECUTED,1.849,1.849
5,add_47/aten.add.Tensor/Add,Add,undef,NOT_RUN,0.0,0.0
5,relu_16/aten.relu.default/Relu,Relu,undef,NOT_RUN,0.0,0.0
5,convolution_20/aten.convolution.default/Convolution,Convolution,brgconv_avx2_1x1_f32,EXECUTED,0.38699999999999996,0.38699999999999996
5,permute_1/aten.permute.default/Transpose,Transpose,unknown_f32,EXECUTED,0.039,0.039
5,permute_1/aten.permute.default/Transpose_acdb_abcd_view_82/aten.view.default/Reshape,Reorder,reorder_f32,EXECUTED,0.027,0.027
5,view_82/aten.view.default/Reshape,Reshape,unknown_f32,NOT_RUN,0.0,0.0
5,select_5/aten.select.int/Gather,Gather,unknown_f32,NOT_RUN,0.0,0.0
5,select_6/aten.select.int/Gather,Gather,unknown_f32,NOT_RUN,0.0,0.0
5,select_7/aten.select.int/Gather,Gather,unknown_f32,NOT_RUN,0.0,0.0
5,select_8/aten.select.int/Gather,Gather,unknown_f32,NOT_RUN,0.0,0.0
5,select_9/aten.select.int/Gather,Gather,unknown_f32,NOT_RUN,0.0,0.0
5,select_10/aten.select.int/Gather,Gather,unknown_f32,NOT_RUN,0.0,0.0
5,select_11/aten.select.int/Gather,Gather,unknown_f32,NOT_RUN,0.0,0.0
5,select_12/aten.select.int/Gather,Gather,unknown_f32,NOT_RUN,0.0,0.0
5,select_13/aten.select.int/Gather,Gather,unknown_f32,NOT_RUN,0.0,0.0
5,select_14/aten.select.int/Gather,Gather,unknown_f32,NOT_RUN,0.0,0.0
5,select_15/aten.select.int/Gather,Gather,unknown_f32,NOT_RUN,0.0,0.0
5,select_16/aten.select.int/Gather,Gather,unknown_f32,NOT_RUN,0.0,0.0
5,select_17/aten.select.int/Gather,Gather,unknown_f32,NOT_RUN,0.0,0.0
5,select_18/aten.select.int/Gather,Gather,unknown_f32,NOT_RUN,0.0,0.0
5,select_19/aten.select.int/Gather,Gather,unknown_f32,NOT_RUN,0.0,0.0
5,select_20/aten.select.int/Gather,Gather,unknown_f32,NOT_RUN,0.0,0.0
5,select_21/aten.select.int/Gather,Gather,unknown_f32,NOT_RUN,0.0,0.0
5,select_22/aten.select.int/Gather,Gather,unknown_f32,NOT_RUN,0.0,0.0
5,select_23/aten.select.int/Gather,Gather,unknown_f32,NOT_RUN,0.0,0.0
5,select_24/aten.select.int/Gather,Gather,unknown_f32,NOT_RUN,0.0,0.0
5,select_25/aten.select.int/Gather,Gather,unknown_f32,NOT_RUN,0.0,0.0
5,select_26/aten.select.int/Gather,Gather,unknown_f32,NOT_RUN,0.0,0.0
5,select_27/aten.select.int/Gather,Gather,unknown_f32,NOT_RUN,0.0,0.0
5,select_28/aten.select.int/Gather,Gather,unknown_f32,NOT_RUN,0.0,0.0
5,select_29/aten.select.int/Gather,Gather,unknown_f32,NOT_RUN,0.0,0.0
5,select_30/aten.select.int/Gather,Gather,unknown_f32,NOT_RUN,0.0,0.0
5,select_31/aten.select.int/Gather,Gather,unknown_f32,NOT_RUN,0.0,0.0
5,select_32/aten.select.int/Gather,Gather,unknown_f32,NOT_RUN,0.0,0.0
5,select_33/aten.select.int/Gather,Gather,unknown_f32,NOT_RUN,0.0,0.0
5,select_34/aten.select.int/Gather,Gather,unknown_f32,NOT_RUN,0.0,0.0
5,select_35/aten.select.int/Gather,Gather,unknown_f32,NOT_RUN,0.0,0.0
5,select_36/aten.select.int/Gather,Gather,unknown_f32,NOT_RUN,0.0,0.0
5,select_37/aten.select.int/Gather,Gather,unknown_f32,NOT_RUN,0.0,0.0
5,select_38/aten.select.int/Gather,Gather,unknown_f32,NOT_RUN,0.0,0.0
5,select_39/aten.select.int/Gather,Gather,unknown_f32,NOT_RUN,0.0,0.0
5,select_40/aten.select.int/Gather,Gather,unknown_f32,NOT_RUN,0.0,0.0
5,select_41/aten.select.int/Gather,Gather,unknown_f32,NOT_RUN,0.0,0.0
5,select_42/aten.select.int/Gather,Gather,unknown_f32,NOT_RUN,0.0,0.0
5,select_43/aten.select.int/Gather,Gather,unknown_f32,NOT_RUN,0.0,0.0
5,select_44/aten.select.int/Gather,Gather,unknown_f32,NOT_RUN,0.0,0.0
5,select_45/aten.select.int/Gather,Gather,unknown_f32,NOT_RUN,0.0,0.0
5,select_46/aten.select.int/Gather,Gather,unknown_f32,NOT_RUN,0.0,0.0
5,select_47/aten.select.int/Gather,Gather,unknown_f32,NOT_RUN,0.0,0.0
5,select_48/aten.select.int/Gather,Gather,unknown_f32,NOT_RUN,0.0,0.0
5,select_49/aten.select.int/Gather,Gather,unknown_f32,NOT_RUN,0.0,0.0
5,select_50/aten.select.int/Gather,Gather,unknown_f32,NOT_RUN,0.0,0.0
5,select_51/aten.select.int/Gather,Gather,unknown_f32,NOT_RUN,0.0,0.0
5,select_52/aten.select.int/Gather,Gather,unknown_f32,NOT_RUN,0.0,0.0
5,select_53/aten.select.int/Gather,Gather,unknown_f32,NOT_RUN,0.0,0.0
5,select_54/aten.select.int/Gather,Gather,unknown_f32,NOT_RUN,0.0,0.0
5,select_55/aten.select.int/Gather,Gather,unknown_f32,NOT_RUN,0.0,0.0
5,select_56/aten.select.int/Gather,Gather,unknown_f32,NOT_RUN,0.0,0.0
5,select_57/aten.select.int/Gather,Gather,unknown_f32,NOT_RUN,0.0,0.0
5,select_58/aten.select.int/Gather,Gather,unknown_f32,NOT_RUN,0.0,0.0
5,select_59/aten.select.int/Gather,Gather,unknown_f32,NOT_RUN,0.0,0.0
5,select_60/aten.select.int/Gather,Gather,unknown_f32,NOT_RUN,0.0,0.0
5,select_61/aten.select.int/Gather,Gather,unknown_f32,NOT_RUN,0.0,0.0
5,select_62/aten.select.int/Gather,Gather,unknown_f32,NOT_RUN,0.0,0.0
5,select_63/aten.select.int/Gather,Gather,unknown_f32,NOT_RUN,0.0,0.0
5,select_64/aten.select.int/Gather,Gather,unknown_f32,NOT_RUN,0.0,0.0
5,select_65/aten.select.int/Gather,Gather,unknown_f32,NOT_RUN,0.0,0.0
5,select_66/aten.select.int/Gather,Gather,unknown_f32,NOT_RUN,0.0,0.0
5,select_67/aten.select.int/Gather,Gather,unknown_f32,NOT_RUN,0.0,0.0
5,select_68/aten.select.int/Gather,Gather,unknown_f32,NOT_RUN,0.0,0.0
5,select_69/aten.select.int/Gather,Gather,unknown_f32,NOT_RUN,0.0,0.0
5,select_70/aten.select.int/Gather,Gather,unknown_f32,NOT_RUN,0.0,0.0
5,select_71/aten.select.int/Gather,Gather,unknown_f32,NOT_RUN,0.0,0.0
5,select_72/aten.select.int/Gather,Gather,unknown_f32,NOT_RUN,0.0,0.0
5,select_73/aten.select.int/Gather,Gather,unknown_f32,NOT_RUN,0.0,0.0
5,select_74/aten.select.int/Gather,Gather,unknown_f32,NOT_RUN,0.0,0.0
5,select_75/aten.select.int/Gather,Gather,unknown_f32,NOT_RUN,0.0,0.0
5,select_76/aten.select.int/Gather,Gather,unknown_f32,NOT_RUN,0.0,0.0
5,select_77/aten.select.int/Gather,Gather,unknown_f32,NOT_RUN,0.0,0.0
5,select_78/aten.select.int/Gather,Gather,unknown_f32,NOT_RUN,0.0,0.0
5,select_79/aten.select.int/Gather,Gather,unknown_f32,NOT_RUN,0.0,0.0
5,select_80/aten.select.int/Gather,Gather,unknown_f32,NOT_RUN,0.0,0.0
5,select_81/aten.select.int/Gather,Gather,unknown_f32,NOT_RUN,0.0,0.0
5,select_82/aten.select.int/Gather,Gather,unknown_f32,NOT_RUN,0.0,0.0
5,select_83/aten.select.int/Gather,Gather,unknown_f32,NOT_RUN,0.0,0.0
5,select_84/aten.select.int/Gather,Gather,unknown_f32,NOT_RUN,0.0,0.0
5,select_85/aten.select.int/Gather,Gather,unknown_f32,NOT_RUN,0.0,0.0
5,select_86/aten.select.int/Gather,Gather,unknown_f32,NOT_RUN,0.0,0.0
5,select_87/aten.select.int/Gather,Gather,unknown_f32,NOT_RUN,0.0,0.0
5,select_88/aten.select.int/Gather,Gather,unknown_f32,NOT_RUN,0.0,0.0
5,select_89/aten.select.int/Gather,Gather,unknown_f32,NOT_RUN,0.0,0.0
5,select_90/aten.select.int/Gather,Gather,unknown_f32,NOT_RUN,0.0,0.0
5,select_91/aten.select.int/Gather,Gather,unknown_f32,NOT_RUN,0.0,0.0
5,select_92/aten.select.int/Gather,Gather,unknown_f32,NOT_RUN,0.0,0.0
5,select_93/aten.select.int/Gather,Gather,unknown_f32,NOT_RUN,0.0,0.0
5,select_94/aten.select.int/Gather,Gather,unknown_f32,NOT_RUN,0.0,0.0
5,select_95/aten.select.int/Gather,Gather,unknown_f32,NOT_RUN,0.0,0.0
5,select_96/aten.select.int/Gather,Gather,unknown_f32,NOT_RUN,0.0,0.0
5,select_97/aten.select.int/Gather,Gather,unknown_f32,NOT_RUN,0.0,0.0
5,select_98/aten.select.int/Gather,Gather,unknown_f32,NOT_RUN,0.0,0.0
5,select_99/aten.select.int/Gather,Gather,unknown_f32,NOT_RUN,0.0,0.0
5,select_100/aten.select.int/Gather,Gather,unknown_f32,NOT_RUN,0.0,0.0
5,select_101/aten.select.int/Gather,Gather,unknown_f32,NOT_RUN,0.0,0.0
5,select_102/aten.select.int/Gather,Gather,unknown_f32,NOT_RUN,0.0,0.0
5,select_103/aten.select.int/Gather,Gather,unknown_f32,NOT_RUN,0.0,0.0
5,select_104/aten.select.int/Gather,Gather,unknown_f32,NOT_RUN,0.0,0.0
5,select_105/aten.select.int/Gather,Gather,unknown_f32,NOT_RUN,0.0,0.0
5,select_106/aten.select.int/Gather,Gather,unknown_f32,NOT_RUN,0.0,0.0
5,select_107/aten.select.int/Gather,Gather,unknown_f32,NOT_RUN,0.0,0.0
5,select_108/aten.select.int/Gather,Gather,unknown_f32,NOT_RUN,0.0,0.0
5,select_109/aten.select.int/Gather,Gather,unknown_f32,NOT_RUN,0.0,0.0
5,select_110/aten.select.int/Gather,Gather,unknown_f32,NOT_RUN,0.0,0.0
5,select_111/aten.select.int/Gather,Gather,unknown_f32,NOT_RUN,0.0,0.0
5,select_112/aten.select.int/Gather,Gather,unknown_f32,NOT_RUN,0.0,0.0
5,select_113/aten.select.int/Gather,Gather,unknown_f32,NOT_RUN,0.0,0.0
5,select_114/aten.select.int/Gather,Gather,unknown_f32,NOT_RUN,0.0,0.0
5,select_115/aten.select.int/Gather,Gather,unknown_f32,NOT_RUN,0.0,0.0
5,select_116/aten.select.int/Gather,Gather,unknown_f32,NOT_RUN,0.0,0.0
5,select_117/aten.select.int/Gather,Gather,unknown_f32,NOT_RUN,0.0,0.0
5,select_118/aten.select.int/Gather,Gather,unknown_f32,NOT_RUN,0.0,0.0
5,select_119/aten.select.int/Gather,Gather,unknown_f32,NOT_RUN,0.0,0.0
5,select_120/aten.select.int/Gather,Gather,unknown_f32,NOT_RUN,0.0,0.0
5,select_121/aten.select.int/Gather,Gather,unknown_f32,NOT_RUN,0.0,0.0
5,select_122/aten.select.int/Gather,Gather,unknown_f32,NOT_RUN,0.0,0.0
5,select_123/aten.select.int/Gather,Gather,unknown_f32,NOT_RUN,0.0,0.0
5,select_124/aten.select.int/Gather,Gather,unknown_f32,NOT_RUN,0.0,0.0
5,select_125/aten.select.int/Gather,Gather,unknown_f32,NOT_RUN,0.0,0.0
5,select_126/aten.select.int/Gather,Gather,unknown_f32,NOT_RUN,0.0,0.0
5,select_127/aten.select.int/Gather,Gather,unknown_f32,NOT_RUN,0.0,0.0
5,select_128/aten.select.int/Gather,Gather,unknown_f32,NOT_RUN,0.0,0.0
5,select_129/aten.select.int/Gather,Gather,unknown_f32,NOT_RUN,0.0,0.0
5,select_130/aten.select.int/Gather,Gather,unknown_f32,NOT_RUN,0.0,0.0
5,select_131/aten.select.int/Gather,Gather,unknown_f32,NOT_RUN,0.0,0.0
5,select_132/aten.select.int/Gather,Gather,unknown_f32,NOT_RUN,0.0,0.0
5,select_133/aten.select.int/Gather,Gather,unknown_f32,NOT_RUN,0.0,0.0
5,select_134/aten.select.int/Gather,Gather,unknown_f32,NOT_RUN,0.0,0.0
5,select_135/aten.select.int/Gather,Gather,unknown_f32,NOT_RUN,0.0,0.0
5,select_136/aten.select.int/Gather,Gather,unknown_f32,NOT_RUN,0.0,0.0
5,select_137/aten.select.int/Gather,Gather,unknown_f32,NOT_RUN,0.0,0.0
5,select_138/aten.select.int/Gather,Gather,unknown_f32,NOT_RUN,0.0,0.0
5,select_139/aten.select.int/Gather,Gather,unknown_f32,NOT_RUN,0.0,0.0
5,select_140/aten.select.int/Gather,Gather,unknown_f32,NOT_RUN,0.0,0.0
5,select_141/aten.select.int/Gather,Gather,unknown_f32,NOT_RUN,0.0,0.0
5,select_142/aten.select.int/Gather,Gather,unknown_f32,NOT_RUN,0.0,0.0
5,select_143/aten.select.int/Gather,Gather,unknown_f32,NOT_RUN,0.0,0.0
5,select_144/aten.select.int/Gather,Gather,unknown_f32,NOT_RUN,0.0,0.0
5,select_145/aten.select.int/Gather,Gather,unknown_f32,NOT_RUN,0.0,0.0
5,select_146/aten.select.int/Gather,Gather,unknown_f32,NOT_RUN,0.0,0.0
5,select_147/aten.select.int/Gather,Gather,unknown_f32,NOT_RUN,0.0,0.0
5,select_148/aten.select.int/Gather,Gather,unknown_f32,NOT_RUN,0.0,0.0
5,select_149/aten.select.int/Gather,Gather,unknown_f32,NOT_RUN,0.0,0.0
5,select_150/aten.select.int/Gather,Gather,unknown_f32,NOT_RUN,0.0,0.0
5,select_151/aten.select.int/Gather,Gather,unknown_f32,NOT_RUN,0.0,0.0
5,select_152/aten.select.int/Gather,Gather,unknown_f32,NOT_RUN,0.0,0.0
5,select_153/aten.select.int/Gather,Gather,unknown_f32,NOT_RUN,0.0,0.0
5,select_154/aten.select.int/Gather,Gather,unknown_f32,NOT_RUN,0.0,0.0
5,select_155/aten.select.int/Gather,Gather,unknown_f32,NOT_RUN,0.0,0.0
5,select_156/aten.select.int/Gather,Gather,unknown_f32,NOT_RUN,0.0,0.0
5,select_157/aten.select.int/Gather,Gather,unknown_f32,NOT_RUN,0.0,0.0
5,select_158/aten.select.int/Gather,Gather,unknown_f32,NOT_RUN,0.0,0.0
5,select_159/aten.select.int/Gather,Gather,unknown_f32,NOT_RUN,0.0,0.0
5,select_160/aten.select.int/Gather,Gather,unknown_f32,NOT_RUN,0.0,0.0
5,select_161/aten.select.int/Gather,Gather,unknown_f32,NOT_RUN,0.0,0.0
5,select_162/aten.select.int/Gather,Gather,unknown_f32,NOT_RUN,0.0,0.0
5,select_163/aten.select.int/Gather,Gather,unknown_f32,NOT_RUN,0.0,0.0
5,select_164/aten.select.int/Gather,Gather,unknown_f32,NOT_RUN,0.0,0.0
5,select_165/aten.select.int/Gather,Gather,unknown_f32,NOT_RUN,0.0,0.0
5,select_166/aten.select.int/Gather,Gather,unknown_f32,NOT_RUN,0.0,0.0
5,select_167/aten.select.int/Gather,Gather,unknown_f32,NOT_RUN,0.0,0.0
5,select_168/aten.select.int/Gather,Gather,unknown_f32,NOT_RUN,0.0,0.0
5,select_169/aten.select.int/Gather,Gather,unknown_f32,NOT_RUN,0.0,0.0
5,select_170/aten.select.int/Gather,Gather,unknown_f32,NOT_RUN,0.0,0.0
5,select_171/aten.select.int/Gather,Gather,unknown_f32,NOT_RUN,0.0,0.0
5,select_172/aten.select.int/Gather,Gather,unknown_f32,NOT_RUN,0.0,0.0
5,select_173/aten.select.int/Gather,Gather,unknown_f32,NOT_RUN,0.0,0.0
5,select_174/aten.select.int/Gather,Gather,unknown_f32,NOT_RUN,0.0,0.0
5,select_175/aten.select.int/Gather,Gather,unknown_f32,NOT_RUN,0.0,0.0
5,select_176/aten.select.int/Gather,Gather,unknown_f32,NOT_RUN,0.0,0.0
5,select_177/aten.select.int/Gather,Gather,unknown_f32,NOT_RUN,0.0,0.0
5,select_178/aten.select.int/Gather,Gather,unknown_f32,NOT_RUN,0.0,0.0
5,select_179/aten.select.int/Gather,Gather,unknown_f32,NOT_RUN,0.0,0.0
5,select_180/aten.select.int/Gather,Gather,unknown_f32,NOT_RUN,0.0,0.0
5,select_181/aten.select.int/Gather,Gather,unknown_f32,NOT_RUN,0.0,0.0
5,select_182/aten.select.int/Gather,Gather,unknown_f32,NOT_RUN,0.0,0.0
5,select_183/aten.select.int/Gather,Gather,unknown_f32,NOT_RUN,0.0,0.0
5,select_184/aten.select.int/Gather,Gather,unknown_f32,NOT_RUN,0.0,0.0
5,select_185/aten.select.int/Gather,Gather,unknown_f32,NOT_RUN,0.0,0.0
5,select_186/aten.select.int/Gather,Gather,unknown_f32,NOT_RUN,0.0,0.0
5,select_187/aten.select.int/Gather,Gather,unknown_f32,NOT_RUN,0.0,0.0
5,select_188/aten.select.int/Gather,Gather,unknown_f32,NOT_RUN,0.0,0.0
5,select_189/aten.select.int/Gather,Gather,unknown_f32,NOT_RUN,0.0,0.0
5,select_190/aten.select.int/Gather,Gather,unknown_f32,NOT_RUN,0.0,0.0
5,select_191/aten.select.int/Gather,Gather,unknown_f32,NOT_RUN,0.0,0.0
5,select_192/aten.select.int/Gather,Gather,unknown_f32,NOT_RUN,0.0,0.0
5,select_193/aten.select.int/Gather,Gather,unknown_f32,NOT_RUN,0.0,0.0
5,select_194/aten.select.int/Gather,Gather,unknown_f32,NOT_RUN,0.0,0.0
5,select_195/aten.select.int/Gather,Gather,unknown_f32,NOT_RUN,0.0,0.0
5,select_196/aten.select.int/Gather,Gather,unknown_f32,NOT_RUN,0.0,0.0
5,select_197/aten.select.int/Gather,Gather,unknown_f32,NOT_RUN,0.0,0.0
5,select_198/aten.select.int/Gather,Gather,unknown_f32,NOT_RUN,0.0,0.0
5,select_199/aten.select.int/Gather,Gather,unknown_f32,NOT_RUN,0.0,0.0
5,select_200/aten.select.int/Gather,Gather,unknown_f32,NOT_RUN,0.0,0.0
5,select_201/aten.select.int/Gather,Gather,unknown_f32,NOT_RUN,0.0,0.0
5,select_202/aten.select.int/Gather,Gather,unknown_f32,NOT_RUN,0.0,0.0
5,select_203/aten.select.int/Gather,Gather,unknown_f32,NOT_RUN,0.0,0.0
5,select_204/aten.select.int/Gather,Gather,unknown_f32,NOT_RUN,0.0,0.0
5,select_205/aten.select.int/Gather,Gather,unknown_f32,NOT_RUN,0.0,0.0
5,select_206/aten.select.int/Gather,Gather,unknown_f32,NOT_RUN,0.0,0.0
5,select_207/aten.select.int/Gather,Gather,unknown_f32,NOT_RUN,0.0,0.0
5,select_208/aten.select.int/Gather,Gather,unknown_f32,NOT_RUN,0.0,0.0
5,select_209/aten.select.int/Gather,Gather,unknown_f32,NOT_RUN,0.0,0.0
5,select_210/aten.select.int/Gather,Gather,unknown_f32,NOT_RUN,0.0,0.0
5,select_211/aten.select.int/Gather,Gather,unknown_f32,NOT_RUN,0.0,0.0
5,select_212/aten.select.int/Gather,Gather,unknown_f32,NOT_RUN,0.0,0.0
5,select_213/aten.select.int/Gather,Gather,unknown_f32,NOT_RUN,0.0,0.0
5,select_214/aten.select.int/Gather,Gather,unknown_f32,NOT_RUN,0.0,0.0
5,select_215/aten.select.int/Gather,Gather,unknown_f32,NOT_RUN,0.0,0.0
5,select_216/aten.select.int/Gather,Gather,unknown_f32,NOT_RUN,0.0,0.0
5,select_217/aten.select.int/Gather,Gather,unknown_f32,NOT_RUN,0.0,0.0
5,select_218/aten.select.int/Gather,Gather,unknown_f32,NOT_RUN,0.0,0.0
5,select_219/aten.select.int/Gather,Gather,unknown_f32,NOT_RUN,0.0,0.0
5,select_220/aten.select.int/Gather,Gather,unknown_f32,NOT_RUN,0.0,0.0
5,select_221/aten.select.int/Gather,Gather,unknown_f32,NOT_RUN,0.0,0.0
5,select_222/aten.select.int/Gather,Gather,unknown_f32,NOT_RUN,0.0,0.0
5,select_223/aten.select.int/Gather,Gather,unknown_f32,NOT_RUN,0.0,0.0
5,select_224/aten.select.int/Gather,Gather,unknown_f32,NOT_RUN,0.0,0.0
5,select_225/aten.select.int/Gather,Gather,unknown_f32,NOT_RUN,0.0,0.0
5,select_226/aten.select.int/Gather,Gather,unknown_f32,NOT_RUN,0.0,0.0
5,select_227/aten.select.int/Gather,Gather,unknown_f32,NOT_RUN,0.0,0.0
5,select_228/aten.select.int/Gather,Gather,unknown_f32,NOT_RUN,0.0,0.0
5,select_229/aten.select.int/Gather,Gather,unknown_f32,NOT_RUN,0.0,0.0
5,select_230/aten.select.int/Gather,Gather,unknown_f32,NOT_RUN,0.0,0.0
5,select_231/aten.select.int/Gather,Gather,unknown_f32,NOT_RUN,0.0,0.0
5,select_232/aten.select.int/Gather,Gather,unknown_f32,NOT_RUN,0.0,0.0
5,select_233/aten.select.int/Gather,Gather,unknown_f32,NOT_RUN,0.0,0.0
5,select_234/aten.select.int/Gather,Gather,unknown_f32,NOT_RUN,0.0,0.0
5,select_235/aten.select.int/Gather,Gather,unknown_f32,NOT_RUN,0.0,0.0
5,select_236/aten.select.int/Gather,Gather,unknown_f32,NOT_RUN,0.0,0.0
5,select_237/aten.select.int/Gather,Gather,unknown_f32,NOT_RUN,0.0,0.0
5,select_238/aten.select.int/Gather,Gather,unknown_f32,NOT_RUN,0.0,0.0
5,select_239/aten.select.int/Gather,Gather,unknown_f32,NOT_RUN,0.0,0.0
5,select_240/aten.select.int/Gather,Gather,unknown_f32,NOT_RUN,0.0,0.0
5,select_241/aten.select.int/Gather,Gather,unknown_f32,NOT_RUN,0.0,0.0
5,select_242/aten.select.int/Gather,Gather,unknown_f32,NOT_RUN,0.0,0.0
5,select_243/aten.select.int/Gather,Gather,unknown_f32,NOT_RUN,0.0,0.0
5,select_244/aten.select.int/Gather,Gather,unknown_f32,NOT_RUN,0.0,0.0
5,select_245/aten.select.int/Gather,Gather,unknown_f32,NOT_RUN,0.0,0.0
5,select_246/aten.select.int/Gather,Gather,unknown_f32,NOT_RUN,0.0,0.0
5,select_247/aten.select.int/Gather,Gather,unknown_f32,NOT_RUN,0.0,0.0
5,select_248/aten.select.int/Gather,Gather,unknown_f32,NOT_RUN,0.0,0.0
5,select_249/aten.select.int/Gather,Gather,unknown_f32,NOT_RUN,0.0,0.0
5,select_250/aten.select.int/Gather,Gather,unknown_f32,NOT_RUN,0.0,0.0
5,select_251/aten.select.int/Gather,Gather,unknown_f32,NOT_RUN,0.0,0.0
5,select_252/aten.select.int/Gather,Gather,unknown_f32,NOT_RUN,0.0,0.0
5,select_253/aten.select.int/Gather,Gather,unknown_f32,NOT_RUN,0.0,0.0
5,select_254/aten.select.int/Gather,Gather,unknown_f32,NOT_RUN,0.0,0.0
5,select_255/aten.select.int/Gather,Gather,unknown_f32,NOT_RUN,0.0,0.0
5,select_256/aten.select.int/Gather,Gather,unknown_f32,NOT_RUN,0.0,0.0
5,select_257/aten.select.int/Gather,Gather,unknown_f32,NOT_RUN,0.0,0.0
5,select_258/aten.select.int/Gather,Gather,unknown_f32,NOT_RUN,0.0,0.0
5,select_259/aten.select.int/Gather,Gather,unknown_f32,NOT_RUN,0.0,0.0
5,select_260/aten.select.int/Gather,Gather,unknown_f32,NOT_RUN,0.0,0.0
5,select_261/aten.select.int/Gather,Gather,unknown_f32,NOT_RUN,0.0,0.0
5,select_262/aten.select.int/Gather,Gather,unknown_f32,NOT_RUN,0.0,0.0
5,select_263/aten.select.int/Gather,Gather,unknown_f32,NOT_RUN,0.0,0.0
5,select_264/aten.select.int/Gather,Gather,unknown_f32,NOT_RUN,0.0,0.0
5,select_265/aten.select.int/Gather,Gather,unknown_f32,NOT_RUN,0.0,0.0
5,select_266/aten.select.int/Gather,Gather,unknown_f32,NOT_RUN,0.0,0.0
5,select_267/aten.select.int/Gather,Gather,unknown_f32,NOT_RUN,0.0,0.0
5,select_268/aten.select.int/Gather,Gather,unknown_f32,NOT_RUN,0.0,0.0
5,select_269/aten.select.int/Gather,Gather,unknown_f32,NOT_RUN,0.0,0.0
5,select_270/aten.select.int/Gather,Gather,unknown_f32,NOT_RUN,0.0,0.0
5,select_271/aten.select.int/Gather,Gather,unknown_f32,NOT_RUN,0.0,0.0
5,select_272/aten.select.int/Gather,Gather,unknown_f32,NOT_RUN,0.0,0.0
5,select_273/aten.select.int/Gather,Gather,unknown_f32,NOT_RUN,0.0,0.0
5,select_274/aten.select.int/Gather,Gather,unknown_f32,NOT_RUN,0.0,0.0
5,select_275/aten.select.int/Gather,Gather,unknown_f32,NOT_RUN,0.0,0.0
5,select_276/aten.select.int/Gather,Gather,unknown_f32,NOT_RUN,0.0,0.0
5,select_277/aten.select.int/Gather,Gather,unknown_f32,NOT_RUN,0.0,0.0
5,select_278/aten.select.int/Gather,Gather,unknown_f32,NOT_RUN,0.0,0.0
5,select_279/aten.select.int/Gather,Gather,unknown_f32,NOT_RUN,0.0,0.0
5,select_280/aten.select.int/Gather,Gather,unknown_f32,NOT_RUN,0.0,0.0
5,select_281/aten.select.int/Gather,Gather,unknown_f32,NOT_RUN,0.0,0.0
5,select_282/aten.select.int/Gather,Gather,unknown_f32,NOT_RUN,0.0,0.0
5,select_283/aten.select.int/Gather,Gather,unknown_f32,NOT_RUN,0.0,0.0
5,select_284/aten.select.int/Gather,Gather,unknown_f32,NOT_RUN,0.0,0.0
5,select_285/aten.select.int/Gather,Gather,unknown_f32,NOT_RUN,0.0,0.0
5,select_286/aten.select.int/Gather,Gather,unknown_f32,NOT_RUN,0.0,0.0
5,select_287/aten.select.int/Gather,Gather,unknown_f32,NOT_RUN,0.0,0.0
5,select_288/aten.select.int/Gather,Gather,unknown_f32,NOT_RUN,0.0,0.0
5,select_289/aten.select.int/Gather,Gather,unknown_f32,NOT_RUN,0.0,0.0
5,select_290/aten.select.int/Gather,Gather,unknown_f32,NOT_RUN,0.0,0.0
5,select_291/aten.select.int/Gather,Gather,unknown_f32,NOT_RUN,0.0,0.0
5,select_292/aten.select.int/Gather,Gather,unknown_f32,NOT_RUN,0.0,0.0
5,select_293/aten.select.int/Gather,Gather,unknown_f32,NOT_RUN,0.0,0.0
5,select_294/aten.select.int/Gather,Gather,unknown_f32,NOT_RUN,0.0,0.0
5,select_295/aten.select.int/Gather,Gather,unknown_f32,NOT_RUN,0.0,0.0
5,select_296/aten.select.int/Gather,Gather,unknown_f32,NOT_RUN,0.0,0.0
5,select_297/aten.select.int/Gather,Gather,unknown_f32,NOT_RUN,0.0,0.0
5,select_298/aten.select.int/Gather,Gather,unknown_f32,NOT_RUN,0.0,0.0
5,select_299/aten.select.int/Gather,Gather,unknown_f32,NOT_RUN,0.0,0.0
5,select_300/aten.select.int/Gather,Gather,unknown_f32,NOT_RUN,0.0,0.0
5,select_301/aten.select.int/Gather,Gather,unknown_f32,NOT_RUN,0.0,0.0
5,select_302/aten.select.int/Gather,Gather,unknown_f32,NOT_RUN,0.0,0.0
5,select_303/aten.select.int/Gather,Gather,unknown_f32,NOT_RUN,0.0,0.0
5,select_304/aten.select.int/Gather,Gather,unknown_f32,NOT_RUN,0.0,0.0
5,cat_3/aten.cat.default/Concat,Concat,ref_f32,EXECUTED,0.06899999999999999,0.06899999999999999
5,view_84/aten.view.default/Reshape,Reshape,unknown_f32,NOT_RUN,0.0,0.0
5,add_50/aten.add.Tensor/Add,Subgraph,jit_avx2_f32,EXECUTED,0.023,0.023
5,linear_2/aten.linear.default/Add,FullyConnected,brgemm_avx2_f32,EXECUTED,0.335,0.335
5,Multiply_13576,Multiply,undef,NOT_RUN,0.0,0.0
5,view_86/aten.view.default/Reshape,Reshape,unknown_f32,NOT_RUN,0.0,0.0
5,permute_3/aten.permute.default/Transpose,Transpose,unknown_f32,EXECUTED,0.020999999999999998,0.020999999999999998
5,linear_3/aten.linear.default/Add,FullyConnected,gemm_mlas_f32,EXECUTED,0.34099999999999997,0.34099999999999997
5,view_87/aten.view.default/Reshape,Reshape,unknown_f32,NOT_RUN,0.0,0.0
5,Transpose_12104,Transpose,unknown_f32,EXECUTED,0.051,0.051
5,linear_4/aten.linear.default/Add,FullyConnected,gemm_mlas_f32,EXECUTED,0.337,0.337
5,view_88/aten.view.default/Reshape,Reshape,unknown_f32,NOT_RUN,0.0,0.0
5,permute_5/aten.permute.default/Transpose,Transpose,unknown_f32,EXECUTED,0.015000000000000001,0.015000000000000001
5,bmm_1/aten.bmm.default/MatMul,Subgraph,jit_avx2_f32,EXECUTED,0.457,0.457
5,permute_7/aten.permute.default/Transpose,Transpose,unknown_f32,EXECUTED,0.030000000000000002,0.030000000000000002
5,view_89/aten.view.default/Reshape,Reshape,unknown_f32,NOT_RUN,0.0,0.0
5,linear_5/aten.linear.default/Add,FullyConnected,gemm_mlas_f32,EXECUTED,0.38499999999999995,0.38499999999999995
5,view_90/aten.view.default/Reshape,Reshape,unknown_f32,NOT_RUN,0.0,0.0
5,add_51/aten.add.Tensor/Add,Subgraph,jit_avx2_f32,EXECUTED,0.022,0.022
5,native_layer_norm/aten.native_layer_norm.default/MVN,MVN,jit_avx2_f32,EXECUTED,0.019,0.019
5,native_layer_norm/aten.native_layer_norm.default/Add,Subgraph,jit_avx2_f32,EXECUTED,0.017,0.017
5,linear_6/aten.linear.default/Add,FullyConnected,brgemm_avx2_f32,EXECUTED,1.375,1.375
5,relu_17/aten.relu.default/Relu,Relu,undef,NOT_RUN,0.0,0.0
5,linear_7/aten.linear.default/Add,FullyConnected,gemm_mlas_f32,EXECUTED,1.4760000000000002,1.4760000000000002
5,add_52/aten.add.Tensor/Add,Subgraph,jit_avx2_f32,EXECUTED,0.025,0.025
5,native_layer_norm_1/aten.native_layer_norm.default/MVN,MVN,jit_avx2_f32,EXECUTED,0.018000000000000002,0.018000000000000002
5,add_53/aten.add.Tensor/Add,Subgraph,jit_avx2_f32,EXECUTED,0.029,0.029
5,linear_8/aten.linear.default/Add,FullyConnected,brgemm_avx2_f32,EXECUTED,0.287,0.287
5,Multiply_13578,Multiply,undef,NOT_RUN,0.0,0.0
5,view_92/aten.view.default/Reshape,Reshape,unknown_f32,NOT_RUN,0.0,0.0
5,permute_8/aten.permute.default/Transpose,Transpose,unknown_f32,EXECUTED,0.019,0.019
5,linear_9/aten.linear.default/Add,FullyConnected,gemm_mlas_f32,EXECUTED,0.272,0.272
5,view_93/aten.view.default/Reshape,Reshape,unknown_f32,NOT_RUN,0.0,0.0
5,Transpose_12133,Transpose,unknown_f32,EXECUTED,0.04,0.04
5,linear_10/aten.linear.default/Add,FullyConnected,gemm_mlas_f32,EXECUTED,0.27999999999999997,0.27999999999999997
5,view_94/aten.view.default/Reshape,Reshape,unknown_f32,NOT_RUN,0.0,0.0
5,permute_10/aten.permute.default/Transpose,Transpose,unknown_f32,EXECUTED,0.013,0.013
5,bmm_3/aten.bmm.default/MatMul,Subgraph,jit_avx2_f32,EXECUTED,0.383,0.383
5,permute_12/aten.permute.default/Transpose,Transpose,unknown_f32,EXECUTED,0.019,0.019
5,view_95/aten.view.default/Reshape,Reshape,unknown_f32,NOT_RUN,0.0,0.0
5,linear_11/aten.linear.default/Add,FullyConnected,gemm_mlas_f32,EXECUTED,0.296,0.296
5,view_96/aten.view.default/Reshape,Reshape,unknown_f32,NOT_RUN,0.0,0.0
5,add_54/aten.add.Tensor/Add,Subgraph,jit_avx2_f32,EXECUTED,0.015000000000000001,0.015000000000000001
5,native_layer_norm_2/aten.native_layer_norm.default/MVN,MVN,jit_avx2_f32,EXECUTED,0.014,0.014
5,native_layer_norm_2/aten.native_layer_norm.default/Add,Subgraph,jit_avx2_f32,EXECUTED,0.006,0.006
5,linear_12/aten.linear.default/Add,FullyConnected,brgemm_avx2_f32,EXECUTED,1.287,1.287
5,relu_18/aten.relu.default/Relu,Relu,undef,NOT_RUN,0.0,0.0
5,linear_13/aten.linear.default/Add,FullyConnected,gemm_mlas_f32,EXECUTED,1.393,1.393
5,add_55/aten.add.Tensor/Add,Subgraph,jit_avx2_f32,EXECUTED,0.024,0.024
5,native_layer_norm_3/aten.native_layer_norm.default/MVN,MVN,jit_avx2_f32,EXECUTED,0.02,0.02
5,add_56/aten.add.Tensor/Add,Subgraph,jit_avx2_f32,EXECUTED,0.029,0.029
5,linear_14/aten.linear.default/Add,FullyConnected,brgemm_avx2_f32,EXECUTED,0.29,0.29
5,Multiply_13580,Multiply,undef,NOT_RUN,0.0,0.0
5,view_98/aten.view.default/Reshape,Reshape,unknown_f32,NOT_RUN,0.0,0.0
5,permute_13/aten.permute.default/Transpose,Transpose,unknown_f32,EXECUTED,0.02,0.02
5,linear_15/aten.linear.default/Add,FullyConnected,gemm_mlas_f32,EXECUTED,0.337,0.337
5,view_99/aten.view.default/Reshape,Reshape,unknown_f32,NOT_RUN,0.0,0.0
5,Transpose_12162,Transpose,unknown_f32,EXECUTED,0.052,0.052
5,linear_16/aten.linear.default/Add,FullyConnected,gemm_mlas_f32,EXECUTED,0.27799999999999997,0.27799999999999997
5,view_100/aten.view.default/Reshape,Reshape,unknown_f32,NOT_RUN,0.0,0.0
5,permute_15/aten.permute.default/Transpose,Transpose,unknown_f32,EXECUTED,0.014,0.014
5,bmm_5/aten.bmm.default/MatMul,Subgraph,jit_avx2_f32,EXECUTED,0.451,0.451
5,permute_17/aten.permute.default/Transpose,Transpose,unknown_f32,EXECUTED,0.025,0.025
5,view_101/aten.view.default/Reshape,Reshape,unknown_f32,NOT_RUN,0.0,0.0
5,linear_17/aten.linear.default/Add,FullyConnected,gemm_mlas_f32,EXECUTED,0.34400000000000003,0.34400000000000003
5,view_102/aten.view.default/Reshape,Reshape,unknown_f32,NOT_RUN,0.0,0.0
5,add_57/aten.add.Tensor/Add,Subgraph,jit_avx2_f32,EXECUTED,0.02,0.02
5,native_layer_norm_4/aten.native_layer_norm.default/MVN,MVN,jit_avx2_f32,EXECUTED,0.014,0.014
5,native_layer_norm_4/aten.native_layer_norm.default/Add,Subgraph,jit_avx2_f32,EXECUTED,0.011,0.011
5,linear_18/aten.linear.default/Add,FullyConnected,brgemm_avx2_f32,EXECUTED,1.351,1.351
5,relu_19/aten.relu.default/Relu,Relu,undef,NOT_RUN,0.0,0.0
5,linear_19/aten.linear.default/Add,FullyConnected,gemm_mlas_f32,EXECUTED,1.385,1.385
5,add_58/aten.add.Tensor/Add,Subgraph,jit_avx2_f32,EXECUTED,0.022,0.022
5,native_layer_norm_5/aten.native_layer_norm.default/MVN,MVN,jit_avx2_f32,EXECUTED,0.023,0.023
5,add_59/aten.add.Tensor/Add,Subgraph,jit_avx2_f32,EXECUTED,0.028,0.028
5,linear_20/aten.linear.default/Add,FullyConnected,brgemm_avx2_f32,EXECUTED,0.281,0.281
5,Multiply_13582,Multiply,undef,NOT_RUN,0.0,0.0
5,view_104/aten.view.default/Reshape,Reshape,unknown_f32,NOT_RUN,0.0,0.0
5,permute_18/aten.permute.default/Transpose,Transpose,unknown_f32,EXECUTED,0.015000000000000001,0.015000000000000001
5,linear_21/aten.linear.default/Add,FullyConnected,gemm_mlas_f32,EXECUTED,0.272,0.272
5,view_105/aten.view.default/Reshape,Reshape,unknown_f32,NOT_RUN,0.0,0.0
5,Transpose_12191,Transpose,unknown_f32,EXECUTED,0.037,0.037
5,linear_22/aten.linear.default/Add,FullyConnected,gemm_mlas_f32,EXECUTED,0.245,0.245
5,view_106/aten.view.default/Reshape,Reshape,unknown_f32,NOT_RUN,0.0,0.0
5,permute_20/aten.permute.default/Transpose,Transpose,unknown_f32,EXECUTED,0.009000000000000001,0.009000000000000001
5,bmm_7/aten.bmm.default/MatMul,Subgraph,jit_avx2_f32,EXECUTED,0.371,0.371
5,permute_22/aten.permute.default/Transpose,Transpose,unknown_f32,EXECUTED,0.019,0.019
5,view_107/aten.view.default/Reshape,Reshape,unknown_f32,NOT_RUN,0.0,0.0
5,linear_23/aten.linear.default/Add,FullyConnected,gemm_mlas_f32,EXECUTED,0.313,0.313
5,view_108/aten.view.default/Reshape,Reshape,unknown_f32,NOT_RUN,0.0,0.0
5,add_60/aten.add.Tensor/Add,Subgraph,jit_avx2_f32,EXECUTED,0.016,0.016
5,native_layer_norm_6/aten.native_layer_norm.default/MVN,MVN,jit_avx2_f32,EXECUTED,0.016,0.016
5,native_layer_norm_6/aten.native_layer_norm.default/Add,Subgraph,jit_avx2_f32,EXECUTED,0.007,0.007
5,linear_24/aten.linear.default/Add,FullyConnected,brgemm_avx2_f32,EXECUTED,1.335,1.335
5,relu_20/aten.relu.default/Relu,Relu,undef,NOT_RUN,0.0,0.0
5,linear_25/aten.linear.default/Add,FullyConnected,gemm_mlas_f32,EXECUTED,1.409,1.409
5,add_61/aten.add.Tensor/Add,Subgraph,jit_avx2_f32,EXECUTED,0.024,0.024
5,native_layer_norm_7/aten.native_layer_norm.default/MVN,MVN,jit_avx2_f32,EXECUTED,0.017,0.017
5,add_65/aten.add.Tensor/Add,Subgraph,jit_avx2_f32,EXECUTED,0.022,0.022
5,linear_31/aten.linear.default/Add,FullyConnected,gemm_mlas_f32,EXECUTED,0.29500000000000004,0.29500000000000004
5,view_117/aten.view.default/Reshape,Reshape,unknown_f32,NOT_RUN,0.0,0.0
5,Transpose_12220,Transpose,unknown_f32,EXECUTED,0.049,0.049
5,linear_32/aten.linear.default/Add,FullyConnected,gemm_mlas_f32,EXECUTED,0.298,0.298
5,view_118/aten.view.default/Reshape,Reshape,unknown_f32,NOT_RUN,0.0,0.0
5,permute_30/aten.permute.default/Transpose,Transpose,unknown_f32,EXECUTED,0.011,0.011
5,bmm_11/aten.bmm.default/MatMul,Subgraph,jit_avx2_f32,EXECUTED,0.22,0.22
5,permute_32/aten.permute.default/Transpose,Transpose,unknown_f32,EXECUTED,0.008,0.008
5,view_119/aten.view.default/Reshape,Reshape,unknown_f32,NOT_RUN,0.0,0.0
5,linear_33/aten.linear.default/Add,FullyConnected,gemm_mlas_f32,EXECUTED,0.145,0.145
5,view_120/aten.view.default/Reshape,Reshape,unknown_f32,NOT_RUN,0.0,0.0
5,add_66/aten.add.Tensor/Add,Subgraph,jit_avx2_f32,EXECUTED,0.013,0.013
5,native_layer_norm_9/aten.native_layer_norm.default/MVN,MVN,jit_avx2_f32,EXECUTED,0.006,0.006
5,native_layer_norm_9/aten.native_layer_norm.default/Add,Subgraph,jit_avx2_f32,EXECUTED,0.005,0.005
5,linear_34/aten.linear.default/Add,FullyConnected,brgemm_avx2_f32,EXECUTED,0.519,0.519
5,relu_21/aten.relu.default/Relu,Relu,undef,NOT_RUN,0.0,0.0
5,linear_35/aten.linear.default/Add,FullyConnected,gemm_mlas_f32,EXECUTED,0.5950000000000001,0.5950000000000001
5,add_67/aten.add.Tensor/Add,Subgraph,jit_avx2_f32,EXECUTED,0.013,0.013
5,native_layer_norm_10/aten.native_layer_norm.default/MVN,MVN,jit_avx2_f32,EXECUTED,0.009000000000000001,0.009000000000000001
5,native_layer_norm_10/aten.native_layer_norm.default/Add,Subgraph,jit_avx2_f32,EXECUTED,0.004,0.004
5,native_layer_norm_11/aten.native_layer_norm.default/MVN,MVN,jit_avx2_f32,EXECUTED,0.006,0.006
5,native_layer_norm_11/aten.native_layer_norm.default/Add,Subgraph,jit_avx2_f32,EXECUTED,0.003,0.003
5,permute_33/aten.permute.default/Transpose,Reshape,unknown_f32,NOT_RUN,0.0,0.0
5,linear_36/aten.linear.default/Add,FullyConnected,gemm_mlas_f32,EXECUTED,0.013,0.013
5,Result_6085,Result,unknown_f32,NOT_RUN,0.0,0.0
6,state,Parameter,unknown_f32,NOT_RUN,0.0,0.0
6,linear_1/aten.linear.default/Add,FullyConnected,gemm_mlas_f32,EXECUTED,0.066,0.066
6,wrist_image,Parameter,unknown_f32,NOT_RUN,0.0,0.0
6,wrist_image_abcd_acdb_mul_2/aten.mul.Tensor/Multiply,Reorder,jit_uni_f32,EXECUTED,0.23299999999999998,0.23299999999999998
6,mul_2/aten.mul.Tensor/Multiply,Convolution,brgconv_avx2_f32,EXECUTED,2.024,2.024
6,relu/aten.relu.default/Relu,Relu,undef,NOT_RUN,0.0,0.0
6,max_pool2d_with_indices/aten.max_pool2d_with_indices.default/MaxPool,MaxPool,jit_avx2_f32,EXECUTED,0.33,0.33
6,mul_5/aten.mul.Tensor/Multiply,Convolution,brgconv_avx2_f32,EXECUTED,1.9040000000000001,1.9040000000000001
6,relu_1/aten.relu.default/Relu,Relu,undef,NOT_RUN,0.0,0.0
6,mul_8/aten.mul.Tensor/Multiply,Convolution,brgconv_avx2_f32,EXECUTED,1.88,1.88
6,add_6/aten.add.Tensor/Add,Add,undef,NOT_RUN,0.0,0.0
6,relu_2/aten.relu.default/Relu,Relu,undef,NOT_RUN,0.0,0.0
6,mul_11/aten.mul.Tensor/Multiply,Convolution,brgconv_avx2_f32,EXECUTED,2.0010000000000003,2.0010000000000003
6,relu_3/aten.relu.default/Relu,Relu,undef,NOT_RUN,0.0,0.0
6,mul_14/aten.mul.Tensor/Multiply,Convolution,brgconv_avx2_f32,EXECUTED,1.9580000000000002,1.9580000000000002
6,add_11/aten.add.Tensor/Add,Add,undef,NOT_RUN,0.0,0.0
6,relu_4/aten.relu.default/Relu,Relu,undef,NOT_RUN,0.0,0.0
6,mul_17/aten.mul.Tensor/Multiply,Convolution,brgconv_avx2_f32,EXECUTED,1.065,1.065
6,relu_5/aten.relu.default/Relu,Relu,undef,NOT_RUN,0.0,0.0
6,mul_23/aten.mul.Tensor/Multiply,Convolution,brgconv_avx2_1x1_f32,EXECUTED,0.19799999999999998,0.19799999999999998
6,mul_20/aten.mul.Tensor/Multiply,Convolution,brgconv_avx2_f32,EXECUTED,1.822,1.822
6,add_18/aten.add.Tensor/Add,Add,undef,NOT_RUN,0.0,0.0
6,relu_6/aten.relu.default/Relu,Relu,undef,NOT_RUN,0.0,0.0
6,mul_26/aten.mul.Tensor/Multiply,Convolution,brgconv_avx2_f32,EXECUTED,1.822,1.822
6,relu_7/aten.relu.default/Relu,Relu,undef,NOT_RUN,0.0,0.0
6,mul_29/aten.mul.Tensor/Multiply,Convolution,brgconv_avx2_f32,EXECUTED,1.8519999999999999,1.8519999999999999
6,add_23/aten.add.Tensor/Add,Add,undef,NOT_RUN,0.0,0.0
6,relu_8/aten.relu.default/Relu,Relu,undef,NOT_RUN,0.0,0.0
6,mul_32/aten.mul.Tensor/Multiply,Convolution,brgconv_avx2_f32,EXECUTED,1.029,1.029
6,relu_9/aten.relu.default/Relu,Relu,undef,NOT_RUN,0.0,0.0
6,mul_38/aten.mul.Tensor/Multiply,Convolution,brgconv_avx2_1x1_f32,EXECUTED,0.23399999999999999,0.23399999999999999
6,mul_35/aten.mul.Tensor/Multiply,Convolution,brgconv_avx2_f32,EXECUTED,1.822,1.822
6,add_30/aten.add.Tensor/Add,Add,undef,NOT_RUN,0.0,0.0
6,relu_10/aten.relu.default/Relu,Relu,undef,NOT_RUN,0.0,0.0
6,mul_41/aten.mul.Tensor/Multiply,Convolution,brgconv_avx2_f32,EXECUTED,1.848,1.848
6,relu_11/aten.relu.default/Relu,Relu,undef,NOT_RUN,0.0,0.0
6,mul_44/aten.mul.Tensor/Multiply,Convolution,brgconv_avx2_f32,EXECUTED,1.911,1.911
6,add_35/aten.add.Tensor/Add,Add,undef,NOT_RUN,0.0,0.0
6,relu_12/aten.relu.default/Relu,Relu,undef,NOT_RUN,0.0,0.0
6,mul_47/aten.mul.Tensor/Multiply,Convolution,brgconv_avx2_f32,EXECUTED,1.066,1.066
6,relu_13/aten.relu.default/Relu,Relu,undef,NOT_RUN,0.0,0.0
6,mul_53/aten.mul.Tensor/Multiply,Convolution,brgconv_avx2_1x1_f32,EXECUTED,0.28200000000000003,0.28200000000000003
6,mul_50/aten.mul.Tensor/Multiply,Convolution,brgconv_avx2_f32,EXECUTED,1.795,1.795
6,add_42/aten.add.Tensor/Add,Add,undef,NOT_RUN,0.0,0.0
6,relu_14/aten.relu.default/Relu,Relu,undef,NOT_RUN,0.0,0.0
6,mul_56/aten.mul.Tensor/Multiply,Convolution,brgconv_avx2_f32,EXECUTED,1.846,1.846
6,relu_15/aten.relu.default/Relu,Relu,undef,NOT_RUN,0.0,0.0
6,mul_59/aten.mul.Tensor/Multiply,Convolution,brgconv_avx2_f32,EXECUTED,1.8539999999999999,1.8539999999999999
6,add_47/aten.add.Tensor/Add,Add,undef,NOT_RUN,0.0,0.0
6,relu_16/aten.relu.default/Relu,Relu,undef,NOT_RUN,0.0,0.0
6,convolution_20/aten.convolution.default/Convolution,Convolution,brgconv_avx2_1x1_f32,EXECUTED,0.392,0.392
6,permute_1/aten.permute.default/Transpose,Transpose,unknown_f32,EXECUTED,0.039,0.039
6,permute_1/aten.permute.default/Transpose_acdb_abcd_view_82/aten.view.default/Reshape,Reorder,reorder_f32,EXECUTED,0.027,0.027
6,view_82/aten.view.default/Reshape,Reshape,unknown_f32,NOT_RUN,0.0,0.0
6,select_5/aten.select.int/Gather,Gather,unknown_f32,NOT_RUN,0.0,0.0
6,select_6/aten.select.int/Gather,Gather,unknown_f32,NOT_RUN,0.0,0.0
6,select_7/aten.select.int/Gather,Gather,unknown_f32,NOT_RUN,0.0,0.0
6,select_8/aten.select.int/Gather,Gather,unknown_f32,NOT_RUN,0.0,0.0
6,select_9/aten.select.int/Gather,Gather,unknown_f32,NOT_RUN,0.0,0.0
6,select_10/aten.select.int/Gather,Gather,unknown_f32,NOT_RUN,0.0,0.0
6,select_11/aten.select.int/Gather,Gather,unknown_f32,NOT_RUN,0.0,0.0
6,select_12/aten.select.int/Gather,Gather,unknown_f32,NOT_RUN,0.0,0.0
6,select_13/aten.select.int/Gather,Gather,unknown_f32,NOT_RUN,0.0,0.0
6,select_14/aten.select.int/Gather,Gather,unknown_f32,NOT_RUN,0.0,0.0
6,select_15/aten.select.int/Gather,Gather,unknown_f32,NOT_RUN,0.0,0.0
6,select_16/aten.select.int/Gather,Gather,unknown_f32,NOT_RUN,0.0,0.0
6,select_17/aten.select.int/Gather,Gather,unknown_f32,NOT_RUN,0.0,0.0
6,select_18/aten.select.int/Gather,Gather,unknown_f32,NOT_RUN,0.0,0.0
6,select_19/aten.select.int/Gather,Gather,unknown_f32,NOT_RUN,0.0,0.0
6,select_20/aten.select.int/Gather,Gather,unknown_f32,NOT_RUN,0.0,0.0
6,select_21/aten.select.int/Gather,Gather,unknown_f32,NOT_RUN,0.0,0.0
6,select_22/aten.select.int/Gather,Gather,unknown_f32,NOT_RUN,0.0,0.0
6,select_23/aten.select.int/Gather,Gather,unknown_f32,NOT_RUN,0.0,0.0
6,select_24/aten.select.int/Gather,Gather,unknown_f32,NOT_RUN,0.0,0.0
6,select_25/aten.select.int/Gather,Gather,unknown_f32,NOT_RUN,0.0,0.0
6,select_26/aten.select.int/Gather,Gather,unknown_f32,NOT_RUN,0.0,0.0
6,select_27/aten.select.int/Gather,Gather,unknown_f32,NOT_RUN,0.0,0.0
6,select_28/aten.select.int/Gather,Gather,unknown_f32,NOT_RUN,0.0,0.0
6,select_29/aten.select.int/Gather,Gather,unknown_f32,NOT_RUN,0.0,0.0
6,select_30/aten.select.int/Gather,Gather,unknown_f32,NOT_RUN,0.0,0.0
6,select_31/aten.select.int/Gather,Gather,unknown_f32,NOT_RUN,0.0,0.0
6,select_32/aten.select.int/Gather,Gather,unknown_f32,NOT_RUN,0.0,0.0
6,select_33/aten.select.int/Gather,Gather,unknown_f32,NOT_RUN,0.0,0.0
6,select_34/aten.select.int/Gather,Gather,unknown_f32,NOT_RUN,0.0,0.0
6,select_35/aten.select.int/Gather,Gather,unknown_f32,NOT_RUN,0.0,0.0
6,select_36/aten.select.int/Gather,Gather,unknown_f32,NOT_RUN,0.0,0.0
6,select_37/aten.select.int/Gather,Gather,unknown_f32,NOT_RUN,0.0,0.0
6,select_38/aten.select.int/Gather,Gather,unknown_f32,NOT_RUN,0.0,0.0
6,select_39/aten.select.int/Gather,Gather,unknown_f32,NOT_RUN,0.0,0.0
6,select_40/aten.select.int/Gather,Gather,unknown_f32,NOT_RUN,0.0,0.0
6,select_41/aten.select.int/Gather,Gather,unknown_f32,NOT_RUN,0.0,0.0
6,select_42/aten.select.int/Gather,Gather,unknown_f32,NOT_RUN,0.0,0.0
6,select_43/aten.select.int/Gather,Gather,unknown_f32,NOT_RUN,0.0,0.0
6,select_44/aten.select.int/Gather,Gather,unknown_f32,NOT_RUN,0.0,0.0
6,select_45/aten.select.int/Gather,Gather,unknown_f32,NOT_RUN,0.0,0.0
6,select_46/aten.select.int/Gather,Gather,unknown_f32,NOT_RUN,0.0,0.0
6,select_47/aten.select.int/Gather,Gather,unknown_f32,NOT_RUN,0.0,0.0
6,select_48/aten.select.int/Gather,Gather,unknown_f32,NOT_RUN,0.0,0.0
6,select_49/aten.select.int/Gather,Gather,unknown_f32,NOT_RUN,0.0,0.0
6,select_50/aten.select.int/Gather,Gather,unknown_f32,NOT_RUN,0.0,0.0
6,select_51/aten.select.int/Gather,Gather,unknown_f32,NOT_RUN,0.0,0.0
6,select_52/aten.select.int/Gather,Gather,unknown_f32,NOT_RUN,0.0,0.0
6,select_53/aten.select.int/Gather,Gather,unknown_f32,NOT_RUN,0.0,0.0
6,select_54/aten.select.int/Gather,Gather,unknown_f32,NOT_RUN,0.0,0.0
6,select_55/aten.select.int/Gather,Gather,unknown_f32,NOT_RUN,0.0,0.0
6,select_56/aten.select.int/Gather,Gather,unknown_f32,NOT_RUN,0.0,0.0
6,select_57/aten.select.int/Gather,Gather,unknown_f32,NOT_RUN,0.0,0.0
6,select_58/aten.select.int/Gather,Gather,unknown_f32,NOT_RUN,0.0,0.0
6,select_59/aten.select.int/Gather,Gather,unknown_f32,NOT_RUN,0.0,0.0
6,select_60/aten.select.int/Gather,Gather,unknown_f32,NOT_RUN,0.0,0.0
6,select_61/aten.select.int/Gather,Gather,unknown_f32,NOT_RUN,0.0,0.0
6,select_62/aten.select.int/Gather,Gather,unknown_f32,NOT_RUN,0.0,0.0
6,select_63/aten.select.int/Gather,Gather,unknown_f32,NOT_RUN,0.0,0.0
6,select_64/aten.select.int/Gather,Gather,unknown_f32,NOT_RUN,0.0,0.0
6,select_65/aten.select.int/Gather,Gather,unknown_f32,NOT_RUN,0.0,0.0
6,select_66/aten.select.int/Gather,Gather,unknown_f32,NOT_RUN,0.0,0.0
6,select_67/aten.select.int/Gather,Gather,unknown_f32,NOT_RUN,0.0,0.0
6,select_68/aten.select.int/Gather,Gather,unknown_f32,NOT_RUN,0.0,0.0
6,select_69/aten.select.int/Gather,Gather,unknown_f32,NOT_RUN,0.0,0.0
6,select_70/aten.select.int/Gather,Gather,unknown_f32,NOT_RUN,0.0,0.0
6,select_71/aten.select.int/Gather,Gather,unknown_f32,NOT_RUN,0.0,0.0
6,select_72/aten.select.int/Gather,Gather,unknown_f32,NOT_RUN,0.0,0.0
6,select_73/aten.select.int/Gather,Gather,unknown_f32,NOT_RUN,0.0,0.0
6,select_74/aten.select.int/Gather,Gather,unknown_f32,NOT_RUN,0.0,0.0
6,select_75/aten.select.int/Gather,Gather,unknown_f32,NOT_RUN,0.0,0.0
6,select_76/aten.select.int/Gather,Gather,unknown_f32,NOT_RUN,0.0,0.0
6,select_77/aten.select.int/Gather,Gather,unknown_f32,NOT_RUN,0.0,0.0
6,select_78/aten.select.int/Gather,Gather,unknown_f32,NOT_RUN,0.0,0.0
6,select_79/aten.select.int/Gather,Gather,unknown_f32,NOT_RUN,0.0,0.0
6,select_80/aten.select.int/Gather,Gather,unknown_f32,NOT_RUN,0.0,0.0
6,select_81/aten.select.int/Gather,Gather,unknown_f32,NOT_RUN,0.0,0.0
6,select_82/aten.select.int/Gather,Gather,unknown_f32,NOT_RUN,0.0,0.0
6,select_83/aten.select.int/Gather,Gather,unknown_f32,NOT_RUN,0.0,0.0
6,select_84/aten.select.int/Gather,Gather,unknown_f32,NOT_RUN,0.0,0.0
6,select_85/aten.select.int/Gather,Gather,unknown_f32,NOT_RUN,0.0,0.0
6,select_86/aten.select.int/Gather,Gather,unknown_f32,NOT_RUN,0.0,0.0
6,select_87/aten.select.int/Gather,Gather,unknown_f32,NOT_RUN,0.0,0.0
6,select_88/aten.select.int/Gather,Gather,unknown_f32,NOT_RUN,0.0,0.0
6,select_89/aten.select.int/Gather,Gather,unknown_f32,NOT_RUN,0.0,0.0
6,select_90/aten.select.int/Gather,Gather,unknown_f32,NOT_RUN,0.0,0.0
6,select_91/aten.select.int/Gather,Gather,unknown_f32,NOT_RUN,0.0,0.0
6,select_92/aten.select.int/Gather,Gather,unknown_f32,NOT_RUN,0.0,0.0
6,select_93/aten.select.int/Gather,Gather,unknown_f32,NOT_RUN,0.0,0.0
6,select_94/aten.select.int/Gather,Gather,unknown_f32,NOT_RUN,0.0,0.0
6,select_95/aten.select.int/Gather,Gather,unknown_f32,NOT_RUN,0.0,0.0
6,select_96/aten.select.int/Gather,Gather,unknown_f32,NOT_RUN,0.0,0.0
6,select_97/aten.select.int/Gather,Gather,unknown_f32,NOT_RUN,0.0,0.0
6,select_98/aten.select.int/Gather,Gather,unknown_f32,NOT_RUN,0.0,0.0
6,select_99/aten.select.int/Gather,Gather,unknown_f32,NOT_RUN,0.0,0.0
6,select_100/aten.select.int/Gather,Gather,unknown_f32,NOT_RUN,0.0,0.0
6,select_101/aten.select.int/Gather,Gather,unknown_f32,NOT_RUN,0.0,0.0
6,select_102/aten.select.int/Gather,Gather,unknown_f32,NOT_RUN,0.0,0.0
6,select_103/aten.select.int/Gather,Gather,unknown_f32,NOT_RUN,0.0,0.0
6,select_104/aten.select.int/Gather,Gather,unknown_f32,NOT_RUN,0.0,0.0
6,select_105/aten.select.int/Gather,Gather,unknown_f32,NOT_RUN,0.0,0.0
6,select_106/aten.select.int/Gather,Gather,unknown_f32,NOT_RUN,0.0,0.0
6,select_107/aten.select.int/Gather,Gather,unknown_f32,NOT_RUN,0.0,0.0
6,select_108/aten.select.int/Gather,Gather,unknown_f32,NOT_RUN,0.0,0.0
6,select_109/aten.select.int/Gather,Gather,unknown_f32,NOT_RUN,0.0,0.0
6,select_110/aten.select.int/Gather,Gather,unknown_f32,NOT_RUN,0.0,0.0
6,select_111/aten.select.int/Gather,Gather,unknown_f32,NOT_RUN,0.0,0.0
6,select_112/aten.select.int/Gather,Gather,unknown_f32,NOT_RUN,0.0,0.0
6,select_113/aten.select.int/Gather,Gather,unknown_f32,NOT_RUN,0.0,0.0
6,select_114/aten.select.int/Gather,Gather,unknown_f32,NOT_RUN,0.0,0.0
6,select_115/aten.select.int/Gather,Gather,unknown_f32,NOT_RUN,0.0,0.0
6,select_116/aten.select.int/Gather,Gather,unknown_f32,NOT_RUN,0.0,0.0
6,select_117/aten.select.int/Gather,Gather,unknown_f32,NOT_RUN,0.0,0.0
6,select_118/aten.select.int/Gather,Gather,unknown_f32,NOT_RUN,0.0,0.0
6,select_119/aten.select.int/Gather,Gather,unknown_f32,NOT_RUN,0.0,0.0
6,select_120/aten.select.int/Gather,Gather,unknown_f32,NOT_RUN,0.0,0.0
6,select_121/aten.select.int/Gather,Gather,unknown_f32,NOT_RUN,0.0,0.0
6,select_122/aten.select.int/Gather,Gather,unknown_f32,NOT_RUN,0.0,0.0
6,select_123/aten.select.int/Gather,Gather,unknown_f32,NOT_RUN,0.0,0.0
6,select_124/aten.select.int/Gather,Gather,unknown_f32,NOT_RUN,0.0,0.0
6,select_125/aten.select.int/Gather,Gather,unknown_f32,NOT_RUN,0.0,0.0
6,select_126/aten.select.int/Gather,Gather,unknown_f32,NOT_RUN,0.0,0.0
6,select_127/aten.select.int/Gather,Gather,unknown_f32,NOT_RUN,0.0,0.0
6,select_128/aten.select.int/Gather,Gather,unknown_f32,NOT_RUN,0.0,0.0
6,select_129/aten.select.int/Gather,Gather,unknown_f32,NOT_RUN,0.0,0.0
6,select_130/aten.select.int/Gather,Gather,unknown_f32,NOT_RUN,0.0,0.0
6,select_131/aten.select.int/Gather,Gather,unknown_f32,NOT_RUN,0.0,0.0
6,select_132/aten.select.int/Gather,Gather,unknown_f32,NOT_RUN,0.0,0.0
6,select_133/aten.select.int/Gather,Gather,unknown_f32,NOT_RUN,0.0,0.0
6,select_134/aten.select.int/Gather,Gather,unknown_f32,NOT_RUN,0.0,0.0
6,select_135/aten.select.int/Gather,Gather,unknown_f32,NOT_RUN,0.0,0.0
6,select_136/aten.select.int/Gather,Gather,unknown_f32,NOT_RUN,0.0,0.0
6,select_137/aten.select.int/Gather,Gather,unknown_f32,NOT_RUN,0.0,0.0
6,select_138/aten.select.int/Gather,Gather,unknown_f32,NOT_RUN,0.0,0.0
6,select_139/aten.select.int/Gather,Gather,unknown_f32,NOT_RUN,0.0,0.0
6,select_140/aten.select.int/Gather,Gather,unknown_f32,NOT_RUN,0.0,0.0
6,select_141/aten.select.int/Gather,Gather,unknown_f32,NOT_RUN,0.0,0.0
6,select_142/aten.select.int/Gather,Gather,unknown_f32,NOT_RUN,0.0,0.0
6,select_143/aten.select.int/Gather,Gather,unknown_f32,NOT_RUN,0.0,0.0
6,select_144/aten.select.int/Gather,Gather,unknown_f32,NOT_RUN,0.0,0.0
6,select_145/aten.select.int/Gather,Gather,unknown_f32,NOT_RUN,0.0,0.0
6,select_146/aten.select.int/Gather,Gather,unknown_f32,NOT_RUN,0.0,0.0
6,select_147/aten.select.int/Gather,Gather,unknown_f32,NOT_RUN,0.0,0.0
6,select_148/aten.select.int/Gather,Gather,unknown_f32,NOT_RUN,0.0,0.0
6,select_149/aten.select.int/Gather,Gather,unknown_f32,NOT_RUN,0.0,0.0
6,select_150/aten.select.int/Gather,Gather,unknown_f32,NOT_RUN,0.0,0.0
6,select_151/aten.select.int/Gather,Gather,unknown_f32,NOT_RUN,0.0,0.0
6,select_152/aten.select.int/Gather,Gather,unknown_f32,NOT_RUN,0.0,0.0
6,select_153/aten.select.int/Gather,Gather,unknown_f32,NOT_RUN,0.0,0.0
6,select_154/aten.select.int/Gather,Gather,unknown_f32,NOT_RUN,0.0,0.0
6,select_155/aten.select.int/Gather,Gather,unknown_f32,NOT_RUN,0.0,0.0
6,select_156/aten.select.int/Gather,Gather,unknown_f32,NOT_RUN,0.0,0.0
6,select_157/aten.select.int/Gather,Gather,unknown_f32,NOT_RUN,0.0,0.0
6,select_158/aten.select.int/Gather,Gather,unknown_f32,NOT_RUN,0.0,0.0
6,select_159/aten.select.int/Gather,Gather,unknown_f32,NOT_RUN,0.0,0.0
6,select_160/aten.select.int/Gather,Gather,unknown_f32,NOT_RUN,0.0,0.0
6,select_161/aten.select.int/Gather,Gather,unknown_f32,NOT_RUN,0.0,0.0
6,select_162/aten.select.int/Gather,Gather,unknown_f32,NOT_RUN,0.0,0.0
6,select_163/aten.select.int/Gather,Gather,unknown_f32,NOT_RUN,0.0,0.0
6,select_164/aten.select.int/Gather,Gather,unknown_f32,NOT_RUN,0.0,0.0
6,select_165/aten.select.int/Gather,Gather,unknown_f32,NOT_RUN,0.0,0.0
6,select_166/aten.select.int/Gather,Gather,unknown_f32,NOT_RUN,0.0,0.0
6,select_167/aten.select.int/Gather,Gather,unknown_f32,NOT_RUN,0.0,0.0
6,select_168/aten.select.int/Gather,Gather,unknown_f32,NOT_RUN,0.0,0.0
6,select_169/aten.select.int/Gather,Gather,unknown_f32,NOT_RUN,0.0,0.0
6,select_170/aten.select.int/Gather,Gather,unknown_f32,NOT_RUN,0.0,0.0
6,select_171/aten.select.int/Gather,Gather,unknown_f32,NOT_RUN,0.0,0.0
6,select_172/aten.select.int/Gather,Gather,unknown_f32,NOT_RUN,0.0,0.0
6,select_173/aten.select.int/Gather,Gather,unknown_f32,NOT_RUN,0.0,0.0
6,select_174/aten.select.int/Gather,Gather,unknown_f32,NOT_RUN,0.0,0.0
6,select_175/aten.select.int/Gather,Gather,unknown_f32,NOT_RUN,0.0,0.0
6,select_176/aten.select.int/Gather,Gather,unknown_f32,NOT_RUN,0.0,0.0
6,select_177/aten.select.int/Gather,Gather,unknown_f32,NOT_RUN,0.0,0.0
6,select_178/aten.select.int/Gather,Gather,unknown_f32,NOT_RUN,0.0,0.0
6,select_179/aten.select.int/Gather,Gather,unknown_f32,NOT_RUN,0.0,0.0
6,select_180/aten.select.int/Gather,Gather,unknown_f32,NOT_RUN,0.0,0.0
6,select_181/aten.select.int/Gather,Gather,unknown_f32,NOT_RUN,0.0,0.0
6,select_182/aten.select.int/Gather,Gather,unknown_f32,NOT_RUN,0.0,0.0
6,select_183/aten.select.int/Gather,Gather,unknown_f32,NOT_RUN,0.0,0.0
6,select_184/aten.select.int/Gather,Gather,unknown_f32,NOT_RUN,0.0,0.0
6,select_185/aten.select.int/Gather,Gather,unknown_f32,NOT_RUN,0.0,0.0
6,select_186/aten.select.int/Gather,Gather,unknown_f32,NOT_RUN,0.0,0.0
6,select_187/aten.select.int/Gather,Gather,unknown_f32,NOT_RUN,0.0,0.0
6,select_188/aten.select.int/Gather,Gather,unknown_f32,NOT_RUN,0.0,0.0
6,select_189/aten.select.int/Gather,Gather,unknown_f32,NOT_RUN,0.0,0.0
6,select_190/aten.select.int/Gather,Gather,unknown_f32,NOT_RUN,0.0,0.0
6,select_191/aten.select.int/Gather,Gather,unknown_f32,NOT_RUN,0.0,0.0
6,select_192/aten.select.int/Gather,Gather,unknown_f32,NOT_RUN,0.0,0.0
6,select_193/aten.select.int/Gather,Gather,unknown_f32,NOT_RUN,0.0,0.0
6,select_194/aten.select.int/Gather,Gather,unknown_f32,NOT_RUN,0.0,0.0
6,select_195/aten.select.int/Gather,Gather,unknown_f32,NOT_RUN,0.0,0.0
6,select_196/aten.select.int/Gather,Gather,unknown_f32,NOT_RUN,0.0,0.0
6,select_197/aten.select.int/Gather,Gather,unknown_f32,NOT_RUN,0.0,0.0
6,select_198/aten.select.int/Gather,Gather,unknown_f32,NOT_RUN,0.0,0.0
6,select_199/aten.select.int/Gather,Gather,unknown_f32,NOT_RUN,0.0,0.0
6,select_200/aten.select.int/Gather,Gather,unknown_f32,NOT_RUN,0.0,0.0
6,select_201/aten.select.int/Gather,Gather,unknown_f32,NOT_RUN,0.0,0.0
6,select_202/aten.select.int/Gather,Gather,unknown_f32,NOT_RUN,0.0,0.0
6,select_203/aten.select.int/Gather,Gather,unknown_f32,NOT_RUN,0.0,0.0
6,select_204/aten.select.int/Gather,Gather,unknown_f32,NOT_RUN,0.0,0.0
6,select_205/aten.select.int/Gather,Gather,unknown_f32,NOT_RUN,0.0,0.0
6,select_206/aten.select.int/Gather,Gather,unknown_f32,NOT_RUN,0.0,0.0
6,select_207/aten.select.int/Gather,Gather,unknown_f32,NOT_RUN,0.0,0.0
6,select_208/aten.select.int/Gather,Gather,unknown_f32,NOT_RUN,0.0,0.0
6,select_209/aten.select.int/Gather,Gather,unknown_f32,NOT_RUN,0.0,0.0
6,select_210/aten.select.int/Gather,Gather,unknown_f32,NOT_RUN,0.0,0.0
6,select_211/aten.select.int/Gather,Gather,unknown_f32,NOT_RUN,0.0,0.0
6,select_212/aten.select.int/Gather,Gather,unknown_f32,NOT_RUN,0.0,0.0
6,select_213/aten.select.int/Gather,Gather,unknown_f32,NOT_RUN,0.0,0.0
6,select_214/aten.select.int/Gather,Gather,unknown_f32,NOT_RUN,0.0,0.0
6,select_215/aten.select.int/Gather,Gather,unknown_f32,NOT_RUN,0.0,0.0
6,select_216/aten.select.int/Gather,Gather,unknown_f32,NOT_RUN,0.0,0.0
6,select_217/aten.select.int/Gather,Gather,unknown_f32,NOT_RUN,0.0,0.0
6,select_218/aten.select.int/Gather,Gather,unknown_f32,NOT_RUN,0.0,0.0
6,select_219/aten.select.int/Gather,Gather,unknown_f32,NOT_RUN,0.0,0.0
6,select_220/aten.select.int/Gather,Gather,unknown_f32,NOT_RUN,0.0,0.0
6,select_221/aten.select.int/Gather,Gather,unknown_f32,NOT_RUN,0.0,0.0
6,select_222/aten.select.int/Gather,Gather,unknown_f32,NOT_RUN,0.0,0.0
6,select_223/aten.select.int/Gather,Gather,unknown_f32,NOT_RUN,0.0,0.0
6,select_224/aten.select.int/Gather,Gather,unknown_f32,NOT_RUN,0.0,0.0
6,select_225/aten.select.int/Gather,Gather,unknown_f32,NOT_RUN,0.0,0.0
6,select_226/aten.select.int/Gather,Gather,unknown_f32,NOT_RUN,0.0,0.0
6,select_227/aten.select.int/Gather,Gather,unknown_f32,NOT_RUN,0.0,0.0
6,select_228/aten.select.int/Gather,Gather,unknown_f32,NOT_RUN,0.0,0.0
6,select_229/aten.select.int/Gather,Gather,unknown_f32,NOT_RUN,0.0,0.0
6,select_230/aten.select.int/Gather,Gather,unknown_f32,NOT_RUN,0.0,0.0
6,select_231/aten.select.int/Gather,Gather,unknown_f32,NOT_RUN,0.0,0.0
6,select_232/aten.select.int/Gather,Gather,unknown_f32,NOT_RUN,0.0,0.0
6,select_233/aten.select.int/Gather,Gather,unknown_f32,NOT_RUN,0.0,0.0
6,select_234/aten.select.int/Gather,Gather,unknown_f32,NOT_RUN,0.0,0.0
6,select_235/aten.select.int/Gather,Gather,unknown_f32,NOT_RUN,0.0,0.0
6,select_236/aten.select.int/Gather,Gather,unknown_f32,NOT_RUN,0.0,0.0
6,select_237/aten.select.int/Gather,Gather,unknown_f32,NOT_RUN,0.0,0.0
6,select_238/aten.select.int/Gather,Gather,unknown_f32,NOT_RUN,0.0,0.0
6,select_239/aten.select.int/Gather,Gather,unknown_f32,NOT_RUN,0.0,0.0
6,select_240/aten.select.int/Gather,Gather,unknown_f32,NOT_RUN,0.0,0.0
6,select_241/aten.select.int/Gather,Gather,unknown_f32,NOT_RUN,0.0,0.0
6,select_242/aten.select.int/Gather,Gather,unknown_f32,NOT_RUN,0.0,0.0
6,select_243/aten.select.int/Gather,Gather,unknown_f32,NOT_RUN,0.0,0.0
6,select_244/aten.select.int/Gather,Gather,unknown_f32,NOT_RUN,0.0,0.0
6,select_245/aten.select.int/Gather,Gather,unknown_f32,NOT_RUN,0.0,0.0
6,select_246/aten.select.int/Gather,Gather,unknown_f32,NOT_RUN,0.0,0.0
6,select_247/aten.select.int/Gather,Gather,unknown_f32,NOT_RUN,0.0,0.0
6,select_248/aten.select.int/Gather,Gather,unknown_f32,NOT_RUN,0.0,0.0
6,select_249/aten.select.int/Gather,Gather,unknown_f32,NOT_RUN,0.0,0.0
6,select_250/aten.select.int/Gather,Gather,unknown_f32,NOT_RUN,0.0,0.0
6,select_251/aten.select.int/Gather,Gather,unknown_f32,NOT_RUN,0.0,0.0
6,select_252/aten.select.int/Gather,Gather,unknown_f32,NOT_RUN,0.0,0.0
6,select_253/aten.select.int/Gather,Gather,unknown_f32,NOT_RUN,0.0,0.0
6,select_254/aten.select.int/Gather,Gather,unknown_f32,NOT_RUN,0.0,0.0
6,select_255/aten.select.int/Gather,Gather,unknown_f32,NOT_RUN,0.0,0.0
6,select_256/aten.select.int/Gather,Gather,unknown_f32,NOT_RUN,0.0,0.0
6,select_257/aten.select.int/Gather,Gather,unknown_f32,NOT_RUN,0.0,0.0
6,select_258/aten.select.int/Gather,Gather,unknown_f32,NOT_RUN,0.0,0.0
6,select_259/aten.select.int/Gather,Gather,unknown_f32,NOT_RUN,0.0,0.0
6,select_260/aten.select.int/Gather,Gather,unknown_f32,NOT_RUN,0.0,0.0
6,select_261/aten.select.int/Gather,Gather,unknown_f32,NOT_RUN,0.0,0.0
6,select_262/aten.select.int/Gather,Gather,unknown_f32,NOT_RUN,0.0,0.0
6,select_263/aten.select.int/Gather,Gather,unknown_f32,NOT_RUN,0.0,0.0
6,select_264/aten.select.int/Gather,Gather,unknown_f32,NOT_RUN,0.0,0.0
6,select_265/aten.select.int/Gather,Gather,unknown_f32,NOT_RUN,0.0,0.0
6,select_266/aten.select.int/Gather,Gather,unknown_f32,NOT_RUN,0.0,0.0
6,select_267/aten.select.int/Gather,Gather,unknown_f32,NOT_RUN,0.0,0.0
6,select_268/aten.select.int/Gather,Gather,unknown_f32,NOT_RUN,0.0,0.0
6,select_269/aten.select.int/Gather,Gather,unknown_f32,NOT_RUN,0.0,0.0
6,select_270/aten.select.int/Gather,Gather,unknown_f32,NOT_RUN,0.0,0.0
6,select_271/aten.select.int/Gather,Gather,unknown_f32,NOT_RUN,0.0,0.0
6,select_272/aten.select.int/Gather,Gather,unknown_f32,NOT_RUN,0.0,0.0
6,select_273/aten.select.int/Gather,Gather,unknown_f32,NOT_RUN,0.0,0.0
6,select_274/aten.select.int/Gather,Gather,unknown_f32,NOT_RUN,0.0,0.0
6,select_275/aten.select.int/Gather,Gather,unknown_f32,NOT_RUN,0.0,0.0
6,select_276/aten.select.int/Gather,Gather,unknown_f32,NOT_RUN,0.0,0.0
6,select_277/aten.select.int/Gather,Gather,unknown_f32,NOT_RUN,0.0,0.0
6,select_278/aten.select.int/Gather,Gather,unknown_f32,NOT_RUN,0.0,0.0
6,select_279/aten.select.int/Gather,Gather,unknown_f32,NOT_RUN,0.0,0.0
6,select_280/aten.select.int/Gather,Gather,unknown_f32,NOT_RUN,0.0,0.0
6,select_281/aten.select.int/Gather,Gather,unknown_f32,NOT_RUN,0.0,0.0
6,select_282/aten.select.int/Gather,Gather,unknown_f32,NOT_RUN,0.0,0.0
6,select_283/aten.select.int/Gather,Gather,unknown_f32,NOT_RUN,0.0,0.0
6,select_284/aten.select.int/Gather,Gather,unknown_f32,NOT_RUN,0.0,0.0
6,select_285/aten.select.int/Gather,Gather,unknown_f32,NOT_RUN,0.0,0.0
6,select_286/aten.select.int/Gather,Gather,unknown_f32,NOT_RUN,0.0,0.0
6,select_287/aten.select.int/Gather,Gather,unknown_f32,NOT_RUN,0.0,0.0
6,select_288/aten.select.int/Gather,Gather,unknown_f32,NOT_RUN,0.0,0.0
6,select_289/aten.select.int/Gather,Gather,unknown_f32,NOT_RUN,0.0,0.0
6,select_290/aten.select.int/Gather,Gather,unknown_f32,NOT_RUN,0.0,0.0
6,select_291/aten.select.int/Gather,Gather,unknown_f32,NOT_RUN,0.0,0.0
6,select_292/aten.select.int/Gather,Gather,unknown_f32,NOT_RUN,0.0,0.0
6,select_293/aten.select.int/Gather,Gather,unknown_f32,NOT_RUN,0.0,0.0
6,select_294/aten.select.int/Gather,Gather,unknown_f32,NOT_RUN,0.0,0.0
6,select_295/aten.select.int/Gather,Gather,unknown_f32,NOT_RUN,0.0,0.0
6,select_296/aten.select.int/Gather,Gather,unknown_f32,NOT_RUN,0.0,0.0
6,select_297/aten.select.int/Gather,Gather,unknown_f32,NOT_RUN,0.0,0.0
6,select_298/aten.select.int/Gather,Gather,unknown_f32,NOT_RUN,0.0,0.0
6,select_299/aten.select.int/Gather,Gather,unknown_f32,NOT_RUN,0.0,0.0
6,select_300/aten.select.int/Gather,Gather,unknown_f32,NOT_RUN,0.0,0.0
6,select_301/aten.select.int/Gather,Gather,unknown_f32,NOT_RUN,0.0,0.0
6,select_302/aten.select.int/Gather,Gather,unknown_f32,NOT_RUN,0.0,0.0
6,select_303/aten.select.int/Gather,Gather,unknown_f32,NOT_RUN,0.0,0.0
6,select_304/aten.select.int/Gather,Gather,unknown_f32,NOT_RUN,0.0,0.0
6,cat_3/aten.cat.default/Concat,Concat,ref_f32,EXECUTED,0.068,0.068
6,view_84/aten.view.default/Reshape,Reshape,unknown_f32,NOT_RUN,0.0,0.0
6,add_50/aten.add.Tensor/Add,Subgraph,jit_avx2_f32,EXECUTED,0.023,0.023
6,linear_2/aten.linear.default/Add,FullyConnected,brgemm_avx2_f32,EXECUTED,0.32899999999999996,0.32899999999999996
6,Multiply_13576,Multiply,undef,NOT_RUN,0.0,0.0
6,view_86/aten.view.default/Reshape,Reshape,unknown_f32,NOT_RUN,0.0,0.0
6,permute_3/aten.permute.default/Transpose,Transpose,unknown_f32,EXECUTED,0.025,0.025
6,linear_3/aten.linear.default/Add,FullyConnected,gemm_mlas_f32,EXECUTED,0.34,0.34
6,view_87/aten.view.default/Reshape,Reshape,unknown_f32,NOT_RUN,0.0,0.0
6,Transpose_12104,Transpose,unknown_f32,EXECUTED,0.051,0.051
6,linear_4/aten.linear.default/Add,FullyConnected,gemm_mlas_f32,EXECUTED,0.34,0.34
6,view_88/aten.view.default/Reshape,Reshape,unknown_f32,NOT_RUN,0.0,0.0
6,permute_5/aten.permute.default/Transpose,Transpose,unknown_f32,EXECUTED,0.015000000000000001,0.015000000000000001
6,bmm_1/aten.bmm.default/MatMul,Subgraph,jit_avx2_f32,EXECUTED,0.45,0.45
6,permute_7/aten.permute.default/Transpose,Transpose,unknown_f32,EXECUTED,0.030000000000000002,0.030000000000000002
6,view_89/aten.view.default/Reshape,Reshape,unknown_f32,NOT_RUN,0.0,0.0
6,linear_5/aten.linear.default/Add,FullyConnected,gemm_mlas_f32,EXECUTED,0.382,0.382
6,view_90/aten.view.default/Reshape,Reshape,unknown_f32,NOT_RUN,0.0,0.0
6,add_51/aten.add.Tensor/Add,Subgraph,jit_avx2_f32,EXECUTED,0.025,0.025
6,native_layer_norm/aten.native_layer_norm.default/MVN,MVN,jit_avx2_f32,EXECUTED,0.020999999999999998,0.020999999999999998
6,native_layer_norm/aten.native_layer_norm.default/Add,Subgraph,jit_avx2_f32,EXECUTED,0.018000000000000002,0.018000000000000002
6,linear_6/aten.linear.default/Add,FullyConnected,brgemm_avx2_f32,EXECUTED,1.375,1.375
6,relu_17/aten.relu.default/Relu,Relu,undef,NOT_RUN,0.0,0.0
6,linear_7/aten.linear.default/Add,FullyConnected,gemm_mlas_f32,EXECUTED,1.469,1.469
6,add_52/aten.add.Tensor/Add,Subgraph,jit_avx2_f32,EXECUTED,0.027,0.027
6,native_layer_norm_1/aten.native_layer_norm.default/MVN,MVN,jit_avx2_f32,EXECUTED,0.02,0.02
6,add_53/aten.add.Tensor/Add,Subgraph,jit_avx2_f32,EXECUTED,0.032,0.032
6,linear_8/aten.linear.default/Add,FullyConnected,brgemm_avx2_f32,EXECUTED,0.283,0.283
6,Multiply_13578,Multiply,undef,NOT_RUN,0.0,0.0
6,view_92/aten.view.default/Reshape,Reshape,unknown_f32,NOT_RUN,0.0,0.0
6,permute_8/aten.permute.default/Transpose,Transpose,unknown_f32,EXECUTED,0.018000000000000002,0.018000000000000002
6,linear_9/aten.linear.default/Add,FullyConnected,gemm_mlas_f32,EXECUTED,0.26899999999999996,0.26899999999999996
6,view_93/aten.view.default/Reshape,Reshape,unknown_f32,NOT_RUN,0.0,0.0
6,Transpose_12133,Transpose,unknown_f32,EXECUTED,0.039,0.039
6,linear_10/aten.linear.default/Add,FullyConnected,gemm_mlas_f32,EXECUTED,0.27599999999999997,0.27599999999999997
6,view_94/aten.view.default/Reshape,Reshape,unknown_f32,NOT_RUN,0.0,0.0
6,permute_10/aten.permute.default/Transpose,Transpose,unknown_f32,EXECUTED,0.013,0.013
6,bmm_3/aten.bmm.default/MatMul,Subgraph,jit_avx2_f32,EXECUTED,0.38,0.38
6,permute_12/aten.permute.default/Transpose,Transpose,unknown_f32,EXECUTED,0.019,0.019
6,view_95/aten.view.default/Reshape,Reshape,unknown_f32,NOT_RUN,0.0,0.0
6,linear_11/aten.linear.default/Add,FullyConnected,gemm_mlas_f32,EXECUTED,0.29100000000000004,0.29100000000000004
6,view_96/aten.view.default/Reshape,Reshape,unknown_f32,NOT_RUN,0.0,0.0
6,add_54/aten.add.Tensor/Add,Subgraph,jit_avx2_f32,EXECUTED,0.015000000000000001,0.015000000000000001
6,native_layer_norm_2/aten.native_layer_norm.default/MVN,MVN,jit_avx2_f32,EXECUTED,0.014,0.014
6,native_layer_norm_2/aten.native_layer_norm.default/Add,Subgraph,jit_avx2_f32,EXECUTED,0.006,0.006
6,linear_12/aten.linear.default/Add,FullyConnected,brgemm_avx2_f32,EXECUTED,1.285,1.285
6,relu_18/aten.relu.default/Relu,Relu,undef,NOT_RUN,0.0,0.0
6,linear_13/aten.linear.default/Add,FullyConnected,gemm_mlas_f32,EXECUTED,1.391,1.391
6,add_55/aten.add.Tensor/Add,Subgraph,jit_avx2_f32,EXECUTED,0.024,0.024
6,native_layer_norm_3/aten.native_layer_norm.default/MVN,MVN,jit_avx2_f32,EXECUTED,0.019,0.019
6,add_56/aten.add.Tensor/Add,Subgraph,jit_avx2_f32,EXECUTED,0.028,0.028
6,linear_14/aten.linear.default/Add,FullyConnected,brgemm_avx2_f32,EXECUTED,0.28400000000000003,0.28400000000000003
6,Multiply_13580,Multiply,undef,NOT_RUN,0.0,0.0
6,view_98/aten.view.default/Reshape,Reshape,unknown_f32,NOT_RUN,0.0,0.0
6,permute_13/aten.permute.default/Transpose,Transpose,unknown_f32,EXECUTED,0.019,0.019
6,linear_15/aten.linear.default/Add,FullyConnected,gemm_mlas_f32,EXECUTED,0.328,0.328
6,view_99/aten.view.default/Reshape,Reshape,unknown_f32,NOT_RUN,0.0,0.0
6,Transpose_12162,Transpose,unknown_f32,EXECUTED,0.05,0.05
6,linear_16/aten.linear.default/Add,FullyConnected,gemm_mlas_f32,EXECUTED,0.27399999999999997,0.27399999999999997
6,view_100/aten.view.default/Reshape,Reshape,unknown_f32,NOT_RUN,0.0,0.0
6,permute_15/aten.permute.default/Transpose,Transpose,unknown_f32,EXECUTED,0.013,0.013
6,bmm_5/aten.bmm.default/MatMul,Subgraph,jit_avx2_f32,EXECUTED,0.442,0.442
6,permute_17/aten.permute.default/Transpose,Transpose,unknown_f32,EXECUTED,0.024,0.024
6,view_101/aten.view.default/Reshape,Reshape,unknown_f32,NOT_RUN,0.0,0.0
6,linear_17/aten.linear.default/Add,FullyConnected,gemm_mlas_f32,EXECUTED,0.335,0.335
6,view_102/aten.view.default/Reshape,Reshape,unknown_f32,NOT_RUN,0.0,0.0
6,add_57/aten.add.Tensor/Add,Subgraph,jit_avx2_f32,EXECUTED,0.019,0.019
6,native_layer_norm_4/aten.native_layer_norm.default/MVN,MVN,jit_avx2_f32,EXECUTED,0.013,0.013
6,native_layer_norm_4/aten.native_layer_norm.default/Add,Subgraph,jit_avx2_f32,EXECUTED,0.011,0.011
6,linear_18/aten.linear.default/Add,FullyConnected,brgemm_avx2_f32,EXECUTED,1.343,1.343
6,relu_19/aten.relu.default/Relu,Relu,undef,NOT_RUN,0.0,0.0
6,linear_19/aten.linear.default/Add,FullyConnected,gemm_mlas_f32,EXECUTED,1.385,1.385
6,add_58/aten.add.Tensor/Add,Subgraph,jit_avx2_f32,EXECUTED,0.022,0.022
6,native_layer_norm_5/aten.native_layer_norm.default/MVN,MVN,jit_avx2_f32,EXECUTED,0.022,0.022
6,add_59/aten.add.Tensor/Add,Subgraph,jit_avx2_f32,EXECUTED,0.027,0.027
6,linear_20/aten.linear.default/Add,FullyConnected,brgemm_avx2_f32,EXECUTED,0.275,0.275
6,Multiply_13582,Multiply,undef,NOT_RUN,0.0,0.0
6,view_104/aten.view.default/Reshape,Reshape,unknown_f32,NOT_RUN,0.0,0.0
6,permute_18/aten.permute.default/Transpose,Transpose,unknown_f32,EXECUTED,0.014,0.014
6,linear_21/aten.linear.default/Add,FullyConnected,gemm_mlas_f32,EXECUTED,0.268,0.268
6,view_105/aten.view.default/Reshape,Reshape,unknown_f32,NOT_RUN,0.0,0.0
6,Transpose_12191,Transpose,unknown_f32,EXECUTED,0.036000000000000004,0.036000000000000004
6,linear_22/aten.linear.default/Add,FullyConnected,gemm_mlas_f32,EXECUTED,0.244,0.244
6,view_106/aten.view.default/Reshape,Reshape,unknown_f32,NOT_RUN,0.0,0.0
6,permute_20/aten.permute.default/Transpose,Transpose,unknown_f32,EXECUTED,0.009000000000000001,0.009000000000000001
6,bmm_7/aten.bmm.default/MatMul,Subgraph,jit_avx2_f32,EXECUTED,0.36900000000000005,0.36900000000000005
6,permute_22/aten.permute.default/Transpose,Transpose,unknown_f32,EXECUTED,0.018000000000000002,0.018000000000000002
6,view_107/aten.view.default/Reshape,Reshape,unknown_f32,NOT_RUN,0.0,0.0
6,linear_23/aten.linear.default/Add,FullyConnected,gemm_mlas_f32,EXECUTED,0.305,0.305
6,view_108/aten.view.default/Reshape,Reshape,unknown_f32,NOT_RUN,0.0,0.0
6,add_60/aten.add.Tensor/Add,Subgraph,jit_avx2_f32,EXECUTED,0.015000000000000001,0.015000000000000001
6,native_layer_norm_6/aten.native_layer_norm.default/MVN,MVN,jit_avx2_f32,EXECUTED,0.015000000000000001,0.015000000000000001
6,native_layer_norm_6/aten.native_layer_norm.default/Add,Subgraph,jit_avx2_f32,EXECUTED,0.007,0.007
6,linear_24/aten.linear.default/Add,FullyConnected,brgemm_avx2_f32,EXECUTED,1.328,1.328
6,relu_20/aten.relu.default/Relu,Relu,undef,NOT_RUN,0.0,0.0
6,linear_25/aten.linear.default/Add,FullyConnected,gemm_mlas_f32,EXECUTED,1.406,1.406
6,add_61/aten.add.Tensor/Add,Subgraph,jit_avx2_f32,EXECUTED,0.024,0.024
6,native_layer_norm_7/aten.native_layer_norm.default/MVN,MVN,jit_avx2_f32,EXECUTED,0.017,0.017
6,add_65/aten.add.Tensor/Add,Subgraph,jit_avx2_f32,EXECUTED,0.023,0.023
6,linear_31/aten.linear.default/Add,FullyConnected,gemm_mlas_f32,EXECUTED,0.297,0.297
6,view_117/aten.view.default/Reshape,Reshape,unknown_f32,NOT_RUN,0.0,0.0
6,Transpose_12220,Transpose,unknown_f32,EXECUTED,0.05,0.05
6,linear_32/aten.linear.default/Add,FullyConnected,gemm_mlas_f32,EXECUTED,0.299,0.299
6,view_118/aten.view.default/Reshape,Reshape,unknown_f32,NOT_RUN,0.0,0.0
6,permute_30/aten.permute.default/Transpose,Transpose,unknown_f32,EXECUTED,0.011,0.011
6,bmm_11/aten.bmm.default/MatMul,Subgraph,jit_avx2_f32,EXECUTED,0.22,0.22
6,permute_32/aten.permute.default/Transpose,Transpose,unknown_f32,EXECUTED,0.008,0.008
6,view_119/aten.view.default/Reshape,Reshape,unknown_f32,NOT_RUN,0.0,0.0
6,linear_33/aten.linear.default/Add,FullyConnected,gemm_mlas_f32,EXECUTED,0.13999999999999999,0.13999999999999999
6,view_120/aten.view.default/Reshape,Reshape,unknown_f32,NOT_RUN,0.0,0.0
6,add_66/aten.add.Tensor/Add,Subgraph,jit_avx2_f32,EXECUTED,0.013,0.013
6,native_layer_norm_9/aten.native_layer_norm.default/MVN,MVN,jit_avx2_f32,EXECUTED,0.006,0.006
6,native_layer_norm_9/aten.native_layer_norm.default/Add,Subgraph,jit_avx2_f32,EXECUTED,0.005,0.005
6,linear_34/aten.linear.default/Add,FullyConnected,brgemm_avx2_f32,EXECUTED,0.513,0.513
6,relu_21/aten.relu.default/Relu,Relu,undef,NOT_RUN,0.0,0.0
6,linear_35/aten.linear.default/Add,FullyConnected,gemm_mlas_f32,EXECUTED,0.587,0.587
6,add_67/aten.add.Tensor/Add,Subgraph,jit_avx2_f32,EXECUTED,0.013,0.013
6,native_layer_norm_10/aten.native_layer_norm.default/MVN,MVN,jit_avx2_f32,EXECUTED,0.008,0.008
6,native_layer_norm_10/aten.native_layer_norm.default/Add,Subgraph,jit_avx2_f32,EXECUTED,0.004,0.004
6,native_layer_norm_11/aten.native_layer_norm.default/MVN,MVN,jit_avx2_f32,EXECUTED,0.006,0.006
6,native_layer_norm_11/aten.native_layer_norm.default/Add,Subgraph,jit_avx2_f32,EXECUTED,0.003,0.003
6,permute_33/aten.permute.default/Transpose,Reshape,unknown_f32,NOT_RUN,0.0,0.0
6,linear_36/aten.linear.default/Add,FullyConnected,gemm_mlas_f32,EXECUTED,0.013,0.013
6,Result_6085,Result,unknown_f32,NOT_RUN,0.0,0.0
7,state,Parameter,unknown_f32,NOT_RUN,0.0,0.0
7,linear_1/aten.linear.default/Add,FullyConnected,gemm_mlas_f32,EXECUTED,0.062,0.062
7,wrist_image,Parameter,unknown_f32,NOT_RUN,0.0,0.0
7,wrist_image_abcd_acdb_mul_2/aten.mul.Tensor/Multiply,Reorder,jit_uni_f32,EXECUTED,0.23399999999999999,0.23399999999999999
7,mul_2/aten.mul.Tensor/Multiply,Convolution,brgconv_avx2_f32,EXECUTED,2.022,2.022
7,relu/aten.relu.default/Relu,Relu,undef,NOT_RUN,0.0,0.0
7,max_pool2d_with_indices/aten.max_pool2d_with_indices.default/MaxPool,MaxPool,jit_avx2_f32,EXECUTED,0.33399999999999996,0.33399999999999996
7,mul_5/aten.mul.Tensor/Multiply,Convolution,brgconv_avx2_f32,EXECUTED,1.906,1.906
7,relu_1/aten.relu.default/Relu,Relu,undef,NOT_RUN,0.0,0.0
7,mul_8/aten.mul.Tensor/Multiply,Convolution,brgconv_avx2_f32,EXECUTED,1.882,1.882
7,add_6/aten.add.Tensor/Add,Add,undef,NOT_RUN,0.0,0.0
7,relu_2/aten.relu.default/Relu,Relu,undef,NOT_RUN,0.0,0.0
7,mul_11/aten.mul.Tensor/Multiply,Convolution,brgconv_avx2_f32,EXECUTED,1.9889999999999999,1.9889999999999999
7,relu_3/aten.relu.default/Relu,Relu,undef,NOT_RUN,0.0,0.0
7,mul_14/aten.mul.Tensor/Multiply,Convolution,brgconv_avx2_f32,EXECUTED,1.9580000000000002,1.9580000000000002
7,add_11/aten.add.Tensor/Add,Add,undef,NOT_RUN,0.0,0.0
7,relu_4/aten.relu.default/Relu,Relu,undef,NOT_RUN,0.0,0.0
7,mul_17/aten.mul.Tensor/Multiply,Convolution,brgconv_avx2_f32,EXECUTED,1.065,1.065
7,relu_5/aten.relu.default/Relu,Relu,undef,NOT_RUN,0.0,0.0
7,mul_23/aten.mul.Tensor/Multiply,Convolution,brgconv_avx2_1x1_f32,EXECUTED,0.204,0.204
7,mul_20/aten.mul.Tensor/Multiply,Convolution,brgconv_avx2_f32,EXECUTED,1.813,1.813
7,add_18/aten.add.Tensor/Add,Add,undef,NOT_RUN,0.0,0.0
7,relu_6/aten.relu.default/Relu,Relu,undef,NOT_RUN,0.0,0.0
7,mul_26/aten.mul.Tensor/Multiply,Convolution,brgconv_avx2_f32,EXECUTED,1.815,1.815
7,relu_7/aten.relu.default/Relu,Relu,undef,NOT_RUN,0.0,0.0
7,mul_29/aten.mul.Tensor/Multiply,Convolution,brgconv_avx2_f32,EXECUTED,1.858,1.858
7,add_23/aten.add.Tensor/Add,Add,undef,NOT_RUN,0.0,0.0
7,relu_8/aten.relu.default/Relu,Relu,undef,NOT_RUN,0.0,0.0
7,mul_32/aten.mul.Tensor/Multiply,Convolution,brgconv_avx2_f32,EXECUTED,1.0330000000000001,1.0330000000000001
7,relu_9/aten.relu.default/Relu,Relu,undef,NOT_RUN,0.0,0.0
7,mul_38/aten.mul.Tensor/Multiply,Convolution,brgconv_avx2_1x1_f32,EXECUTED,0.232,0.232
7,mul_35/aten.mul.Tensor/Multiply,Convolution,brgconv_avx2_f32,EXECUTED,1.827,1.827
7,add_30/aten.add.Tensor/Add,Add,undef,NOT_RUN,0.0,0.0
7,relu_10/aten.relu.default/Relu,Relu,undef,NOT_RUN,0.0,0.0
7,mul_41/aten.mul.Tensor/Multiply,Convolution,brgconv_avx2_f32,EXECUTED,1.8539999999999999,1.8539999999999999
7,relu_11/aten.relu.default/Relu,Relu,undef,NOT_RUN,0.0,0.0
7,mul_44/aten.mul.Tensor/Multiply,Convolution,brgconv_avx2_f32,EXECUTED,1.913,1.913
7,add_35/aten.add.Tensor/Add,Add,undef,NOT_RUN,0.0,0.0
7,relu_12/aten.relu.default/Relu,Relu,undef,NOT_RUN,0.0,0.0
7,mul_47/aten.mul.Tensor/Multiply,Convolution,brgconv_avx2_f32,EXECUTED,1.0690000000000002,1.0690000000000002
7,relu_13/aten.relu.default/Relu,Relu,undef,NOT_RUN,0.0,0.0
7,mul_53/aten.mul.Tensor/Multiply,Convolution,brgconv_avx2_1x1_f32,EXECUTED,0.283,0.283
7,mul_50/aten.mul.Tensor/Multiply,Convolution,brgconv_avx2_f32,EXECUTED,1.7910000000000001,1.7910000000000001
7,add_42/aten.add.Tensor/Add,Add,undef,NOT_RUN,0.0,0.0
7,relu_14/aten.relu.default/Relu,Relu,undef,NOT_RUN,0.0,0.0
7,mul_56/aten.mul.Tensor/Multiply,Convolution,brgconv_avx2_f32,EXECUTED,1.849,1.849
7,relu_15/aten.relu.default/Relu,Relu,undef,NOT_RUN,0.0,0.0
7,mul_59/aten.mul.Tensor/Multiply,Convolution,brgconv_avx2_f32,EXECUTED,1.856,1.856
7,add_47/aten.add.Tensor/Add,Add,undef,NOT_RUN,0.0,0.0
7,relu_16/aten.relu.default/Relu,Relu,undef,NOT_RUN,0.0,0.0
7,convolution_20/aten.convolution.default/Convolution,Convolution,brgconv_avx2_1x1_f32,EXECUTED,0.39599999999999996,0.39599999999999996
7,permute_1/aten.permute.default/Transpose,Transpose,unknown_f32,EXECUTED,0.038,0.038
7,permute_1/aten.permute.default/Transpose_acdb_abcd_view_82/aten.view.default/Reshape,Reorder,reorder_f32,EXECUTED,0.026,0.026
7,view_82/aten.view.default/Reshape,Reshape,unknown_f32,NOT_RUN,0.0,0.0
7,select_5/aten.select.int/Gather,Gather,unknown_f32,NOT_RUN,0.0,0.0
7,select_6/aten.select.int/Gather,Gather,unknown_f32,NOT_RUN,0.0,0.0
7,select_7/aten.select.int/Gather,Gather,unknown_f32,NOT_RUN,0.0,0.0
7,select_8/aten.select.int/Gather,Gather,unknown_f32,NOT_RUN,0.0,0.0
7,select_9/aten.select.int/Gather,Gather,unknown_f32,NOT_RUN,0.0,0.0
7,select_10/aten.select.int/Gather,Gather,unknown_f32,NOT_RUN,0.0,0.0
7,select_11/aten.select.int/Gather,Gather,unknown_f32,NOT_RUN,0.0,0.0
7,select_12/aten.select.int/Gather,Gather,unknown_f32,NOT_RUN,0.0,0.0
7,select_13/aten.select.int/Gather,Gather,unknown_f32,NOT_RUN,0.0,0.0
7,select_14/aten.select.int/Gather,Gather,unknown_f32,NOT_RUN,0.0,0.0
7,select_15/aten.select.int/Gather,Gather,unknown_f32,NOT_RUN,0.0,0.0
7,select_16/aten.select.int/Gather,Gather,unknown_f32,NOT_RUN,0.0,0.0
7,select_17/aten.select.int/Gather,Gather,unknown_f32,NOT_RUN,0.0,0.0
7,select_18/aten.select.int/Gather,Gather,unknown_f32,NOT_RUN,0.0,0.0
7,select_19/aten.select.int/Gather,Gather,unknown_f32,NOT_RUN,0.0,0.0
7,select_20/aten.select.int/Gather,Gather,unknown_f32,NOT_RUN,0.0,0.0
7,select_21/aten.select.int/Gather,Gather,unknown_f32,NOT_RUN,0.0,0.0
7,select_22/aten.select.int/Gather,Gather,unknown_f32,NOT_RUN,0.0,0.0
7,select_23/aten.select.int/Gather,Gather,unknown_f32,NOT_RUN,0.0,0.0
7,select_24/aten.select.int/Gather,Gather,unknown_f32,NOT_RUN,0.0,0.0
7,select_25/aten.select.int/Gather,Gather,unknown_f32,NOT_RUN,0.0,0.0
7,select_26/aten.select.int/Gather,Gather,unknown_f32,NOT_RUN,0.0,0.0
7,select_27/aten.select.int/Gather,Gather,unknown_f32,NOT_RUN,0.0,0.0
7,select_28/aten.select.int/Gather,Gather,unknown_f32,NOT_RUN,0.0,0.0
7,select_29/aten.select.int/Gather,Gather,unknown_f32,NOT_RUN,0.0,0.0
7,select_30/aten.select.int/Gather,Gather,unknown_f32,NOT_RUN,0.0,0.0
7,select_31/aten.select.int/Gather,Gather,unknown_f32,NOT_RUN,0.0,0.0
7,select_32/aten.select.int/Gather,Gather,unknown_f32,NOT_RUN,0.0,0.0
7,select_33/aten.select.int/Gather,Gather,unknown_f32,NOT_RUN,0.0,0.0
7,select_34/aten.select.int/Gather,Gather,unknown_f32,NOT_RUN,0.0,0.0
7,select_35/aten.select.int/Gather,Gather,unknown_f32,NOT_RUN,0.0,0.0
7,select_36/aten.select.int/Gather,Gather,unknown_f32,NOT_RUN,0.0,0.0
7,select_37/aten.select.int/Gather,Gather,unknown_f32,NOT_RUN,0.0,0.0
7,select_38/aten.select.int/Gather,Gather,unknown_f32,NOT_RUN,0.0,0.0
7,select_39/aten.select.int/Gather,Gather,unknown_f32,NOT_RUN,0.0,0.0
7,select_40/aten.select.int/Gather,Gather,unknown_f32,NOT_RUN,0.0,0.0
7,select_41/aten.select.int/Gather,Gather,unknown_f32,NOT_RUN,0.0,0.0
7,select_42/aten.select.int/Gather,Gather,unknown_f32,NOT_RUN,0.0,0.0
7,select_43/aten.select.int/Gather,Gather,unknown_f32,NOT_RUN,0.0,0.0
7,select_44/aten.select.int/Gather,Gather,unknown_f32,NOT_RUN,0.0,0.0
7,select_45/aten.select.int/Gather,Gather,unknown_f32,NOT_RUN,0.0,0.0
7,select_46/aten.select.int/Gather,Gather,unknown_f32,NOT_RUN,0.0,0.0
7,select_47/aten.select.int/Gather,Gather,unknown_f32,NOT_RUN,0.0,0.0
7,select_48/aten.select.int/Gather,Gather,unknown_f32,NOT_RUN,0.0,0.0
7,select_49/aten.select.int/Gather,Gather,unknown_f32,NOT_RUN,0.0,0.0
7,select_50/aten.select.int/Gather,Gather,unknown_f32,NOT_RUN,0.0,0.0
7,select_51/aten.select.int/Gather,Gather,unknown_f32,NOT_RUN,0.0,0.0
7,select_52/aten.select.int/Gather,Gather,unknown_f32,NOT_RUN,0.0,0.0
7,select_53/aten.select.int/Gather,Gather,unknown_f32,NOT_RUN,0.0,0.0
7,select_54/aten.select.int/Gather,Gather,unknown_f32,NOT_RUN,0.0,0.0
7,select_55/aten.select.int/Gather,Gather,unknown_f32,NOT_RUN,0.0,0.0
7,select_56/aten.select.int/Gather,Gather,unknown_f32,NOT_RUN,0.0,0.0
7,select_57/aten.select.int/Gather,Gather,unknown_f32,NOT_RUN,0.0,0.0
7,select_58/aten.select.int/Gather,Gather,unknown_f32,NOT_RUN,0.0,0.0
7,select_59/aten.select.int/Gather,Gather,unknown_f32,NOT_RUN,0.0,0.0
7,select_60/aten.select.int/Gather,Gather,unknown_f32,NOT_RUN,0.0,0.0
7,select_61/aten.select.int/Gather,Gather,unknown_f32,NOT_RUN,0.0,0.0
7,select_62/aten.select.int/Gather,Gather,unknown_f32,NOT_RUN,0.0,0.0
7,select_63/aten.select.int/Gather,Gather,unknown_f32,NOT_RUN,0.0,0.0
7,select_64/aten.select.int/Gather,Gather,unknown_f32,NOT_RUN,0.0,0.0
7,select_65/aten.select.int/Gather,Gather,unknown_f32,NOT_RUN,0.0,0.0
7,select_66/aten.select.int/Gather,Gather,unknown_f32,NOT_RUN,0.0,0.0
7,select_67/aten.select.int/Gather,Gather,unknown_f32,NOT_RUN,0.0,0.0
7,select_68/aten.select.int/Gather,Gather,unknown_f32,NOT_RUN,0.0,0.0
7,select_69/aten.select.int/Gather,Gather,unknown_f32,NOT_RUN,0.0,0.0
7,select_70/aten.select.int/Gather,Gather,unknown_f32,NOT_RUN,0.0,0.0
7,select_71/aten.select.int/Gather,Gather,unknown_f32,NOT_RUN,0.0,0.0
7,select_72/aten.select.int/Gather,Gather,unknown_f32,NOT_RUN,0.0,0.0
7,select_73/aten.select.int/Gather,Gather,unknown_f32,NOT_RUN,0.0,0.0
7,select_74/aten.select.int/Gather,Gather,unknown_f32,NOT_RUN,0.0,0.0
7,select_75/aten.select.int/Gather,Gather,unknown_f32,NOT_RUN,0.0,0.0
7,select_76/aten.select.int/Gather,Gather,unknown_f32,NOT_RUN,0.0,0.0
7,select_77/aten.select.int/Gather,Gather,unknown_f32,NOT_RUN,0.0,0.0
7,select_78/aten.select.int/Gather,Gather,unknown_f32,NOT_RUN,0.0,0.0
7,select_79/aten.select.int/Gather,Gather,unknown_f32,NOT_RUN,0.0,0.0
7,select_80/aten.select.int/Gather,Gather,unknown_f32,NOT_RUN,0.0,0.0
7,select_81/aten.select.int/Gather,Gather,unknown_f32,NOT_RUN,0.0,0.0
7,select_82/aten.select.int/Gather,Gather,unknown_f32,NOT_RUN,0.0,0.0
7,select_83/aten.select.int/Gather,Gather,unknown_f32,NOT_RUN,0.0,0.0
7,select_84/aten.select.int/Gather,Gather,unknown_f32,NOT_RUN,0.0,0.0
7,select_85/aten.select.int/Gather,Gather,unknown_f32,NOT_RUN,0.0,0.0
7,select_86/aten.select.int/Gather,Gather,unknown_f32,NOT_RUN,0.0,0.0
7,select_87/aten.select.int/Gather,Gather,unknown_f32,NOT_RUN,0.0,0.0
7,select_88/aten.select.int/Gather,Gather,unknown_f32,NOT_RUN,0.0,0.0
7,select_89/aten.select.int/Gather,Gather,unknown_f32,NOT_RUN,0.0,0.0
7,select_90/aten.select.int/Gather,Gather,unknown_f32,NOT_RUN,0.0,0.0
7,select_91/aten.select.int/Gather,Gather,unknown_f32,NOT_RUN,0.0,0.0
7,select_92/aten.select.int/Gather,Gather,unknown_f32,NOT_RUN,0.0,0.0
7,select_93/aten.select.int/Gather,Gather,unknown_f32,NOT_RUN,0.0,0.0
7,select_94/aten.select.int/Gather,Gather,unknown_f32,NOT_RUN,0.0,0.0
7,select_95/aten.select.int/Gather,Gather,unknown_f32,NOT_RUN,0.0,0.0
7,select_96/aten.select.int/Gather,Gather,unknown_f32,NOT_RUN,0.0,0.0
7,select_97/aten.select.int/Gather,Gather,unknown_f32,NOT_RUN,0.0,0.0
7,select_98/aten.select.int/Gather,Gather,unknown_f32,NOT_RUN,0.0,0.0
7,select_99/aten.select.int/Gather,Gather,unknown_f32,NOT_RUN,0.0,0.0
7,select_100/aten.select.int/Gather,Gather,unknown_f32,NOT_RUN,0.0,0.0
7,select_101/aten.select.int/Gather,Gather,unknown_f32,NOT_RUN,0.0,0.0
7,select_102/aten.select.int/Gather,Gather,unknown_f32,NOT_RUN,0.0,0.0
7,select_103/aten.select.int/Gather,Gather,unknown_f32,NOT_RUN,0.0,0.0
7,select_104/aten.select.int/Gather,Gather,unknown_f32,NOT_RUN,0.0,0.0
7,select_105/aten.select.int/Gather,Gather,unknown_f32,NOT_RUN,0.0,0.0
7,select_106/aten.select.int/Gather,Gather,unknown_f32,NOT_RUN,0.0,0.0
7,select_107/aten.select.int/Gather,Gather,unknown_f32,NOT_RUN,0.0,0.0
7,select_108/aten.select.int/Gather,Gather,unknown_f32,NOT_RUN,0.0,0.0
7,select_109/aten.select.int/Gather,Gather,unknown_f32,NOT_RUN,0.0,0.0
7,select_110/aten.select.int/Gather,Gather,unknown_f32,NOT_RUN,0.0,0.0
7,select_111/aten.select.int/Gather,Gather,unknown_f32,NOT_RUN,0.0,0.0
7,select_112/aten.select.int/Gather,Gather,unknown_f32,NOT_RUN,0.0,0.0
7,select_113/aten.select.int/Gather,Gather,unknown_f32,NOT_RUN,0.0,0.0
7,select_114/aten.select.int/Gather,Gather,unknown_f32,NOT_RUN,0.0,0.0
7,select_115/aten.select.int/Gather,Gather,unknown_f32,NOT_RUN,0.0,0.0
7,select_116/aten.select.int/Gather,Gather,unknown_f32,NOT_RUN,0.0,0.0
7,select_117/aten.select.int/Gather,Gather,unknown_f32,NOT_RUN,0.0,0.0
7,select_118/aten.select.int/Gather,Gather,unknown_f32,NOT_RUN,0.0,0.0
7,select_119/aten.select.int/Gather,Gather,unknown_f32,NOT_RUN,0.0,0.0
7,select_120/aten.select.int/Gather,Gather,unknown_f32,NOT_RUN,0.0,0.0
7,select_121/aten.select.int/Gather,Gather,unknown_f32,NOT_RUN,0.0,0.0
7,select_122/aten.select.int/Gather,Gather,unknown_f32,NOT_RUN,0.0,0.0
7,select_123/aten.select.int/Gather,Gather,unknown_f32,NOT_RUN,0.0,0.0
7,select_124/aten.select.int/Gather,Gather,unknown_f32,NOT_RUN,0.0,0.0
7,select_125/aten.select.int/Gather,Gather,unknown_f32,NOT_RUN,0.0,0.0
7,select_126/aten.select.int/Gather,Gather,unknown_f32,NOT_RUN,0.0,0.0
7,select_127/aten.select.int/Gather,Gather,unknown_f32,NOT_RUN,0.0,0.0
7,select_128/aten.select.int/Gather,Gather,unknown_f32,NOT_RUN,0.0,0.0
7,select_129/aten.select.int/Gather,Gather,unknown_f32,NOT_RUN,0.0,0.0
7,select_130/aten.select.int/Gather,Gather,unknown_f32,NOT_RUN,0.0,0.0
7,select_131/aten.select.int/Gather,Gather,unknown_f32,NOT_RUN,0.0,0.0
7,select_132/aten.select.int/Gather,Gather,unknown_f32,NOT_RUN,0.0,0.0
7,select_133/aten.select.int/Gather,Gather,unknown_f32,NOT_RUN,0.0,0.0
7,select_134/aten.select.int/Gather,Gather,unknown_f32,NOT_RUN,0.0,0.0
7,select_135/aten.select.int/Gather,Gather,unknown_f32,NOT_RUN,0.0,0.0
7,select_136/aten.select.int/Gather,Gather,unknown_f32,NOT_RUN,0.0,0.0
7,select_137/aten.select.int/Gather,Gather,unknown_f32,NOT_RUN,0.0,0.0
7,select_138/aten.select.int/Gather,Gather,unknown_f32,NOT_RUN,0.0,0.0
7,select_139/aten.select.int/Gather,Gather,unknown_f32,NOT_RUN,0.0,0.0
7,select_140/aten.select.int/Gather,Gather,unknown_f32,NOT_RUN,0.0,0.0
7,select_141/aten.select.int/Gather,Gather,unknown_f32,NOT_RUN,0.0,0.0
7,select_142/aten.select.int/Gather,Gather,unknown_f32,NOT_RUN,0.0,0.0
7,select_143/aten.select.int/Gather,Gather,unknown_f32,NOT_RUN,0.0,0.0
7,select_144/aten.select.int/Gather,Gather,unknown_f32,NOT_RUN,0.0,0.0
7,select_145/aten.select.int/Gather,Gather,unknown_f32,NOT_RUN,0.0,0.0
7,select_146/aten.select.int/Gather,Gather,unknown_f32,NOT_RUN,0.0,0.0
7,select_147/aten.select.int/Gather,Gather,unknown_f32,NOT_RUN,0.0,0.0
7,select_148/aten.select.int/Gather,Gather,unknown_f32,NOT_RUN,0.0,0.0
7,select_149/aten.select.int/Gather,Gather,unknown_f32,NOT_RUN,0.0,0.0
7,select_150/aten.select.int/Gather,Gather,unknown_f32,NOT_RUN,0.0,0.0
7,select_151/aten.select.int/Gather,Gather,unknown_f32,NOT_RUN,0.0,0.0
7,select_152/aten.select.int/Gather,Gather,unknown_f32,NOT_RUN,0.0,0.0
7,select_153/aten.select.int/Gather,Gather,unknown_f32,NOT_RUN,0.0,0.0
7,select_154/aten.select.int/Gather,Gather,unknown_f32,NOT_RUN,0.0,0.0
7,select_155/aten.select.int/Gather,Gather,unknown_f32,NOT_RUN,0.0,0.0
7,select_156/aten.select.int/Gather,Gather,unknown_f32,NOT_RUN,0.0,0.0
7,select_157/aten.select.int/Gather,Gather,unknown_f32,NOT_RUN,0.0,0.0
7,select_158/aten.select.int/Gather,Gather,unknown_f32,NOT_RUN,0.0,0.0
7,select_159/aten.select.int/Gather,Gather,unknown_f32,NOT_RUN,0.0,0.0
7,select_160/aten.select.int/Gather,Gather,unknown_f32,NOT_RUN,0.0,0.0
7,select_161/aten.select.int/Gather,Gather,unknown_f32,NOT_RUN,0.0,0.0
7,select_162/aten.select.int/Gather,Gather,unknown_f32,NOT_RUN,0.0,0.0
7,select_163/aten.select.int/Gather,Gather,unknown_f32,NOT_RUN,0.0,0.0
7,select_164/aten.select.int/Gather,Gather,unknown_f32,NOT_RUN,0.0,0.0
7,select_165/aten.select.int/Gather,Gather,unknown_f32,NOT_RUN,0.0,0.0
7,select_166/aten.select.int/Gather,Gather,unknown_f32,NOT_RUN,0.0,0.0
7,select_167/aten.select.int/Gather,Gather,unknown_f32,NOT_RUN,0.0,0.0
7,select_168/aten.select.int/Gather,Gather,unknown_f32,NOT_RUN,0.0,0.0
7,select_169/aten.select.int/Gather,Gather,unknown_f32,NOT_RUN,0.0,0.0
7,select_170/aten.select.int/Gather,Gather,unknown_f32,NOT_RUN,0.0,0.0
7,select_171/aten.select.int/Gather,Gather,unknown_f32,NOT_RUN,0.0,0.0
7,select_172/aten.select.int/Gather,Gather,unknown_f32,NOT_RUN,0.0,0.0
7,select_173/aten.select.int/Gather,Gather,unknown_f32,NOT_RUN,0.0,0.0
7,select_174/aten.select.int/Gather,Gather,unknown_f32,NOT_RUN,0.0,0.0
7,select_175/aten.select.int/Gather,Gather,unknown_f32,NOT_RUN,0.0,0.0
7,select_176/aten.select.int/Gather,Gather,unknown_f32,NOT_RUN,0.0,0.0
7,select_177/aten.select.int/Gather,Gather,unknown_f32,NOT_RUN,0.0,0.0
7,select_178/aten.select.int/Gather,Gather,unknown_f32,NOT_RUN,0.0,0.0
7,select_179/aten.select.int/Gather,Gather,unknown_f32,NOT_RUN,0.0,0.0
7,select_180/aten.select.int/Gather,Gather,unknown_f32,NOT_RUN,0.0,0.0
7,select_181/aten.select.int/Gather,Gather,unknown_f32,NOT_RUN,0.0,0.0
7,select_182/aten.select.int/Gather,Gather,unknown_f32,NOT_RUN,0.0,0.0
7,select_183/aten.select.int/Gather,Gather,unknown_f32,NOT_RUN,0.0,0.0
7,select_184/aten.select.int/Gather,Gather,unknown_f32,NOT_RUN,0.0,0.0
7,select_185/aten.select.int/Gather,Gather,unknown_f32,NOT_RUN,0.0,0.0
7,select_186/aten.select.int/Gather,Gather,unknown_f32,NOT_RUN,0.0,0.0
7,select_187/aten.select.int/Gather,Gather,unknown_f32,NOT_RUN,0.0,0.0
7,select_188/aten.select.int/Gather,Gather,unknown_f32,NOT_RUN,0.0,0.0
7,select_189/aten.select.int/Gather,Gather,unknown_f32,NOT_RUN,0.0,0.0
7,select_190/aten.select.int/Gather,Gather,unknown_f32,NOT_RUN,0.0,0.0
7,select_191/aten.select.int/Gather,Gather,unknown_f32,NOT_RUN,0.0,0.0
7,select_192/aten.select.int/Gather,Gather,unknown_f32,NOT_RUN,0.0,0.0
7,select_193/aten.select.int/Gather,Gather,unknown_f32,NOT_RUN,0.0,0.0
7,select_194/aten.select.int/Gather,Gather,unknown_f32,NOT_RUN,0.0,0.0
7,select_195/aten.select.int/Gather,Gather,unknown_f32,NOT_RUN,0.0,0.0
7,select_196/aten.select.int/Gather,Gather,unknown_f32,NOT_RUN,0.0,0.0
7,select_197/aten.select.int/Gather,Gather,unknown_f32,NOT_RUN,0.0,0.0
7,select_198/aten.select.int/Gather,Gather,unknown_f32,NOT_RUN,0.0,0.0
7,select_199/aten.select.int/Gather,Gather,unknown_f32,NOT_RUN,0.0,0.0
7,select_200/aten.select.int/Gather,Gather,unknown_f32,NOT_RUN,0.0,0.0
7,select_201/aten.select.int/Gather,Gather,unknown_f32,NOT_RUN,0.0,0.0
7,select_202/aten.select.int/Gather,Gather,unknown_f32,NOT_RUN,0.0,0.0
7,select_203/aten.select.int/Gather,Gather,unknown_f32,NOT_RUN,0.0,0.0
7,select_204/aten.select.int/Gather,Gather,unknown_f32,NOT_RUN,0.0,0.0
7,select_205/aten.select.int/Gather,Gather,unknown_f32,NOT_RUN,0.0,0.0
7,select_206/aten.select.int/Gather,Gather,unknown_f32,NOT_RUN,0.0,0.0
7,select_207/aten.select.int/Gather,Gather,unknown_f32,NOT_RUN,0.0,0.0
7,select_208/aten.select.int/Gather,Gather,unknown_f32,NOT_RUN,0.0,0.0
7,select_209/aten.select.int/Gather,Gather,unknown_f32,NOT_RUN,0.0,0.0
7,select_210/aten.select.int/Gather,Gather,unknown_f32,NOT_RUN,0.0,0.0
7,select_211/aten.select.int/Gather,Gather,unknown_f32,NOT_RUN,0.0,0.0
7,select_212/aten.select.int/Gather,Gather,unknown_f32,NOT_RUN,0.0,0.0
7,select_213/aten.select.int/Gather,Gather,unknown_f32,NOT_RUN,0.0,0.0
7,select_214/aten.select.int/Gather,Gather,unknown_f32,NOT_RUN,0.0,0.0
7,select_215/aten.select.int/Gather,Gather,unknown_f32,NOT_RUN,0.0,0.0
7,select_216/aten.select.int/Gather,Gather,unknown_f32,NOT_RUN,0.0,0.0
7,select_217/aten.select.int/Gather,Gather,unknown_f32,NOT_RUN,0.0,0.0
7,select_218/aten.select.int/Gather,Gather,unknown_f32,NOT_RUN,0.0,0.0
7,select_219/aten.select.int/Gather,Gather,unknown_f32,NOT_RUN,0.0,0.0
7,select_220/aten.select.int/Gather,Gather,unknown_f32,NOT_RUN,0.0,0.0
7,select_221/aten.select.int/Gather,Gather,unknown_f32,NOT_RUN,0.0,0.0
7,select_222/aten.select.int/Gather,Gather,unknown_f32,NOT_RUN,0.0,0.0
7,select_223/aten.select.int/Gather,Gather,unknown_f32,NOT_RUN,0.0,0.0
7,select_224/aten.select.int/Gather,Gather,unknown_f32,NOT_RUN,0.0,0.0
7,select_225/aten.select.int/Gather,Gather,unknown_f32,NOT_RUN,0.0,0.0
7,select_226/aten.select.int/Gather,Gather,unknown_f32,NOT_RUN,0.0,0.0
7,select_227/aten.select.int/Gather,Gather,unknown_f32,NOT_RUN,0.0,0.0
7,select_228/aten.select.int/Gather,Gather,unknown_f32,NOT_RUN,0.0,0.0
7,select_229/aten.select.int/Gather,Gather,unknown_f32,NOT_RUN,0.0,0.0
7,select_230/aten.select.int/Gather,Gather,unknown_f32,NOT_RUN,0.0,0.0
7,select_231/aten.select.int/Gather,Gather,unknown_f32,NOT_RUN,0.0,0.0
7,select_232/aten.select.int/Gather,Gather,unknown_f32,NOT_RUN,0.0,0.0
7,select_233/aten.select.int/Gather,Gather,unknown_f32,NOT_RUN,0.0,0.0
7,select_234/aten.select.int/Gather,Gather,unknown_f32,NOT_RUN,0.0,0.0
7,select_235/aten.select.int/Gather,Gather,unknown_f32,NOT_RUN,0.0,0.0
7,select_236/aten.select.int/Gather,Gather,unknown_f32,NOT_RUN,0.0,0.0
7,select_237/aten.select.int/Gather,Gather,unknown_f32,NOT_RUN,0.0,0.0
7,select_238/aten.select.int/Gather,Gather,unknown_f32,NOT_RUN,0.0,0.0
7,select_239/aten.select.int/Gather,Gather,unknown_f32,NOT_RUN,0.0,0.0
7,select_240/aten.select.int/Gather,Gather,unknown_f32,NOT_RUN,0.0,0.0
7,select_241/aten.select.int/Gather,Gather,unknown_f32,NOT_RUN,0.0,0.0
7,select_242/aten.select.int/Gather,Gather,unknown_f32,NOT_RUN,0.0,0.0
7,select_243/aten.select.int/Gather,Gather,unknown_f32,NOT_RUN,0.0,0.0
7,select_244/aten.select.int/Gather,Gather,unknown_f32,NOT_RUN,0.0,0.0
7,select_245/aten.select.int/Gather,Gather,unknown_f32,NOT_RUN,0.0,0.0
7,select_246/aten.select.int/Gather,Gather,unknown_f32,NOT_RUN,0.0,0.0
7,select_247/aten.select.int/Gather,Gather,unknown_f32,NOT_RUN,0.0,0.0
7,select_248/aten.select.int/Gather,Gather,unknown_f32,NOT_RUN,0.0,0.0
7,select_249/aten.select.int/Gather,Gather,unknown_f32,NOT_RUN,0.0,0.0
7,select_250/aten.select.int/Gather,Gather,unknown_f32,NOT_RUN,0.0,0.0
7,select_251/aten.select.int/Gather,Gather,unknown_f32,NOT_RUN,0.0,0.0
7,select_252/aten.select.int/Gather,Gather,unknown_f32,NOT_RUN,0.0,0.0
7,select_253/aten.select.int/Gather,Gather,unknown_f32,NOT_RUN,0.0,0.0
7,select_254/aten.select.int/Gather,Gather,unknown_f32,NOT_RUN,0.0,0.0
7,select_255/aten.select.int/Gather,Gather,unknown_f32,NOT_RUN,0.0,0.0
7,select_256/aten.select.int/Gather,Gather,unknown_f32,NOT_RUN,0.0,0.0
7,select_257/aten.select.int/Gather,Gather,unknown_f32,NOT_RUN,0.0,0.0
7,select_258/aten.select.int/Gather,Gather,unknown_f32,NOT_RUN,0.0,0.0
7,select_259/aten.select.int/Gather,Gather,unknown_f32,NOT_RUN,0.0,0.0
7,select_260/aten.select.int/Gather,Gather,unknown_f32,NOT_RUN,0.0,0.0
7,select_261/aten.select.int/Gather,Gather,unknown_f32,NOT_RUN,0.0,0.0
7,select_262/aten.select.int/Gather,Gather,unknown_f32,NOT_RUN,0.0,0.0
7,select_263/aten.select.int/Gather,Gather,unknown_f32,NOT_RUN,0.0,0.0
7,select_264/aten.select.int/Gather,Gather,unknown_f32,NOT_RUN,0.0,0.0
7,select_265/aten.select.int/Gather,Gather,unknown_f32,NOT_RUN,0.0,0.0
7,select_266/aten.select.int/Gather,Gather,unknown_f32,NOT_RUN,0.0,0.0
7,select_267/aten.select.int/Gather,Gather,unknown_f32,NOT_RUN,0.0,0.0
7,select_268/aten.select.int/Gather,Gather,unknown_f32,NOT_RUN,0.0,0.0
7,select_269/aten.select.int/Gather,Gather,unknown_f32,NOT_RUN,0.0,0.0
7,select_270/aten.select.int/Gather,Gather,unknown_f32,NOT_RUN,0.0,0.0
7,select_271/aten.select.int/Gather,Gather,unknown_f32,NOT_RUN,0.0,0.0
7,select_272/aten.select.int/Gather,Gather,unknown_f32,NOT_RUN,0.0,0.0
7,select_273/aten.select.int/Gather,Gather,unknown_f32,NOT_RUN,0.0,0.0
7,select_274/aten.select.int/Gather,Gather,unknown_f32,NOT_RUN,0.0,0.0
7,select_275/aten.select.int/Gather,Gather,unknown_f32,NOT_RUN,0.0,0.0
7,select_276/aten.select.int/Gather,Gather,unknown_f32,NOT_RUN,0.0,0.0
7,select_277/aten.select.int/Gather,Gather,unknown_f32,NOT_RUN,0.0,0.0
7,select_278/aten.select.int/Gather,Gather,unknown_f32,NOT_RUN,0.0,0.0
7,select_279/aten.select.int/Gather,Gather,unknown_f32,NOT_RUN,0.0,0.0
7,select_280/aten.select.int/Gather,Gather,unknown_f32,NOT_RUN,0.0,0.0
7,select_281/aten.select.int/Gather,Gather,unknown_f32,NOT_RUN,0.0,0.0
7,select_282/aten.select.int/Gather,Gather,unknown_f32,NOT_RUN,0.0,0.0
7,select_283/aten.select.int/Gather,Gather,unknown_f32,NOT_RUN,0.0,0.0
7,select_284/aten.select.int/Gather,Gather,unknown_f32,NOT_RUN,0.0,0.0
7,select_285/aten.select.int/Gather,Gather,unknown_f32,NOT_RUN,0.0,0.0
7,select_286/aten.select.int/Gather,Gather,unknown_f32,NOT_RUN,0.0,0.0
7,select_287/aten.select.int/Gather,Gather,unknown_f32,NOT_RUN,0.0,0.0
7,select_288/aten.select.int/Gather,Gather,unknown_f32,NOT_RUN,0.0,0.0
7,select_289/aten.select.int/Gather,Gather,unknown_f32,NOT_RUN,0.0,0.0
7,select_290/aten.select.int/Gather,Gather,unknown_f32,NOT_RUN,0.0,0.0
7,select_291/aten.select.int/Gather,Gather,unknown_f32,NOT_RUN,0.0,0.0
7,select_292/aten.select.int/Gather,Gather,unknown_f32,NOT_RUN,0.0,0.0
7,select_293/aten.select.int/Gather,Gather,unknown_f32,NOT_RUN,0.0,0.0
7,select_294/aten.select.int/Gather,Gather,unknown_f32,NOT_RUN,0.0,0.0
7,select_295/aten.select.int/Gather,Gather,unknown_f32,NOT_RUN,0.0,0.0
7,select_296/aten.select.int/Gather,Gather,unknown_f32,NOT_RUN,0.0,0.0
7,select_297/aten.select.int/Gather,Gather,unknown_f32,NOT_RUN,0.0,0.0
7,select_298/aten.select.int/Gather,Gather,unknown_f32,NOT_RUN,0.0,0.0
7,select_299/aten.select.int/Gather,Gather,unknown_f32,NOT_RUN,0.0,0.0
7,select_300/aten.select.int/Gather,Gather,unknown_f32,NOT_RUN,0.0,0.0
7,select_301/aten.select.int/Gather,Gather,unknown_f32,NOT_RUN,0.0,0.0
7,select_302/aten.select.int/Gather,Gather,unknown_f32,NOT_RUN,0.0,0.0
7,select_303/aten.select.int/Gather,Gather,unknown_f32,NOT_RUN,0.0,0.0
7,select_304/aten.select.int/Gather,Gather,unknown_f32,NOT_RUN,0.0,0.0
7,cat_3/aten.cat.default/Concat,Concat,ref_f32,EXECUTED,0.066,0.066
7,view_84/aten.view.default/Reshape,Reshape,unknown_f32,NOT_RUN,0.0,0.0
7,add_50/aten.add.Tensor/Add,Subgraph,jit_avx2_f32,EXECUTED,0.022,0.022
7,linear_2/aten.linear.default/Add,FullyConnected,brgemm_avx2_f32,EXECUTED,0.321,0.321
7,Multiply_13576,Multiply,undef,NOT_RUN,0.0,0.0
7,view_86/aten.view.default/Reshape,Reshape,unknown_f32,NOT_RUN,0.0,0.0
7,permute_3/aten.permute.default/Transpose,Transpose,unknown_f32,EXECUTED,0.023,0.023
7,linear_3/aten.linear.default/Add,FullyConnected,gemm_mlas_f32,EXECUTED,0.331,0.331
7,view_87/aten.view.default/Reshape,Reshape,unknown_f32,NOT_RUN,0.0,0.0
7,Transpose_12104,Transpose,unknown_f32,EXECUTED,0.049,0.049
7,linear_4/aten.linear.default/Add,FullyConnected,gemm_mlas_f32,EXECUTED,0.331,0.331
7,view_88/aten.view.default/Reshape,Reshape,unknown_f32,NOT_RUN,0.0,0.0
7,permute_5/aten.permute.default/Transpose,Transpose,unknown_f32,EXECUTED,0.015000000000000001,0.015000000000000001
7,bmm_1/aten.bmm.default/MatMul,Subgraph,jit_avx2_f32,EXECUTED,0.444,0.444
7,permute_7/aten.permute.default/Transpose,Transpose,unknown_f32,EXECUTED,0.029,0.029
7,view_89/aten.view.default/Reshape,Reshape,unknown_f32,NOT_RUN,0.0,0.0
7,linear_5/aten.linear.default/Add,FullyConnected,gemm_mlas_f32,EXECUTED,0.37,0.37
7,view_90/aten.view.default/Reshape,Reshape,unknown_f32,NOT_RUN,0.0,0.0
7,add_51/aten.add.Tensor/Add,Subgraph,jit_avx2_f32,EXECUTED,0.024,0.024
7,native_layer_norm/aten.native_layer_norm.default/MVN,MVN,jit_avx2_f32,EXECUTED,0.02,0.02
7,native_layer_norm/aten.native_layer_norm.default/Add,Subgraph,jit_avx2_f32,EXECUTED,0.017,0.017
7,linear_6/aten.linear.default/Add,FullyConnected,brgemm_avx2_f32,EXECUTED,1.365,1.365
7,relu_17/aten.relu.default/Relu,Relu,undef,NOT_RUN,0.0,0.0
7,linear_7/aten.linear.default/Add,FullyConnected,gemm_mlas_f32,EXECUTED,1.461,1.461
7,add_52/aten.add.Tensor/Add,Subgraph,jit_avx2_f32,EXECUTED,0.026,0.026
7,native_layer_norm_1/aten.native_layer_norm.default/MVN,MVN,jit_avx2_f32,EXECUTED,0.019,0.019
7,add_53/aten.add.Tensor/Add,Subgraph,jit_avx2_f32,EXECUTED,0.031,0.031
7,linear_8/aten.linear.default/Add,FullyConnected,brgemm_avx2_f32,EXECUTED,0.27799999999999997,0.27799999999999997
7,Multiply_13578,Multiply,undef,NOT_RUN,0.0,0.0
7,view_92/aten.view.default/Reshape,Reshape,unknown_f32,NOT_RUN,0.0,0.0
7,permute_8/aten.permute.default/Transpose,Transpose,unknown_f32,EXECUTED,0.018000000000000002,0.018000000000000002
7,linear_9/aten.linear.default/Add,FullyConnected,gemm_mlas_f32,EXECUTED,0.265,0.265
7,view_93/aten.view.default/Reshape,Reshape,unknown_f32,NOT_RUN,0.0,0.0
7,Transpose_12133,Transpose,unknown_f32,EXECUTED,0.038,0.038
7,linear_10/aten.linear.default/Add,FullyConnected,gemm_mlas_f32,EXECUTED,0.27099999999999996,0.27099999999999996
7,view_94/aten.view.default/Reshape,Reshape,unknown_f32,NOT_RUN,0.0,0.0
7,permute_10/aten.permute.default/Transpose,Transpose,unknown_f32,EXECUTED,0.013,0.013
7,bmm_3/aten.bmm.default/MatMul,Subgraph,jit_avx2_f32,EXECUTED,0.377,0.377
7,permute_12/aten.permute.default/Transpose,Transpose,unknown_f32,EXECUTED,0.019,0.019
7,view_95/aten.view.default/Reshape,Reshape,unknown_f32,NOT_RUN,0.0,0.0
7,linear_11/aten.linear.default/Add,FullyConnected,gemm_mlas_f32,EXECUTED,0.28600000000000003,0.28600000000000003
7,view_96/aten.view.default/Reshape,Reshape,unknown_f32,NOT_RUN,0.0,0.0
7,add_54/aten.add.Tensor/Add,Subgraph,jit_avx2_f32,EXECUTED,0.014,0.014
7,native_layer_norm_2/aten.native_layer_norm.default/MVN,MVN,jit_avx2_f32,EXECUTED,0.013,0.013
7,native_layer_norm_2/aten.native_layer_norm.default/Add,Subgraph,jit_avx2_f32,EXECUTED,0.006,0.006
7,linear_12/aten.linear.default/Add,FullyConnected,brgemm_avx2_f32,EXECUTED,1.281,1.281
7,relu_18/aten.relu.default/Relu,Relu,undef,NOT_RUN,0.0,0.0
7,linear_13/aten.linear.default/Add,FullyConnected,gemm_mlas_f32,EXECUTED,1.389,1.389
7,add_55/aten.add.Tensor/Add,Subgraph,jit_avx2_f32,EXECUTED,0.024,0.024
7,native_layer_norm_3/aten.native_layer_norm.default/MVN,MVN,jit_avx2_f32,EXECUTED,0.018000000000000002,0.018000000000000002
7,add_56/aten.add.Tensor/Add,Subgraph,jit_avx2_f32,EXECUTED,0.027,0.027
7,linear_14/aten.linear.default/Add,FullyConnected,brgemm_avx2_f32,EXECUTED,0.279,0.279
7,Multiply_13580,Multiply,undef,NOT_RUN,0.0,0.0
7,view_98/aten.view.default/Reshape,Reshape,unknown_f32,NOT_RUN,0.0,0.0
7,permute_13/aten.permute.default/Transpose,Transpose,unknown_f32,EXECUTED,0.018000000000000002,0.018000000000000002
7,linear_15/aten.linear.default/Add,FullyConnected,gemm_mlas_f32,EXECUTED,0.321,0.321
7,view_99/aten.view.default/Reshape,Reshape,unknown_f32,NOT_RUN,0.0,0.0
7,Transpose_12162,Transpose,unknown_f32,EXECUTED,0.049,0.049
7,linear_16/aten.linear.default/Add,FullyConnected,gemm_mlas_f32,EXECUTED,0.27099999999999996,0.27099999999999996
7,view_100/aten.view.default/Reshape,Reshape,unknown_f32,NOT_RUN,0.0,0.0
7,permute_15/aten.permute.default/Transpose,Transpose,unknown_f32,EXECUTED,0.013,0.013
7,bmm_5/aten.bmm.default/MatMul,Subgraph,jit_avx2_f32,EXECUTED,0.435,0.435
7,permute_17/aten.permute.default/Transpose,Transpose,unknown_f32,EXECUTED,0.024,0.024
7,view_101/aten.view.default/Reshape,Reshape,unknown_f32,NOT_RUN,0.0,0.0
7,linear_17/aten.linear.default/Add,FullyConnected,gemm_mlas_f32,EXECUTED,0.328,0.328
7,view_102/aten.view.default/Reshape,Reshape,unknown_f32,NOT_RUN,0.0,0.0
7,add_57/aten.add.Tensor/Add,Subgraph,jit_avx2_f32,EXECUTED,0.019,0.019
7,native_layer_norm_4/aten.native_layer_norm.default/MVN,MVN,jit_avx2_f32,EXECUTED,0.013,0.013
7,native_layer_norm_4/aten.native_layer_norm.default/Add,Subgraph,jit_avx2_f32,EXECUTED,0.011,0.011
7,linear_18/aten.linear.default/Add,FullyConnected,brgemm_avx2_f32,EXECUTED,1.341,1.341
7,relu_19/aten.relu.default/Relu,Relu,undef,NOT_RUN,0.0,0.0
7,linear_19/aten.linear.default/Add,FullyConnected,gemm_mlas_f32,EXECUTED,1.387,1.387
7,add_58/aten.add.Tensor/Add,Subgraph,jit_avx2_f32,EXECUTED,0.022,0.022
7,native_layer_norm_5/aten.native_layer_norm.default/MVN,MVN,jit_avx2_f32,EXECUTED,0.020999999999999998,0.020999999999999998
7,add_59/aten.add.Tensor/Add,Subgraph,jit_avx2_f32,EXECUTED,0.026,0.026
7,linear_20/aten.linear.default/Add,FullyConnected,brgemm_avx2_f32,EXECUTED,0.27099999999999996,0.27099999999999996
7,Multiply_13582,Multiply,undef,NOT_RUN,0.0,0.0
7,view_104/aten.view.default/Reshape,Reshape,unknown_f32,NOT_RUN,0.0,0.0
7,permute_18/aten.permute.default/Transpose,Transpose,unknown_f32,EXECUTED,0.014,0.014
7,linear_21/aten.linear.default/Add,FullyConnected,gemm_mlas_f32,EXECUTED,0.266,0.266
7,view_105/aten.view.default/Reshape,Reshape,unknown_f32,NOT_RUN,0.0,0.0
7,Transpose_12191,Transpose,unknown_f32,EXECUTED,0.036000000000000004,0.036000000000000004
7,linear_22/aten.linear.default/Add,FullyConnected,gemm_mlas_f32,EXECUTED,0.243,0.243
7,view_106/aten.view.default/Reshape,Reshape,unknown_f32,NOT_RUN,0.0,0.0
7,permute_20/aten.permute.default/Transpose,Transpose,unknown_f32,EXECUTED,0.009000000000000001,0.009000000000000001
7,bmm_7/aten.bmm.default/MatMul,Subgraph,jit_avx2_f32,EXECUTED,0.367,0.367
7,permute_22/aten.permute.default/Transpose,Transpose,unknown_f32,EXECUTED,0.019,0.019
7,view_107/aten.view.default/Reshape,Reshape,unknown_f32,NOT_RUN,0.0,0.0
7,linear_23/aten.linear.default/Add,FullyConnected,gemm_mlas_f32,EXECUTED,0.3,0.3
7,view_108/aten.view.default/Reshape,Reshape,unknown_f32,NOT_RUN,0.0,0.0
7,add_60/aten.add.Tensor/Add,Subgraph,jit_avx2_f32,EXECUTED,0.015000000000000001,0.015000000000000001
7,native_layer_norm_6/aten.native_layer_norm.default/MVN,MVN,jit_avx2_f32,EXECUTED,0.015000000000000001,0.015000000000000001
7,native_layer_norm_6/aten.native_layer_norm.default/Add,Subgraph,jit_avx2_f32,EXECUTED,0.007,0.007
7,linear_24/aten.linear.default/Add,FullyConnected,brgemm_avx2_f32,EXECUTED,1.325,1.325
7,relu_20/aten.relu.default/Relu,Relu,undef,NOT_RUN,0.0,0.0
7,linear_25/aten.linear.default/Add,FullyConnected,gemm_mlas_f32,EXECUTED,1.407,1.407
7,add_61/aten.add.Tensor/Add,Subgraph,jit_avx2_f32,EXECUTED,0.023,0.023
7,native_layer_norm_7/aten.native_layer_norm.default/MVN,MVN,jit_avx2_f32,EXECUTED,0.018000000000000002,0.018000000000000002
7,add_65/aten.add.Tensor/Add,Subgraph,jit_avx2_f32,EXECUTED,0.023,0.023
7,linear_31/aten.linear.default/Add,FullyConnected,gemm_mlas_f32,EXECUTED,0.296,0.296
7,view_117/aten.view.default/Reshape,Reshape,unknown_f32,NOT_RUN,0.0,0.0
7,Transpose_12220,Transpose,unknown_f32,EXECUTED,0.051,0.051
7,linear_32/aten.linear.default/Add,FullyConnected,gemm_mlas_f32,EXECUTED,0.3,0.3
7,view_118/aten.view.default/Reshape,Reshape,unknown_f32,NOT_RUN,0.0,0.0
7,permute_30/aten.permute.default/Transpose,Transpose,unknown_f32,EXECUTED,0.011,0.011
7,bmm_11/aten.bmm.default/MatMul,Subgraph,jit_avx2_f32,EXECUTED,0.22,0.22
7,permute_32/aten.permute.default/Transpose,Transpose,unknown_f32,EXECUTED,0.008,0.008
7,view_119/aten.view.default/Reshape,Reshape,unknown_f32,NOT_RUN,0.0,0.0
7,linear_33/aten.linear.default/Add,FullyConnected,gemm_mlas_f32,EXECUTED,0.136,0.136
7,view_120/aten.view.default/Reshape,Reshape,unknown_f32,NOT_RUN,0.0,0.0
7,add_66/aten.add.Tensor/Add,Subgraph,jit_avx2_f32,EXECUTED,0.012,0.012
7,native_layer_norm_9/aten.native_layer_norm.default/MVN,MVN,jit_avx2_f32,EXECUTED,0.006,0.006
7,native_layer_norm_9/aten.native_layer_norm.default/Add,Subgraph,jit_avx2_f32,EXECUTED,0.004,0.004
7,linear_34/aten.linear.default/Add,FullyConnected,brgemm_avx2_f32,EXECUTED,0.509,0.509
7,relu_21/aten.relu.default/Relu,Relu,undef,NOT_RUN,0.0,0.0
7,linear_35/aten.linear.default/Add,FullyConnected,gemm_mlas_f32,EXECUTED,0.5810000000000001,0.5810000000000001
7,add_67/aten.add.Tensor/Add,Subgraph,jit_avx2_f32,EXECUTED,0.013,0.013
7,native_layer_norm_10/aten.native_layer_norm.default/MVN,MVN,jit_avx2_f32,EXECUTED,0.009000000000000001,0.009000000000000001
7,native_layer_norm_10/aten.native_layer_norm.default/Add,Subgraph,jit_avx2_f32,EXECUTED,0.003,0.003
7,native_layer_norm_11/aten.native_layer_norm.default/MVN,MVN,jit_avx2_f32,EXECUTED,0.006,0.006
7,native_layer_norm_11/aten.native_layer_norm.default/Add,Subgraph,jit_avx2_f32,EXECUTED,0.003,0.003
7,permute_33/aten.permute.default/Transpose,Reshape,unknown_f32,NOT_RUN,0.0,0.0
7,linear_36/aten.linear.default/Add,FullyConnected,gemm_mlas_f32,EXECUTED,0.013,0.013
7,Result_6085,Result,unknown_f32,NOT_RUN,0.0,0.0
8,state,Parameter,unknown_f32,NOT_RUN,0.0,0.0
8,linear_1/aten.linear.default/Add,FullyConnected,gemm_mlas_f32,EXECUTED,0.058,0.058
8,wrist_image,Parameter,unknown_f32,NOT_RUN,0.0,0.0
8,wrist_image_abcd_acdb_mul_2/aten.mul.Tensor/Multiply,Reorder,jit_uni_f32,EXECUTED,0.23800000000000002,0.23800000000000002
8,mul_2/aten.mul.Tensor/Multiply,Convolution,brgconv_avx2_f32,EXECUTED,2.024,2.024
8,relu/aten.relu.default/Relu,Relu,undef,NOT_RUN,0.0,0.0
8,max_pool2d_with_indices/aten.max_pool2d_with_indices.default/MaxPool,MaxPool,jit_avx2_f32,EXECUTED,0.335,0.335
8,mul_5/aten.mul.Tensor/Multiply,Convolution,brgconv_avx2_f32,EXECUTED,1.9020000000000001,1.9020000000000001
8,relu_1/aten.relu.default/Relu,Relu,undef,NOT_RUN,0.0,0.0
8,mul_8/aten.mul.Tensor/Multiply,Convolution,brgconv_avx2_f32,EXECUTED,1.871,1.871
8,add_6/aten.add.Tensor/Add,Add,undef,NOT_RUN,0.0,0.0
8,relu_2/aten.relu.default/Relu,Relu,undef,NOT_RUN,0.0,0.0
8,mul_11/aten.mul.Tensor/Multiply,Convolution,brgconv_avx2_f32,EXECUTED,1.984,1.984
8,relu_3/aten.relu.default/Relu,Relu,undef,NOT_RUN,0.0,0.0
8,mul_14/aten.mul.Tensor/Multiply,Convolution,brgconv_avx2_f32,EXECUTED,1.951,1.951
8,add_11/aten.add.Tensor/Add,Add,undef,NOT_RUN,0.0,0.0
8,relu_4/aten.relu.default/Relu,Relu,undef,NOT_RUN,0.0,0.0
8,mul_17/aten.mul.Tensor/Multiply,Convolution,brgconv_avx2_f32,EXECUTED,1.064,1.064
8,relu_5/aten.relu.default/Relu,Relu,undef,NOT_RUN,0.0,0.0
8,mul_23/aten.mul.Tensor/Multiply,Convolution,brgconv_avx2_1x1_f32,EXECUTED,0.214,0.214
8,mul_20/aten.mul.Tensor/Multiply,Convolution,brgconv_avx2_f32,EXECUTED,1.8190000000000002,1.8190000000000002
8,add_18/aten.add.Tensor/Add,Add,undef,NOT_RUN,0.0,0.0
8,relu_6/aten.relu.default/Relu,Relu,undef,NOT_RUN,0.0,0.0
8,mul_26/aten.mul.Tensor/Multiply,Convolution,brgconv_avx2_f32,EXECUTED,1.8190000000000002,1.8190000000000002
8,relu_7/aten.relu.default/Relu,Relu,undef,NOT_RUN,0.0,0.0
8,mul_29/aten.mul.Tensor/Multiply,Convolution,brgconv_avx2_f32,EXECUTED,1.858,1.858
8,add_23/aten.add.Tensor/Add,Add,undef,NOT_RUN,0.0,0.0
8,relu_8/aten.relu.default/Relu,Relu,undef,NOT_RUN,0.0,0.0
8,mul_32/aten.mul.Tensor/Multiply,Convolution,brgconv_avx2_f32,EXECUTED,1.0230000000000001,1.0230000000000001
8,relu_9/aten.relu.default/Relu,Relu,undef,NOT_RUN,0.0,0.0
8,mul_38/aten.mul.Tensor/Multiply,Convolution,brgconv_avx2_1x1_f32,EXECUTED,0.224,0.224
8,mul_35/aten.mul.Tensor/Multiply,Convolution,brgconv_avx2_f32,EXECUTED,1.821,1.821
8,add_30/aten.add.Tensor/Add,Add,undef,NOT_RUN,0.0,0.0
8,relu_10/aten.relu.default/Relu,Relu,undef,NOT_RUN,0.0,0.0
8,mul_41/aten.mul.Tensor/Multiply,Convolution,brgconv_avx2_f32,EXECUTED,1.858,1.858
8,relu_11/aten.relu.default/Relu,Relu,undef,NOT_RUN,0.0,0.0
8,mul_44/aten.mul.Tensor/Multiply,Convolution,brgconv_avx2_f32,EXECUTED,1.909,1.909
8,add_35/aten.add.Tensor/Add,Add,undef,NOT_RUN,0.0,0.0
8,relu_12/aten.relu.default/Relu,Relu,undef,NOT_RUN,0.0,0.0
8,mul_47/aten.mul.Tensor/Multiply,Convolution,brgconv_avx2_f32,EXECUTED,1.0579999999999998,1.0579999999999998
8,relu_13/aten.relu.default/Relu,Relu,undef,NOT_RUN,0.0,0.0
8,mul_53/aten.mul.Tensor/Multiply,Convolution,brgconv_avx2_1x1_f32,EXECUTED,0.27099999999999996,0.27099999999999996
8,mul_50/aten.mul.Tensor/Multiply,Convolution,brgconv_avx2_f32,EXECUTED,1.7830000000000001,1.7830000000000001
8,add_42/aten.add.Tensor/Add,Add,undef,NOT_RUN,0.0,0.0
8,relu_14/aten.relu.default/Relu,Relu,undef,NOT_RUN,0.0,0.0
8,mul_56/aten.mul.Tensor/Multiply,Convolution,brgconv_avx2_f32,EXECUTED,1.8519999999999999,1.8519999999999999
8,relu_15/aten.relu.default/Relu,Relu,undef,NOT_RUN,0.0,0.0
8,mul_59/aten.mul.Tensor/Multiply,Convolution,brgconv_avx2_f32,EXECUTED,1.8539999999999999,1.8539999999999999
8,add_47/aten.add.Tensor/Add,Add,undef,NOT_RUN,0.0,0.0
8,relu_16/aten.relu.default/Relu,Relu,undef,NOT_RUN,0.0,0.0
8,convolution_20/aten.convolution.default/Convolution,Convolution,brgconv_avx2_1x1_f32,EXECUTED,0.395,0.395
8,permute_1/aten.permute.default/Transpose,Transpose,unknown_f32,EXECUTED,0.039,0.039
8,permute_1/aten.permute.default/Transpose_acdb_abcd_view_82/aten.view.default/Reshape,Reorder,reorder_f32,EXECUTED,0.026,0.026
8,view_82/aten.view.default/Reshape,Reshape,unknown_f32,NOT_RUN,0.0,0.0
8,select_5/aten.select.int/Gather,Gather,unknown_f32,NOT_RUN,0.0,0.0
8,select_6/aten.select.int/Gather,Gather,unknown_f32,NOT_RUN,0.0,0.0
8,select_7/aten.select.int/Gather,Gather,unknown_f32,NOT_RUN,0.0,0.0
8,select_8/aten.select.int/Gather,Gather,unknown_f32,NOT_RUN,0.0,0.0
8,select_9/aten.select.int/Gather,Gather,unknown_f32,NOT_RUN,0.0,0.0
8,select_10/aten.select.int/Gather,Gather,unknown_f32,NOT_RUN,0.0,0.0
8,select_11/aten.select.int/Gather,Gather,unknown_f32,NOT_RUN,0.0,0.0
8,select_12/aten.select.int/Gather,Gather,unknown_f32,NOT_RUN,0.0,0.0
8,select_13/aten.select.int/Gather,Gather,unknown_f32,NOT_RUN,0.0,0.0
8,select_14/aten.select.int/Gather,Gather,unknown_f32,NOT_RUN,0.0,0.0
8,select_15/aten.select.int/Gather,Gather,unknown_f32,NOT_RUN,0.0,0.0
8,select_16/aten.select.int/Gather,Gather,unknown_f32,NOT_RUN,0.0,0.0
8,select_17/aten.select.int/Gather,Gather,unknown_f32,NOT_RUN,0.0,0.0
8,select_18/aten.select.int/Gather,Gather,unknown_f32,NOT_RUN,0.0,0.0
8,select_19/aten.select.int/Gather,Gather,unknown_f32,NOT_RUN,0.0,0.0
8,select_20/aten.select.int/Gather,Gather,unknown_f32,NOT_RUN,0.0,0.0
8,select_21/aten.select.int/Gather,Gather,unknown_f32,NOT_RUN,0.0,0.0
8,select_22/aten.select.int/Gather,Gather,unknown_f32,NOT_RUN,0.0,0.0
8,select_23/aten.select.int/Gather,Gather,unknown_f32,NOT_RUN,0.0,0.0
8,select_24/aten.select.int/Gather,Gather,unknown_f32,NOT_RUN,0.0,0.0
8,select_25/aten.select.int/Gather,Gather,unknown_f32,NOT_RUN,0.0,0.0
8,select_26/aten.select.int/Gather,Gather,unknown_f32,NOT_RUN,0.0,0.0
8,select_27/aten.select.int/Gather,Gather,unknown_f32,NOT_RUN,0.0,0.0
8,select_28/aten.select.int/Gather,Gather,unknown_f32,NOT_RUN,0.0,0.0
8,select_29/aten.select.int/Gather,Gather,unknown_f32,NOT_RUN,0.0,0.0
8,select_30/aten.select.int/Gather,Gather,unknown_f32,NOT_RUN,0.0,0.0
8,select_31/aten.select.int/Gather,Gather,unknown_f32,NOT_RUN,0.0,0.0
8,select_32/aten.select.int/Gather,Gather,unknown_f32,NOT_RUN,0.0,0.0
8,select_33/aten.select.int/Gather,Gather,unknown_f32,NOT_RUN,0.0,0.0
8,select_34/aten.select.int/Gather,Gather,unknown_f32,NOT_RUN,0.0,0.0
8,select_35/aten.select.int/Gather,Gather,unknown_f32,NOT_RUN,0.0,0.0
8,select_36/aten.select.int/Gather,Gather,unknown_f32,NOT_RUN,0.0,0.0
8,select_37/aten.select.int/Gather,Gather,unknown_f32,NOT_RUN,0.0,0.0
8,select_38/aten.select.int/Gather,Gather,unknown_f32,NOT_RUN,0.0,0.0
8,select_39/aten.select.int/Gather,Gather,unknown_f32,NOT_RUN,0.0,0.0
8,select_40/aten.select.int/Gather,Gather,unknown_f32,NOT_RUN,0.0,0.0
8,select_41/aten.select.int/Gather,Gather,unknown_f32,NOT_RUN,0.0,0.0
8,select_42/aten.select.int/Gather,Gather,unknown_f32,NOT_RUN,0.0,0.0
8,select_43/aten.select.int/Gather,Gather,unknown_f32,NOT_RUN,0.0,0.0
8,select_44/aten.select.int/Gather,Gather,unknown_f32,NOT_RUN,0.0,0.0
8,select_45/aten.select.int/Gather,Gather,unknown_f32,NOT_RUN,0.0,0.0
8,select_46/aten.select.int/Gather,Gather,unknown_f32,NOT_RUN,0.0,0.0
8,select_47/aten.select.int/Gather,Gather,unknown_f32,NOT_RUN,0.0,0.0
8,select_48/aten.select.int/Gather,Gather,unknown_f32,NOT_RUN,0.0,0.0
8,select_49/aten.select.int/Gather,Gather,unknown_f32,NOT_RUN,0.0,0.0
8,select_50/aten.select.int/Gather,Gather,unknown_f32,NOT_RUN,0.0,0.0
8,select_51/aten.select.int/Gather,Gather,unknown_f32,NOT_RUN,0.0,0.0
8,select_52/aten.select.int/Gather,Gather,unknown_f32,NOT_RUN,0.0,0.0
8,select_53/aten.select.int/Gather,Gather,unknown_f32,NOT_RUN,0.0,0.0
8,select_54/aten.select.int/Gather,Gather,unknown_f32,NOT_RUN,0.0,0.0
8,select_55/aten.select.int/Gather,Gather,unknown_f32,NOT_RUN,0.0,0.0
8,select_56/aten.select.int/Gather,Gather,unknown_f32,NOT_RUN,0.0,0.0
8,select_57/aten.select.int/Gather,Gather,unknown_f32,NOT_RUN,0.0,0.0
8,select_58/aten.select.int/Gather,Gather,unknown_f32,NOT_RUN,0.0,0.0
8,select_59/aten.select.int/Gather,Gather,unknown_f32,NOT_RUN,0.0,0.0
8,select_60/aten.select.int/Gather,Gather,unknown_f32,NOT_RUN,0.0,0.0
8,select_61/aten.select.int/Gather,Gather,unknown_f32,NOT_RUN,0.0,0.0
8,select_62/aten.select.int/Gather,Gather,unknown_f32,NOT_RUN,0.0,0.0
8,select_63/aten.select.int/Gather,Gather,unknown_f32,NOT_RUN,0.0,0.0
8,select_64/aten.select.int/Gather,Gather,unknown_f32,NOT_RUN,0.0,0.0
8,select_65/aten.select.int/Gather,Gather,unknown_f32,NOT_RUN,0.0,0.0
8,select_66/aten.select.int/Gather,Gather,unknown_f32,NOT_RUN,0.0,0.0
8,select_67/aten.select.int/Gather,Gather,unknown_f32,NOT_RUN,0.0,0.0
8,select_68/aten.select.int/Gather,Gather,unknown_f32,NOT_RUN,0.0,0.0
8,select_69/aten.select.int/Gather,Gather,unknown_f32,NOT_RUN,0.0,0.0
8,select_70/aten.select.int/Gather,Gather,unknown_f32,NOT_RUN,0.0,0.0
8,select_71/aten.select.int/Gather,Gather,unknown_f32,NOT_RUN,0.0,0.0
8,select_72/aten.select.int/Gather,Gather,unknown_f32,NOT_RUN,0.0,0.0
8,select_73/aten.select.int/Gather,Gather,unknown_f32,NOT_RUN,0.0,0.0
8,select_74/aten.select.int/Gather,Gather,unknown_f32,NOT_RUN,0.0,0.0
8,select_75/aten.select.int/Gather,Gather,unknown_f32,NOT_RUN,0.0,0.0
8,select_76/aten.select.int/Gather,Gather,unknown_f32,NOT_RUN,0.0,0.0
8,select_77/aten.select.int/Gather,Gather,unknown_f32,NOT_RUN,0.0,0.0
8,select_78/aten.select.int/Gather,Gather,unknown_f32,NOT_RUN,0.0,0.0
8,select_79/aten.select.int/Gather,Gather,unknown_f32,NOT_RUN,0.0,0.0
8,select_80/aten.select.int/Gather,Gather,unknown_f32,NOT_RUN,0.0,0.0
8,select_81/aten.select.int/Gather,Gather,unknown_f32,NOT_RUN,0.0,0.0
8,select_82/aten.select.int/Gather,Gather,unknown_f32,NOT_RUN,0.0,0.0
8,select_83/aten.select.int/Gather,Gather,unknown_f32,NOT_RUN,0.0,0.0
8,select_84/aten.select.int/Gather,Gather,unknown_f32,NOT_RUN,0.0,0.0
8,select_85/aten.select.int/Gather,Gather,unknown_f32,NOT_RUN,0.0,0.0
8,select_86/aten.select.int/Gather,Gather,unknown_f32,NOT_RUN,0.0,0.0
8,select_87/aten.select.int/Gather,Gather,unknown_f32,NOT_RUN,0.0,0.0
8,select_88/aten.select.int/Gather,Gather,unknown_f32,NOT_RUN,0.0,0.0
8,select_89/aten.select.int/Gather,Gather,unknown_f32,NOT_RUN,0.0,0.0
8,select_90/aten.select.int/Gather,Gather,unknown_f32,NOT_RUN,0.0,0.0
8,select_91/aten.select.int/Gather,Gather,unknown_f32,NOT_RUN,0.0,0.0
8,select_92/aten.select.int/Gather,Gather,unknown_f32,NOT_RUN,0.0,0.0
8,select_93/aten.select.int/Gather,Gather,unknown_f32,NOT_RUN,0.0,0.0
8,select_94/aten.select.int/Gather,Gather,unknown_f32,NOT_RUN,0.0,0.0
8,select_95/aten.select.int/Gather,Gather,unknown_f32,NOT_RUN,0.0,0.0
8,select_96/aten.select.int/Gather,Gather,unknown_f32,NOT_RUN,0.0,0.0
8,select_97/aten.select.int/Gather,Gather,unknown_f32,NOT_RUN,0.0,0.0
8,select_98/aten.select.int/Gather,Gather,unknown_f32,NOT_RUN,0.0,0.0
8,select_99/aten.select.int/Gather,Gather,unknown_f32,NOT_RUN,0.0,0.0
8,select_100/aten.select.int/Gather,Gather,unknown_f32,NOT_RUN,0.0,0.0
8,select_101/aten.select.int/Gather,Gather,unknown_f32,NOT_RUN,0.0,0.0
8,select_102/aten.select.int/Gather,Gather,unknown_f32,NOT_RUN,0.0,0.0
8,select_103/aten.select.int/Gather,Gather,unknown_f32,NOT_RUN,0.0,0.0
8,select_104/aten.select.int/Gather,Gather,unknown_f32,NOT_RUN,0.0,0.0
8,select_105/aten.select.int/Gather,Gather,unknown_f32,NOT_RUN,0.0,0.0
8,select_106/aten.select.int/Gather,Gather,unknown_f32,NOT_RUN,0.0,0.0
8,select_107/aten.select.int/Gather,Gather,unknown_f32,NOT_RUN,0.0,0.0
8,select_108/aten.select.int/Gather,Gather,unknown_f32,NOT_RUN,0.0,0.0
8,select_109/aten.select.int/Gather,Gather,unknown_f32,NOT_RUN,0.0,0.0
8,select_110/aten.select.int/Gather,Gather,unknown_f32,NOT_RUN,0.0,0.0
8,select_111/aten.select.int/Gather,Gather,unknown_f32,NOT_RUN,0.0,0.0
8,select_112/aten.select.int/Gather,Gather,unknown_f32,NOT_RUN,0.0,0.0
8,select_113/aten.select.int/Gather,Gather,unknown_f32,NOT_RUN,0.0,0.0
8,select_114/aten.select.int/Gather,Gather,unknown_f32,NOT_RUN,0.0,0.0
8,select_115/aten.select.int/Gather,Gather,unknown_f32,NOT_RUN,0.0,0.0
8,select_116/aten.select.int/Gather,Gather,unknown_f32,NOT_RUN,0.0,0.0
8,select_117/aten.select.int/Gather,Gather,unknown_f32,NOT_RUN,0.0,0.0
8,select_118/aten.select.int/Gather,Gather,unknown_f32,NOT_RUN,0.0,0.0
8,select_119/aten.select.int/Gather,Gather,unknown_f32,NOT_RUN,0.0,0.0
8,select_120/aten.select.int/Gather,Gather,unknown_f32,NOT_RUN,0.0,0.0
8,select_121/aten.select.int/Gather,Gather,unknown_f32,NOT_RUN,0.0,0.0
8,select_122/aten.select.int/Gather,Gather,unknown_f32,NOT_RUN,0.0,0.0
8,select_123/aten.select.int/Gather,Gather,unknown_f32,NOT_RUN,0.0,0.0
8,select_124/aten.select.int/Gather,Gather,unknown_f32,NOT_RUN,0.0,0.0
8,select_125/aten.select.int/Gather,Gather,unknown_f32,NOT_RUN,0.0,0.0
8,select_126/aten.select.int/Gather,Gather,unknown_f32,NOT_RUN,0.0,0.0
8,select_127/aten.select.int/Gather,Gather,unknown_f32,NOT_RUN,0.0,0.0
8,select_128/aten.select.int/Gather,Gather,unknown_f32,NOT_RUN,0.0,0.0
8,select_129/aten.select.int/Gather,Gather,unknown_f32,NOT_RUN,0.0,0.0
8,select_130/aten.select.int/Gather,Gather,unknown_f32,NOT_RUN,0.0,0.0
8,select_131/aten.select.int/Gather,Gather,unknown_f32,NOT_RUN,0.0,0.0
8,select_132/aten.select.int/Gather,Gather,unknown_f32,NOT_RUN,0.0,0.0
8,select_133/aten.select.int/Gather,Gather,unknown_f32,NOT_RUN,0.0,0.0
8,select_134/aten.select.int/Gather,Gather,unknown_f32,NOT_RUN,0.0,0.0
8,select_135/aten.select.int/Gather,Gather,unknown_f32,NOT_RUN,0.0,0.0
8,select_136/aten.select.int/Gather,Gather,unknown_f32,NOT_RUN,0.0,0.0
8,select_137/aten.select.int/Gather,Gather,unknown_f32,NOT_RUN,0.0,0.0
8,select_138/aten.select.int/Gather,Gather,unknown_f32,NOT_RUN,0.0,0.0
8,select_139/aten.select.int/Gather,Gather,unknown_f32,NOT_RUN,0.0,0.0
8,select_140/aten.select.int/Gather,Gather,unknown_f32,NOT_RUN,0.0,0.0
8,select_141/aten.select.int/Gather,Gather,unknown_f32,NOT_RUN,0.0,0.0
8,select_142/aten.select.int/Gather,Gather,unknown_f32,NOT_RUN,0.0,0.0
8,select_143/aten.select.int/Gather,Gather,unknown_f32,NOT_RUN,0.0,0.0
8,select_144/aten.select.int/Gather,Gather,unknown_f32,NOT_RUN,0.0,0.0
8,select_145/aten.select.int/Gather,Gather,unknown_f32,NOT_RUN,0.0,0.0
8,select_146/aten.select.int/Gather,Gather,unknown_f32,NOT_RUN,0.0,0.0
8,select_147/aten.select.int/Gather,Gather,unknown_f32,NOT_RUN,0.0,0.0
8,select_148/aten.select.int/Gather,Gather,unknown_f32,NOT_RUN,0.0,0.0
8,select_149/aten.select.int/Gather,Gather,unknown_f32,NOT_RUN,0.0,0.0
8,select_150/aten.select.int/Gather,Gather,unknown_f32,NOT_RUN,0.0,0.0
8,select_151/aten.select.int/Gather,Gather,unknown_f32,NOT_RUN,0.0,0.0
8,select_152/aten.select.int/Gather,Gather,unknown_f32,NOT_RUN,0.0,0.0
8,select_153/aten.select.int/Gather,Gather,unknown_f32,NOT_RUN,0.0,0.0
8,select_154/aten.select.int/Gather,Gather,unknown_f32,NOT_RUN,0.0,0.0
8,select_155/aten.select.int/Gather,Gather,unknown_f32,NOT_RUN,0.0,0.0
8,select_156/aten.select.int/Gather,Gather,unknown_f32,NOT_RUN,0.0,0.0
8,select_157/aten.select.int/Gather,Gather,unknown_f32,NOT_RUN,0.0,0.0
8,select_158/aten.select.int/Gather,Gather,unknown_f32,NOT_RUN,0.0,0.0
8,select_159/aten.select.int/Gather,Gather,unknown_f32,NOT_RUN,0.0,0.0
8,select_160/aten.select.int/Gather,Gather,unknown_f32,NOT_RUN,0.0,0.0
8,select_161/aten.select.int/Gather,Gather,unknown_f32,NOT_RUN,0.0,0.0
8,select_162/aten.select.int/Gather,Gather,unknown_f32,NOT_RUN,0.0,0.0
8,select_163/aten.select.int/Gather,Gather,unknown_f32,NOT_RUN,0.0,0.0
8,select_164/aten.select.int/Gather,Gather,unknown_f32,NOT_RUN,0.0,0.0
8,select_165/aten.select.int/Gather,Gather,unknown_f32,NOT_RUN,0.0,0.0
8,select_166/aten.select.int/Gather,Gather,unknown_f32,NOT_RUN,0.0,0.0
8,select_167/aten.select.int/Gather,Gather,unknown_f32,NOT_RUN,0.0,0.0
8,select_168/aten.select.int/Gather,Gather,unknown_f32,NOT_RUN,0.0,0.0
8,select_169/aten.select.int/Gather,Gather,unknown_f32,NOT_RUN,0.0,0.0
8,select_170/aten.select.int/Gather,Gather,unknown_f32,NOT_RUN,0.0,0.0
8,select_171/aten.select.int/Gather,Gather,unknown_f32,NOT_RUN,0.0,0.0
8,select_172/aten.select.int/Gather,Gather,unknown_f32,NOT_RUN,0.0,0.0
8,select_173/aten.select.int/Gather,Gather,unknown_f32,NOT_RUN,0.0,0.0
8,select_174/aten.select.int/Gather,Gather,unknown_f32,NOT_RUN,0.0,0.0
8,select_175/aten.select.int/Gather,Gather,unknown_f32,NOT_RUN,0.0,0.0
8,select_176/aten.select.int/Gather,Gather,unknown_f32,NOT_RUN,0.0,0.0
8,select_177/aten.select.int/Gather,Gather,unknown_f32,NOT_RUN,0.0,0.0
8,select_178/aten.select.int/Gather,Gather,unknown_f32,NOT_RUN,0.0,0.0
8,select_179/aten.select.int/Gather,Gather,unknown_f32,NOT_RUN,0.0,0.0
8,select_180/aten.select.int/Gather,Gather,unknown_f32,NOT_RUN,0.0,0.0
8,select_181/aten.select.int/Gather,Gather,unknown_f32,NOT_RUN,0.0,0.0
8,select_182/aten.select.int/Gather,Gather,unknown_f32,NOT_RUN,0.0,0.0
8,select_183/aten.select.int/Gather,Gather,unknown_f32,NOT_RUN,0.0,0.0
8,select_184/aten.select.int/Gather,Gather,unknown_f32,NOT_RUN,0.0,0.0
8,select_185/aten.select.int/Gather,Gather,unknown_f32,NOT_RUN,0.0,0.0
8,select_186/aten.select.int/Gather,Gather,unknown_f32,NOT_RUN,0.0,0.0
8,select_187/aten.select.int/Gather,Gather,unknown_f32,NOT_RUN,0.0,0.0
8,select_188/aten.select.int/Gather,Gather,unknown_f32,NOT_RUN,0.0,0.0
8,select_189/aten.select.int/Gather,Gather,unknown_f32,NOT_RUN,0.0,0.0
8,select_190/aten.select.int/Gather,Gather,unknown_f32,NOT_RUN,0.0,0.0
8,select_191/aten.select.int/Gather,Gather,unknown_f32,NOT_RUN,0.0,0.0
8,select_192/aten.select.int/Gather,Gather,unknown_f32,NOT_RUN,0.0,0.0
8,select_193/aten.select.int/Gather,Gather,unknown_f32,NOT_RUN,0.0,0.0
8,select_194/aten.select.int/Gather,Gather,unknown_f32,NOT_RUN,0.0,0.0
8,select_195/aten.select.int/Gather,Gather,unknown_f32,NOT_RUN,0.0,0.0
8,select_196/aten.select.int/Gather,Gather,unknown_f32,NOT_RUN,0.0,0.0
8,select_197/aten.select.int/Gather,Gather,unknown_f32,NOT_RUN,0.0,0.0
8,select_198/aten.select.int/Gather,Gather,unknown_f32,NOT_RUN,0.0,0.0
8,select_199/aten.select.int/Gather,Gather,unknown_f32,NOT_RUN,0.0,0.0
8,select_200/aten.select.int/Gather,Gather,unknown_f32,NOT_RUN,0.0,0.0
8,select_201/aten.select.int/Gather,Gather,unknown_f32,NOT_RUN,0.0,0.0
8,select_202/aten.select.int/Gather,Gather,unknown_f32,NOT_RUN,0.0,0.0
8,select_203/aten.select.int/Gather,Gather,unknown_f32,NOT_RUN,0.0,0.0
8,select_204/aten.select.int/Gather,Gather,unknown_f32,NOT_RUN,0.0,0.0
8,select_205/aten.select.int/Gather,Gather,unknown_f32,NOT_RUN,0.0,0.0
8,select_206/aten.select.int/Gather,Gather,unknown_f32,NOT_RUN,0.0,0.0
8,select_207/aten.select.int/Gather,Gather,unknown_f32,NOT_RUN,0.0,0.0
8,select_208/aten.select.int/Gather,Gather,unknown_f32,NOT_RUN,0.0,0.0
8,select_209/aten.select.int/Gather,Gather,unknown_f32,NOT_RUN,0.0,0.0
8,select_210/aten.select.int/Gather,Gather,unknown_f32,NOT_RUN,0.0,0.0
8,select_211/aten.select.int/Gather,Gather,unknown_f32,NOT_RUN,0.0,0.0
8,select_212/aten.select.int/Gather,Gather,unknown_f32,NOT_RUN,0.0,0.0
8,select_213/aten.select.int/Gather,Gather,unknown_f32,NOT_RUN,0.0,0.0
8,select_214/aten.select.int/Gather,Gather,unknown_f32,NOT_RUN,0.0,0.0
8,select_215/aten.select.int/Gather,Gather,unknown_f32,NOT_RUN,0.0,0.0
8,select_216/aten.select.int/Gather,Gather,unknown_f32,NOT_RUN,0.0,0.0
8,select_217/aten.select.int/Gather,Gather,unknown_f32,NOT_RUN,0.0,0.0
8,select_218/aten.select.int/Gather,Gather,unknown_f32,NOT_RUN,0.0,0.0
8,select_219/aten.select.int/Gather,Gather,unknown_f32,NOT_RUN,0.0,0.0
8,select_220/aten.select.int/Gather,Gather,unknown_f32,NOT_RUN,0.0,0.0
8,select_221/aten.select.int/Gather,Gather,unknown_f32,NOT_RUN,0.0,0.0
8,select_222/aten.select.int/Gather,Gather,unknown_f32,NOT_RUN,0.0,0.0
8,select_223/aten.select.int/Gather,Gather,unknown_f32,NOT_RUN,0.0,0.0
8,select_224/aten.select.int/Gather,Gather,unknown_f32,NOT_RUN,0.0,0.0
8,select_225/aten.select.int/Gather,Gather,unknown_f32,NOT_RUN,0.0,0.0
8,select_226/aten.select.int/Gather,Gather,unknown_f32,NOT_RUN,0.0,0.0
8,select_227/aten.select.int/Gather,Gather,unknown_f32,NOT_RUN,0.0,0.0
8,select_228/aten.select.int/Gather,Gather,unknown_f32,NOT_RUN,0.0,0.0
8,select_229/aten.select.int/Gather,Gather,unknown_f32,NOT_RUN,0.0,0.0
8,select_230/aten.select.int/Gather,Gather,unknown_f32,NOT_RUN,0.0,0.0
8,select_231/aten.select.int/Gather,Gather,unknown_f32,NOT_RUN,0.0,0.0
8,select_232/aten.select.int/Gather,Gather,unknown_f32,NOT_RUN,0.0,0.0
8,select_233/aten.select.int/Gather,Gather,unknown_f32,NOT_RUN,0.0,0.0
8,select_234/aten.select.int/Gather,Gather,unknown_f32,NOT_RUN,0.0,0.0
8,select_235/aten.select.int/Gather,Gather,unknown_f32,NOT_RUN,0.0,0.0
8,select_236/aten.select.int/Gather,Gather,unknown_f32,NOT_RUN,0.0,0.0
8,select_237/aten.select.int/Gather,Gather,unknown_f32,NOT_RUN,0.0,0.0
8,select_238/aten.select.int/Gather,Gather,unknown_f32,NOT_RUN,0.0,0.0
8,select_239/aten.select.int/Gather,Gather,unknown_f32,NOT_RUN,0.0,0.0
8,select_240/aten.select.int/Gather,Gather,unknown_f32,NOT_RUN,0.0,0.0
8,select_241/aten.select.int/Gather,Gather,unknown_f32,NOT_RUN,0.0,0.0
8,select_242/aten.select.int/Gather,Gather,unknown_f32,NOT_RUN,0.0,0.0
8,select_243/aten.select.int/Gather,Gather,unknown_f32,NOT_RUN,0.0,0.0
8,select_244/aten.select.int/Gather,Gather,unknown_f32,NOT_RUN,0.0,0.0
8,select_245/aten.select.int/Gather,Gather,unknown_f32,NOT_RUN,0.0,0.0
8,select_246/aten.select.int/Gather,Gather,unknown_f32,NOT_RUN,0.0,0.0
8,select_247/aten.select.int/Gather,Gather,unknown_f32,NOT_RUN,0.0,0.0
8,select_248/aten.select.int/Gather,Gather,unknown_f32,NOT_RUN,0.0,0.0
8,select_249/aten.select.int/Gather,Gather,unknown_f32,NOT_RUN,0.0,0.0
8,select_250/aten.select.int/Gather,Gather,unknown_f32,NOT_RUN,0.0,0.0
8,select_251/aten.select.int/Gather,Gather,unknown_f32,NOT_RUN,0.0,0.0
8,select_252/aten.select.int/Gather,Gather,unknown_f32,NOT_RUN,0.0,0.0
8,select_253/aten.select.int/Gather,Gather,unknown_f32,NOT_RUN,0.0,0.0
8,select_254/aten.select.int/Gather,Gather,unknown_f32,NOT_RUN,0.0,0.0
8,select_255/aten.select.int/Gather,Gather,unknown_f32,NOT_RUN,0.0,0.0
8,select_256/aten.select.int/Gather,Gather,unknown_f32,NOT_RUN,0.0,0.0
8,select_257/aten.select.int/Gather,Gather,unknown_f32,NOT_RUN,0.0,0.0
8,select_258/aten.select.int/Gather,Gather,unknown_f32,NOT_RUN,0.0,0.0
8,select_259/aten.select.int/Gather,Gather,unknown_f32,NOT_RUN,0.0,0.0
8,select_260/aten.select.int/Gather,Gather,unknown_f32,NOT_RUN,0.0,0.0
8,select_261/aten.select.int/Gather,Gather,unknown_f32,NOT_RUN,0.0,0.0
8,select_262/aten.select.int/Gather,Gather,unknown_f32,NOT_RUN,0.0,0.0
8,select_263/aten.select.int/Gather,Gather,unknown_f32,NOT_RUN,0.0,0.0
8,select_264/aten.select.int/Gather,Gather,unknown_f32,NOT_RUN,0.0,0.0
8,select_265/aten.select.int/Gather,Gather,unknown_f32,NOT_RUN,0.0,0.0
8,select_266/aten.select.int/Gather,Gather,unknown_f32,NOT_RUN,0.0,0.0
8,select_267/aten.select.int/Gather,Gather,unknown_f32,NOT_RUN,0.0,0.0
8,select_268/aten.select.int/Gather,Gather,unknown_f32,NOT_RUN,0.0,0.0
8,select_269/aten.select.int/Gather,Gather,unknown_f32,NOT_RUN,0.0,0.0
8,select_270/aten.select.int/Gather,Gather,unknown_f32,NOT_RUN,0.0,0.0
8,select_271/aten.select.int/Gather,Gather,unknown_f32,NOT_RUN,0.0,0.0
8,select_272/aten.select.int/Gather,Gather,unknown_f32,NOT_RUN,0.0,0.0
8,select_273/aten.select.int/Gather,Gather,unknown_f32,NOT_RUN,0.0,0.0
8,select_274/aten.select.int/Gather,Gather,unknown_f32,NOT_RUN,0.0,0.0
8,select_275/aten.select.int/Gather,Gather,unknown_f32,NOT_RUN,0.0,0.0
8,select_276/aten.select.int/Gather,Gather,unknown_f32,NOT_RUN,0.0,0.0
8,select_277/aten.select.int/Gather,Gather,unknown_f32,NOT_RUN,0.0,0.0
8,select_278/aten.select.int/Gather,Gather,unknown_f32,NOT_RUN,0.0,0.0
8,select_279/aten.select.int/Gather,Gather,unknown_f32,NOT_RUN,0.0,0.0
8,select_280/aten.select.int/Gather,Gather,unknown_f32,NOT_RUN,0.0,0.0
8,select_281/aten.select.int/Gather,Gather,unknown_f32,NOT_RUN,0.0,0.0
8,select_282/aten.select.int/Gather,Gather,unknown_f32,NOT_RUN,0.0,0.0
8,select_283/aten.select.int/Gather,Gather,unknown_f32,NOT_RUN,0.0,0.0
8,select_284/aten.select.int/Gather,Gather,unknown_f32,NOT_RUN,0.0,0.0
8,select_285/aten.select.int/Gather,Gather,unknown_f32,NOT_RUN,0.0,0.0
8,select_286/aten.select.int/Gather,Gather,unknown_f32,NOT_RUN,0.0,0.0
8,select_287/aten.select.int/Gather,Gather,unknown_f32,NOT_RUN,0.0,0.0
8,select_288/aten.select.int/Gather,Gather,unknown_f32,NOT_RUN,0.0,0.0
8,select_289/aten.select.int/Gather,Gather,unknown_f32,NOT_RUN,0.0,0.0
8,select_290/aten.select.int/Gather,Gather,unknown_f32,NOT_RUN,0.0,0.0
8,select_291/aten.select.int/Gather,Gather,unknown_f32,NOT_RUN,0.0,0.0
8,select_292/aten.select.int/Gather,Gather,unknown_f32,NOT_RUN,0.0,0.0
8,select_293/aten.select.int/Gather,Gather,unknown_f32,NOT_RUN,0.0,0.0
8,select_294/aten.select.int/Gather,Gather,unknown_f32,NOT_RUN,0.0,0.0
8,select_295/aten.select.int/Gather,Gather,unknown_f32,NOT_RUN,0.0,0.0
8,select_296/aten.select.int/Gather,Gather,unknown_f32,NOT_RUN,0.0,0.0
8,select_297/aten.select.int/Gather,Gather,unknown_f32,NOT_RUN,0.0,0.0
8,select_298/aten.select.int/Gather,Gather,unknown_f32,NOT_RUN,0.0,0.0
8,select_299/aten.select.int/Gather,Gather,unknown_f32,NOT_RUN,0.0,0.0
8,select_300/aten.select.int/Gather,Gather,unknown_f32,NOT_RUN,0.0,0.0
8,select_301/aten.select.int/Gather,Gather,unknown_f32,NOT_RUN,0.0,0.0
8,select_302/aten.select.int/Gather,Gather,unknown_f32,NOT_RUN,0.0,0.0
8,select_303/aten.select.int/Gather,Gather,unknown_f32,NOT_RUN,0.0,0.0
8,select_304/aten.select.int/Gather,Gather,unknown_f32,NOT_RUN,0.0,0.0
8,cat_3/aten.cat.default/Concat,Concat,ref_f32,EXECUTED,0.066,0.066
8,view_84/aten.view.default/Reshape,Reshape,unknown_f32,NOT_RUN,0.0,0.0
8,add_50/aten.add.Tensor/Add,Subgraph,jit_avx2_f32,EXECUTED,0.022,0.022
8,linear_2/aten.linear.default/Add,FullyConnected,brgemm_avx2_f32,EXECUTED,0.315,0.315
8,Multiply_13576,Multiply,undef,NOT_RUN,0.0,0.0
8,view_86/aten.view.default/Reshape,Reshape,unknown_f32,NOT_RUN,0.0,0.0
8,permute_3/aten.permute.default/Transpose,Transpose,unknown_f32,EXECUTED,0.024,0.024
8,linear_3/aten.linear.default/Add,FullyConnected,gemm_mlas_f32,EXECUTED,0.33799999999999997,0.33799999999999997
8,view_87/aten.view.default/Reshape,Reshape,unknown_f32,NOT_RUN,0.0,0.0
8,Transpose_12104,Transpose,unknown_f32,EXECUTED,0.054,0.054
8,linear_4/aten.linear.default/Add,FullyConnected,gemm_mlas_f32,EXECUTED,0.339,0.339
8,view_88/aten.view.default/Reshape,Reshape,unknown_f32,NOT_RUN,0.0,0.0
8,permute_5/aten.permute.default/Transpose,Transpose,unknown_f32,EXECUTED,0.015000000000000001,0.015000000000000001
8,bmm_1/aten.bmm.default/MatMul,Subgraph,jit_avx2_f32,EXECUTED,0.439,0.439
8,permute_7/aten.permute.default/Transpose,Transpose,unknown_f32,EXECUTED,0.028,0.028
8,view_89/aten.view.default/Reshape,Reshape,unknown_f32,NOT_RUN,0.0,0.0
8,linear_5/aten.linear.default/Add,FullyConnected,gemm_mlas_f32,EXECUTED,0.371,0.371
8,view_90/aten.view.default/Reshape,Reshape,unknown_f32,NOT_RUN,0.0,0.0
8,add_51/aten.add.Tensor/Add,Subgraph,jit_avx2_f32,EXECUTED,0.023,0.023
8,native_layer_norm/aten.native_layer_norm.default/MVN,MVN,jit_avx2_f32,EXECUTED,0.02,0.02
8,native_layer_norm/aten.native_layer_norm.default/Add,Subgraph,jit_avx2_f32,EXECUTED,0.017,0.017
8,linear_6/aten.linear.default/Add,FullyConnected,brgemm_avx2_f32,EXECUTED,1.365,1.365
8,relu_17/aten.relu.default/Relu,Relu,undef,NOT_RUN,0.0,0.0
8,linear_7/aten.linear.default/Add,FullyConnected,gemm_mlas_f32,EXECUTED,1.454,1.454
8,add_52/aten.add.Tensor/Add,Subgraph,jit_avx2_f32,EXECUTED,0.026,0.026
8,native_layer_norm_1/aten.native_layer_norm.default/MVN,MVN,jit_avx2_f32,EXECUTED,0.019,0.019
8,add_53/aten.add.Tensor/Add,Subgraph,jit_avx2_f32,EXECUTED,0.030000000000000002,0.030000000000000002
8,linear_8/aten.linear.default/Add,FullyConnected,brgemm_avx2_f32,EXECUTED,0.279,0.279
8,Multiply_13578,Multiply,undef,NOT_RUN,0.0,0.0
8,view_92/aten.view.default/Reshape,Reshape,unknown_f32,NOT_RUN,0.0,0.0
8,permute_8/aten.permute.default/Transpose,Transpose,unknown_f32,EXECUTED,0.018000000000000002,0.018000000000000002
8,linear_9/aten.linear.default/Add,FullyConnected,gemm_mlas_f32,EXECUTED,0.27399999999999997,0.27399999999999997
8,view_93/aten.view.default/Reshape,Reshape,unknown_f32,NOT_RUN,0.0,0.0
8,Transpose_12133,Transpose,unknown_f32,EXECUTED,0.041,0.041
8,linear_10/aten.linear.default/Add,FullyConnected,gemm_mlas_f32,EXECUTED,0.275,0.275
8,view_94/aten.view.default/Reshape,Reshape,unknown_f32,NOT_RUN,0.0,0.0
8,permute_10/aten.permute.default/Transpose,Transpose,unknown_f32,EXECUTED,0.013,0.013
8,bmm_3/aten.bmm.default/MatMul,Subgraph,jit_avx2_f32,EXECUTED,0.375,0.375
8,permute_12/aten.permute.default/Transpose,Transpose,unknown_f32,EXECUTED,0.02,0.02
8,view_95/aten.view.default/Reshape,Reshape,unknown_f32,NOT_RUN,0.0,0.0
8,linear_11/aten.linear.default/Add,FullyConnected,gemm_mlas_f32,EXECUTED,0.29,0.29
8,view_96/aten.view.default/Reshape,Reshape,unknown_f32,NOT_RUN,0.0,0.0
8,add_54/aten.add.Tensor/Add,Subgraph,jit_avx2_f32,EXECUTED,0.016,0.016
8,native_layer_norm_2/aten.native_layer_norm.default/MVN,MVN,jit_avx2_f32,EXECUTED,0.015000000000000001,0.015000000000000001
8,native_layer_norm_2/aten.native_layer_norm.default/Add,Subgraph,jit_avx2_f32,EXECUTED,0.007,0.007
8,linear_12/aten.linear.default/Add,FullyConnected,brgemm_avx2_f32,EXECUTED,1.282,1.282
8,relu_18/aten.relu.default/Relu,Relu,undef,NOT_RUN,0.0,0.0
8,linear_13/aten.linear.default/Add,FullyConnected,gemm_mlas_f32,EXECUTED,1.387,1.387
8,add_55/aten.add.Tensor/Add,Subgraph,jit_avx2_f32,EXECUTED,0.025,0.025
8,native_layer_norm_3/aten.native_layer_norm.default/MVN,MVN,jit_avx2_f32,EXECUTED,0.019,0.019
8,add_56/aten.add.Tensor/Add,Subgraph,jit_avx2_f32,EXECUTED,0.027,0.027
8,linear_14/aten.linear.default/Add,FullyConnected,brgemm_avx2_f32,EXECUTED,0.28200000000000003,0.28200000000000003
8,Multiply_13580,Multiply,undef,NOT_RUN,0.0,0.0
8,view_98/aten.view.default/Reshape,Reshape,unknown_f32,NOT_RUN,0.0,0.0
8,permute_13/aten.permute.default/Transpose,Transpose,unknown_f32,EXECUTED,0.018000000000000002,0.018000000000000002
8,linear_15/aten.linear.default/Add,FullyConnected,gemm_mlas_f32,EXECUTED,0.314,0.314
8,view_99/aten.view.default/Reshape,Reshape,unknown_f32,NOT_RUN,0.0,0.0
8,Transpose_12162,Transpose,unknown_f32,EXECUTED,0.047,0.047
8,linear_16/aten.linear.default/Add,FullyConnected,gemm_mlas_f32,EXECUTED,0.26699999999999996,0.26699999999999996
8,view_100/aten.view.default/Reshape,Reshape,unknown_f32,NOT_RUN,0.0,0.0
8,permute_15/aten.permute.default/Transpose,Transpose,unknown_f32,EXECUTED,0.013,0.013
8,bmm_5/aten.bmm.default/MatMul,Subgraph,jit_avx2_f32,EXECUTED,0.428,0.428
8,permute_17/aten.permute.default/Transpose,Transpose,unknown_f32,EXECUTED,0.025,0.025
8,view_101/aten.view.default/Reshape,Reshape,unknown_f32,NOT_RUN,0.0,0.0
8,linear_17/aten.linear.default/Add,FullyConnected,gemm_mlas_f32,EXECUTED,0.322,0.322
8,view_102/aten.view.default/Reshape,Reshape,unknown_f32,NOT_RUN,0.0,0.0
8,add_57/aten.add.Tensor/Add,Subgraph,jit_avx2_f32,EXECUTED,0.018000000000000002,0.018000000000000002
8,native_layer_norm_4/aten.native_layer_norm.default/MVN,MVN,jit_avx2_f32,EXECUTED,0.013,0.013
8,native_layer_norm_4/aten.native_layer_norm.default/Add,Subgraph,jit_avx2_f32,EXECUTED,0.01,0.01
8,linear_18/aten.linear.default/Add,FullyConnected,brgemm_avx2_f32,EXECUTED,1.3339999999999999,1.3339999999999999
8,relu_19/aten.relu.default/Relu,Relu,undef,NOT_RUN,0.0,0.0
8,linear_19/aten.linear.default/Add,FullyConnected,gemm_mlas_f32,EXECUTED,1.3860000000000001,1.3860000000000001
8,add_58/aten.add.Tensor/Add,Subgraph,jit_avx2_f32,EXECUTED,0.022,0.022
8,native_layer_norm_5/aten.native_layer_norm.default/MVN,MVN,jit_avx2_f32,EXECUTED,0.020999999999999998,0.020999999999999998
8,add_59/aten.add.Tensor/Add,Subgraph,jit_avx2_f32,EXECUTED,0.027,0.027
8,linear_20/aten.linear.default/Add,FullyConnected,brgemm_avx2_f32,EXECUTED,0.26699999999999996,0.26699999999999996
8,Multiply_13582,Multiply,undef,NOT_RUN,0.0,0.0
8,view_104/aten.view.default/Reshape,Reshape,unknown_f32,NOT_RUN,0.0,0.0
8,permute_18/aten.permute.default/Transpose,Transpose,unknown_f32,EXECUTED,0.014,0.014
8,linear_21/aten.linear.default/Add,FullyConnected,gemm_mlas_f32,EXECUTED,0.263,0.263
8,view_105/aten.view.default/Reshape,Reshape,unknown_f32,NOT_RUN,0.0,0.0
8,Transpose_12191,Transpose,unknown_f32,EXECUTED,0.034999999999999996,0.034999999999999996
8,linear_22/aten.linear.default/Add,FullyConnected,gemm_mlas_f32,EXECUTED,0.242,0.242
8,view_106/aten.view.default/Reshape,Reshape,unknown_f32,NOT_RUN,0.0,0.0
8,permute_20/aten.permute.default/Transpose,Transpose,unknown_f32,EXECUTED,0.009000000000000001,0.009000000000000001
8,bmm_7/aten.bmm.default/MatMul,Subgraph,jit_avx2_f32,EXECUTED,0.366,0.366
8,permute_22/aten.permute.default/Transpose,Transpose,unknown_f32,EXECUTED,0.019,0.019
8,view_107/aten.view.default/Reshape,Reshape,unknown_f32,NOT_RUN,0.0,0.0
8,linear_23/aten.linear.default/Add,FullyConnected,gemm_mlas_f32,EXECUTED,0.305,0.305
8,view_108/aten.view.default/Reshape,Reshape,unknown_f32,NOT_RUN,0.0,0.0
8,add_60/aten.add.Tensor/Add,Subgraph,jit_avx2_f32,EXECUTED,0.016,0.016
8,native_layer_norm_6/aten.native_layer_norm.default/MVN,MVN,jit_avx2_f32,EXECUTED,0.016,0.016
8,native_layer_norm_6/aten.native_layer_norm.default/Add,Subgraph,jit_avx2_f32,EXECUTED,0.007,0.007
8,linear_24/aten.linear.default/Add,FullyConnected,brgemm_avx2_f32,EXECUTED,1.3339999999999999,1.3339999999999999
8,relu_20/aten.relu.default/Relu,Relu,undef,NOT_RUN,0.0,0.0
8,linear_25/aten.linear.default/Add,FullyConnected,gemm_mlas_f32,EXECUTED,1.417,1.417
8,add_61/aten.add.Tensor/Add,Subgraph,jit_avx2_f32,EXECUTED,0.024,0.024
8,native_layer_norm_7/aten.native_layer_norm.default/MVN,MVN,jit_avx2_f32,EXECUTED,0.019,0.019
8,add_65/aten.add.Tensor/Add,Subgraph,jit_avx2_f32,EXECUTED,0.025,0.025
8,linear_31/aten.linear.default/Add,FullyConnected,gemm_mlas_f32,EXECUTED,0.301,0.301
8,view_117/aten.view.default/Reshape,Reshape,unknown_f32,NOT_RUN,0.0,0.0
8,Transpose_12220,Transpose,unknown_f32,EXECUTED,0.051,0.051
8,linear_32/aten.linear.default/Add,FullyConnected,gemm_mlas_f32,EXECUTED,0.307,0.307
8,view_118/aten.view.default/Reshape,Reshape,unknown_f32,NOT_RUN,0.0,0.0
8,permute_30/aten.permute.default/Transpose,Transpose,unknown_f32,EXECUTED,0.012,0.012
8,bmm_11/aten.bmm.default/MatMul,Subgraph,jit_avx2_f32,EXECUTED,0.231,0.231
8,permute_32/aten.permute.default/Transpose,Transpose,unknown_f32,EXECUTED,0.008,0.008
8,view_119/aten.view.default/Reshape,Reshape,unknown_f32,NOT_RUN,0.0,0.0
8,linear_33/aten.linear.default/Add,FullyConnected,gemm_mlas_f32,EXECUTED,0.149,0.149
8,view_120/aten.view.default/Reshape,Reshape,unknown_f32,NOT_RUN,0.0,0.0
8,add_66/aten.add.Tensor/Add,Subgraph,jit_avx2_f32,EXECUTED,0.013,0.013
8,native_layer_norm_9/aten.native_layer_norm.default/MVN,MVN,jit_avx2_f32,EXECUTED,0.006,0.006
8,native_layer_norm_9/aten.native_layer_norm.default/Add,Subgraph,jit_avx2_f32,EXECUTED,0.005,0.005
8,linear_34/aten.linear.default/Add,FullyConnected,brgemm_avx2_f32,EXECUTED,0.518,0.518
8,relu_21/aten.relu.default/Relu,Relu,undef,NOT_RUN,0.0,0.0
8,linear_35/aten.linear.default/Add,FullyConnected,gemm_mlas_f32,EXECUTED,0.5950000000000001,0.5950000000000001
8,add_67/aten.add.Tensor/Add,Subgraph,jit_avx2_f32,EXECUTED,0.014,0.014
8,native_layer_norm_10/aten.native_layer_norm.default/MVN,MVN,jit_avx2_f32,EXECUTED,0.009000000000000001,0.009000000000000001
8,native_layer_norm_10/aten.native_layer_norm.default/Add,Subgraph,jit_avx2_f32,EXECUTED,0.004,0.004
8,native_layer_norm_11/aten.native_layer_norm.default/MVN,MVN,jit_avx2_f32,EXECUTED,0.006,0.006
8,native_layer_norm_11/aten.native_layer_norm.default/Add,Subgraph,jit_avx2_f32,EXECUTED,0.003,0.003
8,permute_33/aten.permute.default/Transpose,Reshape,unknown_f32,NOT_RUN,0.0,0.0
8,linear_36/aten.linear.default/Add,FullyConnected,gemm_mlas_f32,EXECUTED,0.013,0.013
8,Result_6085,Result,unknown_f32,NOT_RUN,0.0,0.0
9,state,Parameter,unknown_f32,NOT_RUN,0.0,0.0
9,linear_1/aten.linear.default/Add,FullyConnected,gemm_mlas_f32,EXECUTED,0.054,0.054
9,wrist_image,Parameter,unknown_f32,NOT_RUN,0.0,0.0
9,wrist_image_abcd_acdb_mul_2/aten.mul.Tensor/Multiply,Reorder,jit_uni_f32,EXECUTED,0.237,0.237
9,mul_2/aten.mul.Tensor/Multiply,Convolution,brgconv_avx2_f32,EXECUTED,2.0100000000000002,2.0100000000000002
9,relu/aten.relu.default/Relu,Relu,undef,NOT_RUN,0.0,0.0
9,max_pool2d_with_indices/aten.max_pool2d_with_indices.default/MaxPool,MaxPool,jit_avx2_f32,EXECUTED,0.33,0.33
9,mul_5/aten.mul.Tensor/Multiply,Convolution,brgconv_avx2_f32,EXECUTED,1.905,1.905
9,relu_1/aten.relu.default/Relu,Relu,undef,NOT_RUN,0.0,0.0
9,mul_8/aten.mul.Tensor/Multiply,Convolution,brgconv_avx2_f32,EXECUTED,1.8719999999999999,1.8719999999999999
9,add_6/aten.add.Tensor/Add,Add,undef,NOT_RUN,0.0,0.0
9,relu_2/aten.relu.default/Relu,Relu,undef,NOT_RUN,0.0,0.0
9,mul_11/aten.mul.Tensor/Multiply,Convolution,brgconv_avx2_f32,EXECUTED,1.976,1.976
9,relu_3/aten.relu.default/Relu,Relu,undef,NOT_RUN,0.0,0.0
9,mul_14/aten.mul.Tensor/Multiply,Convolution,brgconv_avx2_f32,EXECUTED,1.9449999999999998,1.9449999999999998
9,add_11/aten.add.Tensor/Add,Add,undef,NOT_RUN,0.0,0.0
9,relu_4/aten.relu.default/Relu,Relu,undef,NOT_RUN,0.0,0.0
9,mul_17/aten.mul.Tensor/Multiply,Convolution,brgconv_avx2_f32,EXECUTED,1.064,1.064
9,relu_5/aten.relu.default/Relu,Relu,undef,NOT_RUN,0.0,0.0
9,mul_23/aten.mul.Tensor/Multiply,Convolution,brgconv_avx2_1x1_f32,EXECUTED,0.222,0.222
9,mul_20/aten.mul.Tensor/Multiply,Convolution,brgconv_avx2_f32,EXECUTED,1.8259999999999998,1.8259999999999998
9,add_18/aten.add.Tensor/Add,Add,undef,NOT_RUN,0.0,0.0
9,relu_6/aten.relu.default/Relu,Relu,undef,NOT_RUN,0.0,0.0
9,mul_26/aten.mul.Tensor/Multiply,Convolution,brgconv_avx2_f32,EXECUTED,1.828,1.828
9,relu_7/aten.relu.default/Relu,Relu,undef,NOT_RUN,0.0,0.0
9,mul_29/aten.mul.Tensor/Multiply,Convolution,brgconv_avx2_f32,EXECUTED,1.861,1.861
9,add_23/aten.add.Tensor/Add,Add,undef,NOT_RUN,0.0,0.0
9,relu_8/aten.relu.default/Relu,Relu,undef,NOT_RUN,0.0,0.0
9,mul_32/aten.mul.Tensor/Multiply,Convolution,brgconv_avx2_f32,EXECUTED,1.0150000000000001,1.0150000000000001
9,relu_9/aten.relu.default/Relu,Relu,undef,NOT_RUN,0.0,0.0
9,mul_38/aten.mul.Tensor/Multiply,Convolution,brgconv_avx2_1x1_f32,EXECUTED,0.216,0.216
9,mul_35/aten.mul.Tensor/Multiply,Convolution,brgconv_avx2_f32,EXECUTED,1.812,1.812
9,add_30/aten.add.Tensor/Add,Add,undef,NOT_RUN,0.0,0.0
9,relu_10/aten.relu.default/Relu,Relu,undef,NOT_RUN,0.0,0.0
9,mul_41/aten.mul.Tensor/Multiply,Convolution,brgconv_avx2_f32,EXECUTED,1.846,1.846
9,relu_11/aten.relu.default/Relu,Relu,undef,NOT_RUN,0.0,0.0
9,mul_44/aten.mul.Tensor/Multiply,Convolution,brgconv_avx2_f32,EXECUTED,1.907,1.907
9,add_35/aten.add.Tensor/Add,Add,undef,NOT_RUN,0.0,0.0
9,relu_12/aten.relu.default/Relu,Relu,undef,NOT_RUN,0.0,0.0
9,mul_47/aten.mul.Tensor/Multiply,Convolution,brgconv_avx2_f32,EXECUTED,1.056,1.056
9,relu_13/aten.relu.default/Relu,Relu,undef,NOT_RUN,0.0,0.0
9,mul_53/aten.mul.Tensor/Multiply,Convolution,brgconv_avx2_1x1_f32,EXECUTED,0.272,0.272
9,mul_50/aten.mul.Tensor/Multiply,Convolution,brgconv_avx2_f32,EXECUTED,1.787,1.787
9,add_42/aten.add.Tensor/Add,Add,undef,NOT_RUN,0.0,0.0
9,relu_14/aten.relu.default/Relu,Relu,undef,NOT_RUN,0.0,0.0
9,mul_56/aten.mul.Tensor/Multiply,Convolution,brgconv_avx2_f32,EXECUTED,1.8439999999999999,1.8439999999999999
9,relu_15/aten.relu.default/Relu,Relu,undef,NOT_RUN,0.0,0.0
9,mul_59/aten.mul.Tensor/Multiply,Convolution,brgconv_avx2_f32,EXECUTED,1.8439999999999999,1.8439999999999999
9,add_47/aten.add.Tensor/Add,Add,undef,NOT_RUN,0.0,0.0
9,relu_16/aten.relu.default/Relu,Relu,undef,NOT_RUN,0.0,0.0
9,convolution_20/aten.convolution.default/Convolution,Convolution,brgconv_avx2_1x1_f32,EXECUTED,0.383,0.383
9,permute_1/aten.permute.default/Transpose,Transpose,unknown_f32,EXECUTED,0.037,0.037
9,permute_1/aten.permute.default/Transpose_acdb_abcd_view_82/aten.view.default/Reshape,Reorder,reorder_f32,EXECUTED,0.026,0.026
9,view_82/aten.view.default/Reshape,Reshape,unknown_f32,NOT_RUN,0.0,0.0
9,select_5/aten.select.int/Gather,Gather,unknown_f32,NOT_RUN,0.0,0.0
9,select_6/aten.select.int/Gather,Gather,unknown_f32,NOT_RUN,0.0,0.0
9,select_7/aten.select.int/Gather,Gather,unknown_f32,NOT_RUN,0.0,0.0
9,select_8/aten.select.int/Gather,Gather,unknown_f32,NOT_RUN,0.0,0.0
9,select_9/aten.select.int/Gather,Gather,unknown_f32,NOT_RUN,0.0,0.0
9,select_10/aten.select.int/Gather,Gather,unknown_f32,NOT_RUN,0.0,0.0
9,select_11/aten.select.int/Gather,Gather,unknown_f32,NOT_RUN,0.0,0.0
9,select_12/aten.select.int/Gather,Gather,unknown_f32,NOT_RUN,0.0,0.0
9,select_13/aten.select.int/Gather,Gather,unknown_f32,NOT_RUN,0.0,0.0
9,select_14/aten.select.int/Gather,Gather,unknown_f32,NOT_RUN,0.0,0.0
9,select_15/aten.select.int/Gather,Gather,unknown_f32,NOT_RUN,0.0,0.0
9,select_16/aten.select.int/Gather,Gather,unknown_f32,NOT_RUN,0.0,0.0
9,select_17/aten.select.int/Gather,Gather,unknown_f32,NOT_RUN,0.0,0.0
9,select_18/aten.select.int/Gather,Gather,unknown_f32,NOT_RUN,0.0,0.0
9,select_19/aten.select.int/Gather,Gather,unknown_f32,NOT_RUN,0.0,0.0
9,select_20/aten.select.int/Gather,Gather,unknown_f32,NOT_RUN,0.0,0.0
9,select_21/aten.select.int/Gather,Gather,unknown_f32,NOT_RUN,0.0,0.0
9,select_22/aten.select.int/Gather,Gather,unknown_f32,NOT_RUN,0.0,0.0
9,select_23/aten.select.int/Gather,Gather,unknown_f32,NOT_RUN,0.0,0.0
9,select_24/aten.select.int/Gather,Gather,unknown_f32,NOT_RUN,0.0,0.0
9,select_25/aten.select.int/Gather,Gather,unknown_f32,NOT_RUN,0.0,0.0
9,select_26/aten.select.int/Gather,Gather,unknown_f32,NOT_RUN,0.0,0.0
9,select_27/aten.select.int/Gather,Gather,unknown_f32,NOT_RUN,0.0,0.0
9,select_28/aten.select.int/Gather,Gather,unknown_f32,NOT_RUN,0.0,0.0
9,select_29/aten.select.int/Gather,Gather,unknown_f32,NOT_RUN,0.0,0.0
9,select_30/aten.select.int/Gather,Gather,unknown_f32,NOT_RUN,0.0,0.0
9,select_31/aten.select.int/Gather,Gather,unknown_f32,NOT_RUN,0.0,0.0
9,select_32/aten.select.int/Gather,Gather,unknown_f32,NOT_RUN,0.0,0.0
9,select_33/aten.select.int/Gather,Gather,unknown_f32,NOT_RUN,0.0,0.0
9,select_34/aten.select.int/Gather,Gather,unknown_f32,NOT_RUN,0.0,0.0
9,select_35/aten.select.int/Gather,Gather,unknown_f32,NOT_RUN,0.0,0.0
9,select_36/aten.select.int/Gather,Gather,unknown_f32,NOT_RUN,0.0,0.0
9,select_37/aten.select.int/Gather,Gather,unknown_f32,NOT_RUN,0.0,0.0
9,select_38/aten.select.int/Gather,Gather,unknown_f32,NOT_RUN,0.0,0.0
9,select_39/aten.select.int/Gather,Gather,unknown_f32,NOT_RUN,0.0,0.0
9,select_40/aten.select.int/Gather,Gather,unknown_f32,NOT_RUN,0.0,0.0
9,select_41/aten.select.int/Gather,Gather,unknown_f32,NOT_RUN,0.0,0.0
9,select_42/aten.select.int/Gather,Gather,unknown_f32,NOT_RUN,0.0,0.0
9,select_43/aten.select.int/Gather,Gather,unknown_f32,NOT_RUN,0.0,0.0
9,select_44/aten.select.int/Gather,Gather,unknown_f32,NOT_RUN,0.0,0.0
9,select_45/aten.select.int/Gather,Gather,unknown_f32,NOT_RUN,0.0,0.0
9,select_46/aten.select.int/Gather,Gather,unknown_f32,NOT_RUN,0.0,0.0
9,select_47/aten.select.int/Gather,Gather,unknown_f32,NOT_RUN,0.0,0.0
9,select_48/aten.select.int/Gather,Gather,unknown_f32,NOT_RUN,0.0,0.0
9,select_49/aten.select.int/Gather,Gather,unknown_f32,NOT_RUN,0.0,0.0
9,select_50/aten.select.int/Gather,Gather,unknown_f32,NOT_RUN,0.0,0.0
9,select_51/aten.select.int/Gather,Gather,unknown_f32,NOT_RUN,0.0,0.0
9,select_52/aten.select.int/Gather,Gather,unknown_f32,NOT_RUN,0.0,0.0
9,select_53/aten.select.int/Gather,Gather,unknown_f32,NOT_RUN,0.0,0.0
9,select_54/aten.select.int/Gather,Gather,unknown_f32,NOT_RUN,0.0,0.0
9,select_55/aten.select.int/Gather,Gather,unknown_f32,NOT_RUN,0.0,0.0
9,select_56/aten.select.int/Gather,Gather,unknown_f32,NOT_RUN,0.0,0.0
9,select_57/aten.select.int/Gather,Gather,unknown_f32,NOT_RUN,0.0,0.0
9,select_58/aten.select.int/Gather,Gather,unknown_f32,NOT_RUN,0.0,0.0
9,select_59/aten.select.int/Gather,Gather,unknown_f32,NOT_RUN,0.0,0.0
9,select_60/aten.select.int/Gather,Gather,unknown_f32,NOT_RUN,0.0,0.0
9,select_61/aten.select.int/Gather,Gather,unknown_f32,NOT_RUN,0.0,0.0
9,select_62/aten.select.int/Gather,Gather,unknown_f32,NOT_RUN,0.0,0.0
9,select_63/aten.select.int/Gather,Gather,unknown_f32,NOT_RUN,0.0,0.0
9,select_64/aten.select.int/Gather,Gather,unknown_f32,NOT_RUN,0.0,0.0
9,select_65/aten.select.int/Gather,Gather,unknown_f32,NOT_RUN,0.0,0.0
9,select_66/aten.select.int/Gather,Gather,unknown_f32,NOT_RUN,0.0,0.0
9,select_67/aten.select.int/Gather,Gather,unknown_f32,NOT_RUN,0.0,0.0
9,select_68/aten.select.int/Gather,Gather,unknown_f32,NOT_RUN,0.0,0.0
9,select_69/aten.select.int/Gather,Gather,unknown_f32,NOT_RUN,0.0,0.0
9,select_70/aten.select.int/Gather,Gather,unknown_f32,NOT_RUN,0.0,0.0
9,select_71/aten.select.int/Gather,Gather,unknown_f32,NOT_RUN,0.0,0.0
9,select_72/aten.select.int/Gather,Gather,unknown_f32,NOT_RUN,0.0,0.0
9,select_73/aten.select.int/Gather,Gather,unknown_f32,NOT_RUN,0.0,0.0
9,select_74/aten.select.int/Gather,Gather,unknown_f32,NOT_RUN,0.0,0.0
9,select_75/aten.select.int/Gather,Gather,unknown_f32,NOT_RUN,0.0,0.0
9,select_76/aten.select.int/Gather,Gather,unknown_f32,NOT_RUN,0.0,0.0
9,select_77/aten.select.int/Gather,Gather,unknown_f32,NOT_RUN,0.0,0.0
9,select_78/aten.select.int/Gather,Gather,unknown_f32,NOT_RUN,0.0,0.0
9,select_79/aten.select.int/Gather,Gather,unknown_f32,NOT_RUN,0.0,0.0
9,select_80/aten.select.int/Gather,Gather,unknown_f32,NOT_RUN,0.0,0.0
9,select_81/aten.select.int/Gather,Gather,unknown_f32,NOT_RUN,0.0,0.0
9,select_82/aten.select.int/Gather,Gather,unknown_f32,NOT_RUN,0.0,0.0
9,select_83/aten.select.int/Gather,Gather,unknown_f32,NOT_RUN,0.0,0.0
9,select_84/aten.select.int/Gather,Gather,unknown_f32,NOT_RUN,0.0,0.0
9,select_85/aten.select.int/Gather,Gather,unknown_f32,NOT_RUN,0.0,0.0
9,select_86/aten.select.int/Gather,Gather,unknown_f32,NOT_RUN,0.0,0.0
9,select_87/aten.select.int/Gather,Gather,unknown_f32,NOT_RUN,0.0,0.0
9,select_88/aten.select.int/Gather,Gather,unknown_f32,NOT_RUN,0.0,0.0
9,select_89/aten.select.int/Gather,Gather,unknown_f32,NOT_RUN,0.0,0.0
9,select_90/aten.select.int/Gather,Gather,unknown_f32,NOT_RUN,0.0,0.0
9,select_91/aten.select.int/Gather,Gather,unknown_f32,NOT_RUN,0.0,0.0
9,select_92/aten.select.int/Gather,Gather,unknown_f32,NOT_RUN,0.0,0.0
9,select_93/aten.select.int/Gather,Gather,unknown_f32,NOT_RUN,0.0,0.0
9,select_94/aten.select.int/Gather,Gather,unknown_f32,NOT_RUN,0.0,0.0
9,select_95/aten.select.int/Gather,Gather,unknown_f32,NOT_RUN,0.0,0.0
9,select_96/aten.select.int/Gather,Gather,unknown_f32,NOT_RUN,0.0,0.0
9,select_97/aten.select.int/Gather,Gather,unknown_f32,NOT_RUN,0.0,0.0
9,select_98/aten.select.int/Gather,Gather,unknown_f32,NOT_RUN,0.0,0.0
9,select_99/aten.select.int/Gather,Gather,unknown_f32,NOT_RUN,0.0,0.0
9,select_100/aten.select.int/Gather,Gather,unknown_f32,NOT_RUN,0.0,0.0
9,select_101/aten.select.int/Gather,Gather,unknown_f32,NOT_RUN,0.0,0.0
9,select_102/aten.select.int/Gather,Gather,unknown_f32,NOT_RUN,0.0,0.0
9,select_103/aten.select.int/Gather,Gather,unknown_f32,NOT_RUN,0.0,0.0
9,select_104/aten.select.int/Gather,Gather,unknown_f32,NOT_RUN,0.0,0.0
9,select_105/aten.select.int/Gather,Gather,unknown_f32,NOT_RUN,0.0,0.0
9,select_106/aten.select.int/Gather,Gather,unknown_f32,NOT_RUN,0.0,0.0
9,select_107/aten.select.int/Gather,Gather,unknown_f32,NOT_RUN,0.0,0.0
9,select_108/aten.select.int/Gather,Gather,unknown_f32,NOT_RUN,0.0,0.0
9,select_109/aten.select.int/Gather,Gather,unknown_f32,NOT_RUN,0.0,0.0
9,select_110/aten.select.int/Gather,Gather,unknown_f32,NOT_RUN,0.0,0.0
9,select_111/aten.select.int/Gather,Gather,unknown_f32,NOT_RUN,0.0,0.0
9,select_112/aten.select.int/Gather,Gather,unknown_f32,NOT_RUN,0.0,0.0
9,select_113/aten.select.int/Gather,Gather,unknown_f32,NOT_RUN,0.0,0.0
9,select_114/aten.select.int/Gather,Gather,unknown_f32,NOT_RUN,0.0,0.0
9,select_115/aten.select.int/Gather,Gather,unknown_f32,NOT_RUN,0.0,0.0
9,select_116/aten.select.int/Gather,Gather,unknown_f32,NOT_RUN,0.0,0.0
9,select_117/aten.select.int/Gather,Gather,unknown_f32,NOT_RUN,0.0,0.0
9,select_118/aten.select.int/Gather,Gather,unknown_f32,NOT_RUN,0.0,0.0
9,select_119/aten.select.int/Gather,Gather,unknown_f32,NOT_RUN,0.0,0.0
9,select_120/aten.select.int/Gather,Gather,unknown_f32,NOT_RUN,0.0,0.0
9,select_121/aten.select.int/Gather,Gather,unknown_f32,NOT_RUN,0.0,0.0
9,select_122/aten.select.int/Gather,Gather,unknown_f32,NOT_RUN,0.0,0.0
9,select_123/aten.select.int/Gather,Gather,unknown_f32,NOT_RUN,0.0,0.0
9,select_124/aten.select.int/Gather,Gather,unknown_f32,NOT_RUN,0.0,0.0
9,select_125/aten.select.int/Gather,Gather,unknown_f32,NOT_RUN,0.0,0.0
9,select_126/aten.select.int/Gather,Gather,unknown_f32,NOT_RUN,0.0,0.0
9,select_127/aten.select.int/Gather,Gather,unknown_f32,NOT_RUN,0.0,0.0
9,select_128/aten.select.int/Gather,Gather,unknown_f32,NOT_RUN,0.0,0.0
9,select_129/aten.select.int/Gather,Gather,unknown_f32,NOT_RUN,0.0,0.0
9,select_130/aten.select.int/Gather,Gather,unknown_f32,NOT_RUN,0.0,0.0
9,select_131/aten.select.int/Gather,Gather,unknown_f32,NOT_RUN,0.0,0.0
9,select_132/aten.select.int/Gather,Gather,unknown_f32,NOT_RUN,0.0,0.0
9,select_133/aten.select.int/Gather,Gather,unknown_f32,NOT_RUN,0.0,0.0
9,select_134/aten.select.int/Gather,Gather,unknown_f32,NOT_RUN,0.0,0.0
9,select_135/aten.select.int/Gather,Gather,unknown_f32,NOT_RUN,0.0,0.0
9,select_136/aten.select.int/Gather,Gather,unknown_f32,NOT_RUN,0.0,0.0
9,select_137/aten.select.int/Gather,Gather,unknown_f32,NOT_RUN,0.0,0.0
9,select_138/aten.select.int/Gather,Gather,unknown_f32,NOT_RUN,0.0,0.0
9,select_139/aten.select.int/Gather,Gather,unknown_f32,NOT_RUN,0.0,0.0
9,select_140/aten.select.int/Gather,Gather,unknown_f32,NOT_RUN,0.0,0.0
9,select_141/aten.select.int/Gather,Gather,unknown_f32,NOT_RUN,0.0,0.0
9,select_142/aten.select.int/Gather,Gather,unknown_f32,NOT_RUN,0.0,0.0
9,select_143/aten.select.int/Gather,Gather,unknown_f32,NOT_RUN,0.0,0.0
9,select_144/aten.select.int/Gather,Gather,unknown_f32,NOT_RUN,0.0,0.0
9,select_145/aten.select.int/Gather,Gather,unknown_f32,NOT_RUN,0.0,0.0
9,select_146/aten.select.int/Gather,Gather,unknown_f32,NOT_RUN,0.0,0.0
9,select_147/aten.select.int/Gather,Gather,unknown_f32,NOT_RUN,0.0,0.0
9,select_148/aten.select.int/Gather,Gather,unknown_f32,NOT_RUN,0.0,0.0
9,select_149/aten.select.int/Gather,Gather,unknown_f32,NOT_RUN,0.0,0.0
9,select_150/aten.select.int/Gather,Gather,unknown_f32,NOT_RUN,0.0,0.0
9,select_151/aten.select.int/Gather,Gather,unknown_f32,NOT_RUN,0.0,0.0
9,select_152/aten.select.int/Gather,Gather,unknown_f32,NOT_RUN,0.0,0.0
9,select_153/aten.select.int/Gather,Gather,unknown_f32,NOT_RUN,0.0,0.0
9,select_154/aten.select.int/Gather,Gather,unknown_f32,NOT_RUN,0.0,0.0
9,select_155/aten.select.int/Gather,Gather,unknown_f32,NOT_RUN,0.0,0.0
9,select_156/aten.select.int/Gather,Gather,unknown_f32,NOT_RUN,0.0,0.0
9,select_157/aten.select.int/Gather,Gather,unknown_f32,NOT_RUN,0.0,0.0
9,select_158/aten.select.int/Gather,Gather,unknown_f32,NOT_RUN,0.0,0.0
9,select_159/aten.select.int/Gather,Gather,unknown_f32,NOT_RUN,0.0,0.0
9,select_160/aten.select.int/Gather,Gather,unknown_f32,NOT_RUN,0.0,0.0
9,select_161/aten.select.int/Gather,Gather,unknown_f32,NOT_RUN,0.0,0.0
9,select_162/aten.select.int/Gather,Gather,unknown_f32,NOT_RUN,0.0,0.0
9,select_163/aten.select.int/Gather,Gather,unknown_f32,NOT_RUN,0.0,0.0
9,select_164/aten.select.int/Gather,Gather,unknown_f32,NOT_RUN,0.0,0.0
9,select_165/aten.select.int/Gather,Gather,unknown_f32,NOT_RUN,0.0,0.0
9,select_166/aten.select.int/Gather,Gather,unknown_f32,NOT_RUN,0.0,0.0
9,select_167/aten.select.int/Gather,Gather,unknown_f32,NOT_RUN,0.0,0.0
9,select_168/aten.select.int/Gather,Gather,unknown_f32,NOT_RUN,0.0,0.0
9,select_169/aten.select.int/Gather,Gather,unknown_f32,NOT_RUN,0.0,0.0
9,select_170/aten.select.int/Gather,Gather,unknown_f32,NOT_RUN,0.0,0.0
9,select_171/aten.select.int/Gather,Gather,unknown_f32,NOT_RUN,0.0,0.0
9,select_172/aten.select.int/Gather,Gather,unknown_f32,NOT_RUN,0.0,0.0
9,select_173/aten.select.int/Gather,Gather,unknown_f32,NOT_RUN,0.0,0.0
9,select_174/aten.select.int/Gather,Gather,unknown_f32,NOT_RUN,0.0,0.0
9,select_175/aten.select.int/Gather,Gather,unknown_f32,NOT_RUN,0.0,0.0
9,select_176/aten.select.int/Gather,Gather,unknown_f32,NOT_RUN,0.0,0.0
9,select_177/aten.select.int/Gather,Gather,unknown_f32,NOT_RUN,0.0,0.0
9,select_178/aten.select.int/Gather,Gather,unknown_f32,NOT_RUN,0.0,0.0
9,select_179/aten.select.int/Gather,Gather,unknown_f32,NOT_RUN,0.0,0.0
9,select_180/aten.select.int/Gather,Gather,unknown_f32,NOT_RUN,0.0,0.0
9,select_181/aten.select.int/Gather,Gather,unknown_f32,NOT_RUN,0.0,0.0
9,select_182/aten.select.int/Gather,Gather,unknown_f32,NOT_RUN,0.0,0.0
9,select_183/aten.select.int/Gather,Gather,unknown_f32,NOT_RUN,0.0,0.0
9,select_184/aten.select.int/Gather,Gather,unknown_f32,NOT_RUN,0.0,0.0
9,select_185/aten.select.int/Gather,Gather,unknown_f32,NOT_RUN,0.0,0.0
9,select_186/aten.select.int/Gather,Gather,unknown_f32,NOT_RUN,0.0,0.0
9,select_187/aten.select.int/Gather,Gather,unknown_f32,NOT_RUN,0.0,0.0
9,select_188/aten.select.int/Gather,Gather,unknown_f32,NOT_RUN,0.0,0.0
9,select_189/aten.select.int/Gather,Gather,unknown_f32,NOT_RUN,0.0,0.0
9,select_190/aten.select.int/Gather,Gather,unknown_f32,NOT_RUN,0.0,0.0
9,select_191/aten.select.int/Gather,Gather,unknown_f32,NOT_RUN,0.0,0.0
9,select_192/aten.select.int/Gather,Gather,unknown_f32,NOT_RUN,0.0,0.0
9,select_193/aten.select.int/Gather,Gather,unknown_f32,NOT_RUN,0.0,0.0
9,select_194/aten.select.int/Gather,Gather,unknown_f32,NOT_RUN,0.0,0.0
9,select_195/aten.select.int/Gather,Gather,unknown_f32,NOT_RUN,0.0,0.0
9,select_196/aten.select.int/Gather,Gather,unknown_f32,NOT_RUN,0.0,0.0
9,select_197/aten.select.int/Gather,Gather,unknown_f32,NOT_RUN,0.0,0.0
9,select_198/aten.select.int/Gather,Gather,unknown_f32,NOT_RUN,0.0,0.0
9,select_199/aten.select.int/Gather,Gather,unknown_f32,NOT_RUN,0.0,0.0
9,select_200/aten.select.int/Gather,Gather,unknown_f32,NOT_RUN,0.0,0.0
9,select_201/aten.select.int/Gather,Gather,unknown_f32,NOT_RUN,0.0,0.0
9,select_202/aten.select.int/Gather,Gather,unknown_f32,NOT_RUN,0.0,0.0
9,select_203/aten.select.int/Gather,Gather,unknown_f32,NOT_RUN,0.0,0.0
9,select_204/aten.select.int/Gather,Gather,unknown_f32,NOT_RUN,0.0,0.0
9,select_205/aten.select.int/Gather,Gather,unknown_f32,NOT_RUN,0.0,0.0
9,select_206/aten.select.int/Gather,Gather,unknown_f32,NOT_RUN,0.0,0.0
9,select_207/aten.select.int/Gather,Gather,unknown_f32,NOT_RUN,0.0,0.0
9,select_208/aten.select.int/Gather,Gather,unknown_f32,NOT_RUN,0.0,0.0
9,select_209/aten.select.int/Gather,Gather,unknown_f32,NOT_RUN,0.0,0.0
9,select_210/aten.select.int/Gather,Gather,unknown_f32,NOT_RUN,0.0,0.0
9,select_211/aten.select.int/Gather,Gather,unknown_f32,NOT_RUN,0.0,0.0
9,select_212/aten.select.int/Gather,Gather,unknown_f32,NOT_RUN,0.0,0.0
9,select_213/aten.select.int/Gather,Gather,unknown_f32,NOT_RUN,0.0,0.0
9,select_214/aten.select.int/Gather,Gather,unknown_f32,NOT_RUN,0.0,0.0
9,select_215/aten.select.int/Gather,Gather,unknown_f32,NOT_RUN,0.0,0.0
9,select_216/aten.select.int/Gather,Gather,unknown_f32,NOT_RUN,0.0,0.0
9,select_217/aten.select.int/Gather,Gather,unknown_f32,NOT_RUN,0.0,0.0
9,select_218/aten.select.int/Gather,Gather,unknown_f32,NOT_RUN,0.0,0.0
9,select_219/aten.select.int/Gather,Gather,unknown_f32,NOT_RUN,0.0,0.0
9,select_220/aten.select.int/Gather,Gather,unknown_f32,NOT_RUN,0.0,0.0
9,select_221/aten.select.int/Gather,Gather,unknown_f32,NOT_RUN,0.0,0.0
9,select_222/aten.select.int/Gather,Gather,unknown_f32,NOT_RUN,0.0,0.0
9,select_223/aten.select.int/Gather,Gather,unknown_f32,NOT_RUN,0.0,0.0
9,select_224/aten.select.int/Gather,Gather,unknown_f32,NOT_RUN,0.0,0.0
9,select_225/aten.select.int/Gather,Gather,unknown_f32,NOT_RUN,0.0,0.0
9,select_226/aten.select.int/Gather,Gather,unknown_f32,NOT_RUN,0.0,0.0
9,select_227/aten.select.int/Gather,Gather,unknown_f32,NOT_RUN,0.0,0.0
9,select_228/aten.select.int/Gather,Gather,unknown_f32,NOT_RUN,0.0,0.0
9,select_229/aten.select.int/Gather,Gather,unknown_f32,NOT_RUN,0.0,0.0
9,select_230/aten.select.int/Gather,Gather,unknown_f32,NOT_RUN,0.0,0.0
9,select_231/aten.select.int/Gather,Gather,unknown_f32,NOT_RUN,0.0,0.0
9,select_232/aten.select.int/Gather,Gather,unknown_f32,NOT_RUN,0.0,0.0
9,select_233/aten.select.int/Gather,Gather,unknown_f32,NOT_RUN,0.0,0.0
9,select_234/aten.select.int/Gather,Gather,unknown_f32,NOT_RUN,0.0,0.0
9,select_235/aten.select.int/Gather,Gather,unknown_f32,NOT_RUN,0.0,0.0
9,select_236/aten.select.int/Gather,Gather,unknown_f32,NOT_RUN,0.0,0.0
9,select_237/aten.select.int/Gather,Gather,unknown_f32,NOT_RUN,0.0,0.0
9,select_238/aten.select.int/Gather,Gather,unknown_f32,NOT_RUN,0.0,0.0
9,select_239/aten.select.int/Gather,Gather,unknown_f32,NOT_RUN,0.0,0.0
9,select_240/aten.select.int/Gather,Gather,unknown_f32,NOT_RUN,0.0,0.0
9,select_241/aten.select.int/Gather,Gather,unknown_f32,NOT_RUN,0.0,0.0
9,select_242/aten.select.int/Gather,Gather,unknown_f32,NOT_RUN,0.0,0.0
9,select_243/aten.select.int/Gather,Gather,unknown_f32,NOT_RUN,0.0,0.0
9,select_244/aten.select.int/Gather,Gather,unknown_f32,NOT_RUN,0.0,0.0
9,select_245/aten.select.int/Gather,Gather,unknown_f32,NOT_RUN,0.0,0.0
9,select_246/aten.select.int/Gather,Gather,unknown_f32,NOT_RUN,0.0,0.0
9,select_247/aten.select.int/Gather,Gather,unknown_f32,NOT_RUN,0.0,0.0
9,select_248/aten.select.int/Gather,Gather,unknown_f32,NOT_RUN,0.0,0.0
9,select_249/aten.select.int/Gather,Gather,unknown_f32,NOT_RUN,0.0,0.0
9,select_250/aten.select.int/Gather,Gather,unknown_f32,NOT_RUN,0.0,0.0
9,select_251/aten.select.int/Gather,Gather,unknown_f32,NOT_RUN,0.0,0.0
9,select_252/aten.select.int/Gather,Gather,unknown_f32,NOT_RUN,0.0,0.0
9,select_253/aten.select.int/Gather,Gather,unknown_f32,NOT_RUN,0.0,0.0
9,select_254/aten.select.int/Gather,Gather,unknown_f32,NOT_RUN,0.0,0.0
9,select_255/aten.select.int/Gather,Gather,unknown_f32,NOT_RUN,0.0,0.0
9,select_256/aten.select.int/Gather,Gather,unknown_f32,NOT_RUN,0.0,0.0
9,select_257/aten.select.int/Gather,Gather,unknown_f32,NOT_RUN,0.0,0.0
9,select_258/aten.select.int/Gather,Gather,unknown_f32,NOT_RUN,0.0,0.0
9,select_259/aten.select.int/Gather,Gather,unknown_f32,NOT_RUN,0.0,0.0
9,select_260/aten.select.int/Gather,Gather,unknown_f32,NOT_RUN,0.0,0.0
9,select_261/aten.select.int/Gather,Gather,unknown_f32,NOT_RUN,0.0,0.0
9,select_262/aten.select.int/Gather,Gather,unknown_f32,NOT_RUN,0.0,0.0
9,select_263/aten.select.int/Gather,Gather,unknown_f32,NOT_RUN,0.0,0.0
9,select_264/aten.select.int/Gather,Gather,unknown_f32,NOT_RUN,0.0,0.0
9,select_265/aten.select.int/Gather,Gather,unknown_f32,NOT_RUN,0.0,0.0
9,select_266/aten.select.int/Gather,Gather,unknown_f32,NOT_RUN,0.0,0.0
9,select_267/aten.select.int/Gather,Gather,unknown_f32,NOT_RUN,0.0,0.0
9,select_268/aten.select.int/Gather,Gather,unknown_f32,NOT_RUN,0.0,0.0
9,select_269/aten.select.int/Gather,Gather,unknown_f32,NOT_RUN,0.0,0.0
9,select_270/aten.select.int/Gather,Gather,unknown_f32,NOT_RUN,0.0,0.0
9,select_271/aten.select.int/Gather,Gather,unknown_f32,NOT_RUN,0.0,0.0
9,select_272/aten.select.int/Gather,Gather,unknown_f32,NOT_RUN,0.0,0.0
9,select_273/aten.select.int/Gather,Gather,unknown_f32,NOT_RUN,0.0,0.0
9,select_274/aten.select.int/Gather,Gather,unknown_f32,NOT_RUN,0.0,0.0
9,select_275/aten.select.int/Gather,Gather,unknown_f32,NOT_RUN,0.0,0.0
9,select_276/aten.select.int/Gather,Gather,unknown_f32,NOT_RUN,0.0,0.0
9,select_277/aten.select.int/Gather,Gather,unknown_f32,NOT_RUN,0.0,0.0
9,select_278/aten.select.int/Gather,Gather,unknown_f32,NOT_RUN,0.0,0.0
9,select_279/aten.select.int/Gather,Gather,unknown_f32,NOT_RUN,0.0,0.0
9,select_280/aten.select.int/Gather,Gather,unknown_f32,NOT_RUN,0.0,0.0
9,select_281/aten.select.int/Gather,Gather,unknown_f32,NOT_RUN,0.0,0.0
9,select_282/aten.select.int/Gather,Gather,unknown_f32,NOT_RUN,0.0,0.0
9,select_283/aten.select.int/Gather,Gather,unknown_f32,NOT_RUN,0.0,0.0
9,select_284/aten.select.int/Gather,Gather,unknown_f32,NOT_RUN,0.0,0.0
9,select_285/aten.select.int/Gather,Gather,unknown_f32,NOT_RUN,0.0,0.0
9,select_286/aten.select.int/Gather,Gather,unknown_f32,NOT_RUN,0.0,0.0
9,select_287/aten.select.int/Gather,Gather,unknown_f32,NOT_RUN,0.0,0.0
9,select_288/aten.select.int/Gather,Gather,unknown_f32,NOT_RUN,0.0,0.0
9,select_289/aten.select.int/Gather,Gather,unknown_f32,NOT_RUN,0.0,0.0
9,select_290/aten.select.int/Gather,Gather,unknown_f32,NOT_RUN,0.0,0.0
9,select_291/aten.select.int/Gather,Gather,unknown_f32,NOT_RUN,0.0,0.0
9,select_292/aten.select.int/Gather,Gather,unknown_f32,NOT_RUN,0.0,0.0
9,select_293/aten.select.int/Gather,Gather,unknown_f32,NOT_RUN,0.0,0.0
9,select_294/aten.select.int/Gather,Gather,unknown_f32,NOT_RUN,0.0,0.0
9,select_295/aten.select.int/Gather,Gather,unknown_f32,NOT_RUN,0.0,0.0
9,select_296/aten.select.int/Gather,Gather,unknown_f32,NOT_RUN,0.0,0.0
9,select_297/aten.select.int/Gather,Gather,unknown_f32,NOT_RUN,0.0,0.0
9,select_298/aten.select.int/Gather,Gather,unknown_f32,NOT_RUN,0.0,0.0
9,select_299/aten.select.int/Gather,Gather,unknown_f32,NOT_RUN,0.0,0.0
9,select_300/aten.select.int/Gather,Gather,unknown_f32,NOT_RUN,0.0,0.0
9,select_301/aten.select.int/Gather,Gather,unknown_f32,NOT_RUN,0.0,0.0
9,select_302/aten.select.int/Gather,Gather,unknown_f32,NOT_RUN,0.0,0.0
9,select_303/aten.select.int/Gather,Gather,unknown_f32,NOT_RUN,0.0,0.0
9,select_304/aten.select.int/Gather,Gather,unknown_f32,NOT_RUN,0.0,0.0
9,cat_3/aten.cat.default/Concat,Concat,ref_f32,EXECUTED,0.06499999999999999,0.06499999999999999
9,view_84/aten.view.default/Reshape,Reshape,unknown_f32,NOT_RUN,0.0,0.0
9,add_50/aten.add.Tensor/Add,Subgraph,jit_avx2_f32,EXECUTED,0.022,0.022
9,linear_2/aten.linear.default/Add,FullyConnected,brgemm_avx2_f32,EXECUTED,0.309,0.309
9,Multiply_13576,Multiply,undef,NOT_RUN,0.0,0.0
9,view_86/aten.view.default/Reshape,Reshape,unknown_f32,NOT_RUN,0.0,0.0
9,permute_3/aten.permute.default/Transpose,Transpose,unknown_f32,EXECUTED,0.023,0.023
9,linear_3/aten.linear.default/Add,FullyConnected,gemm_mlas_f32,EXECUTED,0.33,0.33
9,view_87/aten.view.default/Reshape,Reshape,unknown_f32,NOT_RUN,0.0,0.0
9,Transpose_12104,Transpose,unknown_f32,EXECUTED,0.052,0.052
9,linear_4/aten.linear.default/Add,FullyConnected,gemm_mlas_f32,EXECUTED,0.331,0.331
9,view_88/aten.view.default/Reshape,Reshape,unknown_f32,NOT_RUN,0.0,0.0
9,permute_5/aten.permute.default/Transpose,Transpose,unknown_f32,EXECUTED,0.014,0.014
9,bmm_1/aten.bmm.default/MatMul,Subgraph,jit_avx2_f32,EXECUTED,0.435,0.435
9,permute_7/aten.permute.default/Transpose,Transpose,unknown_f32,EXECUTED,0.029,0.029
9,view_89/aten.view.default/Reshape,Reshape,unknown_f32,NOT_RUN,0.0,0.0
9,linear_5/aten.linear.default/Add,FullyConnected,gemm_mlas_f32,EXECUTED,0.36200000000000004,0.36200000000000004
9,view_90/aten.view.default/Reshape,Reshape,unknown_f32,NOT_RUN,0.0,0.0
9,add_51/aten.add.Tensor/Add,Subgraph,jit_avx2_f32,EXECUTED,0.023,0.023
9,native_layer_norm/aten.native_layer_norm.default/MVN,MVN,jit_avx2_f32,EXECUTED,0.019,0.019
9,native_layer_norm/aten.native_layer_norm.default/Add,Subgraph,jit_avx2_f32,EXECUTED,0.016,0.016
9,linear_6/aten.linear.default/Add,FullyConnected,brgemm_avx2_f32,EXECUTED,1.358,1.358
9,relu_17/aten.relu.default/Relu,Relu,undef,NOT_RUN,0.0,0.0
9,linear_7/aten.linear.default/Add,FullyConnected,gemm_mlas_f32,EXECUTED,1.4469999999999998,1.4469999999999998
9,add_52/aten.add.Tensor/Add,Subgraph,jit_avx2_f32,EXECUTED,0.026,0.026
9,native_layer_norm_1/aten.native_layer_norm.default/MVN,MVN,jit_avx2_f32,EXECUTED,0.019,0.019
9,add_53/aten.add.Tensor/Add,Subgraph,jit_avx2_f32,EXECUTED,0.031,0.031
9,linear_8/aten.linear.default/Add,FullyConnected,brgemm_avx2_f32,EXECUTED,0.287,0.287
9,Multiply_13578,Multiply,undef,NOT_RUN,0.0,0.0
9,view_92/aten.view.default/Reshape,Reshape,unknown_f32,NOT_RUN,0.0,0.0
9,permute_8/aten.permute.default/Transpose,Transpose,unknown_f32,EXECUTED,0.017,0.017
9,linear_9/aten.linear.default/Add,FullyConnected,gemm_mlas_f32,EXECUTED,0.27099999999999996,0.27099999999999996
9,view_93/aten.view.default/Reshape,Reshape,unknown_f32,NOT_RUN,0.0,0.0
9,Transpose_12133,Transpose,unknown_f32,EXECUTED,0.04,0.04
9,linear_10/aten.linear.default/Add,FullyConnected,gemm_mlas_f32,EXECUTED,0.272,0.272
9,view_94/aten.view.default/Reshape,Reshape,unknown_f32,NOT_RUN,0.0,0.0
9,permute_10/aten.permute.default/Transpose,Transpose,unknown_f32,EXECUTED,0.013,0.013
9,bmm_3/aten.bmm.default/MatMul,Subgraph,jit_avx2_f32,EXECUTED,0.374,0.374
9,permute_12/aten.permute.default/Transpose,Transpose,unknown_f32,EXECUTED,0.02,0.02
9,view_95/aten.view.default/Reshape,Reshape,unknown_f32,NOT_RUN,0.0,0.0
9,linear_11/aten.linear.default/Add,FullyConnected,gemm_mlas_f32,EXECUTED,0.297,0.297
9,view_96/aten.view.default/Reshape,Reshape,unknown_f32,NOT_RUN,0.0,0.0
9,add_54/aten.add.Tensor/Add,Subgraph,jit_avx2_f32,EXECUTED,0.016,0.016
9,native_layer_norm_2/aten.native_layer_norm.default/MVN,MVN,jit_avx2_f32,EXECUTED,0.015000000000000001,0.015000000000000001
9,native_layer_norm_2/aten.native_layer_norm.default/Add,Subgraph,jit_avx2_f32,EXECUTED,0.007,0.007
9,linear_12/aten.linear.default/Add,FullyConnected,brgemm_avx2_f32,EXECUTED,1.287,1.287
9,relu_18/aten.relu.default/Relu,Relu,undef,NOT_RUN,0.0,0.0
9,linear_13/aten.linear.default/Add,FullyConnected,gemm_mlas_f32,EXECUTED,1.3860000000000001,1.3860000000000001
9,add_55/aten.add.Tensor/Add,Subgraph,jit_avx2_f32,EXECUTED,0.024,0.024
9,native_layer_norm_3/aten.native_layer_norm.default/MVN,MVN,jit_avx2_f32,EXECUTED,0.018000000000000002,0.018000000000000002
9,add_56/aten.add.Tensor/Add,Subgraph,jit_avx2_f32,EXECUTED,0.026,0.026
9,linear_14/aten.linear.default/Add,FullyConnected,brgemm_avx2_f32,EXECUTED,0.27799999999999997,0.27799999999999997
9,Multiply_13580,Multiply,undef,NOT_RUN,0.0,0.0
9,view_98/aten.view.default/Reshape,Reshape,unknown_f32,NOT_RUN,0.0,0.0
9,permute_13/aten.permute.default/Transpose,Transpose,unknown_f32,EXECUTED,0.017,0.017
9,linear_15/aten.linear.default/Add,FullyConnected,gemm_mlas_f32,EXECUTED,0.308,0.308
9,view_99/aten.view.default/Reshape,Reshape,unknown_f32,NOT_RUN,0.0,0.0
9,Transpose_12162,Transpose,unknown_f32,EXECUTED,0.046,0.046
9,linear_16/aten.linear.default/Add,FullyConnected,gemm_mlas_f32,EXECUTED,0.264,0.264
9,view_100/aten.view.default/Reshape,Reshape,unknown_f32,NOT_RUN,0.0,0.0
9,permute_15/aten.permute.default/Transpose,Transpose,unknown_f32,EXECUTED,0.012,0.012
9,bmm_5/aten.bmm.default/MatMul,Subgraph,jit_avx2_f32,EXECUTED,0.423,0.423
9,permute_17/aten.permute.default/Transpose,Transpose,unknown_f32,EXECUTED,0.024,0.024
9,view_101/aten.view.default/Reshape,Reshape,unknown_f32,NOT_RUN,0.0,0.0
9,linear_17/aten.linear.default/Add,FullyConnected,gemm_mlas_f32,EXECUTED,0.316,0.316
9,view_102/aten.view.default/Reshape,Reshape,unknown_f32,NOT_RUN,0.0,0.0
9,add_57/aten.add.Tensor/Add,Subgraph,jit_avx2_f32,EXECUTED,0.018000000000000002,0.018000000000000002
9,native_layer_norm_4/aten.native_layer_norm.default/MVN,MVN,jit_avx2_f32,EXECUTED,0.012,0.012
9,native_layer_norm_4/aten.native_layer_norm.default/Add,Subgraph,jit_avx2_f32,EXECUTED,0.01,0.01
9,linear_18/aten.linear.default/Add,FullyConnected,brgemm_avx2_f32,EXECUTED,1.328,1.328
9,relu_19/aten.relu.default/Relu,Relu,undef,NOT_RUN,0.0,0.0
9,linear_19/aten.linear.default/Add,FullyConnected,gemm_mlas_f32,EXECUTED,1.3840000000000001,1.3840000000000001
9,add_58/aten.add.Tensor/Add,Subgraph,jit_avx2_f32,EXECUTED,0.022,0.022
9,native_layer_norm_5/aten.native_layer_norm.default/MVN,MVN,jit_avx2_f32,EXECUTED,0.02,0.02
9,add_59/aten.add.Tensor/Add,Subgraph,jit_avx2_f32,EXECUTED,0.026,0.026
9,linear_20/aten.linear.default/Add,FullyConnected,brgemm_avx2_f32,EXECUTED,0.263,0.263
9,Multiply_13582,Multiply,undef,NOT_RUN,0.0,0.0
9,view_104/aten.view.default/Reshape,Reshape,unknown_f32,NOT_RUN,0.0,0.0
9,permute_18/aten.permute.default/Transpose,Transpose,unknown_f32,EXECUTED,0.014,0.014
9,linear_21/aten.linear.default/Add,FullyConnected,gemm_mlas_f32,EXECUTED,0.25999999999999995,0.25999999999999995
9,view_105/aten.view.default/Reshape,Reshape,unknown_f32,NOT_RUN,0.0,0.0
9,Transpose_12191,Transpose,unknown_f32,EXECUTED,0.034999999999999996,0.034999999999999996
9,linear_22/aten.linear.default/Add,FullyConnected,gemm_mlas_f32,EXECUTED,0.24000000000000002,0.24000000000000002
9,view_106/aten.view.default/Reshape,Reshape,unknown_f32,NOT_RUN,0.0,0.0
9,permute_20/aten.permute.default/Transpose,Transpose,unknown_f32,EXECUTED,0.009000000000000001,0.009000000000000001
9,bmm_7/aten.bmm.default/MatMul,Subgraph,jit_avx2_f32,EXECUTED,0.365,0.365
9,permute_22/aten.permute.default/Transpose,Transpose,unknown_f32,EXECUTED,0.019,0.019
9,view_107/aten.view.default/Reshape,Reshape,unknown_f32,NOT_RUN,0.0,0.0
9,linear_23/aten.linear.default/Add,FullyConnected,gemm_mlas_f32,EXECUTED,0.301,0.301
9,view_108/aten.view.default/Reshape,Reshape,unknown_f32,NOT_RUN,0.0,0.0
9,add_60/aten.add.Tensor/Add,Subgraph,jit_avx2_f32,EXECUTED,0.015000000000000001,0.015000000000000001
9,native_layer_norm_6/aten.native_layer_norm.default/MVN,MVN,jit_avx2_f32,EXECUTED,0.016,0.016
9,native_layer_norm_6/aten.native_layer_norm.default/Add,Subgraph,jit_avx2_f32,EXECUTED,0.007,0.007
9,linear_24/aten.linear.default/Add,FullyConnected,brgemm_avx2_f32,EXECUTED,1.33,1.33
9,relu_20/aten.relu.default/Relu,Relu,undef,NOT_RUN,0.0,0.0
9,linear_25/aten.linear.default/Add,FullyConnected,gemm_mlas_f32,EXECUTED,1.414,1.414
9,add_61/aten.add.Tensor/Add,Subgraph,jit_avx2_f32,EXECUTED,0.024,0.024
9,native_layer_norm_7/aten.native_layer_norm.default/MVN,MVN,jit_avx2_f32,EXECUTED,0.018000000000000002,0.018000000000000002
9,add_65/aten.add.Tensor/Add,Subgraph,jit_avx2_f32,EXECUTED,0.024,0.024
9,linear_31/aten.linear.default/Add,FullyConnected,gemm_mlas_f32,EXECUTED,0.296,0.296
9,view_117/aten.view.default/Reshape,Reshape,unknown_f32,NOT_RUN,0.0,0.0
9,Transpose_12220,Transpose,unknown_f32,EXECUTED,0.05,0.05
9,linear_32/aten.linear.default/Add,FullyConnected,gemm_mlas_f32,EXECUTED,0.30200000000000005,0.30200000000000005
9,view_118/aten.view.default/Reshape,Reshape,unknown_f32,NOT_RUN,0.0,0.0
9,permute_30/aten.permute.default/Transpose,Transpose,unknown_f32,EXECUTED,0.012,0.012
9,bmm_11/aten.bmm.default/MatMul,Subgraph,jit_avx2_f32,EXECUTED,0.225,0.225
9,permute_32/aten.permute.default/Transpose,Transpose,unknown_f32,EXECUTED,0.008,0.008
9,view_119/aten.view.default/Reshape,Reshape,unknown_f32,NOT_RUN,0.0,0.0
9,linear_33/aten.linear.default/Add,FullyConnected,gemm_mlas_f32,EXECUTED,0.14400000000000002,0.14400000000000002
9,view_120/aten.view.default/Reshape,Reshape,unknown_f32,NOT_RUN,0.0,0.0
9,add_66/aten.add.Tensor/Add,Subgraph,jit_avx2_f32,EXECUTED,0.012,0.012
9,native_layer_norm_9/aten.native_layer_norm.default/MVN,MVN,jit_avx2_f32,EXECUTED,0.006,0.006
9,native_layer_norm_9/aten.native_layer_norm.default/Add,Subgraph,jit_avx2_f32,EXECUTED,0.005,0.005
9,linear_34/aten.linear.default/Add,FullyConnected,brgemm_avx2_f32,EXECUTED,0.513,0.513
9,relu_21/aten.relu.default/Relu,Relu,undef,NOT_RUN,0.0,0.0
9,linear_35/aten.linear.default/Add,FullyConnected,gemm_mlas_f32,EXECUTED,0.587,0.587
9,add_67/aten.add.Tensor/Add,Subgraph,jit_avx2_f32,EXECUTED,0.014,0.014
9,native_layer_norm_10/aten.native_layer_norm.default/MVN,MVN,jit_avx2_f32,EXECUTED,0.009000000000000001,0.009000000000000001
9,native_layer_norm_10/aten.native_layer_norm.default/Add,Subgraph,jit_avx2_f32,EXECUTED,0.003,0.003
9,native_layer_norm_11/aten.native_layer_norm.default/MVN,MVN,jit_avx2_f32,EXECUTED,0.006,0.006
9,native_layer_norm_11/aten.native_layer_norm.default/Add,Subgraph,jit_avx2_f32,EXECUTED,0.003,0.003
9,permute_33/aten.permute.default/Transpose,Reshape,unknown_f32,NOT_RUN,0.0,0.0
9,linear_36/aten.linear.default/Add,FullyConnected,gemm_mlas_f32,EXECUTED,0.012,0.012
9,Result_6085,Result,unknown_f32,NOT_RUN,0.0,0.0
10,state,Parameter,unknown_f32,NOT_RUN,0.0,0.0
10,linear_1/aten.linear.default/Add,FullyConnected,gemm_mlas_f32,EXECUTED,0.051,0.051
10,wrist_image,Parameter,unknown_f32,NOT_RUN,0.0,0.0
10,wrist_image_abcd_acdb_mul_2/aten.mul.Tensor/Multiply,Reorder,jit_uni_f32,EXECUTED,0.237,0.237
10,mul_2/aten.mul.Tensor/Multiply,Convolution,brgconv_avx2_f32,EXECUTED,2.009,2.009
10,relu/aten.relu.default/Relu,Relu,undef,NOT_RUN,0.0,0.0
10,max_pool2d_with_indices/aten.max_pool2d_with_indices.default/MaxPool,MaxPool,jit_avx2_f32,EXECUTED,0.33599999999999997,0.33599999999999997
10,mul_5/aten.mul.Tensor/Multiply,Convolution,brgconv_avx2_f32,EXECUTED,1.9040000000000001,1.9040000000000001
10,relu_1/aten.relu.default/Relu,Relu,undef,NOT_RUN,0.0,0.0
10,mul_8/aten.mul.Tensor/Multiply,Convolution,brgconv_avx2_f32,EXECUTED,1.8719999999999999,1.8719999999999999
10,add_6/aten.add.Tensor/Add,Add,undef,NOT_RUN,0.0,0.0
10,relu_2/aten.relu.default/Relu,Relu,undef,NOT_RUN,0.0,0.0
10,mul_11/aten.mul.Tensor/Multiply,Convolution,brgconv_avx2_f32,EXECUTED,1.9689999999999999,1.9689999999999999
10,relu_3/aten.relu.default/Relu,Relu,undef,NOT_RUN,0.0,0.0
10,mul_14/aten.mul.Tensor/Multiply,Convolution,brgconv_avx2_f32,EXECUTED,1.952,1.952
10,add_11/aten.add.Tensor/Add,Add,undef,NOT_RUN,0.0,0.0
10,relu_4/aten.relu.default/Relu,Relu,undef,NOT_RUN,0.0,0.0
10,mul_17/aten.mul.Tensor/Multiply,Convolution,brgconv_avx2_f32,EXECUTED,1.065,1.065
10,relu_5/aten.relu.default/Relu,Relu,undef,NOT_RUN,0.0,0.0
10,mul_23/aten.mul.Tensor/Multiply,Convolution,brgconv_avx2_1x1_f32,EXECUTED,0.221,0.221
10,mul_20/aten.mul.Tensor/Multiply,Convolution,brgconv_avx2_f32,EXECUTED,1.831,1.831
10,add_18/aten.add.Tensor/Add,Add,undef,NOT_RUN,0.0,0.0
10,relu_6/aten.relu.default/Relu,Relu,undef,NOT_RUN,0.0,0.0
10,mul_26/aten.mul.Tensor/Multiply,Convolution,brgconv_avx2_f32,EXECUTED,1.83,1.83
10,relu_7/aten.relu.default/Relu,Relu,undef,NOT_RUN,0.0,0.0
10,mul_29/aten.mul.Tensor/Multiply,Convolution,brgconv_avx2_f32,EXECUTED,1.863,1.863
10,add_23/aten.add.Tensor/Add,Add,undef,NOT_RUN,0.0,0.0
10,relu_8/aten.relu.default/Relu,Relu,undef,NOT_RUN,0.0,0.0
10,mul_32/aten.mul.Tensor/Multiply,Convolution,brgconv_avx2_f32,EXECUTED,1.017,1.017
10,relu_9/aten.relu.default/Relu,Relu,undef,NOT_RUN,0.0,0.0
10,mul_38/aten.mul.Tensor/Multiply,Convolution,brgconv_avx2_1x1_f32,EXECUTED,0.216,0.216
10,mul_35/aten.mul.Tensor/Multiply,Convolution,brgconv_avx2_f32,EXECUTED,1.806,1.806
10,add_30/aten.add.Tensor/Add,Add,undef,NOT_RUN,0.0,0.0
10,relu_10/aten.relu.default/Relu,Relu,undef,NOT_RUN,0.0,0.0
10,mul_41/aten.mul.Tensor/Multiply,Convolution,brgconv_avx2_f32,EXECUTED,1.8550000000000002,1.8550000000000002
10,relu_11/aten.relu.default/Relu,Relu,undef,NOT_RUN,0.0,0.0
10,mul_44/aten.mul.Tensor/Multiply,Convolution,brgconv_avx2_f32,EXECUTED,1.907,1.907
10,add_35/aten.add.Tensor/Add,Add,undef,NOT_RUN,0.0,0.0
10,relu_12/aten.relu.default/Relu,Relu,undef,NOT_RUN,0.0,0.0
10,mul_47/aten.mul.Tensor/Multiply,Convolution,brgconv_avx2_f32,EXECUTED,1.062,1.062
10,relu_13/aten.relu.default/Relu,Relu,undef,NOT_RUN,0.0,0.0
10,mul_53/aten.mul.Tensor/Multiply,Convolution,brgconv_avx2_1x1_f32,EXECUTED,0.275,0.275
10,mul_50/aten.mul.Tensor/Multiply,Convolution,brgconv_avx2_f32,EXECUTED,1.7910000000000001,1.7910000000000001
10,add_42/aten.add.Tensor/Add,Add,undef,NOT_RUN,0.0,0.0
10,relu_14/aten.relu.default/Relu,Relu,undef,NOT_RUN,0.0,0.0
10,mul_56/aten.mul.Tensor/Multiply,Convolution,brgconv_avx2_f32,EXECUTED,1.847,1.847
10,relu_15/aten.relu.default/Relu,Relu,undef,NOT_RUN,0.0,0.0
10,mul_59/aten.mul.Tensor/Multiply,Convolution,brgconv_avx2_f32,EXECUTED,1.8359999999999999,1.8359999999999999
10,add_47/aten.add.Tensor/Add,Add,undef,NOT_RUN,0.0,0.0
10,relu_16/aten.relu.default/Relu,Relu,undef,NOT_RUN,0.0,0.0
10,convolution_20/aten.convolution.default/Convolution,Convolution,brgconv_avx2_1x1_f32,EXECUTED,0.383,0.383
10,permute_1/aten.permute.default/Transpose,Transpose,unknown_f32,EXECUTED,0.038,0.038
10,permute_1/aten.permute.default/Transpose_acdb_abcd_view_82/aten.view.default/Reshape,Reorder,reorder_f32,EXECUTED,0.026,0.026
10,view_82/aten.view.default/Reshape,Reshape,unknown_f32,NOT_RUN,0.0,0.0
10,select_5/aten.select.int/Gather,Gather,unknown_f32,NOT_RUN,0.0,0.0
10,select_6/aten.select.int/Gather,Gather,unknown_f32,NOT_RUN,0.0,0.0
10,select_7/aten.select.int/Gather,Gather,unknown_f32,NOT_RUN,0.0,0.0
10,select_8/aten.select.int/Gather,Gather,unknown_f32,NOT_RUN,0.0,0.0
10,select_9/aten.select.int/Gather,Gather,unknown_f32,NOT_RUN,0.0,0.0
10,select_10/aten.select.int/Gather,Gather,unknown_f32,NOT_RUN,0.0,0.0
10,select_11/aten.select.int/Gather,Gather,unknown_f32,NOT_RUN,0.0,0.0
10,select_12/aten.select.int/Gather,Gather,unknown_f32,NOT_RUN,0.0,0.0
10,select_13/aten.select.int/Gather,Gather,unknown_f32,NOT_RUN,0.0,0.0
10,select_14/aten.select.int/Gather,Gather,unknown_f32,NOT_RUN,0.0,0.0
10,select_15/aten.select.int/Gather,Gather,unknown_f32,NOT_RUN,0.0,0.0
10,select_16/aten.select.int/Gather,Gather,unknown_f32,NOT_RUN,0.0,0.0
10,select_17/aten.select.int/Gather,Gather,unknown_f32,NOT_RUN,0.0,0.0
10,select_18/aten.select.int/Gather,Gather,unknown_f32,NOT_RUN,0.0,0.0
10,select_19/aten.select.int/Gather,Gather,unknown_f32,NOT_RUN,0.0,0.0
10,select_20/aten.select.int/Gather,Gather,unknown_f32,NOT_RUN,0.0,0.0
10,select_21/aten.select.int/Gather,Gather,unknown_f32,NOT_RUN,0.0,0.0
10,select_22/aten.select.int/Gather,Gather,unknown_f32,NOT_RUN,0.0,0.0
10,select_23/aten.select.int/Gather,Gather,unknown_f32,NOT_RUN,0.0,0.0
10,select_24/aten.select.int/Gather,Gather,unknown_f32,NOT_RUN,0.0,0.0
10,select_25/aten.select.int/Gather,Gather,unknown_f32,NOT_RUN,0.0,0.0
10,select_26/aten.select.int/Gather,Gather,unknown_f32,NOT_RUN,0.0,0.0
10,select_27/aten.select.int/Gather,Gather,unknown_f32,NOT_RUN,0.0,0.0
10,select_28/aten.select.int/Gather,Gather,unknown_f32,NOT_RUN,0.0,0.0
10,select_29/aten.select.int/Gather,Gather,unknown_f32,NOT_RUN,0.0,0.0
10,select_30/aten.select.int/Gather,Gather,unknown_f32,NOT_RUN,0.0,0.0
10,select_31/aten.select.int/Gather,Gather,unknown_f32,NOT_RUN,0.0,0.0
10,select_32/aten.select.int/Gather,Gather,unknown_f32,NOT_RUN,0.0,0.0
10,select_33/aten.select.int/Gather,Gather,unknown_f32,NOT_RUN,0.0,0.0
10,select_34/aten.select.int/Gather,Gather,unknown_f32,NOT_RUN,0.0,0.0
10,select_35/aten.select.int/Gather,Gather,unknown_f32,NOT_RUN,0.0,0.0
10,select_36/aten.select.int/Gather,Gather,unknown_f32,NOT_RUN,0.0,0.0
10,select_37/aten.select.int/Gather,Gather,unknown_f32,NOT_RUN,0.0,0.0
10,select_38/aten.select.int/Gather,Gather,unknown_f32,NOT_RUN,0.0,0.0
10,select_39/aten.select.int/Gather,Gather,unknown_f32,NOT_RUN,0.0,0.0
10,select_40/aten.select.int/Gather,Gather,unknown_f32,NOT_RUN,0.0,0.0
10,select_41/aten.select.int/Gather,Gather,unknown_f32,NOT_RUN,0.0,0.0
10,select_42/aten.select.int/Gather,Gather,unknown_f32,NOT_RUN,0.0,0.0
10,select_43/aten.select.int/Gather,Gather,unknown_f32,NOT_RUN,0.0,0.0
10,select_44/aten.select.int/Gather,Gather,unknown_f32,NOT_RUN,0.0,0.0
10,select_45/aten.select.int/Gather,Gather,unknown_f32,NOT_RUN,0.0,0.0
10,select_46/aten.select.int/Gather,Gather,unknown_f32,NOT_RUN,0.0,0.0
10,select_47/aten.select.int/Gather,Gather,unknown_f32,NOT_RUN,0.0,0.0
10,select_48/aten.select.int/Gather,Gather,unknown_f32,NOT_RUN,0.0,0.0
10,select_49/aten.select.int/Gather,Gather,unknown_f32,NOT_RUN,0.0,0.0
10,select_50/aten.select.int/Gather,Gather,unknown_f32,NOT_RUN,0.0,0.0
10,select_51/aten.select.int/Gather,Gather,unknown_f32,NOT_RUN,0.0,0.0
10,select_52/aten.select.int/Gather,Gather,unknown_f32,NOT_RUN,0.0,0.0
10,select_53/aten.select.int/Gather,Gather,unknown_f32,NOT_RUN,0.0,0.0
10,select_54/aten.select.int/Gather,Gather,unknown_f32,NOT_RUN,0.0,0.0
10,select_55/aten.select.int/Gather,Gather,unknown_f32,NOT_RUN,0.0,0.0
10,select_56/aten.select.int/Gather,Gather,unknown_f32,NOT_RUN,0.0,0.0
10,select_57/aten.select.int/Gather,Gather,unknown_f32,NOT_RUN,0.0,0.0
10,select_58/aten.select.int/Gather,Gather,unknown_f32,NOT_RUN,0.0,0.0
10,select_59/aten.select.int/Gather,Gather,unknown_f32,NOT_RUN,0.0,0.0
10,select_60/aten.select.int/Gather,Gather,unknown_f32,NOT_RUN,0.0,0.0
10,select_61/aten.select.int/Gather,Gather,unknown_f32,NOT_RUN,0.0,0.0
10,select_62/aten.select.int/Gather,Gather,unknown_f32,NOT_RUN,0.0,0.0
10,select_63/aten.select.int/Gather,Gather,unknown_f32,NOT_RUN,0.0,0.0
10,select_64/aten.select.int/Gather,Gather,unknown_f32,NOT_RUN,0.0,0.0
10,select_65/aten.select.int/Gather,Gather,unknown_f32,NOT_RUN,0.0,0.0
10,select_66/aten.select.int/Gather,Gather,unknown_f32,NOT_RUN,0.0,0.0
10,select_67/aten.select.int/Gather,Gather,unknown_f32,NOT_RUN,0.0,0.0
10,select_68/aten.select.int/Gather,Gather,unknown_f32,NOT_RUN,0.0,0.0
10,select_69/aten.select.int/Gather,Gather,unknown_f32,NOT_RUN,0.0,0.0
10,select_70/aten.select.int/Gather,Gather,unknown_f32,NOT_RUN,0.0,0.0
10,select_71/aten.select.int/Gather,Gather,unknown_f32,NOT_RUN,0.0,0.0
10,select_72/aten.select.int/Gather,Gather,unknown_f32,NOT_RUN,0.0,0.0
10,select_73/aten.select.int/Gather,Gather,unknown_f32,NOT_RUN,0.0,0.0
10,select_74/aten.select.int/Gather,Gather,unknown_f32,NOT_RUN,0.0,0.0
10,select_75/aten.select.int/Gather,Gather,unknown_f32,NOT_RUN,0.0,0.0
10,select_76/aten.select.int/Gather,Gather,unknown_f32,NOT_RUN,0.0,0.0
10,select_77/aten.select.int/Gather,Gather,unknown_f32,NOT_RUN,0.0,0.0
10,select_78/aten.select.int/Gather,Gather,unknown_f32,NOT_RUN,0.0,0.0
10,select_79/aten.select.int/Gather,Gather,unknown_f32,NOT_RUN,0.0,0.0
10,select_80/aten.select.int/Gather,Gather,unknown_f32,NOT_RUN,0.0,0.0
10,select_81/aten.select.int/Gather,Gather,unknown_f32,NOT_RUN,0.0,0.0
10,select_82/aten.select.int/Gather,Gather,unknown_f32,NOT_RUN,0.0,0.0
10,select_83/aten.select.int/Gather,Gather,unknown_f32,NOT_RUN,0.0,0.0
10,select_84/aten.select.int/Gather,Gather,unknown_f32,NOT_RUN,0.0,0.0
10,select_85/aten.select.int/Gather,Gather,unknown_f32,NOT_RUN,0.0,0.0
10,select_86/aten.select.int/Gather,Gather,unknown_f32,NOT_RUN,0.0,0.0
10,select_87/aten.select.int/Gather,Gather,unknown_f32,NOT_RUN,0.0,0.0
10,select_88/aten.select.int/Gather,Gather,unknown_f32,NOT_RUN,0.0,0.0
10,select_89/aten.select.int/Gather,Gather,unknown_f32,NOT_RUN,0.0,0.0
10,select_90/aten.select.int/Gather,Gather,unknown_f32,NOT_RUN,0.0,0.0
10,select_91/aten.select.int/Gather,Gather,unknown_f32,NOT_RUN,0.0,0.0
10,select_92/aten.select.int/Gather,Gather,unknown_f32,NOT_RUN,0.0,0.0
10,select_93/aten.select.int/Gather,Gather,unknown_f32,NOT_RUN,0.0,0.0
10,select_94/aten.select.int/Gather,Gather,unknown_f32,NOT_RUN,0.0,0.0
10,select_95/aten.select.int/Gather,Gather,unknown_f32,NOT_RUN,0.0,0.0
10,select_96/aten.select.int/Gather,Gather,unknown_f32,NOT_RUN,0.0,0.0
10,select_97/aten.select.int/Gather,Gather,unknown_f32,NOT_RUN,0.0,0.0
10,select_98/aten.select.int/Gather,Gather,unknown_f32,NOT_RUN,0.0,0.0
10,select_99/aten.select.int/Gather,Gather,unknown_f32,NOT_RUN,0.0,0.0
10,select_100/aten.select.int/Gather,Gather,unknown_f32,NOT_RUN,0.0,0.0
10,select_101/aten.select.int/Gather,Gather,unknown_f32,NOT_RUN,0.0,0.0
10,select_102/aten.select.int/Gather,Gather,unknown_f32,NOT_RUN,0.0,0.0
10,select_103/aten.select.int/Gather,Gather,unknown_f32,NOT_RUN,0.0,0.0
10,select_104/aten.select.int/Gather,Gather,unknown_f32,NOT_RUN,0.0,0.0
10,select_105/aten.select.int/Gather,Gather,unknown_f32,NOT_RUN,0.0,0.0
10,select_106/aten.select.int/Gather,Gather,unknown_f32,NOT_RUN,0.0,0.0
10,select_107/aten.select.int/Gather,Gather,unknown_f32,NOT_RUN,0.0,0.0
10,select_108/aten.select.int/Gather,Gather,unknown_f32,NOT_RUN,0.0,0.0
10,select_109/aten.select.int/Gather,Gather,unknown_f32,NOT_RUN,0.0,0.0
10,select_110/aten.select.int/Gather,Gather,unknown_f32,NOT_RUN,0.0,0.0
10,select_111/aten.select.int/Gather,Gather,unknown_f32,NOT_RUN,0.0,0.0
10,select_112/aten.select.int/Gather,Gather,unknown_f32,NOT_RUN,0.0,0.0
10,select_113/aten.select.int/Gather,Gather,unknown_f32,NOT_RUN,0.0,0.0
10,select_114/aten.select.int/Gather,Gather,unknown_f32,NOT_RUN,0.0,0.0
10,select_115/aten.select.int/Gather,Gather,unknown_f32,NOT_RUN,0.0,0.0
10,select_116/aten.select.int/Gather,Gather,unknown_f32,NOT_RUN,0.0,0.0
10,select_117/aten.select.int/Gather,Gather,unknown_f32,NOT_RUN,0.0,0.0
10,select_118/aten.select.int/Gather,Gather,unknown_f32,NOT_RUN,0.0,0.0
10,select_119/aten.select.int/Gather,Gather,unknown_f32,NOT_RUN,0.0,0.0
10,select_120/aten.select.int/Gather,Gather,unknown_f32,NOT_RUN,0.0,0.0
10,select_121/aten.select.int/Gather,Gather,unknown_f32,NOT_RUN,0.0,0.0
10,select_122/aten.select.int/Gather,Gather,unknown_f32,NOT_RUN,0.0,0.0
10,select_123/aten.select.int/Gather,Gather,unknown_f32,NOT_RUN,0.0,0.0
10,select_124/aten.select.int/Gather,Gather,unknown_f32,NOT_RUN,0.0,0.0
10,select_125/aten.select.int/Gather,Gather,unknown_f32,NOT_RUN,0.0,0.0
10,select_126/aten.select.int/Gather,Gather,unknown_f32,NOT_RUN,0.0,0.0
10,select_127/aten.select.int/Gather,Gather,unknown_f32,NOT_RUN,0.0,0.0
10,select_128/aten.select.int/Gather,Gather,unknown_f32,NOT_RUN,0.0,0.0
10,select_129/aten.select.int/Gather,Gather,unknown_f32,NOT_RUN,0.0,0.0
10,select_130/aten.select.int/Gather,Gather,unknown_f32,NOT_RUN,0.0,0.0
10,select_131/aten.select.int/Gather,Gather,unknown_f32,NOT_RUN,0.0,0.0
10,select_132/aten.select.int/Gather,Gather,unknown_f32,NOT_RUN,0.0,0.0
10,select_133/aten.select.int/Gather,Gather,unknown_f32,NOT_RUN,0.0,0.0
10,select_134/aten.select.int/Gather,Gather,unknown_f32,NOT_RUN,0.0,0.0
10,select_135/aten.select.int/Gather,Gather,unknown_f32,NOT_RUN,0.0,0.0
10,select_136/aten.select.int/Gather,Gather,unknown_f32,NOT_RUN,0.0,0.0
10,select_137/aten.select.int/Gather,Gather,unknown_f32,NOT_RUN,0.0,0.0
10,select_138/aten.select.int/Gather,Gather,unknown_f32,NOT_RUN,0.0,0.0
10,select_139/aten.select.int/Gather,Gather,unknown_f32,NOT_RUN,0.0,0.0
10,select_140/aten.select.int/Gather,Gather,unknown_f32,NOT_RUN,0.0,0.0
10,select_141/aten.select.int/Gather,Gather,unknown_f32,NOT_RUN,0.0,0.0
10,select_142/aten.select.int/Gather,Gather,unknown_f32,NOT_RUN,0.0,0.0
10,select_143/aten.select.int/Gather,Gather,unknown_f32,NOT_RUN,0.0,0.0
10,select_144/aten.select.int/Gather,Gather,unknown_f32,NOT_RUN,0.0,0.0
10,select_145/aten.select.int/Gather,Gather,unknown_f32,NOT_RUN,0.0,0.0
10,select_146/aten.select.int/Gather,Gather,unknown_f32,NOT_RUN,0.0,0.0
10,select_147/aten.select.int/Gather,Gather,unknown_f32,NOT_RUN,0.0,0.0
10,select_148/aten.select.int/Gather,Gather,unknown_f32,NOT_RUN,0.0,0.0
10,select_149/aten.select.int/Gather,Gather,unknown_f32,NOT_RUN,0.0,0.0
10,select_150/aten.select.int/Gather,Gather,unknown_f32,NOT_RUN,0.0,0.0
10,select_151/aten.select.int/Gather,Gather,unknown_f32,NOT_RUN,0.0,0.0
10,select_152/aten.select.int/Gather,Gather,unknown_f32,NOT_RUN,0.0,0.0
10,select_153/aten.select.int/Gather,Gather,unknown_f32,NOT_RUN,0.0,0.0
10,select_154/aten.select.int/Gather,Gather,unknown_f32,NOT_RUN,0.0,0.0
10,select_155/aten.select.int/Gather,Gather,unknown_f32,NOT_RUN,0.0,0.0
10,select_156/aten.select.int/Gather,Gather,unknown_f32,NOT_RUN,0.0,0.0
10,select_157/aten.select.int/Gather,Gather,unknown_f32,NOT_RUN,0.0,0.0
10,select_158/aten.select.int/Gather,Gather,unknown_f32,NOT_RUN,0.0,0.0
10,select_159/aten.select.int/Gather,Gather,unknown_f32,NOT_RUN,0.0,0.0
10,select_160/aten.select.int/Gather,Gather,unknown_f32,NOT_RUN,0.0,0.0
10,select_161/aten.select.int/Gather,Gather,unknown_f32,NOT_RUN,0.0,0.0
10,select_162/aten.select.int/Gather,Gather,unknown_f32,NOT_RUN,0.0,0.0
10,select_163/aten.select.int/Gather,Gather,unknown_f32,NOT_RUN,0.0,0.0
10,select_164/aten.select.int/Gather,Gather,unknown_f32,NOT_RUN,0.0,0.0
10,select_165/aten.select.int/Gather,Gather,unknown_f32,NOT_RUN,0.0,0.0
10,select_166/aten.select.int/Gather,Gather,unknown_f32,NOT_RUN,0.0,0.0
10,select_167/aten.select.int/Gather,Gather,unknown_f32,NOT_RUN,0.0,0.0
10,select_168/aten.select.int/Gather,Gather,unknown_f32,NOT_RUN,0.0,0.0
10,select_169/aten.select.int/Gather,Gather,unknown_f32,NOT_RUN,0.0,0.0
10,select_170/aten.select.int/Gather,Gather,unknown_f32,NOT_RUN,0.0,0.0
10,select_171/aten.select.int/Gather,Gather,unknown_f32,NOT_RUN,0.0,0.0
10,select_172/aten.select.int/Gather,Gather,unknown_f32,NOT_RUN,0.0,0.0
10,select_173/aten.select.int/Gather,Gather,unknown_f32,NOT_RUN,0.0,0.0
10,select_174/aten.select.int/Gather,Gather,unknown_f32,NOT_RUN,0.0,0.0
10,select_175/aten.select.int/Gather,Gather,unknown_f32,NOT_RUN,0.0,0.0
10,select_176/aten.select.int/Gather,Gather,unknown_f32,NOT_RUN,0.0,0.0
10,select_177/aten.select.int/Gather,Gather,unknown_f32,NOT_RUN,0.0,0.0
10,select_178/aten.select.int/Gather,Gather,unknown_f32,NOT_RUN,0.0,0.0
10,select_179/aten.select.int/Gather,Gather,unknown_f32,NOT_RUN,0.0,0.0
10,select_180/aten.select.int/Gather,Gather,unknown_f32,NOT_RUN,0.0,0.0
10,select_181/aten.select.int/Gather,Gather,unknown_f32,NOT_RUN,0.0,0.0
10,select_182/aten.select.int/Gather,Gather,unknown_f32,NOT_RUN,0.0,0.0
10,select_183/aten.select.int/Gather,Gather,unknown_f32,NOT_RUN,0.0,0.0
10,select_184/aten.select.int/Gather,Gather,unknown_f32,NOT_RUN,0.0,0.0
10,select_185/aten.select.int/Gather,Gather,unknown_f32,NOT_RUN,0.0,0.0
10,select_186/aten.select.int/Gather,Gather,unknown_f32,NOT_RUN,0.0,0.0
10,select_187/aten.select.int/Gather,Gather,unknown_f32,NOT_RUN,0.0,0.0
10,select_188/aten.select.int/Gather,Gather,unknown_f32,NOT_RUN,0.0,0.0
10,select_189/aten.select.int/Gather,Gather,unknown_f32,NOT_RUN,0.0,0.0
10,select_190/aten.select.int/Gather,Gather,unknown_f32,NOT_RUN,0.0,0.0
10,select_191/aten.select.int/Gather,Gather,unknown_f32,NOT_RUN,0.0,0.0
10,select_192/aten.select.int/Gather,Gather,unknown_f32,NOT_RUN,0.0,0.0
10,select_193/aten.select.int/Gather,Gather,unknown_f32,NOT_RUN,0.0,0.0
10,select_194/aten.select.int/Gather,Gather,unknown_f32,NOT_RUN,0.0,0.0
10,select_195/aten.select.int/Gather,Gather,unknown_f32,NOT_RUN,0.0,0.0
10,select_196/aten.select.int/Gather,Gather,unknown_f32,NOT_RUN,0.0,0.0
10,select_197/aten.select.int/Gather,Gather,unknown_f32,NOT_RUN,0.0,0.0
10,select_198/aten.select.int/Gather,Gather,unknown_f32,NOT_RUN,0.0,0.0
10,select_199/aten.select.int/Gather,Gather,unknown_f32,NOT_RUN,0.0,0.0
10,select_200/aten.select.int/Gather,Gather,unknown_f32,NOT_RUN,0.0,0.0
10,select_201/aten.select.int/Gather,Gather,unknown_f32,NOT_RUN,0.0,0.0
10,select_202/aten.select.int/Gather,Gather,unknown_f32,NOT_RUN,0.0,0.0
10,select_203/aten.select.int/Gather,Gather,unknown_f32,NOT_RUN,0.0,0.0
10,select_204/aten.select.int/Gather,Gather,unknown_f32,NOT_RUN,0.0,0.0
10,select_205/aten.select.int/Gather,Gather,unknown_f32,NOT_RUN,0.0,0.0
10,select_206/aten.select.int/Gather,Gather,unknown_f32,NOT_RUN,0.0,0.0
10,select_207/aten.select.int/Gather,Gather,unknown_f32,NOT_RUN,0.0,0.0
10,select_208/aten.select.int/Gather,Gather,unknown_f32,NOT_RUN,0.0,0.0
10,select_209/aten.select.int/Gather,Gather,unknown_f32,NOT_RUN,0.0,0.0
10,select_210/aten.select.int/Gather,Gather,unknown_f32,NOT_RUN,0.0,0.0
10,select_211/aten.select.int/Gather,Gather,unknown_f32,NOT_RUN,0.0,0.0
10,select_212/aten.select.int/Gather,Gather,unknown_f32,NOT_RUN,0.0,0.0
10,select_213/aten.select.int/Gather,Gather,unknown_f32,NOT_RUN,0.0,0.0
10,select_214/aten.select.int/Gather,Gather,unknown_f32,NOT_RUN,0.0,0.0
10,select_215/aten.select.int/Gather,Gather,unknown_f32,NOT_RUN,0.0,0.0
10,select_216/aten.select.int/Gather,Gather,unknown_f32,NOT_RUN,0.0,0.0
10,select_217/aten.select.int/Gather,Gather,unknown_f32,NOT_RUN,0.0,0.0
10,select_218/aten.select.int/Gather,Gather,unknown_f32,NOT_RUN,0.0,0.0
10,select_219/aten.select.int/Gather,Gather,unknown_f32,NOT_RUN,0.0,0.0
10,select_220/aten.select.int/Gather,Gather,unknown_f32,NOT_RUN,0.0,0.0
10,select_221/aten.select.int/Gather,Gather,unknown_f32,NOT_RUN,0.0,0.0
10,select_222/aten.select.int/Gather,Gather,unknown_f32,NOT_RUN,0.0,0.0
10,select_223/aten.select.int/Gather,Gather,unknown_f32,NOT_RUN,0.0,0.0
10,select_224/aten.select.int/Gather,Gather,unknown_f32,NOT_RUN,0.0,0.0
10,select_225/aten.select.int/Gather,Gather,unknown_f32,NOT_RUN,0.0,0.0
10,select_226/aten.select.int/Gather,Gather,unknown_f32,NOT_RUN,0.0,0.0
10,select_227/aten.select.int/Gather,Gather,unknown_f32,NOT_RUN,0.0,0.0
10,select_228/aten.select.int/Gather,Gather,unknown_f32,NOT_RUN,0.0,0.0
10,select_229/aten.select.int/Gather,Gather,unknown_f32,NOT_RUN,0.0,0.0
10,select_230/aten.select.int/Gather,Gather,unknown_f32,NOT_RUN,0.0,0.0
10,select_231/aten.select.int/Gather,Gather,unknown_f32,NOT_RUN,0.0,0.0
10,select_232/aten.select.int/Gather,Gather,unknown_f32,NOT_RUN,0.0,0.0
10,select_233/aten.select.int/Gather,Gather,unknown_f32,NOT_RUN,0.0,0.0
10,select_234/aten.select.int/Gather,Gather,unknown_f32,NOT_RUN,0.0,0.0
10,select_235/aten.select.int/Gather,Gather,unknown_f32,NOT_RUN,0.0,0.0
10,select_236/aten.select.int/Gather,Gather,unknown_f32,NOT_RUN,0.0,0.0
10,select_237/aten.select.int/Gather,Gather,unknown_f32,NOT_RUN,0.0,0.0
10,select_238/aten.select.int/Gather,Gather,unknown_f32,NOT_RUN,0.0,0.0
10,select_239/aten.select.int/Gather,Gather,unknown_f32,NOT_RUN,0.0,0.0
10,select_240/aten.select.int/Gather,Gather,unknown_f32,NOT_RUN,0.0,0.0
10,select_241/aten.select.int/Gather,Gather,unknown_f32,NOT_RUN,0.0,0.0
10,select_242/aten.select.int/Gather,Gather,unknown_f32,NOT_RUN,0.0,0.0
10,select_243/aten.select.int/Gather,Gather,unknown_f32,NOT_RUN,0.0,0.0
10,select_244/aten.select.int/Gather,Gather,unknown_f32,NOT_RUN,0.0,0.0
10,select_245/aten.select.int/Gather,Gather,unknown_f32,NOT_RUN,0.0,0.0
10,select_246/aten.select.int/Gather,Gather,unknown_f32,NOT_RUN,0.0,0.0
10,select_247/aten.select.int/Gather,Gather,unknown_f32,NOT_RUN,0.0,0.0
10,select_248/aten.select.int/Gather,Gather,unknown_f32,NOT_RUN,0.0,0.0
10,select_249/aten.select.int/Gather,Gather,unknown_f32,NOT_RUN,0.0,0.0
10,select_250/aten.select.int/Gather,Gather,unknown_f32,NOT_RUN,0.0,0.0
10,select_251/aten.select.int/Gather,Gather,unknown_f32,NOT_RUN,0.0,0.0
10,select_252/aten.select.int/Gather,Gather,unknown_f32,NOT_RUN,0.0,0.0
10,select_253/aten.select.int/Gather,Gather,unknown_f32,NOT_RUN,0.0,0.0
10,select_254/aten.select.int/Gather,Gather,unknown_f32,NOT_RUN,0.0,0.0
10,select_255/aten.select.int/Gather,Gather,unknown_f32,NOT_RUN,0.0,0.0
10,select_256/aten.select.int/Gather,Gather,unknown_f32,NOT_RUN,0.0,0.0
10,select_257/aten.select.int/Gather,Gather,unknown_f32,NOT_RUN,0.0,0.0
10,select_258/aten.select.int/Gather,Gather,unknown_f32,NOT_RUN,0.0,0.0
10,select_259/aten.select.int/Gather,Gather,unknown_f32,NOT_RUN,0.0,0.0
10,select_260/aten.select.int/Gather,Gather,unknown_f32,NOT_RUN,0.0,0.0
10,select_261/aten.select.int/Gather,Gather,unknown_f32,NOT_RUN,0.0,0.0
10,select_262/aten.select.int/Gather,Gather,unknown_f32,NOT_RUN,0.0,0.0
10,select_263/aten.select.int/Gather,Gather,unknown_f32,NOT_RUN,0.0,0.0
10,select_264/aten.select.int/Gather,Gather,unknown_f32,NOT_RUN,0.0,0.0
10,select_265/aten.select.int/Gather,Gather,unknown_f32,NOT_RUN,0.0,0.0
10,select_266/aten.select.int/Gather,Gather,unknown_f32,NOT_RUN,0.0,0.0
10,select_267/aten.select.int/Gather,Gather,unknown_f32,NOT_RUN,0.0,0.0
10,select_268/aten.select.int/Gather,Gather,unknown_f32,NOT_RUN,0.0,0.0
10,select_269/aten.select.int/Gather,Gather,unknown_f32,NOT_RUN,0.0,0.0
10,select_270/aten.select.int/Gather,Gather,unknown_f32,NOT_RUN,0.0,0.0
10,select_271/aten.select.int/Gather,Gather,unknown_f32,NOT_RUN,0.0,0.0
10,select_272/aten.select.int/Gather,Gather,unknown_f32,NOT_RUN,0.0,0.0
10,select_273/aten.select.int/Gather,Gather,unknown_f32,NOT_RUN,0.0,0.0
10,select_274/aten.select.int/Gather,Gather,unknown_f32,NOT_RUN,0.0,0.0
10,select_275/aten.select.int/Gather,Gather,unknown_f32,NOT_RUN,0.0,0.0
10,select_276/aten.select.int/Gather,Gather,unknown_f32,NOT_RUN,0.0,0.0
10,select_277/aten.select.int/Gather,Gather,unknown_f32,NOT_RUN,0.0,0.0
10,select_278/aten.select.int/Gather,Gather,unknown_f32,NOT_RUN,0.0,0.0
10,select_279/aten.select.int/Gather,Gather,unknown_f32,NOT_RUN,0.0,0.0
10,select_280/aten.select.int/Gather,Gather,unknown_f32,NOT_RUN,0.0,0.0
10,select_281/aten.select.int/Gather,Gather,unknown_f32,NOT_RUN,0.0,0.0
10,select_282/aten.select.int/Gather,Gather,unknown_f32,NOT_RUN,0.0,0.0
10,select_283/aten.select.int/Gather,Gather,unknown_f32,NOT_RUN,0.0,0.0
10,select_284/aten.select.int/Gather,Gather,unknown_f32,NOT_RUN,0.0,0.0
10,select_285/aten.select.int/Gather,Gather,unknown_f32,NOT_RUN,0.0,0.0
10,select_286/aten.select.int/Gather,Gather,unknown_f32,NOT_RUN,0.0,0.0
10,select_287/aten.select.int/Gather,Gather,unknown_f32,NOT_RUN,0.0,0.0
10,select_288/aten.select.int/Gather,Gather,unknown_f32,NOT_RUN,0.0,0.0
10,select_289/aten.select.int/Gather,Gather,unknown_f32,NOT_RUN,0.0,0.0
10,select_290/aten.select.int/Gather,Gather,unknown_f32,NOT_RUN,0.0,0.0
10,select_291/aten.select.int/Gather,Gather,unknown_f32,NOT_RUN,0.0,0.0
10,select_292/aten.select.int/Gather,Gather,unknown_f32,NOT_RUN,0.0,0.0
10,select_293/aten.select.int/Gather,Gather,unknown_f32,NOT_RUN,0.0,0.0
10,select_294/aten.select.int/Gather,Gather,unknown_f32,NOT_RUN,0.0,0.0
10,select_295/aten.select.int/Gather,Gather,unknown_f32,NOT_RUN,0.0,0.0
10,select_296/aten.select.int/Gather,Gather,unknown_f32,NOT_RUN,0.0,0.0
10,select_297/aten.select.int/Gather,Gather,unknown_f32,NOT_RUN,0.0,0.0
10,select_298/aten.select.int/Gather,Gather,unknown_f32,NOT_RUN,0.0,0.0
10,select_299/aten.select.int/Gather,Gather,unknown_f32,NOT_RUN,0.0,0.0
10,select_300/aten.select.int/Gather,Gather,unknown_f32,NOT_RUN,0.0,0.0
10,select_301/aten.select.int/Gather,Gather,unknown_f32,NOT_RUN,0.0,0.0
10,select_302/aten.select.int/Gather,Gather,unknown_f32,NOT_RUN,0.0,0.0
10,select_303/aten.select.int/Gather,Gather,unknown_f32,NOT_RUN,0.0,0.0
10,select_304/aten.select.int/Gather,Gather,unknown_f32,NOT_RUN,0.0,0.0
10,cat_3/aten.cat.default/Concat,Concat,ref_f32,EXECUTED,0.064,0.064
10,view_84/aten.view.default/Reshape,Reshape,unknown_f32,NOT_RUN,0.0,0.0
10,add_50/aten.add.Tensor/Add,Subgraph,jit_avx2_f32,EXECUTED,0.020999999999999998,0.020999999999999998
10,linear_2/aten.linear.default/Add,FullyConnected,brgemm_avx2_f32,EXECUTED,0.303,0.303
10,Multiply_13576,Multiply,undef,NOT_RUN,0.0,0.0
10,view_86/aten.view.default/Reshape,Reshape,unknown_f32,NOT_RUN,0.0,0.0
10,permute_3/aten.permute.default/Transpose,Transpose,unknown_f32,EXECUTED,0.022,0.022
10,linear_3/aten.linear.default/Add,FullyConnected,gemm_mlas_f32,EXECUTED,0.324,0.324
10,view_87/aten.view.default/Reshape,Reshape,unknown_f32,NOT_RUN,0.0,0.0
10,Transpose_12104,Transpose,unknown_f32,EXECUTED,0.051,0.051
10,linear_4/aten.linear.default/Add,FullyConnected,gemm_mlas_f32,EXECUTED,0.324,0.324
10,view_88/aten.view.default/Reshape,Reshape,unknown_f32,NOT_RUN,0.0,0.0
10,permute_5/aten.permute.default/Transpose,Transpose,unknown_f32,EXECUTED,0.014,0.014
10,bmm_1/aten.bmm.default/MatMul,Subgraph,jit_avx2_f32,EXECUTED,0.431,0.431
10,permute_7/aten.permute.default/Transpose,Transpose,unknown_f32,EXECUTED,0.028,0.028
10,view_89/aten.view.default/Reshape,Reshape,unknown_f32,NOT_RUN,0.0,0.0
10,linear_5/aten.linear.default/Add,FullyConnected,gemm_mlas_f32,EXECUTED,0.364,0.364
10,view_90/aten.view.default/Reshape,Reshape,unknown_f32,NOT_RUN,0.0,0.0
10,add_51/aten.add.Tensor/Add,Subgraph,jit_avx2_f32,EXECUTED,0.022,0.022
10,native_layer_norm/aten.native_layer_norm.default/MVN,MVN,jit_avx2_f32,EXECUTED,0.019,0.019
10,native_layer_norm/aten.native_layer_norm.default/Add,Subgraph,jit_avx2_f32,EXECUTED,0.016,0.016
10,linear_6/aten.linear.default/Add,FullyConnected,brgemm_avx2_f32,EXECUTED,1.356,1.356
10,relu_17/aten.relu.default/Relu,Relu,undef,NOT_RUN,0.0,0.0
10,linear_7/aten.linear.default/Add,FullyConnected,gemm_mlas_f32,EXECUTED,1.441,1.441
10,add_52/aten.add.Tensor/Add,Subgraph,jit_avx2_f32,EXECUTED,0.026,0.026
10,native_layer_norm_1/aten.native_layer_norm.default/MVN,MVN,jit_avx2_f32,EXECUTED,0.019,0.019
10,add_53/aten.add.Tensor/Add,Subgraph,jit_avx2_f32,EXECUTED,0.030000000000000002,0.030000000000000002
10,linear_8/aten.linear.default/Add,FullyConnected,brgemm_avx2_f32,EXECUTED,0.283,0.283
10,Multiply_13578,Multiply,undef,NOT_RUN,0.0,0.0
10,view_92/aten.view.default/Reshape,Reshape,unknown_f32,NOT_RUN,0.0,0.0
10,permute_8/aten.permute.default/Transpose,Transpose,unknown_f32,EXECUTED,0.017,0.017
10,linear_9/aten.linear.default/Add,FullyConnected,gemm_mlas_f32,EXECUTED,0.268,0.268
10,view_93/aten.view.default/Reshape,Reshape,unknown_f32,NOT_RUN,0.0,0.0
10,Transpose_12133,Transpose,unknown_f32,EXECUTED,0.04,0.04
10,linear_10/aten.linear.default/Add,FullyConnected,gemm_mlas_f32,EXECUTED,0.26899999999999996,0.26899999999999996
10,view_94/aten.view.default/Reshape,Reshape,unknown_f32,NOT_RUN,0.0,0.0
10,permute_10/aten.permute.default/Transpose,Transpose,unknown_f32,EXECUTED,0.013,0.013
10,bmm_3/aten.bmm.default/MatMul,Subgraph,jit_avx2_f32,EXECUTED,0.373,0.373
10,permute_12/aten.permute.default/Transpose,Transpose,unknown_f32,EXECUTED,0.02,0.02
10,view_95/aten.view.default/Reshape,Reshape,unknown_f32,NOT_RUN,0.0,0.0
10,linear_11/aten.linear.default/Add,FullyConnected,gemm_mlas_f32,EXECUTED,0.297,0.297
10,view_96/aten.view.default/Reshape,Reshape,unknown_f32,NOT_RUN,0.0,0.0
10,add_54/aten.add.Tensor/Add,Subgraph,jit_avx2_f32,EXECUTED,0.016,0.016
10,native_layer_norm_2/aten.native_layer_norm.default/MVN,MVN,jit_avx2_f32,EXECUTED,0.015000000000000001,0.015000000000000001
10,native_layer_norm_2/aten.native_layer_norm.default/Add,Subgraph,jit_avx2_f32,EXECUTED,0.007,0.007
10,linear_12/aten.linear.default/Add,FullyConnected,brgemm_avx2_f32,EXECUTED,1.288,1.288
10,relu_18/aten.relu.default/Relu,Relu,undef,NOT_RUN,0.0,0.0
10,linear_13/aten.linear.default/Add,FullyConnected,gemm_mlas_f32,EXECUTED,1.3940000000000001,1.3940000000000001
10,add_55/aten.add.Tensor/Add,Subgraph,jit_avx2_f32,EXECUTED,0.024,0.024
10,native_layer_norm_3/aten.native_layer_norm.default/MVN,MVN,jit_avx2_f32,EXECUTED,0.018000000000000002,0.018000000000000002
10,add_56/aten.add.Tensor/Add,Subgraph,jit_avx2_f32,EXECUTED,0.026,0.026
10,linear_14/aten.linear.default/Add,FullyConnected,brgemm_avx2_f32,EXECUTED,0.281,0.281
10,Multiply_13580,Multiply,undef,NOT_RUN,0.0,0.0
10,view_98/aten.view.default/Reshape,Reshape,unknown_f32,NOT_RUN,0.0,0.0
10,permute_13/aten.permute.default/Transpose,Transpose,unknown_f32,EXECUTED,0.017,0.017
10,linear_15/aten.linear.default/Add,FullyConnected,gemm_mlas_f32,EXECUTED,0.314,0.314
10,view_99/aten.view.default/Reshape,Reshape,unknown_f32,NOT_RUN,0.0,0.0
10,Transpose_12162,Transpose,unknown_f32,EXECUTED,0.049,0.049
10,linear_16/aten.linear.default/Add,FullyConnected,gemm_mlas_f32,EXECUTED,0.275,0.275
10,view_100/aten.view.default/Reshape,Reshape,unknown_f32,NOT_RUN,0.0,0.0
10,permute_15/aten.permute.default/Transpose,Transpose,unknown_f32,EXECUTED,0.012,0.012
10,bmm_5/aten.bmm.default/MatMul,Subgraph,jit_avx2_f32,EXECUTED,0.43600000000000005,0.43600000000000005
10,permute_17/aten.permute.default/Transpose,Transpose,unknown_f32,EXECUTED,0.025,0.025
10,view_101/aten.view.default/Reshape,Reshape,unknown_f32,NOT_RUN,0.0,0.0
10,linear_17/aten.linear.default/Add,FullyConnected,gemm_mlas_f32,EXECUTED,0.32,0.32
10,view_102/aten.view.default/Reshape,Reshape,unknown_f32,NOT_RUN,0.0,0.0
10,add_57/aten.add.Tensor/Add,Subgraph,jit_avx2_f32,EXECUTED,0.019,0.019
10,native_layer_norm_4/aten.native_layer_norm.default/MVN,MVN,jit_avx2_f32,EXECUTED,0.013,0.013
10,native_layer_norm_4/aten.native_layer_norm.default/Add,Subgraph,jit_avx2_f32,EXECUTED,0.012,0.012
10,linear_18/aten.linear.default/Add,FullyConnected,brgemm_avx2_f32,EXECUTED,1.3359999999999999,1.3359999999999999
10,relu_19/aten.relu.default/Relu,Relu,undef,NOT_RUN,0.0,0.0
10,linear_19/aten.linear.default/Add,FullyConnected,gemm_mlas_f32,EXECUTED,1.4009999999999998,1.4009999999999998
10,add_58/aten.add.Tensor/Add,Subgraph,jit_avx2_f32,EXECUTED,0.023,0.023
10,native_layer_norm_5/aten.native_layer_norm.default/MVN,MVN,jit_avx2_f32,EXECUTED,0.020999999999999998,0.020999999999999998
10,add_59/aten.add.Tensor/Add,Subgraph,jit_avx2_f32,EXECUTED,0.029,0.029
10,linear_20/aten.linear.default/Add,FullyConnected,brgemm_avx2_f32,EXECUTED,0.26899999999999996,0.26899999999999996
10,Multiply_13582,Multiply,undef,NOT_RUN,0.0,0.0
10,view_104/aten.view.default/Reshape,Reshape,unknown_f32,NOT_RUN,0.0,0.0
10,permute_18/aten.permute.default/Transpose,Transpose,unknown_f32,EXECUTED,0.014,0.014
10,linear_21/aten.linear.default/Add,FullyConnected,gemm_mlas_f32,EXECUTED,0.264,0.264
10,view_105/aten.view.default/Reshape,Reshape,unknown_f32,NOT_RUN,0.0,0.0
10,Transpose_12191,Transpose,unknown_f32,EXECUTED,0.034999999999999996,0.034999999999999996
10,linear_22/aten.linear.default/Add,FullyConnected,gemm_mlas_f32,EXECUTED,0.24600000000000002,0.24600000000000002
10,view_106/aten.view.default/Reshape,Reshape,unknown_f32,NOT_RUN,0.0,0.0
10,permute_20/aten.permute.default/Transpose,Transpose,unknown_f32,EXECUTED,0.01,0.01
10,bmm_7/aten.bmm.default/MatMul,Subgraph,jit_avx2_f32,EXECUTED,0.375,0.375
10,permute_22/aten.permute.default/Transpose,Transpose,unknown_f32,EXECUTED,0.019,0.019
10,view_107/aten.view.default/Reshape,Reshape,unknown_f32,NOT_RUN,0.0,0.0
10,linear_23/aten.linear.default/Add,FullyConnected,gemm_mlas_f32,EXECUTED,0.305,0.305
10,view_108/aten.view.default/Reshape,Reshape,unknown_f32,NOT_RUN,0.0,0.0
10,add_60/aten.add.Tensor/Add,Subgraph,jit_avx2_f32,EXECUTED,0.016,0.016
10,native_layer_norm_6/aten.native_layer_norm.default/MVN,MVN,jit_avx2_f32,EXECUTED,0.016,0.016
10,native_layer_norm_6/aten.native_layer_norm.default/Add,Subgraph,jit_avx2_f32,EXECUTED,0.007,0.007
10,linear_24/aten.linear.default/Add,FullyConnected,brgemm_avx2_f32,EXECUTED,1.332,1.332
10,relu_20/aten.relu.default/Relu,Relu,undef,NOT_RUN,0.0,0.0
10,linear_25/aten.linear.default/Add,FullyConnected,gemm_mlas_f32,EXECUTED,1.4120000000000001,1.4120000000000001
10,add_61/aten.add.Tensor/Add,Subgraph,jit_avx2_f32,EXECUTED,0.023,0.023
10,native_layer_norm_7/aten.native_layer_norm.default/MVN,MVN,jit_avx2_f32,EXECUTED,0.018000000000000002,0.018000000000000002
10,add_65/aten.add.Tensor/Add,Subgraph,jit_avx2_f32,EXECUTED,0.024,0.024
10,linear_31/aten.linear.default/Add,FullyConnected,gemm_mlas_f32,EXECUTED,0.29500000000000004,0.29500000000000004
10,view_117/aten.view.default/Reshape,Reshape,unknown_f32,NOT_RUN,0.0,0.0
10,Transpose_12220,Transpose,unknown_f32,EXECUTED,0.049,0.049
10,linear_32/aten.linear.default/Add,FullyConnected,gemm_mlas_f32,EXECUTED,0.297,0.297
10,view_118/aten.view.default/Reshape,Reshape,unknown_f32,NOT_RUN,0.0,0.0
10,permute_30/aten.permute.default/Transpose,Transpose,unknown_f32,EXECUTED,0.011,0.011
10,bmm_11/aten.bmm.default/MatMul,Subgraph,jit_avx2_f32,EXECUTED,0.22,0.22
10,permute_32/aten.permute.default/Transpose,Transpose,unknown_f32,EXECUTED,0.008,0.008
10,view_119/aten.view.default/Reshape,Reshape,unknown_f32,NOT_RUN,0.0,0.0
10,linear_33/aten.linear.default/Add,FullyConnected,gemm_mlas_f32,EXECUTED,0.13999999999999999,0.13999999999999999
10,view_120/aten.view.default/Reshape,Reshape,unknown_f32,NOT_RUN,0.0,0.0
10,add_66/aten.add.Tensor/Add,Subgraph,jit_avx2_f32,EXECUTED,0.012,0.012
10,native_layer_norm_9/aten.native_layer_norm.default/MVN,MVN,jit_avx2_f32,EXECUTED,0.006,0.006
10,native_layer_norm_9/aten.native_layer_norm.default/Add,Subgraph,jit_avx2_f32,EXECUTED,0.005,0.005
10,linear_34/aten.linear.default/Add,FullyConnected,brgemm_avx2_f32,EXECUTED,0.509,0.509
10,relu_21/aten.relu.default/Relu,Relu,undef,NOT_RUN,0.0,0.0
10,linear_35/aten.linear.default/Add,FullyConnected,gemm_mlas_f32,EXECUTED,0.58,0.58
10,add_67/aten.add.Tensor/Add,Subgraph,jit_avx2_f32,EXECUTED,0.014,0.014
10,native_layer_norm_10/aten.native_layer_norm.default/MVN,MVN,jit_avx2_f32,EXECUTED,0.009000000000000001,0.009000000000000001
10,native_layer_norm_10/aten.native_layer_norm.default/Add,Subgraph,jit_avx2_f32,EXECUTED,0.003,0.003
10,native_layer_norm_11/aten.native_layer_norm.default/MVN,MVN,jit_avx2_f32,EXECUTED,0.006,0.006
10,native_layer_norm_11/aten.native_layer_norm.default/Add,Subgraph,jit_avx2_f32,EXECUTED,0.003,0.003
10,permute_33/aten.permute.default/Transpose,Reshape,unknown_f32,NOT_RUN,0.0,0.0
10,linear_36/aten.linear.default/Add,FullyConnected,gemm_mlas_f32,EXECUTED,0.012,0.012
10,Result_6085,Result,unknown_f32,NOT_RUN,0.0,0.0
11,state,Parameter,unknown_f32,NOT_RUN,0.0,0.0
11,linear_1/aten.linear.default/Add,FullyConnected,gemm_mlas_f32,EXECUTED,0.049,0.049
11,wrist_image,Parameter,unknown_f32,NOT_RUN,0.0,0.0
11,wrist_image_abcd_acdb_mul_2/aten.mul.Tensor/Multiply,Reorder,jit_uni_f32,EXECUTED,0.241,0.241
11,mul_2/aten.mul.Tensor/Multiply,Convolution,brgconv_avx2_f32,EXECUTED,2.008,2.008
11,relu/aten.relu.default/Relu,Relu,undef,NOT_RUN,0.0,0.0
11,max_pool2d_with_indices/aten.max_pool2d_with_indices.default/MaxPool,MaxPool,jit_avx2_f32,EXECUTED,0.339,0.339
11,mul_5/aten.mul.Tensor/Multiply,Convolution,brgconv_avx2_f32,EXECUTED,1.9020000000000001,1.9020000000000001
11,relu_1/aten.relu.default/Relu,Relu,undef,NOT_RUN,0.0,0.0
11,mul_8/aten.mul.Tensor/Multiply,Convolution,brgconv_avx2_f32,EXECUTED,1.873,1.873
11,add_6/aten.add.Tensor/Add,Add,undef,NOT_RUN,0.0,0.0
11,relu_2/aten.relu.default/Relu,Relu,undef,NOT_RUN,0.0,0.0
11,mul_11/aten.mul.Tensor/Multiply,Convolution,brgconv_avx2_f32,EXECUTED,1.964,1.964
11,relu_3/aten.relu.default/Relu,Relu,undef,NOT_RUN,0.0,0.0
11,mul_14/aten.mul.Tensor/Multiply,Convolution,brgconv_avx2_f32,EXECUTED,1.9449999999999998,1.9449999999999998
11,add_11/aten.add.Tensor/Add,Add,undef,NOT_RUN,0.0,0.0
11,relu_4/aten.relu.default/Relu,Relu,undef,NOT_RUN,0.0,0.0
11,mul_17/aten.mul.Tensor/Multiply,Convolution,brgconv_avx2_f32,EXECUTED,1.055,1.055
11,relu_5/aten.relu.default/Relu,Relu,undef,NOT_RUN,0.0,0.0
11,mul_23/aten.mul.Tensor/Multiply,Convolution,brgconv_avx2_1x1_f32,EXECUTED,0.214,0.214
11,mul_20/aten.mul.Tensor/Multiply,Convolution,brgconv_avx2_f32,EXECUTED,1.823,1.823
11,add_18/aten.add.Tensor/Add,Add,undef,NOT_RUN,0.0,0.0
11,relu_6/aten.relu.default/Relu,Relu,undef,NOT_RUN,0.0,0.0
11,mul_26/aten.mul.Tensor/Multiply,Convolution,brgconv_avx2_f32,EXECUTED,1.823,1.823
11,relu_7/aten.relu.default/Relu,Relu,undef,NOT_RUN,0.0,0.0
11,mul_29/aten.mul.Tensor/Multiply,Convolution,brgconv_avx2_f32,EXECUTED,1.867,1.867
11,add_23/aten.add.Tensor/Add,Add,undef,NOT_RUN,0.0,0.0
11,relu_8/aten.relu.default/Relu,Relu,undef,NOT_RUN,0.0,0.0
11,mul_32/aten.mul.Tensor/Multiply,Convolution,brgconv_avx2_f32,EXECUTED,1.0250000000000001,1.0250000000000001
11,relu_9/aten.relu.default/Relu,Relu,undef,NOT_RUN,0.0,0.0
11,mul_38/aten.mul.Tensor/Multiply,Convolution,brgconv_avx2_1x1_f32,EXECUTED,0.221,0.221
11,mul_35/aten.mul.Tensor/Multiply,Convolution,brgconv_avx2_f32,EXECUTED,1.8,1.8
11,add_30/aten.add.Tensor/Add,Add,undef,NOT_RUN,0.0,0.0
11,relu_10/aten.relu.default/Relu,Relu,undef,NOT_RUN,0.0,0.0
11,mul_41/aten.mul.Tensor/Multiply,Convolution,brgconv_avx2_f32,EXECUTED,1.859,1.859
11,relu_11/aten.relu.default/Relu,Relu,undef,NOT_RUN,0.0,0.0
11,mul_44/aten.mul.Tensor/Multiply,Convolution,brgconv_avx2_f32,EXECUTED,1.905,1.905
11,add_35/aten.add.Tensor/Add,Add,undef,NOT_RUN,0.0,0.0
11,relu_12/aten.relu.default/Relu,Relu,undef,NOT_RUN,0.0,0.0
11,mul_47/aten.mul.Tensor/Multiply,Convolution,brgconv_avx2_f32,EXECUTED,1.0959999999999999,1.0959999999999999
11,relu_13/aten.relu.default/Relu,Relu,undef,NOT_RUN,0.0,0.0
11,mul_53/aten.mul.Tensor/Multiply,Convolution,brgconv_avx2_1x1_f32,EXECUTED,0.273,0.273
11,mul_50/aten.mul.Tensor/Multiply,Convolution,brgconv_avx2_f32,EXECUTED,1.7979999999999998,1.7979999999999998
11,add_42/aten.add.Tensor/Add,Add,undef,NOT_RUN,0.0,0.0
11,relu_14/aten.relu.default/Relu,Relu,undef,NOT_RUN,0.0,0.0
11,mul_56/aten.mul.Tensor/Multiply,Convolution,brgconv_avx2_f32,EXECUTED,1.848,1.848
11,relu_15/aten.relu.default/Relu,Relu,undef,NOT_RUN,0.0,0.0
11,mul_59/aten.mul.Tensor/Multiply,Convolution,brgconv_avx2_f32,EXECUTED,1.8339999999999999,1.8339999999999999
11,add_47/aten.add.Tensor/Add,Add,undef,NOT_RUN,0.0,0.0
11,relu_16/aten.relu.default/Relu,Relu,undef,NOT_RUN,0.0,0.0
11,convolution_20/aten.convolution.default/Convolution,Convolution,brgconv_avx2_1x1_f32,EXECUTED,0.38499999999999995,0.38499999999999995
11,permute_1/aten.permute.default/Transpose,Transpose,unknown_f32,EXECUTED,0.038,0.038
11,permute_1/aten.permute.default/Transpose_acdb_abcd_view_82/aten.view.default/Reshape,Reorder,reorder_f32,EXECUTED,0.026,0.026
11,view_82/aten.view.default/Reshape,Reshape,unknown_f32,NOT_RUN,0.0,0.0
11,select_5/aten.select.int/Gather,Gather,unknown_f32,NOT_RUN,0.0,0.0
11,select_6/aten.select.int/Gather,Gather,unknown_f32,NOT_RUN,0.0,0.0
11,select_7/aten.select.int/Gather,Gather,unknown_f32,NOT_RUN,0.0,0.0
11,select_8/aten.select.int/Gather,Gather,unknown_f32,NOT_RUN,0.0,0.0
11,select_9/aten.select.int/Gather,Gather,unknown_f32,NOT_RUN,0.0,0.0
11,select_10/aten.select.int/Gather,Gather,unknown_f32,NOT_RUN,0.0,0.0
11,select_11/aten.select.int/Gather,Gather,unknown_f32,NOT_RUN,0.0,0.0
11,select_12/aten.select.int/Gather,Gather,unknown_f32,NOT_RUN,0.0,0.0
11,select_13/aten.select.int/Gather,Gather,unknown_f32,NOT_RUN,0.0,0.0
11,select_14/aten.select.int/Gather,Gather,unknown_f32,NOT_RUN,0.0,0.0
11,select_15/aten.select.int/Gather,Gather,unknown_f32,NOT_RUN,0.0,0.0
11,select_16/aten.select.int/Gather,Gather,unknown_f32,NOT_RUN,0.0,0.0
11,select_17/aten.select.int/Gather,Gather,unknown_f32,NOT_RUN,0.0,0.0
11,select_18/aten.select.int/Gather,Gather,unknown_f32,NOT_RUN,0.0,0.0
11,select_19/aten.select.int/Gather,Gather,unknown_f32,NOT_RUN,0.0,0.0
11,select_20/aten.select.int/Gather,Gather,unknown_f32,NOT_RUN,0.0,0.0
11,select_21/aten.select.int/Gather,Gather,unknown_f32,NOT_RUN,0.0,0.0
11,select_22/aten.select.int/Gather,Gather,unknown_f32,NOT_RUN,0.0,0.0
11,select_23/aten.select.int/Gather,Gather,unknown_f32,NOT_RUN,0.0,0.0
11,select_24/aten.select.int/Gather,Gather,unknown_f32,NOT_RUN,0.0,0.0
11,select_25/aten.select.int/Gather,Gather,unknown_f32,NOT_RUN,0.0,0.0
11,select_26/aten.select.int/Gather,Gather,unknown_f32,NOT_RUN,0.0,0.0
11,select_27/aten.select.int/Gather,Gather,unknown_f32,NOT_RUN,0.0,0.0
11,select_28/aten.select.int/Gather,Gather,unknown_f32,NOT_RUN,0.0,0.0
11,select_29/aten.select.int/Gather,Gather,unknown_f32,NOT_RUN,0.0,0.0
11,select_30/aten.select.int/Gather,Gather,unknown_f32,NOT_RUN,0.0,0.0
11,select_31/aten.select.int/Gather,Gather,unknown_f32,NOT_RUN,0.0,0.0
11,select_32/aten.select.int/Gather,Gather,unknown_f32,NOT_RUN,0.0,0.0
11,select_33/aten.select.int/Gather,Gather,unknown_f32,NOT_RUN,0.0,0.0
11,select_34/aten.select.int/Gather,Gather,unknown_f32,NOT_RUN,0.0,0.0
11,select_35/aten.select.int/Gather,Gather,unknown_f32,NOT_RUN,0.0,0.0
11,select_36/aten.select.int/Gather,Gather,unknown_f32,NOT_RUN,0.0,0.0
11,select_37/aten.select.int/Gather,Gather,unknown_f32,NOT_RUN,0.0,0.0
11,select_38/aten.select.int/Gather,Gather,unknown_f32,NOT_RUN,0.0,0.0
11,select_39/aten.select.int/Gather,Gather,unknown_f32,NOT_RUN,0.0,0.0
11,select_40/aten.select.int/Gather,Gather,unknown_f32,NOT_RUN,0.0,0.0
11,select_41/aten.select.int/Gather,Gather,unknown_f32,NOT_RUN,0.0,0.0
11,select_42/aten.select.int/Gather,Gather,unknown_f32,NOT_RUN,0.0,0.0
11,select_43/aten.select.int/Gather,Gather,unknown_f32,NOT_RUN,0.0,0.0
11,select_44/aten.select.int/Gather,Gather,unknown_f32,NOT_RUN,0.0,0.0
11,select_45/aten.select.int/Gather,Gather,unknown_f32,NOT_RUN,0.0,0.0
11,select_46/aten.select.int/Gather,Gather,unknown_f32,NOT_RUN,0.0,0.0
11,select_47/aten.select.int/Gather,Gather,unknown_f32,NOT_RUN,0.0,0.0
11,select_48/aten.select.int/Gather,Gather,unknown_f32,NOT_RUN,0.0,0.0
11,select_49/aten.select.int/Gather,Gather,unknown_f32,NOT_RUN,0.0,0.0
11,select_50/aten.select.int/Gather,Gather,unknown_f32,NOT_RUN,0.0,0.0
11,select_51/aten.select.int/Gather,Gather,unknown_f32,NOT_RUN,0.0,0.0
11,select_52/aten.select.int/Gather,Gather,unknown_f32,NOT_RUN,0.0,0.0
11,select_53/aten.select.int/Gather,Gather,unknown_f32,NOT_RUN,0.0,0.0
11,select_54/aten.select.int/Gather,Gather,unknown_f32,NOT_RUN,0.0,0.0
11,select_55/aten.select.int/Gather,Gather,unknown_f32,NOT_RUN,0.0,0.0
11,select_56/aten.select.int/Gather,Gather,unknown_f32,NOT_RUN,0.0,0.0
11,select_57/aten.select.int/Gather,Gather,unknown_f32,NOT_RUN,0.0,0.0
11,select_58/aten.select.int/Gather,Gather,unknown_f32,NOT_RUN,0.0,0.0
11,select_59/aten.select.int/Gather,Gather,unknown_f32,NOT_RUN,0.0,0.0
11,select_60/aten.select.int/Gather,Gather,unknown_f32,NOT_RUN,0.0,0.0
11,select_61/aten.select.int/Gather,Gather,unknown_f32,NOT_RUN,0.0,0.0
11,select_62/aten.select.int/Gather,Gather,unknown_f32,NOT_RUN,0.0,0.0
11,select_63/aten.select.int/Gather,Gather,unknown_f32,NOT_RUN,0.0,0.0
11,select_64/aten.select.int/Gather,Gather,unknown_f32,NOT_RUN,0.0,0.0
11,select_65/aten.select.int/Gather,Gather,unknown_f32,NOT_RUN,0.0,0.0
11,select_66/aten.select.int/Gather,Gather,unknown_f32,NOT_RUN,0.0,0.0
11,select_67/aten.select.int/Gather,Gather,unknown_f32,NOT_RUN,0.0,0.0
11,select_68/aten.select.int/Gather,Gather,unknown_f32,NOT_RUN,0.0,0.0
11,select_69/aten.select.int/Gather,Gather,unknown_f32,NOT_RUN,0.0,0.0
11,select_70/aten.select.int/Gather,Gather,unknown_f32,NOT_RUN,0.0,0.0
11,select_71/aten.select.int/Gather,Gather,unknown_f32,NOT_RUN,0.0,0.0
11,select_72/aten.select.int/Gather,Gather,unknown_f32,NOT_RUN,0.0,0.0
11,select_73/aten.select.int/Gather,Gather,unknown_f32,NOT_RUN,0.0,0.0
11,select_74/aten.select.int/Gather,Gather,unknown_f32,NOT_RUN,0.0,0.0
11,select_75/aten.select.int/Gather,Gather,unknown_f32,NOT_RUN,0.0,0.0
11,select_76/aten.select.int/Gather,Gather,unknown_f32,NOT_RUN,0.0,0.0
11,select_77/aten.select.int/Gather,Gather,unknown_f32,NOT_RUN,0.0,0.0
11,select_78/aten.select.int/Gather,Gather,unknown_f32,NOT_RUN,0.0,0.0
11,select_79/aten.select.int/Gather,Gather,unknown_f32,NOT_RUN,0.0,0.0
11,select_80/aten.select.int/Gather,Gather,unknown_f32,NOT_RUN,0.0,0.0
11,select_81/aten.select.int/Gather,Gather,unknown_f32,NOT_RUN,0.0,0.0
11,select_82/aten.select.int/Gather,Gather,unknown_f32,NOT_RUN,0.0,0.0
11,select_83/aten.select.int/Gather,Gather,unknown_f32,NOT_RUN,0.0,0.0
11,select_84/aten.select.int/Gather,Gather,unknown_f32,NOT_RUN,0.0,0.0
11,select_85/aten.select.int/Gather,Gather,unknown_f32,NOT_RUN,0.0,0.0
11,select_86/aten.select.int/Gather,Gather,unknown_f32,NOT_RUN,0.0,0.0
11,select_87/aten.select.int/Gather,Gather,unknown_f32,NOT_RUN,0.0,0.0
11,select_88/aten.select.int/Gather,Gather,unknown_f32,NOT_RUN,0.0,0.0
11,select_89/aten.select.int/Gather,Gather,unknown_f32,NOT_RUN,0.0,0.0
11,select_90/aten.select.int/Gather,Gather,unknown_f32,NOT_RUN,0.0,0.0
11,select_91/aten.select.int/Gather,Gather,unknown_f32,NOT_RUN,0.0,0.0
11,select_92/aten.select.int/Gather,Gather,unknown_f32,NOT_RUN,0.0,0.0
11,select_93/aten.select.int/Gather,Gather,unknown_f32,NOT_RUN,0.0,0.0
11,select_94/aten.select.int/Gather,Gather,unknown_f32,NOT_RUN,0.0,0.0
11,select_95/aten.select.int/Gather,Gather,unknown_f32,NOT_RUN,0.0,0.0
11,select_96/aten.select.int/Gather,Gather,unknown_f32,NOT_RUN,0.0,0.0
11,select_97/aten.select.int/Gather,Gather,unknown_f32,NOT_RUN,0.0,0.0
11,select_98/aten.select.int/Gather,Gather,unknown_f32,NOT_RUN,0.0,0.0
11,select_99/aten.select.int/Gather,Gather,unknown_f32,NOT_RUN,0.0,0.0
11,select_100/aten.select.int/Gather,Gather,unknown_f32,NOT_RUN,0.0,0.0
11,select_101/aten.select.int/Gather,Gather,unknown_f32,NOT_RUN,0.0,0.0
11,select_102/aten.select.int/Gather,Gather,unknown_f32,NOT_RUN,0.0,0.0
11,select_103/aten.select.int/Gather,Gather,unknown_f32,NOT_RUN,0.0,0.0
11,select_104/aten.select.int/Gather,Gather,unknown_f32,NOT_RUN,0.0,0.0
11,select_105/aten.select.int/Gather,Gather,unknown_f32,NOT_RUN,0.0,0.0
11,select_106/aten.select.int/Gather,Gather,unknown_f32,NOT_RUN,0.0,0.0
11,select_107/aten.select.int/Gather,Gather,unknown_f32,NOT_RUN,0.0,0.0
11,select_108/aten.select.int/Gather,Gather,unknown_f32,NOT_RUN,0.0,0.0
11,select_109/aten.select.int/Gather,Gather,unknown_f32,NOT_RUN,0.0,0.0
11,select_110/aten.select.int/Gather,Gather,unknown_f32,NOT_RUN,0.0,0.0
11,select_111/aten.select.int/Gather,Gather,unknown_f32,NOT_RUN,0.0,0.0
11,select_112/aten.select.int/Gather,Gather,unknown_f32,NOT_RUN,0.0,0.0
11,select_113/aten.select.int/Gather,Gather,unknown_f32,NOT_RUN,0.0,0.0
11,select_114/aten.select.int/Gather,Gather,unknown_f32,NOT_RUN,0.0,0.0
11,select_115/aten.select.int/Gather,Gather,unknown_f32,NOT_RUN,0.0,0.0
11,select_116/aten.select.int/Gather,Gather,unknown_f32,NOT_RUN,0.0,0.0
11,select_117/aten.select.int/Gather,Gather,unknown_f32,NOT_RUN,0.0,0.0
11,select_118/aten.select.int/Gather,Gather,unknown_f32,NOT_RUN,0.0,0.0
11,select_119/aten.select.int/Gather,Gather,unknown_f32,NOT_RUN,0.0,0.0
11,select_120/aten.select.int/Gather,Gather,unknown_f32,NOT_RUN,0.0,0.0
11,select_121/aten.select.int/Gather,Gather,unknown_f32,NOT_RUN,0.0,0.0
11,select_122/aten.select.int/Gather,Gather,unknown_f32,NOT_RUN,0.0,0.0
11,select_123/aten.select.int/Gather,Gather,unknown_f32,NOT_RUN,0.0,0.0
11,select_124/aten.select.int/Gather,Gather,unknown_f32,NOT_RUN,0.0,0.0
11,select_125/aten.select.int/Gather,Gather,unknown_f32,NOT_RUN,0.0,0.0
11,select_126/aten.select.int/Gather,Gather,unknown_f32,NOT_RUN,0.0,0.0
11,select_127/aten.select.int/Gather,Gather,unknown_f32,NOT_RUN,0.0,0.0
11,select_128/aten.select.int/Gather,Gather,unknown_f32,NOT_RUN,0.0,0.0
11,select_129/aten.select.int/Gather,Gather,unknown_f32,NOT_RUN,0.0,0.0
11,select_130/aten.select.int/Gather,Gather,unknown_f32,NOT_RUN,0.0,0.0
11,select_131/aten.select.int/Gather,Gather,unknown_f32,NOT_RUN,0.0,0.0
11,select_132/aten.select.int/Gather,Gather,unknown_f32,NOT_RUN,0.0,0.0
11,select_133/aten.select.int/Gather,Gather,unknown_f32,NOT_RUN,0.0,0.0
11,select_134/aten.select.int/Gather,Gather,unknown_f32,NOT_RUN,0.0,0.0
11,select_135/aten.select.int/Gather,Gather,unknown_f32,NOT_RUN,0.0,0.0
11,select_136/aten.select.int/Gather,Gather,unknown_f32,NOT_RUN,0.0,0.0
11,select_137/aten.select.int/Gather,Gather,unknown_f32,NOT_RUN,0.0,0.0
11,select_138/aten.select.int/Gather,Gather,unknown_f32,NOT_RUN,0.0,0.0
11,select_139/aten.select.int/Gather,Gather,unknown_f32,NOT_RUN,0.0,0.0
11,select_140/aten.select.int/Gather,Gather,unknown_f32,NOT_RUN,0.0,0.0
11,select_141/aten.select.int/Gather,Gather,unknown_f32,NOT_RUN,0.0,0.0
11,select_142/aten.select.int/Gather,Gather,unknown_f32,NOT_RUN,0.0,0.0
11,select_143/aten.select.int/Gather,Gather,unknown_f32,NOT_RUN,0.0,0.0
11,select_144/aten.select.int/Gather,Gather,unknown_f32,NOT_RUN,0.0,0.0
11,select_145/aten.select.int/Gather,Gather,unknown_f32,NOT_RUN,0.0,0.0
11,select_146/aten.select.int/Gather,Gather,unknown_f32,NOT_RUN,0.0,0.0
11,select_147/aten.select.int/Gather,Gather,unknown_f32,NOT_RUN,0.0,0.0
11,select_148/aten.select.int/Gather,Gather,unknown_f32,NOT_RUN,0.0,0.0
11,select_149/aten.select.int/Gather,Gather,unknown_f32,NOT_RUN,0.0,0.0
11,select_150/aten.select.int/Gather,Gather,unknown_f32,NOT_RUN,0.0,0.0
11,select_151/aten.select.int/Gather,Gather,unknown_f32,NOT_RUN,0.0,0.0
11,select_152/aten.select.int/Gather,Gather,unknown_f32,NOT_RUN,0.0,0.0
11,select_153/aten.select.int/Gather,Gather,unknown_f32,NOT_RUN,0.0,0.0
11,select_154/aten.select.int/Gather,Gather,unknown_f32,NOT_RUN,0.0,0.0
11,select_155/aten.select.int/Gather,Gather,unknown_f32,NOT_RUN,0.0,0.0
11,select_156/aten.select.int/Gather,Gather,unknown_f32,NOT_RUN,0.0,0.0
11,select_157/aten.select.int/Gather,Gather,unknown_f32,NOT_RUN,0.0,0.0
11,select_158/aten.select.int/Gather,Gather,unknown_f32,NOT_RUN,0.0,0.0
11,select_159/aten.select.int/Gather,Gather,unknown_f32,NOT_RUN,0.0,0.0
11,select_160/aten.select.int/Gather,Gather,unknown_f32,NOT_RUN,0.0,0.0
11,select_161/aten.select.int/Gather,Gather,unknown_f32,NOT_RUN,0.0,0.0
11,select_162/aten.select.int/Gather,Gather,unknown_f32,NOT_RUN,0.0,0.0
11,select_163/aten.select.int/Gather,Gather,unknown_f32,NOT_RUN,0.0,0.0
11,select_164/aten.select.int/Gather,Gather,unknown_f32,NOT_RUN,0.0,0.0
11,select_165/aten.select.int/Gather,Gather,unknown_f32,NOT_RUN,0.0,0.0
11,select_166/aten.select.int/Gather,Gather,unknown_f32,NOT_RUN,0.0,0.0
11,select_167/aten.select.int/Gather,Gather,unknown_f32,NOT_RUN,0.0,0.0
11,select_168/aten.select.int/Gather,Gather,unknown_f32,NOT_RUN,0.0,0.0
11,select_169/aten.select.int/Gather,Gather,unknown_f32,NOT_RUN,0.0,0.0
11,select_170/aten.select.int/Gather,Gather,unknown_f32,NOT_RUN,0.0,0.0
11,select_171/aten.select.int/Gather,Gather,unknown_f32,NOT_RUN,0.0,0.0
11,select_172/aten.select.int/Gather,Gather,unknown_f32,NOT_RUN,0.0,0.0
11,select_173/aten.select.int/Gather,Gather,unknown_f32,NOT_RUN,0.0,0.0
11,select_174/aten.select.int/Gather,Gather,unknown_f32,NOT_RUN,0.0,0.0
11,select_175/aten.select.int/Gather,Gather,unknown_f32,NOT_RUN,0.0,0.0
11,select_176/aten.select.int/Gather,Gather,unknown_f32,NOT_RUN,0.0,0.0
11,select_177/aten.select.int/Gather,Gather,unknown_f32,NOT_RUN,0.0,0.0
11,select_178/aten.select.int/Gather,Gather,unknown_f32,NOT_RUN,0.0,0.0
11,select_179/aten.select.int/Gather,Gather,unknown_f32,NOT_RUN,0.0,0.0
11,select_180/aten.select.int/Gather,Gather,unknown_f32,NOT_RUN,0.0,0.0
11,select_181/aten.select.int/Gather,Gather,unknown_f32,NOT_RUN,0.0,0.0
11,select_182/aten.select.int/Gather,Gather,unknown_f32,NOT_RUN,0.0,0.0
11,select_183/aten.select.int/Gather,Gather,unknown_f32,NOT_RUN,0.0,0.0
11,select_184/aten.select.int/Gather,Gather,unknown_f32,NOT_RUN,0.0,0.0
11,select_185/aten.select.int/Gather,Gather,unknown_f32,NOT_RUN,0.0,0.0
11,select_186/aten.select.int/Gather,Gather,unknown_f32,NOT_RUN,0.0,0.0
11,select_187/aten.select.int/Gather,Gather,unknown_f32,NOT_RUN,0.0,0.0
11,select_188/aten.select.int/Gather,Gather,unknown_f32,NOT_RUN,0.0,0.0
11,select_189/aten.select.int/Gather,Gather,unknown_f32,NOT_RUN,0.0,0.0
11,select_190/aten.select.int/Gather,Gather,unknown_f32,NOT_RUN,0.0,0.0
11,select_191/aten.select.int/Gather,Gather,unknown_f32,NOT_RUN,0.0,0.0
11,select_192/aten.select.int/Gather,Gather,unknown_f32,NOT_RUN,0.0,0.0
11,select_193/aten.select.int/Gather,Gather,unknown_f32,NOT_RUN,0.0,0.0
11,select_194/aten.select.int/Gather,Gather,unknown_f32,NOT_RUN,0.0,0.0
11,select_195/aten.select.int/Gather,Gather,unknown_f32,NOT_RUN,0.0,0.0
11,select_196/aten.select.int/Gather,Gather,unknown_f32,NOT_RUN,0.0,0.0
11,select_197/aten.select.int/Gather,Gather,unknown_f32,NOT_RUN,0.0,0.0
11,select_198/aten.select.int/Gather,Gather,unknown_f32,NOT_RUN,0.0,0.0
11,select_199/aten.select.int/Gather,Gather,unknown_f32,NOT_RUN,0.0,0.0
11,select_200/aten.select.int/Gather,Gather,unknown_f32,NOT_RUN,0.0,0.0
11,select_201/aten.select.int/Gather,Gather,unknown_f32,NOT_RUN,0.0,0.0
11,select_202/aten.select.int/Gather,Gather,unknown_f32,NOT_RUN,0.0,0.0
11,select_203/aten.select.int/Gather,Gather,unknown_f32,NOT_RUN,0.0,0.0
11,select_204/aten.select.int/Gather,Gather,unknown_f32,NOT_RUN,0.0,0.0
11,select_205/aten.select.int/Gather,Gather,unknown_f32,NOT_RUN,0.0,0.0
11,select_206/aten.select.int/Gather,Gather,unknown_f32,NOT_RUN,0.0,0.0
11,select_207/aten.select.int/Gather,Gather,unknown_f32,NOT_RUN,0.0,0.0
11,select_208/aten.select.int/Gather,Gather,unknown_f32,NOT_RUN,0.0,0.0
11,select_209/aten.select.int/Gather,Gather,unknown_f32,NOT_RUN,0.0,0.0
11,select_210/aten.select.int/Gather,Gather,unknown_f32,NOT_RUN,0.0,0.0
11,select_211/aten.select.int/Gather,Gather,unknown_f32,NOT_RUN,0.0,0.0
11,select_212/aten.select.int/Gather,Gather,unknown_f32,NOT_RUN,0.0,0.0
11,select_213/aten.select.int/Gather,Gather,unknown_f32,NOT_RUN,0.0,0.0
11,select_214/aten.select.int/Gather,Gather,unknown_f32,NOT_RUN,0.0,0.0
11,select_215/aten.select.int/Gather,Gather,unknown_f32,NOT_RUN,0.0,0.0
11,select_216/aten.select.int/Gather,Gather,unknown_f32,NOT_RUN,0.0,0.0
11,select_217/aten.select.int/Gather,Gather,unknown_f32,NOT_RUN,0.0,0.0
11,select_218/aten.select.int/Gather,Gather,unknown_f32,NOT_RUN,0.0,0.0
11,select_219/aten.select.int/Gather,Gather,unknown_f32,NOT_RUN,0.0,0.0
11,select_220/aten.select.int/Gather,Gather,unknown_f32,NOT_RUN,0.0,0.0
11,select_221/aten.select.int/Gather,Gather,unknown_f32,NOT_RUN,0.0,0.0
11,select_222/aten.select.int/Gather,Gather,unknown_f32,NOT_RUN,0.0,0.0
11,select_223/aten.select.int/Gather,Gather,unknown_f32,NOT_RUN,0.0,0.0
11,select_224/aten.select.int/Gather,Gather,unknown_f32,NOT_RUN,0.0,0.0
11,select_225/aten.select.int/Gather,Gather,unknown_f32,NOT_RUN,0.0,0.0
11,select_226/aten.select.int/Gather,Gather,unknown_f32,NOT_RUN,0.0,0.0
11,select_227/aten.select.int/Gather,Gather,unknown_f32,NOT_RUN,0.0,0.0
11,select_228/aten.select.int/Gather,Gather,unknown_f32,NOT_RUN,0.0,0.0
11,select_229/aten.select.int/Gather,Gather,unknown_f32,NOT_RUN,0.0,0.0
11,select_230/aten.select.int/Gather,Gather,unknown_f32,NOT_RUN,0.0,0.0
11,select_231/aten.select.int/Gather,Gather,unknown_f32,NOT_RUN,0.0,0.0
11,select_232/aten.select.int/Gather,Gather,unknown_f32,NOT_RUN,0.0,0.0
11,select_233/aten.select.int/Gather,Gather,unknown_f32,NOT_RUN,0.0,0.0
11,select_234/aten.select.int/Gather,Gather,unknown_f32,NOT_RUN,0.0,0.0
11,select_235/aten.select.int/Gather,Gather,unknown_f32,NOT_RUN,0.0,0.0
11,select_236/aten.select.int/Gather,Gather,unknown_f32,NOT_RUN,0.0,0.0
11,select_237/aten.select.int/Gather,Gather,unknown_f32,NOT_RUN,0.0,0.0
11,select_238/aten.select.int/Gather,Gather,unknown_f32,NOT_RUN,0.0,0.0
11,select_239/aten.select.int/Gather,Gather,unknown_f32,NOT_RUN,0.0,0.0
11,select_240/aten.select.int/Gather,Gather,unknown_f32,NOT_RUN,0.0,0.0
11,select_241/aten.select.int/Gather,Gather,unknown_f32,NOT_RUN,0.0,0.0
11,select_242/aten.select.int/Gather,Gather,unknown_f32,NOT_RUN,0.0,0.0
11,select_243/aten.select.int/Gather,Gather,unknown_f32,NOT_RUN,0.0,0.0
11,select_244/aten.select.int/Gather,Gather,unknown_f32,NOT_RUN,0.0,0.0
11,select_245/aten.select.int/Gather,Gather,unknown_f32,NOT_RUN,0.0,0.0
11,select_246/aten.select.int/Gather,Gather,unknown_f32,NOT_RUN,0.0,0.0
11,select_247/aten.select.int/Gather,Gather,unknown_f32,NOT_RUN,0.0,0.0
11,select_248/aten.select.int/Gather,Gather,unknown_f32,NOT_RUN,0.0,0.0
11,select_249/aten.select.int/Gather,Gather,unknown_f32,NOT_RUN,0.0,0.0
11,select_250/aten.select.int/Gather,Gather,unknown_f32,NOT_RUN,0.0,0.0
11,select_251/aten.select.int/Gather,Gather,unknown_f32,NOT_RUN,0.0,0.0
11,select_252/aten.select.int/Gather,Gather,unknown_f32,NOT_RUN,0.0,0.0
11,select_253/aten.select.int/Gather,Gather,unknown_f32,NOT_RUN,0.0,0.0
11,select_254/aten.select.int/Gather,Gather,unknown_f32,NOT_RUN,0.0,0.0
11,select_255/aten.select.int/Gather,Gather,unknown_f32,NOT_RUN,0.0,0.0
11,select_256/aten.select.int/Gather,Gather,unknown_f32,NOT_RUN,0.0,0.0
11,select_257/aten.select.int/Gather,Gather,unknown_f32,NOT_RUN,0.0,0.0
11,select_258/aten.select.int/Gather,Gather,unknown_f32,NOT_RUN,0.0,0.0
11,select_259/aten.select.int/Gather,Gather,unknown_f32,NOT_RUN,0.0,0.0
11,select_260/aten.select.int/Gather,Gather,unknown_f32,NOT_RUN,0.0,0.0
11,select_261/aten.select.int/Gather,Gather,unknown_f32,NOT_RUN,0.0,0.0
11,select_262/aten.select.int/Gather,Gather,unknown_f32,NOT_RUN,0.0,0.0
11,select_263/aten.select.int/Gather,Gather,unknown_f32,NOT_RUN,0.0,0.0
11,select_264/aten.select.int/Gather,Gather,unknown_f32,NOT_RUN,0.0,0.0
11,select_265/aten.select.int/Gather,Gather,unknown_f32,NOT_RUN,0.0,0.0
11,select_266/aten.select.int/Gather,Gather,unknown_f32,NOT_RUN,0.0,0.0
11,select_267/aten.select.int/Gather,Gather,unknown_f32,NOT_RUN,0.0,0.0
11,select_268/aten.select.int/Gather,Gather,unknown_f32,NOT_RUN,0.0,0.0
11,select_269/aten.select.int/Gather,Gather,unknown_f32,NOT_RUN,0.0,0.0
11,select_270/aten.select.int/Gather,Gather,unknown_f32,NOT_RUN,0.0,0.0
11,select_271/aten.select.int/Gather,Gather,unknown_f32,NOT_RUN,0.0,0.0
11,select_272/aten.select.int/Gather,Gather,unknown_f32,NOT_RUN,0.0,0.0
11,select_273/aten.select.int/Gather,Gather,unknown_f32,NOT_RUN,0.0,0.0
11,select_274/aten.select.int/Gather,Gather,unknown_f32,NOT_RUN,0.0,0.0
11,select_275/aten.select.int/Gather,Gather,unknown_f32,NOT_RUN,0.0,0.0
11,select_276/aten.select.int/Gather,Gather,unknown_f32,NOT_RUN,0.0,0.0
11,select_277/aten.select.int/Gather,Gather,unknown_f32,NOT_RUN,0.0,0.0
11,select_278/aten.select.int/Gather,Gather,unknown_f32,NOT_RUN,0.0,0.0
11,select_279/aten.select.int/Gather,Gather,unknown_f32,NOT_RUN,0.0,0.0
11,select_280/aten.select.int/Gather,Gather,unknown_f32,NOT_RUN,0.0,0.0
11,select_281/aten.select.int/Gather,Gather,unknown_f32,NOT_RUN,0.0,0.0
11,select_282/aten.select.int/Gather,Gather,unknown_f32,NOT_RUN,0.0,0.0
11,select_283/aten.select.int/Gather,Gather,unknown_f32,NOT_RUN,0.0,0.0
11,select_284/aten.select.int/Gather,Gather,unknown_f32,NOT_RUN,0.0,0.0
11,select_285/aten.select.int/Gather,Gather,unknown_f32,NOT_RUN,0.0,0.0
11,select_286/aten.select.int/Gather,Gather,unknown_f32,NOT_RUN,0.0,0.0
11,select_287/aten.select.int/Gather,Gather,unknown_f32,NOT_RUN,0.0,0.0
11,select_288/aten.select.int/Gather,Gather,unknown_f32,NOT_RUN,0.0,0.0
11,select_289/aten.select.int/Gather,Gather,unknown_f32,NOT_RUN,0.0,0.0
11,select_290/aten.select.int/Gather,Gather,unknown_f32,NOT_RUN,0.0,0.0
11,select_291/aten.select.int/Gather,Gather,unknown_f32,NOT_RUN,0.0,0.0
11,select_292/aten.select.int/Gather,Gather,unknown_f32,NOT_RUN,0.0,0.0
11,select_293/aten.select.int/Gather,Gather,unknown_f32,NOT_RUN,0.0,0.0
11,select_294/aten.select.int/Gather,Gather,unknown_f32,NOT_RUN,0.0,0.0
11,select_295/aten.select.int/Gather,Gather,unknown_f32,NOT_RUN,0.0,0.0
11,select_296/aten.select.int/Gather,Gather,unknown_f32,NOT_RUN,0.0,0.0
11,select_297/aten.select.int/Gather,Gather,unknown_f32,NOT_RUN,0.0,0.0
11,select_298/aten.select.int/Gather,Gather,unknown_f32,NOT_RUN,0.0,0.0
11,select_299/aten.select.int/Gather,Gather,unknown_f32,NOT_RUN,0.0,0.0
11,select_300/aten.select.int/Gather,Gather,unknown_f32,NOT_RUN,0.0,0.0
11,select_301/aten.select.int/Gather,Gather,unknown_f32,NOT_RUN,0.0,0.0
11,select_302/aten.select.int/Gather,Gather,unknown_f32,NOT_RUN,0.0,0.0
11,select_303/aten.select.int/Gather,Gather,unknown_f32,NOT_RUN,0.0,0.0
11,select_304/aten.select.int/Gather,Gather,unknown_f32,NOT_RUN,0.0,0.0
11,cat_3/aten.cat.default/Concat,Concat,ref_f32,EXECUTED,0.06499999999999999,0.06499999999999999
11,view_84/aten.view.default/Reshape,Reshape,unknown_f32,NOT_RUN,0.0,0.0
11,add_50/aten.add.Tensor/Add,Subgraph,jit_avx2_f32,EXECUTED,0.020999999999999998,0.020999999999999998
11,linear_2/aten.linear.default/Add,FullyConnected,brgemm_avx2_f32,EXECUTED,0.303,0.303
11,Multiply_13576,Multiply,undef,NOT_RUN,0.0,0.0
11,view_86/aten.view.default/Reshape,Reshape,unknown_f32,NOT_RUN,0.0,0.0
11,permute_3/aten.permute.default/Transpose,Transpose,unknown_f32,EXECUTED,0.022,0.022
11,linear_3/aten.linear.default/Add,FullyConnected,gemm_mlas_f32,EXECUTED,0.32699999999999996,0.32699999999999996
11,view_87/aten.view.default/Reshape,Reshape,unknown_f32,NOT_RUN,0.0,0.0
11,Transpose_12104,Transpose,unknown_f32,EXECUTED,0.05,0.05
11,linear_4/aten.linear.default/Add,FullyConnected,gemm_mlas_f32,EXECUTED,0.326,0.326
11,view_88/aten.view.default/Reshape,Reshape,unknown_f32,NOT_RUN,0.0,0.0
11,permute_5/aten.permute.default/Transpose,Transpose,unknown_f32,EXECUTED,0.015000000000000001,0.015000000000000001
11,bmm_1/aten.bmm.default/MatMul,Subgraph,jit_avx2_f32,EXECUTED,0.44499999999999995,0.44499999999999995
11,permute_7/aten.permute.default/Transpose,Transpose,unknown_f32,EXECUTED,0.028,0.028
11,view_89/aten.view.default/Reshape,Reshape,unknown_f32,NOT_RUN,0.0,0.0
11,linear_5/aten.linear.default/Add,FullyConnected,gemm_mlas_f32,EXECUTED,0.364,0.364
11,view_90/aten.view.default/Reshape,Reshape,unknown_f32,NOT_RUN,0.0,0.0
11,add_51/aten.add.Tensor/Add,Subgraph,jit_avx2_f32,EXECUTED,0.022,0.022
11,native_layer_norm/aten.native_layer_norm.default/MVN,MVN,jit_avx2_f32,EXECUTED,0.019,0.019
11,native_layer_norm/aten.native_layer_norm.default/Add,Subgraph,jit_avx2_f32,EXECUTED,0.016,0.016
11,linear_6/aten.linear.default/Add,FullyConnected,brgemm_avx2_f32,EXECUTED,1.351,1.351
11,relu_17/aten.relu.default/Relu,Relu,undef,NOT_RUN,0.0,0.0
11,linear_7/aten.linear.default/Add,FullyConnected,gemm_mlas_f32,EXECUTED,1.438,1.438
11,add_52/aten.add.Tensor/Add,Subgraph,jit_avx2_f32,EXECUTED,0.026,0.026
11,native_layer_norm_1/aten.native_layer_norm.default/MVN,MVN,jit_avx2_f32,EXECUTED,0.02,0.02
11,add_53/aten.add.Tensor/Add,Subgraph,jit_avx2_f32,EXECUTED,0.031,0.031
11,linear_8/aten.linear.default/Add,FullyConnected,brgemm_avx2_f32,EXECUTED,0.28600000000000003,0.28600000000000003
11,Multiply_13578,Multiply,undef,NOT_RUN,0.0,0.0
11,view_92/aten.view.default/Reshape,Reshape,unknown_f32,NOT_RUN,0.0,0.0
11,permute_8/aten.permute.default/Transpose,Transpose,unknown_f32,EXECUTED,0.017,0.017
11,linear_9/aten.linear.default/Add,FullyConnected,gemm_mlas_f32,EXECUTED,0.266,0.266
11,view_93/aten.view.default/Reshape,Reshape,unknown_f32,NOT_RUN,0.0,0.0
11,Transpose_12133,Transpose,unknown_f32,EXECUTED,0.039,0.039
11,linear_10/aten.linear.default/Add,FullyConnected,gemm_mlas_f32,EXECUTED,0.266,0.266
11,view_94/aten.view.default/Reshape,Reshape,unknown_f32,NOT_RUN,0.0,0.0
11,permute_10/aten.permute.default/Transpose,Transpose,unknown_f32,EXECUTED,0.012,0.012
11,bmm_3/aten.bmm.default/MatMul,Subgraph,jit_avx2_f32,EXECUTED,0.372,0.372
11,permute_12/aten.permute.default/Transpose,Transpose,unknown_f32,EXECUTED,0.02,0.02
11,view_95/aten.view.default/Reshape,Reshape,unknown_f32,NOT_RUN,0.0,0.0
11,linear_11/aten.linear.default/Add,FullyConnected,gemm_mlas_f32,EXECUTED,0.29300000000000004,0.29300000000000004
11,view_96/aten.view.default/Reshape,Reshape,unknown_f32,NOT_RUN,0.0,0.0
11,add_54/aten.add.Tensor/Add,Subgraph,jit_avx2_f32,EXECUTED,0.016,0.016
11,native_layer_norm_2/aten.native_layer_norm.default/MVN,MVN,jit_avx2_f32,EXECUTED,0.015000000000000001,0.015000000000000001
11,native_layer_norm_2/aten.native_layer_norm.default/Add,Subgraph,jit_avx2_f32,EXECUTED,0.007,0.007
11,linear_12/aten.linear.default/Add,FullyConnected,brgemm_avx2_f32,EXECUTED,1.288,1.288
11,relu_18/aten.relu.default/Relu,Relu,undef,NOT_RUN,0.0,0.0
11,linear_13/aten.linear.default/Add,FullyConnected,gemm_mlas_f32,EXECUTED,1.3960000000000001,1.3960000000000001
11,add_55/aten.add.Tensor/Add,Subgraph,jit_avx2_f32,EXECUTED,0.024,0.024
11,native_layer_norm_3/aten.native_layer_norm.default/MVN,MVN,jit_avx2_f32,EXECUTED,0.018000000000000002,0.018000000000000002
11,add_56/aten.add.Tensor/Add,Subgraph,jit_avx2_f32,EXECUTED,0.026,0.026
11,linear_14/aten.linear.default/Add,FullyConnected,brgemm_avx2_f32,EXECUTED,0.28200000000000003,0.28200000000000003
11,Multiply_13580,Multiply,undef,NOT_RUN,0.0,0.0
11,view_98/aten.view.default/Reshape,Reshape,unknown_f32,NOT_RUN,0.0,0.0
11,permute_13/aten.permute.default/Transpose,Transpose,unknown_f32,EXECUTED,0.018000000000000002,0.018000000000000002
11,linear_15/aten.linear.default/Add,FullyConnected,gemm_mlas_f32,EXECUTED,0.319,0.319
11,view_99/aten.view.default/Reshape,Reshape,unknown_f32,NOT_RUN,0.0,0.0
11,Transpose_12162,Transpose,unknown_f32,EXECUTED,0.05,0.05
11,linear_16/aten.linear.default/Add,FullyConnected,gemm_mlas_f32,EXECUTED,0.27999999999999997,0.27999999999999997
11,view_100/aten.view.default/Reshape,Reshape,unknown_f32,NOT_RUN,0.0,0.0
11,permute_15/aten.permute.default/Transpose,Transpose,unknown_f32,EXECUTED,0.012,0.012
11,bmm_5/aten.bmm.default/MatMul,Subgraph,jit_avx2_f32,EXECUTED,0.431,0.431
11,permute_17/aten.permute.default/Transpose,Transpose,unknown_f32,EXECUTED,0.026,0.026
11,view_101/aten.view.default/Reshape,Reshape,unknown_f32,NOT_RUN,0.0,0.0
11,linear_17/aten.linear.default/Add,FullyConnected,gemm_mlas_f32,EXECUTED,0.323,0.323
11,view_102/aten.view.default/Reshape,Reshape,unknown_f32,NOT_RUN,0.0,0.0
11,add_57/aten.add.Tensor/Add,Subgraph,jit_avx2_f32,EXECUTED,0.02,0.02
11,native_layer_norm_4/aten.native_layer_norm.default/MVN,MVN,jit_avx2_f32,EXECUTED,0.013,0.013
11,native_layer_norm_4/aten.native_layer_norm.default/Add,Subgraph,jit_avx2_f32,EXECUTED,0.012,0.012
11,linear_18/aten.linear.default/Add,FullyConnected,brgemm_avx2_f32,EXECUTED,1.331,1.331
11,relu_19/aten.relu.default/Relu,Relu,undef,NOT_RUN,0.0,0.0
11,linear_19/aten.linear.default/Add,FullyConnected,gemm_mlas_f32,EXECUTED,1.399,1.399
11,add_58/aten.add.Tensor/Add,Subgraph,jit_avx2_f32,EXECUTED,0.025,0.025
11,native_layer_norm_5/aten.native_layer_norm.default/MVN,MVN,jit_avx2_f32,EXECUTED,0.022,0.022
11,add_59/aten.add.Tensor/Add,Subgraph,jit_avx2_f32,EXECUTED,0.030000000000000002,0.030000000000000002
11,linear_20/aten.linear.default/Add,FullyConnected,brgemm_avx2_f32,EXECUTED,0.268,0.268
11,Multiply_13582,Multiply,undef,NOT_RUN,0.0,0.0
11,view_104/aten.view.default/Reshape,Reshape,unknown_f32,NOT_RUN,0.0,0.0
11,permute_18/aten.permute.default/Transpose,Transpose,unknown_f32,EXECUTED,0.014,0.014
11,linear_21/aten.linear.default/Add,FullyConnected,gemm_mlas_f32,EXECUTED,0.262,0.262
11,view_105/aten.view.default/Reshape,Reshape,unknown_f32,NOT_RUN,0.0,0.0
11,Transpose_12191,Transpose,unknown_f32,EXECUTED,0.034999999999999996,0.034999999999999996
11,linear_22/aten.linear.default/Add,FullyConnected,gemm_mlas_f32,EXECUTED,0.245,0.245
11,view_106/aten.view.default/Reshape,Reshape,unknown_f32,NOT_RUN,0.0,0.0
11,permute_20/aten.permute.default/Transpose,Transpose,unknown_f32,EXECUTED,0.009000000000000001,0.009000000000000001
11,bmm_7/aten.bmm.default/MatMul,Subgraph,jit_avx2_f32,EXECUTED,0.373,0.373
11,permute_22/aten.permute.default/Transpose,Transpose,unknown_f32,EXECUTED,0.02,0.02
11,view_107/aten.view.default/Reshape,Reshape,unknown_f32,NOT_RUN,0.0,0.0
11,linear_23/aten.linear.default/Add,FullyConnected,gemm_mlas_f32,EXECUTED,0.309,0.309
11,view_108/aten.view.default/Reshape,Reshape,unknown_f32,NOT_RUN,0.0,0.0
11,add_60/aten.add.Tensor/Add,Subgraph,jit_avx2_f32,EXECUTED,0.016,0.016
11,native_layer_norm_6/aten.native_layer_norm.default/MVN,MVN,jit_avx2_f32,EXECUTED,0.016,0.016
11,native_layer_norm_6/aten.native_layer_norm.default/Add,Subgraph,jit_avx2_f32,EXECUTED,0.007,0.007
11,linear_24/aten.linear.default/Add,FullyConnected,brgemm_avx2_f32,EXECUTED,1.3259999999999998,1.3259999999999998
11,relu_20/aten.relu.default/Relu,Relu,undef,NOT_RUN,0.0,0.0
11,linear_25/aten.linear.default/Add,FullyConnected,gemm_mlas_f32,EXECUTED,1.41,1.41
11,add_61/aten.add.Tensor/Add,Subgraph,jit_avx2_f32,EXECUTED,0.024,0.024
11,native_layer_norm_7/aten.native_layer_norm.default/MVN,MVN,jit_avx2_f32,EXECUTED,0.018000000000000002,0.018000000000000002
11,add_65/aten.add.Tensor/Add,Subgraph,jit_avx2_f32,EXECUTED,0.024,0.024
11,linear_31/aten.linear.default/Add,FullyConnected,gemm_mlas_f32,EXECUTED,0.297,0.297
11,view_117/aten.view.default/Reshape,Reshape,unknown_f32,NOT_RUN,0.0,0.0
11,Transpose_12220,Transpose,unknown_f32,EXECUTED,0.05,0.05
11,linear_32/aten.linear.default/Add,FullyConnected,gemm_mlas_f32,EXECUTED,0.3,0.3
11,view_118/aten.view.default/Reshape,Reshape,unknown_f32,NOT_RUN,0.0,0.0
11,permute_30/aten.permute.default/Transpose,Transpose,unknown_f32,EXECUTED,0.012,0.012
11,bmm_11/aten.bmm.default/MatMul,Subgraph,jit_avx2_f32,EXECUTED,0.22599999999999998,0.22599999999999998
11,permute_32/aten.permute.default/Transpose,Transpose,unknown_f32,EXECUTED,0.008,0.008
11,view_119/aten.view.default/Reshape,Reshape,unknown_f32,NOT_RUN,0.0,0.0
11,linear_33/aten.linear.default/Add,FullyConnected,gemm_mlas_f32,EXECUTED,0.147,0.147
11,view_120/aten.view.default/Reshape,Reshape,unknown_f32,NOT_RUN,0.0,0.0
11,add_66/aten.add.Tensor/Add,Subgraph,jit_avx2_f32,EXECUTED,0.012,0.012
11,native_layer_norm_9/aten.native_layer_norm.default/MVN,MVN,jit_avx2_f32,EXECUTED,0.006,0.006
11,native_layer_norm_9/aten.native_layer_norm.default/Add,Subgraph,jit_avx2_f32,EXECUTED,0.005,0.005
11,linear_34/aten.linear.default/Add,FullyConnected,brgemm_avx2_f32,EXECUTED,0.517,0.517
11,relu_21/aten.relu.default/Relu,Relu,undef,NOT_RUN,0.0,0.0
11,linear_35/aten.linear.default/Add,FullyConnected,gemm_mlas_f32,EXECUTED,0.587,0.587
11,add_67/aten.add.Tensor/Add,Subgraph,jit_avx2_f32,EXECUTED,0.013,0.013
11,native_layer_norm_10/aten.native_layer_norm.default/MVN,MVN,jit_avx2_f32,EXECUTED,0.008,0.008
11,native_layer_norm_10/aten.native_layer_norm.default/Add,Subgraph,jit_avx2_f32,EXECUTED,0.003,0.003
11,native_layer_norm_11/aten.native_layer_norm.default/MVN,MVN,jit_avx2_f32,EXECUTED,0.006,0.006
11,native_layer_norm_11/aten.native_layer_norm.default/Add,Subgraph,jit_avx2_f32,EXECUTED,0.003,0.003
11,permute_33/aten.permute.default/Transpose,Reshape,unknown_f32,NOT_RUN,0.0,0.0
11,linear_36/aten.linear.default/Add,FullyConnected,gemm_mlas_f32,EXECUTED,0.011,0.011
11,Result_6085,Result,unknown_f32,NOT_RUN,0.0,0.0
12,state,Parameter,unknown_f32,NOT_RUN,0.0,0.0
12,linear_1/aten.linear.default/Add,FullyConnected,gemm_mlas_f32,EXECUTED,0.046,0.046
12,wrist_image,Parameter,unknown_f32,NOT_RUN,0.0,0.0
12,wrist_image_abcd_acdb_mul_2/aten.mul.Tensor/Multiply,Reorder,jit_uni_f32,EXECUTED,0.242,0.242
12,mul_2/aten.mul.Tensor/Multiply,Convolution,brgconv_avx2_f32,EXECUTED,2.005,2.005
12,relu/aten.relu.default/Relu,Relu,undef,NOT_RUN,0.0,0.0
12,max_pool2d_with_indices/aten.max_pool2d_with_indices.default/MaxPool,MaxPool,jit_avx2_f32,EXECUTED,0.33799999999999997,0.33799999999999997
12,mul_5/aten.mul.Tensor/Multiply,Convolution,brgconv_avx2_f32,EXECUTED,1.9020000000000001,1.9020000000000001
12,relu_1/aten.relu.default/Relu,Relu,undef,NOT_RUN,0.0,0.0
12,mul_8/aten.mul.Tensor/Multiply,Convolution,brgconv_avx2_f32,EXECUTED,1.873,1.873
12,add_6/aten.add.Tensor/Add,Add,undef,NOT_RUN,0.0,0.0
12,relu_2/aten.relu.default/Relu,Relu,undef,NOT_RUN,0.0,0.0
12,mul_11/aten.mul.Tensor/Multiply,Convolution,brgconv_avx2_f32,EXECUTED,1.957,1.957
12,relu_3/aten.relu.default/Relu,Relu,undef,NOT_RUN,0.0,0.0
12,mul_14/aten.mul.Tensor/Multiply,Convolution,brgconv_avx2_f32,EXECUTED,1.9400000000000002,1.9400000000000002
12,add_11/aten.add.Tensor/Add,Add,undef,NOT_RUN,0.0,0.0
12,relu_4/aten.relu.default/Relu,Relu,undef,NOT_RUN,0.0,0.0
12,mul_17/aten.mul.Tensor/Multiply,Convolution,brgconv_avx2_f32,EXECUTED,1.054,1.054
12,relu_5/aten.relu.default/Relu,Relu,undef,NOT_RUN,0.0,0.0
12,mul_23/aten.mul.Tensor/Multiply,Convolution,brgconv_avx2_1x1_f32,EXECUTED,0.208,0.208
12,mul_20/aten.mul.Tensor/Multiply,Convolution,brgconv_avx2_f32,EXECUTED,1.815,1.815
12,add_18/aten.add.Tensor/Add,Add,undef,NOT_RUN,0.0,0.0
12,relu_6/aten.relu.default/Relu,Relu,undef,NOT_RUN,0.0,0.0
12,mul_26/aten.mul.Tensor/Multiply,Convolution,brgconv_avx2_f32,EXECUTED,1.815,1.815
12,relu_7/aten.relu.default/Relu,Relu,undef,NOT_RUN,0.0,0.0
12,mul_29/aten.mul.Tensor/Multiply,Convolution,brgconv_avx2_f32,EXECUTED,1.857,1.857
12,add_23/aten.add.Tensor/Add,Add,undef,NOT_RUN,0.0,0.0
12,relu_8/aten.relu.default/Relu,Relu,undef,NOT_RUN,0.0,0.0
12,mul_32/aten.mul.Tensor/Multiply,Convolution,brgconv_avx2_f32,EXECUTED,1.027,1.027
12,relu_9/aten.relu.default/Relu,Relu,undef,NOT_RUN,0.0,0.0
12,mul_38/aten.mul.Tensor/Multiply,Convolution,brgconv_avx2_1x1_f32,EXECUTED,0.22599999999999998,0.22599999999999998
12,mul_35/aten.mul.Tensor/Multiply,Convolution,brgconv_avx2_f32,EXECUTED,1.804,1.804
12,add_30/aten.add.Tensor/Add,Add,undef,NOT_RUN,0.0,0.0
12,relu_10/aten.relu.default/Relu,Relu,undef,NOT_RUN,0.0,0.0
12,mul_41/aten.mul.Tensor/Multiply,Convolution,brgconv_avx2_f32,EXECUTED,1.8619999999999999,1.8619999999999999
12,relu_11/aten.relu.default/Relu,Relu,undef,NOT_RUN,0.0,0.0
12,mul_44/aten.mul.Tensor/Multiply,Convolution,brgconv_avx2_f32,EXECUTED,1.906,1.906
12,add_35/aten.add.Tensor/Add,Add,undef,NOT_RUN,0.0,0.0
12,relu_12/aten.relu.default/Relu,Relu,undef,NOT_RUN,0.0,0.0
12,mul_47/aten.mul.Tensor/Multiply,Convolution,brgconv_avx2_f32,EXECUTED,1.0959999999999999,1.0959999999999999
12,relu_13/aten.relu.default/Relu,Relu,undef,NOT_RUN,0.0,0.0
12,mul_53/aten.mul.Tensor/Multiply,Convolution,brgconv_avx2_1x1_f32,EXECUTED,0.27599999999999997,0.27599999999999997
12,mul_50/aten.mul.Tensor/Multiply,Convolution,brgconv_avx2_f32,EXECUTED,1.805,1.805
12,add_42/aten.add.Tensor/Add,Add,undef,NOT_RUN,0.0,0.0
12,relu_14/aten.relu.default/Relu,Relu,undef,NOT_RUN,0.0,0.0
12,mul_56/aten.mul.Tensor/Multiply,Convolution,brgconv_avx2_f32,EXECUTED,1.85,1.85
12,relu_15/aten.relu.default/Relu,Relu,undef,NOT_RUN,0.0,0.0
12,mul_59/aten.mul.Tensor/Multiply,Convolution,brgconv_avx2_f32,EXECUTED,1.827,1.827
12,add_47/aten.add.Tensor/Add,Add,undef,NOT_RUN,0.0,0.0
12,relu_16/aten.relu.default/Relu,Relu,undef,NOT_RUN,0.0,0.0
12,convolution_20/aten.convolution.default/Convolution,Convolution,brgconv_avx2_1x1_f32,EXECUTED,0.382,0.382
12,permute_1/aten.permute.default/Transpose,Transpose,unknown_f32,EXECUTED,0.038,0.038
12,permute_1/aten.permute.default/Transpose_acdb_abcd_view_82/aten.view.default/Reshape,Reorder,reorder_f32,EXECUTED,0.026,0.026
12,view_82/aten.view.default/Reshape,Reshape,unknown_f32,NOT_RUN,0.0,0.0
12,select_5/aten.select.int/Gather,Gather,unknown_f32,NOT_RUN,0.0,0.0
12,select_6/aten.select.int/Gather,Gather,unknown_f32,NOT_RUN,0.0,0.0
12,select_7/aten.select.int/Gather,Gather,unknown_f32,NOT_RUN,0.0,0.0
12,select_8/aten.select.int/Gather,Gather,unknown_f32,NOT_RUN,0.0,0.0
12,select_9/aten.select.int/Gather,Gather,unknown_f32,NOT_RUN,0.0,0.0
12,select_10/aten.select.int/Gather,Gather,unknown_f32,NOT_RUN,0.0,0.0
12,select_11/aten.select.int/Gather,Gather,unknown_f32,NOT_RUN,0.0,0.0
12,select_12/aten.select.int/Gather,Gather,unknown_f32,NOT_RUN,0.0,0.0
12,select_13/aten.select.int/Gather,Gather,unknown_f32,NOT_RUN,0.0,0.0
12,select_14/aten.select.int/Gather,Gather,unknown_f32,NOT_RUN,0.0,0.0
12,select_15/aten.select.int/Gather,Gather,unknown_f32,NOT_RUN,0.0,0.0
12,select_16/aten.select.int/Gather,Gather,unknown_f32,NOT_RUN,0.0,0.0
12,select_17/aten.select.int/Gather,Gather,unknown_f32,NOT_RUN,0.0,0.0
12,select_18/aten.select.int/Gather,Gather,unknown_f32,NOT_RUN,0.0,0.0
12,select_19/aten.select.int/Gather,Gather,unknown_f32,NOT_RUN,0.0,0.0
12,select_20/aten.select.int/Gather,Gather,unknown_f32,NOT_RUN,0.0,0.0
12,select_21/aten.select.int/Gather,Gather,unknown_f32,NOT_RUN,0.0,0.0
12,select_22/aten.select.int/Gather,Gather,unknown_f32,NOT_RUN,0.0,0.0
12,select_23/aten.select.int/Gather,Gather,unknown_f32,NOT_RUN,0.0,0.0
12,select_24/aten.select.int/Gather,Gather,unknown_f32,NOT_RUN,0.0,0.0
12,select_25/aten.select.int/Gather,Gather,unknown_f32,NOT_RUN,0.0,0.0
12,select_26/aten.select.int/Gather,Gather,unknown_f32,NOT_RUN,0.0,0.0
12,select_27/aten.select.int/Gather,Gather,unknown_f32,NOT_RUN,0.0,0.0
12,select_28/aten.select.int/Gather,Gather,unknown_f32,NOT_RUN,0.0,0.0
12,select_29/aten.select.int/Gather,Gather,unknown_f32,NOT_RUN,0.0,0.0
12,select_30/aten.select.int/Gather,Gather,unknown_f32,NOT_RUN,0.0,0.0
12,select_31/aten.select.int/Gather,Gather,unknown_f32,NOT_RUN,0.0,0.0
12,select_32/aten.select.int/Gather,Gather,unknown_f32,NOT_RUN,0.0,0.0
12,select_33/aten.select.int/Gather,Gather,unknown_f32,NOT_RUN,0.0,0.0
12,select_34/aten.select.int/Gather,Gather,unknown_f32,NOT_RUN,0.0,0.0
12,select_35/aten.select.int/Gather,Gather,unknown_f32,NOT_RUN,0.0,0.0
12,select_36/aten.select.int/Gather,Gather,unknown_f32,NOT_RUN,0.0,0.0
12,select_37/aten.select.int/Gather,Gather,unknown_f32,NOT_RUN,0.0,0.0
12,select_38/aten.select.int/Gather,Gather,unknown_f32,NOT_RUN,0.0,0.0
12,select_39/aten.select.int/Gather,Gather,unknown_f32,NOT_RUN,0.0,0.0
12,select_40/aten.select.int/Gather,Gather,unknown_f32,NOT_RUN,0.0,0.0
12,select_41/aten.select.int/Gather,Gather,unknown_f32,NOT_RUN,0.0,0.0
12,select_42/aten.select.int/Gather,Gather,unknown_f32,NOT_RUN,0.0,0.0
12,select_43/aten.select.int/Gather,Gather,unknown_f32,NOT_RUN,0.0,0.0
12,select_44/aten.select.int/Gather,Gather,unknown_f32,NOT_RUN,0.0,0.0
12,select_45/aten.select.int/Gather,Gather,unknown_f32,NOT_RUN,0.0,0.0
12,select_46/aten.select.int/Gather,Gather,unknown_f32,NOT_RUN,0.0,0.0
12,select_47/aten.select.int/Gather,Gather,unknown_f32,NOT_RUN,0.0,0.0
12,select_48/aten.select.int/Gather,Gather,unknown_f32,NOT_RUN,0.0,0.0
12,select_49/aten.select.int/Gather,Gather,unknown_f32,NOT_RUN,0.0,0.0
12,select_50/aten.select.int/Gather,Gather,unknown_f32,NOT_RUN,0.0,0.0
12,select_51/aten.select.int/Gather,Gather,unknown_f32,NOT_RUN,0.0,0.0
12,select_52/aten.select.int/Gather,Gather,unknown_f32,NOT_RUN,0.0,0.0
12,select_53/aten.select.int/Gather,Gather,unknown_f32,NOT_RUN,0.0,0.0
12,select_54/aten.select.int/Gather,Gather,unknown_f32,NOT_RUN,0.0,0.0
12,select_55/aten.select.int/Gather,Gather,unknown_f32,NOT_RUN,0.0,0.0
12,select_56/aten.select.int/Gather,Gather,unknown_f32,NOT_RUN,0.0,0.0
12,select_57/aten.select.int/Gather,Gather,unknown_f32,NOT_RUN,0.0,0.0
12,select_58/aten.select.int/Gather,Gather,unknown_f32,NOT_RUN,0.0,0.0
12,select_59/aten.select.int/Gather,Gather,unknown_f32,NOT_RUN,0.0,0.0
12,select_60/aten.select.int/Gather,Gather,unknown_f32,NOT_RUN,0.0,0.0
12,select_61/aten.select.int/Gather,Gather,unknown_f32,NOT_RUN,0.0,0.0
12,select_62/aten.select.int/Gather,Gather,unknown_f32,NOT_RUN,0.0,0.0
12,select_63/aten.select.int/Gather,Gather,unknown_f32,NOT_RUN,0.0,0.0
12,select_64/aten.select.int/Gather,Gather,unknown_f32,NOT_RUN,0.0,0.0
12,select_65/aten.select.int/Gather,Gather,unknown_f32,NOT_RUN,0.0,0.0
12,select_66/aten.select.int/Gather,Gather,unknown_f32,NOT_RUN,0.0,0.0
12,select_67/aten.select.int/Gather,Gather,unknown_f32,NOT_RUN,0.0,0.0
12,select_68/aten.select.int/Gather,Gather,unknown_f32,NOT_RUN,0.0,0.0
12,select_69/aten.select.int/Gather,Gather,unknown_f32,NOT_RUN,0.0,0.0
12,select_70/aten.select.int/Gather,Gather,unknown_f32,NOT_RUN,0.0,0.0
12,select_71/aten.select.int/Gather,Gather,unknown_f32,NOT_RUN,0.0,0.0
12,select_72/aten.select.int/Gather,Gather,unknown_f32,NOT_RUN,0.0,0.0
12,select_73/aten.select.int/Gather,Gather,unknown_f32,NOT_RUN,0.0,0.0
12,select_74/aten.select.int/Gather,Gather,unknown_f32,NOT_RUN,0.0,0.0
12,select_75/aten.select.int/Gather,Gather,unknown_f32,NOT_RUN,0.0,0.0
12,select_76/aten.select.int/Gather,Gather,unknown_f32,NOT_RUN,0.0,0.0
12,select_77/aten.select.int/Gather,Gather,unknown_f32,NOT_RUN,0.0,0.0
12,select_78/aten.select.int/Gather,Gather,unknown_f32,NOT_RUN,0.0,0.0
12,select_79/aten.select.int/Gather,Gather,unknown_f32,NOT_RUN,0.0,0.0
12,select_80/aten.select.int/Gather,Gather,unknown_f32,NOT_RUN,0.0,0.0
12,select_81/aten.select.int/Gather,Gather,unknown_f32,NOT_RUN,0.0,0.0
12,select_82/aten.select.int/Gather,Gather,unknown_f32,NOT_RUN,0.0,0.0
12,select_83/aten.select.int/Gather,Gather,unknown_f32,NOT_RUN,0.0,0.0
12,select_84/aten.select.int/Gather,Gather,unknown_f32,NOT_RUN,0.0,0.0
12,select_85/aten.select.int/Gather,Gather,unknown_f32,NOT_RUN,0.0,0.0
12,select_86/aten.select.int/Gather,Gather,unknown_f32,NOT_RUN,0.0,0.0
12,select_87/aten.select.int/Gather,Gather,unknown_f32,NOT_RUN,0.0,0.0
12,select_88/aten.select.int/Gather,Gather,unknown_f32,NOT_RUN,0.0,0.0
12,select_89/aten.select.int/Gather,Gather,unknown_f32,NOT_RUN,0.0,0.0
12,select_90/aten.select.int/Gather,Gather,unknown_f32,NOT_RUN,0.0,0.0
12,select_91/aten.select.int/Gather,Gather,unknown_f32,NOT_RUN,0.0,0.0
12,select_92/aten.select.int/Gather,Gather,unknown_f32,NOT_RUN,0.0,0.0
12,select_93/aten.select.int/Gather,Gather,unknown_f32,NOT_RUN,0.0,0.0
12,select_94/aten.select.int/Gather,Gather,unknown_f32,NOT_RUN,0.0,0.0
12,select_95/aten.select.int/Gather,Gather,unknown_f32,NOT_RUN,0.0,0.0
12,select_96/aten.select.int/Gather,Gather,unknown_f32,NOT_RUN,0.0,0.0
12,select_97/aten.select.int/Gather,Gather,unknown_f32,NOT_RUN,0.0,0.0
12,select_98/aten.select.int/Gather,Gather,unknown_f32,NOT_RUN,0.0,0.0
12,select_99/aten.select.int/Gather,Gather,unknown_f32,NOT_RUN,0.0,0.0
12,select_100/aten.select.int/Gather,Gather,unknown_f32,NOT_RUN,0.0,0.0
12,select_101/aten.select.int/Gather,Gather,unknown_f32,NOT_RUN,0.0,0.0
12,select_102/aten.select.int/Gather,Gather,unknown_f32,NOT_RUN,0.0,0.0
12,select_103/aten.select.int/Gather,Gather,unknown_f32,NOT_RUN,0.0,0.0
12,select_104/aten.select.int/Gather,Gather,unknown_f32,NOT_RUN,0.0,0.0
12,select_105/aten.select.int/Gather,Gather,unknown_f32,NOT_RUN,0.0,0.0
12,select_106/aten.select.int/Gather,Gather,unknown_f32,NOT_RUN,0.0,0.0
12,select_107/aten.select.int/Gather,Gather,unknown_f32,NOT_RUN,0.0,0.0
12,select_108/aten.select.int/Gather,Gather,unknown_f32,NOT_RUN,0.0,0.0
12,select_109/aten.select.int/Gather,Gather,unknown_f32,NOT_RUN,0.0,0.0
12,select_110/aten.select.int/Gather,Gather,unknown_f32,NOT_RUN,0.0,0.0
12,select_111/aten.select.int/Gather,Gather,unknown_f32,NOT_RUN,0.0,0.0
12,select_112/aten.select.int/Gather,Gather,unknown_f32,NOT_RUN,0.0,0.0
12,select_113/aten.select.int/Gather,Gather,unknown_f32,NOT_RUN,0.0,0.0
12,select_114/aten.select.int/Gather,Gather,unknown_f32,NOT_RUN,0.0,0.0
12,select_115/aten.select.int/Gather,Gather,unknown_f32,NOT_RUN,0.0,0.0
12,select_116/aten.select.int/Gather,Gather,unknown_f32,NOT_RUN,0.0,0.0
12,select_117/aten.select.int/Gather,Gather,unknown_f32,NOT_RUN,0.0,0.0
12,select_118/aten.select.int/Gather,Gather,unknown_f32,NOT_RUN,0.0,0.0
12,select_119/aten.select.int/Gather,Gather,unknown_f32,NOT_RUN,0.0,0.0
12,select_120/aten.select.int/Gather,Gather,unknown_f32,NOT_RUN,0.0,0.0
12,select_121/aten.select.int/Gather,Gather,unknown_f32,NOT_RUN,0.0,0.0
12,select_122/aten.select.int/Gather,Gather,unknown_f32,NOT_RUN,0.0,0.0
12,select_123/aten.select.int/Gather,Gather,unknown_f32,NOT_RUN,0.0,0.0
12,select_124/aten.select.int/Gather,Gather,unknown_f32,NOT_RUN,0.0,0.0
12,select_125/aten.select.int/Gather,Gather,unknown_f32,NOT_RUN,0.0,0.0
12,select_126/aten.select.int/Gather,Gather,unknown_f32,NOT_RUN,0.0,0.0
12,select_127/aten.select.int/Gather,Gather,unknown_f32,NOT_RUN,0.0,0.0
12,select_128/aten.select.int/Gather,Gather,unknown_f32,NOT_RUN,0.0,0.0
12,select_129/aten.select.int/Gather,Gather,unknown_f32,NOT_RUN,0.0,0.0
12,select_130/aten.select.int/Gather,Gather,unknown_f32,NOT_RUN,0.0,0.0
12,select_131/aten.select.int/Gather,Gather,unknown_f32,NOT_RUN,0.0,0.0
12,select_132/aten.select.int/Gather,Gather,unknown_f32,NOT_RUN,0.0,0.0
12,select_133/aten.select.int/Gather,Gather,unknown_f32,NOT_RUN,0.0,0.0
12,select_134/aten.select.int/Gather,Gather,unknown_f32,NOT_RUN,0.0,0.0
12,select_135/aten.select.int/Gather,Gather,unknown_f32,NOT_RUN,0.0,0.0
12,select_136/aten.select.int/Gather,Gather,unknown_f32,NOT_RUN,0.0,0.0
12,select_137/aten.select.int/Gather,Gather,unknown_f32,NOT_RUN,0.0,0.0
12,select_138/aten.select.int/Gather,Gather,unknown_f32,NOT_RUN,0.0,0.0
12,select_139/aten.select.int/Gather,Gather,unknown_f32,NOT_RUN,0.0,0.0
12,select_140/aten.select.int/Gather,Gather,unknown_f32,NOT_RUN,0.0,0.0
12,select_141/aten.select.int/Gather,Gather,unknown_f32,NOT_RUN,0.0,0.0
12,select_142/aten.select.int/Gather,Gather,unknown_f32,NOT_RUN,0.0,0.0
12,select_143/aten.select.int/Gather,Gather,unknown_f32,NOT_RUN,0.0,0.0
12,select_144/aten.select.int/Gather,Gather,unknown_f32,NOT_RUN,0.0,0.0
12,select_145/aten.select.int/Gather,Gather,unknown_f32,NOT_RUN,0.0,0.0
12,select_146/aten.select.int/Gather,Gather,unknown_f32,NOT_RUN,0.0,0.0
12,select_147/aten.select.int/Gather,Gather,unknown_f32,NOT_RUN,0.0,0.0
12,select_148/aten.select.int/Gather,Gather,unknown_f32,NOT_RUN,0.0,0.0
12,select_149/aten.select.int/Gather,Gather,unknown_f32,NOT_RUN,0.0,0.0
12,select_150/aten.select.int/Gather,Gather,unknown_f32,NOT_RUN,0.0,0.0
12,select_151/aten.select.int/Gather,Gather,unknown_f32,NOT_RUN,0.0,0.0
12,select_152/aten.select.int/Gather,Gather,unknown_f32,NOT_RUN,0.0,0.0
12,select_153/aten.select.int/Gather,Gather,unknown_f32,NOT_RUN,0.0,0.0
12,select_154/aten.select.int/Gather,Gather,unknown_f32,NOT_RUN,0.0,0.0
12,select_155/aten.select.int/Gather,Gather,unknown_f32,NOT_RUN,0.0,0.0
12,select_156/aten.select.int/Gather,Gather,unknown_f32,NOT_RUN,0.0,0.0
12,select_157/aten.select.int/Gather,Gather,unknown_f32,NOT_RUN,0.0,0.0
12,select_158/aten.select.int/Gather,Gather,unknown_f32,NOT_RUN,0.0,0.0
12,select_159/aten.select.int/Gather,Gather,unknown_f32,NOT_RUN,0.0,0.0
12,select_160/aten.select.int/Gather,Gather,unknown_f32,NOT_RUN,0.0,0.0
12,select_161/aten.select.int/Gather,Gather,unknown_f32,NOT_RUN,0.0,0.0
12,select_162/aten.select.int/Gather,Gather,unknown_f32,NOT_RUN,0.0,0.0
12,select_163/aten.select.int/Gather,Gather,unknown_f32,NOT_RUN,0.0,0.0
12,select_164/aten.select.int/Gather,Gather,unknown_f32,NOT_RUN,0.0,0.0
12,select_165/aten.select.int/Gather,Gather,unknown_f32,NOT_RUN,0.0,0.0
12,select_166/aten.select.int/Gather,Gather,unknown_f32,NOT_RUN,0.0,0.0
12,select_167/aten.select.int/Gather,Gather,unknown_f32,NOT_RUN,0.0,0.0
12,select_168/aten.select.int/Gather,Gather,unknown_f32,NOT_RUN,0.0,0.0
12,select_169/aten.select.int/Gather,Gather,unknown_f32,NOT_RUN,0.0,0.0
12,select_170/aten.select.int/Gather,Gather,unknown_f32,NOT_RUN,0.0,0.0
12,select_171/aten.select.int/Gather,Gather,unknown_f32,NOT_RUN,0.0,0.0
12,select_172/aten.select.int/Gather,Gather,unknown_f32,NOT_RUN,0.0,0.0
12,select_173/aten.select.int/Gather,Gather,unknown_f32,NOT_RUN,0.0,0.0
12,select_174/aten.select.int/Gather,Gather,unknown_f32,NOT_RUN,0.0,0.0
12,select_175/aten.select.int/Gather,Gather,unknown_f32,NOT_RUN,0.0,0.0
12,select_176/aten.select.int/Gather,Gather,unknown_f32,NOT_RUN,0.0,0.0
12,select_177/aten.select.int/Gather,Gather,unknown_f32,NOT_RUN,0.0,0.0
12,select_178/aten.select.int/Gather,Gather,unknown_f32,NOT_RUN,0.0,0.0
12,select_179/aten.select.int/Gather,Gather,unknown_f32,NOT_RUN,0.0,0.0
12,select_180/aten.select.int/Gather,Gather,unknown_f32,NOT_RUN,0.0,0.0
12,select_181/aten.select.int/Gather,Gather,unknown_f32,NOT_RUN,0.0,0.0
12,select_182/aten.select.int/Gather,Gather,unknown_f32,NOT_RUN,0.0,0.0
12,select_183/aten.select.int/Gather,Gather,unknown_f32,NOT_RUN,0.0,0.0
12,select_184/aten.select.int/Gather,Gather,unknown_f32,NOT_RUN,0.0,0.0
12,select_185/aten.select.int/Gather,Gather,unknown_f32,NOT_RUN,0.0,0.0
12,select_186/aten.select.int/Gather,Gather,unknown_f32,NOT_RUN,0.0,0.0
12,select_187/aten.select.int/Gather,Gather,unknown_f32,NOT_RUN,0.0,0.0
12,select_188/aten.select.int/Gather,Gather,unknown_f32,NOT_RUN,0.0,0.0
12,select_189/aten.select.int/Gather,Gather,unknown_f32,NOT_RUN,0.0,0.0
12,select_190/aten.select.int/Gather,Gather,unknown_f32,NOT_RUN,0.0,0.0
12,select_191/aten.select.int/Gather,Gather,unknown_f32,NOT_RUN,0.0,0.0
12,select_192/aten.select.int/Gather,Gather,unknown_f32,NOT_RUN,0.0,0.0
12,select_193/aten.select.int/Gather,Gather,unknown_f32,NOT_RUN,0.0,0.0
12,select_194/aten.select.int/Gather,Gather,unknown_f32,NOT_RUN,0.0,0.0
12,select_195/aten.select.int/Gather,Gather,unknown_f32,NOT_RUN,0.0,0.0
12,select_196/aten.select.int/Gather,Gather,unknown_f32,NOT_RUN,0.0,0.0
12,select_197/aten.select.int/Gather,Gather,unknown_f32,NOT_RUN,0.0,0.0
12,select_198/aten.select.int/Gather,Gather,unknown_f32,NOT_RUN,0.0,0.0
12,select_199/aten.select.int/Gather,Gather,unknown_f32,NOT_RUN,0.0,0.0
12,select_200/aten.select.int/Gather,Gather,unknown_f32,NOT_RUN,0.0,0.0
12,select_201/aten.select.int/Gather,Gather,unknown_f32,NOT_RUN,0.0,0.0
12,select_202/aten.select.int/Gather,Gather,unknown_f32,NOT_RUN,0.0,0.0
12,select_203/aten.select.int/Gather,Gather,unknown_f32,NOT_RUN,0.0,0.0
12,select_204/aten.select.int/Gather,Gather,unknown_f32,NOT_RUN,0.0,0.0
12,select_205/aten.select.int/Gather,Gather,unknown_f32,NOT_RUN,0.0,0.0
12,select_206/aten.select.int/Gather,Gather,unknown_f32,NOT_RUN,0.0,0.0
12,select_207/aten.select.int/Gather,Gather,unknown_f32,NOT_RUN,0.0,0.0
12,select_208/aten.select.int/Gather,Gather,unknown_f32,NOT_RUN,0.0,0.0
12,select_209/aten.select.int/Gather,Gather,unknown_f32,NOT_RUN,0.0,0.0
12,select_210/aten.select.int/Gather,Gather,unknown_f32,NOT_RUN,0.0,0.0
12,select_211/aten.select.int/Gather,Gather,unknown_f32,NOT_RUN,0.0,0.0
12,select_212/aten.select.int/Gather,Gather,unknown_f32,NOT_RUN,0.0,0.0
12,select_213/aten.select.int/Gather,Gather,unknown_f32,NOT_RUN,0.0,0.0
12,select_214/aten.select.int/Gather,Gather,unknown_f32,NOT_RUN,0.0,0.0
12,select_215/aten.select.int/Gather,Gather,unknown_f32,NOT_RUN,0.0,0.0
12,select_216/aten.select.int/Gather,Gather,unknown_f32,NOT_RUN,0.0,0.0
12,select_217/aten.select.int/Gather,Gather,unknown_f32,NOT_RUN,0.0,0.0
12,select_218/aten.select.int/Gather,Gather,unknown_f32,NOT_RUN,0.0,0.0
12,select_219/aten.select.int/Gather,Gather,unknown_f32,NOT_RUN,0.0,0.0
12,select_220/aten.select.int/Gather,Gather,unknown_f32,NOT_RUN,0.0,0.0
12,select_221/aten.select.int/Gather,Gather,unknown_f32,NOT_RUN,0.0,0.0
12,select_222/aten.select.int/Gather,Gather,unknown_f32,NOT_RUN,0.0,0.0
12,select_223/aten.select.int/Gather,Gather,unknown_f32,NOT_RUN,0.0,0.0
12,select_224/aten.select.int/Gather,Gather,unknown_f32,NOT_RUN,0.0,0.0
12,select_225/aten.select.int/Gather,Gather,unknown_f32,NOT_RUN,0.0,0.0
12,select_226/aten.select.int/Gather,Gather,unknown_f32,NOT_RUN,0.0,0.0
12,select_227/aten.select.int/Gather,Gather,unknown_f32,NOT_RUN,0.0,0.0
12,select_228/aten.select.int/Gather,Gather,unknown_f32,NOT_RUN,0.0,0.0
12,select_229/aten.select.int/Gather,Gather,unknown_f32,NOT_RUN,0.0,0.0
12,select_230/aten.select.int/Gather,Gather,unknown_f32,NOT_RUN,0.0,0.0
12,select_231/aten.select.int/Gather,Gather,unknown_f32,NOT_RUN,0.0,0.0
12,select_232/aten.select.int/Gather,Gather,unknown_f32,NOT_RUN,0.0,0.0
12,select_233/aten.select.int/Gather,Gather,unknown_f32,NOT_RUN,0.0,0.0
12,select_234/aten.select.int/Gather,Gather,unknown_f32,NOT_RUN,0.0,0.0
12,select_235/aten.select.int/Gather,Gather,unknown_f32,NOT_RUN,0.0,0.0
12,select_236/aten.select.int/Gather,Gather,unknown_f32,NOT_RUN,0.0,0.0
12,select_237/aten.select.int/Gather,Gather,unknown_f32,NOT_RUN,0.0,0.0
12,select_238/aten.select.int/Gather,Gather,unknown_f32,NOT_RUN,0.0,0.0
12,select_239/aten.select.int/Gather,Gather,unknown_f32,NOT_RUN,0.0,0.0
12,select_240/aten.select.int/Gather,Gather,unknown_f32,NOT_RUN,0.0,0.0
12,select_241/aten.select.int/Gather,Gather,unknown_f32,NOT_RUN,0.0,0.0
12,select_242/aten.select.int/Gather,Gather,unknown_f32,NOT_RUN,0.0,0.0
12,select_243/aten.select.int/Gather,Gather,unknown_f32,NOT_RUN,0.0,0.0
12,select_244/aten.select.int/Gather,Gather,unknown_f32,NOT_RUN,0.0,0.0
12,select_245/aten.select.int/Gather,Gather,unknown_f32,NOT_RUN,0.0,0.0
12,select_246/aten.select.int/Gather,Gather,unknown_f32,NOT_RUN,0.0,0.0
12,select_247/aten.select.int/Gather,Gather,unknown_f32,NOT_RUN,0.0,0.0
12,select_248/aten.select.int/Gather,Gather,unknown_f32,NOT_RUN,0.0,0.0
12,select_249/aten.select.int/Gather,Gather,unknown_f32,NOT_RUN,0.0,0.0
12,select_250/aten.select.int/Gather,Gather,unknown_f32,NOT_RUN,0.0,0.0
12,select_251/aten.select.int/Gather,Gather,unknown_f32,NOT_RUN,0.0,0.0
12,select_252/aten.select.int/Gather,Gather,unknown_f32,NOT_RUN,0.0,0.0
12,select_253/aten.select.int/Gather,Gather,unknown_f32,NOT_RUN,0.0,0.0
12,select_254/aten.select.int/Gather,Gather,unknown_f32,NOT_RUN,0.0,0.0
12,select_255/aten.select.int/Gather,Gather,unknown_f32,NOT_RUN,0.0,0.0
12,select_256/aten.select.int/Gather,Gather,unknown_f32,NOT_RUN,0.0,0.0
12,select_257/aten.select.int/Gather,Gather,unknown_f32,NOT_RUN,0.0,0.0
12,select_258/aten.select.int/Gather,Gather,unknown_f32,NOT_RUN,0.0,0.0
12,select_259/aten.select.int/Gather,Gather,unknown_f32,NOT_RUN,0.0,0.0
12,select_260/aten.select.int/Gather,Gather,unknown_f32,NOT_RUN,0.0,0.0
12,select_261/aten.select.int/Gather,Gather,unknown_f32,NOT_RUN,0.0,0.0
12,select_262/aten.select.int/Gather,Gather,unknown_f32,NOT_RUN,0.0,0.0
12,select_263/aten.select.int/Gather,Gather,unknown_f32,NOT_RUN,0.0,0.0
12,select_264/aten.select.int/Gather,Gather,unknown_f32,NOT_RUN,0.0,0.0
12,select_265/aten.select.int/Gather,Gather,unknown_f32,NOT_RUN,0.0,0.0
12,select_266/aten.select.int/Gather,Gather,unknown_f32,NOT_RUN,0.0,0.0
12,select_267/aten.select.int/Gather,Gather,unknown_f32,NOT_RUN,0.0,0.0
12,select_268/aten.select.int/Gather,Gather,unknown_f32,NOT_RUN,0.0,0.0
12,select_269/aten.select.int/Gather,Gather,unknown_f32,NOT_RUN,0.0,0.0
12,select_270/aten.select.int/Gather,Gather,unknown_f32,NOT_RUN,0.0,0.0
12,select_271/aten.select.int/Gather,Gather,unknown_f32,NOT_RUN,0.0,0.0
12,select_272/aten.select.int/Gather,Gather,unknown_f32,NOT_RUN,0.0,0.0
12,select_273/aten.select.int/Gather,Gather,unknown_f32,NOT_RUN,0.0,0.0
12,select_274/aten.select.int/Gather,Gather,unknown_f32,NOT_RUN,0.0,0.0
12,select_275/aten.select.int/Gather,Gather,unknown_f32,NOT_RUN,0.0,0.0
12,select_276/aten.select.int/Gather,Gather,unknown_f32,NOT_RUN,0.0,0.0
12,select_277/aten.select.int/Gather,Gather,unknown_f32,NOT_RUN,0.0,0.0
12,select_278/aten.select.int/Gather,Gather,unknown_f32,NOT_RUN,0.0,0.0
12,select_279/aten.select.int/Gather,Gather,unknown_f32,NOT_RUN,0.0,0.0
12,select_280/aten.select.int/Gather,Gather,unknown_f32,NOT_RUN,0.0,0.0
12,select_281/aten.select.int/Gather,Gather,unknown_f32,NOT_RUN,0.0,0.0
12,select_282/aten.select.int/Gather,Gather,unknown_f32,NOT_RUN,0.0,0.0
12,select_283/aten.select.int/Gather,Gather,unknown_f32,NOT_RUN,0.0,0.0
12,select_284/aten.select.int/Gather,Gather,unknown_f32,NOT_RUN,0.0,0.0
12,select_285/aten.select.int/Gather,Gather,unknown_f32,NOT_RUN,0.0,0.0
12,select_286/aten.select.int/Gather,Gather,unknown_f32,NOT_RUN,0.0,0.0
12,select_287/aten.select.int/Gather,Gather,unknown_f32,NOT_RUN,0.0,0.0
12,select_288/aten.select.int/Gather,Gather,unknown_f32,NOT_RUN,0.0,0.0
12,select_289/aten.select.int/Gather,Gather,unknown_f32,NOT_RUN,0.0,0.0
12,select_290/aten.select.int/Gather,Gather,unknown_f32,NOT_RUN,0.0,0.0
12,select_291/aten.select.int/Gather,Gather,unknown_f32,NOT_RUN,0.0,0.0
12,select_292/aten.select.int/Gather,Gather,unknown_f32,NOT_RUN,0.0,0.0
12,select_293/aten.select.int/Gather,Gather,unknown_f32,NOT_RUN,0.0,0.0
12,select_294/aten.select.int/Gather,Gather,unknown_f32,NOT_RUN,0.0,0.0
12,select_295/aten.select.int/Gather,Gather,unknown_f32,NOT_RUN,0.0,0.0
12,select_296/aten.select.int/Gather,Gather,unknown_f32,NOT_RUN,0.0,0.0
12,select_297/aten.select.int/Gather,Gather,unknown_f32,NOT_RUN,0.0,0.0
12,select_298/aten.select.int/Gather,Gather,unknown_f32,NOT_RUN,0.0,0.0
12,select_299/aten.select.int/Gather,Gather,unknown_f32,NOT_RUN,0.0,0.0
12,select_300/aten.select.int/Gather,Gather,unknown_f32,NOT_RUN,0.0,0.0
12,select_301/aten.select.int/Gather,Gather,unknown_f32,NOT_RUN,0.0,0.0
12,select_302/aten.select.int/Gather,Gather,unknown_f32,NOT_RUN,0.0,0.0
12,select_303/aten.select.int/Gather,Gather,unknown_f32,NOT_RUN,0.0,0.0
12,select_304/aten.select.int/Gather,Gather,unknown_f32,NOT_RUN,0.0,0.0
12,cat_3/aten.cat.default/Concat,Concat,ref_f32,EXECUTED,0.06499999999999999,0.06499999999999999
12,view_84/aten.view.default/Reshape,Reshape,unknown_f32,NOT_RUN,0.0,0.0
12,add_50/aten.add.Tensor/Add,Subgraph,jit_avx2_f32,EXECUTED,0.020999999999999998,0.020999999999999998
12,linear_2/aten.linear.default/Add,FullyConnected,brgemm_avx2_f32,EXECUTED,0.298,0.298
12,Multiply_13576,Multiply,undef,NOT_RUN,0.0,0.0
12,view_86/aten.view.default/Reshape,Reshape,unknown_f32,NOT_RUN,0.0,0.0
12,permute_3/aten.permute.default/Transpose,Transpose,unknown_f32,EXECUTED,0.020999999999999998,0.020999999999999998
12,linear_3/aten.linear.default/Add,FullyConnected,gemm_mlas_f32,EXECUTED,0.322,0.322
12,view_87/aten.view.default/Reshape,Reshape,unknown_f32,NOT_RUN,0.0,0.0
12,Transpose_12104,Transpose,unknown_f32,EXECUTED,0.049,0.049
12,linear_4/aten.linear.default/Add,FullyConnected,gemm_mlas_f32,EXECUTED,0.321,0.321
12,view_88/aten.view.default/Reshape,Reshape,unknown_f32,NOT_RUN,0.0,0.0
12,permute_5/aten.permute.default/Transpose,Transpose,unknown_f32,EXECUTED,0.015000000000000001,0.015000000000000001
12,bmm_1/aten.bmm.default/MatMul,Subgraph,jit_avx2_f32,EXECUTED,0.441,0.441
12,permute_7/aten.permute.default/Transpose,Transpose,unknown_f32,EXECUTED,0.027,0.027
12,view_89/aten.view.default/Reshape,Reshape,unknown_f32,NOT_RUN,0.0,0.0
12,linear_5/aten.linear.default/Add,FullyConnected,gemm_mlas_f32,EXECUTED,0.356,0.356
12,view_90/aten.view.default/Reshape,Reshape,unknown_f32,NOT_RUN,0.0,0.0
12,add_51/aten.add.Tensor/Add,Subgraph,jit_avx2_f32,EXECUTED,0.020999999999999998,0.020999999999999998
12,native_layer_norm/aten.native_layer_norm.default/MVN,MVN,jit_avx2_f32,EXECUTED,0.019,0.019
12,native_layer_norm/aten.native_layer_norm.default/Add,Subgraph,jit_avx2_f32,EXECUTED,0.016,0.016
12,linear_6/aten.linear.default/Add,FullyConnected,brgemm_avx2_f32,EXECUTED,1.3470000000000002,1.3470000000000002
12,relu_17/aten.relu.default/Relu,Relu,undef,NOT_RUN,0.0,0.0
12,linear_7/aten.linear.default/Add,FullyConnected,gemm_mlas_f32,EXECUTED,1.4369999999999998,1.4369999999999998
12,add_52/aten.add.Tensor/Add,Subgraph,jit_avx2_f32,EXECUTED,0.026,0.026
12,native_layer_norm_1/aten.native_layer_norm.default/MVN,MVN,jit_avx2_f32,EXECUTED,0.02,0.02
12,add_53/aten.add.Tensor/Add,Subgraph,jit_avx2_f32,EXECUTED,0.031,0.031
12,linear_8/aten.linear.default/Add,FullyConnected,brgemm_avx2_f32,EXECUTED,0.28200000000000003,0.28200000000000003
12,Multiply_13578,Multiply,undef,NOT_RUN,0.0,0.0
12,view_92/aten.view.default/Reshape,Reshape,unknown_f32,NOT_RUN,0.0,0.0
12,permute_8/aten.permute.default/Transpose,Transpose,unknown_f32,EXECUTED,0.016,0.016
12,linear_9/aten.linear.default/Add,FullyConnected,gemm_mlas_f32,EXECUTED,0.263,0.263
12,view_93/aten.view.default/Reshape,Reshape,unknown_f32,NOT_RUN,0.0,0.0
12,Transpose_12133,Transpose,unknown_f32,EXECUTED,0.039,0.039
12,linear_10/aten.linear.default/Add,FullyConnected,gemm_mlas_f32,EXECUTED,0.264,0.264
12,view_94/aten.view.default/Reshape,Reshape,unknown_f32,NOT_RUN,0.0,0.0
12,permute_10/aten.permute.default/Transpose,Transpose,unknown_f32,EXECUTED,0.012,0.012
12,bmm_3/aten.bmm.default/MatMul,Subgraph,jit_avx2_f32,EXECUTED,0.37,0.37
12,permute_12/aten.permute.default/Transpose,Transpose,unknown_f32,EXECUTED,0.02,0.02
12,view_95/aten.view.default/Reshape,Reshape,unknown_f32,NOT_RUN,0.0,0.0
12,linear_11/aten.linear.default/Add,FullyConnected,gemm_mlas_f32,EXECUTED,0.289,0.289
12,view_96/aten.view.default/Reshape,Reshape,unknown_f32,NOT_RUN,0.0,0.0
12,add_54/aten.add.Tensor/Add,Subgraph,jit_avx2_f32,EXECUTED,0.015000000000000001,0.015000000000000001
12,native_layer_norm_2/aten.native_layer_norm.default/MVN,MVN,jit_avx2_f32,EXECUTED,0.014,0.014
12,native_layer_norm_2/aten.native_layer_norm.default/Add,Subgraph,jit_avx2_f32,EXECUTED,0.006,0.006
12,linear_12/aten.linear.default/Add,FullyConnected,brgemm_avx2_f32,EXECUTED,1.286,1.286
12,relu_18/aten.relu.default/Relu,Relu,undef,NOT_RUN,0.0,0.0
12,linear_13/aten.linear.default/Add,FullyConnected,gemm_mlas_f32,EXECUTED,1.397,1.397
12,add_55/aten.add.Tensor/Add,Subgraph,jit_avx2_f32,EXECUTED,0.023,0.023
12,native_layer_norm_3/aten.native_layer_norm.default/MVN,MVN,jit_avx2_f32,EXECUTED,0.018000000000000002,0.018000000000000002
12,add_56/aten.add.Tensor/Add,Subgraph,jit_avx2_f32,EXECUTED,0.026,0.026
12,linear_14/aten.linear.default/Add,FullyConnected,brgemm_avx2_f32,EXECUTED,0.27799999999999997,0.27799999999999997
12,Multiply_13580,Multiply,undef,NOT_RUN,0.0,0.0
12,view_98/aten.view.default/Reshape,Reshape,unknown_f32,NOT_RUN,0.0,0.0
12,permute_13/aten.permute.default/Transpose,Transpose,unknown_f32,EXECUTED,0.017,0.017
12,linear_15/aten.linear.default/Add,FullyConnected,gemm_mlas_f32,EXECUTED,0.314,0.314
12,view_99/aten.view.default/Reshape,Reshape,unknown_f32,NOT_RUN,0.0,0.0
12,Transpose_12162,Transpose,unknown_f32,EXECUTED,0.049,0.049
12,linear_16/aten.linear.default/Add,FullyConnected,gemm_mlas_f32,EXECUTED,0.27599999999999997,0.27599999999999997
12,view_100/aten.view.default/Reshape,Reshape,unknown_f32,NOT_RUN,0.0,0.0
12,permute_15/aten.permute.default/Transpose,Transpose,unknown_f32,EXECUTED,0.012,0.012
12,bmm_5/aten.bmm.default/MatMul,Subgraph,jit_avx2_f32,EXECUTED,0.426,0.426
12,permute_17/aten.permute.default/Transpose,Transpose,unknown_f32,EXECUTED,0.025,0.025
12,view_101/aten.view.default/Reshape,Reshape,unknown_f32,NOT_RUN,0.0,0.0
12,linear_17/aten.linear.default/Add,FullyConnected,gemm_mlas_f32,EXECUTED,0.318,0.318
12,view_102/aten.view.default/Reshape,Reshape,unknown_f32,NOT_RUN,0.0,0.0
12,add_57/aten.add.Tensor/Add,Subgraph,jit_avx2_f32,EXECUTED,0.019,0.019
12,native_layer_norm_4/aten.native_layer_norm.default/MVN,MVN,jit_avx2_f32,EXECUTED,0.013,0.013
12,native_layer_norm_4/aten.native_layer_norm.default/Add,Subgraph,jit_avx2_f32,EXECUTED,0.012,0.012
12,linear_18/aten.linear.default/Add,FullyConnected,brgemm_avx2_f32,EXECUTED,1.327,1.327
12,relu_19/aten.relu.default/Relu,Relu,undef,NOT_RUN,0.0,0.0
12,linear_19/aten.linear.default/Add,FullyConnected,gemm_mlas_f32,EXECUTED,1.3960000000000001,1.3960000000000001
12,add_58/aten.add.Tensor/Add,Subgraph,jit_avx2_f32,EXECUTED,0.024,0.024
12,native_layer_norm_5/aten.native_layer_norm.default/MVN,MVN,jit_avx2_f32,EXECUTED,0.020999999999999998,0.020999999999999998
12,add_59/aten.add.Tensor/Add,Subgraph,jit_avx2_f32,EXECUTED,0.029,0.029
12,linear_20/aten.linear.default/Add,FullyConnected,brgemm_avx2_f32,EXECUTED,0.265,0.265
12,Multiply_13582,Multiply,undef,NOT_RUN,0.0,0.0
12,view_104/aten.view.default/Reshape,Reshape,unknown_f32,NOT_RUN,0.0,0.0
12,permute_18/aten.permute.default/Transpose,Transpose,unknown_f32,EXECUTED,0.014,0.014
12,linear_21/aten.linear.default/Add,FullyConnected,gemm_mlas_f32,EXECUTED,0.259,0.259
12,view_105/aten.view.default/Reshape,Reshape,unknown_f32,NOT_RUN,0.0,0.0
12,Transpose_12191,Transpose,unknown_f32,EXECUTED,0.034,0.034
12,linear_22/aten.linear.default/Add,FullyConnected,gemm_mlas_f32,EXECUTED,0.244,0.244
12,view_106/aten.view.default/Reshape,Reshape,unknown_f32,NOT_RUN,0.0,0.0
12,permute_20/aten.permute.default/Transpose,Transpose,unknown_f32,EXECUTED,0.009000000000000001,0.009000000000000001
12,bmm_7/aten.bmm.default/MatMul,Subgraph,jit_avx2_f32,EXECUTED,0.371,0.371
12,permute_22/aten.permute.default/Transpose,Transpose,unknown_f32,EXECUTED,0.019,0.019
12,view_107/aten.view.default/Reshape,Reshape,unknown_f32,NOT_RUN,0.0,0.0
12,linear_23/aten.linear.default/Add,FullyConnected,gemm_mlas_f32,EXECUTED,0.305,0.305
12,view_108/aten.view.default/Reshape,Reshape,unknown_f32,NOT_RUN,0.0,0.0
12,add_60/aten.add.Tensor/Add,Subgraph,jit_avx2_f32,EXECUTED,0.015000000000000001,0.015000000000000001
12,native_layer_norm_6/aten.native_layer_norm.default/MVN,MVN,jit_avx2_f32,EXECUTED,0.016,0.016
12,native_layer_norm_6/aten.native_layer_norm.default/Add,Subgraph,jit_avx2_f32,EXECUTED,0.007,0.007
12,linear_24/aten.linear.default/Add,FullyConnected,brgemm_avx2_f32,EXECUTED,1.321,1.321
12,relu_20/aten.relu.default/Relu,Relu,undef,NOT_RUN,0.0,0.0
12,linear_25/aten.linear.default/Add,FullyConnected,gemm_mlas_f32,EXECUTED,1.416,1.416
12,add_61/aten.add.Tensor/Add,Subgraph,jit_avx2_f32,EXECUTED,0.023,0.023
12,native_layer_norm_7/aten.native_layer_norm.default/MVN,MVN,jit_avx2_f32,EXECUTED,0.018000000000000002,0.018000000000000002
12,add_65/aten.add.Tensor/Add,Subgraph,jit_avx2_f32,EXECUTED,0.024,0.024
12,linear_31/aten.linear.default/Add,FullyConnected,gemm_mlas_f32,EXECUTED,0.29300000000000004,0.29300000000000004
12,view_117/aten.view.default/Reshape,Reshape,unknown_f32,NOT_RUN,0.0,0.0
12,Transpose_12220,Transpose,unknown_f32,EXECUTED,0.049,0.049
12,linear_32/aten.linear.default/Add,FullyConnected,gemm_mlas_f32,EXECUTED,0.296,0.296
12,view_118/aten.view.default/Reshape,Reshape,unknown_f32,NOT_RUN,0.0,0.0
12,permute_30/aten.permute.default/Transpose,Transpose,unknown_f32,EXECUTED,0.011,0.011
12,bmm_11/aten.bmm.default/MatMul,Subgraph,jit_avx2_f32,EXECUTED,0.221,0.221
12,permute_32/aten.permute.default/Transpose,Transpose,unknown_f32,EXECUTED,0.008,0.008
12,view_119/aten.view.default/Reshape,Reshape,unknown_f32,NOT_RUN,0.0,0.0
12,linear_33/aten.linear.default/Add,FullyConnected,gemm_mlas_f32,EXECUTED,0.14400000000000002,0.14400000000000002
12,view_120/aten.view.default/Reshape,Reshape,unknown_f32,NOT_RUN,0.0,0.0
12,add_66/aten.add.Tensor/Add,Subgraph,jit_avx2_f32,EXECUTED,0.012,0.012
12,native_layer_norm_9/aten.native_layer_norm.default/MVN,MVN,jit_avx2_f32,EXECUTED,0.006,0.006
12,native_layer_norm_9/aten.native_layer_norm.default/Add,Subgraph,jit_avx2_f32,EXECUTED,0.005,0.005
12,linear_34/aten.linear.default/Add,FullyConnected,brgemm_avx2_f32,EXECUTED,0.512,0.512
12,relu_21/aten.relu.default/Relu,Relu,undef,NOT_RUN,0.0,0.0
12,linear_35/aten.linear.default/Add,FullyConnected,gemm_mlas_f32,EXECUTED,0.5810000000000001,0.5810000000000001
12,add_67/aten.add.Tensor/Add,Subgraph,jit_avx2_f32,EXECUTED,0.013,0.013
12,native_layer_norm_10/aten.native_layer_norm.default/MVN,MVN,jit_avx2_f32,EXECUTED,0.008,0.008
12,native_layer_norm_10/aten.native_layer_norm.default/Add,Subgraph,jit_avx2_f32,EXECUTED,0.003,0.003
12,native_layer_norm_11/aten.native_layer_norm.default/MVN,MVN,jit_avx2_f32,EXECUTED,0.006,0.006
12,native_layer_norm_11/aten.native_layer_norm.default/Add,Subgraph,jit_avx2_f32,EXECUTED,0.003,0.003
12,permute_33/aten.permute.default/Transpose,Reshape,unknown_f32,NOT_RUN,0.0,0.0
12,linear_36/aten.linear.default/Add,FullyConnected,gemm_mlas_f32,EXECUTED,0.011,0.011
12,Result_6085,Result,unknown_f32,NOT_RUN,0.0,0.0
13,state,Parameter,unknown_f32,NOT_RUN,0.0,0.0
13,linear_1/aten.linear.default/Add,FullyConnected,gemm_mlas_f32,EXECUTED,0.044,0.044
13,wrist_image,Parameter,unknown_f32,NOT_RUN,0.0,0.0
13,wrist_image_abcd_acdb_mul_2/aten.mul.Tensor/Multiply,Reorder,jit_uni_f32,EXECUTED,0.241,0.241
13,mul_2/aten.mul.Tensor/Multiply,Convolution,brgconv_avx2_f32,EXECUTED,1.996,1.996
13,relu/aten.relu.default/Relu,Relu,undef,NOT_RUN,0.0,0.0
13,max_pool2d_with_indices/aten.max_pool2d_with_indices.default/MaxPool,MaxPool,jit_avx2_f32,EXECUTED,0.34299999999999997,0.34299999999999997
13,mul_5/aten.mul.Tensor/Multiply,Convolution,brgconv_avx2_f32,EXECUTED,1.903,1.903
13,relu_1/aten.relu.default/Relu,Relu,undef,NOT_RUN,0.0,0.0
13,mul_8/aten.mul.Tensor/Multiply,Convolution,brgconv_avx2_f32,EXECUTED,1.879,1.879
13,add_6/aten.add.Tensor/Add,Add,undef,NOT_RUN,0.0,0.0
13,relu_2/aten.relu.default/Relu,Relu,undef,NOT_RUN,0.0,0.0
13,mul_11/aten.mul.Tensor/Multiply,Convolution,brgconv_avx2_f32,EXECUTED,1.96,1.96
13,relu_3/aten.relu.default/Relu,Relu,undef,NOT_RUN,0.0,0.0
13,mul_14/aten.mul.Tensor/Multiply,Convolution,brgconv_avx2_f32,EXECUTED,1.934,1.934
13,add_11/aten.add.Tensor/Add,Add,undef,NOT_RUN,0.0,0.0
13,relu_4/aten.relu.default/Relu,Relu,undef,NOT_RUN,0.0,0.0
13,mul_17/aten.mul.Tensor/Multiply,Convolution,brgconv_avx2_f32,EXECUTED,1.055,1.055
13,relu_5/aten.relu.default/Relu,Relu,undef,NOT_RUN,0.0,0.0
13,mul_23/aten.mul.Tensor/Multiply,Convolution,brgconv_avx2_1x1_f32,EXECUTED,0.212,0.212
13,mul_20/aten.mul.Tensor/Multiply,Convolution,brgconv_avx2_f32,EXECUTED,1.8190000000000002,1.8190000000000002
13,add_18/aten.add.Tensor/Add,Add,undef,NOT_RUN,0.0,0.0
13,relu_6/aten.relu.default/Relu,Relu,undef,NOT_RUN,0.0,0.0
13,mul_26/aten.mul.Tensor/Multiply,Convolution,brgconv_avx2_f32,EXECUTED,1.818,1.818
13,relu_7/aten.relu.default/Relu,Relu,undef,NOT_RUN,0.0,0.0
13,mul_29/aten.mul.Tensor/Multiply,Convolution,brgconv_avx2_f32,EXECUTED,1.857,1.857
13,add_23/aten.add.Tensor/Add,Add,undef,NOT_RUN,0.0,0.0
13,relu_8/aten.relu.default/Relu,Relu,undef,NOT_RUN,0.0,0.0
13,mul_32/aten.mul.Tensor/Multiply,Convolution,brgconv_avx2_f32,EXECUTED,1.024,1.024
13,relu_9/aten.relu.default/Relu,Relu,undef,NOT_RUN,0.0,0.0
13,mul_38/aten.mul.Tensor/Multiply,Convolution,brgconv_avx2_1x1_f32,EXECUTED,0.225,0.225
13,mul_35/aten.mul.Tensor/Multiply,Convolution,brgconv_avx2_f32,EXECUTED,1.8090000000000002,1.8090000000000002
13,add_30/aten.add.Tensor/Add,Add,undef,NOT_RUN,0.0,0.0
13,relu_10/aten.relu.default/Relu,Relu,undef,NOT_RUN,0.0,0.0
13,mul_41/aten.mul.Tensor/Multiply,Convolution,brgconv_avx2_f32,EXECUTED,1.8639999999999999,1.8639999999999999
13,relu_11/aten.relu.default/Relu,Relu,undef,NOT_RUN,0.0,0.0
13,mul_44/aten.mul.Tensor/Multiply,Convolution,brgconv_avx2_f32,EXECUTED,1.9040000000000001,1.9040000000000001
13,add_35/aten.add.Tensor/Add,Add,undef,NOT_RUN,0.0,0.0
13,relu_12/aten.relu.default/Relu,Relu,undef,NOT_RUN,0.0,0.0
13,mul_47/aten.mul.Tensor/Multiply,Convolution,brgconv_avx2_f32,EXECUTED,1.0859999999999999,1.0859999999999999
13,relu_13/aten.relu.default/Relu,Relu,undef,NOT_RUN,0.0,0.0
13,mul_53/aten.mul.Tensor/Multiply,Convolution,brgconv_avx2_1x1_f32,EXECUTED,0.268,0.268
13,mul_50/aten.mul.Tensor/Multiply,Convolution,brgconv_avx2_f32,EXECUTED,1.7979999999999998,1.7979999999999998
13,add_42/aten.add.Tensor/Add,Add,undef,NOT_RUN,0.0,0.0
13,relu_14/aten.relu.default/Relu,Relu,undef,NOT_RUN,0.0,0.0
13,mul_56/aten.mul.Tensor/Multiply,Convolution,brgconv_avx2_f32,EXECUTED,1.841,1.841
13,relu_15/aten.relu.default/Relu,Relu,undef,NOT_RUN,0.0,0.0
13,mul_59/aten.mul.Tensor/Multiply,Convolution,brgconv_avx2_f32,EXECUTED,1.829,1.829
13,add_47/aten.add.Tensor/Add,Add,undef,NOT_RUN,0.0,0.0
13,relu_16/aten.relu.default/Relu,Relu,undef,NOT_RUN,0.0,0.0
13,convolution_20/aten.convolution.default/Convolution,Convolution,brgconv_avx2_1x1_f32,EXECUTED,0.383,0.383
13,permute_1/aten.permute.default/Transpose,Transpose,unknown_f32,EXECUTED,0.039,0.039
13,permute_1/aten.permute.default/Transpose_acdb_abcd_view_82/aten.view.default/Reshape,Reorder,reorder_f32,EXECUTED,0.027,0.027
13,view_82/aten.view.default/Reshape,Reshape,unknown_f32,NOT_RUN,0.0,0.0
13,select_5/aten.select.int/Gather,Gather,unknown_f32,NOT_RUN,0.0,0.0
13,select_6/aten.select.int/Gather,Gather,unknown_f32,NOT_RUN,0.0,0.0
13,select_7/aten.select.int/Gather,Gather,unknown_f32,NOT_RUN,0.0,0.0
13,select_8/aten.select.int/Gather,Gather,unknown_f32,NOT_RUN,0.0,0.0
13,select_9/aten.select.int/Gather,Gather,unknown_f32,NOT_RUN,0.0,0.0
13,select_10/aten.select.int/Gather,Gather,unknown_f32,NOT_RUN,0.0,0.0
13,select_11/aten.select.int/Gather,Gather,unknown_f32,NOT_RUN,0.0,0.0
13,select_12/aten.select.int/Gather,Gather,unknown_f32,NOT_RUN,0.0,0.0
13,select_13/aten.select.int/Gather,Gather,unknown_f32,NOT_RUN,0.0,0.0
13,select_14/aten.select.int/Gather,Gather,unknown_f32,NOT_RUN,0.0,0.0
13,select_15/aten.select.int/Gather,Gather,unknown_f32,NOT_RUN,0.0,0.0
13,select_16/aten.select.int/Gather,Gather,unknown_f32,NOT_RUN,0.0,0.0
13,select_17/aten.select.int/Gather,Gather,unknown_f32,NOT_RUN,0.0,0.0
13,select_18/aten.select.int/Gather,Gather,unknown_f32,NOT_RUN,0.0,0.0
13,select_19/aten.select.int/Gather,Gather,unknown_f32,NOT_RUN,0.0,0.0
13,select_20/aten.select.int/Gather,Gather,unknown_f32,NOT_RUN,0.0,0.0
13,select_21/aten.select.int/Gather,Gather,unknown_f32,NOT_RUN,0.0,0.0
13,select_22/aten.select.int/Gather,Gather,unknown_f32,NOT_RUN,0.0,0.0
13,select_23/aten.select.int/Gather,Gather,unknown_f32,NOT_RUN,0.0,0.0
13,select_24/aten.select.int/Gather,Gather,unknown_f32,NOT_RUN,0.0,0.0
13,select_25/aten.select.int/Gather,Gather,unknown_f32,NOT_RUN,0.0,0.0
13,select_26/aten.select.int/Gather,Gather,unknown_f32,NOT_RUN,0.0,0.0
13,select_27/aten.select.int/Gather,Gather,unknown_f32,NOT_RUN,0.0,0.0
13,select_28/aten.select.int/Gather,Gather,unknown_f32,NOT_RUN,0.0,0.0
13,select_29/aten.select.int/Gather,Gather,unknown_f32,NOT_RUN,0.0,0.0
13,select_30/aten.select.int/Gather,Gather,unknown_f32,NOT_RUN,0.0,0.0
13,select_31/aten.select.int/Gather,Gather,unknown_f32,NOT_RUN,0.0,0.0
13,select_32/aten.select.int/Gather,Gather,unknown_f32,NOT_RUN,0.0,0.0
13,select_33/aten.select.int/Gather,Gather,unknown_f32,NOT_RUN,0.0,0.0
13,select_34/aten.select.int/Gather,Gather,unknown_f32,NOT_RUN,0.0,0.0
13,select_35/aten.select.int/Gather,Gather,unknown_f32,NOT_RUN,0.0,0.0
13,select_36/aten.select.int/Gather,Gather,unknown_f32,NOT_RUN,0.0,0.0
13,select_37/aten.select.int/Gather,Gather,unknown_f32,NOT_RUN,0.0,0.0
13,select_38/aten.select.int/Gather,Gather,unknown_f32,NOT_RUN,0.0,0.0
13,select_39/aten.select.int/Gather,Gather,unknown_f32,NOT_RUN,0.0,0.0
13,select_40/aten.select.int/Gather,Gather,unknown_f32,NOT_RUN,0.0,0.0
13,select_41/aten.select.int/Gather,Gather,unknown_f32,NOT_RUN,0.0,0.0
13,select_42/aten.select.int/Gather,Gather,unknown_f32,NOT_RUN,0.0,0.0
13,select_43/aten.select.int/Gather,Gather,unknown_f32,NOT_RUN,0.0,0.0
13,select_44/aten.select.int/Gather,Gather,unknown_f32,NOT_RUN,0.0,0.0
13,select_45/aten.select.int/Gather,Gather,unknown_f32,NOT_RUN,0.0,0.0
13,select_46/aten.select.int/Gather,Gather,unknown_f32,NOT_RUN,0.0,0.0
13,select_47/aten.select.int/Gather,Gather,unknown_f32,NOT_RUN,0.0,0.0
13,select_48/aten.select.int/Gather,Gather,unknown_f32,NOT_RUN,0.0,0.0
13,select_49/aten.select.int/Gather,Gather,unknown_f32,NOT_RUN,0.0,0.0
13,select_50/aten.select.int/Gather,Gather,unknown_f32,NOT_RUN,0.0,0.0
13,select_51/aten.select.int/Gather,Gather,unknown_f32,NOT_RUN,0.0,0.0
13,select_52/aten.select.int/Gather,Gather,unknown_f32,NOT_RUN,0.0,0.0
13,select_53/aten.select.int/Gather,Gather,unknown_f32,NOT_RUN,0.0,0.0
13,select_54/aten.select.int/Gather,Gather,unknown_f32,NOT_RUN,0.0,0.0
13,select_55/aten.select.int/Gather,Gather,unknown_f32,NOT_RUN,0.0,0.0
13,select_56/aten.select.int/Gather,Gather,unknown_f32,NOT_RUN,0.0,0.0
13,select_57/aten.select.int/Gather,Gather,unknown_f32,NOT_RUN,0.0,0.0
13,select_58/aten.select.int/Gather,Gather,unknown_f32,NOT_RUN,0.0,0.0
13,select_59/aten.select.int/Gather,Gather,unknown_f32,NOT_RUN,0.0,0.0
13,select_60/aten.select.int/Gather,Gather,unknown_f32,NOT_RUN,0.0,0.0
13,select_61/aten.select.int/Gather,Gather,unknown_f32,NOT_RUN,0.0,0.0
13,select_62/aten.select.int/Gather,Gather,unknown_f32,NOT_RUN,0.0,0.0
13,select_63/aten.select.int/Gather,Gather,unknown_f32,NOT_RUN,0.0,0.0
13,select_64/aten.select.int/Gather,Gather,unknown_f32,NOT_RUN,0.0,0.0
13,select_65/aten.select.int/Gather,Gather,unknown_f32,NOT_RUN,0.0,0.0
13,select_66/aten.select.int/Gather,Gather,unknown_f32,NOT_RUN,0.0,0.0
13,select_67/aten.select.int/Gather,Gather,unknown_f32,NOT_RUN,0.0,0.0
13,select_68/aten.select.int/Gather,Gather,unknown_f32,NOT_RUN,0.0,0.0
13,select_69/aten.select.int/Gather,Gather,unknown_f32,NOT_RUN,0.0,0.0
13,select_70/aten.select.int/Gather,Gather,unknown_f32,NOT_RUN,0.0,0.0
13,select_71/aten.select.int/Gather,Gather,unknown_f32,NOT_RUN,0.0,0.0
13,select_72/aten.select.int/Gather,Gather,unknown_f32,NOT_RUN,0.0,0.0
13,select_73/aten.select.int/Gather,Gather,unknown_f32,NOT_RUN,0.0,0.0
13,select_74/aten.select.int/Gather,Gather,unknown_f32,NOT_RUN,0.0,0.0
13,select_75/aten.select.int/Gather,Gather,unknown_f32,NOT_RUN,0.0,0.0
13,select_76/aten.select.int/Gather,Gather,unknown_f32,NOT_RUN,0.0,0.0
13,select_77/aten.select.int/Gather,Gather,unknown_f32,NOT_RUN,0.0,0.0
13,select_78/aten.select.int/Gather,Gather,unknown_f32,NOT_RUN,0.0,0.0
13,select_79/aten.select.int/Gather,Gather,unknown_f32,NOT_RUN,0.0,0.0
13,select_80/aten.select.int/Gather,Gather,unknown_f32,NOT_RUN,0.0,0.0
13,select_81/aten.select.int/Gather,Gather,unknown_f32,NOT_RUN,0.0,0.0
13,select_82/aten.select.int/Gather,Gather,unknown_f32,NOT_RUN,0.0,0.0
13,select_83/aten.select.int/Gather,Gather,unknown_f32,NOT_RUN,0.0,0.0
13,select_84/aten.select.int/Gather,Gather,unknown_f32,NOT_RUN,0.0,0.0
13,select_85/aten.select.int/Gather,Gather,unknown_f32,NOT_RUN,0.0,0.0
13,select_86/aten.select.int/Gather,Gather,unknown_f32,NOT_RUN,0.0,0.0
13,select_87/aten.select.int/Gather,Gather,unknown_f32,NOT_RUN,0.0,0.0
13,select_88/aten.select.int/Gather,Gather,unknown_f32,NOT_RUN,0.0,0.0
13,select_89/aten.select.int/Gather,Gather,unknown_f32,NOT_RUN,0.0,0.0
13,select_90/aten.select.int/Gather,Gather,unknown_f32,NOT_RUN,0.0,0.0
13,select_91/aten.select.int/Gather,Gather,unknown_f32,NOT_RUN,0.0,0.0
13,select_92/aten.select.int/Gather,Gather,unknown_f32,NOT_RUN,0.0,0.0
13,select_93/aten.select.int/Gather,Gather,unknown_f32,NOT_RUN,0.0,0.0
13,select_94/aten.select.int/Gather,Gather,unknown_f32,NOT_RUN,0.0,0.0
13,select_95/aten.select.int/Gather,Gather,unknown_f32,NOT_RUN,0.0,0.0
13,select_96/aten.select.int/Gather,Gather,unknown_f32,NOT_RUN,0.0,0.0
13,select_97/aten.select.int/Gather,Gather,unknown_f32,NOT_RUN,0.0,0.0
13,select_98/aten.select.int/Gather,Gather,unknown_f32,NOT_RUN,0.0,0.0
13,select_99/aten.select.int/Gather,Gather,unknown_f32,NOT_RUN,0.0,0.0
13,select_100/aten.select.int/Gather,Gather,unknown_f32,NOT_RUN,0.0,0.0
13,select_101/aten.select.int/Gather,Gather,unknown_f32,NOT_RUN,0.0,0.0
13,select_102/aten.select.int/Gather,Gather,unknown_f32,NOT_RUN,0.0,0.0
13,select_103/aten.select.int/Gather,Gather,unknown_f32,NOT_RUN,0.0,0.0
13,select_104/aten.select.int/Gather,Gather,unknown_f32,NOT_RUN,0.0,0.0
13,select_105/aten.select.int/Gather,Gather,unknown_f32,NOT_RUN,0.0,0.0
13,select_106/aten.select.int/Gather,Gather,unknown_f32,NOT_RUN,0.0,0.0
13,select_107/aten.select.int/Gather,Gather,unknown_f32,NOT_RUN,0.0,0.0
13,select_108/aten.select.int/Gather,Gather,unknown_f32,NOT_RUN,0.0,0.0
13,select_109/aten.select.int/Gather,Gather,unknown_f32,NOT_RUN,0.0,0.0
13,select_110/aten.select.int/Gather,Gather,unknown_f32,NOT_RUN,0.0,0.0
13,select_111/aten.select.int/Gather,Gather,unknown_f32,NOT_RUN,0.0,0.0
13,select_112/aten.select.int/Gather,Gather,unknown_f32,NOT_RUN,0.0,0.0
13,select_113/aten.select.int/Gather,Gather,unknown_f32,NOT_RUN,0.0,0.0
13,select_114/aten.select.int/Gather,Gather,unknown_f32,NOT_RUN,0.0,0.0
13,select_115/aten.select.int/Gather,Gather,unknown_f32,NOT_RUN,0.0,0.0
13,select_116/aten.select.int/Gather,Gather,unknown_f32,NOT_RUN,0.0,0.0
13,select_117/aten.select.int/Gather,Gather,unknown_f32,NOT_RUN,0.0,0.0
13,select_118/aten.select.int/Gather,Gather,unknown_f32,NOT_RUN,0.0,0.0
13,select_119/aten.select.int/Gather,Gather,unknown_f32,NOT_RUN,0.0,0.0
13,select_120/aten.select.int/Gather,Gather,unknown_f32,NOT_RUN,0.0,0.0
13,select_121/aten.select.int/Gather,Gather,unknown_f32,NOT_RUN,0.0,0.0
13,select_122/aten.select.int/Gather,Gather,unknown_f32,NOT_RUN,0.0,0.0
13,select_123/aten.select.int/Gather,Gather,unknown_f32,NOT_RUN,0.0,0.0
13,select_124/aten.select.int/Gather,Gather,unknown_f32,NOT_RUN,0.0,0.0
13,select_125/aten.select.int/Gather,Gather,unknown_f32,NOT_RUN,0.0,0.0
13,select_126/aten.select.int/Gather,Gather,unknown_f32,NOT_RUN,0.0,0.0
13,select_127/aten.select.int/Gather,Gather,unknown_f32,NOT_RUN,0.0,0.0
13,select_128/aten.select.int/Gather,Gather,unknown_f32,NOT_RUN,0.0,0.0
13,select_129/aten.select.int/Gather,Gather,unknown_f32,NOT_RUN,0.0,0.0
13,select_130/aten.select.int/Gather,Gather,unknown_f32,NOT_RUN,0.0,0.0
13,select_131/aten.select.int/Gather,Gather,unknown_f32,NOT_RUN,0.0,0.0
13,select_132/aten.select.int/Gather,Gather,unknown_f32,NOT_RUN,0.0,0.0
13,select_133/aten.select.int/Gather,Gather,unknown_f32,NOT_RUN,0.0,0.0
13,select_134/aten.select.int/Gather,Gather,unknown_f32,NOT_RUN,0.0,0.0
13,select_135/aten.select.int/Gather,Gather,unknown_f32,NOT_RUN,0.0,0.0
13,select_136/aten.select.int/Gather,Gather,unknown_f32,NOT_RUN,0.0,0.0
13,select_137/aten.select.int/Gather,Gather,unknown_f32,NOT_RUN,0.0,0.0
13,select_138/aten.select.int/Gather,Gather,unknown_f32,NOT_RUN,0.0,0.0
13,select_139/aten.select.int/Gather,Gather,unknown_f32,NOT_RUN,0.0,0.0
13,select_140/aten.select.int/Gather,Gather,unknown_f32,NOT_RUN,0.0,0.0
13,select_141/aten.select.int/Gather,Gather,unknown_f32,NOT_RUN,0.0,0.0
13,select_142/aten.select.int/Gather,Gather,unknown_f32,NOT_RUN,0.0,0.0
13,select_143/aten.select.int/Gather,Gather,unknown_f32,NOT_RUN,0.0,0.0
13,select_144/aten.select.int/Gather,Gather,unknown_f32,NOT_RUN,0.0,0.0
13,select_145/aten.select.int/Gather,Gather,unknown_f32,NOT_RUN,0.0,0.0
13,select_146/aten.select.int/Gather,Gather,unknown_f32,NOT_RUN,0.0,0.0
13,select_147/aten.select.int/Gather,Gather,unknown_f32,NOT_RUN,0.0,0.0
13,select_148/aten.select.int/Gather,Gather,unknown_f32,NOT_RUN,0.0,0.0
13,select_149/aten.select.int/Gather,Gather,unknown_f32,NOT_RUN,0.0,0.0
13,select_150/aten.select.int/Gather,Gather,unknown_f32,NOT_RUN,0.0,0.0
13,select_151/aten.select.int/Gather,Gather,unknown_f32,NOT_RUN,0.0,0.0
13,select_152/aten.select.int/Gather,Gather,unknown_f32,NOT_RUN,0.0,0.0
13,select_153/aten.select.int/Gather,Gather,unknown_f32,NOT_RUN,0.0,0.0
13,select_154/aten.select.int/Gather,Gather,unknown_f32,NOT_RUN,0.0,0.0
13,select_155/aten.select.int/Gather,Gather,unknown_f32,NOT_RUN,0.0,0.0
13,select_156/aten.select.int/Gather,Gather,unknown_f32,NOT_RUN,0.0,0.0
13,select_157/aten.select.int/Gather,Gather,unknown_f32,NOT_RUN,0.0,0.0
13,select_158/aten.select.int/Gather,Gather,unknown_f32,NOT_RUN,0.0,0.0
13,select_159/aten.select.int/Gather,Gather,unknown_f32,NOT_RUN,0.0,0.0
13,select_160/aten.select.int/Gather,Gather,unknown_f32,NOT_RUN,0.0,0.0
13,select_161/aten.select.int/Gather,Gather,unknown_f32,NOT_RUN,0.0,0.0
13,select_162/aten.select.int/Gather,Gather,unknown_f32,NOT_RUN,0.0,0.0
13,select_163/aten.select.int/Gather,Gather,unknown_f32,NOT_RUN,0.0,0.0
13,select_164/aten.select.int/Gather,Gather,unknown_f32,NOT_RUN,0.0,0.0
13,select_165/aten.select.int/Gather,Gather,unknown_f32,NOT_RUN,0.0,0.0
13,select_166/aten.select.int/Gather,Gather,unknown_f32,NOT_RUN,0.0,0.0
13,select_167/aten.select.int/Gather,Gather,unknown_f32,NOT_RUN,0.0,0.0
13,select_168/aten.select.int/Gather,Gather,unknown_f32,NOT_RUN,0.0,0.0
13,select_169/aten.select.int/Gather,Gather,unknown_f32,NOT_RUN,0.0,0.0
13,select_170/aten.select.int/Gather,Gather,unknown_f32,NOT_RUN,0.0,0.0
13,select_171/aten.select.int/Gather,Gather,unknown_f32,NOT_RUN,0.0,0.0
13,select_172/aten.select.int/Gather,Gather,unknown_f32,NOT_RUN,0.0,0.0
13,select_173/aten.select.int/Gather,Gather,unknown_f32,NOT_RUN,0.0,0.0
13,select_174/aten.select.int/Gather,Gather,unknown_f32,NOT_RUN,0.0,0.0
13,select_175/aten.select.int/Gather,Gather,unknown_f32,NOT_RUN,0.0,0.0
13,select_176/aten.select.int/Gather,Gather,unknown_f32,NOT_RUN,0.0,0.0
13,select_177/aten.select.int/Gather,Gather,unknown_f32,NOT_RUN,0.0,0.0
13,select_178/aten.select.int/Gather,Gather,unknown_f32,NOT_RUN,0.0,0.0
13,select_179/aten.select.int/Gather,Gather,unknown_f32,NOT_RUN,0.0,0.0
13,select_180/aten.select.int/Gather,Gather,unknown_f32,NOT_RUN,0.0,0.0
13,select_181/aten.select.int/Gather,Gather,unknown_f32,NOT_RUN,0.0,0.0
13,select_182/aten.select.int/Gather,Gather,unknown_f32,NOT_RUN,0.0,0.0
13,select_183/aten.select.int/Gather,Gather,unknown_f32,NOT_RUN,0.0,0.0
13,select_184/aten.select.int/Gather,Gather,unknown_f32,NOT_RUN,0.0,0.0
13,select_185/aten.select.int/Gather,Gather,unknown_f32,NOT_RUN,0.0,0.0
13,select_186/aten.select.int/Gather,Gather,unknown_f32,NOT_RUN,0.0,0.0
13,select_187/aten.select.int/Gather,Gather,unknown_f32,NOT_RUN,0.0,0.0
13,select_188/aten.select.int/Gather,Gather,unknown_f32,NOT_RUN,0.0,0.0
13,select_189/aten.select.int/Gather,Gather,unknown_f32,NOT_RUN,0.0,0.0
13,select_190/aten.select.int/Gather,Gather,unknown_f32,NOT_RUN,0.0,0.0
13,select_191/aten.select.int/Gather,Gather,unknown_f32,NOT_RUN,0.0,0.0
13,select_192/aten.select.int/Gather,Gather,unknown_f32,NOT_RUN,0.0,0.0
13,select_193/aten.select.int/Gather,Gather,unknown_f32,NOT_RUN,0.0,0.0
13,select_194/aten.select.int/Gather,Gather,unknown_f32,NOT_RUN,0.0,0.0
13,select_195/aten.select.int/Gather,Gather,unknown_f32,NOT_RUN,0.0,0.0
13,select_196/aten.select.int/Gather,Gather,unknown_f32,NOT_RUN,0.0,0.0
13,select_197/aten.select.int/Gather,Gather,unknown_f32,NOT_RUN,0.0,0.0
13,select_198/aten.select.int/Gather,Gather,unknown_f32,NOT_RUN,0.0,0.0
13,select_199/aten.select.int/Gather,Gather,unknown_f32,NOT_RUN,0.0,0.0
13,select_200/aten.select.int/Gather,Gather,unknown_f32,NOT_RUN,0.0,0.0
13,select_201/aten.select.int/Gather,Gather,unknown_f32,NOT_RUN,0.0,0.0
13,select_202/aten.select.int/Gather,Gather,unknown_f32,NOT_RUN,0.0,0.0
13,select_203/aten.select.int/Gather,Gather,unknown_f32,NOT_RUN,0.0,0.0
13,select_204/aten.select.int/Gather,Gather,unknown_f32,NOT_RUN,0.0,0.0
13,select_205/aten.select.int/Gather,Gather,unknown_f32,NOT_RUN,0.0,0.0
13,select_206/aten.select.int/Gather,Gather,unknown_f32,NOT_RUN,0.0,0.0
13,select_207/aten.select.int/Gather,Gather,unknown_f32,NOT_RUN,0.0,0.0
13,select_208/aten.select.int/Gather,Gather,unknown_f32,NOT_RUN,0.0,0.0
13,select_209/aten.select.int/Gather,Gather,unknown_f32,NOT_RUN,0.0,0.0
13,select_210/aten.select.int/Gather,Gather,unknown_f32,NOT_RUN,0.0,0.0
13,select_211/aten.select.int/Gather,Gather,unknown_f32,NOT_RUN,0.0,0.0
13,select_212/aten.select.int/Gather,Gather,unknown_f32,NOT_RUN,0.0,0.0
13,select_213/aten.select.int/Gather,Gather,unknown_f32,NOT_RUN,0.0,0.0
13,select_214/aten.select.int/Gather,Gather,unknown_f32,NOT_RUN,0.0,0.0
13,select_215/aten.select.int/Gather,Gather,unknown_f32,NOT_RUN,0.0,0.0
13,select_216/aten.select.int/Gather,Gather,unknown_f32,NOT_RUN,0.0,0.0
13,select_217/aten.select.int/Gather,Gather,unknown_f32,NOT_RUN,0.0,0.0
13,select_218/aten.select.int/Gather,Gather,unknown_f32,NOT_RUN,0.0,0.0
13,select_219/aten.select.int/Gather,Gather,unknown_f32,NOT_RUN,0.0,0.0
13,select_220/aten.select.int/Gather,Gather,unknown_f32,NOT_RUN,0.0,0.0
13,select_221/aten.select.int/Gather,Gather,unknown_f32,NOT_RUN,0.0,0.0
13,select_222/aten.select.int/Gather,Gather,unknown_f32,NOT_RUN,0.0,0.0
13,select_223/aten.select.int/Gather,Gather,unknown_f32,NOT_RUN,0.0,0.0
13,select_224/aten.select.int/Gather,Gather,unknown_f32,NOT_RUN,0.0,0.0
13,select_225/aten.select.int/Gather,Gather,unknown_f32,NOT_RUN,0.0,0.0
13,select_226/aten.select.int/Gather,Gather,unknown_f32,NOT_RUN,0.0,0.0
13,select_227/aten.select.int/Gather,Gather,unknown_f32,NOT_RUN,0.0,0.0
13,select_228/aten.select.int/Gather,Gather,unknown_f32,NOT_RUN,0.0,0.0
13,select_229/aten.select.int/Gather,Gather,unknown_f32,NOT_RUN,0.0,0.0
13,select_230/aten.select.int/Gather,Gather,unknown_f32,NOT_RUN,0.0,0.0
13,select_231/aten.select.int/Gather,Gather,unknown_f32,NOT_RUN,0.0,0.0
13,select_232/aten.select.int/Gather,Gather,unknown_f32,NOT_RUN,0.0,0.0
13,select_233/aten.select.int/Gather,Gather,unknown_f32,NOT_RUN,0.0,0.0
13,select_234/aten.select.int/Gather,Gather,unknown_f32,NOT_RUN,0.0,0.0
13,select_235/aten.select.int/Gather,Gather,unknown_f32,NOT_RUN,0.0,0.0
13,select_236/aten.select.int/Gather,Gather,unknown_f32,NOT_RUN,0.0,0.0
13,select_237/aten.select.int/Gather,Gather,unknown_f32,NOT_RUN,0.0,0.0
13,select_238/aten.select.int/Gather,Gather,unknown_f32,NOT_RUN,0.0,0.0
13,select_239/aten.select.int/Gather,Gather,unknown_f32,NOT_RUN,0.0,0.0
13,select_240/aten.select.int/Gather,Gather,unknown_f32,NOT_RUN,0.0,0.0
13,select_241/aten.select.int/Gather,Gather,unknown_f32,NOT_RUN,0.0,0.0
13,select_242/aten.select.int/Gather,Gather,unknown_f32,NOT_RUN,0.0,0.0
13,select_243/aten.select.int/Gather,Gather,unknown_f32,NOT_RUN,0.0,0.0
13,select_244/aten.select.int/Gather,Gather,unknown_f32,NOT_RUN,0.0,0.0
13,select_245/aten.select.int/Gather,Gather,unknown_f32,NOT_RUN,0.0,0.0
13,select_246/aten.select.int/Gather,Gather,unknown_f32,NOT_RUN,0.0,0.0
13,select_247/aten.select.int/Gather,Gather,unknown_f32,NOT_RUN,0.0,0.0
13,select_248/aten.select.int/Gather,Gather,unknown_f32,NOT_RUN,0.0,0.0
13,select_249/aten.select.int/Gather,Gather,unknown_f32,NOT_RUN,0.0,0.0
13,select_250/aten.select.int/Gather,Gather,unknown_f32,NOT_RUN,0.0,0.0
13,select_251/aten.select.int/Gather,Gather,unknown_f32,NOT_RUN,0.0,0.0
13,select_252/aten.select.int/Gather,Gather,unknown_f32,NOT_RUN,0.0,0.0
13,select_253/aten.select.int/Gather,Gather,unknown_f32,NOT_RUN,0.0,0.0
13,select_254/aten.select.int/Gather,Gather,unknown_f32,NOT_RUN,0.0,0.0
13,select_255/aten.select.int/Gather,Gather,unknown_f32,NOT_RUN,0.0,0.0
13,select_256/aten.select.int/Gather,Gather,unknown_f32,NOT_RUN,0.0,0.0
13,select_257/aten.select.int/Gather,Gather,unknown_f32,NOT_RUN,0.0,0.0
13,select_258/aten.select.int/Gather,Gather,unknown_f32,NOT_RUN,0.0,0.0
13,select_259/aten.select.int/Gather,Gather,unknown_f32,NOT_RUN,0.0,0.0
13,select_260/aten.select.int/Gather,Gather,unknown_f32,NOT_RUN,0.0,0.0
13,select_261/aten.select.int/Gather,Gather,unknown_f32,NOT_RUN,0.0,0.0
13,select_262/aten.select.int/Gather,Gather,unknown_f32,NOT_RUN,0.0,0.0
13,select_263/aten.select.int/Gather,Gather,unknown_f32,NOT_RUN,0.0,0.0
13,select_264/aten.select.int/Gather,Gather,unknown_f32,NOT_RUN,0.0,0.0
13,select_265/aten.select.int/Gather,Gather,unknown_f32,NOT_RUN,0.0,0.0
13,select_266/aten.select.int/Gather,Gather,unknown_f32,NOT_RUN,0.0,0.0
13,select_267/aten.select.int/Gather,Gather,unknown_f32,NOT_RUN,0.0,0.0
13,select_268/aten.select.int/Gather,Gather,unknown_f32,NOT_RUN,0.0,0.0
13,select_269/aten.select.int/Gather,Gather,unknown_f32,NOT_RUN,0.0,0.0
13,select_270/aten.select.int/Gather,Gather,unknown_f32,NOT_RUN,0.0,0.0
13,select_271/aten.select.int/Gather,Gather,unknown_f32,NOT_RUN,0.0,0.0
13,select_272/aten.select.int/Gather,Gather,unknown_f32,NOT_RUN,0.0,0.0
13,select_273/aten.select.int/Gather,Gather,unknown_f32,NOT_RUN,0.0,0.0
13,select_274/aten.select.int/Gather,Gather,unknown_f32,NOT_RUN,0.0,0.0
13,select_275/aten.select.int/Gather,Gather,unknown_f32,NOT_RUN,0.0,0.0
13,select_276/aten.select.int/Gather,Gather,unknown_f32,NOT_RUN,0.0,0.0
13,select_277/aten.select.int/Gather,Gather,unknown_f32,NOT_RUN,0.0,0.0
13,select_278/aten.select.int/Gather,Gather,unknown_f32,NOT_RUN,0.0,0.0
13,select_279/aten.select.int/Gather,Gather,unknown_f32,NOT_RUN,0.0,0.0
13,select_280/aten.select.int/Gather,Gather,unknown_f32,NOT_RUN,0.0,0.0
13,select_281/aten.select.int/Gather,Gather,unknown_f32,NOT_RUN,0.0,0.0
13,select_282/aten.select.int/Gather,Gather,unknown_f32,NOT_RUN,0.0,0.0
13,select_283/aten.select.int/Gather,Gather,unknown_f32,NOT_RUN,0.0,0.0
13,select_284/aten.select.int/Gather,Gather,unknown_f32,NOT_RUN,0.0,0.0
13,select_285/aten.select.int/Gather,Gather,unknown_f32,NOT_RUN,0.0,0.0
13,select_286/aten.select.int/Gather,Gather,unknown_f32,NOT_RUN,0.0,0.0
13,select_287/aten.select.int/Gather,Gather,unknown_f32,NOT_RUN,0.0,0.0
13,select_288/aten.select.int/Gather,Gather,unknown_f32,NOT_RUN,0.0,0.0
13,select_289/aten.select.int/Gather,Gather,unknown_f32,NOT_RUN,0.0,0.0
13,select_290/aten.select.int/Gather,Gather,unknown_f32,NOT_RUN,0.0,0.0
13,select_291/aten.select.int/Gather,Gather,unknown_f32,NOT_RUN,0.0,0.0
13,select_292/aten.select.int/Gather,Gather,unknown_f32,NOT_RUN,0.0,0.0
13,select_293/aten.select.int/Gather,Gather,unknown_f32,NOT_RUN,0.0,0.0
13,select_294/aten.select.int/Gather,Gather,unknown_f32,NOT_RUN,0.0,0.0
13,select_295/aten.select.int/Gather,Gather,unknown_f32,NOT_RUN,0.0,0.0
13,select_296/aten.select.int/Gather,Gather,unknown_f32,NOT_RUN,0.0,0.0
13,select_297/aten.select.int/Gather,Gather,unknown_f32,NOT_RUN,0.0,0.0
13,select_298/aten.select.int/Gather,Gather,unknown_f32,NOT_RUN,0.0,0.0
13,select_299/aten.select.int/Gather,Gather,unknown_f32,NOT_RUN,0.0,0.0
13,select_300/aten.select.int/Gather,Gather,unknown_f32,NOT_RUN,0.0,0.0
13,select_301/aten.select.int/Gather,Gather,unknown_f32,NOT_RUN,0.0,0.0
13,select_302/aten.select.int/Gather,Gather,unknown_f32,NOT_RUN,0.0,0.0
13,select_303/aten.select.int/Gather,Gather,unknown_f32,NOT_RUN,0.0,0.0
13,select_304/aten.select.int/Gather,Gather,unknown_f32,NOT_RUN,0.0,0.0
13,cat_3/aten.cat.default/Concat,Concat,ref_f32,EXECUTED,0.06499999999999999,0.06499999999999999
13,view_84/aten.view.default/Reshape,Reshape,unknown_f32,NOT_RUN,0.0,0.0
13,add_50/aten.add.Tensor/Add,Subgraph,jit_avx2_f32,EXECUTED,0.020999999999999998,0.020999999999999998
13,linear_2/aten.linear.default/Add,FullyConnected,brgemm_avx2_f32,EXECUTED,0.3,0.3
13,Multiply_13576,Multiply,undef,NOT_RUN,0.0,0.0
13,view_86/aten.view.default/Reshape,Reshape,unknown_f32,NOT_RUN,0.0,0.0
13,permute_3/aten.permute.default/Transpose,Transpose,unknown_f32,EXECUTED,0.020999999999999998,0.020999999999999998
13,linear_3/aten.linear.default/Add,FullyConnected,gemm_mlas_f32,EXECUTED,0.32899999999999996,0.32899999999999996
13,view_87/aten.view.default/Reshape,Reshape,unknown_f32,NOT_RUN,0.0,0.0
13,Transpose_12104,Transpose,unknown_f32,EXECUTED,0.052,0.052
13,linear_4/aten.linear.default/Add,FullyConnected,gemm_mlas_f32,EXECUTED,0.326,0.326
13,view_88/aten.view.default/Reshape,Reshape,unknown_f32,NOT_RUN,0.0,0.0
13,permute_5/aten.permute.default/Transpose,Transpose,unknown_f32,EXECUTED,0.015000000000000001,0.015000000000000001
13,bmm_1/aten.bmm.default/MatMul,Subgraph,jit_avx2_f32,EXECUTED,0.444,0.444
13,permute_7/aten.permute.default/Transpose,Transpose,unknown_f32,EXECUTED,0.027,0.027
13,view_89/aten.view.default/Reshape,Reshape,unknown_f32,NOT_RUN,0.0,0.0
13,linear_5/aten.linear.default/Add,FullyConnected,gemm_mlas_f32,EXECUTED,0.358,0.358
13,view_90/aten.view.default/Reshape,Reshape,unknown_f32,NOT_RUN,0.0,0.0
13,add_51/aten.add.Tensor/Add,Subgraph,jit_avx2_f32,EXECUTED,0.022,0.022
13,native_layer_norm/aten.native_layer_norm.default/MVN,MVN,jit_avx2_f32,EXECUTED,0.019,0.019
13,native_layer_norm/aten.native_layer_norm.default/Add,Subgraph,jit_avx2_f32,EXECUTED,0.016,0.016
13,linear_6/aten.linear.default/Add,FullyConnected,brgemm_avx2_f32,EXECUTED,1.3519999999999999,1.3519999999999999
13,relu_17/aten.relu.default/Relu,Relu,undef,NOT_RUN,0.0,0.0
13,linear_7/aten.linear.default/Add,FullyConnected,gemm_mlas_f32,EXECUTED,1.434,1.434
13,add_52/aten.add.Tensor/Add,Subgraph,jit_avx2_f32,EXECUTED,0.025,0.025
13,native_layer_norm_1/aten.native_layer_norm.default/MVN,MVN,jit_avx2_f32,EXECUTED,0.019,0.019
13,add_53/aten.add.Tensor/Add,Subgraph,jit_avx2_f32,EXECUTED,0.030000000000000002,0.030000000000000002
13,linear_8/aten.linear.default/Add,FullyConnected,brgemm_avx2_f32,EXECUTED,0.27799999999999997,0.27799999999999997
13,Multiply_13578,Multiply,undef,NOT_RUN,0.0,0.0
13,view_92/aten.view.default/Reshape,Reshape,unknown_f32,NOT_RUN,0.0,0.0
13,permute_8/aten.permute.default/Transpose,Transpose,unknown_f32,EXECUTED,0.016,0.016
13,linear_9/aten.linear.default/Add,FullyConnected,gemm_mlas_f32,EXECUTED,0.261,0.261
13,view_93/aten.view.default/Reshape,Reshape,unknown_f32,NOT_RUN,0.0,0.0
13,Transpose_12133,Transpose,unknown_f32,EXECUTED,0.038,0.038
13,linear_10/aten.linear.default/Add,FullyConnected,gemm_mlas_f32,EXECUTED,0.262,0.262
13,view_94/aten.view.default/Reshape,Reshape,unknown_f32,NOT_RUN,0.0,0.0
13,permute_10/aten.permute.default/Transpose,Transpose,unknown_f32,EXECUTED,0.012,0.012
13,bmm_3/aten.bmm.default/MatMul,Subgraph,jit_avx2_f32,EXECUTED,0.36900000000000005,0.36900000000000005
13,permute_12/aten.permute.default/Transpose,Transpose,unknown_f32,EXECUTED,0.02,0.02
13,view_95/aten.view.default/Reshape,Reshape,unknown_f32,NOT_RUN,0.0,0.0
13,linear_11/aten.linear.default/Add,FullyConnected,gemm_mlas_f32,EXECUTED,0.28600000000000003,0.28600000000000003
13,view_96/aten.view.default/Reshape,Reshape,unknown_f32,NOT_RUN,0.0,0.0
13,add_54/aten.add.Tensor/Add,Subgraph,jit_avx2_f32,EXECUTED,0.015000000000000001,0.015000000000000001
13,native_layer_norm_2/aten.native_layer_norm.default/MVN,MVN,jit_avx2_f32,EXECUTED,0.014,0.014
13,native_layer_norm_2/aten.native_layer_norm.default/Add,Subgraph,jit_avx2_f32,EXECUTED,0.006,0.006
13,linear_12/aten.linear.default/Add,FullyConnected,brgemm_avx2_f32,EXECUTED,1.284,1.284
13,relu_18/aten.relu.default/Relu,Relu,undef,NOT_RUN,0.0,0.0
13,linear_13/aten.linear.default/Add,FullyConnected,gemm_mlas_f32,EXECUTED,1.395,1.395
13,add_55/aten.add.Tensor/Add,Subgraph,jit_avx2_f32,EXECUTED,0.023,0.023
13,native_layer_norm_3/aten.native_layer_norm.default/MVN,MVN,jit_avx2_f32,EXECUTED,0.017,0.017
13,add_56/aten.add.Tensor/Add,Subgraph,jit_avx2_f32,EXECUTED,0.026,0.026
13,linear_14/aten.linear.default/Add,FullyConnected,brgemm_avx2_f32,EXECUTED,0.275,0.275
13,Multiply_13580,Multiply,undef,NOT_RUN,0.0,0.0
13,view_98/aten.view.default/Reshape,Reshape,unknown_f32,NOT_RUN,0.0,0.0
13,permute_13/aten.permute.default/Transpose,Transpose,unknown_f32,EXECUTED,0.017,0.017
13,linear_15/aten.linear.default/Add,FullyConnected,gemm_mlas_f32,EXECUTED,0.309,0.309
13,view_99/aten.view.default/Reshape,Reshape,unknown_f32,NOT_RUN,0.0,0.0
13,Transpose_12162,Transpose,unknown_f32,EXECUTED,0.048,0.048
13,linear_16/aten.linear.default/Add,FullyConnected,gemm_mlas_f32,EXECUTED,0.273,0.273
13,view_100/aten.view.default/Reshape,Reshape,unknown_f32,NOT_RUN,0.0,0.0
13,permute_15/aten.permute.default/Transpose,Transpose,unknown_f32,EXECUTED,0.012,0.012
13,bmm_5/aten.bmm.default/MatMul,Subgraph,jit_avx2_f32,EXECUTED,0.422,0.422
13,permute_17/aten.permute.default/Transpose,Transpose,unknown_f32,EXECUTED,0.026,0.026
13,view_101/aten.view.default/Reshape,Reshape,unknown_f32,NOT_RUN,0.0,0.0
13,linear_17/aten.linear.default/Add,FullyConnected,gemm_mlas_f32,EXECUTED,0.321,0.321
13,view_102/aten.view.default/Reshape,Reshape,unknown_f32,NOT_RUN,0.0,0.0
13,add_57/aten.add.Tensor/Add,Subgraph,jit_avx2_f32,EXECUTED,0.02,0.02
13,native_layer_norm_4/aten.native_layer_norm.default/MVN,MVN,jit_avx2_f32,EXECUTED,0.014,0.014
13,native_layer_norm_4/aten.native_layer_norm.default/Add,Subgraph,jit_avx2_f32,EXECUTED,0.012,0.012
13,linear_18/aten.linear.default/Add,FullyConnected,brgemm_avx2_f32,EXECUTED,1.3259999999999998,1.3259999999999998
13,relu_19/aten.relu.default/Relu,Relu,undef,NOT_RUN,0.0,0.0
13,linear_19/aten.linear.default/Add,FullyConnected,gemm_mlas_f32,EXECUTED,1.3960000000000001,1.3960000000000001
13,add_58/aten.add.Tensor/Add,Subgraph,jit_avx2_f32,EXECUTED,0.024,0.024
13,native_layer_norm_5/aten.native_layer_norm.default/MVN,MVN,jit_avx2_f32,EXECUTED,0.022,0.022
13,add_59/aten.add.Tensor/Add,Subgraph,jit_avx2_f32,EXECUTED,0.030000000000000002,0.030000000000000002
13,linear_20/aten.linear.default/Add,FullyConnected,brgemm_avx2_f32,EXECUTED,0.27399999999999997,0.27399999999999997
13,Multiply_13582,Multiply,undef,NOT_RUN,0.0,0.0
13,view_104/aten.view.default/Reshape,Reshape,unknown_f32,NOT_RUN,0.0,0.0
13,permute_18/aten.permute.default/Transpose,Transpose,unknown_f32,EXECUTED,0.014,0.014
13,linear_21/aten.linear.default/Add,FullyConnected,gemm_mlas_f32,EXECUTED,0.268,0.268
13,view_105/aten.view.default/Reshape,Reshape,unknown_f32,NOT_RUN,0.0,0.0
13,Transpose_12191,Transpose,unknown_f32,EXECUTED,0.036000000000000004,0.036000000000000004
13,linear_22/aten.linear.default/Add,FullyConnected,gemm_mlas_f32,EXECUTED,0.253,0.253
13,view_106/aten.view.default/Reshape,Reshape,unknown_f32,NOT_RUN,0.0,0.0
13,permute_20/aten.permute.default/Transpose,Transpose,unknown_f32,EXECUTED,0.01,0.01
13,bmm_7/aten.bmm.default/MatMul,Subgraph,jit_avx2_f32,EXECUTED,0.382,0.382
13,permute_22/aten.permute.default/Transpose,Transpose,unknown_f32,EXECUTED,0.02,0.02
13,view_107/aten.view.default/Reshape,Reshape,unknown_f32,NOT_RUN,0.0,0.0
13,linear_23/aten.linear.default/Add,FullyConnected,gemm_mlas_f32,EXECUTED,0.315,0.315
13,view_108/aten.view.default/Reshape,Reshape,unknown_f32,NOT_RUN,0.0,0.0
13,add_60/aten.add.Tensor/Add,Subgraph,jit_avx2_f32,EXECUTED,0.015000000000000001,0.015000000000000001
13,native_layer_norm_6/aten.native_layer_norm.default/MVN,MVN,jit_avx2_f32,EXECUTED,0.016,0.016
13,native_layer_norm_6/aten.native_layer_norm.default/Add,Subgraph,jit_avx2_f32,EXECUTED,0.007,0.007
13,linear_24/aten.linear.default/Add,FullyConnected,brgemm_avx2_f32,EXECUTED,1.324,1.324
13,relu_20/aten.relu.default/Relu,Relu,undef,NOT_RUN,0.0,0.0
13,linear_25/aten.linear.default/Add,FullyConnected,gemm_mlas_f32,EXECUTED,1.42,1.42
13,add_61/aten.add.Tensor/Add,Subgraph,jit_avx2_f32,EXECUTED,0.023,0.023
13,native_layer_norm_7/aten.native_layer_norm.default/MVN,MVN,jit_avx2_f32,EXECUTED,0.018000000000000002,0.018000000000000002
13,add_65/aten.add.Tensor/Add,Subgraph,jit_avx2_f32,EXECUTED,0.024,0.024
13,linear_31/aten.linear.default/Add,FullyConnected,gemm_mlas_f32,EXECUTED,0.29500000000000004,0.29500000000000004
13,view_117/aten.view.default/Reshape,Reshape,unknown_f32,NOT_RUN,0.0,0.0
13,Transpose_12220,Transpose,unknown_f32,EXECUTED,0.05,0.05
13,linear_32/aten.linear.default/Add,FullyConnected,gemm_mlas_f32,EXECUTED,0.301,0.301
13,view_118/aten.view.default/Reshape,Reshape,unknown_f32,NOT_RUN,0.0,0.0
13,permute_30/aten.permute.default/Transpose,Transpose,unknown_f32,EXECUTED,0.011,0.011
13,bmm_11/aten.bmm.default/MatMul,Subgraph,jit_avx2_f32,EXECUTED,0.224,0.224
13,permute_32/aten.permute.default/Transpose,Transpose,unknown_f32,EXECUTED,0.008,0.008
13,view_119/aten.view.default/Reshape,Reshape,unknown_f32,NOT_RUN,0.0,0.0
13,linear_33/aten.linear.default/Add,FullyConnected,gemm_mlas_f32,EXECUTED,0.15,0.15
13,view_120/aten.view.default/Reshape,Reshape,unknown_f32,NOT_RUN,0.0,0.0
13,add_66/aten.add.Tensor/Add,Subgraph,jit_avx2_f32,EXECUTED,0.012,0.012
13,native_layer_norm_9/aten.native_layer_norm.default/MVN,MVN,jit_avx2_f32,EXECUTED,0.006,0.006
13,native_layer_norm_9/aten.native_layer_norm.default/Add,Subgraph,jit_avx2_f32,EXECUTED,0.005,0.005
13,linear_34/aten.linear.default/Add,FullyConnected,brgemm_avx2_f32,EXECUTED,0.518,0.518
13,relu_21/aten.relu.default/Relu,Relu,undef,NOT_RUN,0.0,0.0
13,linear_35/aten.linear.default/Add,FullyConnected,gemm_mlas_f32,EXECUTED,0.587,0.587
13,add_67/aten.add.Tensor/Add,Subgraph,jit_avx2_f32,EXECUTED,0.014,0.014
13,native_layer_norm_10/aten.native_layer_norm.default/MVN,MVN,jit_avx2_f32,EXECUTED,0.009000000000000001,0.009000000000000001
13,native_layer_norm_10/aten.native_layer_norm.default/Add,Subgraph,jit_avx2_f32,EXECUTED,0.003,0.003
13,native_layer_norm_11/aten.native_layer_norm.default/MVN,MVN,jit_avx2_f32,EXECUTED,0.006,0.006
13,native_layer_norm_11/aten.native_layer_norm.default/Add,Subgraph,jit_avx2_f32,EXECUTED,0.003,0.003
13,permute_33/aten.permute.default/Transpose,Reshape,unknown_f32,NOT_RUN,0.0,0.0
13,linear_36/aten.linear.default/Add,FullyConnected,gemm_mlas_f32,EXECUTED,0.011,0.011
13,Result_6085,Result,unknown_f32,NOT_RUN,0.0,0.0
14,state,Parameter,unknown_f32,NOT_RUN,0.0,0.0
14,linear_1/aten.linear.default/Add,FullyConnected,gemm_mlas_f32,EXECUTED,0.041999999999999996,0.041999999999999996
14,wrist_image,Parameter,unknown_f32,NOT_RUN,0.0,0.0
14,wrist_image_abcd_acdb_mul_2/aten.mul.Tensor/Multiply,Reorder,jit_uni_f32,EXECUTED,0.24000000000000002,0.24000000000000002
14,mul_2/aten.mul.Tensor/Multiply,Convolution,brgconv_avx2_f32,EXECUTED,1.9940000000000002,1.9940000000000002
14,relu/aten.relu.default/Relu,Relu,undef,NOT_RUN,0.0,0.0
14,max_pool2d_with_indices/aten.max_pool2d_with_indices.default/MaxPool,MaxPool,jit_avx2_f32,EXECUTED,0.34099999999999997,0.34099999999999997
14,mul_5/aten.mul.Tensor/Multiply,Convolution,brgconv_avx2_f32,EXECUTED,1.9,1.9
14,relu_1/aten.relu.default/Relu,Relu,undef,NOT_RUN,0.0,0.0
14,mul_8/aten.mul.Tensor/Multiply,Convolution,brgconv_avx2_f32,EXECUTED,1.88,1.88
14,add_6/aten.add.Tensor/Add,Add,undef,NOT_RUN,0.0,0.0
14,relu_2/aten.relu.default/Relu,Relu,undef,NOT_RUN,0.0,0.0
14,mul_11/aten.mul.Tensor/Multiply,Convolution,brgconv_avx2_f32,EXECUTED,1.961,1.961
14,relu_3/aten.relu.default/Relu,Relu,undef,NOT_RUN,0.0,0.0
14,mul_14/aten.mul.Tensor/Multiply,Convolution,brgconv_avx2_f32,EXECUTED,1.934,1.934
14,add_11/aten.add.Tensor/Add,Add,undef,NOT_RUN,0.0,0.0
14,relu_4/aten.relu.default/Relu,Relu,undef,NOT_RUN,0.0,0.0
14,mul_17/aten.mul.Tensor/Multiply,Convolution,brgconv_avx2_f32,EXECUTED,1.053,1.053
14,relu_5/aten.relu.default/Relu,Relu,undef,NOT_RUN,0.0,0.0
14,mul_23/aten.mul.Tensor/Multiply,Convolution,brgconv_avx2_1x1_f32,EXECUTED,0.212,0.212
14,mul_20/aten.mul.Tensor/Multiply,Convolution,brgconv_avx2_f32,EXECUTED,1.814,1.814
14,add_18/aten.add.Tensor/Add,Add,undef,NOT_RUN,0.0,0.0
14,relu_6/aten.relu.default/Relu,Relu,undef,NOT_RUN,0.0,0.0
14,mul_26/aten.mul.Tensor/Multiply,Convolution,brgconv_avx2_f32,EXECUTED,1.812,1.812
14,relu_7/aten.relu.default/Relu,Relu,undef,NOT_RUN,0.0,0.0
14,mul_29/aten.mul.Tensor/Multiply,Convolution,brgconv_avx2_f32,EXECUTED,1.85,1.85
14,add_23/aten.add.Tensor/Add,Add,undef,NOT_RUN,0.0,0.0
14,relu_8/aten.relu.default/Relu,Relu,undef,NOT_RUN,0.0,0.0
14,mul_32/aten.mul.Tensor/Multiply,Convolution,brgconv_avx2_f32,EXECUTED,1.032,1.032
14,relu_9/aten.relu.default/Relu,Relu,undef,NOT_RUN,0.0,0.0
14,mul_38/aten.mul.Tensor/Multiply,Convolution,brgconv_avx2_1x1_f32,EXECUTED,0.219,0.219
14,mul_35/aten.mul.Tensor/Multiply,Convolution,brgconv_avx2_f32,EXECUTED,1.812,1.812
14,add_30/aten.add.Tensor/Add,Add,undef,NOT_RUN,0.0,0.0
14,relu_10/aten.relu.default/Relu,Relu,undef,NOT_RUN,0.0,0.0
14,mul_41/aten.mul.Tensor/Multiply,Convolution,brgconv_avx2_f32,EXECUTED,1.867,1.867
14,relu_11/aten.relu.default/Relu,Relu,undef,NOT_RUN,0.0,0.0
14,mul_44/aten.mul.Tensor/Multiply,Convolution,brgconv_avx2_f32,EXECUTED,1.897,1.897
14,add_35/aten.add.Tensor/Add,Add,undef,NOT_RUN,0.0,0.0
14,relu_12/aten.relu.default/Relu,Relu,undef,NOT_RUN,0.0,0.0
14,mul_47/aten.mul.Tensor/Multiply,Convolution,brgconv_avx2_f32,EXECUTED,1.089,1.089
14,relu_13/aten.relu.default/Relu,Relu,undef,NOT_RUN,0.0,0.0
14,mul_53/aten.mul.Tensor/Multiply,Convolution,brgconv_avx2_1x1_f32,EXECUTED,0.263,0.263
14,mul_50/aten.mul.Tensor/Multiply,Convolution,brgconv_avx2_f32,EXECUTED,1.796,1.796
14,add_42/aten.add.Tensor/Add,Add,undef,NOT_RUN,0.0,0.0
14,relu_14/aten.relu.default/Relu,Relu,undef,NOT_RUN,0.0,0.0
14,mul_56/aten.mul.Tensor/Multiply,Convolution,brgconv_avx2_f32,EXECUTED,1.842,1.842
14,relu_15/aten.relu.default/Relu,Relu,undef,NOT_RUN,0.0,0.0
14,mul_59/aten.mul.Tensor/Multiply,Convolution,brgconv_avx2_f32,EXECUTED,1.829,1.829
14,add_47/aten.add.Tensor/Add,Add,undef,NOT_RUN,0.0,0.0
14,relu_16/aten.relu.default/Relu,Relu,undef,NOT_RUN,0.0,0.0
14,convolution_20/aten.convolution.default/Convolution,Convolution,brgconv_avx2_1x1_f32,EXECUTED,0.38499999999999995,0.38499999999999995
14,permute_1/aten.permute.default/Transpose,Transpose,unknown_f32,EXECUTED,0.04,0.04
14,permute_1/aten.permute.default/Transpose_acdb_abcd_view_82/aten.view.default/Reshape,Reorder,reorder_f32,EXECUTED,0.027,0.027
14,view_82/aten.view.default/Reshape,Reshape,unknown_f32,NOT_RUN,0.0,0.0
14,select_5/aten.select.int/Gather,Gather,unknown_f32,NOT_RUN,0.0,0.0
14,select_6/aten.select.int/Gather,Gather,unknown_f32,NOT_RUN,0.0,0.0
14,select_7/aten.select.int/Gather,Gather,unknown_f32,NOT_RUN,0.0,0.0
14,select_8/aten.select.int/Gather,Gather,unknown_f32,NOT_RUN,0.0,0.0
14,select_9/aten.select.int/Gather,Gather,unknown_f32,NOT_RUN,0.0,0.0
14,select_10/aten.select.int/Gather,Gather,unknown_f32,NOT_RUN,0.0,0.0
14,select_11/aten.select.int/Gather,Gather,unknown_f32,NOT_RUN,0.0,0.0
14,select_12/aten.select.int/Gather,Gather,unknown_f32,NOT_RUN,0.0,0.0
14,select_13/aten.select.int/Gather,Gather,unknown_f32,NOT_RUN,0.0,0.0
14,select_14/aten.select.int/Gather,Gather,unknown_f32,NOT_RUN,0.0,0.0
14,select_15/aten.select.int/Gather,Gather,unknown_f32,NOT_RUN,0.0,0.0
14,select_16/aten.select.int/Gather,Gather,unknown_f32,NOT_RUN,0.0,0.0
14,select_17/aten.select.int/Gather,Gather,unknown_f32,NOT_RUN,0.0,0.0
14,select_18/aten.select.int/Gather,Gather,unknown_f32,NOT_RUN,0.0,0.0
14,select_19/aten.select.int/Gather,Gather,unknown_f32,NOT_RUN,0.0,0.0
14,select_20/aten.select.int/Gather,Gather,unknown_f32,NOT_RUN,0.0,0.0
14,select_21/aten.select.int/Gather,Gather,unknown_f32,NOT_RUN,0.0,0.0
14,select_22/aten.select.int/Gather,Gather,unknown_f32,NOT_RUN,0.0,0.0
14,select_23/aten.select.int/Gather,Gather,unknown_f32,NOT_RUN,0.0,0.0
14,select_24/aten.select.int/Gather,Gather,unknown_f32,NOT_RUN,0.0,0.0
14,select_25/aten.select.int/Gather,Gather,unknown_f32,NOT_RUN,0.0,0.0
14,select_26/aten.select.int/Gather,Gather,unknown_f32,NOT_RUN,0.0,0.0
14,select_27/aten.select.int/Gather,Gather,unknown_f32,NOT_RUN,0.0,0.0
14,select_28/aten.select.int/Gather,Gather,unknown_f32,NOT_RUN,0.0,0.0
14,select_29/aten.select.int/Gather,Gather,unknown_f32,NOT_RUN,0.0,0.0
14,select_30/aten.select.int/Gather,Gather,unknown_f32,NOT_RUN,0.0,0.0
14,select_31/aten.select.int/Gather,Gather,unknown_f32,NOT_RUN,0.0,0.0
14,select_32/aten.select.int/Gather,Gather,unknown_f32,NOT_RUN,0.0,0.0
14,select_33/aten.select.int/Gather,Gather,unknown_f32,NOT_RUN,0.0,0.0
14,select_34/aten.select.int/Gather,Gather,unknown_f32,NOT_RUN,0.0,0.0
14,select_35/aten.select.int/Gather,Gather,unknown_f32,NOT_RUN,0.0,0.0
14,select_36/aten.select.int/Gather,Gather,unknown_f32,NOT_RUN,0.0,0.0
14,select_37/aten.select.int/Gather,Gather,unknown_f32,NOT_RUN,0.0,0.0
14,select_38/aten.select.int/Gather,Gather,unknown_f32,NOT_RUN,0.0,0.0
14,select_39/aten.select.int/Gather,Gather,unknown_f32,NOT_RUN,0.0,0.0
14,select_40/aten.select.int/Gather,Gather,unknown_f32,NOT_RUN,0.0,0.0
14,select_41/aten.select.int/Gather,Gather,unknown_f32,NOT_RUN,0.0,0.0
14,select_42/aten.select.int/Gather,Gather,unknown_f32,NOT_RUN,0.0,0.0
14,select_43/aten.select.int/Gather,Gather,unknown_f32,NOT_RUN,0.0,0.0
14,select_44/aten.select.int/Gather,Gather,unknown_f32,NOT_RUN,0.0,0.0
14,select_45/aten.select.int/Gather,Gather,unknown_f32,NOT_RUN,0.0,0.0
14,select_46/aten.select.int/Gather,Gather,unknown_f32,NOT_RUN,0.0,0.0
14,select_47/aten.select.int/Gather,Gather,unknown_f32,NOT_RUN,0.0,0.0
14,select_48/aten.select.int/Gather,Gather,unknown_f32,NOT_RUN,0.0,0.0
14,select_49/aten.select.int/Gather,Gather,unknown_f32,NOT_RUN,0.0,0.0
14,select_50/aten.select.int/Gather,Gather,unknown_f32,NOT_RUN,0.0,0.0
14,select_51/aten.select.int/Gather,Gather,unknown_f32,NOT_RUN,0.0,0.0
14,select_52/aten.select.int/Gather,Gather,unknown_f32,NOT_RUN,0.0,0.0
14,select_53/aten.select.int/Gather,Gather,unknown_f32,NOT_RUN,0.0,0.0
14,select_54/aten.select.int/Gather,Gather,unknown_f32,NOT_RUN,0.0,0.0
14,select_55/aten.select.int/Gather,Gather,unknown_f32,NOT_RUN,0.0,0.0
14,select_56/aten.select.int/Gather,Gather,unknown_f32,NOT_RUN,0.0,0.0
14,select_57/aten.select.int/Gather,Gather,unknown_f32,NOT_RUN,0.0,0.0
14,select_58/aten.select.int/Gather,Gather,unknown_f32,NOT_RUN,0.0,0.0
14,select_59/aten.select.int/Gather,Gather,unknown_f32,NOT_RUN,0.0,0.0
14,select_60/aten.select.int/Gather,Gather,unknown_f32,NOT_RUN,0.0,0.0
14,select_61/aten.select.int/Gather,Gather,unknown_f32,NOT_RUN,0.0,0.0
14,select_62/aten.select.int/Gather,Gather,unknown_f32,NOT_RUN,0.0,0.0
14,select_63/aten.select.int/Gather,Gather,unknown_f32,NOT_RUN,0.0,0.0
14,select_64/aten.select.int/Gather,Gather,unknown_f32,NOT_RUN,0.0,0.0
14,select_65/aten.select.int/Gather,Gather,unknown_f32,NOT_RUN,0.0,0.0
14,select_66/aten.select.int/Gather,Gather,unknown_f32,NOT_RUN,0.0,0.0
14,select_67/aten.select.int/Gather,Gather,unknown_f32,NOT_RUN,0.0,0.0
14,select_68/aten.select.int/Gather,Gather,unknown_f32,NOT_RUN,0.0,0.0
14,select_69/aten.select.int/Gather,Gather,unknown_f32,NOT_RUN,0.0,0.0
14,select_70/aten.select.int/Gather,Gather,unknown_f32,NOT_RUN,0.0,0.0
14,select_71/aten.select.int/Gather,Gather,unknown_f32,NOT_RUN,0.0,0.0
14,select_72/aten.select.int/Gather,Gather,unknown_f32,NOT_RUN,0.0,0.0
14,select_73/aten.select.int/Gather,Gather,unknown_f32,NOT_RUN,0.0,0.0
14,select_74/aten.select.int/Gather,Gather,unknown_f32,NOT_RUN,0.0,0.0
14,select_75/aten.select.int/Gather,Gather,unknown_f32,NOT_RUN,0.0,0.0
14,select_76/aten.select.int/Gather,Gather,unknown_f32,NOT_RUN,0.0,0.0
14,select_77/aten.select.int/Gather,Gather,unknown_f32,NOT_RUN,0.0,0.0
14,select_78/aten.select.int/Gather,Gather,unknown_f32,NOT_RUN,0.0,0.0
14,select_79/aten.select.int/Gather,Gather,unknown_f32,NOT_RUN,0.0,0.0
14,select_80/aten.select.int/Gather,Gather,unknown_f32,NOT_RUN,0.0,0.0
14,select_81/aten.select.int/Gather,Gather,unknown_f32,NOT_RUN,0.0,0.0
14,select_82/aten.select.int/Gather,Gather,unknown_f32,NOT_RUN,0.0,0.0
14,select_83/aten.select.int/Gather,Gather,unknown_f32,NOT_RUN,0.0,0.0
14,select_84/aten.select.int/Gather,Gather,unknown_f32,NOT_RUN,0.0,0.0
14,select_85/aten.select.int/Gather,Gather,unknown_f32,NOT_RUN,0.0,0.0
14,select_86/aten.select.int/Gather,Gather,unknown_f32,NOT_RUN,0.0,0.0
14,select_87/aten.select.int/Gather,Gather,unknown_f32,NOT_RUN,0.0,0.0
14,select_88/aten.select.int/Gather,Gather,unknown_f32,NOT_RUN,0.0,0.0
14,select_89/aten.select.int/Gather,Gather,unknown_f32,NOT_RUN,0.0,0.0
14,select_90/aten.select.int/Gather,Gather,unknown_f32,NOT_RUN,0.0,0.0
14,select_91/aten.select.int/Gather,Gather,unknown_f32,NOT_RUN,0.0,0.0
14,select_92/aten.select.int/Gather,Gather,unknown_f32,NOT_RUN,0.0,0.0
14,select_93/aten.select.int/Gather,Gather,unknown_f32,NOT_RUN,0.0,0.0
14,select_94/aten.select.int/Gather,Gather,unknown_f32,NOT_RUN,0.0,0.0
14,select_95/aten.select.int/Gather,Gather,unknown_f32,NOT_RUN,0.0,0.0
14,select_96/aten.select.int/Gather,Gather,unknown_f32,NOT_RUN,0.0,0.0
14,select_97/aten.select.int/Gather,Gather,unknown_f32,NOT_RUN,0.0,0.0
14,select_98/aten.select.int/Gather,Gather,unknown_f32,NOT_RUN,0.0,0.0
14,select_99/aten.select.int/Gather,Gather,unknown_f32,NOT_RUN,0.0,0.0
14,select_100/aten.select.int/Gather,Gather,unknown_f32,NOT_RUN,0.0,0.0
14,select_101/aten.select.int/Gather,Gather,unknown_f32,NOT_RUN,0.0,0.0
14,select_102/aten.select.int/Gather,Gather,unknown_f32,NOT_RUN,0.0,0.0
14,select_103/aten.select.int/Gather,Gather,unknown_f32,NOT_RUN,0.0,0.0
14,select_104/aten.select.int/Gather,Gather,unknown_f32,NOT_RUN,0.0,0.0
14,select_105/aten.select.int/Gather,Gather,unknown_f32,NOT_RUN,0.0,0.0
14,select_106/aten.select.int/Gather,Gather,unknown_f32,NOT_RUN,0.0,0.0
14,select_107/aten.select.int/Gather,Gather,unknown_f32,NOT_RUN,0.0,0.0
14,select_108/aten.select.int/Gather,Gather,unknown_f32,NOT_RUN,0.0,0.0
14,select_109/aten.select.int/Gather,Gather,unknown_f32,NOT_RUN,0.0,0.0
14,select_110/aten.select.int/Gather,Gather,unknown_f32,NOT_RUN,0.0,0.0
14,select_111/aten.select.int/Gather,Gather,unknown_f32,NOT_RUN,0.0,0.0
14,select_112/aten.select.int/Gather,Gather,unknown_f32,NOT_RUN,0.0,0.0
14,select_113/aten.select.int/Gather,Gather,unknown_f32,NOT_RUN,0.0,0.0
14,select_114/aten.select.int/Gather,Gather,unknown_f32,NOT_RUN,0.0,0.0
14,select_115/aten.select.int/Gather,Gather,unknown_f32,NOT_RUN,0.0,0.0
14,select_116/aten.select.int/Gather,Gather,unknown_f32,NOT_RUN,0.0,0.0
14,select_117/aten.select.int/Gather,Gather,unknown_f32,NOT_RUN,0.0,0.0
14,select_118/aten.select.int/Gather,Gather,unknown_f32,NOT_RUN,0.0,0.0
14,select_119/aten.select.int/Gather,Gather,unknown_f32,NOT_RUN,0.0,0.0
14,select_120/aten.select.int/Gather,Gather,unknown_f32,NOT_RUN,0.0,0.0
14,select_121/aten.select.int/Gather,Gather,unknown_f32,NOT_RUN,0.0,0.0
14,select_122/aten.select.int/Gather,Gather,unknown_f32,NOT_RUN,0.0,0.0
14,select_123/aten.select.int/Gather,Gather,unknown_f32,NOT_RUN,0.0,0.0
14,select_124/aten.select.int/Gather,Gather,unknown_f32,NOT_RUN,0.0,0.0
14,select_125/aten.select.int/Gather,Gather,unknown_f32,NOT_RUN,0.0,0.0
14,select_126/aten.select.int/Gather,Gather,unknown_f32,NOT_RUN,0.0,0.0
14,select_127/aten.select.int/Gather,Gather,unknown_f32,NOT_RUN,0.0,0.0
14,select_128/aten.select.int/Gather,Gather,unknown_f32,NOT_RUN,0.0,0.0
14,select_129/aten.select.int/Gather,Gather,unknown_f32,NOT_RUN,0.0,0.0
14,select_130/aten.select.int/Gather,Gather,unknown_f32,NOT_RUN,0.0,0.0
14,select_131/aten.select.int/Gather,Gather,unknown_f32,NOT_RUN,0.0,0.0
14,select_132/aten.select.int/Gather,Gather,unknown_f32,NOT_RUN,0.0,0.0
14,select_133/aten.select.int/Gather,Gather,unknown_f32,NOT_RUN,0.0,0.0
14,select_134/aten.select.int/Gather,Gather,unknown_f32,NOT_RUN,0.0,0.0
14,select_135/aten.select.int/Gather,Gather,unknown_f32,NOT_RUN,0.0,0.0
14,select_136/aten.select.int/Gather,Gather,unknown_f32,NOT_RUN,0.0,0.0
14,select_137/aten.select.int/Gather,Gather,unknown_f32,NOT_RUN,0.0,0.0
14,select_138/aten.select.int/Gather,Gather,unknown_f32,NOT_RUN,0.0,0.0
14,select_139/aten.select.int/Gather,Gather,unknown_f32,NOT_RUN,0.0,0.0
14,select_140/aten.select.int/Gather,Gather,unknown_f32,NOT_RUN,0.0,0.0
14,select_141/aten.select.int/Gather,Gather,unknown_f32,NOT_RUN,0.0,0.0
14,select_142/aten.select.int/Gather,Gather,unknown_f32,NOT_RUN,0.0,0.0
14,select_143/aten.select.int/Gather,Gather,unknown_f32,NOT_RUN,0.0,0.0
14,select_144/aten.select.int/Gather,Gather,unknown_f32,NOT_RUN,0.0,0.0
14,select_145/aten.select.int/Gather,Gather,unknown_f32,NOT_RUN,0.0,0.0
14,select_146/aten.select.int/Gather,Gather,unknown_f32,NOT_RUN,0.0,0.0
14,select_147/aten.select.int/Gather,Gather,unknown_f32,NOT_RUN,0.0,0.0
14,select_148/aten.select.int/Gather,Gather,unknown_f32,NOT_RUN,0.0,0.0
14,select_149/aten.select.int/Gather,Gather,unknown_f32,NOT_RUN,0.0,0.0
14,select_150/aten.select.int/Gather,Gather,unknown_f32,NOT_RUN,0.0,0.0
14,select_151/aten.select.int/Gather,Gather,unknown_f32,NOT_RUN,0.0,0.0
14,select_152/aten.select.int/Gather,Gather,unknown_f32,NOT_RUN,0.0,0.0
14,select_153/aten.select.int/Gather,Gather,unknown_f32,NOT_RUN,0.0,0.0
14,select_154/aten.select.int/Gather,Gather,unknown_f32,NOT_RUN,0.0,0.0
14,select_155/aten.select.int/Gather,Gather,unknown_f32,NOT_RUN,0.0,0.0
14,select_156/aten.select.int/Gather,Gather,unknown_f32,NOT_RUN,0.0,0.0
14,select_157/aten.select.int/Gather,Gather,unknown_f32,NOT_RUN,0.0,0.0
14,select_158/aten.select.int/Gather,Gather,unknown_f32,NOT_RUN,0.0,0.0
14,select_159/aten.select.int/Gather,Gather,unknown_f32,NOT_RUN,0.0,0.0
14,select_160/aten.select.int/Gather,Gather,unknown_f32,NOT_RUN,0.0,0.0
14,select_161/aten.select.int/Gather,Gather,unknown_f32,NOT_RUN,0.0,0.0
14,select_162/aten.select.int/Gather,Gather,unknown_f32,NOT_RUN,0.0,0.0
14,select_163/aten.select.int/Gather,Gather,unknown_f32,NOT_RUN,0.0,0.0
14,select_164/aten.select.int/Gather,Gather,unknown_f32,NOT_RUN,0.0,0.0
14,select_165/aten.select.int/Gather,Gather,unknown_f32,NOT_RUN,0.0,0.0
14,select_166/aten.select.int/Gather,Gather,unknown_f32,NOT_RUN,0.0,0.0
14,select_167/aten.select.int/Gather,Gather,unknown_f32,NOT_RUN,0.0,0.0
14,select_168/aten.select.int/Gather,Gather,unknown_f32,NOT_RUN,0.0,0.0
14,select_169/aten.select.int/Gather,Gather,unknown_f32,NOT_RUN,0.0,0.0
14,select_170/aten.select.int/Gather,Gather,unknown_f32,NOT_RUN,0.0,0.0
14,select_171/aten.select.int/Gather,Gather,unknown_f32,NOT_RUN,0.0,0.0
14,select_172/aten.select.int/Gather,Gather,unknown_f32,NOT_RUN,0.0,0.0
14,select_173/aten.select.int/Gather,Gather,unknown_f32,NOT_RUN,0.0,0.0
14,select_174/aten.select.int/Gather,Gather,unknown_f32,NOT_RUN,0.0,0.0
14,select_175/aten.select.int/Gather,Gather,unknown_f32,NOT_RUN,0.0,0.0
14,select_176/aten.select.int/Gather,Gather,unknown_f32,NOT_RUN,0.0,0.0
14,select_177/aten.select.int/Gather,Gather,unknown_f32,NOT_RUN,0.0,0.0
14,select_178/aten.select.int/Gather,Gather,unknown_f32,NOT_RUN,0.0,0.0
14,select_179/aten.select.int/Gather,Gather,unknown_f32,NOT_RUN,0.0,0.0
14,select_180/aten.select.int/Gather,Gather,unknown_f32,NOT_RUN,0.0,0.0
14,select_181/aten.select.int/Gather,Gather,unknown_f32,NOT_RUN,0.0,0.0
14,select_182/aten.select.int/Gather,Gather,unknown_f32,NOT_RUN,0.0,0.0
14,select_183/aten.select.int/Gather,Gather,unknown_f32,NOT_RUN,0.0,0.0
14,select_184/aten.select.int/Gather,Gather,unknown_f32,NOT_RUN,0.0,0.0
14,select_185/aten.select.int/Gather,Gather,unknown_f32,NOT_RUN,0.0,0.0
14,select_186/aten.select.int/Gather,Gather,unknown_f32,NOT_RUN,0.0,0.0
14,select_187/aten.select.int/Gather,Gather,unknown_f32,NOT_RUN,0.0,0.0
14,select_188/aten.select.int/Gather,Gather,unknown_f32,NOT_RUN,0.0,0.0
14,select_189/aten.select.int/Gather,Gather,unknown_f32,NOT_RUN,0.0,0.0
14,select_190/aten.select.int/Gather,Gather,unknown_f32,NOT_RUN,0.0,0.0
14,select_191/aten.select.int/Gather,Gather,unknown_f32,NOT_RUN,0.0,0.0
14,select_192/aten.select.int/Gather,Gather,unknown_f32,NOT_RUN,0.0,0.0
14,select_193/aten.select.int/Gather,Gather,unknown_f32,NOT_RUN,0.0,0.0
14,select_194/aten.select.int/Gather,Gather,unknown_f32,NOT_RUN,0.0,0.0
14,select_195/aten.select.int/Gather,Gather,unknown_f32,NOT_RUN,0.0,0.0
14,select_196/aten.select.int/Gather,Gather,unknown_f32,NOT_RUN,0.0,0.0
14,select_197/aten.select.int/Gather,Gather,unknown_f32,NOT_RUN,0.0,0.0
14,select_198/aten.select.int/Gather,Gather,unknown_f32,NOT_RUN,0.0,0.0
14,select_199/aten.select.int/Gather,Gather,unknown_f32,NOT_RUN,0.0,0.0
14,select_200/aten.select.int/Gather,Gather,unknown_f32,NOT_RUN,0.0,0.0
14,select_201/aten.select.int/Gather,Gather,unknown_f32,NOT_RUN,0.0,0.0
14,select_202/aten.select.int/Gather,Gather,unknown_f32,NOT_RUN,0.0,0.0
14,select_203/aten.select.int/Gather,Gather,unknown_f32,NOT_RUN,0.0,0.0
14,select_204/aten.select.int/Gather,Gather,unknown_f32,NOT_RUN,0.0,0.0
14,select_205/aten.select.int/Gather,Gather,unknown_f32,NOT_RUN,0.0,0.0
14,select_206/aten.select.int/Gather,Gather,unknown_f32,NOT_RUN,0.0,0.0
14,select_207/aten.select.int/Gather,Gather,unknown_f32,NOT_RUN,0.0,0.0
14,select_208/aten.select.int/Gather,Gather,unknown_f32,NOT_RUN,0.0,0.0
14,select_209/aten.select.int/Gather,Gather,unknown_f32,NOT_RUN,0.0,0.0
14,select_210/aten.select.int/Gather,Gather,unknown_f32,NOT_RUN,0.0,0.0
14,select_211/aten.select.int/Gather,Gather,unknown_f32,NOT_RUN,0.0,0.0
14,select_212/aten.select.int/Gather,Gather,unknown_f32,NOT_RUN,0.0,0.0
14,select_213/aten.select.int/Gather,Gather,unknown_f32,NOT_RUN,0.0,0.0
14,select_214/aten.select.int/Gather,Gather,unknown_f32,NOT_RUN,0.0,0.0
14,select_215/aten.select.int/Gather,Gather,unknown_f32,NOT_RUN,0.0,0.0
14,select_216/aten.select.int/Gather,Gather,unknown_f32,NOT_RUN,0.0,0.0
14,select_217/aten.select.int/Gather,Gather,unknown_f32,NOT_RUN,0.0,0.0
14,select_218/aten.select.int/Gather,Gather,unknown_f32,NOT_RUN,0.0,0.0
14,select_219/aten.select.int/Gather,Gather,unknown_f32,NOT_RUN,0.0,0.0
14,select_220/aten.select.int/Gather,Gather,unknown_f32,NOT_RUN,0.0,0.0
14,select_221/aten.select.int/Gather,Gather,unknown_f32,NOT_RUN,0.0,0.0
14,select_222/aten.select.int/Gather,Gather,unknown_f32,NOT_RUN,0.0,0.0
14,select_223/aten.select.int/Gather,Gather,unknown_f32,NOT_RUN,0.0,0.0
14,select_224/aten.select.int/Gather,Gather,unknown_f32,NOT_RUN,0.0,0.0
14,select_225/aten.select.int/Gather,Gather,unknown_f32,NOT_RUN,0.0,0.0
14,select_226/aten.select.int/Gather,Gather,unknown_f32,NOT_RUN,0.0,0.0
14,select_227/aten.select.int/Gather,Gather,unknown_f32,NOT_RUN,0.0,0.0
14,select_228/aten.select.int/Gather,Gather,unknown_f32,NOT_RUN,0.0,0.0
14,select_229/aten.select.int/Gather,Gather,unknown_f32,NOT_RUN,0.0,0.0
14,select_230/aten.select.int/Gather,Gather,unknown_f32,NOT_RUN,0.0,0.0
14,select_231/aten.select.int/Gather,Gather,unknown_f32,NOT_RUN,0.0,0.0
14,select_232/aten.select.int/Gather,Gather,unknown_f32,NOT_RUN,0.0,0.0
14,select_233/aten.select.int/Gather,Gather,unknown_f32,NOT_RUN,0.0,0.0
14,select_234/aten.select.int/Gather,Gather,unknown_f32,NOT_RUN,0.0,0.0
14,select_235/aten.select.int/Gather,Gather,unknown_f32,NOT_RUN,0.0,0.0
14,select_236/aten.select.int/Gather,Gather,unknown_f32,NOT_RUN,0.0,0.0
14,select_237/aten.select.int/Gather,Gather,unknown_f32,NOT_RUN,0.0,0.0
14,select_238/aten.select.int/Gather,Gather,unknown_f32,NOT_RUN,0.0,0.0
14,select_239/aten.select.int/Gather,Gather,unknown_f32,NOT_RUN,0.0,0.0
14,select_240/aten.select.int/Gather,Gather,unknown_f32,NOT_RUN,0.0,0.0
14,select_241/aten.select.int/Gather,Gather,unknown_f32,NOT_RUN,0.0,0.0
14,select_242/aten.select.int/Gather,Gather,unknown_f32,NOT_RUN,0.0,0.0
14,select_243/aten.select.int/Gather,Gather,unknown_f32,NOT_RUN,0.0,0.0
14,select_244/aten.select.int/Gather,Gather,unknown_f32,NOT_RUN,0.0,0.0
14,select_245/aten.select.int/Gather,Gather,unknown_f32,NOT_RUN,0.0,0.0
14,select_246/aten.select.int/Gather,Gather,unknown_f32,NOT_RUN,0.0,0.0
14,select_247/aten.select.int/Gather,Gather,unknown_f32,NOT_RUN,0.0,0.0
14,select_248/aten.select.int/Gather,Gather,unknown_f32,NOT_RUN,0.0,0.0
14,select_249/aten.select.int/Gather,Gather,unknown_f32,NOT_RUN,0.0,0.0
14,select_250/aten.select.int/Gather,Gather,unknown_f32,NOT_RUN,0.0,0.0
14,select_251/aten.select.int/Gather,Gather,unknown_f32,NOT_RUN,0.0,0.0
14,select_252/aten.select.int/Gather,Gather,unknown_f32,NOT_RUN,0.0,0.0
14,select_253/aten.select.int/Gather,Gather,unknown_f32,NOT_RUN,0.0,0.0
14,select_254/aten.select.int/Gather,Gather,unknown_f32,NOT_RUN,0.0,0.0
14,select_255/aten.select.int/Gather,Gather,unknown_f32,NOT_RUN,0.0,0.0
14,select_256/aten.select.int/Gather,Gather,unknown_f32,NOT_RUN,0.0,0.0
14,select_257/aten.select.int/Gather,Gather,unknown_f32,NOT_RUN,0.0,0.0
14,select_258/aten.select.int/Gather,Gather,unknown_f32,NOT_RUN,0.0,0.0
14,select_259/aten.select.int/Gather,Gather,unknown_f32,NOT_RUN,0.0,0.0
14,select_260/aten.select.int/Gather,Gather,unknown_f32,NOT_RUN,0.0,0.0
14,select_261/aten.select.int/Gather,Gather,unknown_f32,NOT_RUN,0.0,0.0
14,select_262/aten.select.int/Gather,Gather,unknown_f32,NOT_RUN,0.0,0.0
14,select_263/aten.select.int/Gather,Gather,unknown_f32,NOT_RUN,0.0,0.0
14,select_264/aten.select.int/Gather,Gather,unknown_f32,NOT_RUN,0.0,0.0
14,select_265/aten.select.int/Gather,Gather,unknown_f32,NOT_RUN,0.0,0.0
14,select_266/aten.select.int/Gather,Gather,unknown_f32,NOT_RUN,0.0,0.0
14,select_267/aten.select.int/Gather,Gather,unknown_f32,NOT_RUN,0.0,0.0
14,select_268/aten.select.int/Gather,Gather,unknown_f32,NOT_RUN,0.0,0.0
14,select_269/aten.select.int/Gather,Gather,unknown_f32,NOT_RUN,0.0,0.0
14,select_270/aten.select.int/Gather,Gather,unknown_f32,NOT_RUN,0.0,0.0
14,select_271/aten.select.int/Gather,Gather,unknown_f32,NOT_RUN,0.0,0.0
14,select_272/aten.select.int/Gather,Gather,unknown_f32,NOT_RUN,0.0,0.0
14,select_273/aten.select.int/Gather,Gather,unknown_f32,NOT_RUN,0.0,0.0
14,select_274/aten.select.int/Gather,Gather,unknown_f32,NOT_RUN,0.0,0.0
14,select_275/aten.select.int/Gather,Gather,unknown_f32,NOT_RUN,0.0,0.0
14,select_276/aten.select.int/Gather,Gather,unknown_f32,NOT_RUN,0.0,0.0
14,select_277/aten.select.int/Gather,Gather,unknown_f32,NOT_RUN,0.0,0.0
14,select_278/aten.select.int/Gather,Gather,unknown_f32,NOT_RUN,0.0,0.0
14,select_279/aten.select.int/Gather,Gather,unknown_f32,NOT_RUN,0.0,0.0
14,select_280/aten.select.int/Gather,Gather,unknown_f32,NOT_RUN,0.0,0.0
14,select_281/aten.select.int/Gather,Gather,unknown_f32,NOT_RUN,0.0,0.0
14,select_282/aten.select.int/Gather,Gather,unknown_f32,NOT_RUN,0.0,0.0
14,select_283/aten.select.int/Gather,Gather,unknown_f32,NOT_RUN,0.0,0.0
14,select_284/aten.select.int/Gather,Gather,unknown_f32,NOT_RUN,0.0,0.0
14,select_285/aten.select.int/Gather,Gather,unknown_f32,NOT_RUN,0.0,0.0
14,select_286/aten.select.int/Gather,Gather,unknown_f32,NOT_RUN,0.0,0.0
14,select_287/aten.select.int/Gather,Gather,unknown_f32,NOT_RUN,0.0,0.0
14,select_288/aten.select.int/Gather,Gather,unknown_f32,NOT_RUN,0.0,0.0
14,select_289/aten.select.int/Gather,Gather,unknown_f32,NOT_RUN,0.0,0.0
14,select_290/aten.select.int/Gather,Gather,unknown_f32,NOT_RUN,0.0,0.0
14,select_291/aten.select.int/Gather,Gather,unknown_f32,NOT_RUN,0.0,0.0
14,select_292/aten.select.int/Gather,Gather,unknown_f32,NOT_RUN,0.0,0.0
14,select_293/aten.select.int/Gather,Gather,unknown_f32,NOT_RUN,0.0,0.0
14,select_294/aten.select.int/Gather,Gather,unknown_f32,NOT_RUN,0.0,0.0
14,select_295/aten.select.int/Gather,Gather,unknown_f32,NOT_RUN,0.0,0.0
14,select_296/aten.select.int/Gather,Gather,unknown_f32,NOT_RUN,0.0,0.0
14,select_297/aten.select.int/Gather,Gather,unknown_f32,NOT_RUN,0.0,0.0
14,select_298/aten.select.int/Gather,Gather,unknown_f32,NOT_RUN,0.0,0.0
14,select_299/aten.select.int/Gather,Gather,unknown_f32,NOT_RUN,0.0,0.0
14,select_300/aten.select.int/Gather,Gather,unknown_f32,NOT_RUN,0.0,0.0
14,select_301/aten.select.int/Gather,Gather,unknown_f32,NOT_RUN,0.0,0.0
14,select_302/aten.select.int/Gather,Gather,unknown_f32,NOT_RUN,0.0,0.0
14,select_303/aten.select.int/Gather,Gather,unknown_f32,NOT_RUN,0.0,0.0
14,select_304/aten.select.int/Gather,Gather,unknown_f32,NOT_RUN,0.0,0.0
14,cat_3/aten.cat.default/Concat,Concat,ref_f32,EXECUTED,0.06499999999999999,0.06499999999999999
14,view_84/aten.view.default/Reshape,Reshape,unknown_f32,NOT_RUN,0.0,0.0
14,add_50/aten.add.Tensor/Add,Subgraph,jit_avx2_f32,EXECUTED,0.020999999999999998,0.020999999999999998
14,linear_2/aten.linear.default/Add,FullyConnected,brgemm_avx2_f32,EXECUTED,0.299,0.299
14,Multiply_13576,Multiply,undef,NOT_RUN,0.0,0.0
14,view_86/aten.view.default/Reshape,Reshape,unknown_f32,NOT_RUN,0.0,0.0
14,permute_3/aten.permute.default/Transpose,Transpose,unknown_f32,EXECUTED,0.022,0.022
14,linear_3/aten.linear.default/Add,FullyConnected,gemm_mlas_f32,EXECUTED,0.332,0.332
14,view_87/aten.view.default/Reshape,Reshape,unknown_f32,NOT_RUN,0.0,0.0
14,Transpose_12104,Transpose,unknown_f32,EXECUTED,0.054,0.054
14,linear_4/aten.linear.default/Add,FullyConnected,gemm_mlas_f32,EXECUTED,0.326,0.326
14,view_88/aten.view.default/Reshape,Reshape,unknown_f32,NOT_RUN,0.0,0.0
14,permute_5/aten.permute.default/Transpose,Transpose,unknown_f32,EXECUTED,0.015000000000000001,0.015000000000000001
14,bmm_1/aten.bmm.default/MatMul,Subgraph,jit_avx2_f32,EXECUTED,0.44,0.44
14,permute_7/aten.permute.default/Transpose,Transpose,unknown_f32,EXECUTED,0.027,0.027
14,view_89/aten.view.default/Reshape,Reshape,unknown_f32,NOT_RUN,0.0,0.0
14,linear_5/aten.linear.default/Add,FullyConnected,gemm_mlas_f32,EXECUTED,0.357,0.357
14,view_90/aten.view.default/Reshape,Reshape,unknown_f32,NOT_RUN,0.0,0.0
14,add_51/aten.add.Tensor/Add,Subgraph,jit_avx2_f32,EXECUTED,0.022,0.022
14,native_layer_norm/aten.native_layer_norm.default/MVN,MVN,jit_avx2_f32,EXECUTED,0.019,0.019
14,native_layer_norm/aten.native_layer_norm.default/Add,Subgraph,jit_avx2_f32,EXECUTED,0.016,0.016
14,linear_6/aten.linear.default/Add,FullyConnected,brgemm_avx2_f32,EXECUTED,1.3470000000000002,1.3470000000000002
14,relu_17/aten.relu.default/Relu,Relu,undef,NOT_RUN,0.0,0.0
14,linear_7/aten.linear.default/Add,FullyConnected,gemm_mlas_f32,EXECUTED,1.4300000000000002,1.4300000000000002
14,add_52/aten.add.Tensor/Add,Subgraph,jit_avx2_f32,EXECUTED,0.025,0.025
14,native_layer_norm_1/aten.native_layer_norm.default/MVN,MVN,jit_avx2_f32,EXECUTED,0.019,0.019
14,add_53/aten.add.Tensor/Add,Subgraph,jit_avx2_f32,EXECUTED,0.029,0.029
14,linear_8/aten.linear.default/Add,FullyConnected,brgemm_avx2_f32,EXECUTED,0.279,0.279
14,Multiply_13578,Multiply,undef,NOT_RUN,0.0,0.0
14,view_92/aten.view.default/Reshape,Reshape,unknown_f32,NOT_RUN,0.0,0.0
14,permute_8/aten.permute.default/Transpose,Transpose,unknown_f32,EXECUTED,0.016,0.016
14,linear_9/aten.linear.default/Add,FullyConnected,gemm_mlas_f32,EXECUTED,0.259,0.259
14,view_93/aten.view.default/Reshape,Reshape,unknown_f32,NOT_RUN,0.0,0.0
14,Transpose_12133,Transpose,unknown_f32,EXECUTED,0.038,0.038
14,linear_10/aten.linear.default/Add,FullyConnected,gemm_mlas_f32,EXECUTED,0.25999999999999995,0.25999999999999995
14,view_94/aten.view.default/Reshape,Reshape,unknown_f32,NOT_RUN,0.0,0.0
14,permute_10/aten.permute.default/Transpose,Transpose,unknown_f32,EXECUTED,0.012,0.012
14,bmm_3/aten.bmm.default/MatMul,Subgraph,jit_avx2_f32,EXECUTED,0.368,0.368
14,permute_12/aten.permute.default/Transpose,Transpose,unknown_f32,EXECUTED,0.02,0.02
14,view_95/aten.view.default/Reshape,Reshape,unknown_f32,NOT_RUN,0.0,0.0
14,linear_11/aten.linear.default/Add,FullyConnected,gemm_mlas_f32,EXECUTED,0.283,0.283
14,view_96/aten.view.default/Reshape,Reshape,unknown_f32,NOT_RUN,0.0,0.0
14,add_54/aten.add.Tensor/Add,Subgraph,jit_avx2_f32,EXECUTED,0.015000000000000001,0.015000000000000001
14,native_layer_norm_2/aten.native_layer_norm.default/MVN,MVN,jit_avx2_f32,EXECUTED,0.014,0.014
14,native_layer_norm_2/aten.native_layer_norm.default/Add,Subgraph,jit_avx2_f32,EXECUTED,0.006,0.006
14,linear_12/aten.linear.default/Add,FullyConnected,brgemm_avx2_f32,EXECUTED,1.282,1.282
14,relu_18/aten.relu.default/Relu,Relu,undef,NOT_RUN,0.0,0.0
14,linear_13/aten.linear.default/Add,FullyConnected,gemm_mlas_f32,EXECUTED,1.393,1.393
14,add_55/aten.add.Tensor/Add,Subgraph,jit_avx2_f32,EXECUTED,0.023,0.023
14,native_layer_norm_3/aten.native_layer_norm.default/MVN,MVN,jit_avx2_f32,EXECUTED,0.018000000000000002,0.018000000000000002
14,add_56/aten.add.Tensor/Add,Subgraph,jit_avx2_f32,EXECUTED,0.026,0.026
14,linear_14/aten.linear.default/Add,FullyConnected,brgemm_avx2_f32,EXECUTED,0.272,0.272
14,Multiply_13580,Multiply,undef,NOT_RUN,0.0,0.0
14,view_98/aten.view.default/Reshape,Reshape,unknown_f32,NOT_RUN,0.0,0.0
14,permute_13/aten.permute.default/Transpose,Transpose,unknown_f32,EXECUTED,0.016,0.016
14,linear_15/aten.linear.default/Add,FullyConnected,gemm_mlas_f32,EXECUTED,0.305,0.305
14,view_99/aten.view.default/Reshape,Reshape,unknown_f32,NOT_RUN,0.0,0.0
14,Transpose_12162,Transpose,unknown_f32,EXECUTED,0.047,0.047
14,linear_16/aten.linear.default/Add,FullyConnected,gemm_mlas_f32,EXECUTED,0.27099999999999996,0.27099999999999996
14,view_100/aten.view.default/Reshape,Reshape,unknown_f32,NOT_RUN,0.0,0.0
14,permute_15/aten.permute.default/Transpose,Transpose,unknown_f32,EXECUTED,0.012,0.012
14,bmm_5/aten.bmm.default/MatMul,Subgraph,jit_avx2_f32,EXECUTED,0.41800000000000004,0.41800000000000004
14,permute_17/aten.permute.default/Transpose,Transpose,unknown_f32,EXECUTED,0.026,0.026
14,view_101/aten.view.default/Reshape,Reshape,unknown_f32,NOT_RUN,0.0,0.0
14,linear_17/aten.linear.default/Add,FullyConnected,gemm_mlas_f32,EXECUTED,0.325,0.325
14,view_102/aten.view.default/Reshape,Reshape,unknown_f32,NOT_RUN,0.0,0.0
14,add_57/aten.add.Tensor/Add,Subgraph,jit_avx2_f32,EXECUTED,0.02,0.02
14,native_layer_norm_4/aten.native_layer_norm.default/MVN,MVN,jit_avx2_f32,EXECUTED,0.014,0.014
14,native_layer_norm_4/aten.native_layer_norm.default/Add,Subgraph,jit_avx2_f32,EXECUTED,0.012,0.012
14,linear_18/aten.linear.default/Add,FullyConnected,brgemm_avx2_f32,EXECUTED,1.328,1.328
14,relu_19/aten.relu.default/Relu,Relu,undef,NOT_RUN,0.0,0.0
14,linear_19/aten.linear.default/Add,FullyConnected,gemm_mlas_f32,EXECUTED,1.3940000000000001,1.3940000000000001
14,add_58/aten.add.Tensor/Add,Subgraph,jit_avx2_f32,EXECUTED,0.024,0.024
14,native_layer_norm_5/aten.native_layer_norm.default/MVN,MVN,jit_avx2_f32,EXECUTED,0.022,0.022
14,add_59/aten.add.Tensor/Add,Subgraph,jit_avx2_f32,EXECUTED,0.030000000000000002,0.030000000000000002
14,linear_20/aten.linear.default/Add,FullyConnected,brgemm_avx2_f32,EXECUTED,0.27799999999999997,0.27799999999999997
14,Multiply_13582,Multiply,undef,NOT_RUN,0.0,0.0
14,view_104/aten.view.default/Reshape,Reshape,unknown_f32,NOT_RUN,0.0,0.0
14,permute_18/aten.permute.default/Transpose,Transpose,unknown_f32,EXECUTED,0.014,0.014
14,linear_21/aten.linear.default/Add,FullyConnected,gemm_mlas_f32,EXECUTED,0.272,0.272
14,view_105/aten.view.default/Reshape,Reshape,unknown_f32,NOT_RUN,0.0,0.0
14,Transpose_12191,Transpose,unknown_f32,EXECUTED,0.038,0.038
14,linear_22/aten.linear.default/Add,FullyConnected,gemm_mlas_f32,EXECUTED,0.25999999999999995,0.25999999999999995
14,view_106/aten.view.default/Reshape,Reshape,unknown_f32,NOT_RUN,0.0,0.0
14,permute_20/aten.permute.default/Transpose,Transpose,unknown_f32,EXECUTED,0.01,0.01
14,bmm_7/aten.bmm.default/MatMul,Subgraph,jit_avx2_f32,EXECUTED,0.389,0.389
14,permute_22/aten.permute.default/Transpose,Transpose,unknown_f32,EXECUTED,0.019,0.019
14,view_107/aten.view.default/Reshape,Reshape,unknown_f32,NOT_RUN,0.0,0.0
14,linear_23/aten.linear.default/Add,FullyConnected,gemm_mlas_f32,EXECUTED,0.318,0.318
14,view_108/aten.view.default/Reshape,Reshape,unknown_f32,NOT_RUN,0.0,0.0
14,add_60/aten.add.Tensor/Add,Subgraph,jit_avx2_f32,EXECUTED,0.016,0.016
14,native_layer_norm_6/aten.native_layer_norm.default/MVN,MVN,jit_avx2_f32,EXECUTED,0.016,0.016
14,native_layer_norm_6/aten.native_layer_norm.default/Add,Subgraph,jit_avx2_f32,EXECUTED,0.007,0.007
14,linear_24/aten.linear.default/Add,FullyConnected,brgemm_avx2_f32,EXECUTED,1.3290000000000002,1.3290000000000002
14,relu_20/aten.relu.default/Relu,Relu,undef,NOT_RUN,0.0,0.0
14,linear_25/aten.linear.default/Add,FullyConnected,gemm_mlas_f32,EXECUTED,1.432,1.432
14,add_61/aten.add.Tensor/Add,Subgraph,jit_avx2_f32,EXECUTED,0.023,0.023
14,native_layer_norm_7/aten.native_layer_norm.default/MVN,MVN,jit_avx2_f32,EXECUTED,0.018000000000000002,0.018000000000000002
14,add_65/aten.add.Tensor/Add,Subgraph,jit_avx2_f32,EXECUTED,0.024,0.024
14,linear_31/aten.linear.default/Add,FullyConnected,gemm_mlas_f32,EXECUTED,0.3,0.3
14,view_117/aten.view.default/Reshape,Reshape,unknown_f32,NOT_RUN,0.0,0.0
14,Transpose_12220,Transpose,unknown_f32,EXECUTED,0.051,0.051
14,linear_32/aten.linear.default/Add,FullyConnected,gemm_mlas_f32,EXECUTED,0.307,0.307
14,view_118/aten.view.default/Reshape,Reshape,unknown_f32,NOT_RUN,0.0,0.0
14,permute_30/aten.permute.default/Transpose,Transpose,unknown_f32,EXECUTED,0.012,0.012
14,bmm_11/aten.bmm.default/MatMul,Subgraph,jit_avx2_f32,EXECUTED,0.22699999999999998,0.22699999999999998
14,permute_32/aten.permute.default/Transpose,Transpose,unknown_f32,EXECUTED,0.009000000000000001,0.009000000000000001
14,view_119/aten.view.default/Reshape,Reshape,unknown_f32,NOT_RUN,0.0,0.0
14,linear_33/aten.linear.default/Add,FullyConnected,gemm_mlas_f32,EXECUTED,0.156,0.156
14,view_120/aten.view.default/Reshape,Reshape,unknown_f32,NOT_RUN,0.0,0.0
14,add_66/aten.add.Tensor/Add,Subgraph,jit_avx2_f32,EXECUTED,0.013,0.013
14,native_layer_norm_9/aten.native_layer_norm.default/MVN,MVN,jit_avx2_f32,EXECUTED,0.006,0.006
14,native_layer_norm_9/aten.native_layer_norm.default/Add,Subgraph,jit_avx2_f32,EXECUTED,0.005,0.005
14,linear_34/aten.linear.default/Add,FullyConnected,brgemm_avx2_f32,EXECUTED,0.524,0.524
14,relu_21/aten.relu.default/Relu,Relu,undef,NOT_RUN,0.0,0.0
14,linear_35/aten.linear.default/Add,FullyConnected,gemm_mlas_f32,EXECUTED,0.5860000000000001,0.5860000000000001
14,add_67/aten.add.Tensor/Add,Subgraph,jit_avx2_f32,EXECUTED,0.014,0.014
14,native_layer_norm_10/aten.native_layer_norm.default/MVN,MVN,jit_avx2_f32,EXECUTED,0.009000000000000001,0.009000000000000001
14,native_layer_norm_10/aten.native_layer_norm.default/Add,Subgraph,jit_avx2_f32,EXECUTED,0.003,0.003
14,native_layer_norm_11/aten.native_layer_norm.default/MVN,MVN,jit_avx2_f32,EXECUTED,0.006,0.006
14,native_layer_norm_11/aten.native_layer_norm.default/Add,Subgraph,jit_avx2_f32,EXECUTED,0.003,0.003
14,permute_33/aten.permute.default/Transpose,Reshape,unknown_f32,NOT_RUN,0.0,0.0
14,linear_36/aten.linear.default/Add,FullyConnected,gemm_mlas_f32,EXECUTED,0.012,0.012
14,Result_6085,Result,unknown_f32,NOT_RUN,0.0,0.0
15,state,Parameter,unknown_f32,NOT_RUN,0.0,0.0
15,linear_1/aten.linear.default/Add,FullyConnected,gemm_mlas_f32,EXECUTED,0.04,0.04
15,wrist_image,Parameter,unknown_f32,NOT_RUN,0.0,0.0
15,wrist_image_abcd_acdb_mul_2/aten.mul.Tensor/Multiply,Reorder,jit_uni_f32,EXECUTED,0.23800000000000002,0.23800000000000002
15,mul_2/aten.mul.Tensor/Multiply,Convolution,brgconv_avx2_f32,EXECUTED,1.986,1.986
15,relu/aten.relu.default/Relu,Relu,undef,NOT_RUN,0.0,0.0
15,max_pool2d_with_indices/aten.max_pool2d_with_indices.default/MaxPool,MaxPool,jit_avx2_f32,EXECUTED,0.34,0.34
15,mul_5/aten.mul.Tensor/Multiply,Convolution,brgconv_avx2_f32,EXECUTED,1.9,1.9
15,relu_1/aten.relu.default/Relu,Relu,undef,NOT_RUN,0.0,0.0
15,mul_8/aten.mul.Tensor/Multiply,Convolution,brgconv_avx2_f32,EXECUTED,1.881,1.881
15,add_6/aten.add.Tensor/Add,Add,undef,NOT_RUN,0.0,0.0
15,relu_2/aten.relu.default/Relu,Relu,undef,NOT_RUN,0.0,0.0
15,mul_11/aten.mul.Tensor/Multiply,Convolution,brgconv_avx2_f32,EXECUTED,1.957,1.957
15,relu_3/aten.relu.default/Relu,Relu,undef,NOT_RUN,0.0,0.0
15,mul_14/aten.mul.Tensor/Multiply,Convolution,brgconv_avx2_f32,EXECUTED,1.9300000000000002,1.9300000000000002
15,add_11/aten.add.Tensor/Add,Add,undef,NOT_RUN,0.0,0.0
15,relu_4/aten.relu.default/Relu,Relu,undef,NOT_RUN,0.0,0.0
15,mul_17/aten.mul.Tensor/Multiply,Convolution,brgconv_avx2_f32,EXECUTED,1.054,1.054
15,relu_5/aten.relu.default/Relu,Relu,undef,NOT_RUN,0.0,0.0
15,mul_23/aten.mul.Tensor/Multiply,Convolution,brgconv_avx2_1x1_f32,EXECUTED,0.212,0.212
15,mul_20/aten.mul.Tensor/Multiply,Convolution,brgconv_avx2_f32,EXECUTED,1.8190000000000002,1.8190000000000002
15,add_18/aten.add.Tensor/Add,Add,undef,NOT_RUN,0.0,0.0
15,relu_6/aten.relu.default/Relu,Relu,undef,NOT_RUN,0.0,0.0
15,mul_26/aten.mul.Tensor/Multiply,Convolution,brgconv_avx2_f32,EXECUTED,1.806,1.806
15,relu_7/aten.relu.default/Relu,Relu,undef,NOT_RUN,0.0,0.0
15,mul_29/aten.mul.Tensor/Multiply,Convolution,brgconv_avx2_f32,EXECUTED,1.845,1.845
15,add_23/aten.add.Tensor/Add,Add,undef,NOT_RUN,0.0,0.0
15,relu_8/aten.relu.default/Relu,Relu,undef,NOT_RUN,0.0,0.0
15,mul_32/aten.mul.Tensor/Multiply,Convolution,brgconv_avx2_f32,EXECUTED,1.034,1.034
15,relu_9/aten.relu.default/Relu,Relu,undef,NOT_RUN,0.0,0.0
15,mul_38/aten.mul.Tensor/Multiply,Convolution,brgconv_avx2_1x1_f32,EXECUTED,0.216,0.216
15,mul_35/aten.mul.Tensor/Multiply,Convolution,brgconv_avx2_f32,EXECUTED,1.806,1.806
15,add_30/aten.add.Tensor/Add,Add,undef,NOT_RUN,0.0,0.0
15,relu_10/aten.relu.default/Relu,Relu,undef,NOT_RUN,0.0,0.0
15,mul_41/aten.mul.Tensor/Multiply,Convolution,brgconv_avx2_f32,EXECUTED,1.8699999999999999,1.8699999999999999
15,relu_11/aten.relu.default/Relu,Relu,undef,NOT_RUN,0.0,0.0
15,mul_44/aten.mul.Tensor/Multiply,Convolution,brgconv_avx2_f32,EXECUTED,1.895,1.895
15,add_35/aten.add.Tensor/Add,Add,undef,NOT_RUN,0.0,0.0
15,relu_12/aten.relu.default/Relu,Relu,undef,NOT_RUN,0.0,0.0
15,mul_47/aten.mul.Tensor/Multiply,Convolution,brgconv_avx2_f32,EXECUTED,1.088,1.088
15,relu_13/aten.relu.default/Relu,Relu,undef,NOT_RUN,0.0,0.0
15,mul_53/aten.mul.Tensor/Multiply,Convolution,brgconv_avx2_1x1_f32,EXECUTED,0.25999999999999995,0.25999999999999995
15,mul_50/aten.mul.Tensor/Multiply,Convolution,brgconv_avx2_f32,EXECUTED,1.799,1.799
15,add_42/aten.add.Tensor/Add,Add,undef,NOT_RUN,0.0,0.0
15,relu_14/aten.relu.default/Relu,Relu,undef,NOT_RUN,0.0,0.0
15,mul_56/aten.mul.Tensor/Multiply,Convolution,brgconv_avx2_f32,EXECUTED,1.838,1.838
15,relu_15/aten.relu.default/Relu,Relu,undef,NOT_RUN,0.0,0.0
15,mul_59/aten.mul.Tensor/Multiply,Convolution,brgconv_avx2_f32,EXECUTED,1.8259999999999998,1.8259999999999998
15,add_47/aten.add.Tensor/Add,Add,undef,NOT_RUN,0.0,0.0
15,relu_16/aten.relu.default/Relu,Relu,undef,NOT_RUN,0.0,0.0
15,convolution_20/aten.convolution.default/Convolution,Convolution,brgconv_avx2_1x1_f32,EXECUTED,0.382,0.382
15,permute_1/aten.permute.default/Transpose,Transpose,unknown_f32,EXECUTED,0.04,0.04
15,permute_1/aten.permute.default/Transpose_acdb_abcd_view_82/aten.view.default/Reshape,Reorder,reorder_f32,EXECUTED,0.027,0.027
15,view_82/aten.view.default/Reshape,Reshape,unknown_f32,NOT_RUN,0.0,0.0
15,select_5/aten.select.int/Gather,Gather,unknown_f32,NOT_RUN,0.0,0.0
15,select_6/aten.select.int/Gather,Gather,unknown_f32,NOT_RUN,0.0,0.0
15,select_7/aten.select.int/Gather,Gather,unknown_f32,NOT_RUN,0.0,0.0
15,select_8/aten.select.int/Gather,Gather,unknown_f32,NOT_RUN,0.0,0.0
15,select_9/aten.select.int/Gather,Gather,unknown_f32,NOT_RUN,0.0,0.0
15,select_10/aten.select.int/Gather,Gather,unknown_f32,NOT_RUN,0.0,0.0
15,select_11/aten.select.int/Gather,Gather,unknown_f32,NOT_RUN,0.0,0.0
15,select_12/aten.select.int/Gather,Gather,unknown_f32,NOT_RUN,0.0,0.0
15,select_13/aten.select.int/Gather,Gather,unknown_f32,NOT_RUN,0.0,0.0
15,select_14/aten.select.int/Gather,Gather,unknown_f32,NOT_RUN,0.0,0.0
15,select_15/aten.select.int/Gather,Gather,unknown_f32,NOT_RUN,0.0,0.0
15,select_16/aten.select.int/Gather,Gather,unknown_f32,NOT_RUN,0.0,0.0
15,select_17/aten.select.int/Gather,Gather,unknown_f32,NOT_RUN,0.0,0.0
15,select_18/aten.select.int/Gather,Gather,unknown_f32,NOT_RUN,0.0,0.0
15,select_19/aten.select.int/Gather,Gather,unknown_f32,NOT_RUN,0.0,0.0
15,select_20/aten.select.int/Gather,Gather,unknown_f32,NOT_RUN,0.0,0.0
15,select_21/aten.select.int/Gather,Gather,unknown_f32,NOT_RUN,0.0,0.0
15,select_22/aten.select.int/Gather,Gather,unknown_f32,NOT_RUN,0.0,0.0
15,select_23/aten.select.int/Gather,Gather,unknown_f32,NOT_RUN,0.0,0.0
15,select_24/aten.select.int/Gather,Gather,unknown_f32,NOT_RUN,0.0,0.0
15,select_25/aten.select.int/Gather,Gather,unknown_f32,NOT_RUN,0.0,0.0
15,select_26/aten.select.int/Gather,Gather,unknown_f32,NOT_RUN,0.0,0.0
15,select_27/aten.select.int/Gather,Gather,unknown_f32,NOT_RUN,0.0,0.0
15,select_28/aten.select.int/Gather,Gather,unknown_f32,NOT_RUN,0.0,0.0
15,select_29/aten.select.int/Gather,Gather,unknown_f32,NOT_RUN,0.0,0.0
15,select_30/aten.select.int/Gather,Gather,unknown_f32,NOT_RUN,0.0,0.0
15,select_31/aten.select.int/Gather,Gather,unknown_f32,NOT_RUN,0.0,0.0
15,select_32/aten.select.int/Gather,Gather,unknown_f32,NOT_RUN,0.0,0.0
15,select_33/aten.select.int/Gather,Gather,unknown_f32,NOT_RUN,0.0,0.0
15,select_34/aten.select.int/Gather,Gather,unknown_f32,NOT_RUN,0.0,0.0
15,select_35/aten.select.int/Gather,Gather,unknown_f32,NOT_RUN,0.0,0.0
15,select_36/aten.select.int/Gather,Gather,unknown_f32,NOT_RUN,0.0,0.0
15,select_37/aten.select.int/Gather,Gather,unknown_f32,NOT_RUN,0.0,0.0
15,select_38/aten.select.int/Gather,Gather,unknown_f32,NOT_RUN,0.0,0.0
15,select_39/aten.select.int/Gather,Gather,unknown_f32,NOT_RUN,0.0,0.0
15,select_40/aten.select.int/Gather,Gather,unknown_f32,NOT_RUN,0.0,0.0
15,select_41/aten.select.int/Gather,Gather,unknown_f32,NOT_RUN,0.0,0.0
15,select_42/aten.select.int/Gather,Gather,unknown_f32,NOT_RUN,0.0,0.0
15,select_43/aten.select.int/Gather,Gather,unknown_f32,NOT_RUN,0.0,0.0
15,select_44/aten.select.int/Gather,Gather,unknown_f32,NOT_RUN,0.0,0.0
15,select_45/aten.select.int/Gather,Gather,unknown_f32,NOT_RUN,0.0,0.0
15,select_46/aten.select.int/Gather,Gather,unknown_f32,NOT_RUN,0.0,0.0
15,select_47/aten.select.int/Gather,Gather,unknown_f32,NOT_RUN,0.0,0.0
15,select_48/aten.select.int/Gather,Gather,unknown_f32,NOT_RUN,0.0,0.0
15,select_49/aten.select.int/Gather,Gather,unknown_f32,NOT_RUN,0.0,0.0
15,select_50/aten.select.int/Gather,Gather,unknown_f32,NOT_RUN,0.0,0.0
15,select_51/aten.select.int/Gather,Gather,unknown_f32,NOT_RUN,0.0,0.0
15,select_52/aten.select.int/Gather,Gather,unknown_f32,NOT_RUN,0.0,0.0
15,select_53/aten.select.int/Gather,Gather,unknown_f32,NOT_RUN,0.0,0.0
15,select_54/aten.select.int/Gather,Gather,unknown_f32,NOT_RUN,0.0,0.0
15,select_55/aten.select.int/Gather,Gather,unknown_f32,NOT_RUN,0.0,0.0
15,select_56/aten.select.int/Gather,Gather,unknown_f32,NOT_RUN,0.0,0.0
15,select_57/aten.select.int/Gather,Gather,unknown_f32,NOT_RUN,0.0,0.0
15,select_58/aten.select.int/Gather,Gather,unknown_f32,NOT_RUN,0.0,0.0
15,select_59/aten.select.int/Gather,Gather,unknown_f32,NOT_RUN,0.0,0.0
15,select_60/aten.select.int/Gather,Gather,unknown_f32,NOT_RUN,0.0,0.0
15,select_61/aten.select.int/Gather,Gather,unknown_f32,NOT_RUN,0.0,0.0
15,select_62/aten.select.int/Gather,Gather,unknown_f32,NOT_RUN,0.0,0.0
15,select_63/aten.select.int/Gather,Gather,unknown_f32,NOT_RUN,0.0,0.0
15,select_64/aten.select.int/Gather,Gather,unknown_f32,NOT_RUN,0.0,0.0
15,select_65/aten.select.int/Gather,Gather,unknown_f32,NOT_RUN,0.0,0.0
15,select_66/aten.select.int/Gather,Gather,unknown_f32,NOT_RUN,0.0,0.0
15,select_67/aten.select.int/Gather,Gather,unknown_f32,NOT_RUN,0.0,0.0
15,select_68/aten.select.int/Gather,Gather,unknown_f32,NOT_RUN,0.0,0.0
15,select_69/aten.select.int/Gather,Gather,unknown_f32,NOT_RUN,0.0,0.0
15,select_70/aten.select.int/Gather,Gather,unknown_f32,NOT_RUN,0.0,0.0
15,select_71/aten.select.int/Gather,Gather,unknown_f32,NOT_RUN,0.0,0.0
15,select_72/aten.select.int/Gather,Gather,unknown_f32,NOT_RUN,0.0,0.0
15,select_73/aten.select.int/Gather,Gather,unknown_f32,NOT_RUN,0.0,0.0
15,select_74/aten.select.int/Gather,Gather,unknown_f32,NOT_RUN,0.0,0.0
15,select_75/aten.select.int/Gather,Gather,unknown_f32,NOT_RUN,0.0,0.0
15,select_76/aten.select.int/Gather,Gather,unknown_f32,NOT_RUN,0.0,0.0
15,select_77/aten.select.int/Gather,Gather,unknown_f32,NOT_RUN,0.0,0.0
15,select_78/aten.select.int/Gather,Gather,unknown_f32,NOT_RUN,0.0,0.0
15,select_79/aten.select.int/Gather,Gather,unknown_f32,NOT_RUN,0.0,0.0
15,select_80/aten.select.int/Gather,Gather,unknown_f32,NOT_RUN,0.0,0.0
15,select_81/aten.select.int/Gather,Gather,unknown_f32,NOT_RUN,0.0,0.0
15,select_82/aten.select.int/Gather,Gather,unknown_f32,NOT_RUN,0.0,0.0
15,select_83/aten.select.int/Gather,Gather,unknown_f32,NOT_RUN,0.0,0.0
15,select_84/aten.select.int/Gather,Gather,unknown_f32,NOT_RUN,0.0,0.0
15,select_85/aten.select.int/Gather,Gather,unknown_f32,NOT_RUN,0.0,0.0
15,select_86/aten.select.int/Gather,Gather,unknown_f32,NOT_RUN,0.0,0.0
15,select_87/aten.select.int/Gather,Gather,unknown_f32,NOT_RUN,0.0,0.0
15,select_88/aten.select.int/Gather,Gather,unknown_f32,NOT_RUN,0.0,0.0
15,select_89/aten.select.int/Gather,Gather,unknown_f32,NOT_RUN,0.0,0.0
15,select_90/aten.select.int/Gather,Gather,unknown_f32,NOT_RUN,0.0,0.0
15,select_91/aten.select.int/Gather,Gather,unknown_f32,NOT_RUN,0.0,0.0
15,select_92/aten.select.int/Gather,Gather,unknown_f32,NOT_RUN,0.0,0.0
15,select_93/aten.select.int/Gather,Gather,unknown_f32,NOT_RUN,0.0,0.0
15,select_94/aten.select.int/Gather,Gather,unknown_f32,NOT_RUN,0.0,0.0
15,select_95/aten.select.int/Gather,Gather,unknown_f32,NOT_RUN,0.0,0.0
15,select_96/aten.select.int/Gather,Gather,unknown_f32,NOT_RUN,0.0,0.0
15,select_97/aten.select.int/Gather,Gather,unknown_f32,NOT_RUN,0.0,0.0
15,select_98/aten.select.int/Gather,Gather,unknown_f32,NOT_RUN,0.0,0.0
15,select_99/aten.select.int/Gather,Gather,unknown_f32,NOT_RUN,0.0,0.0
15,select_100/aten.select.int/Gather,Gather,unknown_f32,NOT_RUN,0.0,0.0
15,select_101/aten.select.int/Gather,Gather,unknown_f32,NOT_RUN,0.0,0.0
15,select_102/aten.select.int/Gather,Gather,unknown_f32,NOT_RUN,0.0,0.0
15,select_103/aten.select.int/Gather,Gather,unknown_f32,NOT_RUN,0.0,0.0
15,select_104/aten.select.int/Gather,Gather,unknown_f32,NOT_RUN,0.0,0.0
15,select_105/aten.select.int/Gather,Gather,unknown_f32,NOT_RUN,0.0,0.0
15,select_106/aten.select.int/Gather,Gather,unknown_f32,NOT_RUN,0.0,0.0
15,select_107/aten.select.int/Gather,Gather,unknown_f32,NOT_RUN,0.0,0.0
15,select_108/aten.select.int/Gather,Gather,unknown_f32,NOT_RUN,0.0,0.0
15,select_109/aten.select.int/Gather,Gather,unknown_f32,NOT_RUN,0.0,0.0
15,select_110/aten.select.int/Gather,Gather,unknown_f32,NOT_RUN,0.0,0.0
15,select_111/aten.select.int/Gather,Gather,unknown_f32,NOT_RUN,0.0,0.0
15,select_112/aten.select.int/Gather,Gather,unknown_f32,NOT_RUN,0.0,0.0
15,select_113/aten.select.int/Gather,Gather,unknown_f32,NOT_RUN,0.0,0.0
15,select_114/aten.select.int/Gather,Gather,unknown_f32,NOT_RUN,0.0,0.0
15,select_115/aten.select.int/Gather,Gather,unknown_f32,NOT_RUN,0.0,0.0
15,select_116/aten.select.int/Gather,Gather,unknown_f32,NOT_RUN,0.0,0.0
15,select_117/aten.select.int/Gather,Gather,unknown_f32,NOT_RUN,0.0,0.0
15,select_118/aten.select.int/Gather,Gather,unknown_f32,NOT_RUN,0.0,0.0
15,select_119/aten.select.int/Gather,Gather,unknown_f32,NOT_RUN,0.0,0.0
15,select_120/aten.select.int/Gather,Gather,unknown_f32,NOT_RUN,0.0,0.0
15,select_121/aten.select.int/Gather,Gather,unknown_f32,NOT_RUN,0.0,0.0
15,select_122/aten.select.int/Gather,Gather,unknown_f32,NOT_RUN,0.0,0.0
15,select_123/aten.select.int/Gather,Gather,unknown_f32,NOT_RUN,0.0,0.0
15,select_124/aten.select.int/Gather,Gather,unknown_f32,NOT_RUN,0.0,0.0
15,select_125/aten.select.int/Gather,Gather,unknown_f32,NOT_RUN,0.0,0.0
15,select_126/aten.select.int/Gather,Gather,unknown_f32,NOT_RUN,0.0,0.0
15,select_127/aten.select.int/Gather,Gather,unknown_f32,NOT_RUN,0.0,0.0
15,select_128/aten.select.int/Gather,Gather,unknown_f32,NOT_RUN,0.0,0.0
15,select_129/aten.select.int/Gather,Gather,unknown_f32,NOT_RUN,0.0,0.0
15,select_130/aten.select.int/Gather,Gather,unknown_f32,NOT_RUN,0.0,0.0
15,select_131/aten.select.int/Gather,Gather,unknown_f32,NOT_RUN,0.0,0.0
15,select_132/aten.select.int/Gather,Gather,unknown_f32,NOT_RUN,0.0,0.0
15,select_133/aten.select.int/Gather,Gather,unknown_f32,NOT_RUN,0.0,0.0
15,select_134/aten.select.int/Gather,Gather,unknown_f32,NOT_RUN,0.0,0.0
15,select_135/aten.select.int/Gather,Gather,unknown_f32,NOT_RUN,0.0,0.0
15,select_136/aten.select.int/Gather,Gather,unknown_f32,NOT_RUN,0.0,0.0
15,select_137/aten.select.int/Gather,Gather,unknown_f32,NOT_RUN,0.0,0.0
15,select_138/aten.select.int/Gather,Gather,unknown_f32,NOT_RUN,0.0,0.0
15,select_139/aten.select.int/Gather,Gather,unknown_f32,NOT_RUN,0.0,0.0
15,select_140/aten.select.int/Gather,Gather,unknown_f32,NOT_RUN,0.0,0.0
15,select_141/aten.select.int/Gather,Gather,unknown_f32,NOT_RUN,0.0,0.0
15,select_142/aten.select.int/Gather,Gather,unknown_f32,NOT_RUN,0.0,0.0
15,select_143/aten.select.int/Gather,Gather,unknown_f32,NOT_RUN,0.0,0.0
15,select_144/aten.select.int/Gather,Gather,unknown_f32,NOT_RUN,0.0,0.0
15,select_145/aten.select.int/Gather,Gather,unknown_f32,NOT_RUN,0.0,0.0
15,select_146/aten.select.int/Gather,Gather,unknown_f32,NOT_RUN,0.0,0.0
15,select_147/aten.select.int/Gather,Gather,unknown_f32,NOT_RUN,0.0,0.0
15,select_148/aten.select.int/Gather,Gather,unknown_f32,NOT_RUN,0.0,0.0
15,select_149/aten.select.int/Gather,Gather,unknown_f32,NOT_RUN,0.0,0.0
15,select_150/aten.select.int/Gather,Gather,unknown_f32,NOT_RUN,0.0,0.0
15,select_151/aten.select.int/Gather,Gather,unknown_f32,NOT_RUN,0.0,0.0
15,select_152/aten.select.int/Gather,Gather,unknown_f32,NOT_RUN,0.0,0.0
15,select_153/aten.select.int/Gather,Gather,unknown_f32,NOT_RUN,0.0,0.0
15,select_154/aten.select.int/Gather,Gather,unknown_f32,NOT_RUN,0.0,0.0
15,select_155/aten.select.int/Gather,Gather,unknown_f32,NOT_RUN,0.0,0.0
15,select_156/aten.select.int/Gather,Gather,unknown_f32,NOT_RUN,0.0,0.0
15,select_157/aten.select.int/Gather,Gather,unknown_f32,NOT_RUN,0.0,0.0
15,select_158/aten.select.int/Gather,Gather,unknown_f32,NOT_RUN,0.0,0.0
15,select_159/aten.select.int/Gather,Gather,unknown_f32,NOT_RUN,0.0,0.0
15,select_160/aten.select.int/Gather,Gather,unknown_f32,NOT_RUN,0.0,0.0
15,select_161/aten.select.int/Gather,Gather,unknown_f32,NOT_RUN,0.0,0.0
15,select_162/aten.select.int/Gather,Gather,unknown_f32,NOT_RUN,0.0,0.0
15,select_163/aten.select.int/Gather,Gather,unknown_f32,NOT_RUN,0.0,0.0
15,select_164/aten.select.int/Gather,Gather,unknown_f32,NOT_RUN,0.0,0.0
15,select_165/aten.select.int/Gather,Gather,unknown_f32,NOT_RUN,0.0,0.0
15,select_166/aten.select.int/Gather,Gather,unknown_f32,NOT_RUN,0.0,0.0
15,select_167/aten.select.int/Gather,Gather,unknown_f32,NOT_RUN,0.0,0.0
15,select_168/aten.select.int/Gather,Gather,unknown_f32,NOT_RUN,0.0,0.0
15,select_169/aten.select.int/Gather,Gather,unknown_f32,NOT_RUN,0.0,0.0
15,select_170/aten.select.int/Gather,Gather,unknown_f32,NOT_RUN,0.0,0.0
15,select_171/aten.select.int/Gather,Gather,unknown_f32,NOT_RUN,0.0,0.0
15,select_172/aten.select.int/Gather,Gather,unknown_f32,NOT_RUN,0.0,0.0
15,select_173/aten.select.int/Gather,Gather,unknown_f32,NOT_RUN,0.0,0.0
15,select_174/aten.select.int/Gather,Gather,unknown_f32,NOT_RUN,0.0,0.0
15,select_175/aten.select.int/Gather,Gather,unknown_f32,NOT_RUN,0.0,0.0
15,select_176/aten.select.int/Gather,Gather,unknown_f32,NOT_RUN,0.0,0.0
15,select_177/aten.select.int/Gather,Gather,unknown_f32,NOT_RUN,0.0,0.0
15,select_178/aten.select.int/Gather,Gather,unknown_f32,NOT_RUN,0.0,0.0
15,select_179/aten.select.int/Gather,Gather,unknown_f32,NOT_RUN,0.0,0.0
15,select_180/aten.select.int/Gather,Gather,unknown_f32,NOT_RUN,0.0,0.0
15,select_181/aten.select.int/Gather,Gather,unknown_f32,NOT_RUN,0.0,0.0
15,select_182/aten.select.int/Gather,Gather,unknown_f32,NOT_RUN,0.0,0.0
15,select_183/aten.select.int/Gather,Gather,unknown_f32,NOT_RUN,0.0,0.0
15,select_184/aten.select.int/Gather,Gather,unknown_f32,NOT_RUN,0.0,0.0
15,select_185/aten.select.int/Gather,Gather,unknown_f32,NOT_RUN,0.0,0.0
15,select_186/aten.select.int/Gather,Gather,unknown_f32,NOT_RUN,0.0,0.0
15,select_187/aten.select.int/Gather,Gather,unknown_f32,NOT_RUN,0.0,0.0
15,select_188/aten.select.int/Gather,Gather,unknown_f32,NOT_RUN,0.0,0.0
15,select_189/aten.select.int/Gather,Gather,unknown_f32,NOT_RUN,0.0,0.0
15,select_190/aten.select.int/Gather,Gather,unknown_f32,NOT_RUN,0.0,0.0
15,select_191/aten.select.int/Gather,Gather,unknown_f32,NOT_RUN,0.0,0.0
15,select_192/aten.select.int/Gather,Gather,unknown_f32,NOT_RUN,0.0,0.0
15,select_193/aten.select.int/Gather,Gather,unknown_f32,NOT_RUN,0.0,0.0
15,select_194/aten.select.int/Gather,Gather,unknown_f32,NOT_RUN,0.0,0.0
15,select_195/aten.select.int/Gather,Gather,unknown_f32,NOT_RUN,0.0,0.0
15,select_196/aten.select.int/Gather,Gather,unknown_f32,NOT_RUN,0.0,0.0
15,select_197/aten.select.int/Gather,Gather,unknown_f32,NOT_RUN,0.0,0.0
15,select_198/aten.select.int/Gather,Gather,unknown_f32,NOT_RUN,0.0,0.0
15,select_199/aten.select.int/Gather,Gather,unknown_f32,NOT_RUN,0.0,0.0
15,select_200/aten.select.int/Gather,Gather,unknown_f32,NOT_RUN,0.0,0.0
15,select_201/aten.select.int/Gather,Gather,unknown_f32,NOT_RUN,0.0,0.0
15,select_202/aten.select.int/Gather,Gather,unknown_f32,NOT_RUN,0.0,0.0
15,select_203/aten.select.int/Gather,Gather,unknown_f32,NOT_RUN,0.0,0.0
15,select_204/aten.select.int/Gather,Gather,unknown_f32,NOT_RUN,0.0,0.0
15,select_205/aten.select.int/Gather,Gather,unknown_f32,NOT_RUN,0.0,0.0
15,select_206/aten.select.int/Gather,Gather,unknown_f32,NOT_RUN,0.0,0.0
15,select_207/aten.select.int/Gather,Gather,unknown_f32,NOT_RUN,0.0,0.0
15,select_208/aten.select.int/Gather,Gather,unknown_f32,NOT_RUN,0.0,0.0
15,select_209/aten.select.int/Gather,Gather,unknown_f32,NOT_RUN,0.0,0.0
15,select_210/aten.select.int/Gather,Gather,unknown_f32,NOT_RUN,0.0,0.0
15,select_211/aten.select.int/Gather,Gather,unknown_f32,NOT_RUN,0.0,0.0
15,select_212/aten.select.int/Gather,Gather,unknown_f32,NOT_RUN,0.0,0.0
15,select_213/aten.select.int/Gather,Gather,unknown_f32,NOT_RUN,0.0,0.0
15,select_214/aten.select.int/Gather,Gather,unknown_f32,NOT_RUN,0.0,0.0
15,select_215/aten.select.int/Gather,Gather,unknown_f32,NOT_RUN,0.0,0.0
15,select_216/aten.select.int/Gather,Gather,unknown_f32,NOT_RUN,0.0,0.0
15,select_217/aten.select.int/Gather,Gather,unknown_f32,NOT_RUN,0.0,0.0
15,select_218/aten.select.int/Gather,Gather,unknown_f32,NOT_RUN,0.0,0.0
15,select_219/aten.select.int/Gather,Gather,unknown_f32,NOT_RUN,0.0,0.0
15,select_220/aten.select.int/Gather,Gather,unknown_f32,NOT_RUN,0.0,0.0
15,select_221/aten.select.int/Gather,Gather,unknown_f32,NOT_RUN,0.0,0.0
15,select_222/aten.select.int/Gather,Gather,unknown_f32,NOT_RUN,0.0,0.0
15,select_223/aten.select.int/Gather,Gather,unknown_f32,NOT_RUN,0.0,0.0
15,select_224/aten.select.int/Gather,Gather,unknown_f32,NOT_RUN,0.0,0.0
15,select_225/aten.select.int/Gather,Gather,unknown_f32,NOT_RUN,0.0,0.0
15,select_226/aten.select.int/Gather,Gather,unknown_f32,NOT_RUN,0.0,0.0
15,select_227/aten.select.int/Gather,Gather,unknown_f32,NOT_RUN,0.0,0.0
15,select_228/aten.select.int/Gather,Gather,unknown_f32,NOT_RUN,0.0,0.0
15,select_229/aten.select.int/Gather,Gather,unknown_f32,NOT_RUN,0.0,0.0
15,select_230/aten.select.int/Gather,Gather,unknown_f32,NOT_RUN,0.0,0.0
15,select_231/aten.select.int/Gather,Gather,unknown_f32,NOT_RUN,0.0,0.0
15,select_232/aten.select.int/Gather,Gather,unknown_f32,NOT_RUN,0.0,0.0
15,select_233/aten.select.int/Gather,Gather,unknown_f32,NOT_RUN,0.0,0.0
15,select_234/aten.select.int/Gather,Gather,unknown_f32,NOT_RUN,0.0,0.0
15,select_235/aten.select.int/Gather,Gather,unknown_f32,NOT_RUN,0.0,0.0
15,select_236/aten.select.int/Gather,Gather,unknown_f32,NOT_RUN,0.0,0.0
15,select_237/aten.select.int/Gather,Gather,unknown_f32,NOT_RUN,0.0,0.0
15,select_238/aten.select.int/Gather,Gather,unknown_f32,NOT_RUN,0.0,0.0
15,select_239/aten.select.int/Gather,Gather,unknown_f32,NOT_RUN,0.0,0.0
15,select_240/aten.select.int/Gather,Gather,unknown_f32,NOT_RUN,0.0,0.0
15,select_241/aten.select.int/Gather,Gather,unknown_f32,NOT_RUN,0.0,0.0
15,select_242/aten.select.int/Gather,Gather,unknown_f32,NOT_RUN,0.0,0.0
15,select_243/aten.select.int/Gather,Gather,unknown_f32,NOT_RUN,0.0,0.0
15,select_244/aten.select.int/Gather,Gather,unknown_f32,NOT_RUN,0.0,0.0
15,select_245/aten.select.int/Gather,Gather,unknown_f32,NOT_RUN,0.0,0.0
15,select_246/aten.select.int/Gather,Gather,unknown_f32,NOT_RUN,0.0,0.0
15,select_247/aten.select.int/Gather,Gather,unknown_f32,NOT_RUN,0.0,0.0
15,select_248/aten.select.int/Gather,Gather,unknown_f32,NOT_RUN,0.0,0.0
15,select_249/aten.select.int/Gather,Gather,unknown_f32,NOT_RUN,0.0,0.0
15,select_250/aten.select.int/Gather,Gather,unknown_f32,NOT_RUN,0.0,0.0
15,select_251/aten.select.int/Gather,Gather,unknown_f32,NOT_RUN,0.0,0.0
15,select_252/aten.select.int/Gather,Gather,unknown_f32,NOT_RUN,0.0,0.0
15,select_253/aten.select.int/Gather,Gather,unknown_f32,NOT_RUN,0.0,0.0
15,select_254/aten.select.int/Gather,Gather,unknown_f32,NOT_RUN,0.0,0.0
15,select_255/aten.select.int/Gather,Gather,unknown_f32,NOT_RUN,0.0,0.0
15,select_256/aten.select.int/Gather,Gather,unknown_f32,NOT_RUN,0.0,0.0
15,select_257/aten.select.int/Gather,Gather,unknown_f32,NOT_RUN,0.0,0.0
15,select_258/aten.select.int/Gather,Gather,unknown_f32,NOT_RUN,0.0,0.0
15,select_259/aten.select.int/Gather,Gather,unknown_f32,NOT_RUN,0.0,0.0
15,select_260/aten.select.int/Gather,Gather,unknown_f32,NOT_RUN,0.0,0.0
15,select_261/aten.select.int/Gather,Gather,unknown_f32,NOT_RUN,0.0,0.0
15,select_262/aten.select.int/Gather,Gather,unknown_f32,NOT_RUN,0.0,0.0
15,select_263/aten.select.int/Gather,Gather,unknown_f32,NOT_RUN,0.0,0.0
15,select_264/aten.select.int/Gather,Gather,unknown_f32,NOT_RUN,0.0,0.0
15,select_265/aten.select.int/Gather,Gather,unknown_f32,NOT_RUN,0.0,0.0
15,select_266/aten.select.int/Gather,Gather,unknown_f32,NOT_RUN,0.0,0.0
15,select_267/aten.select.int/Gather,Gather,unknown_f32,NOT_RUN,0.0,0.0
15,select_268/aten.select.int/Gather,Gather,unknown_f32,NOT_RUN,0.0,0.0
15,select_269/aten.select.int/Gather,Gather,unknown_f32,NOT_RUN,0.0,0.0
15,select_270/aten.select.int/Gather,Gather,unknown_f32,NOT_RUN,0.0,0.0
15,select_271/aten.select.int/Gather,Gather,unknown_f32,NOT_RUN,0.0,0.0
15,select_272/aten.select.int/Gather,Gather,unknown_f32,NOT_RUN,0.0,0.0
15,select_273/aten.select.int/Gather,Gather,unknown_f32,NOT_RUN,0.0,0.0
15,select_274/aten.select.int/Gather,Gather,unknown_f32,NOT_RUN,0.0,0.0
15,select_275/aten.select.int/Gather,Gather,unknown_f32,NOT_RUN,0.0,0.0
15,select_276/aten.select.int/Gather,Gather,unknown_f32,NOT_RUN,0.0,0.0
15,select_277/aten.select.int/Gather,Gather,unknown_f32,NOT_RUN,0.0,0.0
15,select_278/aten.select.int/Gather,Gather,unknown_f32,NOT_RUN,0.0,0.0
15,select_279/aten.select.int/Gather,Gather,unknown_f32,NOT_RUN,0.0,0.0
15,select_280/aten.select.int/Gather,Gather,unknown_f32,NOT_RUN,0.0,0.0
15,select_281/aten.select.int/Gather,Gather,unknown_f32,NOT_RUN,0.0,0.0
15,select_282/aten.select.int/Gather,Gather,unknown_f32,NOT_RUN,0.0,0.0
15,select_283/aten.select.int/Gather,Gather,unknown_f32,NOT_RUN,0.0,0.0
15,select_284/aten.select.int/Gather,Gather,unknown_f32,NOT_RUN,0.0,0.0
15,select_285/aten.select.int/Gather,Gather,unknown_f32,NOT_RUN,0.0,0.0
15,select_286/aten.select.int/Gather,Gather,unknown_f32,NOT_RUN,0.0,0.0
15,select_287/aten.select.int/Gather,Gather,unknown_f32,NOT_RUN,0.0,0.0
15,select_288/aten.select.int/Gather,Gather,unknown_f32,NOT_RUN,0.0,0.0
15,select_289/aten.select.int/Gather,Gather,unknown_f32,NOT_RUN,0.0,0.0
15,select_290/aten.select.int/Gather,Gather,unknown_f32,NOT_RUN,0.0,0.0
15,select_291/aten.select.int/Gather,Gather,unknown_f32,NOT_RUN,0.0,0.0
15,select_292/aten.select.int/Gather,Gather,unknown_f32,NOT_RUN,0.0,0.0
15,select_293/aten.select.int/Gather,Gather,unknown_f32,NOT_RUN,0.0,0.0
15,select_294/aten.select.int/Gather,Gather,unknown_f32,NOT_RUN,0.0,0.0
15,select_295/aten.select.int/Gather,Gather,unknown_f32,NOT_RUN,0.0,0.0
15,select_296/aten.select.int/Gather,Gather,unknown_f32,NOT_RUN,0.0,0.0
15,select_297/aten.select.int/Gather,Gather,unknown_f32,NOT_RUN,0.0,0.0
15,select_298/aten.select.int/Gather,Gather,unknown_f32,NOT_RUN,0.0,0.0
15,select_299/aten.select.int/Gather,Gather,unknown_f32,NOT_RUN,0.0,0.0
15,select_300/aten.select.int/Gather,Gather,unknown_f32,NOT_RUN,0.0,0.0
15,select_301/aten.select.int/Gather,Gather,unknown_f32,NOT_RUN,0.0,0.0
15,select_302/aten.select.int/Gather,Gather,unknown_f32,NOT_RUN,0.0,0.0
15,select_303/aten.select.int/Gather,Gather,unknown_f32,NOT_RUN,0.0,0.0
15,select_304/aten.select.int/Gather,Gather,unknown_f32,NOT_RUN,0.0,0.0
15,cat_3/aten.cat.default/Concat,Concat,ref_f32,EXECUTED,0.064,0.064
15,view_84/aten.view.default/Reshape,Reshape,unknown_f32,NOT_RUN,0.0,0.0
15,add_50/aten.add.Tensor/Add,Subgraph,jit_avx2_f32,EXECUTED,0.020999999999999998,0.020999999999999998
15,linear_2/aten.linear.default/Add,FullyConnected,brgemm_avx2_f32,EXECUTED,0.297,0.297
15,Multiply_13576,Multiply,undef,NOT_RUN,0.0,0.0
15,view_86/aten.view.default/Reshape,Reshape,unknown_f32,NOT_RUN,0.0,0.0
15,permute_3/aten.permute.default/Transpose,Transpose,unknown_f32,EXECUTED,0.022,0.022
15,linear_3/aten.linear.default/Add,FullyConnected,gemm_mlas_f32,EXECUTED,0.332,0.332
15,view_87/aten.view.default/Reshape,Reshape,unknown_f32,NOT_RUN,0.0,0.0
15,Transpose_12104,Transpose,unknown_f32,EXECUTED,0.054,0.054
15,linear_4/aten.linear.default/Add,FullyConnected,gemm_mlas_f32,EXECUTED,0.325,0.325
15,view_88/aten.view.default/Reshape,Reshape,unknown_f32,NOT_RUN,0.0,0.0
15,permute_5/aten.permute.default/Transpose,Transpose,unknown_f32,EXECUTED,0.015000000000000001,0.015000000000000001
15,bmm_1/aten.bmm.default/MatMul,Subgraph,jit_avx2_f32,EXECUTED,0.44499999999999995,0.44499999999999995
15,permute_7/aten.permute.default/Transpose,Transpose,unknown_f32,EXECUTED,0.027,0.027
15,view_89/aten.view.default/Reshape,Reshape,unknown_f32,NOT_RUN,0.0,0.0
15,linear_5/aten.linear.default/Add,FullyConnected,gemm_mlas_f32,EXECUTED,0.356,0.356
15,view_90/aten.view.default/Reshape,Reshape,unknown_f32,NOT_RUN,0.0,0.0
15,add_51/aten.add.Tensor/Add,Subgraph,jit_avx2_f32,EXECUTED,0.020999999999999998,0.020999999999999998
15,native_layer_norm/aten.native_layer_norm.default/MVN,MVN,jit_avx2_f32,EXECUTED,0.019,0.019
15,native_layer_norm/aten.native_layer_norm.default/Add,Subgraph,jit_avx2_f32,EXECUTED,0.016,0.016
15,linear_6/aten.linear.default/Add,FullyConnected,brgemm_avx2_f32,EXECUTED,1.345,1.345
15,relu_17/aten.relu.default/Relu,Relu,undef,NOT_RUN,0.0,0.0
15,linear_7/aten.linear.default/Add,FullyConnected,gemm_mlas_f32,EXECUTED,1.4289999999999998,1.4289999999999998
15,add_52/aten.add.Tensor/Add,Subgraph,jit_avx2_f32,EXECUTED,0.025,0.025
15,native_layer_norm_1/aten.native_layer_norm.default/MVN,MVN,jit_avx2_f32,EXECUTED,0.019,0.019
15,add_53/aten.add.Tensor/Add,Subgraph,jit_avx2_f32,EXECUTED,0.029,0.029
15,linear_8/aten.linear.default/Add,FullyConnected,brgemm_avx2_f32,EXECUTED,0.27999999999999997,0.27999999999999997
15,Multiply_13578,Multiply,undef,NOT_RUN,0.0,0.0
15,view_92/aten.view.default/Reshape,Reshape,unknown_f32,NOT_RUN,0.0,0.0
15,permute_8/aten.permute.default/Transpose,Transpose,unknown_f32,EXECUTED,0.017,0.017
15,linear_9/aten.linear.default/Add,FullyConnected,gemm_mlas_f32,EXECUTED,0.263,0.263
15,view_93/aten.view.default/Reshape,Reshape,unknown_f32,NOT_RUN,0.0,0.0
15,Transpose_12133,Transpose,unknown_f32,EXECUTED,0.039,0.039
15,linear_10/aten.linear.default/Add,FullyConnected,gemm_mlas_f32,EXECUTED,0.263,0.263
15,view_94/aten.view.default/Reshape,Reshape,unknown_f32,NOT_RUN,0.0,0.0
15,permute_10/aten.permute.default/Transpose,Transpose,unknown_f32,EXECUTED,0.012,0.012
15,bmm_3/aten.bmm.default/MatMul,Subgraph,jit_avx2_f32,EXECUTED,0.374,0.374
15,permute_12/aten.permute.default/Transpose,Transpose,unknown_f32,EXECUTED,0.020999999999999998,0.020999999999999998
15,view_95/aten.view.default/Reshape,Reshape,unknown_f32,NOT_RUN,0.0,0.0
15,linear_11/aten.linear.default/Add,FullyConnected,gemm_mlas_f32,EXECUTED,0.285,0.285
15,view_96/aten.view.default/Reshape,Reshape,unknown_f32,NOT_RUN,0.0,0.0
15,add_54/aten.add.Tensor/Add,Subgraph,jit_avx2_f32,EXECUTED,0.015000000000000001,0.015000000000000001
15,native_layer_norm_2/aten.native_layer_norm.default/MVN,MVN,jit_avx2_f32,EXECUTED,0.014,0.014
15,native_layer_norm_2/aten.native_layer_norm.default/Add,Subgraph,jit_avx2_f32,EXECUTED,0.006,0.006
15,linear_12/aten.linear.default/Add,FullyConnected,brgemm_avx2_f32,EXECUTED,1.287,1.287
15,relu_18/aten.relu.default/Relu,Relu,undef,NOT_RUN,0.0,0.0
15,linear_13/aten.linear.default/Add,FullyConnected,gemm_mlas_f32,EXECUTED,1.3940000000000001,1.3940000000000001
15,add_55/aten.add.Tensor/Add,Subgraph,jit_avx2_f32,EXECUTED,0.023,0.023
15,native_layer_norm_3/aten.native_layer_norm.default/MVN,MVN,jit_avx2_f32,EXECUTED,0.018000000000000002,0.018000000000000002
15,add_56/aten.add.Tensor/Add,Subgraph,jit_avx2_f32,EXECUTED,0.026,0.026
15,linear_14/aten.linear.default/Add,FullyConnected,brgemm_avx2_f32,EXECUTED,0.26899999999999996,0.26899999999999996
15,Multiply_13580,Multiply,undef,NOT_RUN,0.0,0.0
15,view_98/aten.view.default/Reshape,Reshape,unknown_f32,NOT_RUN,0.0,0.0
15,permute_13/aten.permute.default/Transpose,Transpose,unknown_f32,EXECUTED,0.016,0.016
15,linear_15/aten.linear.default/Add,FullyConnected,gemm_mlas_f32,EXECUTED,0.301,0.301
15,view_99/aten.view.default/Reshape,Reshape,unknown_f32,NOT_RUN,0.0,0.0
15,Transpose_12162,Transpose,unknown_f32,EXECUTED,0.046,0.046
15,linear_16/aten.linear.default/Add,FullyConnected,gemm_mlas_f32,EXECUTED,0.27,0.27
15,view_100/aten.view.default/Reshape,Reshape,unknown_f32,NOT_RUN,0.0,0.0
15,permute_15/aten.permute.default/Transpose,Transpose,unknown_f32,EXECUTED,0.012,0.012
15,bmm_5/aten.bmm.default/MatMul,Subgraph,jit_avx2_f32,EXECUTED,0.415,0.415
15,permute_17/aten.permute.default/Transpose,Transpose,unknown_f32,EXECUTED,0.025,0.025
15,view_101/aten.view.default/Reshape,Reshape,unknown_f32,NOT_RUN,0.0,0.0
15,linear_17/aten.linear.default/Add,FullyConnected,gemm_mlas_f32,EXECUTED,0.32,0.32
15,view_102/aten.view.default/Reshape,Reshape,unknown_f32,NOT_RUN,0.0,0.0
15,add_57/aten.add.Tensor/Add,Subgraph,jit_avx2_f32,EXECUTED,0.02,0.02
15,native_layer_norm_4/aten.native_layer_norm.default/MVN,MVN,jit_avx2_f32,EXECUTED,0.014,0.014
15,native_layer_norm_4/aten.native_layer_norm.default/Add,Subgraph,jit_avx2_f32,EXECUTED,0.012,0.012
15,linear_18/aten.linear.default/Add,FullyConnected,brgemm_avx2_f32,EXECUTED,1.325,1.325
15,relu_19/aten.relu.default/Relu,Relu,undef,NOT_RUN,0.0,0.0
15,linear_19/aten.linear.default/Add,FullyConnected,gemm_mlas_f32,EXECUTED,1.392,1.392
15,add_58/aten.add.Tensor/Add,Subgraph,jit_avx2_f32,EXECUTED,0.024,0.024
15,native_layer_norm_5/aten.native_layer_norm.default/MVN,MVN,jit_avx2_f32,EXECUTED,0.022,0.022
15,add_59/aten.add.Tensor/Add,Subgraph,jit_avx2_f32,EXECUTED,0.029,0.029
15,linear_20/aten.linear.default/Add,FullyConnected,brgemm_avx2_f32,EXECUTED,0.279,0.279
15,Multiply_13582,Multiply,undef,NOT_RUN,0.0,0.0
15,view_104/aten.view.default/Reshape,Reshape,unknown_f32,NOT_RUN,0.0,0.0
15,permute_18/aten.permute.default/Transpose,Transpose,unknown_f32,EXECUTED,0.014,0.014
15,linear_21/aten.linear.default/Add,FullyConnected,gemm_mlas_f32,EXECUTED,0.275,0.275
15,view_105/aten.view.default/Reshape,Reshape,unknown_f32,NOT_RUN,0.0,0.0
15,Transpose_12191,Transpose,unknown_f32,EXECUTED,0.039,0.039
15,linear_22/aten.linear.default/Add,FullyConnected,gemm_mlas_f32,EXECUTED,0.261,0.261
15,view_106/aten.view.default/Reshape,Reshape,unknown_f32,NOT_RUN,0.0,0.0
15,permute_20/aten.permute.default/Transpose,Transpose,unknown_f32,EXECUTED,0.01,0.01
15,bmm_7/aten.bmm.default/MatMul,Subgraph,jit_avx2_f32,EXECUTED,0.38699999999999996,0.38699999999999996
15,permute_22/aten.permute.default/Transpose,Transpose,unknown_f32,EXECUTED,0.019,0.019
15,view_107/aten.view.default/Reshape,Reshape,unknown_f32,NOT_RUN,0.0,0.0
15,linear_23/aten.linear.default/Add,FullyConnected,gemm_mlas_f32,EXECUTED,0.313,0.313
15,view_108/aten.view.default/Reshape,Reshape,unknown_f32,NOT_RUN,0.0,0.0
15,add_60/aten.add.Tensor/Add,Subgraph,jit_avx2_f32,EXECUTED,0.016,0.016
15,native_layer_norm_6/aten.native_layer_norm.default/MVN,MVN,jit_avx2_f32,EXECUTED,0.016,0.016
15,native_layer_norm_6/aten.native_layer_norm.default/Add,Subgraph,jit_avx2_f32,EXECUTED,0.007,0.007
15,linear_24/aten.linear.default/Add,FullyConnected,brgemm_avx2_f32,EXECUTED,1.325,1.325
15,relu_20/aten.relu.default/Relu,Relu,undef,NOT_RUN,0.0,0.0
15,linear_25/aten.linear.default/Add,FullyConnected,gemm_mlas_f32,EXECUTED,1.4289999999999998,1.4289999999999998
15,add_61/aten.add.Tensor/Add,Subgraph,jit_avx2_f32,EXECUTED,0.023,0.023
15,native_layer_norm_7/aten.native_layer_norm.default/MVN,MVN,jit_avx2_f32,EXECUTED,0.018000000000000002,0.018000000000000002
15,add_65/aten.add.Tensor/Add,Subgraph,jit_avx2_f32,EXECUTED,0.024,0.024
15,linear_31/aten.linear.default/Add,FullyConnected,gemm_mlas_f32,EXECUTED,0.296,0.296
15,view_117/aten.view.default/Reshape,Reshape,unknown_f32,NOT_RUN,0.0,0.0
15,Transpose_12220,Transpose,unknown_f32,EXECUTED,0.05,0.05
15,linear_32/aten.linear.default/Add,FullyConnected,gemm_mlas_f32,EXECUTED,0.303,0.303
15,view_118/aten.view.default/Reshape,Reshape,unknown_f32,NOT_RUN,0.0,0.0
15,permute_30/aten.permute.default/Transpose,Transpose,unknown_f32,EXECUTED,0.012,0.012
15,bmm_11/aten.bmm.default/MatMul,Subgraph,jit_avx2_f32,EXECUTED,0.223,0.223
15,permute_32/aten.permute.default/Transpose,Transpose,unknown_f32,EXECUTED,0.009000000000000001,0.009000000000000001
15,view_119/aten.view.default/Reshape,Reshape,unknown_f32,NOT_RUN,0.0,0.0
15,linear_33/aten.linear.default/Add,FullyConnected,gemm_mlas_f32,EXECUTED,0.152,0.152
15,view_120/aten.view.default/Reshape,Reshape,unknown_f32,NOT_RUN,0.0,0.0
15,add_66/aten.add.Tensor/Add,Subgraph,jit_avx2_f32,EXECUTED,0.012,0.012
15,native_layer_norm_9/aten.native_layer_norm.default/MVN,MVN,jit_avx2_f32,EXECUTED,0.006,0.006
15,native_layer_norm_9/aten.native_layer_norm.default/Add,Subgraph,jit_avx2_f32,EXECUTED,0.005,0.005
15,linear_34/aten.linear.default/Add,FullyConnected,brgemm_avx2_f32,EXECUTED,0.5199999999999999,0.5199999999999999
15,relu_21/aten.relu.default/Relu,Relu,undef,NOT_RUN,0.0,0.0
15,linear_35/aten.linear.default/Add,FullyConnected,gemm_mlas_f32,EXECUTED,0.5810000000000001,0.5810000000000001
15,add_67/aten.add.Tensor/Add,Subgraph,jit_avx2_f32,EXECUTED,0.013,0.013
15,native_layer_norm_10/aten.native_layer_norm.default/MVN,MVN,jit_avx2_f32,EXECUTED,0.008,0.008
15,native_layer_norm_10/aten.native_layer_norm.default/Add,Subgraph,jit_avx2_f32,EXECUTED,0.003,0.003
15,native_layer_norm_11/aten.native_layer_norm.default/MVN,MVN,jit_avx2_f32,EXECUTED,0.006,0.006
15,native_layer_norm_11/aten.native_layer_norm.default/Add,Subgraph,jit_avx2_f32,EXECUTED,0.003,0.003
15,permute_33/aten.permute.default/Transpose,Reshape,unknown_f32,NOT_RUN,0.0,0.0
15,linear_36/aten.linear.default/Add,FullyConnected,gemm_mlas_f32,EXECUTED,0.011,0.011
15,Result_6085,Result,unknown_f32,NOT_RUN,0.0,0.0
16,state,Parameter,unknown_f32,NOT_RUN,0.0,0.0
16,linear_1/aten.linear.default/Add,FullyConnected,gemm_mlas_f32,EXECUTED,0.039,0.039
16,wrist_image,Parameter,unknown_f32,NOT_RUN,0.0,0.0
16,wrist_image_abcd_acdb_mul_2/aten.mul.Tensor/Multiply,Reorder,jit_uni_f32,EXECUTED,0.23800000000000002,0.23800000000000002
16,mul_2/aten.mul.Tensor/Multiply,Convolution,brgconv_avx2_f32,EXECUTED,1.9789999999999999,1.9789999999999999
16,relu/aten.relu.default/Relu,Relu,undef,NOT_RUN,0.0,0.0
16,max_pool2d_with_indices/aten.max_pool2d_with_indices.default/MaxPool,MaxPool,jit_avx2_f32,EXECUTED,0.34099999999999997,0.34099999999999997
16,mul_5/aten.mul.Tensor/Multiply,Convolution,brgconv_avx2_f32,EXECUTED,1.903,1.903
16,relu_1/aten.relu.default/Relu,Relu,undef,NOT_RUN,0.0,0.0
16,mul_8/aten.mul.Tensor/Multiply,Convolution,brgconv_avx2_f32,EXECUTED,1.881,1.881
16,add_6/aten.add.Tensor/Add,Add,undef,NOT_RUN,0.0,0.0
16,relu_2/aten.relu.default/Relu,Relu,undef,NOT_RUN,0.0,0.0
16,mul_11/aten.mul.Tensor/Multiply,Convolution,brgconv_avx2_f32,EXECUTED,1.953,1.953
16,relu_3/aten.relu.default/Relu,Relu,undef,NOT_RUN,0.0,0.0
16,mul_14/aten.mul.Tensor/Multiply,Convolution,brgconv_avx2_f32,EXECUTED,1.928,1.928
16,add_11/aten.add.Tensor/Add,Add,undef,NOT_RUN,0.0,0.0
16,relu_4/aten.relu.default/Relu,Relu,undef,NOT_RUN,0.0,0.0
16,mul_17/aten.mul.Tensor/Multiply,Convolution,brgconv_avx2_f32,EXECUTED,1.054,1.054
16,relu_5/aten.relu.default/Relu,Relu,undef,NOT_RUN,0.0,0.0
16,mul_23/aten.mul.Tensor/Multiply,Convolution,brgconv_avx2_1x1_f32,EXECUTED,0.215,0.215
16,mul_20/aten.mul.Tensor/Multiply,Convolution,brgconv_avx2_f32,EXECUTED,1.823,1.823
16,add_18/aten.add.Tensor/Add,Add,undef,NOT_RUN,0.0,0.0
16,relu_6/aten.relu.default/Relu,Relu,undef,NOT_RUN,0.0,0.0
16,mul_26/aten.mul.Tensor/Multiply,Convolution,brgconv_avx2_f32,EXECUTED,1.8010000000000002,1.8010000000000002
16,relu_7/aten.relu.default/Relu,Relu,undef,NOT_RUN,0.0,0.0
16,mul_29/aten.mul.Tensor/Multiply,Convolution,brgconv_avx2_f32,EXECUTED,1.838,1.838
16,add_23/aten.add.Tensor/Add,Add,undef,NOT_RUN,0.0,0.0
16,relu_8/aten.relu.default/Relu,Relu,undef,NOT_RUN,0.0,0.0
16,mul_32/aten.mul.Tensor/Multiply,Convolution,brgconv_avx2_f32,EXECUTED,1.029,1.029
16,relu_9/aten.relu.default/Relu,Relu,undef,NOT_RUN,0.0,0.0
16,mul_38/aten.mul.Tensor/Multiply,Convolution,brgconv_avx2_1x1_f32,EXECUTED,0.212,0.212
16,mul_35/aten.mul.Tensor/Multiply,Convolution,brgconv_avx2_f32,EXECUTED,1.804,1.804
16,add_30/aten.add.Tensor/Add,Add,undef,NOT_RUN,0.0,0.0
16,relu_10/aten.relu.default/Relu,Relu,undef,NOT_RUN,0.0,0.0
16,mul_41/aten.mul.Tensor/Multiply,Convolution,brgconv_avx2_f32,EXECUTED,1.869,1.869
16,relu_11/aten.relu.default/Relu,Relu,undef,NOT_RUN,0.0,0.0
16,mul_44/aten.mul.Tensor/Multiply,Convolution,brgconv_avx2_f32,EXECUTED,1.896,1.896
16,add_35/aten.add.Tensor/Add,Add,undef,NOT_RUN,0.0,0.0
16,relu_12/aten.relu.default/Relu,Relu,undef,NOT_RUN,0.0,0.0
16,mul_47/aten.mul.Tensor/Multiply,Convolution,brgconv_avx2_f32,EXECUTED,1.089,1.089
16,relu_13/aten.relu.default/Relu,Relu,undef,NOT_RUN,0.0,0.0
16,mul_53/aten.mul.Tensor/Multiply,Convolution,brgconv_avx2_1x1_f32,EXECUTED,0.254,0.254
16,mul_50/aten.mul.Tensor/Multiply,Convolution,brgconv_avx2_f32,EXECUTED,1.794,1.794
16,add_42/aten.add.Tensor/Add,Add,undef,NOT_RUN,0.0,0.0
16,relu_14/aten.relu.default/Relu,Relu,undef,NOT_RUN,0.0,0.0
16,mul_56/aten.mul.Tensor/Multiply,Convolution,brgconv_avx2_f32,EXECUTED,1.842,1.842
16,relu_15/aten.relu.default/Relu,Relu,undef,NOT_RUN,0.0,0.0
16,mul_59/aten.mul.Tensor/Multiply,Convolution,brgconv_avx2_f32,EXECUTED,1.828,1.828
16,add_47/aten.add.Tensor/Add,Add,undef,NOT_RUN,0.0,0.0
16,relu_16/aten.relu.default/Relu,Relu,undef,NOT_RUN,0.0,0.0
16,convolution_20/aten.convolution.default/Convolution,Convolution,brgconv_avx2_1x1_f32,EXECUTED,0.374,0.374
16,permute_1/aten.permute.default/Transpose,Transpose,unknown_f32,EXECUTED,0.038,0.038
16,permute_1/aten.permute.default/Transpose_acdb_abcd_view_82/aten.view.default/Reshape,Reorder,reorder_f32,EXECUTED,0.027,0.027
16,view_82/aten.view.default/Reshape,Reshape,unknown_f32,NOT_RUN,0.0,0.0
16,select_5/aten.select.int/Gather,Gather,unknown_f32,NOT_RUN,0.0,0.0
16,select_6/aten.select.int/Gather,Gather,unknown_f32,NOT_RUN,0.0,0.0
16,select_7/aten.select.int/Gather,Gather,unknown_f32,NOT_RUN,0.0,0.0
16,select_8/aten.select.int/Gather,Gather,unknown_f32,NOT_RUN,0.0,0.0
16,select_9/aten.select.int/Gather,Gather,unknown_f32,NOT_RUN,0.0,0.0
16,select_10/aten.select.int/Gather,Gather,unknown_f32,NOT_RUN,0.0,0.0
16,select_11/aten.select.int/Gather,Gather,unknown_f32,NOT_RUN,0.0,0.0
16,select_12/aten.select.int/Gather,Gather,unknown_f32,NOT_RUN,0.0,0.0
16,select_13/aten.select.int/Gather,Gather,unknown_f32,NOT_RUN,0.0,0.0
16,select_14/aten.select.int/Gather,Gather,unknown_f32,NOT_RUN,0.0,0.0
16,select_15/aten.select.int/Gather,Gather,unknown_f32,NOT_RUN,0.0,0.0
16,select_16/aten.select.int/Gather,Gather,unknown_f32,NOT_RUN,0.0,0.0
16,select_17/aten.select.int/Gather,Gather,unknown_f32,NOT_RUN,0.0,0.0
16,select_18/aten.select.int/Gather,Gather,unknown_f32,NOT_RUN,0.0,0.0
16,select_19/aten.select.int/Gather,Gather,unknown_f32,NOT_RUN,0.0,0.0
16,select_20/aten.select.int/Gather,Gather,unknown_f32,NOT_RUN,0.0,0.0
16,select_21/aten.select.int/Gather,Gather,unknown_f32,NOT_RUN,0.0,0.0
16,select_22/aten.select.int/Gather,Gather,unknown_f32,NOT_RUN,0.0,0.0
16,select_23/aten.select.int/Gather,Gather,unknown_f32,NOT_RUN,0.0,0.0
16,select_24/aten.select.int/Gather,Gather,unknown_f32,NOT_RUN,0.0,0.0
16,select_25/aten.select.int/Gather,Gather,unknown_f32,NOT_RUN,0.0,0.0
16,select_26/aten.select.int/Gather,Gather,unknown_f32,NOT_RUN,0.0,0.0
16,select_27/aten.select.int/Gather,Gather,unknown_f32,NOT_RUN,0.0,0.0
16,select_28/aten.select.int/Gather,Gather,unknown_f32,NOT_RUN,0.0,0.0
16,select_29/aten.select.int/Gather,Gather,unknown_f32,NOT_RUN,0.0,0.0
16,select_30/aten.select.int/Gather,Gather,unknown_f32,NOT_RUN,0.0,0.0
16,select_31/aten.select.int/Gather,Gather,unknown_f32,NOT_RUN,0.0,0.0
16,select_32/aten.select.int/Gather,Gather,unknown_f32,NOT_RUN,0.0,0.0
16,select_33/aten.select.int/Gather,Gather,unknown_f32,NOT_RUN,0.0,0.0
16,select_34/aten.select.int/Gather,Gather,unknown_f32,NOT_RUN,0.0,0.0
16,select_35/aten.select.int/Gather,Gather,unknown_f32,NOT_RUN,0.0,0.0
16,select_36/aten.select.int/Gather,Gather,unknown_f32,NOT_RUN,0.0,0.0
16,select_37/aten.select.int/Gather,Gather,unknown_f32,NOT_RUN,0.0,0.0
16,select_38/aten.select.int/Gather,Gather,unknown_f32,NOT_RUN,0.0,0.0
16,select_39/aten.select.int/Gather,Gather,unknown_f32,NOT_RUN,0.0,0.0
16,select_40/aten.select.int/Gather,Gather,unknown_f32,NOT_RUN,0.0,0.0
16,select_41/aten.select.int/Gather,Gather,unknown_f32,NOT_RUN,0.0,0.0
16,select_42/aten.select.int/Gather,Gather,unknown_f32,NOT_RUN,0.0,0.0
16,select_43/aten.select.int/Gather,Gather,unknown_f32,NOT_RUN,0.0,0.0
16,select_44/aten.select.int/Gather,Gather,unknown_f32,NOT_RUN,0.0,0.0
16,select_45/aten.select.int/Gather,Gather,unknown_f32,NOT_RUN,0.0,0.0
16,select_46/aten.select.int/Gather,Gather,unknown_f32,NOT_RUN,0.0,0.0
16,select_47/aten.select.int/Gather,Gather,unknown_f32,NOT_RUN,0.0,0.0
16,select_48/aten.select.int/Gather,Gather,unknown_f32,NOT_RUN,0.0,0.0
16,select_49/aten.select.int/Gather,Gather,unknown_f32,NOT_RUN,0.0,0.0
16,select_50/aten.select.int/Gather,Gather,unknown_f32,NOT_RUN,0.0,0.0
16,select_51/aten.select.int/Gather,Gather,unknown_f32,NOT_RUN,0.0,0.0
16,select_52/aten.select.int/Gather,Gather,unknown_f32,NOT_RUN,0.0,0.0
16,select_53/aten.select.int/Gather,Gather,unknown_f32,NOT_RUN,0.0,0.0
16,select_54/aten.select.int/Gather,Gather,unknown_f32,NOT_RUN,0.0,0.0
16,select_55/aten.select.int/Gather,Gather,unknown_f32,NOT_RUN,0.0,0.0
16,select_56/aten.select.int/Gather,Gather,unknown_f32,NOT_RUN,0.0,0.0
16,select_57/aten.select.int/Gather,Gather,unknown_f32,NOT_RUN,0.0,0.0
16,select_58/aten.select.int/Gather,Gather,unknown_f32,NOT_RUN,0.0,0.0
16,select_59/aten.select.int/Gather,Gather,unknown_f32,NOT_RUN,0.0,0.0
16,select_60/aten.select.int/Gather,Gather,unknown_f32,NOT_RUN,0.0,0.0
16,select_61/aten.select.int/Gather,Gather,unknown_f32,NOT_RUN,0.0,0.0
16,select_62/aten.select.int/Gather,Gather,unknown_f32,NOT_RUN,0.0,0.0
16,select_63/aten.select.int/Gather,Gather,unknown_f32,NOT_RUN,0.0,0.0
16,select_64/aten.select.int/Gather,Gather,unknown_f32,NOT_RUN,0.0,0.0
16,select_65/aten.select.int/Gather,Gather,unknown_f32,NOT_RUN,0.0,0.0
16,select_66/aten.select.int/Gather,Gather,unknown_f32,NOT_RUN,0.0,0.0
16,select_67/aten.select.int/Gather,Gather,unknown_f32,NOT_RUN,0.0,0.0
16,select_68/aten.select.int/Gather,Gather,unknown_f32,NOT_RUN,0.0,0.0
16,select_69/aten.select.int/Gather,Gather,unknown_f32,NOT_RUN,0.0,0.0
16,select_70/aten.select.int/Gather,Gather,unknown_f32,NOT_RUN,0.0,0.0
16,select_71/aten.select.int/Gather,Gather,unknown_f32,NOT_RUN,0.0,0.0
16,select_72/aten.select.int/Gather,Gather,unknown_f32,NOT_RUN,0.0,0.0
16,select_73/aten.select.int/Gather,Gather,unknown_f32,NOT_RUN,0.0,0.0
16,select_74/aten.select.int/Gather,Gather,unknown_f32,NOT_RUN,0.0,0.0
16,select_75/aten.select.int/Gather,Gather,unknown_f32,NOT_RUN,0.0,0.0
16,select_76/aten.select.int/Gather,Gather,unknown_f32,NOT_RUN,0.0,0.0
16,select_77/aten.select.int/Gather,Gather,unknown_f32,NOT_RUN,0.0,0.0
16,select_78/aten.select.int/Gather,Gather,unknown_f32,NOT_RUN,0.0,0.0
16,select_79/aten.select.int/Gather,Gather,unknown_f32,NOT_RUN,0.0,0.0
16,select_80/aten.select.int/Gather,Gather,unknown_f32,NOT_RUN,0.0,0.0
16,select_81/aten.select.int/Gather,Gather,unknown_f32,NOT_RUN,0.0,0.0
16,select_82/aten.select.int/Gather,Gather,unknown_f32,NOT_RUN,0.0,0.0
16,select_83/aten.select.int/Gather,Gather,unknown_f32,NOT_RUN,0.0,0.0
16,select_84/aten.select.int/Gather,Gather,unknown_f32,NOT_RUN,0.0,0.0
16,select_85/aten.select.int/Gather,Gather,unknown_f32,NOT_RUN,0.0,0.0
16,select_86/aten.select.int/Gather,Gather,unknown_f32,NOT_RUN,0.0,0.0
16,select_87/aten.select.int/Gather,Gather,unknown_f32,NOT_RUN,0.0,0.0
16,select_88/aten.select.int/Gather,Gather,unknown_f32,NOT_RUN,0.0,0.0
16,select_89/aten.select.int/Gather,Gather,unknown_f32,NOT_RUN,0.0,0.0
16,select_90/aten.select.int/Gather,Gather,unknown_f32,NOT_RUN,0.0,0.0
16,select_91/aten.select.int/Gather,Gather,unknown_f32,NOT_RUN,0.0,0.0
16,select_92/aten.select.int/Gather,Gather,unknown_f32,NOT_RUN,0.0,0.0
16,select_93/aten.select.int/Gather,Gather,unknown_f32,NOT_RUN,0.0,0.0
16,select_94/aten.select.int/Gather,Gather,unknown_f32,NOT_RUN,0.0,0.0
16,select_95/aten.select.int/Gather,Gather,unknown_f32,NOT_RUN,0.0,0.0
16,select_96/aten.select.int/Gather,Gather,unknown_f32,NOT_RUN,0.0,0.0
16,select_97/aten.select.int/Gather,Gather,unknown_f32,NOT_RUN,0.0,0.0
16,select_98/aten.select.int/Gather,Gather,unknown_f32,NOT_RUN,0.0,0.0
16,select_99/aten.select.int/Gather,Gather,unknown_f32,NOT_RUN,0.0,0.0
16,select_100/aten.select.int/Gather,Gather,unknown_f32,NOT_RUN,0.0,0.0
16,select_101/aten.select.int/Gather,Gather,unknown_f32,NOT_RUN,0.0,0.0
16,select_102/aten.select.int/Gather,Gather,unknown_f32,NOT_RUN,0.0,0.0
16,select_103/aten.select.int/Gather,Gather,unknown_f32,NOT_RUN,0.0,0.0
16,select_104/aten.select.int/Gather,Gather,unknown_f32,NOT_RUN,0.0,0.0
16,select_105/aten.select.int/Gather,Gather,unknown_f32,NOT_RUN,0.0,0.0
16,select_106/aten.select.int/Gather,Gather,unknown_f32,NOT_RUN,0.0,0.0
16,select_107/aten.select.int/Gather,Gather,unknown_f32,NOT_RUN,0.0,0.0
16,select_108/aten.select.int/Gather,Gather,unknown_f32,NOT_RUN,0.0,0.0
16,select_109/aten.select.int/Gather,Gather,unknown_f32,NOT_RUN,0.0,0.0
16,select_110/aten.select.int/Gather,Gather,unknown_f32,NOT_RUN,0.0,0.0
16,select_111/aten.select.int/Gather,Gather,unknown_f32,NOT_RUN,0.0,0.0
16,select_112/aten.select.int/Gather,Gather,unknown_f32,NOT_RUN,0.0,0.0
16,select_113/aten.select.int/Gather,Gather,unknown_f32,NOT_RUN,0.0,0.0
16,select_114/aten.select.int/Gather,Gather,unknown_f32,NOT_RUN,0.0,0.0
16,select_115/aten.select.int/Gather,Gather,unknown_f32,NOT_RUN,0.0,0.0
16,select_116/aten.select.int/Gather,Gather,unknown_f32,NOT_RUN,0.0,0.0
16,select_117/aten.select.int/Gather,Gather,unknown_f32,NOT_RUN,0.0,0.0
16,select_118/aten.select.int/Gather,Gather,unknown_f32,NOT_RUN,0.0,0.0
16,select_119/aten.select.int/Gather,Gather,unknown_f32,NOT_RUN,0.0,0.0
16,select_120/aten.select.int/Gather,Gather,unknown_f32,NOT_RUN,0.0,0.0
16,select_121/aten.select.int/Gather,Gather,unknown_f32,NOT_RUN,0.0,0.0
16,select_122/aten.select.int/Gather,Gather,unknown_f32,NOT_RUN,0.0,0.0
16,select_123/aten.select.int/Gather,Gather,unknown_f32,NOT_RUN,0.0,0.0
16,select_124/aten.select.int/Gather,Gather,unknown_f32,NOT_RUN,0.0,0.0
16,select_125/aten.select.int/Gather,Gather,unknown_f32,NOT_RUN,0.0,0.0
16,select_126/aten.select.int/Gather,Gather,unknown_f32,NOT_RUN,0.0,0.0
16,select_127/aten.select.int/Gather,Gather,unknown_f32,NOT_RUN,0.0,0.0
16,select_128/aten.select.int/Gather,Gather,unknown_f32,NOT_RUN,0.0,0.0
16,select_129/aten.select.int/Gather,Gather,unknown_f32,NOT_RUN,0.0,0.0
16,select_130/aten.select.int/Gather,Gather,unknown_f32,NOT_RUN,0.0,0.0
16,select_131/aten.select.int/Gather,Gather,unknown_f32,NOT_RUN,0.0,0.0
16,select_132/aten.select.int/Gather,Gather,unknown_f32,NOT_RUN,0.0,0.0
16,select_133/aten.select.int/Gather,Gather,unknown_f32,NOT_RUN,0.0,0.0
16,select_134/aten.select.int/Gather,Gather,unknown_f32,NOT_RUN,0.0,0.0
16,select_135/aten.select.int/Gather,Gather,unknown_f32,NOT_RUN,0.0,0.0
16,select_136/aten.select.int/Gather,Gather,unknown_f32,NOT_RUN,0.0,0.0
16,select_137/aten.select.int/Gather,Gather,unknown_f32,NOT_RUN,0.0,0.0
16,select_138/aten.select.int/Gather,Gather,unknown_f32,NOT_RUN,0.0,0.0
16,select_139/aten.select.int/Gather,Gather,unknown_f32,NOT_RUN,0.0,0.0
16,select_140/aten.select.int/Gather,Gather,unknown_f32,NOT_RUN,0.0,0.0
16,select_141/aten.select.int/Gather,Gather,unknown_f32,NOT_RUN,0.0,0.0
16,select_142/aten.select.int/Gather,Gather,unknown_f32,NOT_RUN,0.0,0.0
16,select_143/aten.select.int/Gather,Gather,unknown_f32,NOT_RUN,0.0,0.0
16,select_144/aten.select.int/Gather,Gather,unknown_f32,NOT_RUN,0.0,0.0
16,select_145/aten.select.int/Gather,Gather,unknown_f32,NOT_RUN,0.0,0.0
16,select_146/aten.select.int/Gather,Gather,unknown_f32,NOT_RUN,0.0,0.0
16,select_147/aten.select.int/Gather,Gather,unknown_f32,NOT_RUN,0.0,0.0
16,select_148/aten.select.int/Gather,Gather,unknown_f32,NOT_RUN,0.0,0.0
16,select_149/aten.select.int/Gather,Gather,unknown_f32,NOT_RUN,0.0,0.0
16,select_150/aten.select.int/Gather,Gather,unknown_f32,NOT_RUN,0.0,0.0
16,select_151/aten.select.int/Gather,Gather,unknown_f32,NOT_RUN,0.0,0.0
16,select_152/aten.select.int/Gather,Gather,unknown_f32,NOT_RUN,0.0,0.0
16,select_153/aten.select.int/Gather,Gather,unknown_f32,NOT_RUN,0.0,0.0
16,select_154/aten.select.int/Gather,Gather,unknown_f32,NOT_RUN,0.0,0.0
16,select_155/aten.select.int/Gather,Gather,unknown_f32,NOT_RUN,0.0,0.0
16,select_156/aten.select.int/Gather,Gather,unknown_f32,NOT_RUN,0.0,0.0
16,select_157/aten.select.int/Gather,Gather,unknown_f32,NOT_RUN,0.0,0.0
16,select_158/aten.select.int/Gather,Gather,unknown_f32,NOT_RUN,0.0,0.0
16,select_159/aten.select.int/Gather,Gather,unknown_f32,NOT_RUN,0.0,0.0
16,select_160/aten.select.int/Gather,Gather,unknown_f32,NOT_RUN,0.0,0.0
16,select_161/aten.select.int/Gather,Gather,unknown_f32,NOT_RUN,0.0,0.0
16,select_162/aten.select.int/Gather,Gather,unknown_f32,NOT_RUN,0.0,0.0
16,select_163/aten.select.int/Gather,Gather,unknown_f32,NOT_RUN,0.0,0.0
16,select_164/aten.select.int/Gather,Gather,unknown_f32,NOT_RUN,0.0,0.0
16,select_165/aten.select.int/Gather,Gather,unknown_f32,NOT_RUN,0.0,0.0
16,select_166/aten.select.int/Gather,Gather,unknown_f32,NOT_RUN,0.0,0.0
16,select_167/aten.select.int/Gather,Gather,unknown_f32,NOT_RUN,0.0,0.0
16,select_168/aten.select.int/Gather,Gather,unknown_f32,NOT_RUN,0.0,0.0
16,select_169/aten.select.int/Gather,Gather,unknown_f32,NOT_RUN,0.0,0.0
16,select_170/aten.select.int/Gather,Gather,unknown_f32,NOT_RUN,0.0,0.0
16,select_171/aten.select.int/Gather,Gather,unknown_f32,NOT_RUN,0.0,0.0
16,select_172/aten.select.int/Gather,Gather,unknown_f32,NOT_RUN,0.0,0.0
16,select_173/aten.select.int/Gather,Gather,unknown_f32,NOT_RUN,0.0,0.0
16,select_174/aten.select.int/Gather,Gather,unknown_f32,NOT_RUN,0.0,0.0
16,select_175/aten.select.int/Gather,Gather,unknown_f32,NOT_RUN,0.0,0.0
16,select_176/aten.select.int/Gather,Gather,unknown_f32,NOT_RUN,0.0,0.0
16,select_177/aten.select.int/Gather,Gather,unknown_f32,NOT_RUN,0.0,0.0
16,select_178/aten.select.int/Gather,Gather,unknown_f32,NOT_RUN,0.0,0.0
16,select_179/aten.select.int/Gather,Gather,unknown_f32,NOT_RUN,0.0,0.0
16,select_180/aten.select.int/Gather,Gather,unknown_f32,NOT_RUN,0.0,0.0
16,select_181/aten.select.int/Gather,Gather,unknown_f32,NOT_RUN,0.0,0.0
16,select_182/aten.select.int/Gather,Gather,unknown_f32,NOT_RUN,0.0,0.0
16,select_183/aten.select.int/Gather,Gather,unknown_f32,NOT_RUN,0.0,0.0
16,select_184/aten.select.int/Gather,Gather,unknown_f32,NOT_RUN,0.0,0.0
16,select_185/aten.select.int/Gather,Gather,unknown_f32,NOT_RUN,0.0,0.0
16,select_186/aten.select.int/Gather,Gather,unknown_f32,NOT_RUN,0.0,0.0
16,select_187/aten.select.int/Gather,Gather,unknown_f32,NOT_RUN,0.0,0.0
16,select_188/aten.select.int/Gather,Gather,unknown_f32,NOT_RUN,0.0,0.0
16,select_189/aten.select.int/Gather,Gather,unknown_f32,NOT_RUN,0.0,0.0
16,select_190/aten.select.int/Gather,Gather,unknown_f32,NOT_RUN,0.0,0.0
16,select_191/aten.select.int/Gather,Gather,unknown_f32,NOT_RUN,0.0,0.0
16,select_192/aten.select.int/Gather,Gather,unknown_f32,NOT_RUN,0.0,0.0
16,select_193/aten.select.int/Gather,Gather,unknown_f32,NOT_RUN,0.0,0.0
16,select_194/aten.select.int/Gather,Gather,unknown_f32,NOT_RUN,0.0,0.0
16,select_195/aten.select.int/Gather,Gather,unknown_f32,NOT_RUN,0.0,0.0
16,select_196/aten.select.int/Gather,Gather,unknown_f32,NOT_RUN,0.0,0.0
16,select_197/aten.select.int/Gather,Gather,unknown_f32,NOT_RUN,0.0,0.0
16,select_198/aten.select.int/Gather,Gather,unknown_f32,NOT_RUN,0.0,0.0
16,select_199/aten.select.int/Gather,Gather,unknown_f32,NOT_RUN,0.0,0.0
16,select_200/aten.select.int/Gather,Gather,unknown_f32,NOT_RUN,0.0,0.0
16,select_201/aten.select.int/Gather,Gather,unknown_f32,NOT_RUN,0.0,0.0
16,select_202/aten.select.int/Gather,Gather,unknown_f32,NOT_RUN,0.0,0.0
16,select_203/aten.select.int/Gather,Gather,unknown_f32,NOT_RUN,0.0,0.0
16,select_204/aten.select.int/Gather,Gather,unknown_f32,NOT_RUN,0.0,0.0
16,select_205/aten.select.int/Gather,Gather,unknown_f32,NOT_RUN,0.0,0.0
16,select_206/aten.select.int/Gather,Gather,unknown_f32,NOT_RUN,0.0,0.0
16,select_207/aten.select.int/Gather,Gather,unknown_f32,NOT_RUN,0.0,0.0
16,select_208/aten.select.int/Gather,Gather,unknown_f32,NOT_RUN,0.0,0.0
16,select_209/aten.select.int/Gather,Gather,unknown_f32,NOT_RUN,0.0,0.0
16,select_210/aten.select.int/Gather,Gather,unknown_f32,NOT_RUN,0.0,0.0
16,select_211/aten.select.int/Gather,Gather,unknown_f32,NOT_RUN,0.0,0.0
16,select_212/aten.select.int/Gather,Gather,unknown_f32,NOT_RUN,0.0,0.0
16,select_213/aten.select.int/Gather,Gather,unknown_f32,NOT_RUN,0.0,0.0
16,select_214/aten.select.int/Gather,Gather,unknown_f32,NOT_RUN,0.0,0.0
16,select_215/aten.select.int/Gather,Gather,unknown_f32,NOT_RUN,0.0,0.0
16,select_216/aten.select.int/Gather,Gather,unknown_f32,NOT_RUN,0.0,0.0
16,select_217/aten.select.int/Gather,Gather,unknown_f32,NOT_RUN,0.0,0.0
16,select_218/aten.select.int/Gather,Gather,unknown_f32,NOT_RUN,0.0,0.0
16,select_219/aten.select.int/Gather,Gather,unknown_f32,NOT_RUN,0.0,0.0
16,select_220/aten.select.int/Gather,Gather,unknown_f32,NOT_RUN,0.0,0.0
16,select_221/aten.select.int/Gather,Gather,unknown_f32,NOT_RUN,0.0,0.0
16,select_222/aten.select.int/Gather,Gather,unknown_f32,NOT_RUN,0.0,0.0
16,select_223/aten.select.int/Gather,Gather,unknown_f32,NOT_RUN,0.0,0.0
16,select_224/aten.select.int/Gather,Gather,unknown_f32,NOT_RUN,0.0,0.0
16,select_225/aten.select.int/Gather,Gather,unknown_f32,NOT_RUN,0.0,0.0
16,select_226/aten.select.int/Gather,Gather,unknown_f32,NOT_RUN,0.0,0.0
16,select_227/aten.select.int/Gather,Gather,unknown_f32,NOT_RUN,0.0,0.0
16,select_228/aten.select.int/Gather,Gather,unknown_f32,NOT_RUN,0.0,0.0
16,select_229/aten.select.int/Gather,Gather,unknown_f32,NOT_RUN,0.0,0.0
16,select_230/aten.select.int/Gather,Gather,unknown_f32,NOT_RUN,0.0,0.0
16,select_231/aten.select.int/Gather,Gather,unknown_f32,NOT_RUN,0.0,0.0
16,select_232/aten.select.int/Gather,Gather,unknown_f32,NOT_RUN,0.0,0.0
16,select_233/aten.select.int/Gather,Gather,unknown_f32,NOT_RUN,0.0,0.0
16,select_234/aten.select.int/Gather,Gather,unknown_f32,NOT_RUN,0.0,0.0
16,select_235/aten.select.int/Gather,Gather,unknown_f32,NOT_RUN,0.0,0.0
16,select_236/aten.select.int/Gather,Gather,unknown_f32,NOT_RUN,0.0,0.0
16,select_237/aten.select.int/Gather,Gather,unknown_f32,NOT_RUN,0.0,0.0
16,select_238/aten.select.int/Gather,Gather,unknown_f32,NOT_RUN,0.0,0.0
16,select_239/aten.select.int/Gather,Gather,unknown_f32,NOT_RUN,0.0,0.0
16,select_240/aten.select.int/Gather,Gather,unknown_f32,NOT_RUN,0.0,0.0
16,select_241/aten.select.int/Gather,Gather,unknown_f32,NOT_RUN,0.0,0.0
16,select_242/aten.select.int/Gather,Gather,unknown_f32,NOT_RUN,0.0,0.0
16,select_243/aten.select.int/Gather,Gather,unknown_f32,NOT_RUN,0.0,0.0
16,select_244/aten.select.int/Gather,Gather,unknown_f32,NOT_RUN,0.0,0.0
16,select_245/aten.select.int/Gather,Gather,unknown_f32,NOT_RUN,0.0,0.0
16,select_246/aten.select.int/Gather,Gather,unknown_f32,NOT_RUN,0.0,0.0
16,select_247/aten.select.int/Gather,Gather,unknown_f32,NOT_RUN,0.0,0.0
16,select_248/aten.select.int/Gather,Gather,unknown_f32,NOT_RUN,0.0,0.0
16,select_249/aten.select.int/Gather,Gather,unknown_f32,NOT_RUN,0.0,0.0
16,select_250/aten.select.int/Gather,Gather,unknown_f32,NOT_RUN,0.0,0.0
16,select_251/aten.select.int/Gather,Gather,unknown_f32,NOT_RUN,0.0,0.0
16,select_252/aten.select.int/Gather,Gather,unknown_f32,NOT_RUN,0.0,0.0
16,select_253/aten.select.int/Gather,Gather,unknown_f32,NOT_RUN,0.0,0.0
16,select_254/aten.select.int/Gather,Gather,unknown_f32,NOT_RUN,0.0,0.0
16,select_255/aten.select.int/Gather,Gather,unknown_f32,NOT_RUN,0.0,0.0
16,select_256/aten.select.int/Gather,Gather,unknown_f32,NOT_RUN,0.0,0.0
16,select_257/aten.select.int/Gather,Gather,unknown_f32,NOT_RUN,0.0,0.0
16,select_258/aten.select.int/Gather,Gather,unknown_f32,NOT_RUN,0.0,0.0
16,select_259/aten.select.int/Gather,Gather,unknown_f32,NOT_RUN,0.0,0.0
16,select_260/aten.select.int/Gather,Gather,unknown_f32,NOT_RUN,0.0,0.0
16,select_261/aten.select.int/Gather,Gather,unknown_f32,NOT_RUN,0.0,0.0
16,select_262/aten.select.int/Gather,Gather,unknown_f32,NOT_RUN,0.0,0.0
16,select_263/aten.select.int/Gather,Gather,unknown_f32,NOT_RUN,0.0,0.0
16,select_264/aten.select.int/Gather,Gather,unknown_f32,NOT_RUN,0.0,0.0
16,select_265/aten.select.int/Gather,Gather,unknown_f32,NOT_RUN,0.0,0.0
16,select_266/aten.select.int/Gather,Gather,unknown_f32,NOT_RUN,0.0,0.0
16,select_267/aten.select.int/Gather,Gather,unknown_f32,NOT_RUN,0.0,0.0
16,select_268/aten.select.int/Gather,Gather,unknown_f32,NOT_RUN,0.0,0.0
16,select_269/aten.select.int/Gather,Gather,unknown_f32,NOT_RUN,0.0,0.0
16,select_270/aten.select.int/Gather,Gather,unknown_f32,NOT_RUN,0.0,0.0
16,select_271/aten.select.int/Gather,Gather,unknown_f32,NOT_RUN,0.0,0.0
16,select_272/aten.select.int/Gather,Gather,unknown_f32,NOT_RUN,0.0,0.0
16,select_273/aten.select.int/Gather,Gather,unknown_f32,NOT_RUN,0.0,0.0
16,select_274/aten.select.int/Gather,Gather,unknown_f32,NOT_RUN,0.0,0.0
16,select_275/aten.select.int/Gather,Gather,unknown_f32,NOT_RUN,0.0,0.0
16,select_276/aten.select.int/Gather,Gather,unknown_f32,NOT_RUN,0.0,0.0
16,select_277/aten.select.int/Gather,Gather,unknown_f32,NOT_RUN,0.0,0.0
16,select_278/aten.select.int/Gather,Gather,unknown_f32,NOT_RUN,0.0,0.0
16,select_279/aten.select.int/Gather,Gather,unknown_f32,NOT_RUN,0.0,0.0
16,select_280/aten.select.int/Gather,Gather,unknown_f32,NOT_RUN,0.0,0.0
16,select_281/aten.select.int/Gather,Gather,unknown_f32,NOT_RUN,0.0,0.0
16,select_282/aten.select.int/Gather,Gather,unknown_f32,NOT_RUN,0.0,0.0
16,select_283/aten.select.int/Gather,Gather,unknown_f32,NOT_RUN,0.0,0.0
16,select_284/aten.select.int/Gather,Gather,unknown_f32,NOT_RUN,0.0,0.0
16,select_285/aten.select.int/Gather,Gather,unknown_f32,NOT_RUN,0.0,0.0
16,select_286/aten.select.int/Gather,Gather,unknown_f32,NOT_RUN,0.0,0.0
16,select_287/aten.select.int/Gather,Gather,unknown_f32,NOT_RUN,0.0,0.0
16,select_288/aten.select.int/Gather,Gather,unknown_f32,NOT_RUN,0.0,0.0
16,select_289/aten.select.int/Gather,Gather,unknown_f32,NOT_RUN,0.0,0.0
16,select_290/aten.select.int/Gather,Gather,unknown_f32,NOT_RUN,0.0,0.0
16,select_291/aten.select.int/Gather,Gather,unknown_f32,NOT_RUN,0.0,0.0
16,select_292/aten.select.int/Gather,Gather,unknown_f32,NOT_RUN,0.0,0.0
16,select_293/aten.select.int/Gather,Gather,unknown_f32,NOT_RUN,0.0,0.0
16,select_294/aten.select.int/Gather,Gather,unknown_f32,NOT_RUN,0.0,0.0
16,select_295/aten.select.int/Gather,Gather,unknown_f32,NOT_RUN,0.0,0.0
16,select_296/aten.select.int/Gather,Gather,unknown_f32,NOT_RUN,0.0,0.0
16,select_297/aten.select.int/Gather,Gather,unknown_f32,NOT_RUN,0.0,0.0
16,select_298/aten.select.int/Gather,Gather,unknown_f32,NOT_RUN,0.0,0.0
16,select_299/aten.select.int/Gather,Gather,unknown_f32,NOT_RUN,0.0,0.0
16,select_300/aten.select.int/Gather,Gather,unknown_f32,NOT_RUN,0.0,0.0
16,select_301/aten.select.int/Gather,Gather,unknown_f32,NOT_RUN,0.0,0.0
16,select_302/aten.select.int/Gather,Gather,unknown_f32,NOT_RUN,0.0,0.0
16,select_303/aten.select.int/Gather,Gather,unknown_f32,NOT_RUN,0.0,0.0
16,select_304/aten.select.int/Gather,Gather,unknown_f32,NOT_RUN,0.0,0.0
16,cat_3/aten.cat.default/Concat,Concat,ref_f32,EXECUTED,0.064,0.064
16,view_84/aten.view.default/Reshape,Reshape,unknown_f32,NOT_RUN,0.0,0.0
16,add_50/aten.add.Tensor/Add,Subgraph,jit_avx2_f32,EXECUTED,0.020999999999999998,0.020999999999999998
16,linear_2/aten.linear.default/Add,FullyConnected,brgemm_avx2_f32,EXECUTED,0.294,0.294
16,Multiply_13576,Multiply,undef,NOT_RUN,0.0,0.0
16,view_86/aten.view.default/Reshape,Reshape,unknown_f32,NOT_RUN,0.0,0.0
16,permute_3/aten.permute.default/Transpose,Transpose,unknown_f32,EXECUTED,0.022,0.022
16,linear_3/aten.linear.default/Add,FullyConnected,gemm_mlas_f32,EXECUTED,0.32699999999999996,0.32699999999999996
16,view_87/aten.view.default/Reshape,Reshape,unknown_f32,NOT_RUN,0.0,0.0
16,Transpose_12104,Transpose,unknown_f32,EXECUTED,0.053,0.053
16,linear_4/aten.linear.default/Add,FullyConnected,gemm_mlas_f32,EXECUTED,0.32,0.32
16,view_88/aten.view.default/Reshape,Reshape,unknown_f32,NOT_RUN,0.0,0.0
16,permute_5/aten.permute.default/Transpose,Transpose,unknown_f32,EXECUTED,0.015000000000000001,0.015000000000000001
16,bmm_1/aten.bmm.default/MatMul,Subgraph,jit_avx2_f32,EXECUTED,0.441,0.441
16,permute_7/aten.permute.default/Transpose,Transpose,unknown_f32,EXECUTED,0.026,0.026
16,view_89/aten.view.default/Reshape,Reshape,unknown_f32,NOT_RUN,0.0,0.0
16,linear_5/aten.linear.default/Add,FullyConnected,gemm_mlas_f32,EXECUTED,0.357,0.357
16,view_90/aten.view.default/Reshape,Reshape,unknown_f32,NOT_RUN,0.0,0.0
16,add_51/aten.add.Tensor/Add,Subgraph,jit_avx2_f32,EXECUTED,0.020999999999999998,0.020999999999999998
16,native_layer_norm/aten.native_layer_norm.default/MVN,MVN,jit_avx2_f32,EXECUTED,0.019,0.019
16,native_layer_norm/aten.native_layer_norm.default/Add,Subgraph,jit_avx2_f32,EXECUTED,0.016,0.016
16,linear_6/aten.linear.default/Add,FullyConnected,brgemm_avx2_f32,EXECUTED,1.343,1.343
16,relu_17/aten.relu.default/Relu,Relu,undef,NOT_RUN,0.0,0.0
16,linear_7/aten.linear.default/Add,FullyConnected,gemm_mlas_f32,EXECUTED,1.425,1.425
16,add_52/aten.add.Tensor/Add,Subgraph,jit_avx2_f32,EXECUTED,0.025,0.025
16,native_layer_norm_1/aten.native_layer_norm.default/MVN,MVN,jit_avx2_f32,EXECUTED,0.019,0.019
16,add_53/aten.add.Tensor/Add,Subgraph,jit_avx2_f32,EXECUTED,0.029,0.029
16,linear_8/aten.linear.default/Add,FullyConnected,brgemm_avx2_f32,EXECUTED,0.28200000000000003,0.28200000000000003
16,Multiply_13578,Multiply,undef,NOT_RUN,0.0,0.0
16,view_92/aten.view.default/Reshape,Reshape,unknown_f32,NOT_RUN,0.0,0.0
16,permute_8/aten.permute.default/Transpose,Transpose,unknown_f32,EXECUTED,0.017,0.017
16,linear_9/aten.linear.default/Add,FullyConnected,gemm_mlas_f32,EXECUTED,0.261,0.261
16,view_93/aten.view.default/Reshape,Reshape,unknown_f32,NOT_RUN,0.0,0.0
16,Transpose_12133,Transpose,unknown_f32,EXECUTED,0.039,0.039
16,linear_10/aten.linear.default/Add,FullyConnected,gemm_mlas_f32,EXECUTED,0.261,0.261
16,view_94/aten.view.default/Reshape,Reshape,unknown_f32,NOT_RUN,0.0,0.0
16,permute_10/aten.permute.default/Transpose,Transpose,unknown_f32,EXECUTED,0.012,0.012
16,bmm_3/aten.bmm.default/MatMul,Subgraph,jit_avx2_f32,EXECUTED,0.373,0.373
16,permute_12/aten.permute.default/Transpose,Transpose,unknown_f32,EXECUTED,0.020999999999999998,0.020999999999999998
16,view_95/aten.view.default/Reshape,Reshape,unknown_f32,NOT_RUN,0.0,0.0
16,linear_11/aten.linear.default/Add,FullyConnected,gemm_mlas_f32,EXECUTED,0.28200000000000003,0.28200000000000003
16,view_96/aten.view.default/Reshape,Reshape,unknown_f32,NOT_RUN,0.0,0.0
16,add_54/aten.add.Tensor/Add,Subgraph,jit_avx2_f32,EXECUTED,0.015000000000000001,0.015000000000000001
16,native_layer_norm_2/aten.native_layer_norm.default/MVN,MVN,jit_avx2_f32,EXECUTED,0.013,0.013
16,native_layer_norm_2/aten.native_layer_norm.default/Add,Subgraph,jit_avx2_f32,EXECUTED,0.006,0.006
16,linear_12/aten.linear.default/Add,FullyConnected,brgemm_avx2_f32,EXECUTED,1.286,1.286
16,relu_18/aten.relu.default/Relu,Relu,undef,NOT_RUN,0.0,0.0
16,linear_13/aten.linear.default/Add,FullyConnected,gemm_mlas_f32,EXECUTED,1.405,1.405
16,add_55/aten.add.Tensor/Add,Subgraph,jit_avx2_f32,EXECUTED,0.023,0.023
16,native_layer_norm_3/aten.native_layer_norm.default/MVN,MVN,jit_avx2_f32,EXECUTED,0.018000000000000002,0.018000000000000002
16,add_56/aten.add.Tensor/Add,Subgraph,jit_avx2_f32,EXECUTED,0.026,0.026
16,linear_14/aten.linear.default/Add,FullyConnected,brgemm_avx2_f32,EXECUTED,0.26699999999999996,0.26699999999999996
16,Multiply_13580,Multiply,undef,NOT_RUN,0.0,0.0
16,view_98/aten.view.default/Reshape,Reshape,unknown_f32,NOT_RUN,0.0,0.0
16,permute_13/aten.permute.default/Transpose,Transpose,unknown_f32,EXECUTED,0.016,0.016
16,linear_15/aten.linear.default/Add,FullyConnected,gemm_mlas_f32,EXECUTED,0.298,0.298
16,view_99/aten.view.default/Reshape,Reshape,unknown_f32,NOT_RUN,0.0,0.0
16,Transpose_12162,Transpose,unknown_f32,EXECUTED,0.046,0.046
16,linear_16/aten.linear.default/Add,FullyConnected,gemm_mlas_f32,EXECUTED,0.26699999999999996,0.26699999999999996
16,view_100/aten.view.default/Reshape,Reshape,unknown_f32,NOT_RUN,0.0,0.0
16,permute_15/aten.permute.default/Transpose,Transpose,unknown_f32,EXECUTED,0.011,0.011
16,bmm_5/aten.bmm.default/MatMul,Subgraph,jit_avx2_f32,EXECUTED,0.412,0.412
16,permute_17/aten.permute.default/Transpose,Transpose,unknown_f32,EXECUTED,0.025,0.025
16,view_101/aten.view.default/Reshape,Reshape,unknown_f32,NOT_RUN,0.0,0.0
16,linear_17/aten.linear.default/Add,FullyConnected,gemm_mlas_f32,EXECUTED,0.322,0.322
16,view_102/aten.view.default/Reshape,Reshape,unknown_f32,NOT_RUN,0.0,0.0
16,add_57/aten.add.Tensor/Add,Subgraph,jit_avx2_f32,EXECUTED,0.020999999999999998,0.020999999999999998
16,native_layer_norm_4/aten.native_layer_norm.default/MVN,MVN,jit_avx2_f32,EXECUTED,0.015000000000000001,0.015000000000000001
16,native_layer_norm_4/aten.native_layer_norm.default/Add,Subgraph,jit_avx2_f32,EXECUTED,0.013,0.013
16,linear_18/aten.linear.default/Add,FullyConnected,brgemm_avx2_f32,EXECUTED,1.328,1.328
16,relu_19/aten.relu.default/Relu,Relu,undef,NOT_RUN,0.0,0.0
16,linear_19/aten.linear.default/Add,FullyConnected,gemm_mlas_f32,EXECUTED,1.391,1.391
16,add_58/aten.add.Tensor/Add,Subgraph,jit_avx2_f32,EXECUTED,0.025,0.025
16,native_layer_norm_5/aten.native_layer_norm.default/MVN,MVN,jit_avx2_f32,EXECUTED,0.023,0.023
16,add_59/aten.add.Tensor/Add,Subgraph,jit_avx2_f32,EXECUTED,0.030000000000000002,0.030000000000000002
16,linear_20/aten.linear.default/Add,FullyConnected,brgemm_avx2_f32,EXECUTED,0.27999999999999997,0.27999999999999997
16,Multiply_13582,Multiply,undef,NOT_RUN,0.0,0.0
16,view_104/aten.view.default/Reshape,Reshape,unknown_f32,NOT_RUN,0.0,0.0
16,permute_18/aten.permute.default/Transpose,Transpose,unknown_f32,EXECUTED,0.014,0.014
16,linear_21/aten.linear.default/Add,FullyConnected,gemm_mlas_f32,EXECUTED,0.279,0.279
16,view_105/aten.view.default/Reshape,Reshape,unknown_f32,NOT_RUN,0.0,0.0
16,Transpose_12191,Transpose,unknown_f32,EXECUTED,0.041,0.041
16,linear_22/aten.linear.default/Add,FullyConnected,gemm_mlas_f32,EXECUTED,0.264,0.264
16,view_106/aten.view.default/Reshape,Reshape,unknown_f32,NOT_RUN,0.0,0.0
16,permute_20/aten.permute.default/Transpose,Transpose,unknown_f32,EXECUTED,0.011,0.011
16,bmm_7/aten.bmm.default/MatMul,Subgraph,jit_avx2_f32,EXECUTED,0.392,0.392
16,permute_22/aten.permute.default/Transpose,Transpose,unknown_f32,EXECUTED,0.02,0.02
16,view_107/aten.view.default/Reshape,Reshape,unknown_f32,NOT_RUN,0.0,0.0
16,linear_23/aten.linear.default/Add,FullyConnected,gemm_mlas_f32,EXECUTED,0.318,0.318
16,view_108/aten.view.default/Reshape,Reshape,unknown_f32,NOT_RUN,0.0,0.0
16,add_60/aten.add.Tensor/Add,Subgraph,jit_avx2_f32,EXECUTED,0.018000000000000002,0.018000000000000002
16,native_layer_norm_6/aten.native_layer_norm.default/MVN,MVN,jit_avx2_f32,EXECUTED,0.017,0.017
16,native_layer_norm_6/aten.native_layer_norm.default/Add,Subgraph,jit_avx2_f32,EXECUTED,0.008,0.008
16,linear_24/aten.linear.default/Add,FullyConnected,brgemm_avx2_f32,EXECUTED,1.323,1.323
16,relu_20/aten.relu.default/Relu,Relu,undef,NOT_RUN,0.0,0.0
16,linear_25/aten.linear.default/Add,FullyConnected,gemm_mlas_f32,EXECUTED,1.425,1.425
16,add_61/aten.add.Tensor/Add,Subgraph,jit_avx2_f32,EXECUTED,0.024,0.024
16,native_layer_norm_7/aten.native_layer_norm.default/MVN,MVN,jit_avx2_f32,EXECUTED,0.019,0.019
16,add_65/aten.add.Tensor/Add,Subgraph,jit_avx2_f32,EXECUTED,0.026,0.026
16,linear_31/aten.linear.default/Add,FullyConnected,gemm_mlas_f32,EXECUTED,0.298,0.298
16,view_117/aten.view.default/Reshape,Reshape,unknown_f32,NOT_RUN,0.0,0.0
16,Transpose_12220,Transpose,unknown_f32,EXECUTED,0.049,0.049
16,linear_32/aten.linear.default/Add,FullyConnected,gemm_mlas_f32,EXECUTED,0.3,0.3
16,view_118/aten.view.default/Reshape,Reshape,unknown_f32,NOT_RUN,0.0,0.0
16,permute_30/aten.permute.default/Transpose,Transpose,unknown_f32,EXECUTED,0.012,0.012
16,bmm_11/aten.bmm.default/MatMul,Subgraph,jit_avx2_f32,EXECUTED,0.219,0.219
16,permute_32/aten.permute.default/Transpose,Transpose,unknown_f32,EXECUTED,0.009000000000000001,0.009000000000000001
16,view_119/aten.view.default/Reshape,Reshape,unknown_f32,NOT_RUN,0.0,0.0
16,linear_33/aten.linear.default/Add,FullyConnected,gemm_mlas_f32,EXECUTED,0.149,0.149
16,view_120/aten.view.default/Reshape,Reshape,unknown_f32,NOT_RUN,0.0,0.0
16,add_66/aten.add.Tensor/Add,Subgraph,jit_avx2_f32,EXECUTED,0.012,0.012
16,native_layer_norm_9/aten.native_layer_norm.default/MVN,MVN,jit_avx2_f32,EXECUTED,0.006,0.006
16,native_layer_norm_9/aten.native_layer_norm.default/Add,Subgraph,jit_avx2_f32,EXECUTED,0.005,0.005
16,linear_34/aten.linear.default/Add,FullyConnected,brgemm_avx2_f32,EXECUTED,0.516,0.516
16,relu_21/aten.relu.default/Relu,Relu,undef,NOT_RUN,0.0,0.0
16,linear_35/aten.linear.default/Add,FullyConnected,gemm_mlas_f32,EXECUTED,0.5760000000000001,0.5760000000000001
16,add_67/aten.add.Tensor/Add,Subgraph,jit_avx2_f32,EXECUTED,0.013,0.013
16,native_layer_norm_10/aten.native_layer_norm.default/MVN,MVN,jit_avx2_f32,EXECUTED,0.008,0.008
16,native_layer_norm_10/aten.native_layer_norm.default/Add,Subgraph,jit_avx2_f32,EXECUTED,0.003,0.003
16,native_layer_norm_11/aten.native_layer_norm.default/MVN,MVN,jit_avx2_f32,EXECUTED,0.006,0.006
16,native_layer_norm_11/aten.native_layer_norm.default/Add,Subgraph,jit_avx2_f32,EXECUTED,0.003,0.003
16,permute_33/aten.permute.default/Transpose,Reshape,unknown_f32,NOT_RUN,0.0,0.0
16,linear_36/aten.linear.default/Add,FullyConnected,gemm_mlas_f32,EXECUTED,0.011,0.011
16,Result_6085,Result,unknown_f32,NOT_RUN,0.0,0.0
17,state,Parameter,unknown_f32,NOT_RUN,0.0,0.0
17,linear_1/aten.linear.default/Add,FullyConnected,gemm_mlas_f32,EXECUTED,0.037,0.037
17,wrist_image,Parameter,unknown_f32,NOT_RUN,0.0,0.0
17,wrist_image_abcd_acdb_mul_2/aten.mul.Tensor/Multiply,Reorder,jit_uni_f32,EXECUTED,0.24000000000000002,0.24000000000000002
17,mul_2/aten.mul.Tensor/Multiply,Convolution,brgconv_avx2_f32,EXECUTED,1.9849999999999999,1.9849999999999999
17,relu/aten.relu.default/Relu,Relu,undef,NOT_RUN,0.0,0.0
17,max_pool2d_with_indices/aten.max_pool2d_with_indices.default/MaxPool,MaxPool,jit_avx2_f32,EXECUTED,0.342,0.342
17,mul_5/aten.mul.Tensor/Multiply,Convolution,brgconv_avx2_f32,EXECUTED,1.9009999999999998,1.9009999999999998
17,relu_1/aten.relu.default/Relu,Relu,undef,NOT_RUN,0.0,0.0
17,mul_8/aten.mul.Tensor/Multiply,Convolution,brgconv_avx2_f32,EXECUTED,1.88,1.88
17,add_6/aten.add.Tensor/Add,Add,undef,NOT_RUN,0.0,0.0
17,relu_2/aten.relu.default/Relu,Relu,undef,NOT_RUN,0.0,0.0
17,mul_11/aten.mul.Tensor/Multiply,Convolution,brgconv_avx2_f32,EXECUTED,1.9480000000000002,1.9480000000000002
17,relu_3/aten.relu.default/Relu,Relu,undef,NOT_RUN,0.0,0.0
17,mul_14/aten.mul.Tensor/Multiply,Convolution,brgconv_avx2_f32,EXECUTED,1.924,1.924
17,add_11/aten.add.Tensor/Add,Add,undef,NOT_RUN,0.0,0.0
17,relu_4/aten.relu.default/Relu,Relu,undef,NOT_RUN,0.0,0.0
17,mul_17/aten.mul.Tensor/Multiply,Convolution,brgconv_avx2_f32,EXECUTED,1.054,1.054
17,relu_5/aten.relu.default/Relu,Relu,undef,NOT_RUN,0.0,0.0
17,mul_23/aten.mul.Tensor/Multiply,Convolution,brgconv_avx2_1x1_f32,EXECUTED,0.214,0.214
17,mul_20/aten.mul.Tensor/Multiply,Convolution,brgconv_avx2_f32,EXECUTED,1.817,1.817
17,add_18/aten.add.Tensor/Add,Add,undef,NOT_RUN,0.0,0.0
17,relu_6/aten.relu.default/Relu,Relu,undef,NOT_RUN,0.0,0.0
17,mul_26/aten.mul.Tensor/Multiply,Convolution,brgconv_avx2_f32,EXECUTED,1.797,1.797
17,relu_7/aten.relu.default/Relu,Relu,undef,NOT_RUN,0.0,0.0
17,mul_29/aten.mul.Tensor/Multiply,Convolution,brgconv_avx2_f32,EXECUTED,1.835,1.835
17,add_23/aten.add.Tensor/Add,Add,undef,NOT_RUN,0.0,0.0
17,relu_8/aten.relu.default/Relu,Relu,undef,NOT_RUN,0.0,0.0
17,mul_32/aten.mul.Tensor/Multiply,Convolution,brgconv_avx2_f32,EXECUTED,1.031,1.031
17,relu_9/aten.relu.default/Relu,Relu,undef,NOT_RUN,0.0,0.0
17,mul_38/aten.mul.Tensor/Multiply,Convolution,brgconv_avx2_1x1_f32,EXECUTED,0.221,0.221
17,mul_35/aten.mul.Tensor/Multiply,Convolution,brgconv_avx2_f32,EXECUTED,1.81,1.81
17,add_30/aten.add.Tensor/Add,Add,undef,NOT_RUN,0.0,0.0
17,relu_10/aten.relu.default/Relu,Relu,undef,NOT_RUN,0.0,0.0
17,mul_41/aten.mul.Tensor/Multiply,Convolution,brgconv_avx2_f32,EXECUTED,1.873,1.873
17,relu_11/aten.relu.default/Relu,Relu,undef,NOT_RUN,0.0,0.0
17,mul_44/aten.mul.Tensor/Multiply,Convolution,brgconv_avx2_f32,EXECUTED,1.896,1.896
17,add_35/aten.add.Tensor/Add,Add,undef,NOT_RUN,0.0,0.0
17,relu_12/aten.relu.default/Relu,Relu,undef,NOT_RUN,0.0,0.0
17,mul_47/aten.mul.Tensor/Multiply,Convolution,brgconv_avx2_f32,EXECUTED,1.089,1.089
17,relu_13/aten.relu.default/Relu,Relu,undef,NOT_RUN,0.0,0.0
17,mul_53/aten.mul.Tensor/Multiply,Convolution,brgconv_avx2_1x1_f32,EXECUTED,0.261,0.261
17,mul_50/aten.mul.Tensor/Multiply,Convolution,brgconv_avx2_f32,EXECUTED,1.7910000000000001,1.7910000000000001
17,add_42/aten.add.Tensor/Add,Add,undef,NOT_RUN,0.0,0.0
17,relu_14/aten.relu.default/Relu,Relu,undef,NOT_RUN,0.0,0.0
17,mul_56/aten.mul.Tensor/Multiply,Convolution,brgconv_avx2_f32,EXECUTED,1.8359999999999999,1.8359999999999999
17,relu_15/aten.relu.default/Relu,Relu,undef,NOT_RUN,0.0,0.0
17,mul_59/aten.mul.Tensor/Multiply,Convolution,brgconv_avx2_f32,EXECUTED,1.829,1.829
17,add_47/aten.add.Tensor/Add,Add,undef,NOT_RUN,0.0,0.0
17,relu_16/aten.relu.default/Relu,Relu,undef,NOT_RUN,0.0,0.0
17,convolution_20/aten.convolution.default/Convolution,Convolution,brgconv_avx2_1x1_f32,EXECUTED,0.377,0.377
17,permute_1/aten.permute.default/Transpose,Transpose,unknown_f32,EXECUTED,0.038,0.038
17,permute_1/aten.permute.default/Transpose_acdb_abcd_view_82/aten.view.default/Reshape,Reorder,reorder_f32,EXECUTED,0.026,0.026
17,view_82/aten.view.default/Reshape,Reshape,unknown_f32,NOT_RUN,0.0,0.0
17,select_5/aten.select.int/Gather,Gather,unknown_f32,NOT_RUN,0.0,0.0
17,select_6/aten.select.int/Gather,Gather,unknown_f32,NOT_RUN,0.0,0.0
17,select_7/aten.select.int/Gather,Gather,unknown_f32,NOT_RUN,0.0,0.0
17,select_8/aten.select.int/Gather,Gather,unknown_f32,NOT_RUN,0.0,0.0
17,select_9/aten.select.int/Gather,Gather,unknown_f32,NOT_RUN,0.0,0.0
17,select_10/aten.select.int/Gather,Gather,unknown_f32,NOT_RUN,0.0,0.0
17,select_11/aten.select.int/Gather,Gather,unknown_f32,NOT_RUN,0.0,0.0
17,select_12/aten.select.int/Gather,Gather,unknown_f32,NOT_RUN,0.0,0.0
17,select_13/aten.select.int/Gather,Gather,unknown_f32,NOT_RUN,0.0,0.0
17,select_14/aten.select.int/Gather,Gather,unknown_f32,NOT_RUN,0.0,0.0
17,select_15/aten.select.int/Gather,Gather,unknown_f32,NOT_RUN,0.0,0.0
17,select_16/aten.select.int/Gather,Gather,unknown_f32,NOT_RUN,0.0,0.0
17,select_17/aten.select.int/Gather,Gather,unknown_f32,NOT_RUN,0.0,0.0
17,select_18/aten.select.int/Gather,Gather,unknown_f32,NOT_RUN,0.0,0.0
17,select_19/aten.select.int/Gather,Gather,unknown_f32,NOT_RUN,0.0,0.0
17,select_20/aten.select.int/Gather,Gather,unknown_f32,NOT_RUN,0.0,0.0
17,select_21/aten.select.int/Gather,Gather,unknown_f32,NOT_RUN,0.0,0.0
17,select_22/aten.select.int/Gather,Gather,unknown_f32,NOT_RUN,0.0,0.0
17,select_23/aten.select.int/Gather,Gather,unknown_f32,NOT_RUN,0.0,0.0
17,select_24/aten.select.int/Gather,Gather,unknown_f32,NOT_RUN,0.0,0.0
17,select_25/aten.select.int/Gather,Gather,unknown_f32,NOT_RUN,0.0,0.0
17,select_26/aten.select.int/Gather,Gather,unknown_f32,NOT_RUN,0.0,0.0
17,select_27/aten.select.int/Gather,Gather,unknown_f32,NOT_RUN,0.0,0.0
17,select_28/aten.select.int/Gather,Gather,unknown_f32,NOT_RUN,0.0,0.0
17,select_29/aten.select.int/Gather,Gather,unknown_f32,NOT_RUN,0.0,0.0
17,select_30/aten.select.int/Gather,Gather,unknown_f32,NOT_RUN,0.0,0.0
17,select_31/aten.select.int/Gather,Gather,unknown_f32,NOT_RUN,0.0,0.0
17,select_32/aten.select.int/Gather,Gather,unknown_f32,NOT_RUN,0.0,0.0
17,select_33/aten.select.int/Gather,Gather,unknown_f32,NOT_RUN,0.0,0.0
17,select_34/aten.select.int/Gather,Gather,unknown_f32,NOT_RUN,0.0,0.0
17,select_35/aten.select.int/Gather,Gather,unknown_f32,NOT_RUN,0.0,0.0
17,select_36/aten.select.int/Gather,Gather,unknown_f32,NOT_RUN,0.0,0.0
17,select_37/aten.select.int/Gather,Gather,unknown_f32,NOT_RUN,0.0,0.0
17,select_38/aten.select.int/Gather,Gather,unknown_f32,NOT_RUN,0.0,0.0
17,select_39/aten.select.int/Gather,Gather,unknown_f32,NOT_RUN,0.0,0.0
17,select_40/aten.select.int/Gather,Gather,unknown_f32,NOT_RUN,0.0,0.0
17,select_41/aten.select.int/Gather,Gather,unknown_f32,NOT_RUN,0.0,0.0
17,select_42/aten.select.int/Gather,Gather,unknown_f32,NOT_RUN,0.0,0.0
17,select_43/aten.select.int/Gather,Gather,unknown_f32,NOT_RUN,0.0,0.0
17,select_44/aten.select.int/Gather,Gather,unknown_f32,NOT_RUN,0.0,0.0
17,select_45/aten.select.int/Gather,Gather,unknown_f32,NOT_RUN,0.0,0.0
17,select_46/aten.select.int/Gather,Gather,unknown_f32,NOT_RUN,0.0,0.0
17,select_47/aten.select.int/Gather,Gather,unknown_f32,NOT_RUN,0.0,0.0
17,select_48/aten.select.int/Gather,Gather,unknown_f32,NOT_RUN,0.0,0.0
17,select_49/aten.select.int/Gather,Gather,unknown_f32,NOT_RUN,0.0,0.0
17,select_50/aten.select.int/Gather,Gather,unknown_f32,NOT_RUN,0.0,0.0
17,select_51/aten.select.int/Gather,Gather,unknown_f32,NOT_RUN,0.0,0.0
17,select_52/aten.select.int/Gather,Gather,unknown_f32,NOT_RUN,0.0,0.0
17,select_53/aten.select.int/Gather,Gather,unknown_f32,NOT_RUN,0.0,0.0
17,select_54/aten.select.int/Gather,Gather,unknown_f32,NOT_RUN,0.0,0.0
17,select_55/aten.select.int/Gather,Gather,unknown_f32,NOT_RUN,0.0,0.0
17,select_56/aten.select.int/Gather,Gather,unknown_f32,NOT_RUN,0.0,0.0
17,select_57/aten.select.int/Gather,Gather,unknown_f32,NOT_RUN,0.0,0.0
17,select_58/aten.select.int/Gather,Gather,unknown_f32,NOT_RUN,0.0,0.0
17,select_59/aten.select.int/Gather,Gather,unknown_f32,NOT_RUN,0.0,0.0
17,select_60/aten.select.int/Gather,Gather,unknown_f32,NOT_RUN,0.0,0.0
17,select_61/aten.select.int/Gather,Gather,unknown_f32,NOT_RUN,0.0,0.0
17,select_62/aten.select.int/Gather,Gather,unknown_f32,NOT_RUN,0.0,0.0
17,select_63/aten.select.int/Gather,Gather,unknown_f32,NOT_RUN,0.0,0.0
17,select_64/aten.select.int/Gather,Gather,unknown_f32,NOT_RUN,0.0,0.0
17,select_65/aten.select.int/Gather,Gather,unknown_f32,NOT_RUN,0.0,0.0
17,select_66/aten.select.int/Gather,Gather,unknown_f32,NOT_RUN,0.0,0.0
17,select_67/aten.select.int/Gather,Gather,unknown_f32,NOT_RUN,0.0,0.0
17,select_68/aten.select.int/Gather,Gather,unknown_f32,NOT_RUN,0.0,0.0
17,select_69/aten.select.int/Gather,Gather,unknown_f32,NOT_RUN,0.0,0.0
17,select_70/aten.select.int/Gather,Gather,unknown_f32,NOT_RUN,0.0,0.0
17,select_71/aten.select.int/Gather,Gather,unknown_f32,NOT_RUN,0.0,0.0
17,select_72/aten.select.int/Gather,Gather,unknown_f32,NOT_RUN,0.0,0.0
17,select_73/aten.select.int/Gather,Gather,unknown_f32,NOT_RUN,0.0,0.0
17,select_74/aten.select.int/Gather,Gather,unknown_f32,NOT_RUN,0.0,0.0
17,select_75/aten.select.int/Gather,Gather,unknown_f32,NOT_RUN,0.0,0.0
17,select_76/aten.select.int/Gather,Gather,unknown_f32,NOT_RUN,0.0,0.0
17,select_77/aten.select.int/Gather,Gather,unknown_f32,NOT_RUN,0.0,0.0
17,select_78/aten.select.int/Gather,Gather,unknown_f32,NOT_RUN,0.0,0.0
17,select_79/aten.select.int/Gather,Gather,unknown_f32,NOT_RUN,0.0,0.0
17,select_80/aten.select.int/Gather,Gather,unknown_f32,NOT_RUN,0.0,0.0
17,select_81/aten.select.int/Gather,Gather,unknown_f32,NOT_RUN,0.0,0.0
17,select_82/aten.select.int/Gather,Gather,unknown_f32,NOT_RUN,0.0,0.0
17,select_83/aten.select.int/Gather,Gather,unknown_f32,NOT_RUN,0.0,0.0
17,select_84/aten.select.int/Gather,Gather,unknown_f32,NOT_RUN,0.0,0.0
17,select_85/aten.select.int/Gather,Gather,unknown_f32,NOT_RUN,0.0,0.0
17,select_86/aten.select.int/Gather,Gather,unknown_f32,NOT_RUN,0.0,0.0
17,select_87/aten.select.int/Gather,Gather,unknown_f32,NOT_RUN,0.0,0.0
17,select_88/aten.select.int/Gather,Gather,unknown_f32,NOT_RUN,0.0,0.0
17,select_89/aten.select.int/Gather,Gather,unknown_f32,NOT_RUN,0.0,0.0
17,select_90/aten.select.int/Gather,Gather,unknown_f32,NOT_RUN,0.0,0.0
17,select_91/aten.select.int/Gather,Gather,unknown_f32,NOT_RUN,0.0,0.0
17,select_92/aten.select.int/Gather,Gather,unknown_f32,NOT_RUN,0.0,0.0
17,select_93/aten.select.int/Gather,Gather,unknown_f32,NOT_RUN,0.0,0.0
17,select_94/aten.select.int/Gather,Gather,unknown_f32,NOT_RUN,0.0,0.0
17,select_95/aten.select.int/Gather,Gather,unknown_f32,NOT_RUN,0.0,0.0
17,select_96/aten.select.int/Gather,Gather,unknown_f32,NOT_RUN,0.0,0.0
17,select_97/aten.select.int/Gather,Gather,unknown_f32,NOT_RUN,0.0,0.0
17,select_98/aten.select.int/Gather,Gather,unknown_f32,NOT_RUN,0.0,0.0
17,select_99/aten.select.int/Gather,Gather,unknown_f32,NOT_RUN,0.0,0.0
17,select_100/aten.select.int/Gather,Gather,unknown_f32,NOT_RUN,0.0,0.0
17,select_101/aten.select.int/Gather,Gather,unknown_f32,NOT_RUN,0.0,0.0
17,select_102/aten.select.int/Gather,Gather,unknown_f32,NOT_RUN,0.0,0.0
17,select_103/aten.select.int/Gather,Gather,unknown_f32,NOT_RUN,0.0,0.0
17,select_104/aten.select.int/Gather,Gather,unknown_f32,NOT_RUN,0.0,0.0
17,select_105/aten.select.int/Gather,Gather,unknown_f32,NOT_RUN,0.0,0.0
17,select_106/aten.select.int/Gather,Gather,unknown_f32,NOT_RUN,0.0,0.0
17,select_107/aten.select.int/Gather,Gather,unknown_f32,NOT_RUN,0.0,0.0
17,select_108/aten.select.int/Gather,Gather,unknown_f32,NOT_RUN,0.0,0.0
17,select_109/aten.select.int/Gather,Gather,unknown_f32,NOT_RUN,0.0,0.0
17,select_110/aten.select.int/Gather,Gather,unknown_f32,NOT_RUN,0.0,0.0
17,select_111/aten.select.int/Gather,Gather,unknown_f32,NOT_RUN,0.0,0.0
17,select_112/aten.select.int/Gather,Gather,unknown_f32,NOT_RUN,0.0,0.0
17,select_113/aten.select.int/Gather,Gather,unknown_f32,NOT_RUN,0.0,0.0
17,select_114/aten.select.int/Gather,Gather,unknown_f32,NOT_RUN,0.0,0.0
17,select_115/aten.select.int/Gather,Gather,unknown_f32,NOT_RUN,0.0,0.0
17,select_116/aten.select.int/Gather,Gather,unknown_f32,NOT_RUN,0.0,0.0
17,select_117/aten.select.int/Gather,Gather,unknown_f32,NOT_RUN,0.0,0.0
17,select_118/aten.select.int/Gather,Gather,unknown_f32,NOT_RUN,0.0,0.0
17,select_119/aten.select.int/Gather,Gather,unknown_f32,NOT_RUN,0.0,0.0
17,select_120/aten.select.int/Gather,Gather,unknown_f32,NOT_RUN,0.0,0.0
17,select_121/aten.select.int/Gather,Gather,unknown_f32,NOT_RUN,0.0,0.0
17,select_122/aten.select.int/Gather,Gather,unknown_f32,NOT_RUN,0.0,0.0
17,select_123/aten.select.int/Gather,Gather,unknown_f32,NOT_RUN,0.0,0.0
17,select_124/aten.select.int/Gather,Gather,unknown_f32,NOT_RUN,0.0,0.0
17,select_125/aten.select.int/Gather,Gather,unknown_f32,NOT_RUN,0.0,0.0
17,select_126/aten.select.int/Gather,Gather,unknown_f32,NOT_RUN,0.0,0.0
17,select_127/aten.select.int/Gather,Gather,unknown_f32,NOT_RUN,0.0,0.0
17,select_128/aten.select.int/Gather,Gather,unknown_f32,NOT_RUN,0.0,0.0
17,select_129/aten.select.int/Gather,Gather,unknown_f32,NOT_RUN,0.0,0.0
17,select_130/aten.select.int/Gather,Gather,unknown_f32,NOT_RUN,0.0,0.0
17,select_131/aten.select.int/Gather,Gather,unknown_f32,NOT_RUN,0.0,0.0
17,select_132/aten.select.int/Gather,Gather,unknown_f32,NOT_RUN,0.0,0.0
17,select_133/aten.select.int/Gather,Gather,unknown_f32,NOT_RUN,0.0,0.0
17,select_134/aten.select.int/Gather,Gather,unknown_f32,NOT_RUN,0.0,0.0
17,select_135/aten.select.int/Gather,Gather,unknown_f32,NOT_RUN,0.0,0.0
17,select_136/aten.select.int/Gather,Gather,unknown_f32,NOT_RUN,0.0,0.0
17,select_137/aten.select.int/Gather,Gather,unknown_f32,NOT_RUN,0.0,0.0
17,select_138/aten.select.int/Gather,Gather,unknown_f32,NOT_RUN,0.0,0.0
17,select_139/aten.select.int/Gather,Gather,unknown_f32,NOT_RUN,0.0,0.0
17,select_140/aten.select.int/Gather,Gather,unknown_f32,NOT_RUN,0.0,0.0
17,select_141/aten.select.int/Gather,Gather,unknown_f32,NOT_RUN,0.0,0.0
17,select_142/aten.select.int/Gather,Gather,unknown_f32,NOT_RUN,0.0,0.0
17,select_143/aten.select.int/Gather,Gather,unknown_f32,NOT_RUN,0.0,0.0
17,select_144/aten.select.int/Gather,Gather,unknown_f32,NOT_RUN,0.0,0.0
17,select_145/aten.select.int/Gather,Gather,unknown_f32,NOT_RUN,0.0,0.0
17,select_146/aten.select.int/Gather,Gather,unknown_f32,NOT_RUN,0.0,0.0
17,select_147/aten.select.int/Gather,Gather,unknown_f32,NOT_RUN,0.0,0.0
17,select_148/aten.select.int/Gather,Gather,unknown_f32,NOT_RUN,0.0,0.0
17,select_149/aten.select.int/Gather,Gather,unknown_f32,NOT_RUN,0.0,0.0
17,select_150/aten.select.int/Gather,Gather,unknown_f32,NOT_RUN,0.0,0.0
17,select_151/aten.select.int/Gather,Gather,unknown_f32,NOT_RUN,0.0,0.0
17,select_152/aten.select.int/Gather,Gather,unknown_f32,NOT_RUN,0.0,0.0
17,select_153/aten.select.int/Gather,Gather,unknown_f32,NOT_RUN,0.0,0.0
17,select_154/aten.select.int/Gather,Gather,unknown_f32,NOT_RUN,0.0,0.0
17,select_155/aten.select.int/Gather,Gather,unknown_f32,NOT_RUN,0.0,0.0
17,select_156/aten.select.int/Gather,Gather,unknown_f32,NOT_RUN,0.0,0.0
17,select_157/aten.select.int/Gather,Gather,unknown_f32,NOT_RUN,0.0,0.0
17,select_158/aten.select.int/Gather,Gather,unknown_f32,NOT_RUN,0.0,0.0
17,select_159/aten.select.int/Gather,Gather,unknown_f32,NOT_RUN,0.0,0.0
17,select_160/aten.select.int/Gather,Gather,unknown_f32,NOT_RUN,0.0,0.0
17,select_161/aten.select.int/Gather,Gather,unknown_f32,NOT_RUN,0.0,0.0
17,select_162/aten.select.int/Gather,Gather,unknown_f32,NOT_RUN,0.0,0.0
17,select_163/aten.select.int/Gather,Gather,unknown_f32,NOT_RUN,0.0,0.0
17,select_164/aten.select.int/Gather,Gather,unknown_f32,NOT_RUN,0.0,0.0
17,select_165/aten.select.int/Gather,Gather,unknown_f32,NOT_RUN,0.0,0.0
17,select_166/aten.select.int/Gather,Gather,unknown_f32,NOT_RUN,0.0,0.0
17,select_167/aten.select.int/Gather,Gather,unknown_f32,NOT_RUN,0.0,0.0
17,select_168/aten.select.int/Gather,Gather,unknown_f32,NOT_RUN,0.0,0.0
17,select_169/aten.select.int/Gather,Gather,unknown_f32,NOT_RUN,0.0,0.0
17,select_170/aten.select.int/Gather,Gather,unknown_f32,NOT_RUN,0.0,0.0
17,select_171/aten.select.int/Gather,Gather,unknown_f32,NOT_RUN,0.0,0.0
17,select_172/aten.select.int/Gather,Gather,unknown_f32,NOT_RUN,0.0,0.0
17,select_173/aten.select.int/Gather,Gather,unknown_f32,NOT_RUN,0.0,0.0
17,select_174/aten.select.int/Gather,Gather,unknown_f32,NOT_RUN,0.0,0.0
17,select_175/aten.select.int/Gather,Gather,unknown_f32,NOT_RUN,0.0,0.0
17,select_176/aten.select.int/Gather,Gather,unknown_f32,NOT_RUN,0.0,0.0
17,select_177/aten.select.int/Gather,Gather,unknown_f32,NOT_RUN,0.0,0.0
17,select_178/aten.select.int/Gather,Gather,unknown_f32,NOT_RUN,0.0,0.0
17,select_179/aten.select.int/Gather,Gather,unknown_f32,NOT_RUN,0.0,0.0
17,select_180/aten.select.int/Gather,Gather,unknown_f32,NOT_RUN,0.0,0.0
17,select_181/aten.select.int/Gather,Gather,unknown_f32,NOT_RUN,0.0,0.0
17,select_182/aten.select.int/Gather,Gather,unknown_f32,NOT_RUN,0.0,0.0
17,select_183/aten.select.int/Gather,Gather,unknown_f32,NOT_RUN,0.0,0.0
17,select_184/aten.select.int/Gather,Gather,unknown_f32,NOT_RUN,0.0,0.0
17,select_185/aten.select.int/Gather,Gather,unknown_f32,NOT_RUN,0.0,0.0
17,select_186/aten.select.int/Gather,Gather,unknown_f32,NOT_RUN,0.0,0.0
17,select_187/aten.select.int/Gather,Gather,unknown_f32,NOT_RUN,0.0,0.0
17,select_188/aten.select.int/Gather,Gather,unknown_f32,NOT_RUN,0.0,0.0
17,select_189/aten.select.int/Gather,Gather,unknown_f32,NOT_RUN,0.0,0.0
17,select_190/aten.select.int/Gather,Gather,unknown_f32,NOT_RUN,0.0,0.0
17,select_191/aten.select.int/Gather,Gather,unknown_f32,NOT_RUN,0.0,0.0
17,select_192/aten.select.int/Gather,Gather,unknown_f32,NOT_RUN,0.0,0.0
17,select_193/aten.select.int/Gather,Gather,unknown_f32,NOT_RUN,0.0,0.0
17,select_194/aten.select.int/Gather,Gather,unknown_f32,NOT_RUN,0.0,0.0
17,select_195/aten.select.int/Gather,Gather,unknown_f32,NOT_RUN,0.0,0.0
17,select_196/aten.select.int/Gather,Gather,unknown_f32,NOT_RUN,0.0,0.0
17,select_197/aten.select.int/Gather,Gather,unknown_f32,NOT_RUN,0.0,0.0
17,select_198/aten.select.int/Gather,Gather,unknown_f32,NOT_RUN,0.0,0.0
17,select_199/aten.select.int/Gather,Gather,unknown_f32,NOT_RUN,0.0,0.0
17,select_200/aten.select.int/Gather,Gather,unknown_f32,NOT_RUN,0.0,0.0
17,select_201/aten.select.int/Gather,Gather,unknown_f32,NOT_RUN,0.0,0.0
17,select_202/aten.select.int/Gather,Gather,unknown_f32,NOT_RUN,0.0,0.0
17,select_203/aten.select.int/Gather,Gather,unknown_f32,NOT_RUN,0.0,0.0
17,select_204/aten.select.int/Gather,Gather,unknown_f32,NOT_RUN,0.0,0.0
17,select_205/aten.select.int/Gather,Gather,unknown_f32,NOT_RUN,0.0,0.0
17,select_206/aten.select.int/Gather,Gather,unknown_f32,NOT_RUN,0.0,0.0
17,select_207/aten.select.int/Gather,Gather,unknown_f32,NOT_RUN,0.0,0.0
17,select_208/aten.select.int/Gather,Gather,unknown_f32,NOT_RUN,0.0,0.0
17,select_209/aten.select.int/Gather,Gather,unknown_f32,NOT_RUN,0.0,0.0
17,select_210/aten.select.int/Gather,Gather,unknown_f32,NOT_RUN,0.0,0.0
17,select_211/aten.select.int/Gather,Gather,unknown_f32,NOT_RUN,0.0,0.0
17,select_212/aten.select.int/Gather,Gather,unknown_f32,NOT_RUN,0.0,0.0
17,select_213/aten.select.int/Gather,Gather,unknown_f32,NOT_RUN,0.0,0.0
17,select_214/aten.select.int/Gather,Gather,unknown_f32,NOT_RUN,0.0,0.0
17,select_215/aten.select.int/Gather,Gather,unknown_f32,NOT_RUN,0.0,0.0
17,select_216/aten.select.int/Gather,Gather,unknown_f32,NOT_RUN,0.0,0.0
17,select_217/aten.select.int/Gather,Gather,unknown_f32,NOT_RUN,0.0,0.0
17,select_218/aten.select.int/Gather,Gather,unknown_f32,NOT_RUN,0.0,0.0
17,select_219/aten.select.int/Gather,Gather,unknown_f32,NOT_RUN,0.0,0.0
17,select_220/aten.select.int/Gather,Gather,unknown_f32,NOT_RUN,0.0,0.0
17,select_221/aten.select.int/Gather,Gather,unknown_f32,NOT_RUN,0.0,0.0
17,select_222/aten.select.int/Gather,Gather,unknown_f32,NOT_RUN,0.0,0.0
17,select_223/aten.select.int/Gather,Gather,unknown_f32,NOT_RUN,0.0,0.0
17,select_224/aten.select.int/Gather,Gather,unknown_f32,NOT_RUN,0.0,0.0
17,select_225/aten.select.int/Gather,Gather,unknown_f32,NOT_RUN,0.0,0.0
17,select_226/aten.select.int/Gather,Gather,unknown_f32,NOT_RUN,0.0,0.0
17,select_227/aten.select.int/Gather,Gather,unknown_f32,NOT_RUN,0.0,0.0
17,select_228/aten.select.int/Gather,Gather,unknown_f32,NOT_RUN,0.0,0.0
17,select_229/aten.select.int/Gather,Gather,unknown_f32,NOT_RUN,0.0,0.0
17,select_230/aten.select.int/Gather,Gather,unknown_f32,NOT_RUN,0.0,0.0
17,select_231/aten.select.int/Gather,Gather,unknown_f32,NOT_RUN,0.0,0.0
17,select_232/aten.select.int/Gather,Gather,unknown_f32,NOT_RUN,0.0,0.0
17,select_233/aten.select.int/Gather,Gather,unknown_f32,NOT_RUN,0.0,0.0
17,select_234/aten.select.int/Gather,Gather,unknown_f32,NOT_RUN,0.0,0.0
17,select_235/aten.select.int/Gather,Gather,unknown_f32,NOT_RUN,0.0,0.0
17,select_236/aten.select.int/Gather,Gather,unknown_f32,NOT_RUN,0.0,0.0
17,select_237/aten.select.int/Gather,Gather,unknown_f32,NOT_RUN,0.0,0.0
17,select_238/aten.select.int/Gather,Gather,unknown_f32,NOT_RUN,0.0,0.0
17,select_239/aten.select.int/Gather,Gather,unknown_f32,NOT_RUN,0.0,0.0
17,select_240/aten.select.int/Gather,Gather,unknown_f32,NOT_RUN,0.0,0.0
17,select_241/aten.select.int/Gather,Gather,unknown_f32,NOT_RUN,0.0,0.0
17,select_242/aten.select.int/Gather,Gather,unknown_f32,NOT_RUN,0.0,0.0
17,select_243/aten.select.int/Gather,Gather,unknown_f32,NOT_RUN,0.0,0.0
17,select_244/aten.select.int/Gather,Gather,unknown_f32,NOT_RUN,0.0,0.0
17,select_245/aten.select.int/Gather,Gather,unknown_f32,NOT_RUN,0.0,0.0
17,select_246/aten.select.int/Gather,Gather,unknown_f32,NOT_RUN,0.0,0.0
17,select_247/aten.select.int/Gather,Gather,unknown_f32,NOT_RUN,0.0,0.0
17,select_248/aten.select.int/Gather,Gather,unknown_f32,NOT_RUN,0.0,0.0
17,select_249/aten.select.int/Gather,Gather,unknown_f32,NOT_RUN,0.0,0.0
17,select_250/aten.select.int/Gather,Gather,unknown_f32,NOT_RUN,0.0,0.0
17,select_251/aten.select.int/Gather,Gather,unknown_f32,NOT_RUN,0.0,0.0
17,select_252/aten.select.int/Gather,Gather,unknown_f32,NOT_RUN,0.0,0.0
17,select_253/aten.select.int/Gather,Gather,unknown_f32,NOT_RUN,0.0,0.0
17,select_254/aten.select.int/Gather,Gather,unknown_f32,NOT_RUN,0.0,0.0
17,select_255/aten.select.int/Gather,Gather,unknown_f32,NOT_RUN,0.0,0.0
17,select_256/aten.select.int/Gather,Gather,unknown_f32,NOT_RUN,0.0,0.0
17,select_257/aten.select.int/Gather,Gather,unknown_f32,NOT_RUN,0.0,0.0
17,select_258/aten.select.int/Gather,Gather,unknown_f32,NOT_RUN,0.0,0.0
17,select_259/aten.select.int/Gather,Gather,unknown_f32,NOT_RUN,0.0,0.0
17,select_260/aten.select.int/Gather,Gather,unknown_f32,NOT_RUN,0.0,0.0
17,select_261/aten.select.int/Gather,Gather,unknown_f32,NOT_RUN,0.0,0.0
17,select_262/aten.select.int/Gather,Gather,unknown_f32,NOT_RUN,0.0,0.0
17,select_263/aten.select.int/Gather,Gather,unknown_f32,NOT_RUN,0.0,0.0
17,select_264/aten.select.int/Gather,Gather,unknown_f32,NOT_RUN,0.0,0.0
17,select_265/aten.select.int/Gather,Gather,unknown_f32,NOT_RUN,0.0,0.0
17,select_266/aten.select.int/Gather,Gather,unknown_f32,NOT_RUN,0.0,0.0
17,select_267/aten.select.int/Gather,Gather,unknown_f32,NOT_RUN,0.0,0.0
17,select_268/aten.select.int/Gather,Gather,unknown_f32,NOT_RUN,0.0,0.0
17,select_269/aten.select.int/Gather,Gather,unknown_f32,NOT_RUN,0.0,0.0
17,select_270/aten.select.int/Gather,Gather,unknown_f32,NOT_RUN,0.0,0.0
17,select_271/aten.select.int/Gather,Gather,unknown_f32,NOT_RUN,0.0,0.0
17,select_272/aten.select.int/Gather,Gather,unknown_f32,NOT_RUN,0.0,0.0
17,select_273/aten.select.int/Gather,Gather,unknown_f32,NOT_RUN,0.0,0.0
17,select_274/aten.select.int/Gather,Gather,unknown_f32,NOT_RUN,0.0,0.0
17,select_275/aten.select.int/Gather,Gather,unknown_f32,NOT_RUN,0.0,0.0
17,select_276/aten.select.int/Gather,Gather,unknown_f32,NOT_RUN,0.0,0.0
17,select_277/aten.select.int/Gather,Gather,unknown_f32,NOT_RUN,0.0,0.0
17,select_278/aten.select.int/Gather,Gather,unknown_f32,NOT_RUN,0.0,0.0
17,select_279/aten.select.int/Gather,Gather,unknown_f32,NOT_RUN,0.0,0.0
17,select_280/aten.select.int/Gather,Gather,unknown_f32,NOT_RUN,0.0,0.0
17,select_281/aten.select.int/Gather,Gather,unknown_f32,NOT_RUN,0.0,0.0
17,select_282/aten.select.int/Gather,Gather,unknown_f32,NOT_RUN,0.0,0.0
17,select_283/aten.select.int/Gather,Gather,unknown_f32,NOT_RUN,0.0,0.0
17,select_284/aten.select.int/Gather,Gather,unknown_f32,NOT_RUN,0.0,0.0
17,select_285/aten.select.int/Gather,Gather,unknown_f32,NOT_RUN,0.0,0.0
17,select_286/aten.select.int/Gather,Gather,unknown_f32,NOT_RUN,0.0,0.0
17,select_287/aten.select.int/Gather,Gather,unknown_f32,NOT_RUN,0.0,0.0
17,select_288/aten.select.int/Gather,Gather,unknown_f32,NOT_RUN,0.0,0.0
17,select_289/aten.select.int/Gather,Gather,unknown_f32,NOT_RUN,0.0,0.0
17,select_290/aten.select.int/Gather,Gather,unknown_f32,NOT_RUN,0.0,0.0
17,select_291/aten.select.int/Gather,Gather,unknown_f32,NOT_RUN,0.0,0.0
17,select_292/aten.select.int/Gather,Gather,unknown_f32,NOT_RUN,0.0,0.0
17,select_293/aten.select.int/Gather,Gather,unknown_f32,NOT_RUN,0.0,0.0
17,select_294/aten.select.int/Gather,Gather,unknown_f32,NOT_RUN,0.0,0.0
17,select_295/aten.select.int/Gather,Gather,unknown_f32,NOT_RUN,0.0,0.0
17,select_296/aten.select.int/Gather,Gather,unknown_f32,NOT_RUN,0.0,0.0
17,select_297/aten.select.int/Gather,Gather,unknown_f32,NOT_RUN,0.0,0.0
17,select_298/aten.select.int/Gather,Gather,unknown_f32,NOT_RUN,0.0,0.0
17,select_299/aten.select.int/Gather,Gather,unknown_f32,NOT_RUN,0.0,0.0
17,select_300/aten.select.int/Gather,Gather,unknown_f32,NOT_RUN,0.0,0.0
17,select_301/aten.select.int/Gather,Gather,unknown_f32,NOT_RUN,0.0,0.0
17,select_302/aten.select.int/Gather,Gather,unknown_f32,NOT_RUN,0.0,0.0
17,select_303/aten.select.int/Gather,Gather,unknown_f32,NOT_RUN,0.0,0.0
17,select_304/aten.select.int/Gather,Gather,unknown_f32,NOT_RUN,0.0,0.0
17,cat_3/aten.cat.default/Concat,Concat,ref_f32,EXECUTED,0.063,0.063
17,view_84/aten.view.default/Reshape,Reshape,unknown_f32,NOT_RUN,0.0,0.0
17,add_50/aten.add.Tensor/Add,Subgraph,jit_avx2_f32,EXECUTED,0.020999999999999998,0.020999999999999998
17,linear_2/aten.linear.default/Add,FullyConnected,brgemm_avx2_f32,EXECUTED,0.29300000000000004,0.29300000000000004
17,Multiply_13576,Multiply,undef,NOT_RUN,0.0,0.0
17,view_86/aten.view.default/Reshape,Reshape,unknown_f32,NOT_RUN,0.0,0.0
17,permute_3/aten.permute.default/Transpose,Transpose,unknown_f32,EXECUTED,0.022,0.022
17,linear_3/aten.linear.default/Add,FullyConnected,gemm_mlas_f32,EXECUTED,0.32899999999999996,0.32899999999999996
17,view_87/aten.view.default/Reshape,Reshape,unknown_f32,NOT_RUN,0.0,0.0
17,Transpose_12104,Transpose,unknown_f32,EXECUTED,0.053,0.053
17,linear_4/aten.linear.default/Add,FullyConnected,gemm_mlas_f32,EXECUTED,0.32,0.32
17,view_88/aten.view.default/Reshape,Reshape,unknown_f32,NOT_RUN,0.0,0.0
17,permute_5/aten.permute.default/Transpose,Transpose,unknown_f32,EXECUTED,0.015000000000000001,0.015000000000000001
17,bmm_1/aten.bmm.default/MatMul,Subgraph,jit_avx2_f32,EXECUTED,0.439,0.439
17,permute_7/aten.permute.default/Transpose,Transpose,unknown_f32,EXECUTED,0.026,0.026
17,view_89/aten.view.default/Reshape,Reshape,unknown_f32,NOT_RUN,0.0,0.0
17,linear_5/aten.linear.default/Add,FullyConnected,gemm_mlas_f32,EXECUTED,0.359,0.359
17,view_90/aten.view.default/Reshape,Reshape,unknown_f32,NOT_RUN,0.0,0.0
17,add_51/aten.add.Tensor/Add,Subgraph,jit_avx2_f32,EXECUTED,0.023,0.023
17,native_layer_norm/aten.native_layer_norm.default/MVN,MVN,jit_avx2_f32,EXECUTED,0.019,0.019
17,native_layer_norm/aten.native_layer_norm.default/Add,Subgraph,jit_avx2_f32,EXECUTED,0.016,0.016
17,linear_6/aten.linear.default/Add,FullyConnected,brgemm_avx2_f32,EXECUTED,1.345,1.345
17,relu_17/aten.relu.default/Relu,Relu,undef,NOT_RUN,0.0,0.0
17,linear_7/aten.linear.default/Add,FullyConnected,gemm_mlas_f32,EXECUTED,1.4300000000000002,1.4300000000000002
17,add_52/aten.add.Tensor/Add,Subgraph,jit_avx2_f32,EXECUTED,0.025,0.025
17,native_layer_norm_1/aten.native_layer_norm.default/MVN,MVN,jit_avx2_f32,EXECUTED,0.02,0.02
17,add_53/aten.add.Tensor/Add,Subgraph,jit_avx2_f32,EXECUTED,0.030000000000000002,0.030000000000000002
17,linear_8/aten.linear.default/Add,FullyConnected,brgemm_avx2_f32,EXECUTED,0.289,0.289
17,Multiply_13578,Multiply,undef,NOT_RUN,0.0,0.0
17,view_92/aten.view.default/Reshape,Reshape,unknown_f32,NOT_RUN,0.0,0.0
17,permute_8/aten.permute.default/Transpose,Transpose,unknown_f32,EXECUTED,0.017,0.017
17,linear_9/aten.linear.default/Add,FullyConnected,gemm_mlas_f32,EXECUTED,0.265,0.265
17,view_93/aten.view.default/Reshape,Reshape,unknown_f32,NOT_RUN,0.0,0.0
17,Transpose_12133,Transpose,unknown_f32,EXECUTED,0.04,0.04
17,linear_10/aten.linear.default/Add,FullyConnected,gemm_mlas_f32,EXECUTED,0.262,0.262
17,view_94/aten.view.default/Reshape,Reshape,unknown_f32,NOT_RUN,0.0,0.0
17,permute_10/aten.permute.default/Transpose,Transpose,unknown_f32,EXECUTED,0.012,0.012
17,bmm_3/aten.bmm.default/MatMul,Subgraph,jit_avx2_f32,EXECUTED,0.378,0.378
17,permute_12/aten.permute.default/Transpose,Transpose,unknown_f32,EXECUTED,0.02,0.02
17,view_95/aten.view.default/Reshape,Reshape,unknown_f32,NOT_RUN,0.0,0.0
17,linear_11/aten.linear.default/Add,FullyConnected,gemm_mlas_f32,EXECUTED,0.28600000000000003,0.28600000000000003
17,view_96/aten.view.default/Reshape,Reshape,unknown_f32,NOT_RUN,0.0,0.0
17,add_54/aten.add.Tensor/Add,Subgraph,jit_avx2_f32,EXECUTED,0.015000000000000001,0.015000000000000001
17,native_layer_norm_2/aten.native_layer_norm.default/MVN,MVN,jit_avx2_f32,EXECUTED,0.013,0.013
17,native_layer_norm_2/aten.native_layer_norm.default/Add,Subgraph,jit_avx2_f32,EXECUTED,0.006,0.006
17,linear_12/aten.linear.default/Add,FullyConnected,brgemm_avx2_f32,EXECUTED,1.285,1.285
17,relu_18/aten.relu.default/Relu,Relu,undef,NOT_RUN,0.0,0.0
17,linear_13/aten.linear.default/Add,FullyConnected,gemm_mlas_f32,EXECUTED,1.403,1.403
17,add_55/aten.add.Tensor/Add,Subgraph,jit_avx2_f32,EXECUTED,0.024,0.024
17,native_layer_norm_3/aten.native_layer_norm.default/MVN,MVN,jit_avx2_f32,EXECUTED,0.018000000000000002,0.018000000000000002
17,add_56/aten.add.Tensor/Add,Subgraph,jit_avx2_f32,EXECUTED,0.026,0.026
17,linear_14/aten.linear.default/Add,FullyConnected,brgemm_avx2_f32,EXECUTED,0.264,0.264
17,Multiply_13580,Multiply,undef,NOT_RUN,0.0,0.0
17,view_98/aten.view.default/Reshape,Reshape,unknown_f32,NOT_RUN,0.0,0.0
17,permute_13/aten.permute.default/Transpose,Transpose,unknown_f32,EXECUTED,0.016,0.016
17,linear_15/aten.linear.default/Add,FullyConnected,gemm_mlas_f32,EXECUTED,0.29500000000000004,0.29500000000000004
17,view_99/aten.view.default/Reshape,Reshape,unknown_f32,NOT_RUN,0.0,0.0
17,Transpose_12162,Transpose,unknown_f32,EXECUTED,0.045000000000000005,0.045000000000000005
17,linear_16/aten.linear.default/Add,FullyConnected,gemm_mlas_f32,EXECUTED,0.266,0.266
17,view_100/aten.view.default/Reshape,Reshape,unknown_f32,NOT_RUN,0.0,0.0
17,permute_15/aten.permute.default/Transpose,Transpose,unknown_f32,EXECUTED,0.011,0.011
17,bmm_5/aten.bmm.default/MatMul,Subgraph,jit_avx2_f32,EXECUTED,0.40900000000000003,0.40900000000000003
17,permute_17/aten.permute.default/Transpose,Transpose,unknown_f32,EXECUTED,0.025,0.025
17,view_101/aten.view.default/Reshape,Reshape,unknown_f32,NOT_RUN,0.0,0.0
17,linear_17/aten.linear.default/Add,FullyConnected,gemm_mlas_f32,EXECUTED,0.322,0.322
17,view_102/aten.view.default/Reshape,Reshape,unknown_f32,NOT_RUN,0.0,0.0
17,add_57/aten.add.Tensor/Add,Subgraph,jit_avx2_f32,EXECUTED,0.020999999999999998,0.020999999999999998
17,native_layer_norm_4/aten.native_layer_norm.default/MVN,MVN,jit_avx2_f32,EXECUTED,0.015000000000000001,0.015000000000000001
17,native_layer_norm_4/aten.native_layer_norm.default/Add,Subgraph,jit_avx2_f32,EXECUTED,0.013,0.013
17,linear_18/aten.linear.default/Add,FullyConnected,brgemm_avx2_f32,EXECUTED,1.325,1.325
17,relu_19/aten.relu.default/Relu,Relu,undef,NOT_RUN,0.0,0.0
17,linear_19/aten.linear.default/Add,FullyConnected,gemm_mlas_f32,EXECUTED,1.389,1.389
17,add_58/aten.add.Tensor/Add,Subgraph,jit_avx2_f32,EXECUTED,0.024,0.024
17,native_layer_norm_5/aten.native_layer_norm.default/MVN,MVN,jit_avx2_f32,EXECUTED,0.022,0.022
17,add_59/aten.add.Tensor/Add,Subgraph,jit_avx2_f32,EXECUTED,0.029,0.029
17,linear_20/aten.linear.default/Add,FullyConnected,brgemm_avx2_f32,EXECUTED,0.277,0.277
17,Multiply_13582,Multiply,undef,NOT_RUN,0.0,0.0
17,view_104/aten.view.default/Reshape,Reshape,unknown_f32,NOT_RUN,0.0,0.0
17,permute_18/aten.permute.default/Transpose,Transpose,unknown_f32,EXECUTED,0.014,0.014
17,linear_21/aten.linear.default/Add,FullyConnected,gemm_mlas_f32,EXECUTED,0.277,0.277
17,view_105/aten.view.default/Reshape,Reshape,unknown_f32,NOT_RUN,0.0,0.0
17,Transpose_12191,Transpose,unknown_f32,EXECUTED,0.04,0.04
17,linear_22/aten.linear.default/Add,FullyConnected,gemm_mlas_f32,EXECUTED,0.262,0.262
17,view_106/aten.view.default/Reshape,Reshape,unknown_f32,NOT_RUN,0.0,0.0
17,permute_20/aten.permute.default/Transpose,Transpose,unknown_f32,EXECUTED,0.011,0.011
17,bmm_7/aten.bmm.default/MatMul,Subgraph,jit_avx2_f32,EXECUTED,0.39,0.39
17,permute_22/aten.permute.default/Transpose,Transpose,unknown_f32,EXECUTED,0.019,0.019
17,view_107/aten.view.default/Reshape,Reshape,unknown_f32,NOT_RUN,0.0,0.0
17,linear_23/aten.linear.default/Add,FullyConnected,gemm_mlas_f32,EXECUTED,0.314,0.314
17,view_108/aten.view.default/Reshape,Reshape,unknown_f32,NOT_RUN,0.0,0.0
17,add_60/aten.add.Tensor/Add,Subgraph,jit_avx2_f32,EXECUTED,0.017,0.017
17,native_layer_norm_6/aten.native_layer_norm.default/MVN,MVN,jit_avx2_f32,EXECUTED,0.016,0.016
17,native_layer_norm_6/aten.native_layer_norm.default/Add,Subgraph,jit_avx2_f32,EXECUTED,0.007,0.007
17,linear_24/aten.linear.default/Add,FullyConnected,brgemm_avx2_f32,EXECUTED,1.3190000000000002,1.3190000000000002
17,relu_20/aten.relu.default/Relu,Relu,undef,NOT_RUN,0.0,0.0
17,linear_25/aten.linear.default/Add,FullyConnected,gemm_mlas_f32,EXECUTED,1.4220000000000002,1.4220000000000002
17,add_61/aten.add.Tensor/Add,Subgraph,jit_avx2_f32,EXECUTED,0.024,0.024
17,native_layer_norm_7/aten.native_layer_norm.default/MVN,MVN,jit_avx2_f32,EXECUTED,0.019,0.019
17,add_65/aten.add.Tensor/Add,Subgraph,jit_avx2_f32,EXECUTED,0.025,0.025
17,linear_31/aten.linear.default/Add,FullyConnected,gemm_mlas_f32,EXECUTED,0.29500000000000004,0.29500000000000004
17,view_117/aten.view.default/Reshape,Reshape,unknown_f32,NOT_RUN,0.0,0.0
17,Transpose_12220,Transpose,unknown_f32,EXECUTED,0.049,0.049
17,linear_32/aten.linear.default/Add,FullyConnected,gemm_mlas_f32,EXECUTED,0.296,0.296
17,view_118/aten.view.default/Reshape,Reshape,unknown_f32,NOT_RUN,0.0,0.0
17,permute_30/aten.permute.default/Transpose,Transpose,unknown_f32,EXECUTED,0.011,0.011
17,bmm_11/aten.bmm.default/MatMul,Subgraph,jit_avx2_f32,EXECUTED,0.216,0.216
17,permute_32/aten.permute.default/Transpose,Transpose,unknown_f32,EXECUTED,0.009000000000000001,0.009000000000000001
17,view_119/aten.view.default/Reshape,Reshape,unknown_f32,NOT_RUN,0.0,0.0
17,linear_33/aten.linear.default/Add,FullyConnected,gemm_mlas_f32,EXECUTED,0.146,0.146
17,view_120/aten.view.default/Reshape,Reshape,unknown_f32,NOT_RUN,0.0,0.0
17,add_66/aten.add.Tensor/Add,Subgraph,jit_avx2_f32,EXECUTED,0.012,0.012
17,native_layer_norm_9/aten.native_layer_norm.default/MVN,MVN,jit_avx2_f32,EXECUTED,0.006,0.006
17,native_layer_norm_9/aten.native_layer_norm.default/Add,Subgraph,jit_avx2_f32,EXECUTED,0.005,0.005
17,linear_34/aten.linear.default/Add,FullyConnected,brgemm_avx2_f32,EXECUTED,0.513,0.513
17,relu_21/aten.relu.default/Relu,Relu,undef,NOT_RUN,0.0,0.0
17,linear_35/aten.linear.default/Add,FullyConnected,gemm_mlas_f32,EXECUTED,0.5720000000000001,0.5720000000000001
17,add_67/aten.add.Tensor/Add,Subgraph,jit_avx2_f32,EXECUTED,0.013,0.013
17,native_layer_norm_10/aten.native_layer_norm.default/MVN,MVN,jit_avx2_f32,EXECUTED,0.008,0.008
17,native_layer_norm_10/aten.native_layer_norm.default/Add,Subgraph,jit_avx2_f32,EXECUTED,0.003,0.003
17,native_layer_norm_11/aten.native_layer_norm.default/MVN,MVN,jit_avx2_f32,EXECUTED,0.006,0.006
17,native_layer_norm_11/aten.native_layer_norm.default/Add,Subgraph,jit_avx2_f32,EXECUTED,0.003,0.003
17,permute_33/aten.permute.default/Transpose,Reshape,unknown_f32,NOT_RUN,0.0,0.0
17,linear_36/aten.linear.default/Add,FullyConnected,gemm_mlas_f32,EXECUTED,0.011,0.011
17,Result_6085,Result,unknown_f32,NOT_RUN,0.0,0.0
18,state,Parameter,unknown_f32,NOT_RUN,0.0,0.0
18,linear_1/aten.linear.default/Add,FullyConnected,gemm_mlas_f32,EXECUTED,0.036000000000000004,0.036000000000000004
18,wrist_image,Parameter,unknown_f32,NOT_RUN,0.0,0.0
18,wrist_image_abcd_acdb_mul_2/aten.mul.Tensor/Multiply,Reorder,jit_uni_f32,EXECUTED,0.23900000000000002,0.23900000000000002
18,mul_2/aten.mul.Tensor/Multiply,Convolution,brgconv_avx2_f32,EXECUTED,1.9849999999999999,1.9849999999999999
18,relu/aten.relu.default/Relu,Relu,undef,NOT_RUN,0.0,0.0
18,max_pool2d_with_indices/aten.max_pool2d_with_indices.default/MaxPool,MaxPool,jit_avx2_f32,EXECUTED,0.339,0.339
18,mul_5/aten.mul.Tensor/Multiply,Convolution,brgconv_avx2_f32,EXECUTED,1.9020000000000001,1.9020000000000001
18,relu_1/aten.relu.default/Relu,Relu,undef,NOT_RUN,0.0,0.0
18,mul_8/aten.mul.Tensor/Multiply,Convolution,brgconv_avx2_f32,EXECUTED,1.879,1.879
18,add_6/aten.add.Tensor/Add,Add,undef,NOT_RUN,0.0,0.0
18,relu_2/aten.relu.default/Relu,Relu,undef,NOT_RUN,0.0,0.0
18,mul_11/aten.mul.Tensor/Multiply,Convolution,brgconv_avx2_f32,EXECUTED,1.938,1.938
18,relu_3/aten.relu.default/Relu,Relu,undef,NOT_RUN,0.0,0.0
18,mul_14/aten.mul.Tensor/Multiply,Convolution,brgconv_avx2_f32,EXECUTED,1.915,1.915
18,add_11/aten.add.Tensor/Add,Add,undef,NOT_RUN,0.0,0.0
18,relu_4/aten.relu.default/Relu,Relu,undef,NOT_RUN,0.0,0.0
18,mul_17/aten.mul.Tensor/Multiply,Convolution,brgconv_avx2_f32,EXECUTED,1.046,1.046
18,relu_5/aten.relu.default/Relu,Relu,undef,NOT_RUN,0.0,0.0
18,mul_23/aten.mul.Tensor/Multiply,Convolution,brgconv_avx2_1x1_f32,EXECUTED,0.20900000000000002,0.20900000000000002
18,mul_20/aten.mul.Tensor/Multiply,Convolution,brgconv_avx2_f32,EXECUTED,1.813,1.813
18,add_18/aten.add.Tensor/Add,Add,undef,NOT_RUN,0.0,0.0
18,relu_6/aten.relu.default/Relu,Relu,undef,NOT_RUN,0.0,0.0
18,mul_26/aten.mul.Tensor/Multiply,Convolution,brgconv_avx2_f32,EXECUTED,1.805,1.805
18,relu_7/aten.relu.default/Relu,Relu,undef,NOT_RUN,0.0,0.0
18,mul_29/aten.mul.Tensor/Multiply,Convolution,brgconv_avx2_f32,EXECUTED,1.839,1.839
18,add_23/aten.add.Tensor/Add,Add,undef,NOT_RUN,0.0,0.0
18,relu_8/aten.relu.default/Relu,Relu,undef,NOT_RUN,0.0,0.0
18,mul_32/aten.mul.Tensor/Multiply,Convolution,brgconv_avx2_f32,EXECUTED,1.031,1.031
18,relu_9/aten.relu.default/Relu,Relu,undef,NOT_RUN,0.0,0.0
18,mul_38/aten.mul.Tensor/Multiply,Convolution,brgconv_avx2_1x1_f32,EXECUTED,0.224,0.224
18,mul_35/aten.mul.Tensor/Multiply,Convolution,brgconv_avx2_f32,EXECUTED,1.812,1.812
18,add_30/aten.add.Tensor/Add,Add,undef,NOT_RUN,0.0,0.0
18,relu_10/aten.relu.default/Relu,Relu,undef,NOT_RUN,0.0,0.0
18,mul_41/aten.mul.Tensor/Multiply,Convolution,brgconv_avx2_f32,EXECUTED,1.874,1.874
18,relu_11/aten.relu.default/Relu,Relu,undef,NOT_RUN,0.0,0.0
18,mul_44/aten.mul.Tensor/Multiply,Convolution,brgconv_avx2_f32,EXECUTED,1.896,1.896
18,add_35/aten.add.Tensor/Add,Add,undef,NOT_RUN,0.0,0.0
18,relu_12/aten.relu.default/Relu,Relu,undef,NOT_RUN,0.0,0.0
18,mul_47/aten.mul.Tensor/Multiply,Convolution,brgconv_avx2_f32,EXECUTED,1.092,1.092
18,relu_13/aten.relu.default/Relu,Relu,undef,NOT_RUN,0.0,0.0
18,mul_53/aten.mul.Tensor/Multiply,Convolution,brgconv_avx2_1x1_f32,EXECUTED,0.262,0.262
18,mul_50/aten.mul.Tensor/Multiply,Convolution,brgconv_avx2_f32,EXECUTED,1.795,1.795
18,add_42/aten.add.Tensor/Add,Add,undef,NOT_RUN,0.0,0.0
18,relu_14/aten.relu.default/Relu,Relu,undef,NOT_RUN,0.0,0.0
18,mul_56/aten.mul.Tensor/Multiply,Convolution,brgconv_avx2_f32,EXECUTED,1.831,1.831
18,relu_15/aten.relu.default/Relu,Relu,undef,NOT_RUN,0.0,0.0
18,mul_59/aten.mul.Tensor/Multiply,Convolution,brgconv_avx2_f32,EXECUTED,1.831,1.831
18,add_47/aten.add.Tensor/Add,Add,undef,NOT_RUN,0.0,0.0
18,relu_16/aten.relu.default/Relu,Relu,undef,NOT_RUN,0.0,0.0
18,convolution_20/aten.convolution.default/Convolution,Convolution,brgconv_avx2_1x1_f32,EXECUTED,0.38,0.38
18,permute_1/aten.permute.default/Transpose,Transpose,unknown_f32,EXECUTED,0.039,0.039
18,permute_1/aten.permute.default/Transpose_acdb_abcd_view_82/aten.view.default/Reshape,Reorder,reorder_f32,EXECUTED,0.027,0.027
18,view_82/aten.view.default/Reshape,Reshape,unknown_f32,NOT_RUN,0.0,0.0
18,select_5/aten.select.int/Gather,Gather,unknown_f32,NOT_RUN,0.0,0.0
18,select_6/aten.select.int/Gather,Gather,unknown_f32,NOT_RUN,0.0,0.0
18,select_7/aten.select.int/Gather,Gather,unknown_f32,NOT_RUN,0.0,0.0
18,select_8/aten.select.int/Gather,Gather,unknown_f32,NOT_RUN,0.0,0.0
18,select_9/aten.select.int/Gather,Gather,unknown_f32,NOT_RUN,0.0,0.0
18,select_10/aten.select.int/Gather,Gather,unknown_f32,NOT_RUN,0.0,0.0
18,select_11/aten.select.int/Gather,Gather,unknown_f32,NOT_RUN,0.0,0.0
18,select_12/aten.select.int/Gather,Gather,unknown_f32,NOT_RUN,0.0,0.0
18,select_13/aten.select.int/Gather,Gather,unknown_f32,NOT_RUN,0.0,0.0
18,select_14/aten.select.int/Gather,Gather,unknown_f32,NOT_RUN,0.0,0.0
18,select_15/aten.select.int/Gather,Gather,unknown_f32,NOT_RUN,0.0,0.0
18,select_16/aten.select.int/Gather,Gather,unknown_f32,NOT_RUN,0.0,0.0
18,select_17/aten.select.int/Gather,Gather,unknown_f32,NOT_RUN,0.0,0.0
18,select_18/aten.select.int/Gather,Gather,unknown_f32,NOT_RUN,0.0,0.0
18,select_19/aten.select.int/Gather,Gather,unknown_f32,NOT_RUN,0.0,0.0
18,select_20/aten.select.int/Gather,Gather,unknown_f32,NOT_RUN,0.0,0.0
18,select_21/aten.select.int/Gather,Gather,unknown_f32,NOT_RUN,0.0,0.0
18,select_22/aten.select.int/Gather,Gather,unknown_f32,NOT_RUN,0.0,0.0
18,select_23/aten.select.int/Gather,Gather,unknown_f32,NOT_RUN,0.0,0.0
18,select_24/aten.select.int/Gather,Gather,unknown_f32,NOT_RUN,0.0,0.0
18,select_25/aten.select.int/Gather,Gather,unknown_f32,NOT_RUN,0.0,0.0
18,select_26/aten.select.int/Gather,Gather,unknown_f32,NOT_RUN,0.0,0.0
18,select_27/aten.select.int/Gather,Gather,unknown_f32,NOT_RUN,0.0,0.0
18,select_28/aten.select.int/Gather,Gather,unknown_f32,NOT_RUN,0.0,0.0
18,select_29/aten.select.int/Gather,Gather,unknown_f32,NOT_RUN,0.0,0.0
18,select_30/aten.select.int/Gather,Gather,unknown_f32,NOT_RUN,0.0,0.0
18,select_31/aten.select.int/Gather,Gather,unknown_f32,NOT_RUN,0.0,0.0
18,select_32/aten.select.int/Gather,Gather,unknown_f32,NOT_RUN,0.0,0.0
18,select_33/aten.select.int/Gather,Gather,unknown_f32,NOT_RUN,0.0,0.0
18,select_34/aten.select.int/Gather,Gather,unknown_f32,NOT_RUN,0.0,0.0
18,select_35/aten.select.int/Gather,Gather,unknown_f32,NOT_RUN,0.0,0.0
18,select_36/aten.select.int/Gather,Gather,unknown_f32,NOT_RUN,0.0,0.0
18,select_37/aten.select.int/Gather,Gather,unknown_f32,NOT_RUN,0.0,0.0
18,select_38/aten.select.int/Gather,Gather,unknown_f32,NOT_RUN,0.0,0.0
18,select_39/aten.select.int/Gather,Gather,unknown_f32,NOT_RUN,0.0,0.0
18,select_40/aten.select.int/Gather,Gather,unknown_f32,NOT_RUN,0.0,0.0
18,select_41/aten.select.int/Gather,Gather,unknown_f32,NOT_RUN,0.0,0.0
18,select_42/aten.select.int/Gather,Gather,unknown_f32,NOT_RUN,0.0,0.0
18,select_43/aten.select.int/Gather,Gather,unknown_f32,NOT_RUN,0.0,0.0
18,select_44/aten.select.int/Gather,Gather,unknown_f32,NOT_RUN,0.0,0.0
18,select_45/aten.select.int/Gather,Gather,unknown_f32,NOT_RUN,0.0,0.0
18,select_46/aten.select.int/Gather,Gather,unknown_f32,NOT_RUN,0.0,0.0
18,select_47/aten.select.int/Gather,Gather,unknown_f32,NOT_RUN,0.0,0.0
18,select_48/aten.select.int/Gather,Gather,unknown_f32,NOT_RUN,0.0,0.0
18,select_49/aten.select.int/Gather,Gather,unknown_f32,NOT_RUN,0.0,0.0
18,select_50/aten.select.int/Gather,Gather,unknown_f32,NOT_RUN,0.0,0.0
18,select_51/aten.select.int/Gather,Gather,unknown_f32,NOT_RUN,0.0,0.0
18,select_52/aten.select.int/Gather,Gather,unknown_f32,NOT_RUN,0.0,0.0
18,select_53/aten.select.int/Gather,Gather,unknown_f32,NOT_RUN,0.0,0.0
18,select_54/aten.select.int/Gather,Gather,unknown_f32,NOT_RUN,0.0,0.0
18,select_55/aten.select.int/Gather,Gather,unknown_f32,NOT_RUN,0.0,0.0
18,select_56/aten.select.int/Gather,Gather,unknown_f32,NOT_RUN,0.0,0.0
18,select_57/aten.select.int/Gather,Gather,unknown_f32,NOT_RUN,0.0,0.0
18,select_58/aten.select.int/Gather,Gather,unknown_f32,NOT_RUN,0.0,0.0
18,select_59/aten.select.int/Gather,Gather,unknown_f32,NOT_RUN,0.0,0.0
18,select_60/aten.select.int/Gather,Gather,unknown_f32,NOT_RUN,0.0,0.0
18,select_61/aten.select.int/Gather,Gather,unknown_f32,NOT_RUN,0.0,0.0
18,select_62/aten.select.int/Gather,Gather,unknown_f32,NOT_RUN,0.0,0.0
18,select_63/aten.select.int/Gather,Gather,unknown_f32,NOT_RUN,0.0,0.0
18,select_64/aten.select.int/Gather,Gather,unknown_f32,NOT_RUN,0.0,0.0
18,select_65/aten.select.int/Gather,Gather,unknown_f32,NOT_RUN,0.0,0.0
18,select_66/aten.select.int/Gather,Gather,unknown_f32,NOT_RUN,0.0,0.0
18,select_67/aten.select.int/Gather,Gather,unknown_f32,NOT_RUN,0.0,0.0
18,select_68/aten.select.int/Gather,Gather,unknown_f32,NOT_RUN,0.0,0.0
18,select_69/aten.select.int/Gather,Gather,unknown_f32,NOT_RUN,0.0,0.0
18,select_70/aten.select.int/Gather,Gather,unknown_f32,NOT_RUN,0.0,0.0
18,select_71/aten.select.int/Gather,Gather,unknown_f32,NOT_RUN,0.0,0.0
18,select_72/aten.select.int/Gather,Gather,unknown_f32,NOT_RUN,0.0,0.0
18,select_73/aten.select.int/Gather,Gather,unknown_f32,NOT_RUN,0.0,0.0
18,select_74/aten.select.int/Gather,Gather,unknown_f32,NOT_RUN,0.0,0.0
18,select_75/aten.select.int/Gather,Gather,unknown_f32,NOT_RUN,0.0,0.0
18,select_76/aten.select.int/Gather,Gather,unknown_f32,NOT_RUN,0.0,0.0
18,select_77/aten.select.int/Gather,Gather,unknown_f32,NOT_RUN,0.0,0.0
18,select_78/aten.select.int/Gather,Gather,unknown_f32,NOT_RUN,0.0,0.0
18,select_79/aten.select.int/Gather,Gather,unknown_f32,NOT_RUN,0.0,0.0
18,select_80/aten.select.int/Gather,Gather,unknown_f32,NOT_RUN,0.0,0.0
18,select_81/aten.select.int/Gather,Gather,unknown_f32,NOT_RUN,0.0,0.0
18,select_82/aten.select.int/Gather,Gather,unknown_f32,NOT_RUN,0.0,0.0
18,select_83/aten.select.int/Gather,Gather,unknown_f32,NOT_RUN,0.0,0.0
18,select_84/aten.select.int/Gather,Gather,unknown_f32,NOT_RUN,0.0,0.0
18,select_85/aten.select.int/Gather,Gather,unknown_f32,NOT_RUN,0.0,0.0
18,select_86/aten.select.int/Gather,Gather,unknown_f32,NOT_RUN,0.0,0.0
18,select_87/aten.select.int/Gather,Gather,unknown_f32,NOT_RUN,0.0,0.0
18,select_88/aten.select.int/Gather,Gather,unknown_f32,NOT_RUN,0.0,0.0
18,select_89/aten.select.int/Gather,Gather,unknown_f32,NOT_RUN,0.0,0.0
18,select_90/aten.select.int/Gather,Gather,unknown_f32,NOT_RUN,0.0,0.0
18,select_91/aten.select.int/Gather,Gather,unknown_f32,NOT_RUN,0.0,0.0
18,select_92/aten.select.int/Gather,Gather,unknown_f32,NOT_RUN,0.0,0.0
18,select_93/aten.select.int/Gather,Gather,unknown_f32,NOT_RUN,0.0,0.0
18,select_94/aten.select.int/Gather,Gather,unknown_f32,NOT_RUN,0.0,0.0
18,select_95/aten.select.int/Gather,Gather,unknown_f32,NOT_RUN,0.0,0.0
18,select_96/aten.select.int/Gather,Gather,unknown_f32,NOT_RUN,0.0,0.0
18,select_97/aten.select.int/Gather,Gather,unknown_f32,NOT_RUN,0.0,0.0
18,select_98/aten.select.int/Gather,Gather,unknown_f32,NOT_RUN,0.0,0.0
18,select_99/aten.select.int/Gather,Gather,unknown_f32,NOT_RUN,0.0,0.0
18,select_100/aten.select.int/Gather,Gather,unknown_f32,NOT_RUN,0.0,0.0
18,select_101/aten.select.int/Gather,Gather,unknown_f32,NOT_RUN,0.0,0.0
18,select_102/aten.select.int/Gather,Gather,unknown_f32,NOT_RUN,0.0,0.0
18,select_103/aten.select.int/Gather,Gather,unknown_f32,NOT_RUN,0.0,0.0
18,select_104/aten.select.int/Gather,Gather,unknown_f32,NOT_RUN,0.0,0.0
18,select_105/aten.select.int/Gather,Gather,unknown_f32,NOT_RUN,0.0,0.0
18,select_106/aten.select.int/Gather,Gather,unknown_f32,NOT_RUN,0.0,0.0
18,select_107/aten.select.int/Gather,Gather,unknown_f32,NOT_RUN,0.0,0.0
18,select_108/aten.select.int/Gather,Gather,unknown_f32,NOT_RUN,0.0,0.0
18,select_109/aten.select.int/Gather,Gather,unknown_f32,NOT_RUN,0.0,0.0
18,select_110/aten.select.int/Gather,Gather,unknown_f32,NOT_RUN,0.0,0.0
18,select_111/aten.select.int/Gather,Gather,unknown_f32,NOT_RUN,0.0,0.0
18,select_112/aten.select.int/Gather,Gather,unknown_f32,NOT_RUN,0.0,0.0
18,select_113/aten.select.int/Gather,Gather,unknown_f32,NOT_RUN,0.0,0.0
18,select_114/aten.select.int/Gather,Gather,unknown_f32,NOT_RUN,0.0,0.0
18,select_115/aten.select.int/Gather,Gather,unknown_f32,NOT_RUN,0.0,0.0
18,select_116/aten.select.int/Gather,Gather,unknown_f32,NOT_RUN,0.0,0.0
18,select_117/aten.select.int/Gather,Gather,unknown_f32,NOT_RUN,0.0,0.0
18,select_118/aten.select.int/Gather,Gather,unknown_f32,NOT_RUN,0.0,0.0
18,select_119/aten.select.int/Gather,Gather,unknown_f32,NOT_RUN,0.0,0.0
18,select_120/aten.select.int/Gather,Gather,unknown_f32,NOT_RUN,0.0,0.0
18,select_121/aten.select.int/Gather,Gather,unknown_f32,NOT_RUN,0.0,0.0
18,select_122/aten.select.int/Gather,Gather,unknown_f32,NOT_RUN,0.0,0.0
18,select_123/aten.select.int/Gather,Gather,unknown_f32,NOT_RUN,0.0,0.0
18,select_124/aten.select.int/Gather,Gather,unknown_f32,NOT_RUN,0.0,0.0
18,select_125/aten.select.int/Gather,Gather,unknown_f32,NOT_RUN,0.0,0.0
18,select_126/aten.select.int/Gather,Gather,unknown_f32,NOT_RUN,0.0,0.0
18,select_127/aten.select.int/Gather,Gather,unknown_f32,NOT_RUN,0.0,0.0
18,select_128/aten.select.int/Gather,Gather,unknown_f32,NOT_RUN,0.0,0.0
18,select_129/aten.select.int/Gather,Gather,unknown_f32,NOT_RUN,0.0,0.0
18,select_130/aten.select.int/Gather,Gather,unknown_f32,NOT_RUN,0.0,0.0
18,select_131/aten.select.int/Gather,Gather,unknown_f32,NOT_RUN,0.0,0.0
18,select_132/aten.select.int/Gather,Gather,unknown_f32,NOT_RUN,0.0,0.0
18,select_133/aten.select.int/Gather,Gather,unknown_f32,NOT_RUN,0.0,0.0
18,select_134/aten.select.int/Gather,Gather,unknown_f32,NOT_RUN,0.0,0.0
18,select_135/aten.select.int/Gather,Gather,unknown_f32,NOT_RUN,0.0,0.0
18,select_136/aten.select.int/Gather,Gather,unknown_f32,NOT_RUN,0.0,0.0
18,select_137/aten.select.int/Gather,Gather,unknown_f32,NOT_RUN,0.0,0.0
18,select_138/aten.select.int/Gather,Gather,unknown_f32,NOT_RUN,0.0,0.0
18,select_139/aten.select.int/Gather,Gather,unknown_f32,NOT_RUN,0.0,0.0
18,select_140/aten.select.int/Gather,Gather,unknown_f32,NOT_RUN,0.0,0.0
18,select_141/aten.select.int/Gather,Gather,unknown_f32,NOT_RUN,0.0,0.0
18,select_142/aten.select.int/Gather,Gather,unknown_f32,NOT_RUN,0.0,0.0
18,select_143/aten.select.int/Gather,Gather,unknown_f32,NOT_RUN,0.0,0.0
18,select_144/aten.select.int/Gather,Gather,unknown_f32,NOT_RUN,0.0,0.0
18,select_145/aten.select.int/Gather,Gather,unknown_f32,NOT_RUN,0.0,0.0
18,select_146/aten.select.int/Gather,Gather,unknown_f32,NOT_RUN,0.0,0.0
18,select_147/aten.select.int/Gather,Gather,unknown_f32,NOT_RUN,0.0,0.0
18,select_148/aten.select.int/Gather,Gather,unknown_f32,NOT_RUN,0.0,0.0
18,select_149/aten.select.int/Gather,Gather,unknown_f32,NOT_RUN,0.0,0.0
18,select_150/aten.select.int/Gather,Gather,unknown_f32,NOT_RUN,0.0,0.0
18,select_151/aten.select.int/Gather,Gather,unknown_f32,NOT_RUN,0.0,0.0
18,select_152/aten.select.int/Gather,Gather,unknown_f32,NOT_RUN,0.0,0.0
18,select_153/aten.select.int/Gather,Gather,unknown_f32,NOT_RUN,0.0,0.0
18,select_154/aten.select.int/Gather,Gather,unknown_f32,NOT_RUN,0.0,0.0
18,select_155/aten.select.int/Gather,Gather,unknown_f32,NOT_RUN,0.0,0.0
18,select_156/aten.select.int/Gather,Gather,unknown_f32,NOT_RUN,0.0,0.0
18,select_157/aten.select.int/Gather,Gather,unknown_f32,NOT_RUN,0.0,0.0
18,select_158/aten.select.int/Gather,Gather,unknown_f32,NOT_RUN,0.0,0.0
18,select_159/aten.select.int/Gather,Gather,unknown_f32,NOT_RUN,0.0,0.0
18,select_160/aten.select.int/Gather,Gather,unknown_f32,NOT_RUN,0.0,0.0
18,select_161/aten.select.int/Gather,Gather,unknown_f32,NOT_RUN,0.0,0.0
18,select_162/aten.select.int/Gather,Gather,unknown_f32,NOT_RUN,0.0,0.0
18,select_163/aten.select.int/Gather,Gather,unknown_f32,NOT_RUN,0.0,0.0
18,select_164/aten.select.int/Gather,Gather,unknown_f32,NOT_RUN,0.0,0.0
18,select_165/aten.select.int/Gather,Gather,unknown_f32,NOT_RUN,0.0,0.0
18,select_166/aten.select.int/Gather,Gather,unknown_f32,NOT_RUN,0.0,0.0
18,select_167/aten.select.int/Gather,Gather,unknown_f32,NOT_RUN,0.0,0.0
18,select_168/aten.select.int/Gather,Gather,unknown_f32,NOT_RUN,0.0,0.0
18,select_169/aten.select.int/Gather,Gather,unknown_f32,NOT_RUN,0.0,0.0
18,select_170/aten.select.int/Gather,Gather,unknown_f32,NOT_RUN,0.0,0.0
18,select_171/aten.select.int/Gather,Gather,unknown_f32,NOT_RUN,0.0,0.0
18,select_172/aten.select.int/Gather,Gather,unknown_f32,NOT_RUN,0.0,0.0
18,select_173/aten.select.int/Gather,Gather,unknown_f32,NOT_RUN,0.0,0.0
18,select_174/aten.select.int/Gather,Gather,unknown_f32,NOT_RUN,0.0,0.0
18,select_175/aten.select.int/Gather,Gather,unknown_f32,NOT_RUN,0.0,0.0
18,select_176/aten.select.int/Gather,Gather,unknown_f32,NOT_RUN,0.0,0.0
18,select_177/aten.select.int/Gather,Gather,unknown_f32,NOT_RUN,0.0,0.0
18,select_178/aten.select.int/Gather,Gather,unknown_f32,NOT_RUN,0.0,0.0
18,select_179/aten.select.int/Gather,Gather,unknown_f32,NOT_RUN,0.0,0.0
18,select_180/aten.select.int/Gather,Gather,unknown_f32,NOT_RUN,0.0,0.0
18,select_181/aten.select.int/Gather,Gather,unknown_f32,NOT_RUN,0.0,0.0
18,select_182/aten.select.int/Gather,Gather,unknown_f32,NOT_RUN,0.0,0.0
18,select_183/aten.select.int/Gather,Gather,unknown_f32,NOT_RUN,0.0,0.0
18,select_184/aten.select.int/Gather,Gather,unknown_f32,NOT_RUN,0.0,0.0
18,select_185/aten.select.int/Gather,Gather,unknown_f32,NOT_RUN,0.0,0.0
18,select_186/aten.select.int/Gather,Gather,unknown_f32,NOT_RUN,0.0,0.0
18,select_187/aten.select.int/Gather,Gather,unknown_f32,NOT_RUN,0.0,0.0
18,select_188/aten.select.int/Gather,Gather,unknown_f32,NOT_RUN,0.0,0.0
18,select_189/aten.select.int/Gather,Gather,unknown_f32,NOT_RUN,0.0,0.0
18,select_190/aten.select.int/Gather,Gather,unknown_f32,NOT_RUN,0.0,0.0
18,select_191/aten.select.int/Gather,Gather,unknown_f32,NOT_RUN,0.0,0.0
18,select_192/aten.select.int/Gather,Gather,unknown_f32,NOT_RUN,0.0,0.0
18,select_193/aten.select.int/Gather,Gather,unknown_f32,NOT_RUN,0.0,0.0
18,select_194/aten.select.int/Gather,Gather,unknown_f32,NOT_RUN,0.0,0.0
18,select_195/aten.select.int/Gather,Gather,unknown_f32,NOT_RUN,0.0,0.0
18,select_196/aten.select.int/Gather,Gather,unknown_f32,NOT_RUN,0.0,0.0
18,select_197/aten.select.int/Gather,Gather,unknown_f32,NOT_RUN,0.0,0.0
18,select_198/aten.select.int/Gather,Gather,unknown_f32,NOT_RUN,0.0,0.0
18,select_199/aten.select.int/Gather,Gather,unknown_f32,NOT_RUN,0.0,0.0
18,select_200/aten.select.int/Gather,Gather,unknown_f32,NOT_RUN,0.0,0.0
18,select_201/aten.select.int/Gather,Gather,unknown_f32,NOT_RUN,0.0,0.0
18,select_202/aten.select.int/Gather,Gather,unknown_f32,NOT_RUN,0.0,0.0
18,select_203/aten.select.int/Gather,Gather,unknown_f32,NOT_RUN,0.0,0.0
18,select_204/aten.select.int/Gather,Gather,unknown_f32,NOT_RUN,0.0,0.0
18,select_205/aten.select.int/Gather,Gather,unknown_f32,NOT_RUN,0.0,0.0
18,select_206/aten.select.int/Gather,Gather,unknown_f32,NOT_RUN,0.0,0.0
18,select_207/aten.select.int/Gather,Gather,unknown_f32,NOT_RUN,0.0,0.0
18,select_208/aten.select.int/Gather,Gather,unknown_f32,NOT_RUN,0.0,0.0
18,select_209/aten.select.int/Gather,Gather,unknown_f32,NOT_RUN,0.0,0.0
18,select_210/aten.select.int/Gather,Gather,unknown_f32,NOT_RUN,0.0,0.0
18,select_211/aten.select.int/Gather,Gather,unknown_f32,NOT_RUN,0.0,0.0
18,select_212/aten.select.int/Gather,Gather,unknown_f32,NOT_RUN,0.0,0.0
18,select_213/aten.select.int/Gather,Gather,unknown_f32,NOT_RUN,0.0,0.0
18,select_214/aten.select.int/Gather,Gather,unknown_f32,NOT_RUN,0.0,0.0
18,select_215/aten.select.int/Gather,Gather,unknown_f32,NOT_RUN,0.0,0.0
18,select_216/aten.select.int/Gather,Gather,unknown_f32,NOT_RUN,0.0,0.0
18,select_217/aten.select.int/Gather,Gather,unknown_f32,NOT_RUN,0.0,0.0
18,select_218/aten.select.int/Gather,Gather,unknown_f32,NOT_RUN,0.0,0.0
18,select_219/aten.select.int/Gather,Gather,unknown_f32,NOT_RUN,0.0,0.0
18,select_220/aten.select.int/Gather,Gather,unknown_f32,NOT_RUN,0.0,0.0
18,select_221/aten.select.int/Gather,Gather,unknown_f32,NOT_RUN,0.0,0.0
18,select_222/aten.select.int/Gather,Gather,unknown_f32,NOT_RUN,0.0,0.0
18,select_223/aten.select.int/Gather,Gather,unknown_f32,NOT_RUN,0.0,0.0
18,select_224/aten.select.int/Gather,Gather,unknown_f32,NOT_RUN,0.0,0.0
18,select_225/aten.select.int/Gather,Gather,unknown_f32,NOT_RUN,0.0,0.0
18,select_226/aten.select.int/Gather,Gather,unknown_f32,NOT_RUN,0.0,0.0
18,select_227/aten.select.int/Gather,Gather,unknown_f32,NOT_RUN,0.0,0.0
18,select_228/aten.select.int/Gather,Gather,unknown_f32,NOT_RUN,0.0,0.0
18,select_229/aten.select.int/Gather,Gather,unknown_f32,NOT_RUN,0.0,0.0
18,select_230/aten.select.int/Gather,Gather,unknown_f32,NOT_RUN,0.0,0.0
18,select_231/aten.select.int/Gather,Gather,unknown_f32,NOT_RUN,0.0,0.0
18,select_232/aten.select.int/Gather,Gather,unknown_f32,NOT_RUN,0.0,0.0
18,select_233/aten.select.int/Gather,Gather,unknown_f32,NOT_RUN,0.0,0.0
18,select_234/aten.select.int/Gather,Gather,unknown_f32,NOT_RUN,0.0,0.0
18,select_235/aten.select.int/Gather,Gather,unknown_f32,NOT_RUN,0.0,0.0
18,select_236/aten.select.int/Gather,Gather,unknown_f32,NOT_RUN,0.0,0.0
18,select_237/aten.select.int/Gather,Gather,unknown_f32,NOT_RUN,0.0,0.0
18,select_238/aten.select.int/Gather,Gather,unknown_f32,NOT_RUN,0.0,0.0
18,select_239/aten.select.int/Gather,Gather,unknown_f32,NOT_RUN,0.0,0.0
18,select_240/aten.select.int/Gather,Gather,unknown_f32,NOT_RUN,0.0,0.0
18,select_241/aten.select.int/Gather,Gather,unknown_f32,NOT_RUN,0.0,0.0
18,select_242/aten.select.int/Gather,Gather,unknown_f32,NOT_RUN,0.0,0.0
18,select_243/aten.select.int/Gather,Gather,unknown_f32,NOT_RUN,0.0,0.0
18,select_244/aten.select.int/Gather,Gather,unknown_f32,NOT_RUN,0.0,0.0
18,select_245/aten.select.int/Gather,Gather,unknown_f32,NOT_RUN,0.0,0.0
18,select_246/aten.select.int/Gather,Gather,unknown_f32,NOT_RUN,0.0,0.0
18,select_247/aten.select.int/Gather,Gather,unknown_f32,NOT_RUN,0.0,0.0
18,select_248/aten.select.int/Gather,Gather,unknown_f32,NOT_RUN,0.0,0.0
18,select_249/aten.select.int/Gather,Gather,unknown_f32,NOT_RUN,0.0,0.0
18,select_250/aten.select.int/Gather,Gather,unknown_f32,NOT_RUN,0.0,0.0
18,select_251/aten.select.int/Gather,Gather,unknown_f32,NOT_RUN,0.0,0.0
18,select_252/aten.select.int/Gather,Gather,unknown_f32,NOT_RUN,0.0,0.0
18,select_253/aten.select.int/Gather,Gather,unknown_f32,NOT_RUN,0.0,0.0
18,select_254/aten.select.int/Gather,Gather,unknown_f32,NOT_RUN,0.0,0.0
18,select_255/aten.select.int/Gather,Gather,unknown_f32,NOT_RUN,0.0,0.0
18,select_256/aten.select.int/Gather,Gather,unknown_f32,NOT_RUN,0.0,0.0
18,select_257/aten.select.int/Gather,Gather,unknown_f32,NOT_RUN,0.0,0.0
18,select_258/aten.select.int/Gather,Gather,unknown_f32,NOT_RUN,0.0,0.0
18,select_259/aten.select.int/Gather,Gather,unknown_f32,NOT_RUN,0.0,0.0
18,select_260/aten.select.int/Gather,Gather,unknown_f32,NOT_RUN,0.0,0.0
18,select_261/aten.select.int/Gather,Gather,unknown_f32,NOT_RUN,0.0,0.0
18,select_262/aten.select.int/Gather,Gather,unknown_f32,NOT_RUN,0.0,0.0
18,select_263/aten.select.int/Gather,Gather,unknown_f32,NOT_RUN,0.0,0.0
18,select_264/aten.select.int/Gather,Gather,unknown_f32,NOT_RUN,0.0,0.0
18,select_265/aten.select.int/Gather,Gather,unknown_f32,NOT_RUN,0.0,0.0
18,select_266/aten.select.int/Gather,Gather,unknown_f32,NOT_RUN,0.0,0.0
18,select_267/aten.select.int/Gather,Gather,unknown_f32,NOT_RUN,0.0,0.0
18,select_268/aten.select.int/Gather,Gather,unknown_f32,NOT_RUN,0.0,0.0
18,select_269/aten.select.int/Gather,Gather,unknown_f32,NOT_RUN,0.0,0.0
18,select_270/aten.select.int/Gather,Gather,unknown_f32,NOT_RUN,0.0,0.0
18,select_271/aten.select.int/Gather,Gather,unknown_f32,NOT_RUN,0.0,0.0
18,select_272/aten.select.int/Gather,Gather,unknown_f32,NOT_RUN,0.0,0.0
18,select_273/aten.select.int/Gather,Gather,unknown_f32,NOT_RUN,0.0,0.0
18,select_274/aten.select.int/Gather,Gather,unknown_f32,NOT_RUN,0.0,0.0
18,select_275/aten.select.int/Gather,Gather,unknown_f32,NOT_RUN,0.0,0.0
18,select_276/aten.select.int/Gather,Gather,unknown_f32,NOT_RUN,0.0,0.0
18,select_277/aten.select.int/Gather,Gather,unknown_f32,NOT_RUN,0.0,0.0
18,select_278/aten.select.int/Gather,Gather,unknown_f32,NOT_RUN,0.0,0.0
18,select_279/aten.select.int/Gather,Gather,unknown_f32,NOT_RUN,0.0,0.0
18,select_280/aten.select.int/Gather,Gather,unknown_f32,NOT_RUN,0.0,0.0
18,select_281/aten.select.int/Gather,Gather,unknown_f32,NOT_RUN,0.0,0.0
18,select_282/aten.select.int/Gather,Gather,unknown_f32,NOT_RUN,0.0,0.0
18,select_283/aten.select.int/Gather,Gather,unknown_f32,NOT_RUN,0.0,0.0
18,select_284/aten.select.int/Gather,Gather,unknown_f32,NOT_RUN,0.0,0.0
18,select_285/aten.select.int/Gather,Gather,unknown_f32,NOT_RUN,0.0,0.0
18,select_286/aten.select.int/Gather,Gather,unknown_f32,NOT_RUN,0.0,0.0
18,select_287/aten.select.int/Gather,Gather,unknown_f32,NOT_RUN,0.0,0.0
18,select_288/aten.select.int/Gather,Gather,unknown_f32,NOT_RUN,0.0,0.0
18,select_289/aten.select.int/Gather,Gather,unknown_f32,NOT_RUN,0.0,0.0
18,select_290/aten.select.int/Gather,Gather,unknown_f32,NOT_RUN,0.0,0.0
18,select_291/aten.select.int/Gather,Gather,unknown_f32,NOT_RUN,0.0,0.0
18,select_292/aten.select.int/Gather,Gather,unknown_f32,NOT_RUN,0.0,0.0
18,select_293/aten.select.int/Gather,Gather,unknown_f32,NOT_RUN,0.0,0.0
18,select_294/aten.select.int/Gather,Gather,unknown_f32,NOT_RUN,0.0,0.0
18,select_295/aten.select.int/Gather,Gather,unknown_f32,NOT_RUN,0.0,0.0
18,select_296/aten.select.int/Gather,Gather,unknown_f32,NOT_RUN,0.0,0.0
18,select_297/aten.select.int/Gather,Gather,unknown_f32,NOT_RUN,0.0,0.0
18,select_298/aten.select.int/Gather,Gather,unknown_f32,NOT_RUN,0.0,0.0
18,select_299/aten.select.int/Gather,Gather,unknown_f32,NOT_RUN,0.0,0.0
18,select_300/aten.select.int/Gather,Gather,unknown_f32,NOT_RUN,0.0,0.0
18,select_301/aten.select.int/Gather,Gather,unknown_f32,NOT_RUN,0.0,0.0
18,select_302/aten.select.int/Gather,Gather,unknown_f32,NOT_RUN,0.0,0.0
18,select_303/aten.select.int/Gather,Gather,unknown_f32,NOT_RUN,0.0,0.0
18,select_304/aten.select.int/Gather,Gather,unknown_f32,NOT_RUN,0.0,0.0
18,cat_3/aten.cat.default/Concat,Concat,ref_f32,EXECUTED,0.063,0.063
18,view_84/aten.view.default/Reshape,Reshape,unknown_f32,NOT_RUN,0.0,0.0
18,add_50/aten.add.Tensor/Add,Subgraph,jit_avx2_f32,EXECUTED,0.020999999999999998,0.020999999999999998
18,linear_2/aten.linear.default/Add,FullyConnected,brgemm_avx2_f32,EXECUTED,0.296,0.296
18,Multiply_13576,Multiply,undef,NOT_RUN,0.0,0.0
18,view_86/aten.view.default/Reshape,Reshape,unknown_f32,NOT_RUN,0.0,0.0
18,permute_3/aten.permute.default/Transpose,Transpose,unknown_f32,EXECUTED,0.022,0.022
18,linear_3/aten.linear.default/Add,FullyConnected,gemm_mlas_f32,EXECUTED,0.34299999999999997,0.34299999999999997
18,view_87/aten.view.default/Reshape,Reshape,unknown_f32,NOT_RUN,0.0,0.0
18,Transpose_12104,Transpose,unknown_f32,EXECUTED,0.054,0.054
18,linear_4/aten.linear.default/Add,FullyConnected,gemm_mlas_f32,EXECUTED,0.326,0.326
18,view_88/aten.view.default/Reshape,Reshape,unknown_f32,NOT_RUN,0.0,0.0
18,permute_5/aten.permute.default/Transpose,Transpose,unknown_f32,EXECUTED,0.015000000000000001,0.015000000000000001
18,bmm_1/aten.bmm.default/MatMul,Subgraph,jit_avx2_f32,EXECUTED,0.447,0.447
18,permute_7/aten.permute.default/Transpose,Transpose,unknown_f32,EXECUTED,0.026,0.026
18,view_89/aten.view.default/Reshape,Reshape,unknown_f32,NOT_RUN,0.0,0.0
18,linear_5/aten.linear.default/Add,FullyConnected,gemm_mlas_f32,EXECUTED,0.361,0.361
18,view_90/aten.view.default/Reshape,Reshape,unknown_f32,NOT_RUN,0.0,0.0
18,add_51/aten.add.Tensor/Add,Subgraph,jit_avx2_f32,EXECUTED,0.024,0.024
18,native_layer_norm/aten.native_layer_norm.default/MVN,MVN,jit_avx2_f32,EXECUTED,0.02,0.02
18,native_layer_norm/aten.native_layer_norm.default/Add,Subgraph,jit_avx2_f32,EXECUTED,0.017,0.017
18,linear_6/aten.linear.default/Add,FullyConnected,brgemm_avx2_f32,EXECUTED,1.388,1.388
18,relu_17/aten.relu.default/Relu,Relu,undef,NOT_RUN,0.0,0.0
18,linear_7/aten.linear.default/Add,FullyConnected,gemm_mlas_f32,EXECUTED,1.4729999999999999,1.4729999999999999
18,add_52/aten.add.Tensor/Add,Subgraph,jit_avx2_f32,EXECUTED,0.026,0.026
18,native_layer_norm_1/aten.native_layer_norm.default/MVN,MVN,jit_avx2_f32,EXECUTED,0.020999999999999998,0.020999999999999998
18,add_53/aten.add.Tensor/Add,Subgraph,jit_avx2_f32,EXECUTED,0.030000000000000002,0.030000000000000002
18,linear_8/aten.linear.default/Add,FullyConnected,brgemm_avx2_f32,EXECUTED,0.294,0.294
18,Multiply_13578,Multiply,undef,NOT_RUN,0.0,0.0
18,view_92/aten.view.default/Reshape,Reshape,unknown_f32,NOT_RUN,0.0,0.0
18,permute_8/aten.permute.default/Transpose,Transpose,unknown_f32,EXECUTED,0.017,0.017
18,linear_9/aten.linear.default/Add,FullyConnected,gemm_mlas_f32,EXECUTED,0.27099999999999996,0.27099999999999996
18,view_93/aten.view.default/Reshape,Reshape,unknown_f32,NOT_RUN,0.0,0.0
18,Transpose_12133,Transpose,unknown_f32,EXECUTED,0.041,0.041
18,linear_10/aten.linear.default/Add,FullyConnected,gemm_mlas_f32,EXECUTED,0.268,0.268
18,view_94/aten.view.default/Reshape,Reshape,unknown_f32,NOT_RUN,0.0,0.0
18,permute_10/aten.permute.default/Transpose,Transpose,unknown_f32,EXECUTED,0.013,0.013
18,bmm_3/aten.bmm.default/MatMul,Subgraph,jit_avx2_f32,EXECUTED,0.38,0.38
18,permute_12/aten.permute.default/Transpose,Transpose,unknown_f32,EXECUTED,0.022,0.022
18,view_95/aten.view.default/Reshape,Reshape,unknown_f32,NOT_RUN,0.0,0.0
18,linear_11/aten.linear.default/Add,FullyConnected,gemm_mlas_f32,EXECUTED,0.292,0.292
18,view_96/aten.view.default/Reshape,Reshape,unknown_f32,NOT_RUN,0.0,0.0
18,add_54/aten.add.Tensor/Add,Subgraph,jit_avx2_f32,EXECUTED,0.015000000000000001,0.015000000000000001
18,native_layer_norm_2/aten.native_layer_norm.default/MVN,MVN,jit_avx2_f32,EXECUTED,0.014,0.014
18,native_layer_norm_2/aten.native_layer_norm.default/Add,Subgraph,jit_avx2_f32,EXECUTED,0.006,0.006
18,linear_12/aten.linear.default/Add,FullyConnected,brgemm_avx2_f32,EXECUTED,1.292,1.292
18,relu_18/aten.relu.default/Relu,Relu,undef,NOT_RUN,0.0,0.0
18,linear_13/aten.linear.default/Add,FullyConnected,gemm_mlas_f32,EXECUTED,1.411,1.411
18,add_55/aten.add.Tensor/Add,Subgraph,jit_avx2_f32,EXECUTED,0.025,0.025
18,native_layer_norm_3/aten.native_layer_norm.default/MVN,MVN,jit_avx2_f32,EXECUTED,0.019,0.019
18,add_56/aten.add.Tensor/Add,Subgraph,jit_avx2_f32,EXECUTED,0.028,0.028
18,linear_14/aten.linear.default/Add,FullyConnected,brgemm_avx2_f32,EXECUTED,0.26899999999999996,0.26899999999999996
18,Multiply_13580,Multiply,undef,NOT_RUN,0.0,0.0
18,view_98/aten.view.default/Reshape,Reshape,unknown_f32,NOT_RUN,0.0,0.0
18,permute_13/aten.permute.default/Transpose,Transpose,unknown_f32,EXECUTED,0.016,0.016
18,linear_15/aten.linear.default/Add,FullyConnected,gemm_mlas_f32,EXECUTED,0.304,0.304
18,view_99/aten.view.default/Reshape,Reshape,unknown_f32,NOT_RUN,0.0,0.0
18,Transpose_12162,Transpose,unknown_f32,EXECUTED,0.046,0.046
18,linear_16/aten.linear.default/Add,FullyConnected,gemm_mlas_f32,EXECUTED,0.27099999999999996,0.27099999999999996
18,view_100/aten.view.default/Reshape,Reshape,unknown_f32,NOT_RUN,0.0,0.0
18,permute_15/aten.permute.default/Transpose,Transpose,unknown_f32,EXECUTED,0.011,0.011
18,bmm_5/aten.bmm.default/MatMul,Subgraph,jit_avx2_f32,EXECUTED,0.41300000000000003,0.41300000000000003
18,permute_17/aten.permute.default/Transpose,Transpose,unknown_f32,EXECUTED,0.025,0.025
18,view_101/aten.view.default/Reshape,Reshape,unknown_f32,NOT_RUN,0.0,0.0
18,linear_17/aten.linear.default/Add,FullyConnected,gemm_mlas_f32,EXECUTED,0.33,0.33
18,view_102/aten.view.default/Reshape,Reshape,unknown_f32,NOT_RUN,0.0,0.0
18,add_57/aten.add.Tensor/Add,Subgraph,jit_avx2_f32,EXECUTED,0.020999999999999998,0.020999999999999998
18,native_layer_norm_4/aten.native_layer_norm.default/MVN,MVN,jit_avx2_f32,EXECUTED,0.016,0.016
18,native_layer_norm_4/aten.native_layer_norm.default/Add,Subgraph,jit_avx2_f32,EXECUTED,0.013,0.013
18,linear_18/aten.linear.default/Add,FullyConnected,brgemm_avx2_f32,EXECUTED,1.371,1.371
18,relu_19/aten.relu.default/Relu,Relu,undef,NOT_RUN,0.0,0.0
18,linear_19/aten.linear.default/Add,FullyConnected,gemm_mlas_f32,EXECUTED,1.443,1.443
18,add_58/aten.add.Tensor/Add,Subgraph,jit_avx2_f32,EXECUTED,0.025,0.025
18,native_layer_norm_5/aten.native_layer_norm.default/MVN,MVN,jit_avx2_f32,EXECUTED,0.022,0.022
18,add_59/aten.add.Tensor/Add,Subgraph,jit_avx2_f32,EXECUTED,0.030000000000000002,0.030000000000000002
18,linear_20/aten.linear.default/Add,FullyConnected,brgemm_avx2_f32,EXECUTED,0.283,0.283
18,Multiply_13582,Multiply,undef,NOT_RUN,0.0,0.0
18,view_104/aten.view.default/Reshape,Reshape,unknown_f32,NOT_RUN,0.0,0.0
18,permute_18/aten.permute.default/Transpose,Transpose,unknown_f32,EXECUTED,0.014,0.014
18,linear_21/aten.linear.default/Add,FullyConnected,gemm_mlas_f32,EXECUTED,0.28600000000000003,0.28600000000000003
18,view_105/aten.view.default/Reshape,Reshape,unknown_f32,NOT_RUN,0.0,0.0
18,Transpose_12191,Transpose,unknown_f32,EXECUTED,0.041,0.041
18,linear_22/aten.linear.default/Add,FullyConnected,gemm_mlas_f32,EXECUTED,0.266,0.266
18,view_106/aten.view.default/Reshape,Reshape,unknown_f32,NOT_RUN,0.0,0.0
18,permute_20/aten.permute.default/Transpose,Transpose,unknown_f32,EXECUTED,0.011,0.011
18,bmm_7/aten.bmm.default/MatMul,Subgraph,jit_avx2_f32,EXECUTED,0.40099999999999997,0.40099999999999997
18,permute_22/aten.permute.default/Transpose,Transpose,unknown_f32,EXECUTED,0.019,0.019
18,view_107/aten.view.default/Reshape,Reshape,unknown_f32,NOT_RUN,0.0,0.0
18,linear_23/aten.linear.default/Add,FullyConnected,gemm_mlas_f32,EXECUTED,0.319,0.319
18,view_108/aten.view.default/Reshape,Reshape,unknown_f32,NOT_RUN,0.0,0.0
18,add_60/aten.add.Tensor/Add,Subgraph,jit_avx2_f32,EXECUTED,0.019,0.019
18,native_layer_norm_6/aten.native_layer_norm.default/MVN,MVN,jit_avx2_f32,EXECUTED,0.017,0.017
18,native_layer_norm_6/aten.native_layer_norm.default/Add,Subgraph,jit_avx2_f32,EXECUTED,0.008,0.008
18,linear_24/aten.linear.default/Add,FullyConnected,brgemm_avx2_f32,EXECUTED,1.324,1.324
18,relu_20/aten.relu.default/Relu,Relu,undef,NOT_RUN,0.0,0.0
18,linear_25/aten.linear.default/Add,FullyConnected,gemm_mlas_f32,EXECUTED,1.426,1.426
18,add_61/aten.add.Tensor/Add,Subgraph,jit_avx2_f32,EXECUTED,0.025,0.025
18,native_layer_norm_7/aten.native_layer_norm.default/MVN,MVN,jit_avx2_f32,EXECUTED,0.019,0.019
18,add_65/aten.add.Tensor/Add,Subgraph,jit_avx2_f32,EXECUTED,0.027,0.027
18,linear_31/aten.linear.default/Add,FullyConnected,gemm_mlas_f32,EXECUTED,0.292,0.292
18,view_117/aten.view.default/Reshape,Reshape,unknown_f32,NOT_RUN,0.0,0.0
18,Transpose_12220,Transpose,unknown_f32,EXECUTED,0.048,0.048
18,linear_32/aten.linear.default/Add,FullyConnected,gemm_mlas_f32,EXECUTED,0.29300000000000004,0.29300000000000004
18,view_118/aten.view.default/Reshape,Reshape,unknown_f32,NOT_RUN,0.0,0.0
18,permute_30/aten.permute.default/Transpose,Transpose,unknown_f32,EXECUTED,0.011,0.011
18,bmm_11/aten.bmm.default/MatMul,Subgraph,jit_avx2_f32,EXECUTED,0.213,0.213
18,permute_32/aten.permute.default/Transpose,Transpose,unknown_f32,EXECUTED,0.009000000000000001,0.009000000000000001
18,view_119/aten.view.default/Reshape,Reshape,unknown_f32,NOT_RUN,0.0,0.0
18,linear_33/aten.linear.default/Add,FullyConnected,gemm_mlas_f32,EXECUTED,0.14400000000000002,0.14400000000000002
18,view_120/aten.view.default/Reshape,Reshape,unknown_f32,NOT_RUN,0.0,0.0
18,add_66/aten.add.Tensor/Add,Subgraph,jit_avx2_f32,EXECUTED,0.011,0.011
18,native_layer_norm_9/aten.native_layer_norm.default/MVN,MVN,jit_avx2_f32,EXECUTED,0.006,0.006
18,native_layer_norm_9/aten.native_layer_norm.default/Add,Subgraph,jit_avx2_f32,EXECUTED,0.005,0.005
18,linear_34/aten.linear.default/Add,FullyConnected,brgemm_avx2_f32,EXECUTED,0.51,0.51
18,relu_21/aten.relu.default/Relu,Relu,undef,NOT_RUN,0.0,0.0
18,linear_35/aten.linear.default/Add,FullyConnected,gemm_mlas_f32,EXECUTED,0.569,0.569
18,add_67/aten.add.Tensor/Add,Subgraph,jit_avx2_f32,EXECUTED,0.013,0.013
18,native_layer_norm_10/aten.native_layer_norm.default/MVN,MVN,jit_avx2_f32,EXECUTED,0.008,0.008
18,native_layer_norm_10/aten.native_layer_norm.default/Add,Subgraph,jit_avx2_f32,EXECUTED,0.003,0.003
18,native_layer_norm_11/aten.native_layer_norm.default/MVN,MVN,jit_avx2_f32,EXECUTED,0.006,0.006
18,native_layer_norm_11/aten.native_layer_norm.default/Add,Subgraph,jit_avx2_f32,EXECUTED,0.003,0.003
18,permute_33/aten.permute.default/Transpose,Reshape,unknown_f32,NOT_RUN,0.0,0.0
18,linear_36/aten.linear.default/Add,FullyConnected,gemm_mlas_f32,EXECUTED,0.011,0.011
18,Result_6085,Result,unknown_f32,NOT_RUN,0.0,0.0
19,state,Parameter,unknown_f32,NOT_RUN,0.0,0.0
19,linear_1/aten.linear.default/Add,FullyConnected,gemm_mlas_f32,EXECUTED,0.034999999999999996,0.034999999999999996
19,wrist_image,Parameter,unknown_f32,NOT_RUN,0.0,0.0
19,wrist_image_abcd_acdb_mul_2/aten.mul.Tensor/Multiply,Reorder,jit_uni_f32,EXECUTED,0.242,0.242
19,mul_2/aten.mul.Tensor/Multiply,Convolution,brgconv_avx2_f32,EXECUTED,2.041,2.041
19,relu/aten.relu.default/Relu,Relu,undef,NOT_RUN,0.0,0.0
19,max_pool2d_with_indices/aten.max_pool2d_with_indices.default/MaxPool,MaxPool,jit_avx2_f32,EXECUTED,0.35100000000000003,0.35100000000000003
19,mul_5/aten.mul.Tensor/Multiply,Convolution,brgconv_avx2_f32,EXECUTED,1.9020000000000001,1.9020000000000001
19,relu_1/aten.relu.default/Relu,Relu,undef,NOT_RUN,0.0,0.0
19,mul_8/aten.mul.Tensor/Multiply,Convolution,brgconv_avx2_f32,EXECUTED,1.88,1.88
19,add_6/aten.add.Tensor/Add,Add,undef,NOT_RUN,0.0,0.0
19,relu_2/aten.relu.default/Relu,Relu,undef,NOT_RUN,0.0,0.0
19,mul_11/aten.mul.Tensor/Multiply,Convolution,brgconv_avx2_f32,EXECUTED,1.938,1.938
19,relu_3/aten.relu.default/Relu,Relu,undef,NOT_RUN,0.0,0.0
19,mul_14/aten.mul.Tensor/Multiply,Convolution,brgconv_avx2_f32,EXECUTED,1.914,1.914
19,add_11/aten.add.Tensor/Add,Add,undef,NOT_RUN,0.0,0.0
19,relu_4/aten.relu.default/Relu,Relu,undef,NOT_RUN,0.0,0.0
19,mul_17/aten.mul.Tensor/Multiply,Convolution,brgconv_avx2_f32,EXECUTED,1.049,1.049
19,relu_5/aten.relu.default/Relu,Relu,undef,NOT_RUN,0.0,0.0
19,mul_23/aten.mul.Tensor/Multiply,Convolution,brgconv_avx2_1x1_f32,EXECUTED,0.212,0.212
19,mul_20/aten.mul.Tensor/Multiply,Convolution,brgconv_avx2_f32,EXECUTED,1.8090000000000002,1.8090000000000002
19,add_18/aten.add.Tensor/Add,Add,undef,NOT_RUN,0.0,0.0
19,relu_6/aten.relu.default/Relu,Relu,undef,NOT_RUN,0.0,0.0
19,mul_26/aten.mul.Tensor/Multiply,Convolution,brgconv_avx2_f32,EXECUTED,1.8090000000000002,1.8090000000000002
19,relu_7/aten.relu.default/Relu,Relu,undef,NOT_RUN,0.0,0.0
19,mul_29/aten.mul.Tensor/Multiply,Convolution,brgconv_avx2_f32,EXECUTED,1.841,1.841
19,add_23/aten.add.Tensor/Add,Add,undef,NOT_RUN,0.0,0.0
19,relu_8/aten.relu.default/Relu,Relu,undef,NOT_RUN,0.0,0.0
19,mul_32/aten.mul.Tensor/Multiply,Convolution,brgconv_avx2_f32,EXECUTED,1.062,1.062
19,relu_9/aten.relu.default/Relu,Relu,undef,NOT_RUN,0.0,0.0
19,mul_38/aten.mul.Tensor/Multiply,Convolution,brgconv_avx2_1x1_f32,EXECUTED,0.231,0.231
19,mul_35/aten.mul.Tensor/Multiply,Convolution,brgconv_avx2_f32,EXECUTED,1.812,1.812
19,add_30/aten.add.Tensor/Add,Add,undef,NOT_RUN,0.0,0.0
19,relu_10/aten.relu.default/Relu,Relu,undef,NOT_RUN,0.0,0.0
19,mul_41/aten.mul.Tensor/Multiply,Convolution,brgconv_avx2_f32,EXECUTED,1.874,1.874
19,relu_11/aten.relu.default/Relu,Relu,undef,NOT_RUN,0.0,0.0
19,mul_44/aten.mul.Tensor/Multiply,Convolution,brgconv_avx2_f32,EXECUTED,1.95,1.95
19,add_35/aten.add.Tensor/Add,Add,undef,NOT_RUN,0.0,0.0
19,relu_12/aten.relu.default/Relu,Relu,undef,NOT_RUN,0.0,0.0
19,mul_47/aten.mul.Tensor/Multiply,Convolution,brgconv_avx2_f32,EXECUTED,1.1039999999999999,1.1039999999999999
19,relu_13/aten.relu.default/Relu,Relu,undef,NOT_RUN,0.0,0.0
19,mul_53/aten.mul.Tensor/Multiply,Convolution,brgconv_avx2_1x1_f32,EXECUTED,0.264,0.264
19,mul_50/aten.mul.Tensor/Multiply,Convolution,brgconv_avx2_f32,EXECUTED,1.868,1.868
19,add_42/aten.add.Tensor/Add,Add,undef,NOT_RUN,0.0,0.0
19,relu_14/aten.relu.default/Relu,Relu,undef,NOT_RUN,0.0,0.0
19,mul_56/aten.mul.Tensor/Multiply,Convolution,brgconv_avx2_f32,EXECUTED,1.841,1.841
19,relu_15/aten.relu.default/Relu,Relu,undef,NOT_RUN,0.0,0.0
19,mul_59/aten.mul.Tensor/Multiply,Convolution,brgconv_avx2_f32,EXECUTED,1.84,1.84
19,add_47/aten.add.Tensor/Add,Add,undef,NOT_RUN,0.0,0.0
19,relu_16/aten.relu.default/Relu,Relu,undef,NOT_RUN,0.0,0.0
19,convolution_20/aten.convolution.default/Convolution,Convolution,brgconv_avx2_1x1_f32,EXECUTED,0.382,0.382
19,permute_1/aten.permute.default/Transpose,Transpose,unknown_f32,EXECUTED,0.041,0.041
19,permute_1/aten.permute.default/Transpose_acdb_abcd_view_82/aten.view.default/Reshape,Reorder,reorder_f32,EXECUTED,0.028,0.028
19,view_82/aten.view.default/Reshape,Reshape,unknown_f32,NOT_RUN,0.0,0.0
19,select_5/aten.select.int/Gather,Gather,unknown_f32,NOT_RUN,0.0,0.0
19,select_6/aten.select.int/Gather,Gather,unknown_f32,NOT_RUN,0.0,0.0
19,select_7/aten.select.int/Gather,Gather,unknown_f32,NOT_RUN,0.0,0.0
19,select_8/aten.select.int/Gather,Gather,unknown_f32,NOT_RUN,0.0,0.0
19,select_9/aten.select.int/Gather,Gather,unknown_f32,NOT_RUN,0.0,0.0
19,select_10/aten.select.int/Gather,Gather,unknown_f32,NOT_RUN,0.0,0.0
19,select_11/aten.select.int/Gather,Gather,unknown_f32,NOT_RUN,0.0,0.0
19,select_12/aten.select.int/Gather,Gather,unknown_f32,NOT_RUN,0.0,0.0
19,select_13/aten.select.int/Gather,Gather,unknown_f32,NOT_RUN,0.0,0.0
19,select_14/aten.select.int/Gather,Gather,unknown_f32,NOT_RUN,0.0,0.0
19,select_15/aten.select.int/Gather,Gather,unknown_f32,NOT_RUN,0.0,0.0
19,select_16/aten.select.int/Gather,Gather,unknown_f32,NOT_RUN,0.0,0.0
19,select_17/aten.select.int/Gather,Gather,unknown_f32,NOT_RUN,0.0,0.0
19,select_18/aten.select.int/Gather,Gather,unknown_f32,NOT_RUN,0.0,0.0
19,select_19/aten.select.int/Gather,Gather,unknown_f32,NOT_RUN,0.0,0.0
19,select_20/aten.select.int/Gather,Gather,unknown_f32,NOT_RUN,0.0,0.0
19,select_21/aten.select.int/Gather,Gather,unknown_f32,NOT_RUN,0.0,0.0
19,select_22/aten.select.int/Gather,Gather,unknown_f32,NOT_RUN,0.0,0.0
19,select_23/aten.select.int/Gather,Gather,unknown_f32,NOT_RUN,0.0,0.0
19,select_24/aten.select.int/Gather,Gather,unknown_f32,NOT_RUN,0.0,0.0
19,select_25/aten.select.int/Gather,Gather,unknown_f32,NOT_RUN,0.0,0.0
19,select_26/aten.select.int/Gather,Gather,unknown_f32,NOT_RUN,0.0,0.0
19,select_27/aten.select.int/Gather,Gather,unknown_f32,NOT_RUN,0.0,0.0
19,select_28/aten.select.int/Gather,Gather,unknown_f32,NOT_RUN,0.0,0.0
19,select_29/aten.select.int/Gather,Gather,unknown_f32,NOT_RUN,0.0,0.0
19,select_30/aten.select.int/Gather,Gather,unknown_f32,NOT_RUN,0.0,0.0
19,select_31/aten.select.int/Gather,Gather,unknown_f32,NOT_RUN,0.0,0.0
19,select_32/aten.select.int/Gather,Gather,unknown_f32,NOT_RUN,0.0,0.0
19,select_33/aten.select.int/Gather,Gather,unknown_f32,NOT_RUN,0.0,0.0
19,select_34/aten.select.int/Gather,Gather,unknown_f32,NOT_RUN,0.0,0.0
19,select_35/aten.select.int/Gather,Gather,unknown_f32,NOT_RUN,0.0,0.0
19,select_36/aten.select.int/Gather,Gather,unknown_f32,NOT_RUN,0.0,0.0
19,select_37/aten.select.int/Gather,Gather,unknown_f32,NOT_RUN,0.0,0.0
19,select_38/aten.select.int/Gather,Gather,unknown_f32,NOT_RUN,0.0,0.0
19,select_39/aten.select.int/Gather,Gather,unknown_f32,NOT_RUN,0.0,0.0
19,select_40/aten.select.int/Gather,Gather,unknown_f32,NOT_RUN,0.0,0.0
19,select_41/aten.select.int/Gather,Gather,unknown_f32,NOT_RUN,0.0,0.0
19,select_42/aten.select.int/Gather,Gather,unknown_f32,NOT_RUN,0.0,0.0
19,select_43/aten.select.int/Gather,Gather,unknown_f32,NOT_RUN,0.0,0.0
19,select_44/aten.select.int/Gather,Gather,unknown_f32,NOT_RUN,0.0,0.0
19,select_45/aten.select.int/Gather,Gather,unknown_f32,NOT_RUN,0.0,0.0
19,select_46/aten.select.int/Gather,Gather,unknown_f32,NOT_RUN,0.0,0.0
19,select_47/aten.select.int/Gather,Gather,unknown_f32,NOT_RUN,0.0,0.0
19,select_48/aten.select.int/Gather,Gather,unknown_f32,NOT_RUN,0.0,0.0
19,select_49/aten.select.int/Gather,Gather,unknown_f32,NOT_RUN,0.0,0.0
19,select_50/aten.select.int/Gather,Gather,unknown_f32,NOT_RUN,0.0,0.0
19,select_51/aten.select.int/Gather,Gather,unknown_f32,NOT_RUN,0.0,0.0
19,select_52/aten.select.int/Gather,Gather,unknown_f32,NOT_RUN,0.0,0.0
19,select_53/aten.select.int/Gather,Gather,unknown_f32,NOT_RUN,0.0,0.0
19,select_54/aten.select.int/Gather,Gather,unknown_f32,NOT_RUN,0.0,0.0
19,select_55/aten.select.int/Gather,Gather,unknown_f32,NOT_RUN,0.0,0.0
19,select_56/aten.select.int/Gather,Gather,unknown_f32,NOT_RUN,0.0,0.0
19,select_57/aten.select.int/Gather,Gather,unknown_f32,NOT_RUN,0.0,0.0
19,select_58/aten.select.int/Gather,Gather,unknown_f32,NOT_RUN,0.0,0.0
19,select_59/aten.select.int/Gather,Gather,unknown_f32,NOT_RUN,0.0,0.0
19,select_60/aten.select.int/Gather,Gather,unknown_f32,NOT_RUN,0.0,0.0
19,select_61/aten.select.int/Gather,Gather,unknown_f32,NOT_RUN,0.0,0.0
19,select_62/aten.select.int/Gather,Gather,unknown_f32,NOT_RUN,0.0,0.0
19,select_63/aten.select.int/Gather,Gather,unknown_f32,NOT_RUN,0.0,0.0
19,select_64/aten.select.int/Gather,Gather,unknown_f32,NOT_RUN,0.0,0.0
19,select_65/aten.select.int/Gather,Gather,unknown_f32,NOT_RUN,0.0,0.0
19,select_66/aten.select.int/Gather,Gather,unknown_f32,NOT_RUN,0.0,0.0
19,select_67/aten.select.int/Gather,Gather,unknown_f32,NOT_RUN,0.0,0.0
19,select_68/aten.select.int/Gather,Gather,unknown_f32,NOT_RUN,0.0,0.0
19,select_69/aten.select.int/Gather,Gather,unknown_f32,NOT_RUN,0.0,0.0
19,select_70/aten.select.int/Gather,Gather,unknown_f32,NOT_RUN,0.0,0.0
19,select_71/aten.select.int/Gather,Gather,unknown_f32,NOT_RUN,0.0,0.0
19,select_72/aten.select.int/Gather,Gather,unknown_f32,NOT_RUN,0.0,0.0
19,select_73/aten.select.int/Gather,Gather,unknown_f32,NOT_RUN,0.0,0.0
19,select_74/aten.select.int/Gather,Gather,unknown_f32,NOT_RUN,0.0,0.0
19,select_75/aten.select.int/Gather,Gather,unknown_f32,NOT_RUN,0.0,0.0
19,select_76/aten.select.int/Gather,Gather,unknown_f32,NOT_RUN,0.0,0.0
19,select_77/aten.select.int/Gather,Gather,unknown_f32,NOT_RUN,0.0,0.0
19,select_78/aten.select.int/Gather,Gather,unknown_f32,NOT_RUN,0.0,0.0
19,select_79/aten.select.int/Gather,Gather,unknown_f32,NOT_RUN,0.0,0.0
19,select_80/aten.select.int/Gather,Gather,unknown_f32,NOT_RUN,0.0,0.0
19,select_81/aten.select.int/Gather,Gather,unknown_f32,NOT_RUN,0.0,0.0
19,select_82/aten.select.int/Gather,Gather,unknown_f32,NOT_RUN,0.0,0.0
19,select_83/aten.select.int/Gather,Gather,unknown_f32,NOT_RUN,0.0,0.0
19,select_84/aten.select.int/Gather,Gather,unknown_f32,NOT_RUN,0.0,0.0
19,select_85/aten.select.int/Gather,Gather,unknown_f32,NOT_RUN,0.0,0.0
19,select_86/aten.select.int/Gather,Gather,unknown_f32,NOT_RUN,0.0,0.0
19,select_87/aten.select.int/Gather,Gather,unknown_f32,NOT_RUN,0.0,0.0
19,select_88/aten.select.int/Gather,Gather,unknown_f32,NOT_RUN,0.0,0.0
19,select_89/aten.select.int/Gather,Gather,unknown_f32,NOT_RUN,0.0,0.0
19,select_90/aten.select.int/Gather,Gather,unknown_f32,NOT_RUN,0.0,0.0
19,select_91/aten.select.int/Gather,Gather,unknown_f32,NOT_RUN,0.0,0.0
19,select_92/aten.select.int/Gather,Gather,unknown_f32,NOT_RUN,0.0,0.0
19,select_93/aten.select.int/Gather,Gather,unknown_f32,NOT_RUN,0.0,0.0
19,select_94/aten.select.int/Gather,Gather,unknown_f32,NOT_RUN,0.0,0.0
19,select_95/aten.select.int/Gather,Gather,unknown_f32,NOT_RUN,0.0,0.0
19,select_96/aten.select.int/Gather,Gather,unknown_f32,NOT_RUN,0.0,0.0
19,select_97/aten.select.int/Gather,Gather,unknown_f32,NOT_RUN,0.0,0.0
19,select_98/aten.select.int/Gather,Gather,unknown_f32,NOT_RUN,0.0,0.0
19,select_99/aten.select.int/Gather,Gather,unknown_f32,NOT_RUN,0.0,0.0
19,select_100/aten.select.int/Gather,Gather,unknown_f32,NOT_RUN,0.0,0.0
19,select_101/aten.select.int/Gather,Gather,unknown_f32,NOT_RUN,0.0,0.0
19,select_102/aten.select.int/Gather,Gather,unknown_f32,NOT_RUN,0.0,0.0
19,select_103/aten.select.int/Gather,Gather,unknown_f32,NOT_RUN,0.0,0.0
19,select_104/aten.select.int/Gather,Gather,unknown_f32,NOT_RUN,0.0,0.0
19,select_105/aten.select.int/Gather,Gather,unknown_f32,NOT_RUN,0.0,0.0
19,select_106/aten.select.int/Gather,Gather,unknown_f32,NOT_RUN,0.0,0.0
19,select_107/aten.select.int/Gather,Gather,unknown_f32,NOT_RUN,0.0,0.0
19,select_108/aten.select.int/Gather,Gather,unknown_f32,NOT_RUN,0.0,0.0
19,select_109/aten.select.int/Gather,Gather,unknown_f32,NOT_RUN,0.0,0.0
19,select_110/aten.select.int/Gather,Gather,unknown_f32,NOT_RUN,0.0,0.0
19,select_111/aten.select.int/Gather,Gather,unknown_f32,NOT_RUN,0.0,0.0
19,select_112/aten.select.int/Gather,Gather,unknown_f32,NOT_RUN,0.0,0.0
19,select_113/aten.select.int/Gather,Gather,unknown_f32,NOT_RUN,0.0,0.0
19,select_114/aten.select.int/Gather,Gather,unknown_f32,NOT_RUN,0.0,0.0
19,select_115/aten.select.int/Gather,Gather,unknown_f32,NOT_RUN,0.0,0.0
19,select_116/aten.select.int/Gather,Gather,unknown_f32,NOT_RUN,0.0,0.0
19,select_117/aten.select.int/Gather,Gather,unknown_f32,NOT_RUN,0.0,0.0
19,select_118/aten.select.int/Gather,Gather,unknown_f32,NOT_RUN,0.0,0.0
19,select_119/aten.select.int/Gather,Gather,unknown_f32,NOT_RUN,0.0,0.0
19,select_120/aten.select.int/Gather,Gather,unknown_f32,NOT_RUN,0.0,0.0
19,select_121/aten.select.int/Gather,Gather,unknown_f32,NOT_RUN,0.0,0.0
19,select_122/aten.select.int/Gather,Gather,unknown_f32,NOT_RUN,0.0,0.0
19,select_123/aten.select.int/Gather,Gather,unknown_f32,NOT_RUN,0.0,0.0
19,select_124/aten.select.int/Gather,Gather,unknown_f32,NOT_RUN,0.0,0.0
19,select_125/aten.select.int/Gather,Gather,unknown_f32,NOT_RUN,0.0,0.0
19,select_126/aten.select.int/Gather,Gather,unknown_f32,NOT_RUN,0.0,0.0
19,select_127/aten.select.int/Gather,Gather,unknown_f32,NOT_RUN,0.0,0.0
19,select_128/aten.select.int/Gather,Gather,unknown_f32,NOT_RUN,0.0,0.0
19,select_129/aten.select.int/Gather,Gather,unknown_f32,NOT_RUN,0.0,0.0
19,select_130/aten.select.int/Gather,Gather,unknown_f32,NOT_RUN,0.0,0.0
19,select_131/aten.select.int/Gather,Gather,unknown_f32,NOT_RUN,0.0,0.0
19,select_132/aten.select.int/Gather,Gather,unknown_f32,NOT_RUN,0.0,0.0
19,select_133/aten.select.int/Gather,Gather,unknown_f32,NOT_RUN,0.0,0.0
19,select_134/aten.select.int/Gather,Gather,unknown_f32,NOT_RUN,0.0,0.0
19,select_135/aten.select.int/Gather,Gather,unknown_f32,NOT_RUN,0.0,0.0
19,select_136/aten.select.int/Gather,Gather,unknown_f32,NOT_RUN,0.0,0.0
19,select_137/aten.select.int/Gather,Gather,unknown_f32,NOT_RUN,0.0,0.0
19,select_138/aten.select.int/Gather,Gather,unknown_f32,NOT_RUN,0.0,0.0
19,select_139/aten.select.int/Gather,Gather,unknown_f32,NOT_RUN,0.0,0.0
19,select_140/aten.select.int/Gather,Gather,unknown_f32,NOT_RUN,0.0,0.0
19,select_141/aten.select.int/Gather,Gather,unknown_f32,NOT_RUN,0.0,0.0
19,select_142/aten.select.int/Gather,Gather,unknown_f32,NOT_RUN,0.0,0.0
19,select_143/aten.select.int/Gather,Gather,unknown_f32,NOT_RUN,0.0,0.0
19,select_144/aten.select.int/Gather,Gather,unknown_f32,NOT_RUN,0.0,0.0
19,select_145/aten.select.int/Gather,Gather,unknown_f32,NOT_RUN,0.0,0.0
19,select_146/aten.select.int/Gather,Gather,unknown_f32,NOT_RUN,0.0,0.0
19,select_147/aten.select.int/Gather,Gather,unknown_f32,NOT_RUN,0.0,0.0
19,select_148/aten.select.int/Gather,Gather,unknown_f32,NOT_RUN,0.0,0.0
19,select_149/aten.select.int/Gather,Gather,unknown_f32,NOT_RUN,0.0,0.0
19,select_150/aten.select.int/Gather,Gather,unknown_f32,NOT_RUN,0.0,0.0
19,select_151/aten.select.int/Gather,Gather,unknown_f32,NOT_RUN,0.0,0.0
19,select_152/aten.select.int/Gather,Gather,unknown_f32,NOT_RUN,0.0,0.0
19,select_153/aten.select.int/Gather,Gather,unknown_f32,NOT_RUN,0.0,0.0
19,select_154/aten.select.int/Gather,Gather,unknown_f32,NOT_RUN,0.0,0.0
19,select_155/aten.select.int/Gather,Gather,unknown_f32,NOT_RUN,0.0,0.0
19,select_156/aten.select.int/Gather,Gather,unknown_f32,NOT_RUN,0.0,0.0
19,select_157/aten.select.int/Gather,Gather,unknown_f32,NOT_RUN,0.0,0.0
19,select_158/aten.select.int/Gather,Gather,unknown_f32,NOT_RUN,0.0,0.0
19,select_159/aten.select.int/Gather,Gather,unknown_f32,NOT_RUN,0.0,0.0
19,select_160/aten.select.int/Gather,Gather,unknown_f32,NOT_RUN,0.0,0.0
19,select_161/aten.select.int/Gather,Gather,unknown_f32,NOT_RUN,0.0,0.0
19,select_162/aten.select.int/Gather,Gather,unknown_f32,NOT_RUN,0.0,0.0
19,select_163/aten.select.int/Gather,Gather,unknown_f32,NOT_RUN,0.0,0.0
19,select_164/aten.select.int/Gather,Gather,unknown_f32,NOT_RUN,0.0,0.0
19,select_165/aten.select.int/Gather,Gather,unknown_f32,NOT_RUN,0.0,0.0
19,select_166/aten.select.int/Gather,Gather,unknown_f32,NOT_RUN,0.0,0.0
19,select_167/aten.select.int/Gather,Gather,unknown_f32,NOT_RUN,0.0,0.0
19,select_168/aten.select.int/Gather,Gather,unknown_f32,NOT_RUN,0.0,0.0
19,select_169/aten.select.int/Gather,Gather,unknown_f32,NOT_RUN,0.0,0.0
19,select_170/aten.select.int/Gather,Gather,unknown_f32,NOT_RUN,0.0,0.0
19,select_171/aten.select.int/Gather,Gather,unknown_f32,NOT_RUN,0.0,0.0
19,select_172/aten.select.int/Gather,Gather,unknown_f32,NOT_RUN,0.0,0.0
19,select_173/aten.select.int/Gather,Gather,unknown_f32,NOT_RUN,0.0,0.0
19,select_174/aten.select.int/Gather,Gather,unknown_f32,NOT_RUN,0.0,0.0
19,select_175/aten.select.int/Gather,Gather,unknown_f32,NOT_RUN,0.0,0.0
19,select_176/aten.select.int/Gather,Gather,unknown_f32,NOT_RUN,0.0,0.0
19,select_177/aten.select.int/Gather,Gather,unknown_f32,NOT_RUN,0.0,0.0
19,select_178/aten.select.int/Gather,Gather,unknown_f32,NOT_RUN,0.0,0.0
19,select_179/aten.select.int/Gather,Gather,unknown_f32,NOT_RUN,0.0,0.0
19,select_180/aten.select.int/Gather,Gather,unknown_f32,NOT_RUN,0.0,0.0
19,select_181/aten.select.int/Gather,Gather,unknown_f32,NOT_RUN,0.0,0.0
19,select_182/aten.select.int/Gather,Gather,unknown_f32,NOT_RUN,0.0,0.0
19,select_183/aten.select.int/Gather,Gather,unknown_f32,NOT_RUN,0.0,0.0
19,select_184/aten.select.int/Gather,Gather,unknown_f32,NOT_RUN,0.0,0.0
19,select_185/aten.select.int/Gather,Gather,unknown_f32,NOT_RUN,0.0,0.0
19,select_186/aten.select.int/Gather,Gather,unknown_f32,NOT_RUN,0.0,0.0
19,select_187/aten.select.int/Gather,Gather,unknown_f32,NOT_RUN,0.0,0.0
19,select_188/aten.select.int/Gather,Gather,unknown_f32,NOT_RUN,0.0,0.0
19,select_189/aten.select.int/Gather,Gather,unknown_f32,NOT_RUN,0.0,0.0
19,select_190/aten.select.int/Gather,Gather,unknown_f32,NOT_RUN,0.0,0.0
19,select_191/aten.select.int/Gather,Gather,unknown_f32,NOT_RUN,0.0,0.0
19,select_192/aten.select.int/Gather,Gather,unknown_f32,NOT_RUN,0.0,0.0
19,select_193/aten.select.int/Gather,Gather,unknown_f32,NOT_RUN,0.0,0.0
19,select_194/aten.select.int/Gather,Gather,unknown_f32,NOT_RUN,0.0,0.0
19,select_195/aten.select.int/Gather,Gather,unknown_f32,NOT_RUN,0.0,0.0
19,select_196/aten.select.int/Gather,Gather,unknown_f32,NOT_RUN,0.0,0.0
19,select_197/aten.select.int/Gather,Gather,unknown_f32,NOT_RUN,0.0,0.0
19,select_198/aten.select.int/Gather,Gather,unknown_f32,NOT_RUN,0.0,0.0
19,select_199/aten.select.int/Gather,Gather,unknown_f32,NOT_RUN,0.0,0.0
19,select_200/aten.select.int/Gather,Gather,unknown_f32,NOT_RUN,0.0,0.0
19,select_201/aten.select.int/Gather,Gather,unknown_f32,NOT_RUN,0.0,0.0
19,select_202/aten.select.int/Gather,Gather,unknown_f32,NOT_RUN,0.0,0.0
19,select_203/aten.select.int/Gather,Gather,unknown_f32,NOT_RUN,0.0,0.0
19,select_204/aten.select.int/Gather,Gather,unknown_f32,NOT_RUN,0.0,0.0
19,select_205/aten.select.int/Gather,Gather,unknown_f32,NOT_RUN,0.0,0.0
19,select_206/aten.select.int/Gather,Gather,unknown_f32,NOT_RUN,0.0,0.0
19,select_207/aten.select.int/Gather,Gather,unknown_f32,NOT_RUN,0.0,0.0
19,select_208/aten.select.int/Gather,Gather,unknown_f32,NOT_RUN,0.0,0.0
19,select_209/aten.select.int/Gather,Gather,unknown_f32,NOT_RUN,0.0,0.0
19,select_210/aten.select.int/Gather,Gather,unknown_f32,NOT_RUN,0.0,0.0
19,select_211/aten.select.int/Gather,Gather,unknown_f32,NOT_RUN,0.0,0.0
19,select_212/aten.select.int/Gather,Gather,unknown_f32,NOT_RUN,0.0,0.0
19,select_213/aten.select.int/Gather,Gather,unknown_f32,NOT_RUN,0.0,0.0
19,select_214/aten.select.int/Gather,Gather,unknown_f32,NOT_RUN,0.0,0.0
19,select_215/aten.select.int/Gather,Gather,unknown_f32,NOT_RUN,0.0,0.0
19,select_216/aten.select.int/Gather,Gather,unknown_f32,NOT_RUN,0.0,0.0
19,select_217/aten.select.int/Gather,Gather,unknown_f32,NOT_RUN,0.0,0.0
19,select_218/aten.select.int/Gather,Gather,unknown_f32,NOT_RUN,0.0,0.0
19,select_219/aten.select.int/Gather,Gather,unknown_f32,NOT_RUN,0.0,0.0
19,select_220/aten.select.int/Gather,Gather,unknown_f32,NOT_RUN,0.0,0.0
19,select_221/aten.select.int/Gather,Gather,unknown_f32,NOT_RUN,0.0,0.0
19,select_222/aten.select.int/Gather,Gather,unknown_f32,NOT_RUN,0.0,0.0
19,select_223/aten.select.int/Gather,Gather,unknown_f32,NOT_RUN,0.0,0.0
19,select_224/aten.select.int/Gather,Gather,unknown_f32,NOT_RUN,0.0,0.0
19,select_225/aten.select.int/Gather,Gather,unknown_f32,NOT_RUN,0.0,0.0
19,select_226/aten.select.int/Gather,Gather,unknown_f32,NOT_RUN,0.0,0.0
19,select_227/aten.select.int/Gather,Gather,unknown_f32,NOT_RUN,0.0,0.0
19,select_228/aten.select.int/Gather,Gather,unknown_f32,NOT_RUN,0.0,0.0
19,select_229/aten.select.int/Gather,Gather,unknown_f32,NOT_RUN,0.0,0.0
19,select_230/aten.select.int/Gather,Gather,unknown_f32,NOT_RUN,0.0,0.0
19,select_231/aten.select.int/Gather,Gather,unknown_f32,NOT_RUN,0.0,0.0
19,select_232/aten.select.int/Gather,Gather,unknown_f32,NOT_RUN,0.0,0.0
19,select_233/aten.select.int/Gather,Gather,unknown_f32,NOT_RUN,0.0,0.0
19,select_234/aten.select.int/Gather,Gather,unknown_f32,NOT_RUN,0.0,0.0
19,select_235/aten.select.int/Gather,Gather,unknown_f32,NOT_RUN,0.0,0.0
19,select_236/aten.select.int/Gather,Gather,unknown_f32,NOT_RUN,0.0,0.0
19,select_237/aten.select.int/Gather,Gather,unknown_f32,NOT_RUN,0.0,0.0
19,select_238/aten.select.int/Gather,Gather,unknown_f32,NOT_RUN,0.0,0.0
19,select_239/aten.select.int/Gather,Gather,unknown_f32,NOT_RUN,0.0,0.0
19,select_240/aten.select.int/Gather,Gather,unknown_f32,NOT_RUN,0.0,0.0
19,select_241/aten.select.int/Gather,Gather,unknown_f32,NOT_RUN,0.0,0.0
19,select_242/aten.select.int/Gather,Gather,unknown_f32,NOT_RUN,0.0,0.0
19,select_243/aten.select.int/Gather,Gather,unknown_f32,NOT_RUN,0.0,0.0
19,select_244/aten.select.int/Gather,Gather,unknown_f32,NOT_RUN,0.0,0.0
19,select_245/aten.select.int/Gather,Gather,unknown_f32,NOT_RUN,0.0,0.0
19,select_246/aten.select.int/Gather,Gather,unknown_f32,NOT_RUN,0.0,0.0
19,select_247/aten.select.int/Gather,Gather,unknown_f32,NOT_RUN,0.0,0.0
19,select_248/aten.select.int/Gather,Gather,unknown_f32,NOT_RUN,0.0,0.0
19,select_249/aten.select.int/Gather,Gather,unknown_f32,NOT_RUN,0.0,0.0
19,select_250/aten.select.int/Gather,Gather,unknown_f32,NOT_RUN,0.0,0.0
19,select_251/aten.select.int/Gather,Gather,unknown_f32,NOT_RUN,0.0,0.0
19,select_252/aten.select.int/Gather,Gather,unknown_f32,NOT_RUN,0.0,0.0
19,select_253/aten.select.int/Gather,Gather,unknown_f32,NOT_RUN,0.0,0.0
19,select_254/aten.select.int/Gather,Gather,unknown_f32,NOT_RUN,0.0,0.0
19,select_255/aten.select.int/Gather,Gather,unknown_f32,NOT_RUN,0.0,0.0
19,select_256/aten.select.int/Gather,Gather,unknown_f32,NOT_RUN,0.0,0.0
19,select_257/aten.select.int/Gather,Gather,unknown_f32,NOT_RUN,0.0,0.0
19,select_258/aten.select.int/Gather,Gather,unknown_f32,NOT_RUN,0.0,0.0
19,select_259/aten.select.int/Gather,Gather,unknown_f32,NOT_RUN,0.0,0.0
19,select_260/aten.select.int/Gather,Gather,unknown_f32,NOT_RUN,0.0,0.0
19,select_261/aten.select.int/Gather,Gather,unknown_f32,NOT_RUN,0.0,0.0
19,select_262/aten.select.int/Gather,Gather,unknown_f32,NOT_RUN,0.0,0.0
19,select_263/aten.select.int/Gather,Gather,unknown_f32,NOT_RUN,0.0,0.0
19,select_264/aten.select.int/Gather,Gather,unknown_f32,NOT_RUN,0.0,0.0
19,select_265/aten.select.int/Gather,Gather,unknown_f32,NOT_RUN,0.0,0.0
19,select_266/aten.select.int/Gather,Gather,unknown_f32,NOT_RUN,0.0,0.0
19,select_267/aten.select.int/Gather,Gather,unknown_f32,NOT_RUN,0.0,0.0
19,select_268/aten.select.int/Gather,Gather,unknown_f32,NOT_RUN,0.0,0.0
19,select_269/aten.select.int/Gather,Gather,unknown_f32,NOT_RUN,0.0,0.0
19,select_270/aten.select.int/Gather,Gather,unknown_f32,NOT_RUN,0.0,0.0
19,select_271/aten.select.int/Gather,Gather,unknown_f32,NOT_RUN,0.0,0.0
19,select_272/aten.select.int/Gather,Gather,unknown_f32,NOT_RUN,0.0,0.0
19,select_273/aten.select.int/Gather,Gather,unknown_f32,NOT_RUN,0.0,0.0
19,select_274/aten.select.int/Gather,Gather,unknown_f32,NOT_RUN,0.0,0.0
19,select_275/aten.select.int/Gather,Gather,unknown_f32,NOT_RUN,0.0,0.0
19,select_276/aten.select.int/Gather,Gather,unknown_f32,NOT_RUN,0.0,0.0
19,select_277/aten.select.int/Gather,Gather,unknown_f32,NOT_RUN,0.0,0.0
19,select_278/aten.select.int/Gather,Gather,unknown_f32,NOT_RUN,0.0,0.0
19,select_279/aten.select.int/Gather,Gather,unknown_f32,NOT_RUN,0.0,0.0
19,select_280/aten.select.int/Gather,Gather,unknown_f32,NOT_RUN,0.0,0.0
19,select_281/aten.select.int/Gather,Gather,unknown_f32,NOT_RUN,0.0,0.0
19,select_282/aten.select.int/Gather,Gather,unknown_f32,NOT_RUN,0.0,0.0
19,select_283/aten.select.int/Gather,Gather,unknown_f32,NOT_RUN,0.0,0.0
19,select_284/aten.select.int/Gather,Gather,unknown_f32,NOT_RUN,0.0,0.0
19,select_285/aten.select.int/Gather,Gather,unknown_f32,NOT_RUN,0.0,0.0
19,select_286/aten.select.int/Gather,Gather,unknown_f32,NOT_RUN,0.0,0.0
19,select_287/aten.select.int/Gather,Gather,unknown_f32,NOT_RUN,0.0,0.0
19,select_288/aten.select.int/Gather,Gather,unknown_f32,NOT_RUN,0.0,0.0
19,select_289/aten.select.int/Gather,Gather,unknown_f32,NOT_RUN,0.0,0.0
19,select_290/aten.select.int/Gather,Gather,unknown_f32,NOT_RUN,0.0,0.0
19,select_291/aten.select.int/Gather,Gather,unknown_f32,NOT_RUN,0.0,0.0
19,select_292/aten.select.int/Gather,Gather,unknown_f32,NOT_RUN,0.0,0.0
19,select_293/aten.select.int/Gather,Gather,unknown_f32,NOT_RUN,0.0,0.0
19,select_294/aten.select.int/Gather,Gather,unknown_f32,NOT_RUN,0.0,0.0
19,select_295/aten.select.int/Gather,Gather,unknown_f32,NOT_RUN,0.0,0.0
19,select_296/aten.select.int/Gather,Gather,unknown_f32,NOT_RUN,0.0,0.0
19,select_297/aten.select.int/Gather,Gather,unknown_f32,NOT_RUN,0.0,0.0
19,select_298/aten.select.int/Gather,Gather,unknown_f32,NOT_RUN,0.0,0.0
19,select_299/aten.select.int/Gather,Gather,unknown_f32,NOT_RUN,0.0,0.0
19,select_300/aten.select.int/Gather,Gather,unknown_f32,NOT_RUN,0.0,0.0
19,select_301/aten.select.int/Gather,Gather,unknown_f32,NOT_RUN,0.0,0.0
19,select_302/aten.select.int/Gather,Gather,unknown_f32,NOT_RUN,0.0,0.0
19,select_303/aten.select.int/Gather,Gather,unknown_f32,NOT_RUN,0.0,0.0
19,select_304/aten.select.int/Gather,Gather,unknown_f32,NOT_RUN,0.0,0.0
19,cat_3/aten.cat.default/Concat,Concat,ref_f32,EXECUTED,0.064,0.064
19,view_84/aten.view.default/Reshape,Reshape,unknown_f32,NOT_RUN,0.0,0.0
19,add_50/aten.add.Tensor/Add,Subgraph,jit_avx2_f32,EXECUTED,0.022,0.022
19,linear_2/aten.linear.default/Add,FullyConnected,brgemm_avx2_f32,EXECUTED,0.301,0.301
19,Multiply_13576,Multiply,undef,NOT_RUN,0.0,0.0
19,view_86/aten.view.default/Reshape,Reshape,unknown_f32,NOT_RUN,0.0,0.0
19,permute_3/aten.permute.default/Transpose,Transpose,unknown_f32,EXECUTED,0.022,0.022
19,linear_3/aten.linear.default/Add,FullyConnected,gemm_mlas_f32,EXECUTED,0.348,0.348
19,view_87/aten.view.default/Reshape,Reshape,unknown_f32,NOT_RUN,0.0,0.0
19,Transpose_12104,Transpose,unknown_f32,EXECUTED,0.055,0.055
19,linear_4/aten.linear.default/Add,FullyConnected,gemm_mlas_f32,EXECUTED,0.328,0.328
19,view_88/aten.view.default/Reshape,Reshape,unknown_f32,NOT_RUN,0.0,0.0
19,permute_5/aten.permute.default/Transpose,Transpose,unknown_f32,EXECUTED,0.016,0.016
19,bmm_1/aten.bmm.default/MatMul,Subgraph,jit_avx2_f32,EXECUTED,0.451,0.451
19,permute_7/aten.permute.default/Transpose,Transpose,unknown_f32,EXECUTED,0.027,0.027
19,view_89/aten.view.default/Reshape,Reshape,unknown_f32,NOT_RUN,0.0,0.0
19,linear_5/aten.linear.default/Add,FullyConnected,gemm_mlas_f32,EXECUTED,0.36200000000000004,0.36200000000000004
19,view_90/aten.view.default/Reshape,Reshape,unknown_f32,NOT_RUN,0.0,0.0
19,add_51/aten.add.Tensor/Add,Subgraph,jit_avx2_f32,EXECUTED,0.024,0.024
19,native_layer_norm/aten.native_layer_norm.default/MVN,MVN,jit_avx2_f32,EXECUTED,0.02,0.02
19,native_layer_norm/aten.native_layer_norm.default/Add,Subgraph,jit_avx2_f32,EXECUTED,0.017,0.017
19,linear_6/aten.linear.default/Add,FullyConnected,brgemm_avx2_f32,EXECUTED,1.426,1.426
19,relu_17/aten.relu.default/Relu,Relu,undef,NOT_RUN,0.0,0.0
19,linear_7/aten.linear.default/Add,FullyConnected,gemm_mlas_f32,EXECUTED,1.4760000000000002,1.4760000000000002
19,add_52/aten.add.Tensor/Add,Subgraph,jit_avx2_f32,EXECUTED,0.026,0.026
19,native_layer_norm_1/aten.native_layer_norm.default/MVN,MVN,jit_avx2_f32,EXECUTED,0.020999999999999998,0.020999999999999998
19,add_53/aten.add.Tensor/Add,Subgraph,jit_avx2_f32,EXECUTED,0.032,0.032
19,linear_8/aten.linear.default/Add,FullyConnected,brgemm_avx2_f32,EXECUTED,0.294,0.294
19,Multiply_13578,Multiply,undef,NOT_RUN,0.0,0.0
19,view_92/aten.view.default/Reshape,Reshape,unknown_f32,NOT_RUN,0.0,0.0
19,permute_8/aten.permute.default/Transpose,Transpose,unknown_f32,EXECUTED,0.017,0.017
19,linear_9/aten.linear.default/Add,FullyConnected,gemm_mlas_f32,EXECUTED,0.26899999999999996,0.26899999999999996
19,view_93/aten.view.default/Reshape,Reshape,unknown_f32,NOT_RUN,0.0,0.0
19,Transpose_12133,Transpose,unknown_f32,EXECUTED,0.041,0.041
19,linear_10/aten.linear.default/Add,FullyConnected,gemm_mlas_f32,EXECUTED,0.26699999999999996,0.26699999999999996
19,view_94/aten.view.default/Reshape,Reshape,unknown_f32,NOT_RUN,0.0,0.0
19,permute_10/aten.permute.default/Transpose,Transpose,unknown_f32,EXECUTED,0.012,0.012
19,bmm_3/aten.bmm.default/MatMul,Subgraph,jit_avx2_f32,EXECUTED,0.38,0.38
19,permute_12/aten.permute.default/Transpose,Transpose,unknown_f32,EXECUTED,0.022,0.022
19,view_95/aten.view.default/Reshape,Reshape,unknown_f32,NOT_RUN,0.0,0.0
19,linear_11/aten.linear.default/Add,FullyConnected,gemm_mlas_f32,EXECUTED,0.29,0.29
19,view_96/aten.view.default/Reshape,Reshape,unknown_f32,NOT_RUN,0.0,0.0
19,add_54/aten.add.Tensor/Add,Subgraph,jit_avx2_f32,EXECUTED,0.015000000000000001,0.015000000000000001
19,native_layer_norm_2/aten.native_layer_norm.default/MVN,MVN,jit_avx2_f32,EXECUTED,0.013,0.013
19,native_layer_norm_2/aten.native_layer_norm.default/Add,Subgraph,jit_avx2_f32,EXECUTED,0.006,0.006
19,linear_12/aten.linear.default/Add,FullyConnected,brgemm_avx2_f32,EXECUTED,1.2910000000000001,1.2910000000000001
19,relu_18/aten.relu.default/Relu,Relu,undef,NOT_RUN,0.0,0.0
19,linear_13/aten.linear.default/Add,FullyConnected,gemm_mlas_f32,EXECUTED,1.452,1.452
19,add_55/aten.add.Tensor/Add,Subgraph,jit_avx2_f32,EXECUTED,0.027,0.027
19,native_layer_norm_3/aten.native_layer_norm.default/MVN,MVN,jit_avx2_f32,EXECUTED,0.02,0.02
19,add_56/aten.add.Tensor/Add,Subgraph,jit_avx2_f32,EXECUTED,0.029,0.029
19,linear_14/aten.linear.default/Add,FullyConnected,brgemm_avx2_f32,EXECUTED,0.272,0.272
19,Multiply_13580,Multiply,undef,NOT_RUN,0.0,0.0
19,view_98/aten.view.default/Reshape,Reshape,unknown_f32,NOT_RUN,0.0,0.0
19,permute_13/aten.permute.default/Transpose,Transpose,unknown_f32,EXECUTED,0.017,0.017
19,linear_15/aten.linear.default/Add,FullyConnected,gemm_mlas_f32,EXECUTED,0.31,0.31
19,view_99/aten.view.default/Reshape,Reshape,unknown_f32,NOT_RUN,0.0,0.0
19,Transpose_12162,Transpose,unknown_f32,EXECUTED,0.048,0.048
19,linear_16/aten.linear.default/Add,FullyConnected,gemm_mlas_f32,EXECUTED,0.275,0.275
19,view_100/aten.view.default/Reshape,Reshape,unknown_f32,NOT_RUN,0.0,0.0
19,permute_15/aten.permute.default/Transpose,Transpose,unknown_f32,EXECUTED,0.012,0.012
19,bmm_5/aten.bmm.default/MatMul,Subgraph,jit_avx2_f32,EXECUTED,0.422,0.422
19,permute_17/aten.permute.default/Transpose,Transpose,unknown_f32,EXECUTED,0.026,0.026
19,view_101/aten.view.default/Reshape,Reshape,unknown_f32,NOT_RUN,0.0,0.0
19,linear_17/aten.linear.default/Add,FullyConnected,gemm_mlas_f32,EXECUTED,0.33599999999999997,0.33599999999999997
19,view_102/aten.view.default/Reshape,Reshape,unknown_f32,NOT_RUN,0.0,0.0
19,add_57/aten.add.Tensor/Add,Subgraph,jit_avx2_f32,EXECUTED,0.020999999999999998,0.020999999999999998
19,native_layer_norm_4/aten.native_layer_norm.default/MVN,MVN,jit_avx2_f32,EXECUTED,0.016,0.016
19,native_layer_norm_4/aten.native_layer_norm.default/Add,Subgraph,jit_avx2_f32,EXECUTED,0.014,0.014
19,linear_18/aten.linear.default/Add,FullyConnected,brgemm_avx2_f32,EXECUTED,1.413,1.413
19,relu_19/aten.relu.default/Relu,Relu,undef,NOT_RUN,0.0,0.0
19,linear_19/aten.linear.default/Add,FullyConnected,gemm_mlas_f32,EXECUTED,1.4649999999999999,1.4649999999999999
19,add_58/aten.add.Tensor/Add,Subgraph,jit_avx2_f32,EXECUTED,0.026,0.026
19,native_layer_norm_5/aten.native_layer_norm.default/MVN,MVN,jit_avx2_f32,EXECUTED,0.023,0.023
19,add_59/aten.add.Tensor/Add,Subgraph,jit_avx2_f32,EXECUTED,0.032,0.032
19,linear_20/aten.linear.default/Add,FullyConnected,brgemm_avx2_f32,EXECUTED,0.283,0.283
19,Multiply_13582,Multiply,undef,NOT_RUN,0.0,0.0
19,view_104/aten.view.default/Reshape,Reshape,unknown_f32,NOT_RUN,0.0,0.0
19,permute_18/aten.permute.default/Transpose,Transpose,unknown_f32,EXECUTED,0.014,0.014
19,linear_21/aten.linear.default/Add,FullyConnected,gemm_mlas_f32,EXECUTED,0.28400000000000003,0.28400000000000003
19,view_105/aten.view.default/Reshape,Reshape,unknown_f32,NOT_RUN,0.0,0.0
19,Transpose_12191,Transpose,unknown_f32,EXECUTED,0.04,0.04
19,linear_22/aten.linear.default/Add,FullyConnected,gemm_mlas_f32,EXECUTED,0.265,0.265
19,view_106/aten.view.default/Reshape,Reshape,unknown_f32,NOT_RUN,0.0,0.0
19,permute_20/aten.permute.default/Transpose,Transpose,unknown_f32,EXECUTED,0.011,0.011
19,bmm_7/aten.bmm.default/MatMul,Subgraph,jit_avx2_f32,EXECUTED,0.399,0.399
19,permute_22/aten.permute.default/Transpose,Transpose,unknown_f32,EXECUTED,0.019,0.019
19,view_107/aten.view.default/Reshape,Reshape,unknown_f32,NOT_RUN,0.0,0.0
19,linear_23/aten.linear.default/Add,FullyConnected,gemm_mlas_f32,EXECUTED,0.319,0.319
19,view_108/aten.view.default/Reshape,Reshape,unknown_f32,NOT_RUN,0.0,0.0
19,add_60/aten.add.Tensor/Add,Subgraph,jit_avx2_f32,EXECUTED,0.019,0.019
19,native_layer_norm_6/aten.native_layer_norm.default/MVN,MVN,jit_avx2_f32,EXECUTED,0.017,0.017
19,native_layer_norm_6/aten.native_layer_norm.default/Add,Subgraph,jit_avx2_f32,EXECUTED,0.009000000000000001,0.009000000000000001
19,linear_24/aten.linear.default/Add,FullyConnected,brgemm_avx2_f32,EXECUTED,1.3259999999999998,1.3259999999999998
19,relu_20/aten.relu.default/Relu,Relu,undef,NOT_RUN,0.0,0.0
19,linear_25/aten.linear.default/Add,FullyConnected,gemm_mlas_f32,EXECUTED,1.424,1.424
19,add_61/aten.add.Tensor/Add,Subgraph,jit_avx2_f32,EXECUTED,0.025,0.025
19,native_layer_norm_7/aten.native_layer_norm.default/MVN,MVN,jit_avx2_f32,EXECUTED,0.019,0.019
19,add_65/aten.add.Tensor/Add,Subgraph,jit_avx2_f32,EXECUTED,0.027,0.027
19,linear_31/aten.linear.default/Add,FullyConnected,gemm_mlas_f32,EXECUTED,0.29,0.29
19,view_117/aten.view.default/Reshape,Reshape,unknown_f32,NOT_RUN,0.0,0.0
19,Transpose_12220,Transpose,unknown_f32,EXECUTED,0.047,0.047
19,linear_32/aten.linear.default/Add,FullyConnected,gemm_mlas_f32,EXECUTED,0.29100000000000004,0.29100000000000004
19,view_118/aten.view.default/Reshape,Reshape,unknown_f32,NOT_RUN,0.0,0.0
19,permute_30/aten.permute.default/Transpose,Transpose,unknown_f32,EXECUTED,0.011,0.011
19,bmm_11/aten.bmm.default/MatMul,Subgraph,jit_avx2_f32,EXECUTED,0.21000000000000002,0.21000000000000002
19,permute_32/aten.permute.default/Transpose,Transpose,unknown_f32,EXECUTED,0.008,0.008
19,view_119/aten.view.default/Reshape,Reshape,unknown_f32,NOT_RUN,0.0,0.0
19,linear_33/aten.linear.default/Add,FullyConnected,gemm_mlas_f32,EXECUTED,0.14100000000000001,0.14100000000000001
19,view_120/aten.view.default/Reshape,Reshape,unknown_f32,NOT_RUN,0.0,0.0
19,add_66/aten.add.Tensor/Add,Subgraph,jit_avx2_f32,EXECUTED,0.011,0.011
19,native_layer_norm_9/aten.native_layer_norm.default/MVN,MVN,jit_avx2_f32,EXECUTED,0.006,0.006
19,native_layer_norm_9/aten.native_layer_norm.default/Add,Subgraph,jit_avx2_f32,EXECUTED,0.005,0.005
19,linear_34/aten.linear.default/Add,FullyConnected,brgemm_avx2_f32,EXECUTED,0.508,0.508
19,relu_21/aten.relu.default/Relu,Relu,undef,NOT_RUN,0.0,0.0
19,linear_35/aten.linear.default/Add,FullyConnected,gemm_mlas_f32,EXECUTED,0.566,0.566
19,add_67/aten.add.Tensor/Add,Subgraph,jit_avx2_f32,EXECUTED,0.013,0.013
19,native_layer_norm_10/aten.native_layer_norm.default/MVN,MVN,jit_avx2_f32,EXECUTED,0.008,0.008
19,native_layer_norm_10/aten.native_layer_norm.default/Add,Subgraph,jit_avx2_f32,EXECUTED,0.003,0.003
19,native_layer_norm_11/aten.native_layer_norm.default/MVN,MVN,jit_avx2_f32,EXECUTED,0.006,0.006
19,native_layer_norm_11/aten.native_layer_norm.default/Add,Subgraph,jit_avx2_f32,EXECUTED,0.003,0.003
19,permute_33/aten.permute.default/Transpose,Reshape,unknown_f32,NOT_RUN,0.0,0.0
19,linear_36/aten.linear.default/Add,FullyConnected,gemm_mlas_f32,EXECUTED,0.011,0.011
19,Result_6085,Result,unknown_f32,NOT_RUN,0.0,0.0
20,state,Parameter,unknown_f32,NOT_RUN,0.0,0.0
20,linear_1/aten.linear.default/Add,FullyConnected,gemm_mlas_f32,EXECUTED,0.034,0.034
20,wrist_image,Parameter,unknown_f32,NOT_RUN,0.0,0.0
20,wrist_image_abcd_acdb_mul_2/aten.mul.Tensor/Multiply,Reorder,jit_uni_f32,EXECUTED,0.243,0.243
20,mul_2/aten.mul.Tensor/Multiply,Convolution,brgconv_avx2_f32,EXECUTED,2.045,2.045
20,relu/aten.relu.default/Relu,Relu,undef,NOT_RUN,0.0,0.0
20,max_pool2d_with_indices/aten.max_pool2d_with_indices.default/MaxPool,MaxPool,jit_avx2_f32,EXECUTED,0.36000000000000004,0.36000000000000004
20,mul_5/aten.mul.Tensor/Multiply,Convolution,brgconv_avx2_f32,EXECUTED,1.907,1.907
20,relu_1/aten.relu.default/Relu,Relu,undef,NOT_RUN,0.0,0.0
20,mul_8/aten.mul.Tensor/Multiply,Convolution,brgconv_avx2_f32,EXECUTED,1.888,1.888
20,add_6/aten.add.Tensor/Add,Add,undef,NOT_RUN,0.0,0.0
20,relu_2/aten.relu.default/Relu,Relu,undef,NOT_RUN,0.0,0.0
20,mul_11/aten.mul.Tensor/Multiply,Convolution,brgconv_avx2_f32,EXECUTED,1.936,1.936
20,relu_3/aten.relu.default/Relu,Relu,undef,NOT_RUN,0.0,0.0
20,mul_14/aten.mul.Tensor/Multiply,Convolution,brgconv_avx2_f32,EXECUTED,1.9120000000000001,1.9120000000000001
20,add_11/aten.add.Tensor/Add,Add,undef,NOT_RUN,0.0,0.0
20,relu_4/aten.relu.default/Relu,Relu,undef,NOT_RUN,0.0,0.0
20,mul_17/aten.mul.Tensor/Multiply,Convolution,brgconv_avx2_f32,EXECUTED,1.049,1.049
20,relu_5/aten.relu.default/Relu,Relu,undef,NOT_RUN,0.0,0.0
20,mul_23/aten.mul.Tensor/Multiply,Convolution,brgconv_avx2_1x1_f32,EXECUTED,0.211,0.211
20,mul_20/aten.mul.Tensor/Multiply,Convolution,brgconv_avx2_f32,EXECUTED,1.8079999999999998,1.8079999999999998
20,add_18/aten.add.Tensor/Add,Add,undef,NOT_RUN,0.0,0.0
20,relu_6/aten.relu.default/Relu,Relu,undef,NOT_RUN,0.0,0.0
20,mul_26/aten.mul.Tensor/Multiply,Convolution,brgconv_avx2_f32,EXECUTED,1.8190000000000002,1.8190000000000002
20,relu_7/aten.relu.default/Relu,Relu,undef,NOT_RUN,0.0,0.0
20,mul_29/aten.mul.Tensor/Multiply,Convolution,brgconv_avx2_f32,EXECUTED,1.85,1.85
20,add_23/aten.add.Tensor/Add,Add,undef,NOT_RUN,0.0,0.0
20,relu_8/aten.relu.default/Relu,Relu,undef,NOT_RUN,0.0,0.0
20,mul_32/aten.mul.Tensor/Multiply,Convolution,brgconv_avx2_f32,EXECUTED,1.066,1.066
20,relu_9/aten.relu.default/Relu,Relu,undef,NOT_RUN,0.0,0.0
20,mul_38/aten.mul.Tensor/Multiply,Convolution,brgconv_avx2_1x1_f32,EXECUTED,0.23,0.23
20,mul_35/aten.mul.Tensor/Multiply,Convolution,brgconv_avx2_f32,EXECUTED,1.8370000000000002,1.8370000000000002
20,add_30/aten.add.Tensor/Add,Add,undef,NOT_RUN,0.0,0.0
20,relu_10/aten.relu.default/Relu,Relu,undef,NOT_RUN,0.0,0.0
20,mul_41/aten.mul.Tensor/Multiply,Convolution,brgconv_avx2_f32,EXECUTED,1.88,1.88
20,relu_11/aten.relu.default/Relu,Relu,undef,NOT_RUN,0.0,0.0
20,mul_44/aten.mul.Tensor/Multiply,Convolution,brgconv_avx2_f32,EXECUTED,1.9469999999999998,1.9469999999999998
20,add_35/aten.add.Tensor/Add,Add,undef,NOT_RUN,0.0,0.0
20,relu_12/aten.relu.default/Relu,Relu,undef,NOT_RUN,0.0,0.0
20,mul_47/aten.mul.Tensor/Multiply,Convolution,brgconv_avx2_f32,EXECUTED,1.1039999999999999,1.1039999999999999
20,relu_13/aten.relu.default/Relu,Relu,undef,NOT_RUN,0.0,0.0
20,mul_53/aten.mul.Tensor/Multiply,Convolution,brgconv_avx2_1x1_f32,EXECUTED,0.265,0.265
20,mul_50/aten.mul.Tensor/Multiply,Convolution,brgconv_avx2_f32,EXECUTED,1.8619999999999999,1.8619999999999999
20,add_42/aten.add.Tensor/Add,Add,undef,NOT_RUN,0.0,0.0
20,relu_14/aten.relu.default/Relu,Relu,undef,NOT_RUN,0.0,0.0
20,mul_56/aten.mul.Tensor/Multiply,Convolution,brgconv_avx2_f32,EXECUTED,1.842,1.842
20,relu_15/aten.relu.default/Relu,Relu,undef,NOT_RUN,0.0,0.0
20,mul_59/aten.mul.Tensor/Multiply,Convolution,brgconv_avx2_f32,EXECUTED,1.841,1.841
20,add_47/aten.add.Tensor/Add,Add,undef,NOT_RUN,0.0,0.0
20,relu_16/aten.relu.default/Relu,Relu,undef,NOT_RUN,0.0,0.0
20,convolution_20/aten.convolution.default/Convolution,Convolution,brgconv_avx2_1x1_f32,EXECUTED,0.382,0.382
20,permute_1/aten.permute.default/Transpose,Transpose,unknown_f32,EXECUTED,0.04,0.04
20,permute_1/aten.permute.default/Transpose_acdb_abcd_view_82/aten.view.default/Reshape,Reorder,reorder_f32,EXECUTED,0.028,0.028
20,view_82/aten.view.default/Reshape,Reshape,unknown_f32,NOT_RUN,0.0,0.0
20,select_5/aten.select.int/Gather,Gather,unknown_f32,NOT_RUN,0.0,0.0
20,select_6/aten.select.int/Gather,Gather,unknown_f32,NOT_RUN,0.0,0.0
20,select_7/aten.select.int/Gather,Gather,unknown_f32,NOT_RUN,0.0,0.0
20,select_8/aten.select.int/Gather,Gather,unknown_f32,NOT_RUN,0.0,0.0
20,select_9/aten.select.int/Gather,Gather,unknown_f32,NOT_RUN,0.0,0.0
20,select_10/aten.select.int/Gather,Gather,unknown_f32,NOT_RUN,0.0,0.0
20,select_11/aten.select.int/Gather,Gather,unknown_f32,NOT_RUN,0.0,0.0
20,select_12/aten.select.int/Gather,Gather,unknown_f32,NOT_RUN,0.0,0.0
20,select_13/aten.select.int/Gather,Gather,unknown_f32,NOT_RUN,0.0,0.0
20,select_14/aten.select.int/Gather,Gather,unknown_f32,NOT_RUN,0.0,0.0
20,select_15/aten.select.int/Gather,Gather,unknown_f32,NOT_RUN,0.0,0.0
20,select_16/aten.select.int/Gather,Gather,unknown_f32,NOT_RUN,0.0,0.0
20,select_17/aten.select.int/Gather,Gather,unknown_f32,NOT_RUN,0.0,0.0
20,select_18/aten.select.int/Gather,Gather,unknown_f32,NOT_RUN,0.0,0.0
20,select_19/aten.select.int/Gather,Gather,unknown_f32,NOT_RUN,0.0,0.0
20,select_20/aten.select.int/Gather,Gather,unknown_f32,NOT_RUN,0.0,0.0
20,select_21/aten.select.int/Gather,Gather,unknown_f32,NOT_RUN,0.0,0.0
20,select_22/aten.select.int/Gather,Gather,unknown_f32,NOT_RUN,0.0,0.0
20,select_23/aten.select.int/Gather,Gather,unknown_f32,NOT_RUN,0.0,0.0
20,select_24/aten.select.int/Gather,Gather,unknown_f32,NOT_RUN,0.0,0.0
20,select_25/aten.select.int/Gather,Gather,unknown_f32,NOT_RUN,0.0,0.0
20,select_26/aten.select.int/Gather,Gather,unknown_f32,NOT_RUN,0.0,0.0
20,select_27/aten.select.int/Gather,Gather,unknown_f32,NOT_RUN,0.0,0.0
20,select_28/aten.select.int/Gather,Gather,unknown_f32,NOT_RUN,0.0,0.0
20,select_29/aten.select.int/Gather,Gather,unknown_f32,NOT_RUN,0.0,0.0
20,select_30/aten.select.int/Gather,Gather,unknown_f32,NOT_RUN,0.0,0.0
20,select_31/aten.select.int/Gather,Gather,unknown_f32,NOT_RUN,0.0,0.0
20,select_32/aten.select.int/Gather,Gather,unknown_f32,NOT_RUN,0.0,0.0
20,select_33/aten.select.int/Gather,Gather,unknown_f32,NOT_RUN,0.0,0.0
20,select_34/aten.select.int/Gather,Gather,unknown_f32,NOT_RUN,0.0,0.0
20,select_35/aten.select.int/Gather,Gather,unknown_f32,NOT_RUN,0.0,0.0
20,select_36/aten.select.int/Gather,Gather,unknown_f32,NOT_RUN,0.0,0.0
20,select_37/aten.select.int/Gather,Gather,unknown_f32,NOT_RUN,0.0,0.0
20,select_38/aten.select.int/Gather,Gather,unknown_f32,NOT_RUN,0.0,0.0
20,select_39/aten.select.int/Gather,Gather,unknown_f32,NOT_RUN,0.0,0.0
20,select_40/aten.select.int/Gather,Gather,unknown_f32,NOT_RUN,0.0,0.0
20,select_41/aten.select.int/Gather,Gather,unknown_f32,NOT_RUN,0.0,0.0
20,select_42/aten.select.int/Gather,Gather,unknown_f32,NOT_RUN,0.0,0.0
20,select_43/aten.select.int/Gather,Gather,unknown_f32,NOT_RUN,0.0,0.0
20,select_44/aten.select.int/Gather,Gather,unknown_f32,NOT_RUN,0.0,0.0
20,select_45/aten.select.int/Gather,Gather,unknown_f32,NOT_RUN,0.0,0.0
20,select_46/aten.select.int/Gather,Gather,unknown_f32,NOT_RUN,0.0,0.0
20,select_47/aten.select.int/Gather,Gather,unknown_f32,NOT_RUN,0.0,0.0
20,select_48/aten.select.int/Gather,Gather,unknown_f32,NOT_RUN,0.0,0.0
20,select_49/aten.select.int/Gather,Gather,unknown_f32,NOT_RUN,0.0,0.0
20,select_50/aten.select.int/Gather,Gather,unknown_f32,NOT_RUN,0.0,0.0
20,select_51/aten.select.int/Gather,Gather,unknown_f32,NOT_RUN,0.0,0.0
20,select_52/aten.select.int/Gather,Gather,unknown_f32,NOT_RUN,0.0,0.0
20,select_53/aten.select.int/Gather,Gather,unknown_f32,NOT_RUN,0.0,0.0
20,select_54/aten.select.int/Gather,Gather,unknown_f32,NOT_RUN,0.0,0.0
20,select_55/aten.select.int/Gather,Gather,unknown_f32,NOT_RUN,0.0,0.0
20,select_56/aten.select.int/Gather,Gather,unknown_f32,NOT_RUN,0.0,0.0
20,select_57/aten.select.int/Gather,Gather,unknown_f32,NOT_RUN,0.0,0.0
20,select_58/aten.select.int/Gather,Gather,unknown_f32,NOT_RUN,0.0,0.0
20,select_59/aten.select.int/Gather,Gather,unknown_f32,NOT_RUN,0.0,0.0
20,select_60/aten.select.int/Gather,Gather,unknown_f32,NOT_RUN,0.0,0.0
20,select_61/aten.select.int/Gather,Gather,unknown_f32,NOT_RUN,0.0,0.0
20,select_62/aten.select.int/Gather,Gather,unknown_f32,NOT_RUN,0.0,0.0
20,select_63/aten.select.int/Gather,Gather,unknown_f32,NOT_RUN,0.0,0.0
20,select_64/aten.select.int/Gather,Gather,unknown_f32,NOT_RUN,0.0,0.0
20,select_65/aten.select.int/Gather,Gather,unknown_f32,NOT_RUN,0.0,0.0
20,select_66/aten.select.int/Gather,Gather,unknown_f32,NOT_RUN,0.0,0.0
20,select_67/aten.select.int/Gather,Gather,unknown_f32,NOT_RUN,0.0,0.0
20,select_68/aten.select.int/Gather,Gather,unknown_f32,NOT_RUN,0.0,0.0
20,select_69/aten.select.int/Gather,Gather,unknown_f32,NOT_RUN,0.0,0.0
20,select_70/aten.select.int/Gather,Gather,unknown_f32,NOT_RUN,0.0,0.0
20,select_71/aten.select.int/Gather,Gather,unknown_f32,NOT_RUN,0.0,0.0
20,select_72/aten.select.int/Gather,Gather,unknown_f32,NOT_RUN,0.0,0.0
20,select_73/aten.select.int/Gather,Gather,unknown_f32,NOT_RUN,0.0,0.0
20,select_74/aten.select.int/Gather,Gather,unknown_f32,NOT_RUN,0.0,0.0
20,select_75/aten.select.int/Gather,Gather,unknown_f32,NOT_RUN,0.0,0.0
20,select_76/aten.select.int/Gather,Gather,unknown_f32,NOT_RUN,0.0,0.0
20,select_77/aten.select.int/Gather,Gather,unknown_f32,NOT_RUN,0.0,0.0
20,select_78/aten.select.int/Gather,Gather,unknown_f32,NOT_RUN,0.0,0.0
20,select_79/aten.select.int/Gather,Gather,unknown_f32,NOT_RUN,0.0,0.0
20,select_80/aten.select.int/Gather,Gather,unknown_f32,NOT_RUN,0.0,0.0
20,select_81/aten.select.int/Gather,Gather,unknown_f32,NOT_RUN,0.0,0.0
20,select_82/aten.select.int/Gather,Gather,unknown_f32,NOT_RUN,0.0,0.0
20,select_83/aten.select.int/Gather,Gather,unknown_f32,NOT_RUN,0.0,0.0
20,select_84/aten.select.int/Gather,Gather,unknown_f32,NOT_RUN,0.0,0.0
20,select_85/aten.select.int/Gather,Gather,unknown_f32,NOT_RUN,0.0,0.0
20,select_86/aten.select.int/Gather,Gather,unknown_f32,NOT_RUN,0.0,0.0
20,select_87/aten.select.int/Gather,Gather,unknown_f32,NOT_RUN,0.0,0.0
20,select_88/aten.select.int/Gather,Gather,unknown_f32,NOT_RUN,0.0,0.0
20,select_89/aten.select.int/Gather,Gather,unknown_f32,NOT_RUN,0.0,0.0
20,select_90/aten.select.int/Gather,Gather,unknown_f32,NOT_RUN,0.0,0.0
20,select_91/aten.select.int/Gather,Gather,unknown_f32,NOT_RUN,0.0,0.0
20,select_92/aten.select.int/Gather,Gather,unknown_f32,NOT_RUN,0.0,0.0
20,select_93/aten.select.int/Gather,Gather,unknown_f32,NOT_RUN,0.0,0.0
20,select_94/aten.select.int/Gather,Gather,unknown_f32,NOT_RUN,0.0,0.0
20,select_95/aten.select.int/Gather,Gather,unknown_f32,NOT_RUN,0.0,0.0
20,select_96/aten.select.int/Gather,Gather,unknown_f32,NOT_RUN,0.0,0.0
20,select_97/aten.select.int/Gather,Gather,unknown_f32,NOT_RUN,0.0,0.0
20,select_98/aten.select.int/Gather,Gather,unknown_f32,NOT_RUN,0.0,0.0
20,select_99/aten.select.int/Gather,Gather,unknown_f32,NOT_RUN,0.0,0.0
20,select_100/aten.select.int/Gather,Gather,unknown_f32,NOT_RUN,0.0,0.0
20,select_101/aten.select.int/Gather,Gather,unknown_f32,NOT_RUN,0.0,0.0
20,select_102/aten.select.int/Gather,Gather,unknown_f32,NOT_RUN,0.0,0.0
20,select_103/aten.select.int/Gather,Gather,unknown_f32,NOT_RUN,0.0,0.0
20,select_104/aten.select.int/Gather,Gather,unknown_f32,NOT_RUN,0.0,0.0
20,select_105/aten.select.int/Gather,Gather,unknown_f32,NOT_RUN,0.0,0.0
20,select_106/aten.select.int/Gather,Gather,unknown_f32,NOT_RUN,0.0,0.0
20,select_107/aten.select.int/Gather,Gather,unknown_f32,NOT_RUN,0.0,0.0
20,select_108/aten.select.int/Gather,Gather,unknown_f32,NOT_RUN,0.0,0.0
20,select_109/aten.select.int/Gather,Gather,unknown_f32,NOT_RUN,0.0,0.0
20,select_110/aten.select.int/Gather,Gather,unknown_f32,NOT_RUN,0.0,0.0
20,select_111/aten.select.int/Gather,Gather,unknown_f32,NOT_RUN,0.0,0.0
20,select_112/aten.select.int/Gather,Gather,unknown_f32,NOT_RUN,0.0,0.0
20,select_113/aten.select.int/Gather,Gather,unknown_f32,NOT_RUN,0.0,0.0
20,select_114/aten.select.int/Gather,Gather,unknown_f32,NOT_RUN,0.0,0.0
20,select_115/aten.select.int/Gather,Gather,unknown_f32,NOT_RUN,0.0,0.0
20,select_116/aten.select.int/Gather,Gather,unknown_f32,NOT_RUN,0.0,0.0
20,select_117/aten.select.int/Gather,Gather,unknown_f32,NOT_RUN,0.0,0.0
20,select_118/aten.select.int/Gather,Gather,unknown_f32,NOT_RUN,0.0,0.0
20,select_119/aten.select.int/Gather,Gather,unknown_f32,NOT_RUN,0.0,0.0
20,select_120/aten.select.int/Gather,Gather,unknown_f32,NOT_RUN,0.0,0.0
20,select_121/aten.select.int/Gather,Gather,unknown_f32,NOT_RUN,0.0,0.0
20,select_122/aten.select.int/Gather,Gather,unknown_f32,NOT_RUN,0.0,0.0
20,select_123/aten.select.int/Gather,Gather,unknown_f32,NOT_RUN,0.0,0.0
20,select_124/aten.select.int/Gather,Gather,unknown_f32,NOT_RUN,0.0,0.0
20,select_125/aten.select.int/Gather,Gather,unknown_f32,NOT_RUN,0.0,0.0
20,select_126/aten.select.int/Gather,Gather,unknown_f32,NOT_RUN,0.0,0.0
20,select_127/aten.select.int/Gather,Gather,unknown_f32,NOT_RUN,0.0,0.0
20,select_128/aten.select.int/Gather,Gather,unknown_f32,NOT_RUN,0.0,0.0
20,select_129/aten.select.int/Gather,Gather,unknown_f32,NOT_RUN,0.0,0.0
20,select_130/aten.select.int/Gather,Gather,unknown_f32,NOT_RUN,0.0,0.0
20,select_131/aten.select.int/Gather,Gather,unknown_f32,NOT_RUN,0.0,0.0
20,select_132/aten.select.int/Gather,Gather,unknown_f32,NOT_RUN,0.0,0.0
20,select_133/aten.select.int/Gather,Gather,unknown_f32,NOT_RUN,0.0,0.0
20,select_134/aten.select.int/Gather,Gather,unknown_f32,NOT_RUN,0.0,0.0
20,select_135/aten.select.int/Gather,Gather,unknown_f32,NOT_RUN,0.0,0.0
20,select_136/aten.select.int/Gather,Gather,unknown_f32,NOT_RUN,0.0,0.0
20,select_137/aten.select.int/Gather,Gather,unknown_f32,NOT_RUN,0.0,0.0
20,select_138/aten.select.int/Gather,Gather,unknown_f32,NOT_RUN,0.0,0.0
20,select_139/aten.select.int/Gather,Gather,unknown_f32,NOT_RUN,0.0,0.0
20,select_140/aten.select.int/Gather,Gather,unknown_f32,NOT_RUN,0.0,0.0
20,select_141/aten.select.int/Gather,Gather,unknown_f32,NOT_RUN,0.0,0.0
20,select_142/aten.select.int/Gather,Gather,unknown_f32,NOT_RUN,0.0,0.0
20,select_143/aten.select.int/Gather,Gather,unknown_f32,NOT_RUN,0.0,0.0
20,select_144/aten.select.int/Gather,Gather,unknown_f32,NOT_RUN,0.0,0.0
20,select_145/aten.select.int/Gather,Gather,unknown_f32,NOT_RUN,0.0,0.0
20,select_146/aten.select.int/Gather,Gather,unknown_f32,NOT_RUN,0.0,0.0
20,select_147/aten.select.int/Gather,Gather,unknown_f32,NOT_RUN,0.0,0.0
20,select_148/aten.select.int/Gather,Gather,unknown_f32,NOT_RUN,0.0,0.0
20,select_149/aten.select.int/Gather,Gather,unknown_f32,NOT_RUN,0.0,0.0
20,select_150/aten.select.int/Gather,Gather,unknown_f32,NOT_RUN,0.0,0.0
20,select_151/aten.select.int/Gather,Gather,unknown_f32,NOT_RUN,0.0,0.0
20,select_152/aten.select.int/Gather,Gather,unknown_f32,NOT_RUN,0.0,0.0
20,select_153/aten.select.int/Gather,Gather,unknown_f32,NOT_RUN,0.0,0.0
20,select_154/aten.select.int/Gather,Gather,unknown_f32,NOT_RUN,0.0,0.0
20,select_155/aten.select.int/Gather,Gather,unknown_f32,NOT_RUN,0.0,0.0
20,select_156/aten.select.int/Gather,Gather,unknown_f32,NOT_RUN,0.0,0.0
20,select_157/aten.select.int/Gather,Gather,unknown_f32,NOT_RUN,0.0,0.0
20,select_158/aten.select.int/Gather,Gather,unknown_f32,NOT_RUN,0.0,0.0
20,select_159/aten.select.int/Gather,Gather,unknown_f32,NOT_RUN,0.0,0.0
20,select_160/aten.select.int/Gather,Gather,unknown_f32,NOT_RUN,0.0,0.0
20,select_161/aten.select.int/Gather,Gather,unknown_f32,NOT_RUN,0.0,0.0
20,select_162/aten.select.int/Gather,Gather,unknown_f32,NOT_RUN,0.0,0.0
20,select_163/aten.select.int/Gather,Gather,unknown_f32,NOT_RUN,0.0,0.0
20,select_164/aten.select.int/Gather,Gather,unknown_f32,NOT_RUN,0.0,0.0
20,select_165/aten.select.int/Gather,Gather,unknown_f32,NOT_RUN,0.0,0.0
20,select_166/aten.select.int/Gather,Gather,unknown_f32,NOT_RUN,0.0,0.0
20,select_167/aten.select.int/Gather,Gather,unknown_f32,NOT_RUN,0.0,0.0
20,select_168/aten.select.int/Gather,Gather,unknown_f32,NOT_RUN,0.0,0.0
20,select_169/aten.select.int/Gather,Gather,unknown_f32,NOT_RUN,0.0,0.0
20,select_170/aten.select.int/Gather,Gather,unknown_f32,NOT_RUN,0.0,0.0
20,select_171/aten.select.int/Gather,Gather,unknown_f32,NOT_RUN,0.0,0.0
20,select_172/aten.select.int/Gather,Gather,unknown_f32,NOT_RUN,0.0,0.0
20,select_173/aten.select.int/Gather,Gather,unknown_f32,NOT_RUN,0.0,0.0
20,select_174/aten.select.int/Gather,Gather,unknown_f32,NOT_RUN,0.0,0.0
20,select_175/aten.select.int/Gather,Gather,unknown_f32,NOT_RUN,0.0,0.0
20,select_176/aten.select.int/Gather,Gather,unknown_f32,NOT_RUN,0.0,0.0
20,select_177/aten.select.int/Gather,Gather,unknown_f32,NOT_RUN,0.0,0.0
20,select_178/aten.select.int/Gather,Gather,unknown_f32,NOT_RUN,0.0,0.0
20,select_179/aten.select.int/Gather,Gather,unknown_f32,NOT_RUN,0.0,0.0
20,select_180/aten.select.int/Gather,Gather,unknown_f32,NOT_RUN,0.0,0.0
20,select_181/aten.select.int/Gather,Gather,unknown_f32,NOT_RUN,0.0,0.0
20,select_182/aten.select.int/Gather,Gather,unknown_f32,NOT_RUN,0.0,0.0
20,select_183/aten.select.int/Gather,Gather,unknown_f32,NOT_RUN,0.0,0.0
20,select_184/aten.select.int/Gather,Gather,unknown_f32,NOT_RUN,0.0,0.0
20,select_185/aten.select.int/Gather,Gather,unknown_f32,NOT_RUN,0.0,0.0
20,select_186/aten.select.int/Gather,Gather,unknown_f32,NOT_RUN,0.0,0.0
20,select_187/aten.select.int/Gather,Gather,unknown_f32,NOT_RUN,0.0,0.0
20,select_188/aten.select.int/Gather,Gather,unknown_f32,NOT_RUN,0.0,0.0
20,select_189/aten.select.int/Gather,Gather,unknown_f32,NOT_RUN,0.0,0.0
20,select_190/aten.select.int/Gather,Gather,unknown_f32,NOT_RUN,0.0,0.0
20,select_191/aten.select.int/Gather,Gather,unknown_f32,NOT_RUN,0.0,0.0
20,select_192/aten.select.int/Gather,Gather,unknown_f32,NOT_RUN,0.0,0.0
20,select_193/aten.select.int/Gather,Gather,unknown_f32,NOT_RUN,0.0,0.0
20,select_194/aten.select.int/Gather,Gather,unknown_f32,NOT_RUN,0.0,0.0
20,select_195/aten.select.int/Gather,Gather,unknown_f32,NOT_RUN,0.0,0.0
20,select_196/aten.select.int/Gather,Gather,unknown_f32,NOT_RUN,0.0,0.0
20,select_197/aten.select.int/Gather,Gather,unknown_f32,NOT_RUN,0.0,0.0
20,select_198/aten.select.int/Gather,Gather,unknown_f32,NOT_RUN,0.0,0.0
20,select_199/aten.select.int/Gather,Gather,unknown_f32,NOT_RUN,0.0,0.0
20,select_200/aten.select.int/Gather,Gather,unknown_f32,NOT_RUN,0.0,0.0
20,select_201/aten.select.int/Gather,Gather,unknown_f32,NOT_RUN,0.0,0.0
20,select_202/aten.select.int/Gather,Gather,unknown_f32,NOT_RUN,0.0,0.0
20,select_203/aten.select.int/Gather,Gather,unknown_f32,NOT_RUN,0.0,0.0
20,select_204/aten.select.int/Gather,Gather,unknown_f32,NOT_RUN,0.0,0.0
20,select_205/aten.select.int/Gather,Gather,unknown_f32,NOT_RUN,0.0,0.0
20,select_206/aten.select.int/Gather,Gather,unknown_f32,NOT_RUN,0.0,0.0
20,select_207/aten.select.int/Gather,Gather,unknown_f32,NOT_RUN,0.0,0.0
20,select_208/aten.select.int/Gather,Gather,unknown_f32,NOT_RUN,0.0,0.0
20,select_209/aten.select.int/Gather,Gather,unknown_f32,NOT_RUN,0.0,0.0
20,select_210/aten.select.int/Gather,Gather,unknown_f32,NOT_RUN,0.0,0.0
20,select_211/aten.select.int/Gather,Gather,unknown_f32,NOT_RUN,0.0,0.0
20,select_212/aten.select.int/Gather,Gather,unknown_f32,NOT_RUN,0.0,0.0
20,select_213/aten.select.int/Gather,Gather,unknown_f32,NOT_RUN,0.0,0.0
20,select_214/aten.select.int/Gather,Gather,unknown_f32,NOT_RUN,0.0,0.0
20,select_215/aten.select.int/Gather,Gather,unknown_f32,NOT_RUN,0.0,0.0
20,select_216/aten.select.int/Gather,Gather,unknown_f32,NOT_RUN,0.0,0.0
20,select_217/aten.select.int/Gather,Gather,unknown_f32,NOT_RUN,0.0,0.0
20,select_218/aten.select.int/Gather,Gather,unknown_f32,NOT_RUN,0.0,0.0
20,select_219/aten.select.int/Gather,Gather,unknown_f32,NOT_RUN,0.0,0.0
20,select_220/aten.select.int/Gather,Gather,unknown_f32,NOT_RUN,0.0,0.0
20,select_221/aten.select.int/Gather,Gather,unknown_f32,NOT_RUN,0.0,0.0
20,select_222/aten.select.int/Gather,Gather,unknown_f32,NOT_RUN,0.0,0.0
20,select_223/aten.select.int/Gather,Gather,unknown_f32,NOT_RUN,0.0,0.0
20,select_224/aten.select.int/Gather,Gather,unknown_f32,NOT_RUN,0.0,0.0
20,select_225/aten.select.int/Gather,Gather,unknown_f32,NOT_RUN,0.0,0.0
20,select_226/aten.select.int/Gather,Gather,unknown_f32,NOT_RUN,0.0,0.0
20,select_227/aten.select.int/Gather,Gather,unknown_f32,NOT_RUN,0.0,0.0
20,select_228/aten.select.int/Gather,Gather,unknown_f32,NOT_RUN,0.0,0.0
20,select_229/aten.select.int/Gather,Gather,unknown_f32,NOT_RUN,0.0,0.0
20,select_230/aten.select.int/Gather,Gather,unknown_f32,NOT_RUN,0.0,0.0
20,select_231/aten.select.int/Gather,Gather,unknown_f32,NOT_RUN,0.0,0.0
20,select_232/aten.select.int/Gather,Gather,unknown_f32,NOT_RUN,0.0,0.0
20,select_233/aten.select.int/Gather,Gather,unknown_f32,NOT_RUN,0.0,0.0
20,select_234/aten.select.int/Gather,Gather,unknown_f32,NOT_RUN,0.0,0.0
20,select_235/aten.select.int/Gather,Gather,unknown_f32,NOT_RUN,0.0,0.0
20,select_236/aten.select.int/Gather,Gather,unknown_f32,NOT_RUN,0.0,0.0
20,select_237/aten.select.int/Gather,Gather,unknown_f32,NOT_RUN,0.0,0.0
20,select_238/aten.select.int/Gather,Gather,unknown_f32,NOT_RUN,0.0,0.0
20,select_239/aten.select.int/Gather,Gather,unknown_f32,NOT_RUN,0.0,0.0
20,select_240/aten.select.int/Gather,Gather,unknown_f32,NOT_RUN,0.0,0.0
20,select_241/aten.select.int/Gather,Gather,unknown_f32,NOT_RUN,0.0,0.0
20,select_242/aten.select.int/Gather,Gather,unknown_f32,NOT_RUN,0.0,0.0
20,select_243/aten.select.int/Gather,Gather,unknown_f32,NOT_RUN,0.0,0.0
20,select_244/aten.select.int/Gather,Gather,unknown_f32,NOT_RUN,0.0,0.0
20,select_245/aten.select.int/Gather,Gather,unknown_f32,NOT_RUN,0.0,0.0
20,select_246/aten.select.int/Gather,Gather,unknown_f32,NOT_RUN,0.0,0.0
20,select_247/aten.select.int/Gather,Gather,unknown_f32,NOT_RUN,0.0,0.0
20,select_248/aten.select.int/Gather,Gather,unknown_f32,NOT_RUN,0.0,0.0
20,select_249/aten.select.int/Gather,Gather,unknown_f32,NOT_RUN,0.0,0.0
20,select_250/aten.select.int/Gather,Gather,unknown_f32,NOT_RUN,0.0,0.0
20,select_251/aten.select.int/Gather,Gather,unknown_f32,NOT_RUN,0.0,0.0
20,select_252/aten.select.int/Gather,Gather,unknown_f32,NOT_RUN,0.0,0.0
20,select_253/aten.select.int/Gather,Gather,unknown_f32,NOT_RUN,0.0,0.0
20,select_254/aten.select.int/Gather,Gather,unknown_f32,NOT_RUN,0.0,0.0
20,select_255/aten.select.int/Gather,Gather,unknown_f32,NOT_RUN,0.0,0.0
20,select_256/aten.select.int/Gather,Gather,unknown_f32,NOT_RUN,0.0,0.0
20,select_257/aten.select.int/Gather,Gather,unknown_f32,NOT_RUN,0.0,0.0
20,select_258/aten.select.int/Gather,Gather,unknown_f32,NOT_RUN,0.0,0.0
20,select_259/aten.select.int/Gather,Gather,unknown_f32,NOT_RUN,0.0,0.0
20,select_260/aten.select.int/Gather,Gather,unknown_f32,NOT_RUN,0.0,0.0
20,select_261/aten.select.int/Gather,Gather,unknown_f32,NOT_RUN,0.0,0.0
20,select_262/aten.select.int/Gather,Gather,unknown_f32,NOT_RUN,0.0,0.0
20,select_263/aten.select.int/Gather,Gather,unknown_f32,NOT_RUN,0.0,0.0
20,select_264/aten.select.int/Gather,Gather,unknown_f32,NOT_RUN,0.0,0.0
20,select_265/aten.select.int/Gather,Gather,unknown_f32,NOT_RUN,0.0,0.0
20,select_266/aten.select.int/Gather,Gather,unknown_f32,NOT_RUN,0.0,0.0
20,select_267/aten.select.int/Gather,Gather,unknown_f32,NOT_RUN,0.0,0.0
20,select_268/aten.select.int/Gather,Gather,unknown_f32,NOT_RUN,0.0,0.0
20,select_269/aten.select.int/Gather,Gather,unknown_f32,NOT_RUN,0.0,0.0
20,select_270/aten.select.int/Gather,Gather,unknown_f32,NOT_RUN,0.0,0.0
20,select_271/aten.select.int/Gather,Gather,unknown_f32,NOT_RUN,0.0,0.0
20,select_272/aten.select.int/Gather,Gather,unknown_f32,NOT_RUN,0.0,0.0
20,select_273/aten.select.int/Gather,Gather,unknown_f32,NOT_RUN,0.0,0.0
20,select_274/aten.select.int/Gather,Gather,unknown_f32,NOT_RUN,0.0,0.0
20,select_275/aten.select.int/Gather,Gather,unknown_f32,NOT_RUN,0.0,0.0
20,select_276/aten.select.int/Gather,Gather,unknown_f32,NOT_RUN,0.0,0.0
20,select_277/aten.select.int/Gather,Gather,unknown_f32,NOT_RUN,0.0,0.0
20,select_278/aten.select.int/Gather,Gather,unknown_f32,NOT_RUN,0.0,0.0
20,select_279/aten.select.int/Gather,Gather,unknown_f32,NOT_RUN,0.0,0.0
20,select_280/aten.select.int/Gather,Gather,unknown_f32,NOT_RUN,0.0,0.0
20,select_281/aten.select.int/Gather,Gather,unknown_f32,NOT_RUN,0.0,0.0
20,select_282/aten.select.int/Gather,Gather,unknown_f32,NOT_RUN,0.0,0.0
20,select_283/aten.select.int/Gather,Gather,unknown_f32,NOT_RUN,0.0,0.0
20,select_284/aten.select.int/Gather,Gather,unknown_f32,NOT_RUN,0.0,0.0
20,select_285/aten.select.int/Gather,Gather,unknown_f32,NOT_RUN,0.0,0.0
20,select_286/aten.select.int/Gather,Gather,unknown_f32,NOT_RUN,0.0,0.0
20,select_287/aten.select.int/Gather,Gather,unknown_f32,NOT_RUN,0.0,0.0
20,select_288/aten.select.int/Gather,Gather,unknown_f32,NOT_RUN,0.0,0.0
20,select_289/aten.select.int/Gather,Gather,unknown_f32,NOT_RUN,0.0,0.0
20,select_290/aten.select.int/Gather,Gather,unknown_f32,NOT_RUN,0.0,0.0
20,select_291/aten.select.int/Gather,Gather,unknown_f32,NOT_RUN,0.0,0.0
20,select_292/aten.select.int/Gather,Gather,unknown_f32,NOT_RUN,0.0,0.0
20,select_293/aten.select.int/Gather,Gather,unknown_f32,NOT_RUN,0.0,0.0
20,select_294/aten.select.int/Gather,Gather,unknown_f32,NOT_RUN,0.0,0.0
20,select_295/aten.select.int/Gather,Gather,unknown_f32,NOT_RUN,0.0,0.0
20,select_296/aten.select.int/Gather,Gather,unknown_f32,NOT_RUN,0.0,0.0
20,select_297/aten.select.int/Gather,Gather,unknown_f32,NOT_RUN,0.0,0.0
20,select_298/aten.select.int/Gather,Gather,unknown_f32,NOT_RUN,0.0,0.0
20,select_299/aten.select.int/Gather,Gather,unknown_f32,NOT_RUN,0.0,0.0
20,select_300/aten.select.int/Gather,Gather,unknown_f32,NOT_RUN,0.0,0.0
20,select_301/aten.select.int/Gather,Gather,unknown_f32,NOT_RUN,0.0,0.0
20,select_302/aten.select.int/Gather,Gather,unknown_f32,NOT_RUN,0.0,0.0
20,select_303/aten.select.int/Gather,Gather,unknown_f32,NOT_RUN,0.0,0.0
20,select_304/aten.select.int/Gather,Gather,unknown_f32,NOT_RUN,0.0,0.0
20,cat_3/aten.cat.default/Concat,Concat,ref_f32,EXECUTED,0.064,0.064
20,view_84/aten.view.default/Reshape,Reshape,unknown_f32,NOT_RUN,0.0,0.0
20,add_50/aten.add.Tensor/Add,Subgraph,jit_avx2_f32,EXECUTED,0.023,0.023
20,linear_2/aten.linear.default/Add,FullyConnected,brgemm_avx2_f32,EXECUTED,0.3,0.3
20,Multiply_13576,Multiply,undef,NOT_RUN,0.0,0.0
20,view_86/aten.view.default/Reshape,Reshape,unknown_f32,NOT_RUN,0.0,0.0
20,permute_3/aten.permute.default/Transpose,Transpose,unknown_f32,EXECUTED,0.022,0.022
20,linear_3/aten.linear.default/Add,FullyConnected,gemm_mlas_f32,EXECUTED,0.35,0.35
20,view_87/aten.view.default/Reshape,Reshape,unknown_f32,NOT_RUN,0.0,0.0
20,Transpose_12104,Transpose,unknown_f32,EXECUTED,0.056,0.056
20,linear_4/aten.linear.default/Add,FullyConnected,gemm_mlas_f32,EXECUTED,0.326,0.326
20,view_88/aten.view.default/Reshape,Reshape,unknown_f32,NOT_RUN,0.0,0.0
20,permute_5/aten.permute.default/Transpose,Transpose,unknown_f32,EXECUTED,0.016,0.016
20,bmm_1/aten.bmm.default/MatMul,Subgraph,jit_avx2_f32,EXECUTED,0.448,0.448
20,permute_7/aten.permute.default/Transpose,Transpose,unknown_f32,EXECUTED,0.027,0.027
20,view_89/aten.view.default/Reshape,Reshape,unknown_f32,NOT_RUN,0.0,0.0
20,linear_5/aten.linear.default/Add,FullyConnected,gemm_mlas_f32,EXECUTED,0.356,0.356
20,view_90/aten.view.default/Reshape,Reshape,unknown_f32,NOT_RUN,0.0,0.0
20,add_51/aten.add.Tensor/Add,Subgraph,jit_avx2_f32,EXECUTED,0.024,0.024
20,native_layer_norm/aten.native_layer_norm.default/MVN,MVN,jit_avx2_f32,EXECUTED,0.02,0.02
20,native_layer_norm/aten.native_layer_norm.default/Add,Subgraph,jit_avx2_f32,EXECUTED,0.016,0.016
20,linear_6/aten.linear.default/Add,FullyConnected,brgemm_avx2_f32,EXECUTED,1.421,1.421
20,relu_17/aten.relu.default/Relu,Relu,undef,NOT_RUN,0.0,0.0
20,linear_7/aten.linear.default/Add,FullyConnected,gemm_mlas_f32,EXECUTED,1.4729999999999999,1.4729999999999999
20,add_52/aten.add.Tensor/Add,Subgraph,jit_avx2_f32,EXECUTED,0.026,0.026
20,native_layer_norm_1/aten.native_layer_norm.default/MVN,MVN,jit_avx2_f32,EXECUTED,0.020999999999999998,0.020999999999999998
20,add_53/aten.add.Tensor/Add,Subgraph,jit_avx2_f32,EXECUTED,0.032,0.032
20,linear_8/aten.linear.default/Add,FullyConnected,brgemm_avx2_f32,EXECUTED,0.29100000000000004,0.29100000000000004
20,Multiply_13578,Multiply,undef,NOT_RUN,0.0,0.0
20,view_92/aten.view.default/Reshape,Reshape,unknown_f32,NOT_RUN,0.0,0.0
20,permute_8/aten.permute.default/Transpose,Transpose,unknown_f32,EXECUTED,0.017,0.017
20,linear_9/aten.linear.default/Add,FullyConnected,gemm_mlas_f32,EXECUTED,0.26699999999999996,0.26699999999999996
20,view_93/aten.view.default/Reshape,Reshape,unknown_f32,NOT_RUN,0.0,0.0
20,Transpose_12133,Transpose,unknown_f32,EXECUTED,0.04,0.04
20,linear_10/aten.linear.default/Add,FullyConnected,gemm_mlas_f32,EXECUTED,0.265,0.265
20,view_94/aten.view.default/Reshape,Reshape,unknown_f32,NOT_RUN,0.0,0.0
20,permute_10/aten.permute.default/Transpose,Transpose,unknown_f32,EXECUTED,0.012,0.012
20,bmm_3/aten.bmm.default/MatMul,Subgraph,jit_avx2_f32,EXECUTED,0.378,0.378
20,permute_12/aten.permute.default/Transpose,Transpose,unknown_f32,EXECUTED,0.022,0.022
20,view_95/aten.view.default/Reshape,Reshape,unknown_f32,NOT_RUN,0.0,0.0
20,linear_11/aten.linear.default/Add,FullyConnected,gemm_mlas_f32,EXECUTED,0.28800000000000003,0.28800000000000003
20,view_96/aten.view.default/Reshape,Reshape,unknown_f32,NOT_RUN,0.0,0.0
20,add_54/aten.add.Tensor/Add,Subgraph,jit_avx2_f32,EXECUTED,0.015000000000000001,0.015000000000000001
20,native_layer_norm_2/aten.native_layer_norm.default/MVN,MVN,jit_avx2_f32,EXECUTED,0.013,0.013
20,native_layer_norm_2/aten.native_layer_norm.default/Add,Subgraph,jit_avx2_f32,EXECUTED,0.006,0.006
20,linear_12/aten.linear.default/Add,FullyConnected,brgemm_avx2_f32,EXECUTED,1.2899999999999998,1.2899999999999998
20,relu_18/aten.relu.default/Relu,Relu,undef,NOT_RUN,0.0,0.0
20,linear_13/aten.linear.default/Add,FullyConnected,gemm_mlas_f32,EXECUTED,1.449,1.449
20,add_55/aten.add.Tensor/Add,Subgraph,jit_avx2_f32,EXECUTED,0.026,0.026
20,native_layer_norm_3/aten.native_layer_norm.default/MVN,MVN,jit_avx2_f32,EXECUTED,0.02,0.02
20,add_56/aten.add.Tensor/Add,Subgraph,jit_avx2_f32,EXECUTED,0.028,0.028
20,linear_14/aten.linear.default/Add,FullyConnected,brgemm_avx2_f32,EXECUTED,0.27,0.27
20,Multiply_13580,Multiply,undef,NOT_RUN,0.0,0.0
20,view_98/aten.view.default/Reshape,Reshape,unknown_f32,NOT_RUN,0.0,0.0
20,permute_13/aten.permute.default/Transpose,Transpose,unknown_f32,EXECUTED,0.017,0.017
20,linear_15/aten.linear.default/Add,FullyConnected,gemm_mlas_f32,EXECUTED,0.307,0.307
20,view_99/aten.view.default/Reshape,Reshape,unknown_f32,NOT_RUN,0.0,0.0
20,Transpose_12162,Transpose,unknown_f32,EXECUTED,0.047,0.047
20,linear_16/aten.linear.default/Add,FullyConnected,gemm_mlas_f32,EXECUTED,0.273,0.273
20,view_100/aten.view.default/Reshape,Reshape,unknown_f32,NOT_RUN,0.0,0.0
20,permute_15/aten.permute.default/Transpose,Transpose,unknown_f32,EXECUTED,0.012,0.012
20,bmm_5/aten.bmm.default/MatMul,Subgraph,jit_avx2_f32,EXECUTED,0.419,0.419
20,permute_17/aten.permute.default/Transpose,Transpose,unknown_f32,EXECUTED,0.026,0.026
20,view_101/aten.view.default/Reshape,Reshape,unknown_f32,NOT_RUN,0.0,0.0
20,linear_17/aten.linear.default/Add,FullyConnected,gemm_mlas_f32,EXECUTED,0.332,0.332
20,view_102/aten.view.default/Reshape,Reshape,unknown_f32,NOT_RUN,0.0,0.0
20,add_57/aten.add.Tensor/Add,Subgraph,jit_avx2_f32,EXECUTED,0.020999999999999998,0.020999999999999998
20,native_layer_norm_4/aten.native_layer_norm.default/MVN,MVN,jit_avx2_f32,EXECUTED,0.015000000000000001,0.015000000000000001
20,native_layer_norm_4/aten.native_layer_norm.default/Add,Subgraph,jit_avx2_f32,EXECUTED,0.013,0.013
20,linear_18/aten.linear.default/Add,FullyConnected,brgemm_avx2_f32,EXECUTED,1.407,1.407
20,relu_19/aten.relu.default/Relu,Relu,undef,NOT_RUN,0.0,0.0
20,linear_19/aten.linear.default/Add,FullyConnected,gemm_mlas_f32,EXECUTED,1.461,1.461
20,add_58/aten.add.Tensor/Add,Subgraph,jit_avx2_f32,EXECUTED,0.026,0.026
20,native_layer_norm_5/aten.native_layer_norm.default/MVN,MVN,jit_avx2_f32,EXECUTED,0.022,0.022
20,add_59/aten.add.Tensor/Add,Subgraph,jit_avx2_f32,EXECUTED,0.031,0.031
20,linear_20/aten.linear.default/Add,FullyConnected,brgemm_avx2_f32,EXECUTED,0.27999999999999997,0.27999999999999997
20,Multiply_13582,Multiply,undef,NOT_RUN,0.0,0.0
20,view_104/aten.view.default/Reshape,Reshape,unknown_f32,NOT_RUN,0.0,0.0
20,permute_18/aten.permute.default/Transpose,Transpose,unknown_f32,EXECUTED,0.014,0.014
20,linear_21/aten.linear.default/Add,FullyConnected,gemm_mlas_f32,EXECUTED,0.281,0.281
20,view_105/aten.view.default/Reshape,Reshape,unknown_f32,NOT_RUN,0.0,0.0
20,Transpose_12191,Transpose,unknown_f32,EXECUTED,0.04,0.04
20,linear_22/aten.linear.default/Add,FullyConnected,gemm_mlas_f32,EXECUTED,0.263,0.263
20,view_106/aten.view.default/Reshape,Reshape,unknown_f32,NOT_RUN,0.0,0.0
20,permute_20/aten.permute.default/Transpose,Transpose,unknown_f32,EXECUTED,0.011,0.011
20,bmm_7/aten.bmm.default/MatMul,Subgraph,jit_avx2_f32,EXECUTED,0.397,0.397
20,permute_22/aten.permute.default/Transpose,Transpose,unknown_f32,EXECUTED,0.019,0.019
20,view_107/aten.view.default/Reshape,Reshape,unknown_f32,NOT_RUN,0.0,0.0
20,linear_23/aten.linear.default/Add,FullyConnected,gemm_mlas_f32,EXECUTED,0.315,0.315
20,view_108/aten.view.default/Reshape,Reshape,unknown_f32,NOT_RUN,0.0,0.0
20,add_60/aten.add.Tensor/Add,Subgraph,jit_avx2_f32,EXECUTED,0.019,0.019
20,native_layer_norm_6/aten.native_layer_norm.default/MVN,MVN,jit_avx2_f32,EXECUTED,0.017,0.017
20,native_layer_norm_6/aten.native_layer_norm.default/Add,Subgraph,jit_avx2_f32,EXECUTED,0.008,0.008
20,linear_24/aten.linear.default/Add,FullyConnected,brgemm_avx2_f32,EXECUTED,1.323,1.323
20,relu_20/aten.relu.default/Relu,Relu,undef,NOT_RUN,0.0,0.0
20,linear_25/aten.linear.default/Add,FullyConnected,gemm_mlas_f32,EXECUTED,1.4220000000000002,1.4220000000000002
20,add_61/aten.add.Tensor/Add,Subgraph,jit_avx2_f32,EXECUTED,0.024,0.024
20,native_layer_norm_7/aten.native_layer_norm.default/MVN,MVN,jit_avx2_f32,EXECUTED,0.019,0.019
20,add_65/aten.add.Tensor/Add,Subgraph,jit_avx2_f32,EXECUTED,0.026,0.026
20,linear_31/aten.linear.default/Add,FullyConnected,gemm_mlas_f32,EXECUTED,0.287,0.287
20,view_117/aten.view.default/Reshape,Reshape,unknown_f32,NOT_RUN,0.0,0.0
20,Transpose_12220,Transpose,unknown_f32,EXECUTED,0.047,0.047
20,linear_32/aten.linear.default/Add,FullyConnected,gemm_mlas_f32,EXECUTED,0.28800000000000003,0.28800000000000003
20,view_118/aten.view.default/Reshape,Reshape,unknown_f32,NOT_RUN,0.0,0.0
20,permute_30/aten.permute.default/Transpose,Transpose,unknown_f32,EXECUTED,0.011,0.011
20,bmm_11/aten.bmm.default/MatMul,Subgraph,jit_avx2_f32,EXECUTED,0.208,0.208
20,permute_32/aten.permute.default/Transpose,Transpose,unknown_f32,EXECUTED,0.008,0.008
20,view_119/aten.view.default/Reshape,Reshape,unknown_f32,NOT_RUN,0.0,0.0
20,linear_33/aten.linear.default/Add,FullyConnected,gemm_mlas_f32,EXECUTED,0.13899999999999998,0.13899999999999998
20,view_120/aten.view.default/Reshape,Reshape,unknown_f32,NOT_RUN,0.0,0.0
20,add_66/aten.add.Tensor/Add,Subgraph,jit_avx2_f32,EXECUTED,0.011,0.011
20,native_layer_norm_9/aten.native_layer_norm.default/MVN,MVN,jit_avx2_f32,EXECUTED,0.006,0.006
20,native_layer_norm_9/aten.native_layer_norm.default/Add,Subgraph,jit_avx2_f32,EXECUTED,0.005,0.005
20,linear_34/aten.linear.default/Add,FullyConnected,brgemm_avx2_f32,EXECUTED,0.506,0.506
20,relu_21/aten.relu.default/Relu,Relu,undef,NOT_RUN,0.0,0.0
20,linear_35/aten.linear.default/Add,FullyConnected,gemm_mlas_f32,EXECUTED,0.5630000000000001,0.5630000000000001
20,add_67/aten.add.Tensor/Add,Subgraph,jit_avx2_f32,EXECUTED,0.013,0.013
20,native_layer_norm_10/aten.native_layer_norm.default/MVN,MVN,jit_avx2_f32,EXECUTED,0.008,0.008
20,native_layer_norm_10/aten.native_layer_norm.default/Add,Subgraph,jit_avx2_f32,EXECUTED,0.003,0.003
20,native_layer_norm_11/aten.native_layer_norm.default/MVN,MVN,jit_avx2_f32,EXECUTED,0.006,0.006
20,native_layer_norm_11/aten.native_layer_norm.default/Add,Subgraph,jit_avx2_f32,EXECUTED,0.003,0.003
20,permute_33/aten.permute.default/Transpose,Reshape,unknown_f32,NOT_RUN,0.0,0.0
20,linear_36/aten.linear.default/Add,FullyConnected,gemm_mlas_f32,EXECUTED,0.011,0.011
20,Result_6085,Result,unknown_f32,NOT_RUN,0.0,0.0
