iteration,elapsed_s,window_index,latency_ms,finite,correct,max_abs_error
1,0.024408102966845036,0,24.40366,True,True,1.430511474609375e-06
2,0.042932790995109826,0,18.406494,True,True,1.430511474609375e-06
3,0.06170012499205768,0,18.692646,True,True,1.430511474609375e-06
4,0.08040336798876524,0,18.620429,True,True,1.430511474609375e-06
5,0.09875172597821802,0,18.289101,True,True,1.430511474609375e-06
6,0.12327517796074972,0,24.448937,True,True,1.430511474609375e-06
7,0.141711383999791,0,18.363493,True,True,1.430511474609375e-06
8,0.1600064339581877,0,18.234517,True,True,1.430511474609375e-06
9,0.17839100398123264,0,18.333598,True,True,1.430511474609375e-06
10,0.19677425298141316,0,18.329783,True,True,1.430511474609375e-06
11,0.21548562095267698,0,18.662953,True,True,1.430511474609375e-06
12,0.23425173497525975,0,18.710977,True,True,1.430511474609375e-06
13,0.2527212499990128,0,18.407456,True,True,1.430511474609375e-06
14,0.27112820296315476,0,18.342537,True,True,1.430511474609375e-06
15,0.28937578899785876,0,18.189395,True,True,1.430511474609375e-06
16,0.3109453590004705,0,21.516868,True,True,1.430511474609375e-06
17,0.3388289419817738,0,27.768677,True,True,1.430511474609375e-06
18,0.35784935898846015,0,18.92215,True,True,1.430511474609375e-06
19,0.3762835239758715,0,18.367336,True,True,1.430511474609375e-06
20,0.3945309149567038,0,18.191804,True,True,1.430511474609375e-06
21,0.4162881999509409,0,21.704681,True,True,1.430511474609375e-06
22,0.44271119398763403,0,26.32805,True,True,1.430511474609375e-06
23,0.46765325096203014,0,24.854539,True,True,1.430511474609375e-06
24,0.48616874497383833,0,18.45277,True,True,1.430511474609375e-06
25,0.5044271639781073,0,18.20475,True,True,1.430511474609375e-06
26,0.5229866169975139,0,18.511207,True,True,1.430511474609375e-06
27,0.5413135609705932,0,18.268404,True,True,1.430511474609375e-06
28,0.5596219360013492,0,18.255562,True,True,1.430511474609375e-06
29,0.5783333879662678,0,18.653464,True,True,1.430511474609375e-06
30,0.5966372529510409,0,18.241719,True,True,1.430511474609375e-06
31,0.6149317109957337,0,18.241673,True,True,1.430511474609375e-06
32,0.6333870639791712,0,18.405102,True,True,1.430511474609375e-06
33,0.6516252440051176,0,18.182501,True,True,1.430511474609375e-06
34,0.6698892529821023,0,18.204576,True,True,1.430511474609375e-06
35,0.6884195680031553,0,18.476514,True,True,1.430511474609375e-06
36,0.7089035589597188,0,20.361243,True,True,1.430511474609375e-06
37,0.7286076559685171,0,19.576393,True,True,1.430511474609375e-06
38,0.747718233964406,0,18.99011,True,True,1.430511474609375e-06
39,0.7660313739906996,0,18.241812,True,True,1.430511474609375e-06
40,0.7846728999866173,0,18.589905,True,True,1.430511474609375e-06
41,0.8096975699882023,0,24.967875,True,True,1.430511474609375e-06
42,0.8281362049747258,0,18.345988,True,True,1.430511474609375e-06
43,0.8464700419572182,0,18.273635,True,True,1.430511474609375e-06
44,0.8648737969924696,0,18.348465,True,True,1.430511474609375e-06
45,0.8830842690076679,0,18.161199,True,True,1.430511474609375e-06
46,0.90134770097211,0,18.214622,True,True,1.430511474609375e-06
47,0.9201228889869526,0,18.7297,True,True,1.430511474609375e-06
48,0.938524505996611,0,18.351939,True,True,1.430511474609375e-06
49,0.9567117689875886,0,18.139674,True,True,1.430511474609375e-06
50,0.9751345789991319,0,18.372151,True,True,1.430511474609375e-06
51,0.9933520559570752,0,18.170399,True,True,1.430511474609375e-06
52,1.0116150649846531,0,18.219832,True,True,1.430511474609375e-06
53,1.0303414049558342,0,18.682463,True,True,1.430511474609375e-06
54,1.0484836119576357,0,18.09765,True,True,1.430511474609375e-06
55,1.0728457369841635,0,24.319091,True,True,1.430511474609375e-06
56,1.0914726839982904,0,18.563004,True,True,1.430511474609375e-06
57,1.1097934309509583,0,18.267361,True,True,1.430511474609375e-06
58,1.1280347369611263,0,18.195049,True,True,1.430511474609375e-06
59,1.1464817939558998,0,18.401133,True,True,1.430511474609375e-06
60,1.164640768954996,0,18.111686,True,True,1.430511474609375e-06
61,1.1828782689990476,0,18.193762,True,True,1.430511474609375e-06
62,1.2015066169551574,0,18.582596,True,True,1.430511474609375e-06
63,1.2198878380004317,0,18.336955,True,True,1.430511474609375e-06
64,1.2381936939782463,0,18.256342,True,True,1.430511474609375e-06
65,1.2564316539792344,0,18.192524,True,True,1.430511474609375e-06
66,1.2747239049640484,0,18.24381,True,True,1.430511474609375e-06
67,1.2929229039582424,0,18.151096,True,True,1.430511474609375e-06
68,1.3113143689697608,0,18.349087,True,True,1.430511474609375e-06
69,1.3325913359876722,0,21.228712,True,True,1.430511474609375e-06
70,1.360070063965395,0,27.399349,True,True,1.430511474609375e-06
71,1.3887746289838105,0,28.601652,True,True,1.430511474609375e-06
72,1.409278855950106,0,20.418988,True,True,1.430511474609375e-06
73,1.4371738609625027,0,27.794889,True,True,1.430511474609375e-06
74,1.4557650130009279,0,18.48291,True,True,1.430511474609375e-06
75,1.4746063239872456,0,18.766449,True,True,1.430511474609375e-06
76,1.4929656619788148,0,18.2943,True,True,1.430511474609375e-06
77,1.511312767979689,0,18.28725,True,True,1.430511474609375e-06
78,1.5296647700015455,0,18.289017,True,True,1.430511474609375e-06
79,1.5479111279710196,0,18.185019,True,True,1.430511474609375e-06
80,1.566137739981059,0,18.168539,True,True,1.430511474609375e-06
81,1.5843492489657365,0,18.148497,True,True,1.430511474609375e-06
82,1.6025275639840402,0,18.120237,True,True,1.430511474609375e-06
83,1.6207114879507571,0,18.123352,True,True,1.430511474609375e-06
84,1.639110690972302,0,18.345796,True,True,1.430511474609375e-06
85,1.6574299619533122,0,18.259018,True,True,1.430511474609375e-06
86,1.6813734739553183,0,23.884922,True,True,1.430511474609375e-06
87,1.70025616500061,0,18.804765,True,True,1.430511474609375e-06
88,1.718626793997828,0,18.30955,True,True,1.430511474609375e-06
89,1.7368486640043557,0,18.157441,True,True,1.430511474609375e-06
90,1.7553795870044269,0,18.463894,True,True,1.430511474609375e-06
91,1.7736670229933225,0,18.228655,True,True,1.430511474609375e-06
92,1.7919192519620992,0,18.197078,True,True,1.430511474609375e-06
93,1.8104357219999656,0,18.450903,True,True,1.430511474609375e-06
94,1.8289023039978929,0,18.386734,True,True,1.430511474609375e-06
95,1.8472786310012452,0,18.316071,True,True,1.430511474609375e-06
96,1.8656937449704856,0,18.352837,True,True,1.430511474609375e-06
97,1.8840004729572684,0,18.25245,True,True,1.430511474609375e-06
98,1.902286065975204,0,18.230153,True,True,1.430511474609375e-06
99,1.921084659988992,0,18.748088,True,True,1.430511474609375e-06
100,1.9393736199708655,0,18.227468,True,True,1.430511474609375e-06
101,1.9575709989876486,0,18.147834,True,True,1.430511474609375e-06
102,1.976080822001677,0,18.447597,True,True,1.430511474609375e-06
103,1.99437496898463,0,18.238246,True,True,1.430511474609375e-06
104,2.0125984309706837,0,18.167525,True,True,1.430511474609375e-06
105,2.0311635159887373,0,18.51474,True,True,1.430511474609375e-06
106,2.0493380859843455,0,18.118179,True,True,1.430511474609375e-06
107,2.0677161789499223,0,18.328246,True,True,1.430511474609375e-06
108,2.0861170109710656,0,18.344263,True,True,1.430511474609375e-06
109,2.104304243985098,0,18.133761,True,True,1.430511474609375e-06
110,2.1226617269567214,0,18.30492,True,True,1.430511474609375e-06
111,2.141055627958849,0,18.344145,True,True,1.430511474609375e-06
112,2.1593776589725167,0,18.271598,True,True,1.430511474609375e-06
113,2.1776210839743726,0,18.187344,True,True,1.430511474609375e-06
114,2.1960625129868276,0,18.386719,True,True,1.430511474609375e-06
115,2.2143141569686122,0,18.20169,True,True,1.430511474609375e-06
116,2.232513870985713,0,18.146287,True,True,1.430511474609375e-06
117,2.2510561689850874,0,18.488966,True,True,1.430511474609375e-06
118,2.273319356958382,0,22.207542,True,True,1.430511474609375e-06
119,2.2918239859864116,0,18.42263,True,True,1.430511474609375e-06
120,2.3103370819590054,0,18.442419,True,True,1.430511474609375e-06
121,2.3318503529881127,0,21.449922,True,True,1.430511474609375e-06
122,2.3593557849526405,0,27.387469,True,True,1.430511474609375e-06
123,2.377806050993968,0,18.357247,True,True,1.430511474609375e-06
124,2.3963341469643638,0,18.453778,True,True,1.430511474609375e-06
125,2.4242543029831722,0,27.850631,True,True,1.430511474609375e-06
126,2.4446589289582334,0,20.293305,True,True,1.430511474609375e-06
127,2.4630998639622703,0,18.358146,True,True,1.430511474609375e-06
128,2.48133700696053,0,18.171274,True,True,1.430511474609375e-06
129,2.4999901969567873,0,18.588025,True,True,1.430511474609375e-06
130,2.51823687000433,0,18.188871,True,True,1.430511474609375e-06
131,2.536473826970905,0,18.181772,True,True,1.430511474609375e-06
132,2.5549078399781138,0,18.36975,True,True,1.430511474609375e-06
133,2.5731508680037223,0,18.189474,True,True,1.430511474609375e-06
134,2.591739774972666,0,18.528756,True,True,1.430511474609375e-06
135,2.610159426985774,0,18.354339,True,True,1.430511474609375e-06
136,2.6283970379736274,0,18.175924,True,True,1.430511474609375e-06
137,2.6466641309671104,0,18.209321,True,True,1.430511474609375e-06
138,2.665031658951193,0,18.306008,True,True,1.430511474609375e-06
139,2.683352372958325,0,18.267241,True,True,1.430511474609375e-06
140,2.701600289961789,0,18.183674,True,True,1.430511474609375e-06
141,2.7198561760014854,0,18.199211,True,True,1.430511474609375e-06
142,2.7380949829821475,0,18.176338,True,True,1.430511474609375e-06
143,2.7563156799878925,0,18.165306,True,True,1.430511474609375e-06
144,2.774941641953774,0,18.568751,True,True,1.430511474609375e-06
145,2.7939310159999877,0,18.938328,True,True,1.430511474609375e-06
146,2.813299360976089,0,19.243977,True,True,1.430511474609375e-06
147,2.8325024899677373,0,19.087297,True,True,1.430511474609375e-06
148,2.8510218070005067,0,18.425919,True,True,1.430511474609375e-06
149,2.8732991939759813,0,22.210102,True,True,1.430511474609375e-06
150,2.8921055870014243,0,18.740435,True,True,1.430511474609375e-06
151,2.910538629977964,0,18.375131,True,True,1.430511474609375e-06
152,2.9288045410066843,0,18.216634,True,True,1.430511474609375e-06
153,2.947138582007028,0,18.273429,True,True,1.430511474609375e-06
154,2.965610896004364,0,18.424744,True,True,1.430511474609375e-06
155,2.9838704929570667,0,18.209616,True,True,1.430511474609375e-06
156,3.002371723006945,0,18.44964,True,True,1.430511474609375e-06
157,3.020542062993627,0,18.120232,True,True,1.430511474609375e-06
158,3.038737232971471,0,18.149144,True,True,1.430511474609375e-06
159,3.06776834995253,0,28.985185,True,True,1.430511474609375e-06
160,3.086237634997815,0,18.391177,True,True,1.430511474609375e-06
161,3.1045047329971567,0,18.204751,True,True,1.430511474609375e-06
162,3.122940139961429,0,18.381983,True,True,1.430511474609375e-06
163,3.1412589119863696,0,18.271399,True,True,1.430511474609375e-06
164,3.159533683967311,0,18.22936,True,True,1.430511474609375e-06
165,3.178032905969303,0,18.450774,True,True,1.430511474609375e-06
166,3.1962760949973017,0,18.194805,True,True,1.430511474609375e-06
167,3.214525474002585,0,18.201425,True,True,1.430511474609375e-06
168,3.2328954599797726,0,18.325522,True,True,1.430511474609375e-06
169,3.2512110929819755,0,18.271714,True,True,1.430511474609375e-06
170,3.269465252000373,0,18.203953,True,True,1.430511474609375e-06
171,3.2880200179642998,0,18.505959,True,True,1.430511474609375e-06
172,3.3063376539503224,0,18.252419,True,True,1.430511474609375e-06
173,3.32696647697594,0,20.574716,True,True,1.430511474609375e-06
174,3.3549425109522417,0,27.887341,True,True,1.430511474609375e-06
175,3.3733726129867136,0,18.343851,True,True,1.430511474609375e-06
176,3.3918964819749817,0,18.455447,True,True,1.430511474609375e-06
177,3.4131153649650514,0,21.118251,True,True,1.430511474609375e-06
178,3.441671079955995,0,28.440913,True,True,1.430511474609375e-06
179,3.460186682001222,0,18.415957,True,True,1.430511474609375e-06
180,3.483913259988185,0,23.654437,True,True,1.430511474609375e-06
181,3.5024562839535065,0,18.472754,True,True,1.430511474609375e-06
182,3.521140253986232,0,18.606399,True,True,1.430511474609375e-06
183,3.539642632007599,0,18.396674,True,True,1.430511474609375e-06
184,3.5581500249681994,0,18.438103,True,True,1.430511474609375e-06
185,3.5763993339496665,0,18.196234,True,True,1.430511474609375e-06
186,3.5949230499682017,0,18.47286,True,True,1.430511474609375e-06
187,3.6133468549815007,0,18.357057,True,True,1.430511474609375e-06
188,3.6316211399971507,0,18.218914,True,True,1.430511474609375e-06
189,3.6498169630067423,0,18.147072,True,True,1.430511474609375e-06
190,3.6681372309685685,0,18.263986,True,True,1.430511474609375e-06
191,3.6864168889587745,0,18.230161,True,True,1.430511474609375e-06
192,3.70468725200044,0,18.218794,True,True,1.430511474609375e-06
193,3.7334982979809865,0,28.759533,True,True,1.430511474609375e-06
194,3.7519854799611494,0,18.392243,True,True,1.430511474609375e-06
195,3.7705621979548596,0,18.507508,True,True,1.430511474609375e-06
196,3.7888159209978767,0,18.203938,True,True,1.430511474609375e-06
197,3.8070594879682176,0,18.192832,True,True,1.430511474609375e-06
198,3.8256135699921288,0,18.500778,True,True,1.430511474609375e-06
199,3.8438945219968446,0,18.230494,True,True,1.430511474609375e-06
200,3.862037248967681,0,18.097752,True,True,1.430511474609375e-06
201,3.8805646729888394,0,18.479597,True,True,1.430511474609375e-06
202,3.898689410998486,0,18.080876,True,True,1.430511474609375e-06
203,3.9169281229842454,0,18.193256,True,True,1.430511474609375e-06
204,3.935248124995269,0,18.274642,True,True,1.430511474609375e-06
205,3.9534151880070567,0,18.126012,True,True,1.430511474609375e-06
206,3.971714778977912,0,18.254837,True,True,1.430511474609375e-06
207,3.9900173009955324,0,18.254907,True,True,1.430511474609375e-06
208,4.00829019700177,0,18.229004,True,True,1.430511474609375e-06
209,4.026455273968168,0,18.119433,True,True,1.430511474609375e-06
210,4.045160393987317,0,18.663434,True,True,1.430511474609375e-06
211,4.0633968350011855,0,18.194468,True,True,1.430511474609375e-06
212,4.087132641987409,0,23.686408,True,True,1.430511474609375e-06
213,4.105595990957227,0,18.381501,True,True,1.430511474609375e-06
214,4.12390032998519,0,18.255868,True,True,1.430511474609375e-06
215,4.142277588951401,0,18.328206,True,True,1.430511474609375e-06
216,4.160477813973557,0,18.152089,True,True,1.430511474609375e-06
217,4.178875094978139,0,18.353102,True,True,1.430511474609375e-06
218,4.197415390983224,0,18.493093,True,True,1.430511474609375e-06
219,4.215629861981142,0,18.157993,True,True,1.430511474609375e-06
220,4.233988848980516,0,18.312811,True,True,1.430511474609375e-06
221,4.252459791954607,0,18.428054,True,True,1.430511474609375e-06
222,4.2706748669734225,0,18.163811,True,True,1.430511474609375e-06
223,4.2889645349932835,0,18.243442,True,True,1.430511474609375e-06
224,4.307440902979579,0,18.432229,True,True,1.430511474609375e-06
225,4.325761986954603,0,18.273963,True,True,1.430511474609375e-06
226,4.347342447959818,0,21.523257,True,True,1.430511474609375e-06
227,4.3841438359813765,0,36.695402,True,True,1.430511474609375e-06
228,4.403401200950611,0,19.124387,True,True,1.430511474609375e-06
229,4.432849860982969,0,29.36712,True,True,1.430511474609375e-06
230,4.452167055977043,0,19.199326,True,True,1.430511474609375e-06
231,4.4706124409567565,0,18.375539,True,True,1.430511474609375e-06
232,4.488927193975542,0,18.25212,True,True,1.430511474609375e-06
233,4.50724085199181,0,18.256165,True,True,1.430511474609375e-06
234,4.525667281006463,0,18.372994,True,True,1.430511474609375e-06
235,4.5439807389630005,0,18.255054,True,True,1.430511474609375e-06
236,4.562455143954139,0,18.424028,True,True,1.430511474609375e-06
237,4.5807424989761785,0,18.231551,True,True,1.430511474609375e-06
238,4.598938415001612,0,18.144431,True,True,1.430511474609375e-06
239,4.617433475970756,0,18.442651,True,True,1.430511474609375e-06
240,4.6356249249656685,0,18.145162,True,True,1.430511474609375e-06
241,4.653803544992115,0,18.130225,True,True,1.430511474609375e-06
242,4.678463047952391,0,24.603759,True,True,1.430511474609375e-06
243,4.6968921949737705,0,18.354397,True,True,1.430511474609375e-06
244,4.715267437975854,0,18.320475,True,True,1.430511474609375e-06
245,4.734043776988983,0,18.724171,True,True,1.430511474609375e-06
246,4.7522825569612905,0,18.190499,True,True,1.430511474609375e-06
247,4.770566207007505,0,18.234136,True,True,1.430511474609375e-06
248,4.789116728992667,0,18.504948,True,True,1.430511474609375e-06
249,4.807555191975553,0,18.36887,True,True,1.430511474609375e-06
250,4.825995991996024,0,18.35727,True,True,1.430511474609375e-06
251,4.844525405962486,0,18.466283,True,True,1.430511474609375e-06
252,4.862982053949963,0,18.40492,True,True,1.430511474609375e-06
253,4.881212432985194,0,18.180811,True,True,1.430511474609375e-06
254,4.899627749982756,0,18.367836,True,True,1.430511474609375e-06
255,4.917809030972421,0,18.138279,True,True,1.430511474609375e-06
256,4.935983965988271,0,18.132837,True,True,1.430511474609375e-06
257,4.9543801349936984,0,18.354481,True,True,1.430511474609375e-06
258,4.972587524971459,0,18.160655,True,True,1.430511474609375e-06
259,4.991040987952147,0,18.40754,True,True,1.430511474609375e-06
260,5.009801610955037,0,18.709777,True,True,1.430511474609375e-06
261,5.027936539961956,0,18.092796,True,True,1.430511474609375e-06
262,5.046228681982029,0,18.24978,True,True,1.430511474609375e-06
263,5.06482937396504,0,18.553639,True,True,1.430511474609375e-06
264,5.083256451995112,0,18.379723,True,True,1.430511474609375e-06
265,5.101487762993202,0,18.178381,True,True,1.430511474609375e-06
266,5.12009144196054,0,18.558827,True,True,1.430511474609375e-06
267,5.13834320299793,0,18.207881,True,True,1.430511474609375e-06
268,5.156581029004883,0,18.191325,True,True,1.430511474609375e-06
269,5.1750430049723946,0,18.416912,True,True,1.430511474609375e-06
270,5.1932341500069015,0,18.146298,True,True,1.430511474609375e-06
271,5.218424064980354,0,25.145206,True,True,1.430511474609375e-06
272,5.240394246997312,0,21.894943,True,True,1.430511474609375e-06
273,5.258794761961326,0,18.330586,True,True,1.430511474609375e-06
274,5.2835880009806715,0,24.740748,True,True,1.430511474609375e-06
275,5.301973542955238,0,18.314031,True,True,1.430511474609375e-06
276,5.320173404994421,0,18.14337,True,True,1.430511474609375e-06
277,5.338694772974122,0,18.467998,True,True,1.430511474609375e-06
278,5.3682537819840945,0,29.49651,True,True,1.430511474609375e-06
279,5.387258512957487,0,18.889076,True,True,1.430511474609375e-06
280,5.405630855006166,0,18.303135,True,True,1.430511474609375e-06
281,5.435263231978752,0,29.569522,True,True,1.430511474609375e-06
282,5.453852343955077,0,18.473245,True,True,1.430511474609375e-06
283,5.472123355953954,0,18.202027,True,True,1.430511474609375e-06
284,5.490746749972459,0,18.56351,True,True,1.430511474609375e-06
285,5.50893582997378,0,18.13389,True,True,1.430511474609375e-06
286,5.527155129995663,0,18.171973,True,True,1.430511474609375e-06
287,5.545474191952962,0,18.257035,True,True,1.430511474609375e-06
288,5.563641569984611,0,18.111652,True,True,1.430511474609375e-06
289,5.581862990977243,0,18.16411,True,True,1.430511474609375e-06
290,5.600225245987531,0,18.312604,True,True,1.430511474609375e-06
291,5.618481682962738,0,18.200775,True,True,1.430511474609375e-06
292,5.636900532990694,0,18.367761,True,True,1.430511474609375e-06
293,5.655371024971828,0,18.420367,True,True,1.430511474609375e-06
294,5.673591590952128,0,18.165995,True,True,1.430511474609375e-06
295,5.691762287984602,0,18.12353,True,True,1.430511474609375e-06
296,5.710028315952513,0,18.212303,True,True,1.430511474609375e-06
297,5.728193368995562,0,18.117084,True,True,1.430511474609375e-06
298,5.746369973989204,0,18.127407,True,True,1.430511474609375e-06
299,5.764765583968256,0,18.347698,True,True,1.430511474609375e-06
300,5.782887569977902,0,18.073347,True,True,1.430511474609375e-06
301,5.801165627955925,0,18.231766,True,True,1.430511474609375e-06
302,5.819623129966203,0,18.39791,True,True,1.430511474609375e-06
303,5.837846437992994,0,18.172233,True,True,1.430511474609375e-06
304,5.856311523995828,0,18.423266,True,True,1.430511474609375e-06
305,5.878911744977813,0,22.552735,True,True,1.430511474609375e-06
306,5.897400383953936,0,18.423441,True,True,1.430511474609375e-06
307,5.915694919007365,0,18.245673,True,True,1.430511474609375e-06
308,5.934417887998279,0,18.678208,True,True,1.430511474609375e-06
309,5.952694955980405,0,18.234341,True,True,1.430511474609375e-06
310,5.9708376780035906,0,18.098053,True,True,1.430511474609375e-06
311,5.989458935975563,0,18.57547,True,True,1.430511474609375e-06
312,6.007617937983014,0,18.113198,True,True,1.430511474609375e-06
313,6.025786894955672,0,18.124995,True,True,1.430511474609375e-06
314,6.044353817007504,0,18.521691,True,True,1.430511474609375e-06
315,6.072699605952948,0,28.300763,True,True,1.430511474609375e-06
316,6.0913440639851615,0,18.557538,True,True,1.430511474609375e-06
317,6.109640246955678,0,18.235348,True,True,1.430511474609375e-06
318,6.127945538959466,0,18.257751,True,True,1.430511474609375e-06
319,6.146409439970739,0,18.417266,True,True,1.430511474609375e-06
320,6.164623463002499,0,18.172331,True,True,1.430511474609375e-06
321,6.182872992998455,0,18.208055,True,True,1.430511474609375e-06
322,6.201257909997366,0,18.338432,True,True,1.430511474609375e-06
323,6.219542839971837,0,18.241935,True,True,1.430511474609375e-06
324,6.237753712979611,0,18.168986,True,True,1.430511474609375e-06
325,6.256191705993842,0,18.392116,True,True,1.430511474609375e-06
326,6.274529747955967,0,18.294616,True,True,1.430511474609375e-06
327,6.292777159949765,0,18.202215,True,True,1.430511474609375e-06
328,6.3113388729980215,0,18.518297,True,True,1.430511474609375e-06
329,6.329562011000235,0,18.178652,True,True,1.430511474609375e-06
330,6.358015836973209,0,28.407739,True,True,1.430511474609375e-06
331,6.377845688955858,0,19.711599,True,True,1.430511474609375e-06
332,6.396285126975272,0,18.359545,True,True,1.430511474609375e-06
333,6.424009476962965,0,27.660596,True,True,1.430511474609375e-06
334,6.444223822967615,0,20.110573,True,True,1.430511474609375e-06
335,6.462954621994868,0,18.659741,True,True,1.430511474609375e-06
336,6.486767644993961,0,23.756172,True,True,1.430511474609375e-06
337,6.505211449984927,0,18.369693,True,True,1.430511474609375e-06
338,6.523917613958474,0,18.650313,True,True,1.430511474609375e-06
339,6.542510935978498,0,18.499873,True,True,1.430511474609375e-06
340,6.56095206097234,0,18.357308,True,True,1.430511474609375e-06
341,6.57944654696621,0,18.430657,True,True,1.430511474609375e-06
342,6.597730033972766,0,18.227644,True,True,1.430511474609375e-06
343,6.616034567006864,0,18.250333,True,True,1.430511474609375e-06
344,6.634677271998953,0,18.593268,True,True,1.430511474609375e-06
345,6.653313087997958,0,18.576159,True,True,1.430511474609375e-06
346,6.6717977990047075,0,18.375245,True,True,1.430511474609375e-06
347,6.690162544953637,0,18.299628,True,True,1.430511474609375e-06
348,6.708436199987773,0,18.218701,True,True,1.430511474609375e-06
349,6.726717676967382,0,18.223591,True,True,1.430511474609375e-06
350,6.745020665985066,0,18.255717,True,True,1.430511474609375e-06
351,6.763187059958,0,18.119583,True,True,1.430511474609375e-06
352,6.781444915977772,0,18.208489,True,True,1.430511474609375e-06
353,6.799736994958948,0,18.244593,True,True,1.430511474609375e-06
354,6.818156661000103,0,18.354823,True,True,1.430511474609375e-06
355,6.8366772449808195,0,18.470122,True,True,1.430511474609375e-06
356,6.854917602962814,0,18.192941,True,True,1.430511474609375e-06
357,6.873027338006068,0,18.066839,True,True,1.430511474609375e-06
358,6.891500627971254,0,18.429448,True,True,1.430511474609375e-06
359,6.909718851966318,0,18.169771,True,True,1.430511474609375e-06
360,6.927939657005481,0,18.17924,True,True,1.430511474609375e-06
361,6.946616314991843,0,18.633247,True,True,1.430511474609375e-06
362,6.96479570196243,0,18.134146,True,True,1.430511474609375e-06
363,6.98303618497448,0,18.19583,True,True,1.430511474609375e-06
364,7.001295962953009,0,18.215195,True,True,1.430511474609375e-06
365,7.019568435964175,0,18.227481,True,True,1.430511474609375e-06
366,7.0377492849947885,0,18.140233,True,True,1.430511474609375e-06
367,7.05612999695586,0,18.337089,True,True,1.430511474609375e-06
368,7.07569941598922,0,19.520892,True,True,1.430511474609375e-06
369,7.096970154962037,0,21.212812,True,True,1.430511474609375e-06
370,7.115678637987003,0,18.659386,True,True,1.430511474609375e-06
371,7.1339137309696525,0,18.193715,True,True,1.430511474609375e-06
372,7.152186959981918,0,18.227003,True,True,1.430511474609375e-06
373,7.170564611966256,0,18.329714,True,True,1.430511474609375e-06
374,7.188835616980214,0,18.224009,True,True,1.430511474609375e-06
375,7.207096737984102,0,18.215386,True,True,1.430511474609375e-06
376,7.2254641149775125,0,18.324331,True,True,1.430511474609375e-06
377,7.2439533089636825,0,18.44628,True,True,1.430511474609375e-06
378,7.262217304960359,0,18.205994,True,True,1.430511474609375e-06
379,7.280616451986134,0,18.351133,True,True,1.430511474609375e-06
380,7.298971384996548,0,18.297802,True,True,1.430511474609375e-06
381,7.317203433951363,0,18.18067,True,True,1.430511474609375e-06
382,7.335914069961291,0,18.667131,True,True,1.430511474609375e-06
383,7.354239942971617,0,18.27118,True,True,1.430511474609375e-06
384,7.38385698699858,0,29.559758,True,True,1.430511474609375e-06
385,7.402411143993959,0,18.441503,True,True,1.430511474609375e-06
386,7.432257223990746,0,29.768872,True,True,1.430511474609375e-06
387,7.450816050986759,0,18.452555,True,True,1.430511474609375e-06
388,7.469423157977872,0,18.537316,True,True,1.430511474609375e-06
389,7.488142400979996,0,18.649751,True,True,1.430511474609375e-06
390,7.50645240599988,0,18.232287,True,True,1.430511474609375e-06
391,7.524704502953682,0,18.196392,True,True,1.430511474609375e-06
392,7.542997596960049,0,18.233418,True,True,1.430511474609375e-06
393,7.561440319987014,0,18.390449,True,True,1.430511474609375e-06
394,7.5798394729499705,0,18.339829,True,True,1.430511474609375e-06
395,7.598177873995155,0,18.282567,True,True,1.430511474609375e-06
396,7.616293140978087,0,18.056707,True,True,1.430511474609375e-06
397,7.634461555979215,0,18.119592,True,True,1.430511474609375e-06
398,7.653108492959291,0,18.596343,True,True,1.430511474609375e-06
399,7.671338413958438,0,18.170706,True,True,1.430511474609375e-06
400,7.6939422829891555,0,22.548052,True,True,1.430511474609375e-06
401,7.712857937964145,0,18.84276,True,True,1.430511474609375e-06
402,7.731236583960708,0,18.30991,True,True,1.430511474609375e-06
403,7.749518253956921,0,18.225494,True,True,1.430511474609375e-06
404,7.768179784994572,0,18.607423,True,True,1.430511474609375e-06
405,7.786389971966855,0,18.160948,True,True,1.430511474609375e-06
406,7.804698872962035,0,18.250663,True,True,1.430511474609375e-06
407,7.823174564982764,0,18.388138,True,True,1.430511474609375e-06
408,7.84140514396131,0,18.172439,True,True,1.430511474609375e-06
409,7.859703869966324,0,18.251168,True,True,1.430511474609375e-06
410,7.878155684971716,0,18.398549,True,True,1.430511474609375e-06
411,7.89632395998342,0,18.123213,True,True,1.430511474609375e-06
412,7.91462680400582,0,18.256909,True,True,1.430511474609375e-06
413,7.932949466980062,0,18.277607,True,True,1.430511474609375e-06
414,7.951253786974121,0,18.261715,True,True,1.430511474609375e-06
415,7.976603133953176,0,25.305751,True,True,1.430511474609375e-06
416,7.998111725959461,0,21.43558,True,True,1.430511474609375e-06
417,8.016453813004773,0,18.280218,True,True,1.430511474609375e-06
418,8.034771200967953,0,18.264333,True,True,1.430511474609375e-06
419,8.05306224396918,0,18.241487,True,True,1.430511474609375e-06
420,8.071228221990168,0,18.122215,True,True,1.430511474609375e-06
421,8.089759346970823,0,18.485271,True,True,1.430511474609375e-06
422,8.108069078007247,0,18.260949,True,True,1.430511474609375e-06
423,8.126380942994729,0,18.268817,True,True,1.430511474609375e-06
424,8.145164361980278,0,18.737246,True,True,1.430511474609375e-06
425,8.163356650969945,0,18.14592,True,True,1.430511474609375e-06
426,8.1816088189953,0,18.202257,True,True,1.430511474609375e-06
427,8.200199394952506,0,18.541754,True,True,1.430511474609375e-06
428,8.218518724956084,0,18.262972,True,True,1.430511474609375e-06
429,8.23687024199171,0,18.298777,True,True,1.430511474609375e-06
430,8.255449483986013,0,18.521685,True,True,1.430511474609375e-06
431,8.273785114986822,0,18.282622,True,True,1.430511474609375e-06
432,8.29735119297402,0,23.518008,True,True,1.430511474609375e-06
433,8.31596921995515,0,18.556609,True,True,1.430511474609375e-06
434,8.334333425969817,0,18.31447,True,True,1.430511474609375e-06
435,8.352676094975322,0,18.293797,True,True,1.430511474609375e-06
436,8.38241547200596,0,29.684412,True,True,1.430511474609375e-06
437,8.401346073951572,0,18.82254,True,True,1.430511474609375e-06
438,8.42905322095612,0,27.637063,True,True,1.430511474609375e-06
439,8.448921050003264,0,19.760043,True,True,1.430511474609375e-06
440,8.467187165981159,0,18.197645,True,True,1.430511474609375e-06
441,8.48551975999726,0,18.274096,True,True,1.430511474609375e-06
442,8.503867602965329,0,18.286275,True,True,1.430511474609375e-06
443,8.522092767001595,0,18.171121,True,True,1.430511474609375e-06
444,8.540312305965926,0,18.167384,True,True,1.430511474609375e-06
445,8.558757424994837,0,18.391597,True,True,1.430511474609375e-06
446,8.577266248001251,0,18.459796,True,True,1.430511474609375e-06
447,8.595532379986253,0,18.21141,True,True,1.430511474609375e-06
448,8.614097166981082,0,18.515602,True,True,1.430511474609375e-06
449,8.63228917500237,0,18.137488,True,True,1.430511474609375e-06
450,8.650495328998659,0,18.158664,True,True,1.430511474609375e-06
451,8.668909431959037,0,18.367609,True,True,1.430511474609375e-06
452,8.687141931965016,0,18.176608,True,True,1.430511474609375e-06
453,8.70562235696707,0,18.426742,True,True,1.430511474609375e-06
454,8.724307446973398,0,18.635473,True,True,1.430511474609375e-06
455,8.742534517950844,0,18.176169,True,True,1.430511474609375e-06
456,8.760866573953535,0,18.256935,True,True,1.430511474609375e-06
457,8.779128104972187,0,18.204876,True,True,1.430511474609375e-06
458,8.797629074950237,0,18.452906,True,True,1.430511474609375e-06
459,8.815855071006808,0,18.171181,True,True,1.430511474609375e-06
460,8.834343541006092,0,18.438015,True,True,1.430511474609375e-06
461,8.852669079962652,0,18.277809,True,True,1.430511474609375e-06
462,8.87113468395546,0,18.398264,True,True,1.430511474609375e-06
463,8.894326960959006,0,23.10703,True,True,1.430511474609375e-06
464,8.912712278950494,0,18.318339,True,True,1.430511474609375e-06
465,8.930924296961166,0,18.162801,True,True,1.430511474609375e-06
466,8.949275869992562,0,18.301559,True,True,1.430511474609375e-06
467,8.96770870295586,0,18.383908,True,True,1.430511474609375e-06
468,8.986235194955952,0,18.457745,True,True,1.430511474609375e-06
469,9.005155691993423,0,18.813281,True,True,1.430511474609375e-06
470,9.023555007006507,0,18.327357,True,True,1.430511474609375e-06
471,9.041831782960799,0,18.225677,True,True,1.430511474609375e-06
472,9.060581374971662,0,18.698221,True,True,1.430511474609375e-06
473,9.078858280961867,0,18.225459,True,True,1.430511474609375e-06
474,9.097174528986216,0,18.272789,True,True,1.430511474609375e-06
475,9.115411289967597,0,18.186871,True,True,1.430511474609375e-06
476,9.133637810999062,0,18.183284,True,True,1.430511474609375e-06
477,9.151828697999008,0,18.145369,True,True,1.430511474609375e-06
478,9.170537795987912,0,18.664964,True,True,1.430511474609375e-06
479,9.188840588962194,0,18.260972,True,True,1.430511474609375e-06
480,9.207048023992684,0,18.156925,True,True,1.430511474609375e-06
481,9.225425073993392,0,18.333249,True,True,1.430511474609375e-06
482,9.24375315796351,0,18.28454,True,True,1.430511474609375e-06
483,9.261954975954723,0,18.155958,True,True,1.430511474609375e-06
484,9.280482036992908,0,18.482505,True,True,1.430511474609375e-06
485,9.298924003960565,0,18.393343,True,True,1.430511474609375e-06
486,9.317133529984858,0,18.157519,True,True,1.430511474609375e-06
487,9.33564506599214,0,18.464802,True,True,1.430511474609375e-06
488,9.354002897976898,0,18.303872,True,True,1.430511474609375e-06
489,9.383545025950298,0,29.482375,True,True,1.430511474609375e-06
490,9.40207188099157,0,18.424126,True,True,1.430511474609375e-06
491,9.430391170957591,0,28.250361,True,True,1.430511474609375e-06
492,9.450385308999103,0,19.891506,True,True,1.430511474609375e-06
493,9.468776068999432,0,18.313287,True,True,1.430511474609375e-06
494,9.487411312991753,0,18.572004,True,True,1.430511474609375e-06
495,9.505631890962832,0,18.159137,True,True,1.430511474609375e-06
496,9.5239767129533,0,18.29386,True,True,1.430511474609375e-06
497,9.542402166989632,0,18.365912,True,True,1.430511474609375e-06
498,9.560780174972024,0,18.322236,True,True,1.430511474609375e-06
499,9.578968394955155,0,18.136571,True,True,1.430511474609375e-06
500,9.597578800981864,0,18.551435,True,True,1.430511474609375e-06
501,9.615853364986833,0,18.216912,True,True,1.430511474609375e-06
502,9.634042217978276,0,18.136583,True,True,1.430511474609375e-06
503,9.662917886977084,0,28.823008,True,True,1.430511474609375e-06
504,9.681421209999826,0,18.423825,True,True,1.430511474609375e-06
505,9.69974148599431,0,18.256759,True,True,1.430511474609375e-06
506,9.7181671729777,0,18.361623,True,True,1.430511474609375e-06
507,9.736580373952165,0,18.357267,True,True,1.430511474609375e-06
508,9.75481504900381,0,18.178762,True,True,1.430511474609375e-06
509,9.773041164968163,0,18.174621,True,True,1.430511474609375e-06
510,9.791331947955769,0,18.242145,True,True,1.430511474609375e-06
511,9.809645785950124,0,18.249122,True,True,1.430511474609375e-06
512,9.828113358002156,0,18.411555,True,True,1.430511474609375e-06
513,9.84645135095343,0,18.254457,True,True,1.430511474609375e-06
514,9.864571287005674,0,18.073187,True,True,1.430511474609375e-06
515,9.882786225003656,0,18.171808,True,True,1.430511474609375e-06
516,9.900962519983295,0,18.133505,True,True,1.430511474609375e-06
517,9.919183680962306,0,18.17505,True,True,1.430511474609375e-06
518,9.937499288993422,0,18.27272,True,True,1.430511474609375e-06
519,9.955727360968012,0,18.181403,True,True,1.430511474609375e-06
520,9.974121773964725,0,18.327928,True,True,1.430511474609375e-06
521,9.992495846992824,0,18.311768,True,True,1.430511474609375e-06
522,10.010755442955997,0,18.212839,True,True,1.430511474609375e-06
523,10.028962778975256,0,18.163606,True,True,1.430511474609375e-06
524,10.04741593595827,0,18.405485,True,True,1.430511474609375e-06
525,10.065720435988624,0,18.259628,True,True,1.430511474609375e-06
526,10.083935953967739,0,18.164926,True,True,1.430511474609375e-06
527,10.102387197955977,0,18.405792,True,True,1.430511474609375e-06
528,10.120733407966327,0,18.298443,True,True,1.430511474609375e-06
529,10.139002708951011,0,18.219463,True,True,1.430511474609375e-06
530,10.157855418976396,0,18.799051,True,True,1.430511474609375e-06
531,10.176240532950033,0,18.297928,True,True,1.430511474609375e-06
532,10.194622071983758,0,18.319342,True,True,1.430511474609375e-06
533,10.213184673979413,0,18.512761,True,True,1.430511474609375e-06
534,10.231465302989818,0,18.231809,True,True,1.430511474609375e-06
535,10.249772117997054,0,18.259905,True,True,1.430511474609375e-06
536,10.268244653998408,0,18.422988,True,True,1.430511474609375e-06
537,10.286511770973448,0,18.222682,True,True,1.430511474609375e-06
538,10.304740660998505,0,18.176078,True,True,1.430511474609375e-06
539,10.33333929197397,0,28.550601,True,True,1.430511474609375e-06
540,10.351691099000163,0,18.285572,True,True,1.430511474609375e-06
541,10.381295706960373,0,29.536012,True,True,1.430511474609375e-06
542,10.399927058955655,0,18.523757,True,True,1.430511474609375e-06
543,10.43026806198759,0,30.269257,True,True,1.430511474609375e-06
544,10.448850398999639,0,18.479834,True,True,1.430511474609375e-06
545,10.467162596003618,0,18.240496,True,True,1.430511474609375e-06
546,10.48567662696587,0,18.461288,True,True,1.430511474609375e-06
547,10.504002675996162,0,18.262833,True,True,1.430511474609375e-06
548,10.522251611982938,0,18.197581,True,True,1.430511474609375e-06
549,10.540817401953973,0,18.506785,True,True,1.430511474609375e-06
550,10.559044590976555,0,18.174666,True,True,1.430511474609375e-06
551,10.577459413965698,0,18.364973,True,True,1.430511474609375e-06
552,10.595861543959472,0,18.34761,True,True,1.430511474609375e-06
553,10.61416911095148,0,18.25774,True,True,1.430511474609375e-06
554,10.632479076972231,0,18.257199,True,True,1.430511474609375e-06
555,10.650891287950799,0,18.363706,True,True,1.430511474609375e-06
556,10.66913478798233,0,18.19664,True,True,1.430511474609375e-06
557,10.687382036994677,0,18.18558,True,True,1.430511474609375e-06
558,10.705838823982049,0,18.401308,True,True,1.430511474609375e-06
559,10.724167462962214,0,18.27537,True,True,1.430511474609375e-06
560,10.742493457975797,0,18.275641,True,True,1.430511474609375e-06
561,10.761026252002921,0,18.441162,True,True,1.430511474609375e-06
562,10.779493794951122,0,18.393698,True,True,1.430511474609375e-06
563,10.79797359695658,0,18.424775,True,True,1.430511474609375e-06
564,10.816290960006882,0,18.242497,True,True,1.430511474609375e-06
565,10.834676235972438,0,18.32745,True,True,1.430511474609375e-06
566,10.853044521994889,0,18.319099,True,True,1.430511474609375e-06
567,10.871234997990541,0,18.142568,True,True,1.430511474609375e-06
568,10.889616895001382,0,18.335511,True,True,1.430511474609375e-06
569,10.907874391996302,0,18.210003,True,True,1.430511474609375e-06
570,10.926240244996734,0,18.31872,True,True,1.430511474609375e-06
571,10.944617790984921,0,18.332512,True,True,1.430511474609375e-06
572,10.962788916949648,0,18.129394,True,True,1.430511474609375e-06
573,10.991547162993811,0,28.708222,True,True,1.430511474609375e-06
574,11.0099965169793,0,18.376774,True,True,1.430511474609375e-06
575,11.028061643999536,0,18.007661,True,True,1.430511474609375e-06
576,11.046713061979972,0,18.601421,True,True,1.430511474609375e-06
577,11.065088047995232,0,18.327659,True,True,1.430511474609375e-06
578,11.083360912976786,0,18.224019,True,True,1.430511474609375e-06
579,11.101748735003639,0,18.341637,True,True,1.430511474609375e-06
580,11.11996518500382,0,18.172812,True,True,1.430511474609375e-06
581,11.138191027974244,0,18.184146,True,True,1.430511474609375e-06
582,11.156852020998485,0,18.61613,True,True,1.430511474609375e-06
583,11.175125721958466,0,18.231637,True,True,1.430511474609375e-06
584,11.193563291977625,0,18.382907,True,True,1.430511474609375e-06
585,11.212052485963795,0,18.435226,True,True,1.430511474609375e-06
586,11.230332923994865,0,18.236158,True,True,1.430511474609375e-06
587,11.248603928950615,0,18.227326,True,True,1.430511474609375e-06
588,11.267019684950355,0,18.367185,True,True,1.430511474609375e-06
589,11.285263479978312,0,18.197041,True,True,1.430511474609375e-06
590,11.3035720079788,0,18.263614,True,True,1.430511474609375e-06
591,11.32191891700495,0,18.293168,True,True,1.430511474609375e-06
592,11.340179399994668,0,18.214482,True,True,1.430511474609375e-06
593,11.358350269962102,0,18.128239,True,True,1.430511474609375e-06
594,11.380026431987062,0,21.624487,True,True,1.430511474609375e-06
595,11.407000145001803,0,26.88039,True,True,1.430511474609375e-06
596,11.436499962001108,0,29.405656,True,True,1.430511474609375e-06
597,11.455353577970527,0,18.762871,True,True,1.430511474609375e-06
598,11.473471706965938,0,18.048285,True,True,1.430511474609375e-06
599,11.49168221198488,0,18.151483,True,True,1.430511474609375e-06
600,11.509966728975996,0,18.224345,True,True,1.430511474609375e-06
601,11.528324978949968,0,18.305849,True,True,1.430511474609375e-06
602,11.54678294796031,0,18.397679,True,True,1.430511474609375e-06
603,11.565082755987532,0,18.223011,True,True,1.430511474609375e-06
604,11.583298997953534,0,18.159712,True,True,1.430511474609375e-06
605,11.60159954399569,0,18.243398,True,True,1.430511474609375e-06
606,11.619787200004794,0,18.133685,True,True,1.430511474609375e-06
607,11.638036606949754,0,18.195698,True,True,1.430511474609375e-06
608,11.656628119002562,0,18.525146,True,True,1.430511474609375e-06
609,11.675133391981944,0,18.446807,True,True,1.430511474609375e-06
610,11.693477199005429,0,18.245754,True,True,1.430511474609375e-06
611,11.712148537975736,0,18.605959,True,True,1.430511474609375e-06
612,11.730393171950709,0,18.188048,True,True,1.430511474609375e-06
613,11.748563253961038,0,18.115838,True,True,1.430511474609375e-06
614,11.766942589951213,0,18.327955,True,True,1.430511474609375e-06
615,11.78524826996727,0,18.260041,True,True,1.430511474609375e-06
616,11.803535257000476,0,18.235439,True,True,1.430511474609375e-06
617,11.832252977997996,0,28.658513,True,True,1.430511474609375e-06
618,11.850788939977065,0,18.467723,True,True,1.430511474609375e-06
619,11.86893588595558,0,18.088951,True,True,1.430511474609375e-06
620,11.887145602959208,0,18.159616,True,True,1.430511474609375e-06
621,11.905347823980264,0,18.150514,True,True,1.430511474609375e-06
622,11.923449984984472,0,18.052644,True,True,1.430511474609375e-06
623,11.941666750994045,0,18.17271,True,True,1.430511474609375e-06
624,11.959815716953017,0,18.105209,True,True,1.430511474609375e-06
625,11.9782621129998,0,18.402831,True,True,1.430511474609375e-06
626,11.996838424995076,0,18.524789,True,True,1.430511474609375e-06
627,12.015101934957784,0,18.213707,True,True,1.430511474609375e-06
628,12.033385427959729,0,18.239317,True,True,1.430511474609375e-06
629,12.051591008959804,0,18.16165,True,True,1.430511474609375e-06
630,12.069869473984,0,18.230884,True,True,1.430511474609375e-06
631,12.088084592949599,0,18.175363,True,True,1.430511474609375e-06
632,12.10651323897764,0,18.382777,True,True,1.430511474609375e-06
633,12.124770590977278,0,18.21076,True,True,1.430511474609375e-06
634,12.142951975984033,0,18.135957,True,True,1.430511474609375e-06
635,12.161465303972363,0,18.466479,True,True,1.430511474609375e-06
636,12.179649019963108,0,18.140598,True,True,1.430511474609375e-06
637,12.197862517961767,0,18.167378,True,True,1.430511474609375e-06
638,12.216520027955994,0,18.614268,True,True,1.430511474609375e-06
639,12.234740216983482,0,18.167267,True,True,1.430511474609375e-06
640,12.253113737970125,0,18.328584,True,True,1.430511474609375e-06
641,12.271579828986432,0,18.414601,True,True,1.430511474609375e-06
642,12.289834780967794,0,18.20663,True,True,1.430511474609375e-06
643,12.308109187986702,0,18.226078,True,True,1.430511474609375e-06
644,12.32668644899968,0,18.519441,True,True,1.430511474609375e-06
645,12.344935609959066,0,18.201387,True,True,1.430511474609375e-06
646,12.363160354958382,0,18.172916,True,True,1.430511474609375e-06
647,12.391301335999742,0,28.084939,True,True,1.430511474609375e-06
648,12.41472071397584,0,23.310749,True,True,1.430511474609375e-06
649,12.441833177988883,0,27.016234,True,True,1.430511474609375e-06
650,12.460408416984137,0,18.482237,True,True,1.430511474609375e-06
651,12.47882680897601,0,18.333208,True,True,1.430511474609375e-06
652,12.49764352699276,0,18.751483,True,True,1.430511474609375e-06
653,12.51593748095911,0,18.227809,True,True,1.430511474609375e-06
654,12.534210535988677,0,18.217887,True,True,1.430511474609375e-06
655,12.552798921999056,0,18.526175,True,True,1.430511474609375e-06
656,12.571002853976097,0,18.148548,True,True,1.430511474609375e-06
657,12.589272599958349,0,18.213165,True,True,1.430511474609375e-06
658,12.607585339981597,0,18.248902,True,True,1.430511474609375e-06
659,12.625779170950409,0,18.137371,True,True,1.430511474609375e-06
660,12.64391543297097,0,18.085055,True,True,1.430511474609375e-06
661,12.672418193949852,0,28.45282,True,True,1.430511474609375e-06
662,12.690917195985094,0,18.388225,True,True,1.430511474609375e-06
663,12.70919555897126,0,18.21267,True,True,1.430511474609375e-06
664,12.727742928953376,0,18.490196,True,True,1.430511474609375e-06
665,12.745945453003515,0,18.147577,True,True,1.430511474609375e-06
666,12.764093172969297,0,18.093025,True,True,1.430511474609375e-06
667,12.782548382005189,0,18.405124,True,True,1.430511474609375e-06
668,12.800703575951047,0,18.108905,True,True,1.430511474609375e-06
669,12.818920164951123,0,18.136828,True,True,1.430511474609375e-06
670,12.83738966198871,0,18.412643,True,True,1.430511474609375e-06
671,12.855571110965684,0,18.126014,True,True,1.430511474609375e-06
672,12.873788942990359,0,18.169183,True,True,1.430511474609375e-06
673,12.891858932969626,0,18.022858,True,True,1.430511474609375e-06
674,12.910011936968658,0,18.106158,True,True,1.430511474609375e-06
675,12.928417107963469,0,18.358474,True,True,1.430511474609375e-06
676,12.946519691962749,0,18.055342,True,True,1.430511474609375e-06
677,12.964668878994416,0,18.105775,True,True,1.430511474609375e-06
678,12.983116183953825,0,18.395533,True,True,1.430511474609375e-06
679,13.00120393797988,0,18.041475,True,True,1.430511474609375e-06
680,13.019328210968524,0,18.07917,True,True,1.430511474609375e-06
681,13.037701915949583,0,18.329322,True,True,1.430511474609375e-06
682,13.055849136959296,0,18.096541,True,True,1.430511474609375e-06
683,13.073964396957308,0,18.069307,True,True,1.430511474609375e-06
684,13.092358800990041,0,18.350071,True,True,1.430511474609375e-06
685,13.110470444953535,0,18.062295,True,True,1.430511474609375e-06
686,13.129032286000438,0,18.5174,True,True,1.430511474609375e-06
687,13.147170957003254,0,18.095879,True,True,1.430511474609375e-06
688,13.165321065986063,0,18.10591,True,True,1.430511474609375e-06
689,13.183755818987265,0,18.383742,True,True,1.430511474609375e-06
690,13.202005528961308,0,18.202296,True,True,1.430511474609375e-06
691,13.220121102000121,0,18.070354,True,True,1.430511474609375e-06
692,13.238557382952422,0,18.383438,True,True,1.430511474609375e-06
693,13.25668108399259,0,18.072415,True,True,1.430511474609375e-06
694,13.274849551962689,0,18.120768,True,True,1.430511474609375e-06
695,13.293416788976174,0,18.51922,True,True,1.430511474609375e-06
696,13.311517105961684,0,18.045115,True,True,1.430511474609375e-06
697,13.329619534953963,0,18.054543,True,True,1.430511474609375e-06
698,13.348362018004991,0,18.698725,True,True,1.430511474609375e-06
699,13.366522639989853,0,18.114845,True,True,1.430511474609375e-06
700,13.396239914000034,0,29.665493,True,True,1.430511474609375e-06
701,13.425596939981915,0,29.246859,True,True,1.430511474609375e-06
702,13.444860944990069,0,19.154208,True,True,1.430511474609375e-06
703,13.463064563984517,0,18.114008,True,True,1.430511474609375e-06
704,13.481314877979457,0,18.198498,True,True,1.430511474609375e-06
705,13.49959076900268,0,18.223834,True,True,1.430511474609375e-06
706,13.517957513977308,0,18.315351,True,True,1.430511474609375e-06
707,13.536290452000685,0,18.280929,True,True,1.430511474609375e-06
708,13.554530711960979,0,18.169847,True,True,1.430511474609375e-06
709,13.572792798979208,0,18.201051,True,True,1.430511474609375e-06
710,13.591236820968334,0,18.382067,True,True,1.430511474609375e-06
711,13.609662776987534,0,18.325935,True,True,1.430511474609375e-06
712,13.628032059990801,0,18.302094,True,True,1.430511474609375e-06
713,13.646357790974434,0,18.27017,True,True,1.430511474609375e-06
714,13.664604010991752,0,18.194682,True,True,1.430511474609375e-06
715,13.68276405200595,0,18.104851,True,True,1.430511474609375e-06
716,13.701168717991095,0,18.350552,True,True,1.430511474609375e-06
717,13.719485006993636,0,18.259249,True,True,1.430511474609375e-06
718,13.737685879983474,0,18.150281,True,True,1.430511474609375e-06
719,13.756987239001319,0,19.246291,True,True,1.430511474609375e-06
720,13.775352540949825,0,18.291018,True,True,1.430511474609375e-06
721,13.793641383992508,0,18.227808,True,True,1.430511474609375e-06
722,13.81201907095965,0,18.303635,True,True,1.430511474609375e-06
723,13.830635545949917,0,18.556477,True,True,1.430511474609375e-06
724,13.84974253596738,0,19.008306,True,True,1.430511474609375e-06
725,13.868300087982789,0,18.461657,True,True,1.430511474609375e-06
726,13.886730784957763,0,18.371726,True,True,1.430511474609375e-06
727,13.904970153002068,0,18.18876,True,True,1.430511474609375e-06
728,13.923150005983189,0,18.135043,True,True,1.430511474609375e-06
729,13.941549847950228,0,18.355264,True,True,1.430511474609375e-06
730,13.960603844956495,0,18.987732,True,True,1.430511474609375e-06
731,13.979451816994697,0,18.732994,True,True,1.430511474609375e-06
732,13.997939185996074,0,18.414843,True,True,1.430511474609375e-06
733,14.01618261996191,0,18.194057,True,True,1.430511474609375e-06
734,14.034517819003668,0,18.288704,True,True,1.430511474609375e-06
735,14.053243860951625,0,18.679399,True,True,1.430511474609375e-06
736,14.071577210968826,0,18.274082,True,True,1.430511474609375e-06
737,14.089782062976155,0,18.154695,True,True,1.430511474609375e-06
738,14.10816113697365,0,18.32135,True,True,1.430511474609375e-06
739,14.126333674998023,0,18.124436,True,True,1.430511474609375e-06
740,14.144511348975357,0,18.132191,True,True,1.430511474609375e-06
741,14.16352054500021,0,18.965733,True,True,1.430511474609375e-06
742,14.181860269978642,0,18.289332,True,True,1.430511474609375e-06
743,14.20022679498652,0,18.318509,True,True,1.430511474609375e-06
744,14.21853131300304,0,18.260581,True,True,1.430511474609375e-06
745,14.236756106955,0,18.17794,True,True,1.430511474609375e-06
746,14.255485878966283,0,18.675111,True,True,1.430511474609375e-06
747,14.273969820991624,0,18.436149,True,True,1.430511474609375e-06
748,14.292449476954062,0,18.432841,True,True,1.430511474609375e-06
749,14.310642709955573,0,18.133278,True,True,1.430511474609375e-06
750,14.328937672951724,0,18.248681,True,True,1.430511474609375e-06
751,14.347577407956123,0,18.596026,True,True,1.430511474609375e-06
752,14.365876119991299,0,18.247312,True,True,1.430511474609375e-06
753,14.384532497962937,0,18.599576,True,True,1.430511474609375e-06
754,14.412331689964049,0,27.725871,True,True,1.430511474609375e-06
755,14.433005939004943,0,20.563319,True,True,1.430511474609375e-06
756,14.452080400951672,0,19.007538,True,True,1.430511474609375e-06
757,14.470525747979991,0,18.362163,True,True,1.430511474609375e-06
758,14.48895246500615,0,18.366324,True,True,1.430511474609375e-06
759,14.507187063980382,0,18.173957,True,True,1.430511474609375e-06
760,14.525497805967461,0,18.259467,True,True,1.430511474609375e-06
761,14.543938416987658,0,18.37934,True,True,1.430511474609375e-06
762,14.562535879958887,0,18.547706,True,True,1.430511474609375e-06
763,14.591138468997087,0,28.533433,True,True,1.430511474609375e-06
764,14.60962289996678,0,18.377465,True,True,1.430511474609375e-06
765,14.62803989899112,0,18.351847,True,True,1.430511474609375e-06
766,14.646622126980219,0,18.526343,True,True,1.430511474609375e-06
767,14.664826116000768,0,18.146651,True,True,1.430511474609375e-06
768,14.683729259995744,0,18.85332,True,True,1.430511474609375e-06
769,14.702253922005184,0,18.465882,True,True,1.430511474609375e-06
770,14.720604868954979,0,18.30256,True,True,1.430511474609375e-06
771,14.739010604971554,0,18.356803,True,True,1.430511474609375e-06
772,14.757385301985778,0,18.326715,True,True,1.430511474609375e-06
773,14.776090530969668,0,18.660294,True,True,1.430511474609375e-06
774,14.7943406169652,0,18.203727,True,True,1.430511474609375e-06
775,14.812951974978205,0,18.538159,True,True,1.430511474609375e-06
776,14.831186619994696,0,18.176633,True,True,1.430511474609375e-06
777,14.849427349981852,0,18.188841,True,True,1.430511474609375e-06
778,14.867694752989337,0,18.223204,True,True,1.430511474609375e-06
779,14.886687879974488,0,18.94749,True,True,1.430511474609375e-06
780,14.905011066002771,0,18.271309,True,True,1.430511474609375e-06
781,14.923460563994013,0,18.399456,True,True,1.430511474609375e-06
782,14.941709318954963,0,18.201614,True,True,1.430511474609375e-06
783,14.959906615957152,0,18.152236,True,True,1.430511474609375e-06
784,14.978853649983648,0,18.904284,True,True,1.430511474609375e-06
785,14.997193123970646,0,18.286257,True,True,1.430511474609375e-06
786,15.015636147989426,0,18.398186,True,True,1.430511474609375e-06
787,15.034314377990086,0,18.630006,True,True,1.430511474609375e-06
788,15.052501185971778,0,18.143768,True,True,1.430511474609375e-06
789,15.070613950956613,0,18.069556,True,True,1.430511474609375e-06
790,15.089338360994589,0,18.679535,True,True,1.430511474609375e-06
791,15.107588029990438,0,18.198514,True,True,1.430511474609375e-06
792,15.125847818970215,0,18.212087,True,True,1.430511474609375e-06
793,15.14423756999895,0,18.344644,True,True,1.430511474609375e-06
794,15.162466270965524,0,18.181974,True,True,1.430511474609375e-06
795,15.18112918100087,0,18.61474,True,True,1.430511474609375e-06
796,15.199814942956436,0,18.632862,True,True,1.430511474609375e-06
797,15.218124589999206,0,18.263038,True,True,1.430511474609375e-06
798,15.23660242796177,0,18.429905,True,True,1.430511474609375e-06
799,15.254944957967382,0,18.277657,True,True,1.430511474609375e-06
800,15.27361433999613,0,18.613304,True,True,1.430511474609375e-06
801,15.291930037958082,0,18.258684,True,True,1.430511474609375e-06
802,15.310509975999594,0,18.519459,True,True,1.430511474609375e-06
803,15.328993171977345,0,18.43175,True,True,1.430511474609375e-06
804,15.347146608983167,0,18.103505,True,True,1.430511474609375e-06
805,15.36557632300537,0,18.3828,True,True,1.430511474609375e-06
806,15.384491960983723,0,18.870711,True,True,1.430511474609375e-06
807,15.41595418198267,0,31.37997,True,True,1.430511474609375e-06
808,15.443678519979585,0,27.608216,True,True,1.430511474609375e-06
809,15.4625766989775,0,18.8047,True,True,1.430511474609375e-06
810,15.481292367971037,0,18.65018,True,True,1.430511474609375e-06
811,15.499575191992335,0,18.201955,True,True,1.430511474609375e-06
812,15.518549820990302,0,18.911415,True,True,1.430511474609375e-06
813,15.536703415971715,0,18.097433,True,True,1.430511474609375e-06
814,15.555030543997418,0,18.270643,True,True,1.430511474609375e-06
815,15.574339729966596,0,19.2512,True,True,1.430511474609375e-06
816,15.59256193798501,0,18.162863,True,True,1.430511474609375e-06
817,15.610786410979927,0,18.151768,True,True,1.430511474609375e-06
818,15.629604963003658,0,18.760972,True,True,1.430511474609375e-06
819,15.647717732994352,0,18.054673,True,True,1.430511474609375e-06
820,15.665863678965252,0,18.093349,True,True,1.430511474609375e-06
821,15.684629230992869,0,18.701761,True,True,1.430511474609375e-06
822,15.702789673989173,0,18.096893,True,True,1.430511474609375e-06
823,15.721449535980355,0,18.603055,True,True,1.430511474609375e-06
824,15.739716196956579,0,18.211015,True,True,1.430511474609375e-06
825,15.757843311002944,0,18.07574,True,True,1.430511474609375e-06
826,15.776538718957454,0,18.642485,True,True,1.430511474609375e-06
827,15.79477004200453,0,18.177308,True,True,1.430511474609375e-06
828,15.813431510003284,0,18.597911,True,True,1.430511474609375e-06
829,15.831578476005234,0,18.096941,True,True,1.430511474609375e-06
830,15.849803074961528,0,18.177456,True,True,1.430511474609375e-06
831,15.868462319951504,0,18.612016,True,True,1.430511474609375e-06
832,15.88714062498184,0,18.626399,True,True,1.430511474609375e-06
833,15.905305847001728,0,18.109964,True,True,1.430511474609375e-06
834,15.923872875981033,0,18.520648,True,True,1.430511474609375e-06
835,15.94192412897246,0,18.004915,True,True,1.430511474609375e-06
836,15.96027211798355,0,18.299713,True,True,1.430511474609375e-06
837,15.979653761954978,0,19.331929,True,True,1.430511474609375e-06
838,15.997811298002489,0,18.104182,True,True,1.430511474609375e-06
839,16.015996265981812,0,18.137113,True,True,1.430511474609375e-06
840,16.034464654978365,0,18.42429,True,True,1.430511474609375e-06
841,16.052572536980733,0,18.061039,True,True,1.430511474609375e-06
842,16.070749581966083,0,18.134985,True,True,1.430511474609375e-06
843,16.096513945958577,0,25.704064,True,True,1.430511474609375e-06
844,16.115035184950102,0,18.42676,True,True,1.430511474609375e-06
845,16.13323211495299,0,18.12693,True,True,1.430511474609375e-06
846,16.15155170595972,0,18.270303,True,True,1.430511474609375e-06
847,16.169913224002812,0,18.310316,True,True,1.430511474609375e-06
848,16.189161519985646,0,19.197783,True,True,1.430511474609375e-06
849,16.20737233199179,0,18.160897,True,True,1.430511474609375e-06
850,16.225607896980364,0,18.187798,True,True,1.430511474609375e-06
851,16.244181416986976,0,18.514106,True,True,1.430511474609375e-06
852,16.272952755971346,0,28.710057,True,True,1.430511474609375e-06
853,16.291959994006902,0,18.922245,True,True,1.430511474609375e-06
854,16.310252106981352,0,18.227665,True,True,1.430511474609375e-06
855,16.32852652197471,0,18.217827,True,True,1.430511474609375e-06
856,16.34707903699018,0,18.502756,True,True,1.430511474609375e-06
857,16.365780142950825,0,18.647425,True,True,1.430511474609375e-06
858,16.384082545991987,0,18.242517,True,True,1.430511474609375e-06
859,16.416124351962935,0,31.980217,True,True,1.430511474609375e-06
860,16.44393638096517,0,27.657712,True,True,1.430511474609375e-06
861,16.463554368994664,0,19.523868,True,True,1.430511474609375e-06
862,16.48215265996987,0,18.520998,True,True,1.430511474609375e-06
863,16.500719518982805,0,18.440992,True,True,1.430511474609375e-06
864,16.519314175995532,0,18.514438,True,True,1.430511474609375e-06
865,16.53747471299721,0,18.100238,True,True,1.430511474609375e-06
866,16.556169233983383,0,18.635001,True,True,1.430511474609375e-06
867,16.57488225097768,0,18.661419,True,True,1.430511474609375e-06
868,16.59330070496071,0,18.358987,True,True,1.430511474609375e-06
869,16.611819337995257,0,18.413709,True,True,1.430511474609375e-06
870,16.630692072969396,0,18.762313,True,True,1.430511474609375e-06
871,16.648935660952702,0,18.170553,True,True,1.430511474609375e-06
872,16.667724408966023,0,18.735,True,True,1.430511474609375e-06
873,16.686314413964283,0,18.526241,True,True,1.430511474609375e-06
874,16.70450749900192,0,18.138755,True,True,1.430511474609375e-06
875,16.722603684989735,0,18.038732,True,True,1.430511474609375e-06
876,16.74115560000064,0,18.501003,True,True,1.430511474609375e-06
877,16.759746368974447,0,18.536459,True,True,1.430511474609375e-06
878,16.778075698006433,0,18.269215,True,True,1.430511474609375e-06
879,16.796744700986892,0,18.61892,True,True,1.430511474609375e-06
880,16.815170708985534,0,18.348422,True,True,1.430511474609375e-06
881,16.833322489983402,0,18.089505,True,True,1.430511474609375e-06
882,16.85177536396077,0,18.404832,True,True,1.430511474609375e-06
883,16.86993500997778,0,18.1126,True,True,1.430511474609375e-06
884,16.887953058001585,0,17.970632,True,True,1.430511474609375e-06
885,16.90616015996784,0,18.161961,True,True,1.430511474609375e-06
886,16.93456200399669,0,28.353692,True,True,1.430511474609375e-06
887,16.953176172974054,0,18.555283,True,True,1.430511474609375e-06
888,16.97139545000391,0,18.168129,True,True,1.430511474609375e-06
889,16.989529298967682,0,18.083733,True,True,1.430511474609375e-06
890,17.00795301096514,0,18.376717,True,True,1.430511474609375e-06
891,17.026039674005006,0,18.040225,True,True,1.430511474609375e-06
892,17.044512360997032,0,18.428526,True,True,1.430511474609375e-06
893,17.062674979970325,0,18.117812,True,True,1.430511474609375e-06
894,17.080811135005206,0,18.092541,True,True,1.430511474609375e-06
895,17.0991287099896,0,18.27534,True,True,1.430511474609375e-06
896,17.117418732959777,0,18.248021,True,True,1.430511474609375e-06
897,17.135808858962264,0,18.346065,True,True,1.430511474609375e-06
898,17.154006312950514,0,18.150398,True,True,1.430511474609375e-06
899,17.172155338979792,0,18.105981,True,True,1.430511474609375e-06
900,17.190515552007128,0,18.316211,True,True,1.430511474609375e-06
901,17.208661298966035,0,18.101696,True,True,1.430511474609375e-06
902,17.227335756993853,0,18.631746,True,True,1.430511474609375e-06
903,17.24556242499966,0,18.183087,True,True,1.430511474609375e-06
904,17.26373138395138,0,18.117127,True,True,1.430511474609375e-06
905,17.282288148999214,0,18.510774,True,True,1.430511474609375e-06
906,17.300449585949536,0,18.113727,True,True,1.430511474609375e-06
907,17.318548733950593,0,18.050627,True,True,1.430511474609375e-06
908,17.33695466996869,0,18.362965,True,True,1.430511474609375e-06
909,17.35503819299629,0,18.039546,True,True,1.430511474609375e-06
910,17.37348570697941,0,18.405685,True,True,1.430511474609375e-06
911,17.391788840002846,0,18.25193,True,True,1.430511474609375e-06
912,17.41284798097331,0,20.9882,True,True,1.430511474609375e-06
913,17.44008265796583,0,27.123412,True,True,1.430511474609375e-06
914,17.458544879977126,0,18.36409,True,True,1.430511474609375e-06
915,17.476976587960962,0,18.363336,True,True,1.430511474609375e-06
916,17.495285796991084,0,18.241269,True,True,1.430511474609375e-06
917,17.51353797496995,0,18.194479,True,True,1.430511474609375e-06
918,17.531839439994656,0,18.250222,True,True,1.430511474609375e-06
919,17.549920987978112,0,18.023691,True,True,1.430511474609375e-06
920,17.568050126952585,0,18.077312,True,True,1.430511474609375e-06
921,17.59605172497686,0,27.945684,True,True,1.430511474609375e-06
922,17.614395912969485,0,18.247549,True,True,1.430511474609375e-06
923,17.632675874978304,0,18.210713,True,True,1.430511474609375e-06
924,17.651392160973046,0,18.65856,True,True,1.430511474609375e-06
925,17.669562070979737,0,18.111563,True,True,1.430511474609375e-06
926,17.687734950974118,0,18.116567,True,True,1.430511474609375e-06
927,17.70622684195405,0,18.443387,True,True,1.430511474609375e-06
928,17.724391461990308,0,18.108039,True,True,1.430511474609375e-06
929,17.742513670003973,0,18.070654,True,True,1.430511474609375e-06
930,17.761063218989875,0,18.495597,True,True,1.430511474609375e-06
931,17.779400016006548,0,18.285215,True,True,1.430511474609375e-06
932,17.797592375951353,0,18.140429,True,True,1.430511474609375e-06
933,17.816201477951836,0,18.536749,True,True,1.430511474609375e-06
934,17.834288903977722,0,18.03399,True,True,1.430511474609375e-06
935,17.852385754988063,0,18.046555,True,True,1.430511474609375e-06
936,17.870671699987724,0,18.240075,True,True,1.430511474609375e-06
937,17.888739681977313,0,18.024149,True,True,1.430511474609375e-06
938,17.906989350973163,0,18.20694,True,True,1.430511474609375e-06
939,17.925141722953413,0,18.10819,True,True,1.430511474609375e-06
940,17.943253211968113,0,18.063912,True,True,1.430511474609375e-06
941,17.96180861495668,0,18.511684,True,True,1.430511474609375e-06
942,17.979905646992847,0,18.05339,True,True,1.430511474609375e-06
943,17.99799660698045,0,18.046639,True,True,1.430511474609375e-06
944,18.016595583991148,0,18.556746,True,True,1.430511474609375e-06
945,18.034814853977878,0,18.175238,True,True,1.430511474609375e-06
946,18.052862832963,0,18.003628,True,True,1.430511474609375e-06
947,18.071078629989643,0,18.172477,True,True,1.430511474609375e-06
948,18.089107461972162,0,17.986819,True,True,1.430511474609375e-06
949,18.107621476985514,0,18.464102,True,True,1.430511474609375e-06
950,18.12581150600454,0,18.138992,True,True,1.430511474609375e-06
951,18.144135206995998,0,18.276476,True,True,1.430511474609375e-06
952,18.16268573299749,0,18.502242,True,True,1.430511474609375e-06
953,18.18085617100587,0,18.108906,True,True,1.430511474609375e-06
954,18.19936485798098,0,18.462079,True,True,1.430511474609375e-06
955,18.21751441300148,0,18.104291,True,True,1.430511474609375e-06
956,18.235697794996668,0,18.132897,True,True,1.430511474609375e-06
957,18.253934615000617,0,18.190502,True,True,1.430511474609375e-06
958,18.272281805984676,0,18.291587,True,True,1.430511474609375e-06
959,18.290836728992872,0,18.500817,True,True,1.430511474609375e-06
960,18.30895859497832,0,18.071029,True,True,1.430511474609375e-06
961,18.327057580987457,0,18.049277,True,True,1.430511474609375e-06
962,18.345705267973244,0,18.60207,True,True,1.430511474609375e-06
963,18.36381774599431,0,18.062849,True,True,1.430511474609375e-06
964,18.38210003299173,0,18.234858,True,True,1.430511474609375e-06
965,18.400621492997743,0,18.462464,True,True,1.430511474609375e-06
966,18.43924092198722,0,38.557544,True,True,1.430511474609375e-06
967,18.457945270987693,0,18.571207,True,True,1.430511474609375e-06
968,18.476232676999643,0,18.211025,True,True,1.430511474609375e-06
969,18.494874410971534,0,18.579139,True,True,1.430511474609375e-06
970,18.512983092979994,0,18.054216,True,True,1.430511474609375e-06
971,18.531202735961415,0,18.160389,True,True,1.430511474609375e-06
972,18.550111574993934,0,18.850517,True,True,1.430511474609375e-06
973,18.56826207996346,0,18.092484,True,True,1.430511474609375e-06
974,18.5866324819508,0,18.305499,True,True,1.430511474609375e-06
975,18.605271221953444,0,18.571091,True,True,1.430511474609375e-06
976,18.62352555198595,0,18.198186,True,True,1.430511474609375e-06
977,18.641833735979162,0,18.250885,True,True,1.430511474609375e-06
978,18.660019773989916,0,18.134505,True,True,1.430511474609375e-06
979,18.67827115696855,0,18.204685,True,True,1.430511474609375e-06
980,18.69680548697943,0,18.472305,True,True,1.430511474609375e-06
981,18.714980667980853,0,18.119081,True,True,1.430511474609375e-06
982,18.73310379497707,0,18.066526,True,True,1.430511474609375e-06
983,18.751736151985824,0,18.574542,True,True,1.430511474609375e-06
984,18.769882783992216,0,18.084809,True,True,1.430511474609375e-06
985,18.78808745398419,0,18.149945,True,True,1.430511474609375e-06
986,18.813082921958994,0,24.926449,True,True,1.430511474609375e-06
987,18.83168132195715,0,18.47818,True,True,1.430511474609375e-06
988,18.850252100965008,0,18.501268,True,True,1.430511474609375e-06
989,18.86841093900148,0,18.1055,True,True,1.430511474609375e-06
990,18.886476284998935,0,18.014247,True,True,1.430511474609375e-06
991,18.905318407982122,0,18.790737,True,True,1.430511474609375e-06
992,18.923700822982937,0,18.321061,True,True,1.430511474609375e-06
993,18.942050886980724,0,18.241109,True,True,1.430511474609375e-06
994,18.960438895970583,0,18.321909,True,True,1.430511474609375e-06
995,18.97882431797916,0,18.32847,True,True,1.430511474609375e-06
996,18.99736831896007,0,18.486459,True,True,1.430511474609375e-06
997,19.015487055992708,0,18.069782,True,True,1.430511474609375e-06
998,19.033666969975457,0,18.130714,True,True,1.430511474609375e-06
999,19.052071732003242,0,18.355899,True,True,1.430511474609375e-06
1000,19.070231435995083,0,18.107568,True,True,1.430511474609375e-06
1001,19.088414557976648,0,18.126892,True,True,1.430511474609375e-06
1002,19.10711772396462,0,18.655726,True,True,1.430511474609375e-06
1003,19.125391669978853,0,18.223553,True,True,1.430511474609375e-06
1004,19.143550438981038,0,18.109236,True,True,1.430511474609375e-06
1005,19.161952440976165,0,18.354034,True,True,1.430511474609375e-06
1006,19.180125020968262,0,18.123405,True,True,1.430511474609375e-06
1007,19.198517581971828,0,18.338462,True,True,1.430511474609375e-06
1008,19.21663483697921,0,18.07142,True,True,1.430511474609375e-06
1009,19.234768506954424,0,18.089073,True,True,1.430511474609375e-06
1010,19.260805189958774,0,25.988133,True,True,1.430511474609375e-06
1011,19.28263703797711,0,21.737949,True,True,1.430511474609375e-06
1012,19.300999795959797,0,18.296018,True,True,1.430511474609375e-06
1013,19.31919343699701,0,18.136175,True,True,1.430511474609375e-06
1014,19.337446772959083,0,18.20013,True,True,1.430511474609375e-06
1015,19.355582971998956,0,18.081029,True,True,1.430511474609375e-06
1016,19.374091224977747,0,18.456406,True,True,1.430511474609375e-06
1017,19.392222711991053,0,18.077309,True,True,1.430511474609375e-06
1018,19.413255308987573,0,20.969847,True,True,1.430511474609375e-06
1019,19.440231505956035,0,26.878067,True,True,1.430511474609375e-06
1020,19.45904690498719,0,18.720286,True,True,1.430511474609375e-06
1021,19.477487083000597,0,18.376346,True,True,1.430511474609375e-06
1022,19.495718089980073,0,18.16695,True,True,1.430511474609375e-06
1023,19.513922074984293,0,18.143542,True,True,1.430511474609375e-06
1024,19.532829727977514,0,18.855632,True,True,1.430511474609375e-06
1025,19.550873334985226,0,17.985384,True,True,1.430511474609375e-06
1026,19.56896899099229,0,18.044948,True,True,1.430511474609375e-06
1027,19.587243889982346,0,18.223752,True,True,1.430511474609375e-06
1028,19.60537831200054,0,18.065227,True,True,1.430511474609375e-06
1029,19.623906996974256,0,18.470932,True,True,1.430511474609375e-06
1030,19.641974265978206,0,18.00559,True,True,1.430511474609375e-06
1031,19.66006936499616,0,18.045059,True,True,1.430511474609375e-06
1032,19.678666684951168,0,18.545787,True,True,1.430511474609375e-06
1033,19.69674780598143,0,18.025839,True,True,1.430511474609375e-06
1034,19.71491573099047,0,18.111716,True,True,1.430511474609375e-06
1035,19.733519042958505,0,18.543722,True,True,1.430511474609375e-06
1036,19.751671631995123,0,18.100622,True,True,1.430511474609375e-06
1037,19.769752445979975,0,18.026088,True,True,1.430511474609375e-06
1038,19.788104439969175,0,18.300815,True,True,1.430511474609375e-06
1039,19.806280193966813,0,18.127039,True,True,1.430511474609375e-06
1040,19.82438825396821,0,18.035195,True,True,1.430511474609375e-06
1041,19.843015783000737,0,18.570427,True,True,1.430511474609375e-06
1042,19.861049444996752,0,17.985632,True,True,1.430511474609375e-06
1043,19.879117092001252,0,18.021425,True,True,1.430511474609375e-06
1044,19.897211940959096,0,18.047795,True,True,1.430511474609375e-06
1045,19.915223793999758,0,17.969182,True,True,1.430511474609375e-06
1046,19.933752696961164,0,18.484131,True,True,1.430511474609375e-06
1047,19.951734982954804,0,17.941403,True,True,1.430511474609375e-06
1048,19.96985610196134,0,18.078329,True,True,1.430511474609375e-06
1049,19.987863304966595,0,17.965919,True,True,1.430511474609375e-06
1050,20.005993790982757,0,18.088683,True,True,1.430511474609375e-06
1051,20.024105613993015,0,18.066535,True,True,1.430511474609375e-06
1052,20.042375218006782,0,18.228802,True,True,1.430511474609375e-06
1053,20.060857218981255,0,18.434607,True,True,1.430511474609375e-06
1054,20.078875946986955,0,17.977252,True,True,1.430511474609375e-06
1055,20.097171095956583,0,18.244405,True,True,1.430511474609375e-06
1056,20.115214733988978,0,17.988335,True,True,1.430511474609375e-06
1057,20.133380068000406,0,18.11387,True,True,1.430511474609375e-06
1058,20.151708632998634,0,18.283408,True,True,1.430511474609375e-06
1059,20.169706796994433,0,17.954383,True,True,1.430511474609375e-06
1060,20.188062829955015,0,18.311146,True,True,1.430511474609375e-06
1061,20.20633563597221,0,18.230943,True,True,1.430511474609375e-06
1062,20.2245754179894,0,18.182962,True,True,1.430511474609375e-06
1063,20.242723875970114,0,18.091929,True,True,1.430511474609375e-06
1064,20.260911349963862,0,18.133201,True,True,1.430511474609375e-06
1065,20.27937101596035,0,18.392043,True,True,1.430511474609375e-06
1066,20.29743877297733,0,18.02244,True,True,1.430511474609375e-06
1067,20.315673237957526,0,18.18014,True,True,1.430511474609375e-06
1068,20.334012753970455,0,18.291213,True,True,1.430511474609375e-06
1069,20.352145779994316,0,18.089345,True,True,1.430511474609375e-06
1070,20.37047071196139,0,18.271805,True,True,1.430511474609375e-06
1071,20.388566020003054,0,18.041993,True,True,1.430511474609375e-06
1072,20.40677387395408,0,18.156314,True,True,1.430511474609375e-06
1073,20.4353397419909,0,28.511911,True,True,1.430511474609375e-06
1074,20.455306068004575,0,19.857308,True,True,1.430511474609375e-06
1075,20.47368421900319,0,18.304113,True,True,1.430511474609375e-06
1076,20.491859681962524,0,18.117381,True,True,1.430511474609375e-06
1077,20.510047949966975,0,18.133572,True,True,1.430511474609375e-06
1078,20.528139090980403,0,18.042045,True,True,1.430511474609375e-06
1079,20.54626490199007,0,18.076408,True,True,1.430511474609375e-06
1080,20.56468233698979,0,18.361411,True,True,1.430511474609375e-06
1081,20.582758564967662,0,18.025452,True,True,1.430511474609375e-06
1082,20.601485677005257,0,18.664329,True,True,1.430511474609375e-06
1083,20.619591800961643,0,18.045786,True,True,1.430511474609375e-06
1084,20.637804537953343,0,18.162742,True,True,1.430511474609375e-06
1085,20.656340521003585,0,18.486967,True,True,1.430511474609375e-06
1086,20.67443018098129,0,18.037588,True,True,1.430511474609375e-06
1087,20.692759902973194,0,18.275775,True,True,1.430511474609375e-06
1088,20.711254541995004,0,18.446779,True,True,1.430511474609375e-06
1089,20.72949041798711,0,18.184322,True,True,1.430511474609375e-06
1090,20.747632827959023,0,18.088818,True,True,1.430511474609375e-06
1091,20.766083385969978,0,18.396837,True,True,1.430511474609375e-06
1092,20.78420783195179,0,18.068573,True,True,1.430511474609375e-06
1093,20.802369882992934,0,18.110454,True,True,1.430511474609375e-06
1094,20.82097390497802,0,18.54195,True,True,1.430511474609375e-06
1095,20.838974577956833,0,17.953723,True,True,1.430511474609375e-06
1096,20.857157927006483,0,18.136968,True,True,1.430511474609375e-06
1097,20.87524108996149,0,18.039057,True,True,1.430511474609375e-06
1098,20.89334168296773,0,18.051505,True,True,1.430511474609375e-06
1099,20.911833385995124,0,18.451094,True,True,1.430511474609375e-06
1100,20.92988864897052,0,18.008512,True,True,1.430511474609375e-06
1101,20.948117544990964,0,18.187003,True,True,1.430511474609375e-06
1102,20.966300349973608,0,18.136816,True,True,1.430511474609375e-06
1103,20.984351290971972,0,18.007938,True,True,1.430511474609375e-06
1104,21.00284702796489,0,18.45113,True,True,1.430511474609375e-06
1105,21.02091640798608,0,18.025854,True,True,1.430511474609375e-06
1106,21.03908830997534,0,18.130749,True,True,1.430511474609375e-06
1107,21.057361274957657,0,18.226745,True,True,1.430511474609375e-06
1108,21.075603267992847,0,18.198539,True,True,1.430511474609375e-06
1109,21.0939983339631,0,18.346459,True,True,1.430511474609375e-06
1110,21.112054297991563,0,18.011602,True,True,1.430511474609375e-06
1111,21.130194284953177,0,18.096714,True,True,1.430511474609375e-06
1112,21.14847626799019,0,18.235247,True,True,1.430511474609375e-06
1113,21.166566505969968,0,18.049857,True,True,1.430511474609375e-06
1114,21.19532265799353,0,28.711524,True,True,1.430511474609375e-06
1115,21.21406956599094,0,18.66713,True,True,1.430511474609375e-06
1116,21.23231074400246,0,18.182909,True,True,1.430511474609375e-06
1117,21.25048445898574,0,18.119378,True,True,1.430511474609375e-06
1118,21.26905620499747,0,18.516412,True,True,1.430511474609375e-06
1119,21.287223069986794,0,18.105902,True,True,1.430511474609375e-06
1120,21.30539927596692,0,18.120388,True,True,1.430511474609375e-06
1121,21.32352032599738,0,18.073888,True,True,1.430511474609375e-06
1122,21.341834686987568,0,18.266112,True,True,1.430511474609375e-06
1123,21.360197420988698,0,18.313374,True,True,1.430511474609375e-06
1124,21.37834318896057,0,18.101014,True,True,1.430511474609375e-06
1125,21.39690603897907,0,18.515377,True,True,1.430511474609375e-06
1126,21.426749410980847,0,29.784787,True,True,1.430511474609375e-06
1127,21.456333301961422,0,29.452164,True,True,1.430511474609375e-06
1128,21.474688410991803,0,18.245065,True,True,1.430511474609375e-06
1129,21.492945670965128,0,18.185752,True,True,1.430511474609375e-06
1130,21.51160007796716,0,18.594255,True,True,1.430511474609375e-06
1131,21.52973386098165,0,18.082553,True,True,1.430511474609375e-06
1132,21.548296687949914,0,18.508898,True,True,1.430511474609375e-06
1133,21.56709005497396,0,18.67512,True,True,1.430511474609375e-06
1134,21.58528161997674,0,18.113238,True,True,1.430511474609375e-06
1135,21.603410050971434,0,18.075666,True,True,1.430511474609375e-06
1136,21.62191329698544,0,18.448358,True,True,1.430511474609375e-06
1137,21.63999611500185,0,18.036198,True,True,1.430511474609375e-06
1138,21.65812558797188,0,18.077959,True,True,1.430511474609375e-06
1139,21.67641035997076,0,18.237625,True,True,1.430511474609375e-06
1140,21.694357348955236,0,17.897324,True,True,1.430511474609375e-06
1141,21.712831640965305,0,18.424778,True,True,1.430511474609375e-06
1142,21.73110341996653,0,18.222325,True,True,1.430511474609375e-06
1143,21.74923456495162,0,18.072842,True,True,1.430511474609375e-06
1144,21.76752943295287,0,18.241073,True,True,1.430511474609375e-06
1145,21.785550114989746,0,17.967852,True,True,1.430511474609375e-06
1146,21.804096215986647,0,18.496313,True,True,1.430511474609375e-06
1147,21.822349681984633,0,18.154776,True,True,1.430511474609375e-06
1148,21.84049910097383,0,18.091576,True,True,1.430511474609375e-06
1149,21.858880646002945,0,18.331874,True,True,1.430511474609375e-06
1150,21.876880727999378,0,17.952583,True,True,1.430511474609375e-06
1151,21.89546602999326,0,18.538703,True,True,1.430511474609375e-06
1152,21.913432456960436,0,17.917641,True,True,1.430511474609375e-06
1153,21.931534481002018,0,18.055297,True,True,1.430511474609375e-06
1154,21.95010298595298,0,18.522311,True,True,1.430511474609375e-06
1155,21.968167422979604,0,18.015992,True,True,1.430511474609375e-06
1156,21.986360076989513,0,18.147073,True,True,1.430511474609375e-06
1157,22.004395794996526,0,17.992609,True,True,1.430511474609375e-06
1158,22.02256823895732,0,18.122808,True,True,1.430511474609375e-06
1159,22.040865106973797,0,18.250126,True,True,1.430511474609375e-06
1160,22.05908814497525,0,18.179588,True,True,1.430511474609375e-06
1161,22.0774871679605,0,18.352121,True,True,1.430511474609375e-06
1162,22.09562187298434,0,18.090258,True,True,1.430511474609375e-06
1163,22.11371316498844,0,18.048547,True,True,1.430511474609375e-06
1164,22.13219100498827,0,18.435094,True,True,1.430511474609375e-06
1165,22.150368887989316,0,18.131479,True,True,1.430511474609375e-06
1166,22.16851012397092,0,18.098647,True,True,1.430511474609375e-06
1167,22.186887992953416,0,18.336328,True,True,1.430511474609375e-06
1168,22.205092255957425,0,18.159095,True,True,1.430511474609375e-06
1169,22.223130207974464,0,17.995926,True,True,1.430511474609375e-06
1170,22.2415189309977,0,18.344958,True,True,1.430511474609375e-06
1171,22.259865062951576,0,18.294647,True,True,1.430511474609375e-06
1172,22.278179463988636,0,18.266796,True,True,1.430511474609375e-06
1173,22.29658784798812,0,18.355547,True,True,1.430511474609375e-06
1174,22.31484508299036,0,18.210164,True,True,1.430511474609375e-06
1175,22.333229426003527,0,18.334497,True,True,1.430511474609375e-06
1176,22.351749097986612,0,18.457822,True,True,1.430511474609375e-06
1177,22.370267869962845,0,18.426336,True,True,1.430511474609375e-06
1178,22.38871248497162,0,18.382956,True,True,1.430511474609375e-06
1179,22.4090955129941,0,20.325423,True,True,1.430511474609375e-06
1180,22.4353084419854,0,26.132309,True,True,1.430511474609375e-06
1181,22.4667833269923,0,31.379322,True,True,1.430511474609375e-06
1182,22.485469284991268,0,18.577251,True,True,1.430511474609375e-06
1183,22.503900006006006,0,18.358555,True,True,1.430511474609375e-06
1184,22.522289261978585,0,18.332582,True,True,1.430511474609375e-06
1185,22.540786725003272,0,18.452123,True,True,1.430511474609375e-06
1186,22.559135143004823,0,18.293029,True,True,1.430511474609375e-06
1187,22.57748419098789,0,18.298066,True,True,1.430511474609375e-06
1188,22.595799495989922,0,18.262549,True,True,1.430511474609375e-06
1189,22.61408227396896,0,18.216608,True,True,1.430511474609375e-06
1190,22.632599369972013,0,18.465098,True,True,1.430511474609375e-06
1191,22.650884521950502,0,18.235716,True,True,1.430511474609375e-06
1192,22.669207646977156,0,18.273713,True,True,1.430511474609375e-06
1193,22.68756452697562,0,18.299841,True,True,1.430511474609375e-06
1194,22.705945331952535,0,18.322534,True,True,1.430511474609375e-06
1195,22.724264878954273,0,18.266717,True,True,1.430511474609375e-06
1196,22.742582114005927,0,18.264063,True,True,1.430511474609375e-06
1197,22.76096038497053,0,18.32577,True,True,1.430511474609375e-06
1198,22.779298255976755,0,18.281742,True,True,1.430511474609375e-06
1199,22.79768789699301,0,18.340046,True,True,1.430511474609375e-06
1200,22.816114533983637,0,18.341956,True,True,1.430511474609375e-06
1201,22.83417541597737,0,17.991918,True,True,1.430511474609375e-06
1202,22.857252298970707,0,23.023124,True,True,1.430511474609375e-06
1203,22.87993929098593,0,22.605241,True,True,1.430511474609375e-06
1204,22.89827945199795,0,18.281086,True,True,1.430511474609375e-06
1205,22.916728824959137,0,18.398727,True,True,1.430511474609375e-06
1206,22.935123864968773,0,18.348508,True,True,1.430511474609375e-06
1207,22.95343781495467,0,18.26696,True,True,1.430511474609375e-06
1208,22.971853586961515,0,18.369417,True,True,1.430511474609375e-06
1209,22.99011807399802,0,18.220023,True,True,1.430511474609375e-06
1210,23.00844867998967,0,18.284643,True,True,1.430511474609375e-06
1211,23.027018576976843,0,18.522474,True,True,1.430511474609375e-06
1212,23.04527701396728,0,18.211861,True,True,1.430511474609375e-06
1213,23.063533387961797,0,18.213877,True,True,1.430511474609375e-06
1214,23.081606497988105,0,18.031331,True,True,1.430511474609375e-06
1215,23.099899791006465,0,18.247186,True,True,1.430511474609375e-06
1216,23.118230283958837,0,18.286878,True,True,1.430511474609375e-06
1217,23.136578560981434,0,18.306174,True,True,1.430511474609375e-06
1218,23.155082747980487,0,18.457657,True,True,1.430511474609375e-06
1219,23.173462108999956,0,18.324337,True,True,1.430511474609375e-06
1220,23.191803952970076,0,18.291936,True,True,1.430511474609375e-06
1221,23.21014127798844,0,18.288427,True,True,1.430511474609375e-06
1222,23.22844159300439,0,18.256728,True,True,1.430511474609375e-06
1223,23.24699138000142,0,18.507986,True,True,1.430511474609375e-06
1224,23.26554984995164,0,18.498411,True,True,1.430511474609375e-06
1225,23.283882478950545,0,18.285027,True,True,1.430511474609375e-06
1226,23.302372626960278,0,18.435577,True,True,1.430511474609375e-06
1227,23.32082827598788,0,18.40059,True,True,1.430511474609375e-06
1228,23.339349765970837,0,18.470206,True,True,1.430511474609375e-06
1229,23.357651189959142,0,18.248476,True,True,1.430511474609375e-06
1230,23.376052507956047,0,18.3561,True,True,1.430511474609375e-06
1231,23.39436235098401,0,18.250184,True,True,1.430511474609375e-06
1232,23.41610424395185,0,21.684801,True,True,1.430511474609375e-06
1233,23.445688546984456,0,29.470911,True,True,1.430511474609375e-06
1234,23.47267408395419,0,26.865861,True,True,1.430511474609375e-06
1235,23.49143205099972,0,18.654115,True,True,1.430511474609375e-06
1236,23.510041136003565,0,18.538323,True,True,1.430511474609375e-06
1237,23.537994657002855,0,27.890794,True,True,1.430511474609375e-06
1238,23.556654043961316,0,18.578412,True,True,1.430511474609375e-06
1239,23.57524562999606,0,18.52791,True,True,1.430511474609375e-06
1240,23.593643391970545,0,18.337416,True,True,1.430511474609375e-06
1241,23.611988486954942,0,18.283643,True,True,1.430511474609375e-06
1242,23.630304563965183,0,18.262811,True,True,1.430511474609375e-06
1243,23.648666486958973,0,18.306669,True,True,1.430511474609375e-06
1244,23.66707303596195,0,18.359082,True,True,1.430511474609375e-06
1245,23.685606477956753,0,18.474951,True,True,1.430511474609375e-06
1246,23.704377243004274,0,18.670327,True,True,1.430511474609375e-06
1247,23.722949544957373,0,18.473586,True,True,1.430511474609375e-06
1248,23.741270203958265,0,18.250447,True,True,1.430511474609375e-06
1249,23.759793698962312,0,18.466234,True,True,1.430511474609375e-06
1250,23.77837637095945,0,18.524103,True,True,1.430511474609375e-06
1251,23.796813647961244,0,18.385717,True,True,1.430511474609375e-06
1252,23.81523267395096,0,18.337615,True,True,1.430511474609375e-06
1253,23.833498104999308,0,18.17238,True,True,1.430511474609375e-06
1254,23.852255937992595,0,18.69545,True,True,1.430511474609375e-06
1255,23.870592602994293,0,18.28004,True,True,1.430511474609375e-06
1256,23.888907590997405,0,18.265229,True,True,1.430511474609375e-06
1257,23.90716005297145,0,18.206543,True,True,1.430511474609375e-06
1258,23.92539988295175,0,18.196434,True,True,1.430511474609375e-06
1259,23.943660093995277,0,18.21227,True,True,1.430511474609375e-06
1260,23.962364938983228,0,18.661051,True,True,1.430511474609375e-06
1261,23.980675464961678,0,18.258987,True,True,1.430511474609375e-06
1262,23.999048942001536,0,18.323991,True,True,1.430511474609375e-06
1263,24.017468109959736,0,18.373193,True,True,1.430511474609375e-06
1264,24.035925767966546,0,18.408046,True,True,1.430511474609375e-06
1265,24.05413993395632,0,18.169373,True,True,1.430511474609375e-06
1266,24.07245557598071,0,18.270166,True,True,1.430511474609375e-06
1267,24.09087815397652,0,18.378258,True,True,1.430511474609375e-06
1268,24.10919827595353,0,18.275415,True,True,1.430511474609375e-06
1269,24.127488292986527,0,18.246161,True,True,1.430511474609375e-06
1270,24.14590679598041,0,18.374809,True,True,1.430511474609375e-06
1271,24.164463087974582,0,18.514869,True,True,1.430511474609375e-06
1272,24.19302395795239,0,28.509864,True,True,1.430511474609375e-06
1273,24.211547523969784,0,18.449696,True,True,1.430511474609375e-06
1274,24.23001898097573,0,18.412745,True,True,1.430511474609375e-06
1275,24.248537624953315,0,18.460925,True,True,1.430511474609375e-06
1276,24.26716176100308,0,18.572623,True,True,1.430511474609375e-06
1277,24.285453411983326,0,18.236895,True,True,1.430511474609375e-06
1278,24.303927531000227,0,18.423535,True,True,1.430511474609375e-06
1279,24.322307001973968,0,18.323737,True,True,1.430511474609375e-06
1280,24.3405737169669,0,18.217538,True,True,1.430511474609375e-06
1281,24.35919206298422,0,18.567047,True,True,1.430511474609375e-06
1282,24.377563513990026,0,18.315966,True,True,1.430511474609375e-06
1283,24.39597536099609,0,18.356764,True,True,1.430511474609375e-06
1284,24.424554020981304,0,28.520101,True,True,1.430511474609375e-06
1285,24.44818040600512,0,23.517416,True,True,1.430511474609375e-06
1286,24.475339733995497,0,27.039763,True,True,1.430511474609375e-06
1287,24.493817436974496,0,18.381585,True,True,1.430511474609375e-06
1288,24.512379842984956,0,18.495512,True,True,1.430511474609375e-06
1289,24.5306824480067,0,18.248748,True,True,1.430511474609375e-06
1290,24.549192195001524,0,18.456851,True,True,1.430511474609375e-06
1291,24.56762154295575,0,18.365371,True,True,1.430511474609375e-06
1292,24.58599252195563,0,18.316634,True,True,1.430511474609375e-06
1293,24.604435792949516,0,18.375335,True,True,1.430511474609375e-06
1294,24.62281426996924,0,18.319227,True,True,1.430511474609375e-06
1295,24.641322488954756,0,18.447994,True,True,1.430511474609375e-06
1296,24.659740825998597,0,18.370405,True,True,1.430511474609375e-06
1297,24.677958451968152,0,18.166654,True,True,1.430511474609375e-06
1298,24.696316035988275,0,18.303341,True,True,1.430511474609375e-06
1299,24.71429451898439,0,17.928586,True,True,1.430511474609375e-06
1300,24.73262366495328,0,18.280426,True,True,1.430511474609375e-06
1301,24.75089904095512,0,18.222483,True,True,1.430511474609375e-06
1302,24.769344597007148,0,18.396289,True,True,1.430511474609375e-06
1303,24.787699426000472,0,18.301115,True,True,1.430511474609375e-06
1304,24.80611492600292,0,18.363965,True,True,1.430511474609375e-06
1305,24.824518293957226,0,18.330198,True,True,1.430511474609375e-06
1306,24.842790536000393,0,18.215162,True,True,1.430511474609375e-06
1307,24.861190264986362,0,18.351545,True,True,1.430511474609375e-06
1308,24.8794405409717,0,18.204553,True,True,1.430511474609375e-06
1309,24.89734419697197,0,17.857776,True,True,1.430511474609375e-06
1310,24.91560181695968,0,18.210787,True,True,1.430511474609375e-06
1311,24.933824491978157,0,18.176666,True,True,1.430511474609375e-06
1312,24.952059750969056,0,18.192478,True,True,1.430511474609375e-06
1313,24.970099483965896,0,17.995303,True,True,1.430511474609375e-06
1314,24.98826775397174,0,18.12178,True,True,1.430511474609375e-06
1315,25.0066121929558,0,18.294983,True,True,1.430511474609375e-06
1316,25.03472596098436,0,28.067469,True,True,1.430511474609375e-06
1317,25.053142781951465,0,18.357819,True,True,1.430511474609375e-06
1318,25.07145769195631,0,18.264412,True,True,1.430511474609375e-06
1319,25.089686165971216,0,18.17588,True,True,1.430511474609375e-06
1320,25.10816291096853,0,18.430021,True,True,1.430511474609375e-06
1321,25.12659054598771,0,18.3739,True,True,1.430511474609375e-06
1322,25.145093976985663,0,18.45928,True,True,1.430511474609375e-06
1323,25.163542657974176,0,18.40102,True,True,1.430511474609375e-06
1324,25.181857276998926,0,18.269502,True,True,1.430511474609375e-06
1325,25.20014186098706,0,18.242439,True,True,1.430511474609375e-06
1326,25.218478995957412,0,18.292656,True,True,1.430511474609375e-06
1327,25.236816938966513,0,18.29642,True,True,1.430511474609375e-06
1328,25.255161426961422,0,18.293379,True,True,1.430511474609375e-06
1329,25.27397654997185,0,18.766299,True,True,1.430511474609375e-06
1330,25.292346533969976,0,18.313159,True,True,1.430511474609375e-06
1331,25.310654092987534,0,18.262547,True,True,1.430511474609375e-06
1332,25.32878628396429,0,18.087247,True,True,1.430511474609375e-06
1333,25.34693114296533,0,18.09803,True,True,1.430511474609375e-06
1334,25.365421764960047,0,18.443687,True,True,1.430511474609375e-06
1335,25.383811243984383,0,18.335069,True,True,1.430511474609375e-06
1336,25.402318311971612,0,18.453427,True,True,1.430511474609375e-06
1337,25.430745630990714,0,28.359094,True,True,1.430511474609375e-06
1338,25.451070737966802,0,20.217533,True,True,1.430511474609375e-06
1339,25.47956442600116,0,28.399089,True,True,1.430511474609375e-06
1340,25.499939124973025,0,20.260001,True,True,1.430511474609375e-06
1341,25.518417886982206,0,18.405722,True,True,1.430511474609375e-06
1342,25.536493849998806,0,18.019907,True,True,1.430511474609375e-06
1343,25.55464193300577,0,18.09717,True,True,1.430511474609375e-06
1344,25.573226679000072,0,18.528274,True,True,1.430511474609375e-06
1345,25.591581099957693,0,18.297127,True,True,1.430511474609375e-06
1346,25.609964323986787,0,18.320698,True,True,1.430511474609375e-06
1347,25.628338078968227,0,18.325287,True,True,1.430511474609375e-06
1348,25.646665770967957,0,18.276624,True,True,1.430511474609375e-06
1349,25.66494921396952,0,18.23495,True,True,1.430511474609375e-06
1350,25.683800686965697,0,18.802874,True,True,1.430511474609375e-06
1351,25.702154836966656,0,18.300845,True,True,1.430511474609375e-06
1352,25.72051008598646,0,18.300744,True,True,1.430511474609375e-06
1353,25.73879935196601,0,18.233701,True,True,1.430511474609375e-06
1354,25.757201555999927,0,18.354628,True,True,1.430511474609375e-06
1355,25.77545780997025,0,18.2049,True,True,1.430511474609375e-06
1356,25.793727976968512,0,18.222819,True,True,1.430511474609375e-06
1357,25.812537667981815,0,18.739398,True,True,1.430511474609375e-06
1358,25.830902057990897,0,18.302849,True,True,1.430511474609375e-06
1359,25.849206182989292,0,18.246618,True,True,1.430511474609375e-06
1360,25.87690988596296,0,27.646604,True,True,1.430511474609375e-06
1361,25.895787579996977,0,18.821127,True,True,1.430511474609375e-06
1362,25.914092941966373,0,18.253327,True,True,1.430511474609375e-06
1363,25.932342115964275,0,18.196688,True,True,1.430511474609375e-06
1364,25.950672391976696,0,18.282865,True,True,1.430511474609375e-06
1365,25.96905060095014,0,18.335318,True,True,1.430511474609375e-06
1366,25.987316967977677,0,18.222633,True,True,1.430511474609375e-06
1367,26.005634685978293,0,18.274132,True,True,1.430511474609375e-06
1368,26.02401508099865,0,18.338342,True,True,1.430511474609375e-06
1369,26.042314644961152,0,18.250118,True,True,1.430511474609375e-06
1370,26.060717478976585,0,18.360702,True,True,1.430511474609375e-06
1371,26.078988952969667,0,18.229651,True,True,1.430511474609375e-06
1372,26.0973087939783,0,18.278274,True,True,1.430511474609375e-06
1373,26.1156103980029,0,18.259393,True,True,1.430511474609375e-06
1374,26.133747842977755,0,18.0945,True,True,1.430511474609375e-06
1375,26.152143738989253,0,18.355401,True,True,1.430511474609375e-06
1376,26.170521160995122,0,18.327263,True,True,1.430511474609375e-06
1377,26.188839537964668,0,18.271555,True,True,1.430511474609375e-06
1378,26.20709578995593,0,18.214155,True,True,1.430511474609375e-06
1379,26.22549792495556,0,18.358445,True,True,1.430511474609375e-06
1380,26.24382275698008,0,18.281156,True,True,1.430511474609375e-06
1381,26.26217922096839,0,18.300987,True,True,1.430511474609375e-06
1382,26.28063223999925,0,18.405676,True,True,1.430511474609375e-06
1383,26.298901112983003,0,18.218796,True,True,1.430511474609375e-06
1384,26.317265783960465,0,18.31943,True,True,1.430511474609375e-06
1385,26.335570589988492,0,18.263206,True,True,1.430511474609375e-06
1386,26.35395180300111,0,18.335715,True,True,1.430511474609375e-06
1387,26.372327457997017,0,18.325754,True,True,1.430511474609375e-06
1388,26.390744181990158,0,18.359175,True,True,1.430511474609375e-06
1389,26.411691601970233,0,20.890753,True,True,1.430511474609375e-06
1390,26.439636564988177,0,27.820988,True,True,1.430511474609375e-06
1391,26.460769185971003,0,21.029626,True,True,1.430511474609375e-06
1392,26.488780257001054,0,27.903369,True,True,1.430511474609375e-06
1393,26.507476444996428,0,18.571192,True,True,1.430511474609375e-06
1394,26.526026734965853,0,18.457988,True,True,1.430511474609375e-06
1395,26.54452766897157,0,18.426582,True,True,1.430511474609375e-06
1396,26.563120927952696,0,18.507048,True,True,1.430511474609375e-06
1397,26.58153002895415,0,18.332253,True,True,1.430511474609375e-06
1398,26.600209344993345,0,18.595523,True,True,1.430511474609375e-06
1399,26.619338664982934,0,19.008347,True,True,1.430511474609375e-06
1400,26.637904529983643,0,18.467857,True,True,1.430511474609375e-06
1401,26.656340579967946,0,18.355352,True,True,1.430511474609375e-06
1402,26.674835051991977,0,18.427146,True,True,1.430511474609375e-06
1403,26.693206550960895,0,18.292276,True,True,1.430511474609375e-06
1404,26.71154699998442,0,18.269756,True,True,1.430511474609375e-06
1405,26.730041693954263,0,18.424051,True,True,1.430511474609375e-06
1406,26.748896238976158,0,18.777893,True,True,1.430511474609375e-06
1407,26.76744454097934,0,18.430602,True,True,1.430511474609375e-06
1408,26.785891965962946,0,18.359141,True,True,1.430511474609375e-06
1409,26.804912897991017,0,18.946244,True,True,1.430511474609375e-06
1410,26.823240235971753,0,18.253212,True,True,1.430511474609375e-06
1411,26.841606186993886,0,18.30142,True,True,1.430511474609375e-06
1412,26.859939539979678,0,18.260194,True,True,1.430511474609375e-06
1413,26.878241319966037,0,18.237139,True,True,1.430511474609375e-06
1414,26.89653535297839,0,18.227326,True,True,1.430511474609375e-06
1415,26.91481023299275,0,18.209336,True,True,1.430511474609375e-06
1416,26.93516497296514,0,20.290626,True,True,1.430511474609375e-06
1417,26.956569466972724,0,21.321579,True,True,1.430511474609375e-06
1418,26.975427282974124,0,18.780158,True,True,1.430511474609375e-06
1419,26.993876983004157,0,18.375221,True,True,1.430511474609375e-06
1420,27.012234274006914,0,18.289846,True,True,1.430511474609375e-06
1421,27.030635781993624,0,18.335846,True,True,1.430511474609375e-06
1422,27.049100033997092,0,18.398439,True,True,1.430511474609375e-06
1423,27.067521449003834,0,18.352082,True,True,1.430511474609375e-06
1424,27.085850253002718,0,18.263518,True,True,1.430511474609375e-06
1425,27.104610426991712,0,18.693108,True,True,1.430511474609375e-06
1426,27.122947543975897,0,18.272375,True,True,1.430511474609375e-06
1427,27.14134190796176,0,18.326609,True,True,1.430511474609375e-06
1428,27.159787160984706,0,18.379216,True,True,1.430511474609375e-06
1429,27.178183607000392,0,18.330493,True,True,1.430511474609375e-06
1430,27.196592909982428,0,18.34489,True,True,1.430511474609375e-06
1431,27.215052326966543,0,18.400001,True,True,1.430511474609375e-06
1432,27.233397117001005,0,18.278807,True,True,1.430511474609375e-06
1433,27.25184318999527,0,18.382335,True,True,1.430511474609375e-06
1434,27.269959452969488,0,18.03668,True,True,1.430511474609375e-06
1435,27.288327760004904,0,18.294866,True,True,1.430511474609375e-06
1436,27.306845559971407,0,18.446493,True,True,1.430511474609375e-06
1437,27.32523925899295,0,18.327473,True,True,1.430511474609375e-06
1438,27.34338834398659,0,18.084123,True,True,1.430511474609375e-06
1439,27.361578351992648,0,18.122278,True,True,1.430511474609375e-06
1440,27.379742893972434,0,18.095603,True,True,1.430511474609375e-06
1441,27.398062853957526,0,18.241936,True,True,1.430511474609375e-06
1442,27.422754628991242,0,24.617437,True,True,1.430511474609375e-06
1443,27.446889829996508,0,24.019236,True,True,1.430511474609375e-06
1444,27.474757024960127,0,27.785157,True,True,1.430511474609375e-06
1445,27.495612420956604,0,20.735471,True,True,1.430511474609375e-06
1446,27.514173754956573,0,18.477595,True,True,1.430511474609375e-06
1447,27.532598774007056,0,18.346515,True,True,1.430511474609375e-06
1448,27.551012169977184,0,18.35254,True,True,1.430511474609375e-06
1449,27.569444280990865,0,18.368582,True,True,1.430511474609375e-06
1450,27.587840053951368,0,18.340045,True,True,1.430511474609375e-06
1451,27.606285310001113,0,18.368276,True,True,1.430511474609375e-06
1452,27.62503682699753,0,18.675169,True,True,1.430511474609375e-06
1453,27.643362381961197,0,18.267122,True,True,1.430511474609375e-06
1454,27.661939273006283,0,18.514268,True,True,1.430511474609375e-06
1455,27.680409183958545,0,18.39805,True,True,1.430511474609375e-06
1456,27.6988645310048,0,18.379025,True,True,1.430511474609375e-06
1457,27.717250693007372,0,18.321777,True,True,1.430511474609375e-06
1458,27.73562915599905,0,18.3152,True,True,1.430511474609375e-06
1459,27.75417919497704,0,18.485524,True,True,1.430511474609375e-06
1460,27.772591332963202,0,18.339703,True,True,1.430511474609375e-06
1461,27.80115624895552,0,28.477412,True,True,1.430511474609375e-06
1462,27.819710796000436,0,18.461579,True,True,1.430511474609375e-06
1463,27.83807654597331,0,18.300867,True,True,1.430511474609375e-06
1464,27.85657695395639,0,18.443327,True,True,1.430511474609375e-06
1465,27.87488255399512,0,18.248069,True,True,1.430511474609375e-06
1466,27.893363137962297,0,18.425249,True,True,1.430511474609375e-06
1467,27.911487537960056,0,18.067222,True,True,1.430511474609375e-06
1468,27.929744543973356,0,18.200259,True,True,1.430511474609375e-06
1469,27.948087885975838,0,18.290435,True,True,1.430511474609375e-06
1470,27.966474296990782,0,18.317648,True,True,1.430511474609375e-06
1471,27.98506139899837,0,18.528183,True,True,1.430511474609375e-06
1472,28.003427815972827,0,18.31161,True,True,1.430511474609375e-06
1473,28.02176429197425,0,18.279368,True,True,1.430511474609375e-06
1474,28.040069098991808,0,18.255002,True,True,1.430511474609375e-06
1475,28.058415206964128,0,18.297034,True,True,1.430511474609375e-06
1476,28.07685304596089,0,18.385587,True,True,1.430511474609375e-06
1477,28.095269749988802,0,18.362682,True,True,1.430511474609375e-06
1478,28.11338643397903,0,18.060562,True,True,1.430511474609375e-06
1479,28.131554007006343,0,18.118962,True,True,1.430511474609375e-06
1480,28.1499213569914,0,18.317117,True,True,1.430511474609375e-06
1481,28.168327485967893,0,18.353806,True,True,1.430511474609375e-06
1482,28.186761057004333,0,18.374511,True,True,1.430511474609375e-06
1483,28.205510512983892,0,18.696077,True,True,1.430511474609375e-06
1484,28.22385791799752,0,18.289122,True,True,1.430511474609375e-06
1485,28.242361118958797,0,18.450111,True,True,1.430511474609375e-06
1486,28.260515333968215,0,18.085169,True,True,1.430511474609375e-06
1487,28.278807798982598,0,18.235417,True,True,1.430511474609375e-06
1488,28.297187438001856,0,18.321356,True,True,1.430511474609375e-06
1489,28.31552089995239,0,18.277727,True,True,1.430511474609375e-06
1490,28.33389771200018,0,18.319966,True,True,1.430511474609375e-06
1491,28.35222124197753,0,18.268154,True,True,1.430511474609375e-06
1492,28.37064154498512,0,18.365344,True,True,1.430511474609375e-06
1493,28.388972545973957,0,18.271564,True,True,1.430511474609375e-06
1494,28.40964308200637,0,20.603735,True,True,1.430511474609375e-06
1495,28.437729023979045,0,27.993453,True,True,1.430511474609375e-06
1496,28.456373762979638,0,18.548082,True,True,1.430511474609375e-06
1497,28.477052862988785,0,20.595204,True,True,1.430511474609375e-06
1498,28.50544107699534,0,28.275414,True,True,1.430511474609375e-06
1499,28.524082385993097,0,18.537959,True,True,1.430511474609375e-06
1500,28.54244563699467,0,18.286276,True,True,1.430511474609375e-06
1501,28.560844758001622,0,18.336273,True,True,1.430511474609375e-06
1502,28.57928762800293,0,18.381622,True,True,1.430511474609375e-06
1503,28.597603307978716,0,18.260796,True,True,1.430511474609375e-06
1504,28.61581111198757,0,18.150469,True,True,1.430511474609375e-06
1505,28.63402399397455,0,18.146686,True,True,1.430511474609375e-06
1506,28.652486018952914,0,18.397791,True,True,1.430511474609375e-06
1507,28.67088672798127,0,18.343199,True,True,1.430511474609375e-06
1508,28.6891980029759,0,18.248956,True,True,1.430511474609375e-06
1509,28.70785651996266,0,18.596462,True,True,1.430511474609375e-06
1510,28.726315459993202,0,18.399655,True,True,1.430511474609375e-06
1511,28.74600610800553,0,19.630446,True,True,1.430511474609375e-06
1512,28.76552052196348,0,19.400088,True,True,1.430511474609375e-06
1513,28.784092788991984,0,18.466006,True,True,1.430511474609375e-06
1514,28.802702264976688,0,18.542189,True,True,1.430511474609375e-06
1515,28.821241738973185,0,18.463874,True,True,1.430511474609375e-06
1516,28.840112902980763,0,18.821137,True,True,1.430511474609375e-06
1517,28.85859774198616,0,18.426438,True,True,1.430511474609375e-06
1518,28.877328868955374,0,18.672528,True,True,1.430511474609375e-06
1519,28.8959264929872,0,18.500871,True,True,1.430511474609375e-06
1520,28.914279538963456,0,18.291074,True,True,1.430511474609375e-06
1521,28.932723310950678,0,18.387834,True,True,1.430511474609375e-06
1522,28.95161334599834,0,18.833143,True,True,1.430511474609375e-06
1523,28.96995994198369,0,18.294281,True,True,1.430511474609375e-06
1524,28.98840705800103,0,18.396144,True,True,1.430511474609375e-06
1525,29.00671018497087,0,18.247323,True,True,1.430511474609375e-06
1526,29.025129793968517,0,18.366512,True,True,1.430511474609375e-06
1527,29.043959559989162,0,18.781871,True,True,1.430511474609375e-06
1528,29.062327897001524,0,18.316035,True,True,1.430511474609375e-06
1529,29.080672276963014,0,18.296088,True,True,1.430511474609375e-06
1530,29.099087548966054,0,18.369246,True,True,1.430511474609375e-06
1531,29.11742454499472,0,18.292251,True,True,1.430511474609375e-06
1532,29.135681003972422,0,18.208444,True,True,1.430511474609375e-06
1533,29.154364633955993,0,18.636244,True,True,1.430511474609375e-06
1534,29.1726679209969,0,18.255676,True,True,1.430511474609375e-06
1535,29.190987129986752,0,18.275573,True,True,1.430511474609375e-06
1536,29.209367890958674,0,18.338768,True,True,1.430511474609375e-06
1537,29.228071237972472,0,18.630343,True,True,1.430511474609375e-06
1538,29.247223752958234,0,19.063204,True,True,1.430511474609375e-06
1539,29.26643607497681,0,19.111352,True,True,1.430511474609375e-06
1540,29.28565290395636,0,19.103644,True,True,1.430511474609375e-06
1541,29.30417178798234,0,18.43088,True,True,1.430511474609375e-06
1542,29.32257745898096,0,18.351918,True,True,1.430511474609375e-06
1543,29.34134817699669,0,18.721275,True,True,1.430511474609375e-06
1544,29.35997294599656,0,18.569691,True,True,1.430511474609375e-06
1545,29.37845561996801,0,18.430958,True,True,1.430511474609375e-06
1546,29.396757415961474,0,18.247047,True,True,1.430511474609375e-06
1547,29.426007992995437,0,29.196768,True,True,1.430511474609375e-06
1548,29.44541073695291,0,19.296597,True,True,1.430511474609375e-06
1549,29.473693540960085,0,28.199207,True,True,1.430511474609375e-06
1550,29.50353163399268,0,29.722956,True,True,1.430511474609375e-06
1551,29.52230257500196,0,18.657437,True,True,1.430511474609375e-06
1552,29.540703627979383,0,18.329985,True,True,1.430511474609375e-06
1553,29.559124884952325,0,18.368518,True,True,1.430511474609375e-06
1554,29.577667098958045,0,18.476408,True,True,1.430511474609375e-06
1555,29.595959190977737,0,18.230369,True,True,1.430511474609375e-06
1556,29.614558328001294,0,18.538163,True,True,1.430511474609375e-06
1557,29.632888452964835,0,18.27367,True,True,1.430511474609375e-06
1558,29.65121578698745,0,18.271962,True,True,1.430511474609375e-06
1559,29.670105319994036,0,18.83728,True,True,1.430511474609375e-06
1560,29.68844707700191,0,18.289929,True,True,1.430511474609375e-06
1561,29.706855197960977,0,18.341473,True,True,1.430511474609375e-06
1562,29.725318949960638,0,18.412552,True,True,1.430511474609375e-06
1563,29.743566396995448,0,18.189278,True,True,1.430511474609375e-06
1564,29.76215876400238,0,18.538993,True,True,1.430511474609375e-06
1565,29.780512658006046,0,18.300411,True,True,1.430511474609375e-06
1566,29.799047645996325,0,18.481573,True,True,1.430511474609375e-06
1567,29.81744463497307,0,18.320509,True,True,1.430511474609375e-06
1568,29.835709122999106,0,18.207623,True,True,1.430511474609375e-06
1569,29.854144977987744,0,18.389026,True,True,1.430511474609375e-06
1570,29.87292333797086,0,18.728031,True,True,1.430511474609375e-06
1571,29.891466283996124,0,18.485208,True,True,1.430511474609375e-06
1572,29.909685070975684,0,18.170541,True,True,1.430511474609375e-06
1573,29.927766037988476,0,18.033912,True,True,1.430511474609375e-06
1574,29.946051129954867,0,18.222975,True,True,1.430511474609375e-06
1575,29.965038000955246,0,18.936768,True,True,1.430511474609375e-06
1576,29.983559253974818,0,18.469986,True,True,1.430511474609375e-06
1577,30.001835656003095,0,18.225109,True,True,1.430511474609375e-06
1578,30.020121680980083,0,18.234508,True,True,1.430511474609375e-06
1579,30.03823458298575,0,18.067943,True,True,1.430511474609375e-06
1580,30.056270565954037,0,17.994613,True,True,1.430511474609375e-06
1581,30.0749399199849,0,18.62688,True,True,1.430511474609375e-06
1582,30.09320444596233,0,18.21699,True,True,1.430511474609375e-06
1583,30.111781244981103,0,18.531499,True,True,1.430511474609375e-06
1584,30.14031016099034,0,28.464577,True,True,1.430511474609375e-06
1585,30.158848457969725,0,18.440577,True,True,1.430511474609375e-06
1586,30.177360371977556,0,18.44871,True,True,1.430511474609375e-06
1587,30.195586358953733,0,18.175737,True,True,1.430511474609375e-06
1588,30.213710789976176,0,18.076348,True,True,1.430511474609375e-06
1589,30.232340924965683,0,18.587403,True,True,1.430511474609375e-06
1590,30.25077851396054,0,18.38749,True,True,1.430511474609375e-06
1591,30.269154396955855,0,18.320575,True,True,1.430511474609375e-06
1592,30.287553893984295,0,18.342413,True,True,1.430511474609375e-06
1593,30.306068476988003,0,18.467764,True,True,1.430511474609375e-06
1594,30.324869695992675,0,18.753143,True,True,1.430511474609375e-06
1595,30.343568651005626,0,18.64441,True,True,1.430511474609375e-06
1596,30.362101485952735,0,18.484133,True,True,1.430511474609375e-06
1597,30.380415937979706,0,18.261391,True,True,1.430511474609375e-06
1598,30.398901895969175,0,18.431217,True,True,1.430511474609375e-06
1599,30.428815238992684,0,29.855683,True,True,1.430511474609375e-06
1600,30.447893257951364,0,18.962338,True,True,1.430511474609375e-06
1601,30.46635762695223,0,18.386471,True,True,1.430511474609375e-06
1602,30.49662527599139,0,30.193951,True,True,1.430511474609375e-06
1603,30.51526302297134,0,18.524945,True,True,1.430511474609375e-06
1604,30.534178358968347,0,18.842946,True,True,1.430511474609375e-06
1605,30.552547194005456,0,18.315611,True,True,1.430511474609375e-06
1606,30.57080996700097,0,18.206931,True,True,1.430511474609375e-06
1607,30.58920066797873,0,18.341536,True,True,1.430511474609375e-06
1608,30.607689869997557,0,18.428228,True,True,1.430511474609375e-06
1609,30.62641105998773,0,18.673502,True,True,1.430511474609375e-06
1610,30.645027171005495,0,18.561174,True,True,1.430511474609375e-06
1611,30.663381481950637,0,18.301976,True,True,1.430511474609375e-06
1612,30.6818261059816,0,18.389368,True,True,1.430511474609375e-06
1613,30.700098523986526,0,18.220791,True,True,1.430511474609375e-06
1614,30.71892317000311,0,18.77113,True,True,1.430511474609375e-06
1615,30.737721930956468,0,18.732064,True,True,1.430511474609375e-06
1616,30.756051574950106,0,18.267162,True,True,1.430511474609375e-06
1617,30.781415909994394,0,25.312365,True,True,1.430511474609375e-06
1618,30.803022150998004,0,21.506701,True,True,1.430511474609375e-06
1619,30.82156104897149,0,18.461005,True,True,1.430511474609375e-06
1620,30.83999515895266,0,18.377768,True,True,1.430511474609375e-06
1621,30.85832993197255,0,18.278297,True,True,1.430511474609375e-06
1622,30.877231078979094,0,18.851602,True,True,1.430511474609375e-06
1623,30.895780050952453,0,18.498218,True,True,1.430511474609375e-06
1624,30.914201129984576,0,18.369696,True,True,1.430511474609375e-06
1625,30.93247302196687,0,18.227009,True,True,1.430511474609375e-06
1626,30.950799569953233,0,18.278409,True,True,1.430511474609375e-06
1627,30.969227626977954,0,18.379089,True,True,1.430511474609375e-06
1628,30.98808605998056,0,18.811218,True,True,1.430511474609375e-06
1629,31.006482077995315,0,18.339248,True,True,1.430511474609375e-06
1630,31.025013228994794,0,18.487318,True,True,1.430511474609375e-06
1631,31.043464615999255,0,18.406459,True,True,1.430511474609375e-06
1632,31.061813748965506,0,18.302945,True,True,1.430511474609375e-06
1633,31.080825779994484,0,18.963092,True,True,1.430511474609375e-06
1634,31.099440275982488,0,18.569543,True,True,1.430511474609375e-06
1635,31.117868795990944,0,18.351135,True,True,1.430511474609375e-06
1636,31.1362583389855,0,18.333626,True,True,1.430511474609375e-06
1637,31.154620952962432,0,18.311747,True,True,1.430511474609375e-06
1638,31.172912599984556,0,18.245495,True,True,1.430511474609375e-06
1639,31.191931123961695,0,18.974841,True,True,1.430511474609375e-06
1640,31.210253360972274,0,18.266048,True,True,1.430511474609375e-06
1641,31.22833824600093,0,18.038482,True,True,1.430511474609375e-06
1642,31.24655131599866,0,18.168626,True,True,1.430511474609375e-06
1643,31.26487328100484,0,18.271274,True,True,1.430511474609375e-06
1644,31.283633104001638,0,18.715103,True,True,1.430511474609375e-06
1645,31.30206882400671,0,18.379526,True,True,1.430511474609375e-06
1646,31.320629387977533,0,18.496132,True,True,1.430511474609375e-06
1647,31.338965917006135,0,18.283448,True,True,1.430511474609375e-06
1648,31.357367966964375,0,18.355402,True,True,1.430511474609375e-06
1649,31.375745052995626,0,18.335431,True,True,1.430511474609375e-06
1650,31.39400248398306,0,18.210594,True,True,1.430511474609375e-06
1651,31.415609087969642,0,21.544243,True,True,1.430511474609375e-06
1652,31.442495914001483,0,26.791458,True,True,1.430511474609375e-06
1653,31.46106012596283,0,18.475052,True,True,1.430511474609375e-06
1654,31.48030439595459,0,19.157168,True,True,1.430511474609375e-06
1655,31.50997885596007,0,29.578555,True,True,1.430511474609375e-06
1656,31.52868208196014,0,18.59826,True,True,1.430511474609375e-06
1657,31.547039826982655,0,18.28741,True,True,1.430511474609375e-06
1658,31.565418254991528,0,18.322856,True,True,1.430511474609375e-06
1659,31.584518055955414,0,19.048751,True,True,1.430511474609375e-06
1660,31.603452927956823,0,18.834051,True,True,1.430511474609375e-06
1661,31.631744165963028,0,28.203835,True,True,1.430511474609375e-06
1662,31.650371395982802,0,18.534098,True,True,1.430511474609375e-06
1663,31.668924572994,0,18.487551,True,True,1.430511474609375e-06
1664,31.687310606997926,0,18.332265,True,True,1.430511474609375e-06
1665,31.705765736987814,0,18.394701,True,True,1.430511474609375e-06
1666,31.724736898962874,0,18.920316,True,True,1.430511474609375e-06
1667,31.74318145297002,0,18.377993,True,True,1.430511474609375e-06
1668,31.761571194976568,0,18.336756,True,True,1.430511474609375e-06
1669,31.77991145895794,0,18.284892,True,True,1.430511474609375e-06
1670,31.79839216300752,0,18.425816,True,True,1.430511474609375e-06
1671,31.81683562899707,0,18.361228,True,True,1.430511474609375e-06
1672,31.8357777359779,0,18.882138,True,True,1.430511474609375e-06
1673,31.854140312003437,0,18.311775,True,True,1.430511474609375e-06
1674,31.872425667999778,0,18.233413,True,True,1.430511474609375e-06
1675,31.891062295006122,0,18.587456,True,True,1.430511474609375e-06
1676,31.90950566797983,0,18.398062,True,True,1.430511474609375e-06
1677,31.92849059298169,0,18.936177,True,True,1.430511474609375e-06
1678,31.947026779991575,0,18.486181,True,True,1.430511474609375e-06
1679,31.965295392961707,0,18.220507,True,True,1.430511474609375e-06
1680,31.983540054003242,0,18.197724,True,True,1.430511474609375e-06
1681,32.00184390298091,0,18.255917,True,True,1.430511474609375e-06
1682,32.020640026952606,0,18.75151,True,True,1.430511474609375e-06
1683,32.038959349971265,0,18.271835,True,True,1.430511474609375e-06
1684,32.05754030199023,0,18.53189,True,True,1.430511474609375e-06
1685,32.07580632495228,0,18.218556,True,True,1.430511474609375e-06
1686,32.094152353995014,0,18.29983,True,True,1.430511474609375e-06
1687,32.11239914200269,0,18.201691,True,True,1.430511474609375e-06
1688,32.1312702219584,0,18.825712,True,True,1.430511474609375e-06
1689,32.149613535963,0,18.290562,True,True,1.430511474609375e-06
1690,32.16790239000693,0,18.244028,True,True,1.430511474609375e-06
1691,32.18624599598115,0,18.299106,True,True,1.430511474609375e-06
1692,32.20423840399599,0,17.939471,True,True,1.430511474609375e-06
1693,32.22311893996084,0,18.836881,True,True,1.430511474609375e-06
1694,32.241606431955006,0,18.439226,True,True,1.430511474609375e-06
1695,32.259963610966224,0,18.298826,True,True,1.430511474609375e-06
1696,32.27861498098355,0,18.599436,True,True,1.430511474609375e-06
1697,32.296865798998624,0,18.196749,True,True,1.430511474609375e-06
1698,32.31521371396957,0,18.299079,True,True,1.430511474609375e-06
1699,32.33409582497552,0,18.833596,True,True,1.430511474609375e-06
1700,32.352418036956806,0,18.26398,True,True,1.430511474609375e-06
1701,32.37093968200497,0,18.474863,True,True,1.430511474609375e-06
1702,32.38939408696024,0,18.400482,True,True,1.430511474609375e-06
1703,32.409891596995294,0,20.440543,True,True,1.430511474609375e-06
1704,32.43803893699078,0,28.065591,True,True,1.430511474609375e-06
1705,32.46630545496009,0,28.163062,True,True,1.430511474609375e-06
1706,32.485329084971454,0,18.924302,True,True,1.430511474609375e-06
1707,32.51497423299588,0,29.560537,True,True,1.430511474609375e-06
1708,32.53411671897629,0,19.023585,True,True,1.430511474609375e-06
1709,32.552596652996726,0,18.408364,True,True,1.430511474609375e-06
1710,32.57147373998305,0,18.817897,True,True,1.430511474609375e-06
1711,32.58983706397703,0,18.310818,True,True,1.430511474609375e-06
1712,32.6084132999531,0,18.521348,True,True,1.430511474609375e-06
1713,32.62696603895165,0,18.503362,True,True,1.430511474609375e-06
1714,32.645194245968014,0,18.166803,True,True,1.430511474609375e-06
1715,32.664864034974016,0,19.618353,True,True,1.430511474609375e-06
1716,32.68931506900117,0,24.369999,True,True,1.430511474609375e-06
1717,32.707766912004445,0,18.373573,True,True,1.430511474609375e-06
1718,32.7263889729511,0,18.560026,True,True,1.430511474609375e-06
1719,32.74469240097096,0,18.247898,True,True,1.430511474609375e-06
1720,32.76296360895503,0,18.213505,True,True,1.430511474609375e-06
1721,32.78166818898171,0,18.652011,True,True,1.430511474609375e-06
1722,32.799917576950975,0,18.18843,True,True,1.430511474609375e-06
1723,32.818576888006646,0,18.582742,True,True,1.430511474609375e-06
1724,32.83714462595526,0,18.507793,True,True,1.430511474609375e-06
1725,32.85564333596267,0,18.419651,True,True,1.430511474609375e-06
1726,32.87500826199539,0,19.307421,True,True,1.430511474609375e-06
1727,32.89361513295444,0,18.548889,True,True,1.430511474609375e-06
1728,32.9119474409963,0,18.281736,True,True,1.430511474609375e-06
1729,32.93029219697928,0,18.298502,True,True,1.430511474609375e-06
1730,32.94864693796262,0,18.311713,True,True,1.430511474609375e-06
1731,32.96693914599018,0,18.248598,True,True,1.430511474609375e-06
1732,32.985911478986964,0,18.923472,True,True,1.430511474609375e-06
1733,33.004318480961956,0,18.355258,True,True,1.430511474609375e-06
1734,33.02267935796408,0,18.305866,True,True,1.430511474609375e-06
1735,33.04125849896809,0,18.533935,True,True,1.430511474609375e-06
1736,33.05952998198336,0,18.226162,True,True,1.430511474609375e-06
1737,33.0783775979653,0,18.800878,True,True,1.430511474609375e-06
1738,33.09691893699346,0,18.494617,True,True,1.430511474609375e-06
1739,33.11526304698782,0,18.289809,True,True,1.430511474609375e-06
1740,33.13329019997036,0,17.983937,True,True,1.430511474609375e-06
1741,33.151463390968274,0,18.12991,True,True,1.430511474609375e-06
1742,33.17031134595163,0,18.801811,True,True,1.430511474609375e-06
1743,33.18871820997447,0,18.349575,True,True,1.430511474609375e-06
1744,33.20707905496238,0,18.310917,True,True,1.430511474609375e-06
1745,33.225512159988284,0,18.386012,True,True,1.430511474609375e-06
1746,33.24380470800679,0,18.250144,True,True,1.430511474609375e-06
1747,33.262180168996565,0,18.325575,True,True,1.430511474609375e-06
1748,33.281128219969105,0,18.901013,True,True,1.430511474609375e-06
1749,33.299522001994774,0,18.331725,True,True,1.430511474609375e-06
1750,33.31793438596651,0,18.361498,True,True,1.430511474609375e-06
1751,33.335975489986595,0,17.990454,True,True,1.430511474609375e-06
1752,33.35419134399854,0,18.166313,True,True,1.430511474609375e-06
1753,33.37248283298686,0,18.243481,True,True,1.430511474609375e-06
1754,33.39105303597171,0,18.508697,True,True,1.430511474609375e-06
1755,33.41196122695692,0,20.85072,True,True,1.430511474609375e-06
1756,33.43799255997874,0,25.935872,True,True,1.430511474609375e-06
1757,33.45821301895194,0,20.124406,True,True,1.430511474609375e-06
1758,33.47666821599705,0,18.390162,True,True,1.430511474609375e-06
1759,33.49815436598146,0,21.426782,True,True,1.430511474609375e-06
1760,33.524688654986676,0,26.424051,True,True,1.430511474609375e-06
1761,33.54318712995155,0,18.409239,True,True,1.430511474609375e-06
1762,33.56226103496738,0,19.011975,True,True,1.430511474609375e-06
1763,33.580627290997654,0,18.309609,True,True,1.430511474609375e-06
1764,33.59886742499657,0,18.189824,True,True,1.430511474609375e-06
1765,33.61718350596493,0,18.264082,True,True,1.430511474609375e-06
1766,33.63565703295171,0,18.424951,True,True,1.430511474609375e-06
1767,33.65402246796293,0,18.317101,True,True,1.430511474609375e-06
1768,33.67230236600153,0,18.228687,True,True,1.430511474609375e-06
1769,33.69058497500373,0,18.231367,True,True,1.430511474609375e-06
1770,33.708896507974714,0,18.249853,True,True,1.430511474609375e-06
1771,33.727314265968744,0,18.36221,True,True,1.430511474609375e-06
1772,33.74613165698247,0,18.763623,True,True,1.430511474609375e-06
1773,33.76439356897026,0,18.206821,True,True,1.430511474609375e-06
1774,33.78292348096147,0,18.472875,True,True,1.430511474609375e-06
1775,33.80173206195468,0,18.703687,True,True,1.430511474609375e-06
1776,33.82025727798464,0,18.442328,True,True,1.430511474609375e-06
1777,33.83853814197937,0,18.2276,True,True,1.430511474609375e-06
1778,33.8568338759942,0,18.245582,True,True,1.430511474609375e-06
1779,33.87495379097527,0,18.075755,True,True,1.430511474609375e-06
1780,33.89310998795554,0,18.112726,True,True,1.430511474609375e-06
1781,33.91165698500117,0,18.477121,True,True,1.430511474609375e-06
1782,33.929837056959514,0,18.090195,True,True,1.430511474609375e-06
1783,33.948077044973616,0,18.182013,True,True,1.430511474609375e-06
1784,33.966356740973424,0,18.234111,True,True,1.430511474609375e-06
1785,33.98470561800059,0,18.298093,True,True,1.430511474609375e-06
1786,34.003059629991185,0,18.305226,True,True,1.430511474609375e-06
1787,34.02129517996218,0,18.187368,True,True,1.430511474609375e-06
1788,34.03949038096471,0,18.141055,True,True,1.430511474609375e-06
1789,34.05802055896493,0,18.479159,True,True,1.430511474609375e-06
1790,34.07636636996176,0,18.298384,True,True,1.430511474609375e-06
1791,34.09461366897449,0,18.199391,True,True,1.430511474609375e-06
1792,34.11293870199006,0,18.278624,True,True,1.430511474609375e-06
1793,34.13114705996122,0,18.165591,True,True,1.430511474609375e-06
1794,34.14943171199411,0,18.238423,True,True,1.430511474609375e-06
1795,34.16773360699881,0,18.254638,True,True,1.430511474609375e-06
1796,34.186196091992315,0,18.420078,True,True,1.430511474609375e-06
1797,34.20445382496109,0,18.208922,True,True,1.430511474609375e-06
1798,34.2227827499737,0,18.285257,True,True,1.430511474609375e-06
1799,34.24109827395296,0,18.269374,True,True,1.430511474609375e-06
1800,34.25939164496958,0,18.244947,True,True,1.430511474609375e-06
1801,34.277914032980334,0,18.474901,True,True,1.430511474609375e-06
1802,34.29626827395987,0,18.302107,True,True,1.430511474609375e-06
1803,34.31454566400498,0,18.231872,True,True,1.430511474609375e-06
1804,34.33293058100389,0,18.340158,True,True,1.430511474609375e-06
1805,34.351187154999934,0,18.213534,True,True,1.430511474609375e-06
1806,34.36949272395577,0,18.258664,True,True,1.430511474609375e-06
1807,34.39937091898173,0,29.824058,True,True,1.430511474609375e-06
1808,34.4277041949681,0,28.227435,True,True,1.430511474609375e-06
1809,34.44850752700586,0,20.700806,True,True,1.430511474609375e-06
1810,34.46698533097515,0,18.405149,True,True,1.430511474609375e-06
1811,34.485543974966276,0,18.491229,True,True,1.430511474609375e-06
1812,34.503912112966646,0,18.298737,True,True,1.430511474609375e-06
1813,34.5331070299726,0,29.136453,True,True,1.430511474609375e-06
1814,34.55192025395809,0,18.697717,True,True,1.430511474609375e-06
1815,34.57027097098762,0,18.28067,True,True,1.430511474609375e-06
1816,34.58863506297348,0,18.312415,True,True,1.430511474609375e-06
1817,34.607156956975814,0,18.455648,True,True,1.430511474609375e-06
1818,34.62556452699937,0,18.351872,True,True,1.430511474609375e-06
1819,34.64388043800136,0,18.257188,True,True,1.430511474609375e-06
1820,34.66224662697641,0,18.31339,True,True,1.430511474609375e-06
1821,34.68070003099274,0,18.405351,True,True,1.430511474609375e-06
1822,34.6989701410057,0,18.218441,True,True,1.430511474609375e-06
1823,34.717298952979036,0,18.278747,True,True,1.430511474609375e-06
1824,34.73555428197142,0,18.204389,True,True,1.430511474609375e-06
1825,34.753865945967846,0,18.26086,True,True,1.430511474609375e-06
1826,34.772291745000985,0,18.373468,True,True,1.430511474609375e-06
1827,34.79111373896012,0,18.766569,True,True,1.430511474609375e-06
1828,34.809651058982126,0,18.471629,True,True,1.430511474609375e-06
1829,34.828092843003105,0,18.378749,True,True,1.430511474609375e-06
1830,34.846364069962874,0,18.218914,True,True,1.430511474609375e-06
1831,34.864817889989354,0,18.40932,True,True,1.430511474609375e-06
1832,34.883031704986934,0,18.167187,True,True,1.430511474609375e-06
1833,34.901320291974116,0,18.244099,True,True,1.430511474609375e-06
1834,34.91973942599725,0,18.372299,True,True,1.430511474609375e-06
1835,34.93806555098854,0,18.276797,True,True,1.430511474609375e-06
1836,34.95651955099311,0,18.411568,True,True,1.430511474609375e-06
1837,34.97482191800373,0,18.250672,True,True,1.430511474609375e-06
1838,34.99319619999733,0,18.3255,True,True,1.430511474609375e-06
1839,35.01151021098485,0,18.268865,True,True,1.430511474609375e-06
1840,35.02983396197669,0,18.281628,True,True,1.430511474609375e-06
1841,35.04811272997176,0,18.233308,True,True,1.430511474609375e-06
1842,35.06634982698597,0,18.190077,True,True,1.430511474609375e-06
1843,35.08510883600684,0,18.712978,True,True,1.430511474609375e-06
1844,35.103416241006926,0,18.250142,True,True,1.430511474609375e-06
1845,35.121656126983,0,18.196241,True,True,1.430511474609375e-06
1846,35.140126276004594,0,18.424967,True,True,1.430511474609375e-06
1847,35.158375128987245,0,18.204353,True,True,1.430511474609375e-06
1848,35.176843038003426,0,18.423583,True,True,1.430511474609375e-06
1849,35.19512114097597,0,18.227586,True,True,1.430511474609375e-06
1850,35.213484238949604,0,18.320056,True,True,1.430511474609375e-06
1851,35.231809755961876,0,18.281676,True,True,1.430511474609375e-06
1852,35.250150196952745,0,18.296767,True,True,1.430511474609375e-06
1853,35.26846906699939,0,18.269884,True,True,1.430511474609375e-06
1854,35.286751837993506,0,18.232034,True,True,1.430511474609375e-06
1855,35.305741745978594,0,18.939554,True,True,1.430511474609375e-06
1856,35.32400391297415,0,18.2106,True,True,1.430511474609375e-06
1857,35.34229238098487,0,18.245253,True,True,1.430511474609375e-06
1858,35.360578917956445,0,18.241164,True,True,1.430511474609375e-06
1859,35.37903325795196,0,18.410588,True,True,1.430511474609375e-06
1860,35.39759625500301,0,18.507406,True,True,1.430511474609375e-06
1861,35.42185675195651,0,24.196651,True,True,1.430511474609375e-06
1862,35.4453066259739,0,23.341171,True,True,1.430511474609375e-06
1863,35.46384085196769,0,18.453156,True,True,1.430511474609375e-06
1864,35.48199859599117,0,18.090926,True,True,1.430511474609375e-06
1865,35.500173229957,0,18.114785,True,True,1.430511474609375e-06
1866,35.52960050897673,0,29.362412,True,True,1.430511474609375e-06
1867,35.54847828997299,0,18.773969,True,True,1.430511474609375e-06
1868,35.56686322996393,0,18.31267,True,True,1.430511474609375e-06
1869,35.58507639699383,0,18.150098,True,True,1.430511474609375e-06
1870,35.603428235976025,0,18.297742,True,True,1.430511474609375e-06
1871,35.62199418997625,0,18.513352,True,True,1.430511474609375e-06
1872,35.640190639998764,0,18.123133,True,True,1.430511474609375e-06
1873,35.658367889991496,0,18.117587,True,True,1.430511474609375e-06
1874,35.67712730995845,0,18.709073,True,True,1.430511474609375e-06
1875,35.69545487797586,0,18.275979,True,True,1.430511474609375e-06
1876,35.71373820997542,0,18.229526,True,True,1.430511474609375e-06
1877,35.732098748965655,0,18.308139,True,True,1.430511474609375e-06
1878,35.75048799900105,0,18.333223,True,True,1.430511474609375e-06
1879,35.76856647100067,0,18.020649,True,True,1.430511474609375e-06
1880,35.78683067497332,0,18.208634,True,True,1.430511474609375e-06
1881,35.80522093595937,0,18.336766,True,True,1.430511474609375e-06
1882,35.82347117498284,0,18.189069,True,True,1.430511474609375e-06
1883,35.841825134004466,0,18.302326,True,True,1.430511474609375e-06
1884,35.86005259095691,0,18.183551,True,True,1.430511474609375e-06
1885,35.87831623799866,0,18.219115,True,True,1.430511474609375e-06
1886,35.89662924397271,0,18.265325,True,True,1.430511474609375e-06
1887,35.91509777895408,0,18.421096,True,True,1.430511474609375e-06
1888,35.933351290004794,0,18.206213,True,True,1.430511474609375e-06
1889,35.951778495975304,0,18.381395,True,True,1.430511474609375e-06
1890,35.97015551995719,0,18.321756,True,True,1.430511474609375e-06
1891,35.98836225300329,0,18.16156,True,True,1.430511474609375e-06
1892,36.00663962296676,0,18.230258,True,True,1.430511474609375e-06
1893,36.024991204962134,0,18.303418,True,True,1.430511474609375e-06
1894,36.04320618399652,0,18.172953,True,True,1.430511474609375e-06
1895,36.07156429596944,0,28.313884,True,True,1.430511474609375e-06
1896,36.0901712369523,0,18.505287,True,True,1.430511474609375e-06
1897,36.108560076972935,0,18.32446,True,True,1.430511474609375e-06
1898,36.12702526099747,0,18.413602,True,True,1.430511474609375e-06
1899,36.14553906198125,0,18.466529,True,True,1.430511474609375e-06
1900,36.16390532796504,0,18.317405,True,True,1.430511474609375e-06
1901,36.18241721496452,0,18.468546,True,True,1.430511474609375e-06
1902,36.20085758698406,0,18.394346,True,True,1.430511474609375e-06
1903,36.21908753295429,0,18.185471,True,True,1.430511474609375e-06
1904,36.23744039499434,0,18.306663,True,True,1.430511474609375e-06
1905,36.25599258998409,0,18.499463,True,True,1.430511474609375e-06
1906,36.274317218980286,0,18.266023,True,True,1.430511474609375e-06
1907,36.2926886070054,0,18.318729,True,True,1.430511474609375e-06
1908,36.31088760099374,0,18.147486,True,True,1.430511474609375e-06
1909,36.328994027979206,0,18.061728,True,True,1.430511474609375e-06
1910,36.347868918965105,0,18.828083,True,True,1.430511474609375e-06
1911,36.36615644895937,0,18.238773,True,True,1.430511474609375e-06
1912,36.384625323000364,0,18.422765,True,True,1.430511474609375e-06
1913,36.40331141400384,0,18.630061,True,True,1.430511474609375e-06
1914,36.43303689896129,0,29.66512,True,True,1.430511474609375e-06
1915,36.452592692978214,0,19.446204,True,True,1.430511474609375e-06
1916,36.47139214799972,0,18.716672,True,True,1.430511474609375e-06
1917,36.489920755964704,0,18.423386,True,True,1.430511474609375e-06
1918,36.51022775500314,0,20.240964,True,True,1.430511474609375e-06
1919,36.53842267696746,0,28.102483,True,True,1.430511474609375e-06
1920,36.556915007997304,0,18.396708,True,True,1.430511474609375e-06
1921,36.57543511298718,0,18.453259,True,True,1.430511474609375e-06
1922,36.5941752109793,0,18.664597,True,True,1.430511474609375e-06
1923,36.612773138971534,0,18.501251,True,True,1.430511474609375e-06
1924,36.63122486695647,0,18.388702,True,True,1.430511474609375e-06
1925,36.64970303600421,0,18.422759,True,True,1.430511474609375e-06
1926,36.66809598496184,0,18.340708,True,True,1.430511474609375e-06
1927,36.68641605298035,0,18.27027,True,True,1.430511474609375e-06
1928,36.704653590975795,0,18.176041,True,True,1.430511474609375e-06
1929,36.73254567000549,0,27.83854,True,True,1.430511474609375e-06
1930,36.75150852097431,0,18.857428,True,True,1.430511474609375e-06
1931,36.77017251297366,0,18.563576,True,True,1.430511474609375e-06
1932,36.7885513859801,0,18.310306,True,True,1.430511474609375e-06
1933,36.81391742895357,0,25.31183,True,True,1.430511474609375e-06
1934,36.8325861049816,0,18.579772,True,True,1.430511474609375e-06
1935,36.85095694096526,0,18.311407,True,True,1.430511474609375e-06
1936,36.86936215899186,0,18.35374,True,True,1.430511474609375e-06
1937,36.88744438998401,0,18.033147,True,True,1.430511474609375e-06
1938,36.90568921796512,0,18.197232,True,True,1.430511474609375e-06
1939,36.92376086598961,0,18.025018,True,True,1.430511474609375e-06
1940,36.941781764966436,0,17.974205,True,True,1.430511474609375e-06
1941,36.96023430500645,0,18.407798,True,True,1.430511474609375e-06
1942,36.97845788800623,0,18.174768,True,True,1.430511474609375e-06
1943,36.996723035990726,0,18.220005,True,True,1.430511474609375e-06
1944,37.01525855495129,0,18.486987,True,True,1.430511474609375e-06
1945,37.03350806096569,0,18.201159,True,True,1.430511474609375e-06
1946,37.051872582989745,0,18.315006,True,True,1.430511474609375e-06
1947,37.070340179954655,0,18.422965,True,True,1.430511474609375e-06
1948,37.08867113298038,0,18.280614,True,True,1.430511474609375e-06
1949,37.107023465971,0,18.308175,True,True,1.430511474609375e-06
1950,37.12535968696466,0,18.292444,True,True,1.430511474609375e-06
1951,37.14367838698672,0,18.275627,True,True,1.430511474609375e-06
1952,37.16194087895565,0,18.220475,True,True,1.430511474609375e-06
1953,37.180363933963235,0,18.379742,True,True,1.430511474609375e-06
1954,37.19884334097151,0,18.43326,True,True,1.430511474609375e-06
1955,37.21707918896573,0,18.185857,True,True,1.430511474609375e-06
1956,37.23564476199681,0,18.520928,True,True,1.430511474609375e-06
1957,37.25390457198955,0,18.217884,True,True,1.430511474609375e-06
1958,37.27218847995391,0,18.2302,True,True,1.430511474609375e-06
1959,37.290442058001645,0,18.198849,True,True,1.430511474609375e-06
1960,37.30865543696564,0,18.166526,True,True,1.430511474609375e-06
1961,37.32690966397058,0,18.208296,True,True,1.430511474609375e-06
1962,37.34523256495595,0,18.273761,True,True,1.430511474609375e-06
1963,37.36331436596811,0,18.029799,True,True,1.430511474609375e-06
1964,37.39239130698843,0,29.028463,True,True,1.430511474609375e-06
1965,37.41410381597234,0,21.607577,True,True,1.430511474609375e-06
1966,37.44143601297401,0,27.237831,True,True,1.430511474609375e-06
1967,37.459974846977275,0,18.447658,True,True,1.430511474609375e-06
1968,37.47845449496526,0,18.413182,True,True,1.430511474609375e-06
1969,37.496934645983856,0,18.411372,True,True,1.430511474609375e-06
1970,37.515565045992844,0,18.565778,True,True,1.430511474609375e-06
1971,37.543631461972836,0,28.009245,True,True,1.430511474609375e-06
1972,37.56394895899575,0,20.213197,True,True,1.430511474609375e-06
1973,37.5826197489514,0,18.59609,True,True,1.430511474609375e-06
1974,37.60102188499877,0,18.341589,True,True,1.430511474609375e-06
1975,37.61921445495682,0,18.132444,True,True,1.430511474609375e-06
1976,37.63730119698448,0,18.029413,True,True,1.430511474609375e-06
1977,37.65593953599455,0,18.585389,True,True,1.430511474609375e-06
1978,37.674246187962126,0,18.258055,True,True,1.430511474609375e-06
1979,37.692589327984024,0,18.294097,True,True,1.430511474609375e-06
1980,37.71078090299852,0,18.133366,True,True,1.430511474609375e-06
1981,37.72919656499289,0,18.366053,True,True,1.430511474609375e-06
1982,37.747736315999646,0,18.484936,True,True,1.430511474609375e-06
1983,37.765999544004444,0,18.206708,True,True,1.430511474609375e-06
1984,37.78488773095887,0,18.839177,True,True,1.430511474609375e-06
1985,37.80321677098982,0,18.278347,True,True,1.430511474609375e-06
1986,37.82164176297374,0,18.339212,True,True,1.430511474609375e-06
1987,37.840235791984014,0,18.5362,True,True,1.430511474609375e-06
1988,37.85853095795028,0,18.241477,True,True,1.430511474609375e-06
1989,37.87679642497096,0,18.218755,True,True,1.430511474609375e-06
1990,37.8950763339526,0,18.234055,True,True,1.430511474609375e-06
1991,37.91339415998664,0,18.270926,True,True,1.430511474609375e-06
1992,37.931347675970756,0,17.90854,True,True,1.430511474609375e-06
1993,37.94960518396692,0,18.208779,True,True,1.430511474609375e-06
1994,37.96772960299859,0,18.082743,True,True,1.430511474609375e-06
1995,37.985762919997796,0,17.990514,True,True,1.430511474609375e-06
1996,38.00435172999278,0,18.546098,True,True,1.430511474609375e-06
1997,38.0223424549913,0,17.94062,True,True,1.430511474609375e-06
1998,38.040562416950706,0,18.176808,True,True,1.430511474609375e-06
1999,38.05877010099357,0,18.166238,True,True,1.430511474609375e-06
2000,38.076990696950816,0,18.175275,True,True,1.430511474609375e-06
2001,38.09524937096285,0,18.21906,True,True,1.430511474609375e-06
2002,38.11350461898837,0,18.212877,True,True,1.430511474609375e-06
2003,38.131779335963074,0,18.233258,True,True,1.430511474609375e-06
2004,38.150066139991395,0,18.23466,True,True,1.430511474609375e-06
2005,38.168595444993116,0,18.482428,True,True,1.430511474609375e-06
2006,38.186956889985595,0,18.306219,True,True,1.430511474609375e-06
2007,38.20523141598096,0,18.227791,True,True,1.430511474609375e-06
2008,38.23378190497169,0,28.504604,True,True,1.430511474609375e-06
2009,38.25238125899341,0,18.50673,True,True,1.430511474609375e-06
2010,38.27064572100062,0,18.19067,True,True,1.430511474609375e-06
2011,38.28899038396776,0,18.283952,True,True,1.430511474609375e-06
2012,38.30732298397925,0,18.282089,True,True,1.430511474609375e-06
2013,38.32567638496403,0,18.302266,True,True,1.430511474609375e-06
2014,38.344130854005925,0,18.407243,True,True,1.430511474609375e-06
2015,38.36246650398243,0,18.28573,True,True,1.430511474609375e-06
2016,38.38072660297621,0,18.211251,True,True,1.430511474609375e-06
2017,38.39909663796425,0,18.315334,True,True,1.430511474609375e-06
2018,38.42887705296744,0,29.723238,True,True,1.430511474609375e-06
2019,38.447574288991746,0,18.59147,True,True,1.430511474609375e-06
2020,38.46623987099156,0,18.588903,True,True,1.430511474609375e-06
2021,38.48454874497838,0,18.24711,True,True,1.430511474609375e-06
2022,38.502976424992085,0,18.371485,True,True,1.430511474609375e-06
2023,38.521336471952964,0,18.306955,True,True,1.430511474609375e-06
2024,38.5512831369997,0,29.89186,True,True,1.430511474609375e-06
2025,38.569903131981846,0,18.512,True,True,1.430511474609375e-06
2026,38.5883797199931,0,18.401716,True,True,1.430511474609375e-06
2027,38.6069084549672,0,18.472395,True,True,1.430511474609375e-06
2028,38.625361970975064,0,18.396184,True,True,1.430511474609375e-06
2029,38.64365935098613,0,18.244995,True,True,1.430511474609375e-06
2030,38.66204274998745,0,18.321827,True,True,1.430511474609375e-06
2031,38.6803657769924,0,18.271075,True,True,1.430511474609375e-06
2032,38.69874544197228,0,18.331858,True,True,1.430511474609375e-06
2033,38.71700000896817,0,18.196996,True,True,1.430511474609375e-06
2034,38.73561841394985,0,18.57041,True,True,1.430511474609375e-06
2035,38.75393697095569,0,18.264232,True,True,1.430511474609375e-06
2036,38.772284189995844,0,18.300249,True,True,1.430511474609375e-06
2037,38.791080130962655,0,18.724421,True,True,1.430511474609375e-06
2038,38.80980510095833,0,18.601923,True,True,1.430511474609375e-06
2039,38.82822893100092,0,18.348412,True,True,1.430511474609375e-06
2040,38.84648002195172,0,18.200942,True,True,1.430511474609375e-06
2041,38.864750024979,0,18.218826,True,True,1.430511474609375e-06
2042,38.88286848098505,0,18.070376,True,True,1.430511474609375e-06
2043,38.90118661697488,0,18.271582,True,True,1.430511474609375e-06
2044,38.919691937975585,0,18.422245,True,True,1.430511474609375e-06
2045,38.937941766984295,0,18.161717,True,True,1.430511474609375e-06
2046,38.95618924096925,0,18.186255,True,True,1.430511474609375e-06
2047,38.97458064398961,0,18.337827,True,True,1.430511474609375e-06
2048,38.9928428879939,0,18.206848,True,True,1.430511474609375e-06
2049,39.0109719960019,0,18.081704,True,True,1.430511474609375e-06
2050,39.029079077998176,0,18.054085,True,True,1.430511474609375e-06
2051,39.04707883798983,0,17.951588,True,True,1.430511474609375e-06
2052,39.075578773976304,0,28.449616,True,True,1.430511474609375e-06
2053,39.09417543897871,0,18.501746,True,True,1.430511474609375e-06
2054,39.112723180965986,0,18.487808,True,True,1.430511474609375e-06
2055,39.13108590897173,0,18.309227,True,True,1.430511474609375e-06
2056,39.149640769988764,0,18.505425,True,True,1.430511474609375e-06
2057,39.16798685898539,0,18.29568,True,True,1.430511474609375e-06
2058,39.18629132199567,0,18.260185,True,True,1.430511474609375e-06
2059,39.2048987679882,0,18.559662,True,True,1.430511474609375e-06
2060,39.22319372900529,0,18.251357,True,True,1.430511474609375e-06
2061,39.241671864001546,0,18.432259,True,True,1.430511474609375e-06
2062,39.26029905298492,0,18.575699,True,True,1.430511474609375e-06
2063,39.278449829958845,0,18.099144,True,True,1.430511474609375e-06
2064,39.296696036006324,0,18.194267,True,True,1.430511474609375e-06
2065,39.314811085991096,0,18.066238,True,True,1.430511474609375e-06
2066,39.33305802399991,0,18.201228,True,True,1.430511474609375e-06
2067,39.35113777098013,0,18.037537,True,True,1.430511474609375e-06
2068,39.369526302965824,0,18.340398,True,True,1.430511474609375e-06
2069,39.387881456990726,0,18.305447,True,True,1.430511474609375e-06
2070,39.40622160595376,0,18.295213,True,True,1.430511474609375e-06
2071,39.4369320209953,0,30.660927,True,True,1.430511474609375e-06
2072,39.45552808599314,0,18.486022,True,True,1.430511474609375e-06
2073,39.47388217796106,0,18.286717,True,True,1.430511474609375e-06
2074,39.49225177895278,0,18.31202,True,True,1.430511474609375e-06
2075,39.51082037697779,0,18.512494,True,True,1.430511474609375e-06
2076,39.53231991897337,0,21.44914,True,True,1.430511474609375e-06
2077,39.55885099899024,0,26.42791,True,True,1.430511474609375e-06
2078,39.57743849395774,0,18.495718,True,True,1.430511474609375e-06
2079,39.59599374997197,0,18.486465,True,True,1.430511474609375e-06
2080,39.61457961000269,0,18.520009,True,True,1.430511474609375e-06
2081,39.63269728800515,0,18.067167,True,True,1.430511474609375e-06
2082,39.65098301297985,0,18.230086,True,True,1.430511474609375e-06
2083,39.669152743997984,0,18.117805,True,True,1.430511474609375e-06
2084,39.687340535980184,0,18.132853,True,True,1.430511474609375e-06
2085,39.70580161298858,0,18.405022,True,True,1.430511474609375e-06
2086,39.72409551998135,0,18.23907,True,True,1.430511474609375e-06
2087,39.742525705951266,0,18.377727,True,True,1.430511474609375e-06
2088,39.76076756895054,0,18.189646,True,True,1.430511474609375e-06
2089,39.77922719495837,0,18.403708,True,True,1.430511474609375e-06
2090,39.79736549698282,0,18.09055,True,True,1.430511474609375e-06
2091,39.815795491973404,0,18.369071,True,True,1.430511474609375e-06
2092,39.83411961700767,0,18.268117,True,True,1.430511474609375e-06
2093,39.852326297957916,0,18.155952,True,True,1.430511474609375e-06
2094,39.870629153971095,0,18.255049,True,True,1.430511474609375e-06
2095,39.88865877396893,0,17.971182,True,True,1.430511474609375e-06
2096,39.90686938900035,0,18.162012,True,True,1.430511474609375e-06
2097,39.92488284595311,0,17.964015,True,True,1.430511474609375e-06
2098,39.94293825997738,0,18.003593,True,True,1.430511474609375e-06
2099,39.96143298695097,0,18.44753,True,True,1.430511474609375e-06
2100,39.97943115798989,0,17.953958,True,True,1.430511474609375e-06
2101,39.99745424097637,0,17.980799,True,True,1.430511474609375e-06
2102,40.01583027100423,0,18.330892,True,True,1.430511474609375e-06
2103,40.03393076796783,0,18.055494,True,True,1.430511474609375e-06
2104,40.052844338002615,0,18.867194,True,True,1.430511474609375e-06
2105,40.071072416962124,0,18.179913,True,True,1.430511474609375e-06
2106,40.089360518963076,0,18.243486,True,True,1.430511474609375e-06
2107,40.10767025995301,0,18.265155,True,True,1.430511474609375e-06
2108,40.12589836795814,0,18.183533,True,True,1.430511474609375e-06
2109,40.1442002079566,0,18.258826,True,True,1.430511474609375e-06
2110,40.1627325330046,0,18.485525,True,True,1.430511474609375e-06
2111,40.18101683398709,0,18.234048,True,True,1.430511474609375e-06
2112,40.19920213497244,0,18.135607,True,True,1.430511474609375e-06
2113,40.21752930799266,0,18.283344,True,True,1.430511474609375e-06
2114,40.235968535998836,0,18.391876,True,True,1.430511474609375e-06
2115,40.254276100953575,0,18.257608,True,True,1.430511474609375e-06
2116,40.27243011799874,0,18.100903,True,True,1.430511474609375e-06
2117,40.290495192981325,0,18.011971,True,True,1.430511474609375e-06
2118,40.30898522498319,0,18.436715,True,True,1.430511474609375e-06
2119,40.32696862600278,0,17.932835,True,True,1.430511474609375e-06
2120,40.34542878897628,0,18.417285,True,True,1.430511474609375e-06
2121,40.3635239279829,0,18.045753,True,True,1.430511474609375e-06
2122,40.38153036596486,0,17.963008,True,True,1.430511474609375e-06
2123,40.400138227967545,0,18.556251,True,True,1.430511474609375e-06
2124,40.42795539496001,0,27.758809,True,True,1.430511474609375e-06
2125,40.44862173194997,0,20.556294,True,True,1.430511474609375e-06
2126,40.467315971967764,0,18.617403,True,True,1.430511474609375e-06
2127,40.48565184499603,0,18.266522,True,True,1.430511474609375e-06
2128,40.50407904095482,0,18.371819,True,True,1.430511474609375e-06
2129,40.522342550975736,0,18.209681,True,True,1.430511474609375e-06
2130,40.552284957957454,0,29.883484,True,True,1.430511474609375e-06
2131,40.571021986950655,0,18.621925,True,True,1.430511474609375e-06
2132,40.58940689195879,0,18.310444,True,True,1.430511474609375e-06
2133,40.60796187596861,0,18.495416,True,True,1.430511474609375e-06
2134,40.62621396797476,0,18.189979,True,True,1.430511474609375e-06
2135,40.64458323799772,0,18.312507,True,True,1.430511474609375e-06
2136,40.662829593988135,0,18.190717,True,True,1.430511474609375e-06
2137,40.68125244695693,0,18.372861,True,True,1.430511474609375e-06
2138,40.69956507399911,0,18.259215,True,True,1.430511474609375e-06
2139,40.71770782896783,0,18.08313,True,True,1.430511474609375e-06
2140,40.73609276500065,0,18.329245,True,True,1.430511474609375e-06
2141,40.754160059965216,0,18.011274,True,True,1.430511474609375e-06
2142,40.77263077395037,0,18.42123,True,True,1.430511474609375e-06
2143,40.7910389569588,0,18.356548,True,True,1.430511474609375e-06
2144,40.809510777995456,0,18.377812,True,True,1.430511474609375e-06
2145,40.82811799098272,0,18.541713,True,True,1.430511474609375e-06
2146,40.84636116295587,0,18.188476,True,True,1.430511474609375e-06
2147,40.86470269499114,0,18.285396,True,True,1.430511474609375e-06
2148,40.88306373299565,0,18.304485,True,True,1.430511474609375e-06
2149,40.901265711989254,0,18.152682,True,True,1.430511474609375e-06
2150,40.91961719997926,0,18.301076,True,True,1.430511474609375e-06
2151,40.93823535600677,0,18.568579,True,True,1.430511474609375e-06
2152,40.95655631599948,0,18.275478,True,True,1.430511474609375e-06
2153,40.97487642598571,0,18.274637,True,True,1.430511474609375e-06
2154,41.00304924295051,0,28.109625,True,True,1.430511474609375e-06
2155,41.021591054974124,0,18.464221,True,True,1.430511474609375e-06
2156,41.039910481951665,0,18.269151,True,True,1.430511474609375e-06
2157,41.05830071895616,0,18.342903,True,True,1.430511474609375e-06
2158,41.07652426796267,0,18.176671,True,True,1.430511474609375e-06
2159,41.09501258598175,0,18.445801,True,True,1.430511474609375e-06
2160,41.11323416099185,0,18.169727,True,True,1.430511474609375e-06
2161,41.13129577599466,0,18.015156,True,True,1.430511474609375e-06
2162,41.15006175497547,0,18.722766,True,True,1.430511474609375e-06
2163,41.1683227729518,0,18.218003,True,True,1.430511474609375e-06
2164,41.18660350900609,0,18.238367,True,True,1.430511474609375e-06
2165,41.205004721006844,0,18.359362,True,True,1.430511474609375e-06
2166,41.223276039992925,0,18.228567,True,True,1.430511474609375e-06
2167,41.241629489988554,0,18.310988,True,True,1.430511474609375e-06
2168,41.26021510100691,0,18.535969,True,True,1.430511474609375e-06
2169,41.27850653696805,0,18.241352,True,True,1.430511474609375e-06
2170,41.29688710498158,0,18.3312,True,True,1.430511474609375e-06
2171,41.31551212898921,0,18.574895,True,True,1.430511474609375e-06
2172,41.33384381997166,0,18.285053,True,True,1.430511474609375e-06
2173,41.352212326950394,0,18.320066,True,True,1.430511474609375e-06
2174,41.37089148495579,0,18.631695,True,True,1.430511474609375e-06
2175,41.38917567295721,0,18.23809,True,True,1.430511474609375e-06
2176,41.409826910996344,0,20.601292,True,True,1.430511474609375e-06
2177,41.438217528979294,0,28.288801,True,True,1.430511474609375e-06
2178,41.45677039294969,0,18.455481,True,True,1.430511474609375e-06
2179,41.47546294500353,0,18.618806,True,True,1.430511474609375e-06
2180,41.494009981979616,0,18.446396,True,True,1.430511474609375e-06
2181,41.51242063596146,0,18.346166,True,True,1.430511474609375e-06
2182,41.53073289996246,0,18.261343,True,True,1.430511474609375e-06
2183,41.555115503957495,0,24.333739,True,True,1.430511474609375e-06
2184,41.57899930496933,0,23.77012,True,True,1.430511474609375e-06
2185,41.59799134900095,0,18.904394,True,True,1.430511474609375e-06
2186,41.61662153498037,0,18.523997,True,True,1.430511474609375e-06
2187,41.63503332796972,0,18.342726,True,True,1.430511474609375e-06
2188,41.65341935597826,0,18.326951,True,True,1.430511474609375e-06
2189,41.67207457398763,0,18.595458,True,True,1.430511474609375e-06
2190,41.690361580986064,0,18.2343,True,True,1.430511474609375e-06
2191,41.708576321951114,0,18.162454,True,True,1.430511474609375e-06
2192,41.726831803971436,0,18.199771,True,True,1.430511474609375e-06
2193,41.744913326983806,0,18.02828,True,True,1.430511474609375e-06
2194,41.76355169696035,0,18.585799,True,True,1.430511474609375e-06
2195,41.781972324999515,0,18.368664,True,True,1.430511474609375e-06
2196,41.800259196956176,0,18.236876,True,True,1.430511474609375e-06
2197,41.81880461797118,0,18.482277,True,True,1.430511474609375e-06
2198,41.83745876798639,0,18.599708,True,True,1.430511474609375e-06
2199,41.855688390962314,0,18.176263,True,True,1.430511474609375e-06
2200,41.874001171963755,0,18.26856,True,True,1.430511474609375e-06
2201,41.89220729796216,0,18.1622,True,True,1.430511474609375e-06
2202,41.9102380949771,0,17.985903,True,True,1.430511474609375e-06
2203,41.92843072296819,0,18.146027,True,True,1.430511474609375e-06
2204,41.94667453598231,0,18.196726,True,True,1.430511474609375e-06
2205,41.964935741969384,0,18.217524,True,True,1.430511474609375e-06
2206,41.9834862719872,0,18.505854,True,True,1.430511474609375e-06
2207,42.00173699500738,0,18.207634,True,True,1.430511474609375e-06
2208,42.019970791006926,0,18.186184,True,True,1.430511474609375e-06
2209,42.03828425897518,0,18.267325,True,True,1.430511474609375e-06
2210,42.0563742799568,0,18.046999,True,True,1.430511474609375e-06
2211,42.07444889598992,0,18.029435,True,True,1.430511474609375e-06
2212,42.09290115896147,0,18.406045,True,True,1.430511474609375e-06
2213,42.11110887496034,0,18.164741,True,True,1.430511474609375e-06
2214,42.12949449795997,0,18.33521,True,True,1.430511474609375e-06
2215,42.147479595965706,0,17.940651,True,True,1.430511474609375e-06
2216,42.165629322989844,0,18.10696,True,True,1.430511474609375e-06
2217,42.18361144600203,0,17.934593,True,True,1.430511474609375e-06
2218,42.20162016397808,0,17.966781,True,True,1.430511474609375e-06
2219,42.21969549800269,0,18.034054,True,True,1.430511474609375e-06
2220,42.23779847996775,0,18.055016,True,True,1.430511474609375e-06
2221,42.25632903096266,0,18.482714,True,True,1.430511474609375e-06
2222,42.27448781096609,0,18.110766,True,True,1.430511474609375e-06
2223,42.29270420095418,0,18.172017,True,True,1.430511474609375e-06
2224,42.311195233953185,0,18.438996,True,True,1.430511474609375e-06
2225,42.329183771973476,0,17.941783,True,True,1.430511474609375e-06
2226,42.347685217973776,0,18.459432,True,True,1.430511474609375e-06
2227,42.36586726497626,0,18.116871,True,True,1.430511474609375e-06
2228,42.384187158953864,0,18.264687,True,True,1.430511474609375e-06
2229,42.402520993957296,0,18.276237,True,True,1.430511474609375e-06
2230,42.4304547769716,0,27.885103,True,True,1.430511474609375e-06
2231,42.45080719096586,0,20.242816,True,True,1.430511474609375e-06
2232,42.46926965995226,0,18.393848,True,True,1.430511474609375e-06
2233,42.48787532397546,0,18.541235,True,True,1.430511474609375e-06
2234,42.50632921396755,0,18.388063,True,True,1.430511474609375e-06
2235,42.52454320498509,0,18.162892,True,True,1.430511474609375e-06
2236,42.54572753998218,0,21.136195,True,True,1.430511474609375e-06
2237,42.57279576599831,0,26.95048,True,True,1.430511474609375e-06
2238,42.5913747389568,0,18.479443,True,True,1.430511474609375e-06
2239,42.60992300597718,0,18.480814,True,True,1.430511474609375e-06
2240,42.628265353967436,0,18.282756,True,True,1.430511474609375e-06
2241,42.646599261963274,0,18.278813,True,True,1.430511474609375e-06
2242,42.67147205298534,0,24.818196,True,True,1.430511474609375e-06
2243,42.6927340059774,0,21.159102,True,True,1.430511474609375e-06
2244,42.71116041496862,0,18.358694,True,True,1.430511474609375e-06
2245,42.729528025956824,0,18.305955,True,True,1.430511474609375e-06
2246,42.74795524898218,0,18.372166,True,True,1.430511474609375e-06
2247,42.76635125599569,0,18.342229,True,True,1.430511474609375e-06
2248,42.78480656899046,0,18.399373,True,True,1.430511474609375e-06
2249,42.80329423898365,0,18.434809,True,True,1.430511474609375e-06
2250,42.822131638997234,0,18.748231,True,True,1.430511474609375e-06
2251,42.840697114996146,0,18.502972,True,True,1.430511474609375e-06
2252,42.85890562098939,0,18.153111,True,True,1.430511474609375e-06
2253,42.877464064978994,0,18.50568,True,True,1.430511474609375e-06
2254,42.89575026498642,0,18.239029,True,True,1.430511474609375e-06
2255,42.91399851097958,0,18.201057,True,True,1.430511474609375e-06
2256,42.932318785984535,0,18.276687,True,True,1.430511474609375e-06
2257,42.95064677699702,0,18.28158,True,True,1.430511474609375e-06
2258,42.96899892599322,0,18.308294,True,True,1.430511474609375e-06
2259,42.98715096595697,0,18.101078,True,True,1.430511474609375e-06
2260,43.00529918895336,0,18.097395,True,True,1.430511474609375e-06
2261,43.023413285962306,0,18.065756,True,True,1.430511474609375e-06
2262,43.04143690899946,0,17.979703,True,True,1.430511474609375e-06
2263,43.059928976988886,0,18.450189,True,True,1.430511474609375e-06
2264,43.078172060952056,0,18.201489,True,True,1.430511474609375e-06
2265,43.09650565200718,0,18.293439,True,True,1.430511474609375e-06
2266,43.11484306596685,0,18.295088,True,True,1.430511474609375e-06
2267,43.13330461498117,0,18.42089,True,True,1.430511474609375e-06
2268,43.15167609299533,0,18.323385,True,True,1.430511474609375e-06
2269,43.170167314994615,0,18.447773,True,True,1.430511474609375e-06
2270,43.18861082295189,0,18.394284,True,True,1.430511474609375e-06
2271,43.20684457698371,0,18.186525,True,True,1.430511474609375e-06
2272,43.22524399700342,0,18.354074,True,True,1.430511474609375e-06
2273,43.243404267006554,0,18.118534,True,True,1.430511474609375e-06
2274,43.26170904195169,0,18.253324,True,True,1.430511474609375e-06
2275,43.280288213980384,0,18.525386,True,True,1.430511474609375e-06
2276,43.298432316980325,0,18.093132,True,True,1.430511474609375e-06
2277,43.31906071299454,0,20.573009,True,True,1.430511474609375e-06
2278,43.34446802496677,0,25.306933,True,True,1.430511474609375e-06
2279,43.36286928795744,0,18.333814,True,True,1.430511474609375e-06
2280,43.381221118965186,0,18.295974,True,True,1.430511474609375e-06
2281,43.39969053398818,0,18.411601,True,True,1.430511474609375e-06
2282,43.428872099961154,0,29.129711,True,True,1.430511474609375e-06
2283,43.44766212295508,0,18.683948,True,True,1.430511474609375e-06
2284,43.46606783999596,0,18.33174,True,True,1.430511474609375e-06
2285,43.48443066497566,0,18.306778,True,True,1.430511474609375e-06
2286,43.50321127299685,0,18.728076,True,True,1.430511474609375e-06
2287,43.52142984798411,0,18.165137,True,True,1.430511474609375e-06
2288,43.5395484509645,0,18.068316,True,True,1.430511474609375e-06
2289,43.56016458495287,0,20.564448,True,True,1.430511474609375e-06
2290,43.58793792495271,0,27.690201,True,True,1.430511474609375e-06
2291,43.60645264899358,0,18.416732,True,True,1.430511474609375e-06
2292,43.62494470796082,0,18.420443,True,True,1.430511474609375e-06
2293,43.64335604995722,0,18.347961,True,True,1.430511474609375e-06
2294,43.661908387963194,0,18.495443,True,True,1.430511474609375e-06
2295,43.68019623297732,0,18.23291,True,True,1.430511474609375e-06
2296,43.69849446497392,0,18.248173,True,True,1.430511474609375e-06
2297,43.71685629297281,0,18.306789,True,True,1.430511474609375e-06
2298,43.73609438596759,0,19.184756,True,True,1.430511474609375e-06
2299,43.75505421496928,0,18.877765,True,True,1.430511474609375e-06
2300,43.77373151096981,0,18.597194,True,True,1.430511474609375e-06
2301,43.79226850299165,0,18.456423,True,True,1.430511474609375e-06
2302,43.81084752595052,0,18.50113,True,True,1.430511474609375e-06
2303,43.829283936996944,0,18.381638,True,True,1.430511474609375e-06
2304,43.84783470496768,0,18.500752,True,True,1.430511474609375e-06
2305,43.866006710974034,0,18.123942,True,True,1.430511474609375e-06
2306,43.88467319699703,0,18.621116,True,True,1.430511474609375e-06
2307,43.90334623400122,0,18.586907,True,True,1.430511474609375e-06
2308,43.92170741298469,0,18.296135,True,True,1.430511474609375e-06
2309,43.94042391795665,0,18.659218,True,True,1.430511474609375e-06
2310,43.95873611298157,0,18.262432,True,True,1.430511474609375e-06
2311,43.98361599695636,0,24.826989,True,True,1.430511474609375e-06
2312,44.005626092955936,0,21.920991,True,True,1.430511474609375e-06
2313,44.024170573975425,0,18.480599,True,True,1.430511474609375e-06
2314,44.042520617949776,0,18.287476,True,True,1.430511474609375e-06
2315,44.06091489299433,0,18.344178,True,True,1.430511474609375e-06
2316,44.079132367973216,0,18.1688,True,True,1.430511474609375e-06
2317,44.09775857598288,0,18.577763,True,True,1.430511474609375e-06
2318,44.11624006496277,0,18.428024,True,True,1.430511474609375e-06
2319,44.13451642700238,0,18.229508,True,True,1.430511474609375e-06
2320,44.1528224759968,0,18.260714,True,True,1.430511474609375e-06
2321,44.1710697899689,0,18.203076,True,True,1.430511474609375e-06
2322,44.190083060995676,0,18.966395,True,True,1.430511474609375e-06
2323,44.20829788700212,0,18.16948,True,True,1.430511474609375e-06
2324,44.226488025975414,0,18.140791,True,True,1.430511474609375e-06
2325,44.24457902298309,0,18.047118,True,True,1.430511474609375e-06
2326,44.26265791396145,0,18.031802,True,True,1.430511474609375e-06
2327,44.28161048097536,0,18.888243,True,True,1.430511474609375e-06
2328,44.29963904095348,0,17.968242,True,True,1.430511474609375e-06
2329,44.317786831001285,0,18.097936,True,True,1.430511474609375e-06
2330,44.33600218495121,0,18.171238,True,True,1.430511474609375e-06
2331,44.35431458998937,0,18.248855,True,True,1.430511474609375e-06
2332,44.37273220397765,0,18.364638,True,True,1.430511474609375e-06
2333,44.39135735796299,0,18.575797,True,True,1.430511474609375e-06
2334,44.41213605896337,0,20.728331,True,True,1.430511474609375e-06
2335,44.4393715459737,0,27.142592,True,True,1.430511474609375e-06
2336,44.457725883985404,0,18.264711,True,True,1.430511474609375e-06
2337,44.47622812300688,0,18.440914,True,True,1.430511474609375e-06
2338,44.494939086958766,0,18.654436,True,True,1.430511474609375e-06
2339,44.51331507897703,0,18.319798,True,True,1.430511474609375e-06
2340,44.53163068898721,0,18.267314,True,True,1.430511474609375e-06
2341,44.549895490985364,0,18.21669,True,True,1.430511474609375e-06
2342,44.58001051296014,0,30.062293,True,True,1.430511474609375e-06
2343,44.59870952996425,0,18.591548,True,True,1.430511474609375e-06
2344,44.61719955096487,0,18.413934,True,True,1.430511474609375e-06
2345,44.63551264000125,0,18.254494,True,True,1.430511474609375e-06
2346,44.65414591896115,0,18.579157,True,True,1.430511474609375e-06
2347,44.67227943998296,0,18.073294,True,True,1.430511474609375e-06
2348,44.69108638400212,0,18.757943,True,True,1.430511474609375e-06
2349,44.70952094497625,0,18.382434,True,True,1.430511474609375e-06
2350,44.72772638697643,0,18.149781,True,True,1.430511474609375e-06
2351,44.74587138899369,0,18.085996,True,True,1.430511474609375e-06
2352,44.76433247199748,0,18.409222,True,True,1.430511474609375e-06
2353,44.782864098961,0,18.48047,True,True,1.430511474609375e-06
2354,44.801180099952035,0,18.259301,True,True,1.430511474609375e-06
2355,44.82920544600347,0,27.953147,True,True,1.430511474609375e-06
2356,44.84784909395967,0,18.555123,True,True,1.430511474609375e-06
2357,44.86624791997019,0,18.334078,True,True,1.430511474609375e-06
2358,44.88455487298779,0,18.253026,True,True,1.430511474609375e-06
2359,44.90294173598522,0,18.33822,True,True,1.430511474609375e-06
2360,44.921713862975594,0,18.721769,True,True,1.430511474609375e-06
2361,44.940123032953124,0,18.357946,True,True,1.430511474609375e-06
2362,44.95871175196953,0,18.539351,True,True,1.430511474609375e-06
2363,44.976837088994216,0,18.078651,True,True,1.430511474609375e-06
2364,44.995184006984346,0,18.301667,True,True,1.430511474609375e-06
2365,45.01349153800402,0,18.260957,True,True,1.430511474609375e-06
2366,45.03247418696992,0,18.939961,True,True,1.430511474609375e-06
2367,45.05080818699207,0,18.284639,True,True,1.430511474609375e-06
2368,45.06896268198034,0,18.111546,True,True,1.430511474609375e-06
2369,45.08727968198946,0,18.270448,True,True,1.430511474609375e-06
2370,45.10538342199288,0,18.052634,True,True,1.430511474609375e-06
2371,45.12405758298701,0,18.630781,True,True,1.430511474609375e-06
2372,45.142582265951205,0,18.479527,True,True,1.430511474609375e-06
2373,45.16066180495545,0,18.035056,True,True,1.430511474609375e-06
2374,45.17891961999703,0,18.210984,True,True,1.430511474609375e-06
2375,45.19712077698205,0,18.157487,True,True,1.430511474609375e-06
2376,45.21533722995082,0,18.173675,True,True,1.430511474609375e-06
2377,45.234299113973975,0,18.920943,True,True,1.430511474609375e-06
2378,45.25276030396344,0,18.411482,True,True,1.430511474609375e-06
2379,45.27120980498148,0,18.395409,True,True,1.430511474609375e-06
2380,45.28956068697153,0,18.298558,True,True,1.430511474609375e-06
2381,45.30795175698586,0,18.33946,True,True,1.430511474609375e-06
2382,45.32674861396663,0,18.752864,True,True,1.430511474609375e-06
2383,45.34528544195928,0,18.484465,True,True,1.430511474609375e-06
2384,45.36364496895112,0,18.310459,True,True,1.430511474609375e-06
2385,45.38198019500123,0,18.287469,True,True,1.430511474609375e-06
2386,45.40048279997427,0,18.448573,True,True,1.430511474609375e-06
2387,45.4301650999696,0,29.625801,True,True,1.430511474609375e-06
2388,45.44887592300074,0,18.608812,True,True,1.430511474609375e-06
2389,45.467265652958304,0,18.324389,True,True,1.430511474609375e-06
2390,45.48559821594972,0,18.281339,True,True,1.430511474609375e-06
2391,45.50397843995597,0,18.332029,True,True,1.430511474609375e-06
2392,45.522909349994734,0,18.885149,True,True,1.430511474609375e-06
2393,45.54146514396416,0,18.498048,True,True,1.430511474609375e-06
2394,45.56256585998926,0,21.05065,True,True,1.430511474609375e-06
2395,45.589596203994006,0,26.930489,True,True,1.430511474609375e-06
2396,45.60797344398452,0,18.268967,True,True,1.430511474609375e-06
2397,45.62671926099574,0,18.677853,True,True,1.430511474609375e-06
2398,45.64521245396463,0,18.425166,True,True,1.430511474609375e-06
2399,45.670347935985774,0,25.073621,True,True,1.430511474609375e-06
2400,45.69161423895275,0,21.16079,True,True,1.430511474609375e-06
2401,45.710034666990396,0,18.359475,True,True,1.430511474609375e-06
2402,45.7284724979545,0,18.376674,True,True,1.430511474609375e-06
2403,45.747218829987105,0,18.690262,True,True,1.430511474609375e-06
2404,45.766080371977296,0,18.804355,True,True,1.430511474609375e-06
2405,45.790934382996056,0,24.790736,True,True,1.430511474609375e-06
2406,45.80961693095742,0,18.584894,True,True,1.430511474609375e-06
2407,45.828025616006926,0,18.348417,True,True,1.430511474609375e-06
2408,45.84643356397282,0,18.352997,True,True,1.430511474609375e-06
2409,45.865176959952805,0,18.692742,True,True,1.430511474609375e-06
2410,45.88390934700146,0,18.680336,True,True,1.430511474609375e-06
2411,45.90226887399331,0,18.307635,True,True,1.430511474609375e-06
2412,45.920498698949814,0,18.185957,True,True,1.430511474609375e-06
2413,45.938728223962244,0,18.186855,True,True,1.430511474609375e-06
2414,45.957006227981765,0,18.231851,True,True,1.430511474609375e-06
2415,45.975613989983685,0,18.566543,True,True,1.430511474609375e-06
2416,45.99448489496717,0,18.825758,True,True,1.430511474609375e-06
2417,46.01275718997931,0,18.220834,True,True,1.430511474609375e-06
2418,46.0311741780024,0,18.369369,True,True,1.430511474609375e-06
2419,46.04926486196928,0,18.048202,True,True,1.430511474609375e-06
2420,46.067381451954134,0,18.070377,True,True,1.430511474609375e-06
2421,46.08659121097298,0,19.160276,True,True,1.430511474609375e-06
2422,46.10495856497437,0,18.319151,True,True,1.430511474609375e-06
2423,46.123205490992405,0,18.196792,True,True,1.430511474609375e-06
2424,46.14154966495698,0,18.297373,True,True,1.430511474609375e-06
2425,46.15973254997516,0,18.139243,True,True,1.430511474609375e-06
2426,46.17799594096141,0,18.217751,True,True,1.430511474609375e-06
2427,46.19683021795936,0,18.792291,True,True,1.430511474609375e-06
2428,46.2148502789787,0,17.973823,True,True,1.430511474609375e-06
2429,46.23294524697121,0,18.049384,True,True,1.430511474609375e-06
2430,46.25111658900278,0,18.128173,True,True,1.430511474609375e-06
2431,46.269360331993084,0,18.187496,True,True,1.430511474609375e-06
2432,46.28793604898965,0,18.529638,True,True,1.430511474609375e-06
2433,46.30612194596324,0,18.13843,True,True,1.430511474609375e-06
2434,46.32413835899206,0,17.971965,True,True,1.430511474609375e-06
2435,46.342405155999586,0,18.218551,True,True,1.430511474609375e-06
2436,46.36070178099908,0,18.245424,True,True,1.430511474609375e-06
2437,46.37888242898043,0,18.132479,True,True,1.430511474609375e-06
2438,46.397468581970315,0,18.537664,True,True,1.430511474609375e-06
2439,46.42757578595774,0,30.053488,True,True,1.430511474609375e-06
2440,46.446036513953004,0,18.357935,True,True,1.430511474609375e-06
2441,46.4643403479713,0,18.229264,True,True,1.430511474609375e-06
2442,46.48343613400357,0,19.035058,True,True,1.430511474609375e-06
2443,46.50201133295195,0,18.49218,True,True,1.430511474609375e-06
2444,46.52035264100414,0,18.252416,True,True,1.430511474609375e-06
2445,46.53850517998217,0,18.091124,True,True,1.430511474609375e-06
2446,46.556596259004436,0,18.037614,True,True,1.430511474609375e-06
2447,46.5853356239968,0,28.687876,True,True,1.430511474609375e-06
2448,46.60555246297736,0,20.109069,True,True,1.430511474609375e-06
2449,46.62446031300351,0,18.817171,True,True,1.430511474609375e-06
2450,46.643023463955615,0,18.473986,True,True,1.430511474609375e-06
2451,46.661395089991856,0,18.300254,True,True,1.430511474609375e-06
2452,46.68000232899794,0,18.556189,True,True,1.430511474609375e-06
2453,46.69862335099606,0,18.571359,True,True,1.430511474609375e-06
2454,46.71679794695228,0,18.123163,True,True,1.430511474609375e-06
2455,46.73519958695397,0,18.345686,True,True,1.430511474609375e-06
2456,46.753347800986376,0,18.084389,True,True,1.430511474609375e-06
2457,46.77163846796611,0,18.217162,True,True,1.430511474609375e-06
2458,46.79086336697219,0,19.164407,True,True,1.430511474609375e-06
2459,46.809476009977516,0,18.543857,True,True,1.430511474609375e-06
2460,46.82754054496763,0,18.00847,True,True,1.430511474609375e-06
2461,46.845660177001264,0,18.063788,True,True,1.430511474609375e-06
2462,46.86424152797554,0,18.530619,True,True,1.430511474609375e-06
2463,46.882241104962304,0,17.953338,True,True,1.430511474609375e-06
2464,46.900388224981725,0,18.095881,True,True,1.430511474609375e-06
2465,46.91901228495408,0,18.575451,True,True,1.430511474609375e-06
2466,46.937093282991555,0,18.034728,True,True,1.430511474609375e-06
2467,46.95525195798837,0,18.115924,True,True,1.430511474609375e-06
2468,46.97366358095314,0,18.365874,True,True,1.430511474609375e-06
2469,46.99194387800526,0,18.237962,True,True,1.430511474609375e-06
2470,47.010376071964856,0,18.382828,True,True,1.430511474609375e-06
2471,47.028706893965136,0,18.285089,True,True,1.430511474609375e-06
2472,47.04697560798377,0,18.226692,True,True,1.430511474609375e-06
2473,47.06548331299564,0,18.461461,True,True,1.430511474609375e-06
2474,47.08388669398846,0,18.362168,True,True,1.430511474609375e-06
2475,47.10209510900313,0,18.163924,True,True,1.430511474609375e-06
2476,47.12052420998225,0,18.381596,True,True,1.430511474609375e-06
2477,47.138802365981974,0,18.236887,True,True,1.430511474609375e-06
2478,47.15707374899648,0,18.227993,True,True,1.430511474609375e-06
2479,47.17563471099129,0,18.514405,True,True,1.430511474609375e-06
2480,47.193800069973804,0,18.113401,True,True,1.430511474609375e-06
2481,47.21199079195503,0,18.147789,True,True,1.430511474609375e-06
2482,47.23007572500501,0,18.043381,True,True,1.430511474609375e-06
2483,47.24815154395765,0,18.032274,True,True,1.430511474609375e-06
2484,47.26639093097765,0,18.188213,True,True,1.430511474609375e-06
2485,47.284466279961634,0,18.027396,True,True,1.430511474609375e-06
2486,47.303433601977304,0,18.918751,True,True,1.430511474609375e-06
2487,47.32163963699713,0,18.159486,True,True,1.430511474609375e-06
2488,47.33994522399735,0,18.26277,True,True,1.430511474609375e-06
2489,47.35826924897265,0,18.272926,True,True,1.430511474609375e-06
2490,47.3763227929594,0,18.007975,True,True,1.430511474609375e-06
2491,47.39462802797789,0,18.253239,True,True,1.430511474609375e-06
2492,47.415774185967166,0,21.096985,True,True,1.430511474609375e-06
2493,47.441161628987174,0,25.305645,True,True,1.430511474609375e-06
2494,47.460639325960074,0,19.374733,True,True,1.430511474609375e-06
2495,47.47905265999725,0,18.347402,True,True,1.430511474609375e-06
2496,47.497714945988264,0,18.600047,True,True,1.430511474609375e-06
2497,47.516103215981275,0,18.325911,True,True,1.430511474609375e-06
2498,47.534408434003126,0,18.2566,True,True,1.430511474609375e-06
2499,47.552843269950245,0,18.383427,True,True,1.430511474609375e-06
2500,47.57118574494962,0,18.297553,True,True,1.430511474609375e-06
2501,47.61198481399333,0,40.745396,True,True,1.430511474609375e-06
2502,47.630901039985474,0,18.784148,True,True,1.430511474609375e-06
2503,47.649327758001164,0,18.348173,True,True,1.430511474609375e-06
2504,47.66773435898358,0,18.341735,True,True,1.430511474609375e-06
2505,47.68587791395839,0,18.079429,True,True,1.430511474609375e-06
2506,47.704131826001685,0,18.200557,True,True,1.430511474609375e-06
2507,47.72279316798085,0,18.599419,True,True,1.430511474609375e-06
2508,47.740894872986246,0,18.04401,True,True,1.430511474609375e-06
2509,47.75906762696104,0,18.118275,True,True,1.430511474609375e-06
2510,47.777318510983605,0,18.193834,True,True,1.430511474609375e-06
2511,47.79552604700439,0,18.152753,True,True,1.430511474609375e-06
2512,47.813838426955044,0,18.239856,True,True,1.430511474609375e-06
2513,47.832029120996594,0,18.134558,True,True,1.430511474609375e-06
2514,47.85079679300543,0,18.71399,True,True,1.430511474609375e-06
2515,47.869020351965446,0,18.166365,True,True,1.430511474609375e-06
2516,47.887352299003396,0,18.280919,True,True,1.430511474609375e-06
2517,47.90570789697813,0,18.307191,True,True,1.430511474609375e-06
2518,47.92376464395784,0,18.011605,True,True,1.430511474609375e-06
2519,47.94189492700389,0,18.085151,True,True,1.430511474609375e-06
2520,47.96016616595443,0,18.224949,True,True,1.430511474609375e-06
2521,47.978460255952086,0,18.24978,True,True,1.430511474609375e-06
2522,47.997092101955786,0,18.584595,True,True,1.430511474609375e-06
2523,48.01537706999807,0,18.238824,True,True,1.430511474609375e-06
2524,48.033779493998736,0,18.35729,True,True,1.430511474609375e-06
2525,48.0521227279678,0,18.296805,True,True,1.430511474609375e-06
2526,48.07038130995352,0,18.21495,True,True,1.430511474609375e-06
2527,48.08846728596836,0,18.041008,True,True,1.430511474609375e-06
2528,48.106906086963136,0,18.394947,True,True,1.430511474609375e-06
2529,48.12498814496212,0,18.032829,True,True,1.430511474609375e-06
2530,48.14312959596282,0,18.097955,True,True,1.430511474609375e-06
2531,48.16112666897243,0,17.951243,True,True,1.430511474609375e-06
2532,48.17919241497293,0,18.007299,True,True,1.430511474609375e-06
2533,48.19790227699559,0,18.658884,True,True,1.430511474609375e-06
2534,48.216047511959914,0,18.098163,True,True,1.430511474609375e-06
2535,48.23416186898248,0,18.067284,True,True,1.430511474609375e-06
2536,48.25272036000388,0,18.502915,True,True,1.430511474609375e-06
2537,48.27086294599576,0,18.092567,True,True,1.430511474609375e-06
2538,48.289099015994,0,18.165855,True,True,1.430511474609375e-06
2539,48.30759222700726,0,18.438332,True,True,1.430511474609375e-06
2540,48.32569759199396,0,18.056961,True,True,1.430511474609375e-06
2541,48.34398900298402,0,18.248193,True,True,1.430511474609375e-06
2542,48.36227278097067,0,18.237495,True,True,1.430511474609375e-06
2543,48.38043222995475,0,18.105851,True,True,1.430511474609375e-06
2544,48.39871147595113,0,18.223398,True,True,1.430511474609375e-06
2545,48.42700463999063,0,28.233884,True,True,1.430511474609375e-06
2546,48.4469894899521,0,19.874851,True,True,1.430511474609375e-06
2547,48.46625005395617,0,19.184033,True,True,1.430511474609375e-06
2548,48.48586581100244,0,19.485132,True,True,1.430511474609375e-06
2549,48.505039208976086,0,19.043077,True,True,1.430511474609375e-06
2550,48.52501248300541,0,19.82939,True,True,1.430511474609375e-06
2551,48.54404898296343,0,18.893902,True,True,1.430511474609375e-06
2552,48.56266706396127,0,18.493213,True,True,1.430511474609375e-06
2553,48.58764971996425,0,24.907534,True,True,1.430511474609375e-06
2554,48.610864614951424,0,23.092032,True,True,1.430511474609375e-06
2555,48.629476147005334,0,18.550539,True,True,1.430511474609375e-06
2556,48.64771887398092,0,18.185035,True,True,1.430511474609375e-06
2557,48.66579937498318,0,18.021073,True,True,1.430511474609375e-06
2558,48.68450046196813,0,18.642835,True,True,1.430511474609375e-06
2559,48.70270664198324,0,18.158489,True,True,1.430511474609375e-06
2560,48.72111491498072,0,18.357027,True,True,1.430511474609375e-06
2561,48.739325437985826,0,18.158951,True,True,1.430511474609375e-06
2562,48.75798312498955,0,18.609839,True,True,1.430511474609375e-06
2563,48.77602819399908,0,17.992157,True,True,1.430511474609375e-06
2564,48.794413639989216,0,18.331098,True,True,1.430511474609375e-06
2565,48.818991684995126,0,24.462292,True,True,1.430511474609375e-06
2566,48.83752351498697,0,18.43719,True,True,1.430511474609375e-06
2567,48.856272128003184,0,18.679163,True,True,1.430511474609375e-06
2568,48.874572917004116,0,18.247536,True,True,1.430511474609375e-06
2569,48.8925824079779,0,17.954038,True,True,1.430511474609375e-06
2570,48.91136221395573,0,18.729049,True,True,1.430511474609375e-06
2571,48.92996866599424,0,18.508133,True,True,1.430511474609375e-06
2572,48.94858639797894,0,18.530872,True,True,1.430511474609375e-06
2573,48.967280482000206,0,18.63149,True,True,1.430511474609375e-06
2574,48.985587542003486,0,18.247501,True,True,1.430511474609375e-06
2575,49.003944029973354,0,18.308824,True,True,1.430511474609375e-06
2576,49.02242999797454,0,18.436396,True,True,1.430511474609375e-06
2577,49.040622733999044,0,18.141989,True,True,1.430511474609375e-06
2578,49.0587359929923,0,18.070126,True,True,1.430511474609375e-06
2579,49.07722877897322,0,18.448425,True,True,1.430511474609375e-06
2580,49.09530371095752,0,18.028628,True,True,1.430511474609375e-06
2581,49.113435056991875,0,18.086208,True,True,1.430511474609375e-06
2582,49.1319558719988,0,18.477938,True,True,1.430511474609375e-06
2583,49.150139360979665,0,18.140751,True,True,1.430511474609375e-06
2584,49.16842631599866,0,18.242934,True,True,1.430511474609375e-06
2585,49.18652846198529,0,18.05832,True,True,1.430511474609375e-06
2586,49.2045886630076,0,18.015675,True,True,1.430511474609375e-06
2587,49.223111573955975,0,18.479059,True,True,1.430511474609375e-06
2588,49.24127497698646,0,18.119986,True,True,1.430511474609375e-06
2589,49.26700968196383,0,25.684417,True,True,1.430511474609375e-06
2590,49.28835061599966,0,21.251232,True,True,1.430511474609375e-06
2591,49.30679132899968,0,18.378415,True,True,1.430511474609375e-06
2592,49.325505924993195,0,18.658555,True,True,1.430511474609375e-06
2593,49.343713809968904,0,18.159488,True,True,1.430511474609375e-06
2594,49.362098725978285,0,18.334756,True,True,1.430511474609375e-06
2595,49.38039448997006,0,18.249918,True,True,1.430511474609375e-06
2596,49.3986190269934,0,18.167448,True,True,1.430511474609375e-06
2597,49.426866596972104,0,28.190767,True,True,1.430511474609375e-06
2598,49.4470818239497,0,20.105724,True,True,1.430511474609375e-06
2599,49.46565034298692,0,18.491131,True,True,1.430511474609375e-06
2600,49.48428001499269,0,18.565791,True,True,1.430511474609375e-06
2601,49.502324856992345,0,17.986277,True,True,1.430511474609375e-06
2602,49.52058384398697,0,18.210729,True,True,1.430511474609375e-06
2603,49.5389411089709,0,18.307671,True,True,1.430511474609375e-06
2604,49.557011656987015,0,18.024747,True,True,1.430511474609375e-06
2605,49.57750280300388,0,20.445537,True,True,1.430511474609375e-06
2606,49.60392319300445,0,26.327451,True,True,1.430511474609375e-06
2607,49.62407172698295,0,20.047982,True,True,1.430511474609375e-06
2608,49.64279778097989,0,18.653704,True,True,1.430511474609375e-06
2609,49.66092677100096,0,18.061939,True,True,1.430511474609375e-06
2610,49.67907145497156,0,18.091755,True,True,1.430511474609375e-06
2611,49.697738707996905,0,18.616627,True,True,1.430511474609375e-06
2612,49.71585456398316,0,18.065785,True,True,1.430511474609375e-06
2613,49.7339897689526,0,18.073995,True,True,1.430511474609375e-06
2614,49.752463631972205,0,18.419516,True,True,1.430511474609375e-06
2615,49.770532475959044,0,18.016668,True,True,1.430511474609375e-06
2616,49.7886832759832,0,18.100038,True,True,1.430511474609375e-06
2617,49.807477003952954,0,18.739587,True,True,1.430511474609375e-06
2618,49.82568760600407,0,18.12606,True,True,1.430511474609375e-06
2619,49.84382013598224,0,18.07546,True,True,1.430511474609375e-06
2620,49.862447214953136,0,18.578769,True,True,1.430511474609375e-06
2621,49.88070005096961,0,18.206029,True,True,1.430511474609375e-06
2622,49.898730249959044,0,17.982532,True,True,1.430511474609375e-06
2623,49.916809001995716,0,18.033159,True,True,1.430511474609375e-06
2624,49.94535496196477,0,28.48343,True,True,1.430511474609375e-06
2625,49.96377816400491,0,18.336825,True,True,1.430511474609375e-06
2626,49.98211249796441,0,18.27493,True,True,1.430511474609375e-06
2627,50.000515416963026,0,18.354002,True,True,1.430511474609375e-06
2628,50.01876382296905,0,18.200543,True,True,1.430511474609375e-06
2629,50.03686635097256,0,18.054929,True,True,1.430511474609375e-06
2630,50.05498112295754,0,18.069924,True,True,1.430511474609375e-06
2631,50.07300384296104,0,17.978157,True,True,1.430511474609375e-06
2632,50.091189240978565,0,18.140128,True,True,1.430511474609375e-06
2633,50.10954935196787,0,18.308648,True,True,1.430511474609375e-06
2634,50.12764101900393,0,18.047483,True,True,1.430511474609375e-06
2635,50.14632325898856,0,18.640657,True,True,1.430511474609375e-06
2636,50.164357951958664,0,17.993468,True,True,1.430511474609375e-06
2637,50.182474110974,0,18.071071,True,True,1.430511474609375e-06
2638,50.20052522997139,0,18.005674,True,True,1.430511474609375e-06
2639,50.218642627005465,0,18.076469,True,True,1.430511474609375e-06
2640,50.23670467099873,0,18.019861,True,True,1.430511474609375e-06
2641,50.25485750997905,0,18.098018,True,True,1.430511474609375e-06
2642,50.27344340796117,0,18.537627,True,True,1.430511474609375e-06
2643,50.29160099296132,0,18.107063,True,True,1.430511474609375e-06
2644,50.309738383977674,0,18.088285,True,True,1.430511474609375e-06
2645,50.32828619598877,0,18.501279,True,True,1.430511474609375e-06
2646,50.3463899519993,0,18.061757,True,True,1.430511474609375e-06
2647,50.36453897500178,0,18.100699,True,True,1.430511474609375e-06
2648,50.3830902359914,0,18.507122,True,True,1.430511474609375e-06
2649,50.40117257798556,0,18.034411,True,True,1.430511474609375e-06
2650,50.43084660900058,0,29.613571,True,True,1.430511474609375e-06
2651,50.44959227700019,0,18.637984,True,True,1.430511474609375e-06
2652,50.46809751196997,0,18.427865,True,True,1.430511474609375e-06
2653,50.4865632429719,0,18.390687,True,True,1.430511474609375e-06
2654,50.50496301200474,0,18.338338,True,True,1.430511474609375e-06
2655,50.52320456999587,0,18.190171,True,True,1.430511474609375e-06
2656,50.54155487095704,0,18.303886,True,True,1.430511474609375e-06
2657,50.55974540900206,0,18.140651,True,True,1.430511474609375e-06
2658,50.57808558695251,0,18.295456,True,True,1.430511474609375e-06
2659,50.61544733500341,0,37.271768,True,True,1.430511474609375e-06
2660,50.63576205598656,0,20.179291,True,True,1.430511474609375e-06
2661,50.65444422099972,0,18.604488,True,True,1.430511474609375e-06
2662,50.67271813598927,0,18.210693,True,True,1.430511474609375e-06
2663,50.691101374977734,0,18.324675,True,True,1.430511474609375e-06
2664,50.7094778890023,0,18.324822,True,True,1.430511474609375e-06
2665,50.72759370697895,0,18.055422,True,True,1.430511474609375e-06
2666,50.74597647599876,0,18.330316,True,True,1.430511474609375e-06
2667,50.76424337300705,0,18.212418,True,True,1.430511474609375e-06
2668,50.78239692997886,0,18.104021,True,True,1.430511474609375e-06
2669,50.80054149997886,0,18.090014,True,True,1.430511474609375e-06
2670,50.81906909600366,0,18.461768,True,True,1.430511474609375e-06
2671,50.83720263198484,0,18.080809,True,True,1.430511474609375e-06
2672,50.85525126795983,0,18.000845,True,True,1.430511474609375e-06
2673,50.873322779953014,0,18.022781,True,True,1.430511474609375e-06
2674,50.89131377299782,0,17.940845,True,True,1.430511474609375e-06
2675,50.90982610499486,0,18.464771,True,True,1.430511474609375e-06
2676,50.927873717970215,0,18.003863,True,True,1.430511474609375e-06
2677,50.94613831496099,0,18.21829,True,True,1.430511474609375e-06
2678,50.9646955979988,0,18.506336,True,True,1.430511474609375e-06
2679,50.98274152498925,0,18.001111,True,True,1.430511474609375e-06
2680,51.00095836498076,0,18.170043,True,True,1.430511474609375e-06
2681,51.0189811589662,0,17.980698,True,True,1.430511474609375e-06
2682,51.037101035995875,0,18.071547,True,True,1.430511474609375e-06
2683,51.055364962958265,0,18.220262,True,True,1.430511474609375e-06
2684,51.07338641799288,0,17.975063,True,True,1.430511474609375e-06
2685,51.09192063898081,0,18.493157,True,True,1.430511474609375e-06
2686,51.109972770966124,0,18.007101,True,True,1.430511474609375e-06
2687,51.1280221719644,0,18.008975,True,True,1.430511474609375e-06
2688,51.146240942005534,0,18.177041,True,True,1.430511474609375e-06
2689,51.164285531966016,0,17.991862,True,True,1.430511474609375e-06
2690,51.182864357950166,0,18.536716,True,True,1.430511474609375e-06
2691,51.200994312006515,0,18.081586,True,True,1.430511474609375e-06
2692,51.21908467198955,0,18.045449,True,True,1.430511474609375e-06
2693,51.23713621898787,0,18.009891,True,True,1.430511474609375e-06
2694,51.2552131699631,0,18.021019,True,True,1.430511474609375e-06
2695,51.27373763395008,0,18.477375,True,True,1.430511474609375e-06
2696,51.291839477955364,0,18.053544,True,True,1.430511474609375e-06
2697,51.30996460397728,0,18.071098,True,True,1.430511474609375e-06
2698,51.32806935097324,0,18.062821,True,True,1.430511474609375e-06
2699,51.3461788239656,0,18.06382,True,True,1.430511474609375e-06
2700,51.3645548329805,0,18.331493,True,True,1.430511474609375e-06
2701,51.38263090298278,0,18.0282,True,True,1.430511474609375e-06
2702,51.400931694952305,0,18.250602,True,True,1.430511474609375e-06
2703,51.43503596796654,0,34.045827,True,True,1.430511474609375e-06
2704,51.458496394974645,0,23.315793,True,True,1.430511474609375e-06
2705,51.47734894097084,0,18.747579,True,True,1.430511474609375e-06
2706,51.496366996958386,0,18.914305,True,True,1.430511474609375e-06
2707,51.51485515199602,0,18.414362,True,True,1.430511474609375e-06
2708,51.533213416987564,0,18.293991,True,True,1.430511474609375e-06
2709,51.55159239197383,0,18.328379,True,True,1.430511474609375e-06
2710,51.569729537994135,0,18.087186,True,True,1.430511474609375e-06
2711,51.58835521899164,0,18.571004,True,True,1.430511474609375e-06
2712,51.61812054296024,0,29.639112,True,True,1.430511474609375e-06
2713,51.63652906898642,0,18.29443,True,True,1.430511474609375e-06
2714,51.65480204200139,0,18.201638,True,True,1.430511474609375e-06
2715,51.67301804595627,0,18.155956,True,True,1.430511474609375e-06
2716,51.6911613799748,0,18.085996,True,True,1.430511474609375e-06
2717,51.70969857997261,0,18.482421,True,True,1.430511474609375e-06
2718,51.72777038998902,0,18.022621,True,True,1.430511474609375e-06
2719,51.74581190699246,0,17.983233,True,True,1.430511474609375e-06
2720,51.764280708972365,0,18.412482,True,True,1.430511474609375e-06
2721,51.782529074000195,0,18.194988,True,True,1.430511474609375e-06
2722,51.800706062000245,0,18.123367,True,True,1.430511474609375e-06
2723,51.819289740000386,0,18.524069,True,True,1.430511474609375e-06
2724,51.837576454970986,0,18.23559,True,True,1.430511474609375e-06
2725,51.855681849003304,0,18.053843,True,True,1.430511474609375e-06
2726,51.873723579978105,0,17.994824,True,True,1.430511474609375e-06
2727,51.892527674965095,0,18.754071,True,True,1.430511474609375e-06
2728,51.91090551199159,0,18.329827,True,True,1.430511474609375e-06
2729,51.929104217968415,0,18.152483,True,True,1.430511474609375e-06
2730,51.94750813499559,0,18.355224,True,True,1.430511474609375e-06
2731,51.965568344981875,0,18.014692,True,True,1.430511474609375e-06
2732,51.983726428996306,0,18.114054,True,True,1.430511474609375e-06
2733,52.00205905199982,0,18.288402,True,True,1.430511474609375e-06
2734,52.02011776895961,0,18.014348,True,True,1.430511474609375e-06
2735,52.038257081003394,0,18.089965,True,True,1.430511474609375e-06
2736,52.056397579959594,0,18.095875,True,True,1.430511474609375e-06
2737,52.074445175996516,0,18.00205,True,True,1.430511474609375e-06
2738,52.093181456963066,0,18.693259,True,True,1.430511474609375e-06
2739,52.11139751196606,0,18.169164,True,True,1.430511474609375e-06
2740,52.129695053969044,0,18.25264,True,True,1.430511474609375e-06
2741,52.148000278975815,0,18.261864,True,True,1.430511474609375e-06
2742,52.166465548973065,0,18.422773,True,True,1.430511474609375e-06
2743,52.18448700499721,0,17.974009,True,True,1.430511474609375e-06
2744,52.202755209000316,0,18.225751,True,True,1.430511474609375e-06
2745,52.22076003596885,0,17.958121,True,True,1.430511474609375e-06
2746,52.23880127898883,0,17.998795,True,True,1.430511474609375e-06
2747,52.25701656396268,0,18.157544,True,True,1.430511474609375e-06
2748,52.284853805962484,0,27.773187,True,True,1.430511474609375e-06
2749,52.30318707600236,0,18.234657,True,True,1.430511474609375e-06
2750,52.321566631959286,0,18.314007,True,True,1.430511474609375e-06
2751,52.339814884006046,0,18.194457,True,True,1.430511474609375e-06
2752,52.35803294595098,0,18.160526,True,True,1.430511474609375e-06
2753,52.37657558498904,0,18.489707,True,True,1.430511474609375e-06
2754,52.39465695095714,0,18.024214,True,True,1.430511474609375e-06
2755,52.41623692197027,0,21.527048,True,True,1.430511474609375e-06
2756,52.44265634595649,0,26.323973,True,True,1.430511474609375e-06
2757,52.461423606961034,0,18.671657,True,True,1.430511474609375e-06
2758,52.47976573300548,0,18.269486,True,True,1.430511474609375e-06
2759,52.49822059099097,0,18.389148,True,True,1.430511474609375e-06
2760,52.516630650963634,0,18.353702,True,True,1.430511474609375e-06
2761,52.534751044004224,0,18.066843,True,True,1.430511474609375e-06
2762,52.55306306295097,0,18.265105,True,True,1.430511474609375e-06
2763,52.571285964979324,0,18.173411,True,True,1.430511474609375e-06
2764,52.589387465966865,0,18.053469,True,True,1.430511474609375e-06
2765,52.617809826973826,0,28.349565,True,True,1.430511474609375e-06
2766,52.63795320800273,0,20.033725,True,True,1.430511474609375e-06
2767,52.656259108975064,0,18.238117,True,True,1.430511474609375e-06
2768,52.674716161971446,0,18.391525,True,True,1.430511474609375e-06
2769,52.69280086498475,0,18.026638,True,True,1.430511474609375e-06
2770,52.71120170399081,0,18.347118,True,True,1.430511474609375e-06
2771,52.729404857964255,0,18.146134,True,True,1.430511474609375e-06
2772,52.7474864179967,0,18.022599,True,True,1.430511474609375e-06
2773,52.766101004963275,0,18.554602,True,True,1.430511474609375e-06
2774,52.78447714698268,0,18.320811,True,True,1.430511474609375e-06
2775,52.8026659769821,0,18.132994,True,True,1.430511474609375e-06
2776,52.82104187295772,0,18.293097,True,True,1.430511474609375e-06
2777,52.8393473069882,0,18.243444,True,True,1.430511474609375e-06
2778,52.85750963300234,0,18.104433,True,True,1.430511474609375e-06
2779,52.87595301598776,0,18.396983,True,True,1.430511474609375e-06
2780,52.8939978259732,0,18.00011,True,True,1.430511474609375e-06
2781,52.9121431929525,0,18.100615,True,True,1.430511474609375e-06
2782,52.930129269952886,0,17.938515,True,True,1.430511474609375e-06
2783,52.948257229989395,0,18.079336,True,True,1.430511474609375e-06
2784,52.96676684595877,0,18.465251,True,True,1.430511474609375e-06
2785,52.984825778985396,0,18.009227,True,True,1.430511474609375e-06
2786,53.00304096296895,0,18.171298,True,True,1.430511474609375e-06
2787,53.0210654590046,0,17.980888,True,True,1.430511474609375e-06
2788,53.039453465957195,0,18.340354,True,True,1.430511474609375e-06
2789,53.05751728598261,0,18.014182,True,True,1.430511474609375e-06
2790,53.07554675400024,0,17.982624,True,True,1.430511474609375e-06
2791,53.09396629600087,0,18.376212,True,True,1.430511474609375e-06
2792,53.11201202898519,0,18.00252,True,True,1.430511474609375e-06
2793,53.130214758974034,0,18.156018,True,True,1.430511474609375e-06
2794,53.14827197196428,0,18.01543,True,True,1.430511474609375e-06
2795,53.16634479595814,0,18.028783,True,True,1.430511474609375e-06
2796,53.184554789972026,0,18.157712,True,True,1.430511474609375e-06
2797,53.20269500295399,0,18.091045,True,True,1.430511474609375e-06
2798,53.22144734195899,0,18.710148,True,True,1.430511474609375e-06
2799,53.239978902973235,0,18.482982,True,True,1.430511474609375e-06
2800,53.25833278900245,0,18.299958,True,True,1.430511474609375e-06
2801,53.27689026395092,0,18.511047,True,True,1.430511474609375e-06
2802,53.29497085697949,0,18.031509,True,True,1.430511474609375e-06
2803,53.31315745296888,0,18.137119,True,True,1.430511474609375e-06
2804,53.33173470495967,0,18.531535,True,True,1.430511474609375e-06
2805,53.350108652957715,0,18.332305,True,True,1.430511474609375e-06
2806,53.36817470099777,0,18.018258,True,True,1.430511474609375e-06
2807,53.38637247600127,0,18.143413,True,True,1.430511474609375e-06
2808,53.404539454961196,0,18.113458,True,True,1.430511474609375e-06
2809,53.432657937984914,0,28.065562,True,True,1.430511474609375e-06
2810,53.453047334973235,0,20.28795,True,True,1.430511474609375e-06
2811,53.47156105295289,0,18.435979,True,True,1.430511474609375e-06
2812,53.49010289699072,0,18.478219,True,True,1.430511474609375e-06
2813,53.50843848695513,0,18.272281,True,True,1.430511474609375e-06
2814,53.52678992599249,0,18.30008,True,True,1.430511474609375e-06
2815,53.545137181004975,0,18.30111,True,True,1.430511474609375e-06
2816,53.56333467300283,0,18.144848,True,True,1.430511474609375e-06
2817,53.58137946599163,0,17.996273,True,True,1.430511474609375e-06
2818,53.59961452696007,0,18.182527,True,True,1.430511474609375e-06
2819,53.6275816509733,0,27.885395,True,True,1.430511474609375e-06
2820,53.6477820709697,0,20.089024,True,True,1.430511474609375e-06
2821,53.66618999297498,0,18.337231,True,True,1.430511474609375e-06
2822,53.68483237398323,0,18.585197,True,True,1.430511474609375e-06
2823,53.703161854005884,0,18.277366,True,True,1.430511474609375e-06
2824,53.72149087599246,0,18.281425,True,True,1.430511474609375e-06
2825,53.739881982968654,0,18.338143,True,True,1.430511474609375e-06
2826,53.75821037800051,0,18.272435,True,True,1.430511474609375e-06
2827,53.776726723997854,0,18.420769,True,True,1.430511474609375e-06
2828,53.7955409399583,0,18.717381,True,True,1.430511474609375e-06
2829,53.81402582197916,0,18.418195,True,True,1.430511474609375e-06
2830,53.832152390968986,0,18.067655,True,True,1.430511474609375e-06
2831,53.85046045400668,0,18.259273,True,True,1.430511474609375e-06
2832,53.86872536496958,0,18.213649,True,True,1.430511474609375e-06
2833,53.887096965976525,0,18.321313,True,True,1.430511474609375e-06
2834,53.90569952200167,0,18.490428,True,True,1.430511474609375e-06
2835,53.92393461795291,0,18.16277,True,True,1.430511474609375e-06
2836,53.94232124398695,0,18.331758,True,True,1.430511474609375e-06
2837,53.960383272962645,0,18.009549,True,True,1.430511474609375e-06
2838,53.97847339895088,0,18.034897,True,True,1.430511474609375e-06
2839,53.996852529991884,0,18.333834,True,True,1.430511474609375e-06
2840,54.0149535019882,0,18.050893,True,True,1.430511474609375e-06
2841,54.03301246894989,0,18.013307,True,True,1.430511474609375e-06
2842,54.051496784959454,0,18.4359,True,True,1.430511474609375e-06
2843,54.06955770700006,0,18.017202,True,True,1.430511474609375e-06
2844,54.087539800966624,0,17.937592,True,True,1.430511474609375e-06
2845,54.10600437299581,0,18.421005,True,True,1.430511474609375e-06
2846,54.12436220399104,0,18.315404,True,True,1.430511474609375e-06
2847,54.14268826995976,0,18.280771,True,True,1.430511474609375e-06
2848,54.16074912599288,0,18.012686,True,True,1.430511474609375e-06
2849,54.185581898957025,0,24.789914,True,True,1.430511474609375e-06
2850,54.2065106369555,0,20.860139,True,True,1.430511474609375e-06
2851,54.224541968957055,0,17.974468,True,True,1.430511474609375e-06
2852,54.242916583956685,0,18.327438,True,True,1.430511474609375e-06
2853,54.26114495599177,0,18.178388,True,True,1.430511474609375e-06
2854,54.27924727398204,0,18.048819,True,True,1.430511474609375e-06
2855,54.29779865598539,0,18.505428,True,True,1.430511474609375e-06
2856,54.315858661953826,0,18.012403,True,True,1.430511474609375e-06
2857,54.333995585970115,0,18.092334,True,True,1.430511474609375e-06
2858,54.352700371993706,0,18.657631,True,True,1.430511474609375e-06
2859,54.37076269695535,0,18.015304,True,True,1.430511474609375e-06
2860,54.38894039799925,0,18.129979,True,True,1.430511474609375e-06
2861,54.407444735988975,0,18.457007,True,True,1.430511474609375e-06
2862,54.435337729984894,0,27.846839,True,True,1.430511474609375e-06
2863,54.454684262978844,0,19.239641,True,True,1.430511474609375e-06
2864,54.472966587985866,0,18.21479,True,True,1.430511474609375e-06
2865,54.49170774000231,0,18.680864,True,True,1.430511474609375e-06
2866,54.50973394699395,0,17.970517,True,True,1.430511474609375e-06
2867,54.52783403295325,0,18.043248,True,True,1.430511474609375e-06
2868,54.54624233895447,0,18.360574,True,True,1.430511474609375e-06
2869,54.56439156999113,0,18.098945,True,True,1.430511474609375e-06
2870,54.58256533695385,0,18.1273,True,True,1.430511474609375e-06
2871,54.601265874982346,0,18.646858,True,True,1.430511474609375e-06
2872,54.62920057895826,0,27.865714,True,True,1.430511474609375e-06
2873,54.6496823229827,0,20.371643,True,True,1.430511474609375e-06
2874,54.66874402499525,0,18.992143,True,True,1.430511474609375e-06
2875,54.68824558396591,0,19.373772,True,True,1.430511474609375e-06
2876,54.70744687598199,0,19.072829,True,True,1.430511474609375e-06
2877,54.725873556977604,0,18.304947,True,True,1.430511474609375e-06
2878,54.74409473995911,0,18.143104,True,True,1.430511474609375e-06
2879,54.76262242899975,0,18.473101,True,True,1.430511474609375e-06
2880,54.78071290598018,0,18.034852,True,True,1.430511474609375e-06
2881,54.7989339659689,0,18.164085,True,True,1.430511474609375e-06
2882,54.81731663295068,0,18.301988,True,True,1.430511474609375e-06
2883,54.835417067981325,0,18.036598,True,True,1.430511474609375e-06
2884,54.8539357020054,0,18.4638,True,True,1.430511474609375e-06
2885,54.87211422098335,0,18.132978,True,True,1.430511474609375e-06
2886,54.89019119698787,0,18.025956,True,True,1.430511474609375e-06
2887,54.90853445295943,0,18.28813,True,True,1.430511474609375e-06
2888,54.9266105319839,0,18.026948,True,True,1.430511474609375e-06
2889,54.94491378398379,0,18.259335,True,True,1.430511474609375e-06
2890,54.963101940986235,0,18.138185,True,True,1.430511474609375e-06
2891,54.98117372900015,0,18.025264,True,True,1.430511474609375e-06
2892,54.99929012695793,0,18.070177,True,True,1.430511474609375e-06
2893,55.01737829996273,0,18.042384,True,True,1.430511474609375e-06
2894,55.03558459697524,0,18.152426,True,True,1.430511474609375e-06
2895,55.053664046979975,0,18.033818,True,True,1.430511474609375e-06
2896,55.071834383998066,0,18.126725,True,True,1.430511474609375e-06
2897,55.090497658995446,0,18.617237,True,True,1.430511474609375e-06
2898,55.10857923299773,0,18.032592,True,True,1.430511474609375e-06
2899,55.126734424964525,0,18.110521,True,True,1.430511474609375e-06
2900,55.145196731959004,0,18.418157,True,True,1.430511474609375e-06
2901,55.16339605697431,0,18.14536,True,True,1.430511474609375e-06
2902,55.181487095949706,0,18.044598,True,True,1.430511474609375e-06
2903,55.19975504395552,0,18.223359,True,True,1.430511474609375e-06
2904,55.21780562499771,0,18.002389,True,True,1.430511474609375e-06
2905,55.2360820719623,0,18.230383,True,True,1.430511474609375e-06
2906,55.25431344995741,0,18.180881,True,True,1.430511474609375e-06
2907,55.272457672981545,0,18.099423,True,True,1.430511474609375e-06
2908,55.29103187599685,0,18.515918,True,True,1.430511474609375e-06
2909,55.30919370497577,0,18.110548,True,True,1.430511474609375e-06
2910,55.32724390900694,0,18.003322,True,True,1.430511474609375e-06
2911,55.34578022098867,0,18.49218,True,True,1.430511474609375e-06
2912,55.36394608597038,0,18.115227,True,True,1.430511474609375e-06
2913,55.38208270195173,0,18.084967,True,True,1.430511474609375e-06
2914,55.400270677986555,0,18.132734,True,True,1.430511474609375e-06
2915,55.42820224899333,0,27.873425,True,True,1.430511474609375e-06
2916,55.448605710989796,0,20.295699,True,True,1.430511474609375e-06
2917,55.46704756596591,0,18.359871,True,True,1.430511474609375e-06
2918,55.48559048899915,0,18.472737,True,True,1.430511474609375e-06
2919,55.50402623298578,0,18.374594,True,True,1.430511474609375e-06
2920,55.5221551709692,0,18.078585,True,True,1.430511474609375e-06
2921,55.540271703968756,0,18.069562,True,True,1.430511474609375e-06
2922,55.558340051968116,0,18.016028,True,True,1.430511474609375e-06
2923,55.5764576359652,0,18.070826,True,True,1.430511474609375e-06
2924,55.5949104349711,0,18.40366,True,True,1.430511474609375e-06
2925,55.616619663953315,0,21.654033,True,True,1.430511474609375e-06
2926,55.643184844986536,0,26.455093,True,True,1.430511474609375e-06
2927,55.661430948995985,0,18.158895,True,True,1.430511474609375e-06
2928,55.679600159986876,0,18.099364,True,True,1.430511474609375e-06
2929,55.697706102975644,0,18.042699,True,True,1.430511474609375e-06
2930,55.71583744097734,0,18.076535,True,True,1.430511474609375e-06
2931,55.734742355998605,0,18.848057,True,True,1.430511474609375e-06
2932,55.75303644896485,0,18.244824,True,True,1.430511474609375e-06
2933,55.77139632200124,0,18.305365,True,True,1.430511474609375e-06
2934,55.789696231950074,0,18.25156,True,True,1.430511474609375e-06
2935,55.80835518997628,0,18.590528,True,True,1.430511474609375e-06
2936,55.82667635695543,0,18.223165,True,True,1.430511474609375e-06
2937,55.84495533799054,0,18.212161,True,True,1.430511474609375e-06
2938,55.87281793297734,0,27.804828,True,True,1.430511474609375e-06
2939,55.891429143957794,0,18.541003,True,True,1.430511474609375e-06
2940,55.90971878898563,0,18.232838,True,True,1.430511474609375e-06
2941,55.92805223498726,0,18.28168,True,True,1.430511474609375e-06
2942,55.94662048498867,0,18.523051,True,True,1.430511474609375e-06
2943,55.96509283897467,0,18.420623,True,True,1.430511474609375e-06
2944,55.98331444099313,0,18.173057,True,True,1.430511474609375e-06
2945,56.00146635598503,0,18.105031,True,True,1.430511474609375e-06
2946,56.02018130396027,0,18.67051,True,True,1.430511474609375e-06
2947,56.03818814398255,0,17.958979,True,True,1.430511474609375e-06
2948,56.05639015400084,0,18.148007,True,True,1.430511474609375e-06
2949,56.074482437979896,0,18.046529,True,True,1.430511474609375e-06
2950,56.09275102399988,0,18.224381,True,True,1.430511474609375e-06
2951,56.111105363001116,0,18.307109,True,True,1.430511474609375e-06
2952,56.12935678096255,0,18.201363,True,True,1.430511474609375e-06
2953,56.14751322200755,0,18.102339,True,True,1.430511474609375e-06
2954,56.16592079598922,0,18.359533,True,True,1.430511474609375e-06
2955,56.183993030979764,0,18.025154,True,True,1.430511474609375e-06
2956,56.20248703099787,0,18.448169,True,True,1.430511474609375e-06
2957,56.220547156990506,0,18.015088,True,True,1.430511474609375e-06
2958,56.23866952199023,0,18.081141,True,True,1.430511474609375e-06
2959,56.257063558965456,0,18.341547,True,True,1.430511474609375e-06
2960,56.2752734029782,0,18.158849,True,True,1.430511474609375e-06
2961,56.293525954999495,0,18.188379,True,True,1.430511474609375e-06
2962,56.31161626498215,0,18.034952,True,True,1.430511474609375e-06
2963,56.3297423349577,0,18.078511,True,True,1.430511474609375e-06
2964,56.348337220959365,0,18.550346,True,True,1.430511474609375e-06
2965,56.3665164289996,0,18.123424,True,True,1.430511474609375e-06
2966,56.38475062296493,0,18.180383,True,True,1.430511474609375e-06
2967,56.40321756398771,0,18.409729,True,True,1.430511474609375e-06
2968,56.43096287100343,0,27.686481,True,True,1.430511474609375e-06
2969,56.451520384987816,0,20.445779,True,True,1.430511474609375e-06
2970,56.470347163965926,0,18.712738,True,True,1.430511474609375e-06
2971,56.48876635095803,0,18.337688,True,True,1.430511474609375e-06
2972,56.50741027400363,0,18.580031,True,True,1.430511474609375e-06
2973,56.532673462003004,0,25.2009,True,True,1.430511474609375e-06
2974,56.55408336099936,0,21.348747,True,True,1.430511474609375e-06
2975,56.572739894967526,0,18.597157,True,True,1.430511474609375e-06
2976,56.59116826596437,0,18.326212,True,True,1.430511474609375e-06
2977,56.609911195002496,0,18.676825,True,True,1.430511474609375e-06
2978,56.631437373987865,0,21.474227,True,True,1.430511474609375e-06
2979,56.65892833599355,0,27.386144,True,True,1.430511474609375e-06
2980,56.677487480978016,0,18.473346,True,True,1.430511474609375e-06
2981,56.69582394196186,0,18.268759,True,True,1.430511474609375e-06
2982,56.714267108007334,0,18.387961,True,True,1.430511474609375e-06
2983,56.732694306003395,0,18.377155,True,True,1.430511474609375e-06
2984,56.750738098984584,0,17.989276,True,True,1.430511474609375e-06
2985,56.76901138498215,0,18.221467,True,True,1.430511474609375e-06
2986,56.78711785399355,0,18.054302,True,True,1.430511474609375e-06
2987,56.80541347700637,0,18.243719,True,True,1.430511474609375e-06
2988,56.82380854396615,0,18.325161,True,True,1.430511474609375e-06
2989,56.842048792983405,0,18.18322,True,True,1.430511474609375e-06
2990,56.86028299597092,0,18.182606,True,True,1.430511474609375e-06
2991,56.878259526973125,0,17.9305,True,True,1.430511474609375e-06
2992,56.896438669005875,0,18.131712,True,True,1.430511474609375e-06
2993,56.914547196996864,0,18.058274,True,True,1.430511474609375e-06
2994,56.93264161795378,0,18.051375,True,True,1.430511474609375e-06
2995,56.951155059970915,0,18.471049,True,True,1.430511474609375e-06
2996,56.96938433300238,0,18.185605,True,True,1.430511474609375e-06
2997,56.987513737985864,0,18.083356,True,True,1.430511474609375e-06
2998,57.00587336096214,0,18.316059,True,True,1.430511474609375e-06
2999,57.02413006697316,0,18.210023,True,True,1.430511474609375e-06
3000,57.042197076953016,0,18.01777,True,True,1.430511474609375e-06
3001,57.06023323198315,0,17.99265,True,True,1.430511474609375e-06
3002,57.07843191095162,0,18.152906,True,True,1.430511474609375e-06
3003,57.09650163695915,0,18.027018,True,True,1.430511474609375e-06
3004,57.114617518964224,0,18.074041,True,True,1.430511474609375e-06
3005,57.132720944995526,0,18.061419,True,True,1.430511474609375e-06
3006,57.15113710600417,0,18.370711,True,True,1.430511474609375e-06
3007,57.16948007495375,0,18.296601,True,True,1.430511474609375e-06
3008,57.19780605396954,0,28.27742,True,True,1.430511474609375e-06
3009,57.21632892097114,0,18.461586,True,True,1.430511474609375e-06
3010,57.234580645977985,0,18.196446,True,True,1.430511474609375e-06
3011,57.25294438895071,0,18.311615,True,True,1.430511474609375e-06
3012,57.27144982095342,0,18.460036,True,True,1.430511474609375e-06
3013,57.28953124798136,0,18.036251,True,True,1.430511474609375e-06
3014,57.30781427799957,0,18.236172,True,True,1.430511474609375e-06
3015,57.325859977980144,0,18.003497,True,True,1.430511474609375e-06
3016,57.34397202997934,0,18.067601,True,True,1.430511474609375e-06
3017,57.36248213000363,0,18.461313,True,True,1.430511474609375e-06
3018,57.380627819977235,0,18.101414,True,True,1.430511474609375e-06
3019,57.398900166968815,0,18.223001,True,True,1.430511474609375e-06
3020,57.42707211495144,0,28.120667,True,True,1.430511474609375e-06
3021,57.447545248956885,0,20.363382,True,True,1.430511474609375e-06
3022,57.466152690991294,0,18.531037,True,True,1.430511474609375e-06
3023,57.484566225961316,0,18.348692,True,True,1.430511474609375e-06
3024,57.5032480689697,0,18.594981,True,True,1.430511474609375e-06
3025,57.52132565097418,0,18.016686,True,True,1.430511474609375e-06
3026,57.539534730953164,0,18.156504,True,True,1.430511474609375e-06
3027,57.55790553695988,0,18.324404,True,True,1.430511474609375e-06
3028,57.57595269300509,0,17.998167,True,True,1.430511474609375e-06
3029,57.59404491895111,0,18.047872,True,True,1.430511474609375e-06
3030,57.612632523989305,0,18.528171,True,True,1.430511474609375e-06
3031,57.6342406119802,0,21.542996,True,True,1.430511474609375e-06
3032,57.66048531496199,0,26.133471,True,True,1.430511474609375e-06
3033,57.67889683495741,0,18.319868,True,True,1.430511474609375e-06
3034,57.69726896198699,0,18.306971,True,True,1.430511474609375e-06
3035,57.71571543999016,0,18.39474,True,True,1.430511474609375e-06
3036,57.733824715949595,0,18.062023,True,True,1.430511474609375e-06
3037,57.7518703439855,0,17.991709,True,True,1.430511474609375e-06
3038,57.770377656968776,0,18.451618,True,True,1.430511474609375e-06
3039,57.788820948975626,0,18.392397,True,True,1.430511474609375e-06
3040,57.80697900499217,0,18.102157,True,True,1.430511474609375e-06
3041,57.82506177696632,0,18.018048,True,True,1.430511474609375e-06
3042,57.84345291095087,0,18.343125,True,True,1.430511474609375e-06
3043,57.861519408004824,0,18.01928,True,True,1.430511474609375e-06
3044,57.87984363496071,0,18.277479,True,True,1.430511474609375e-06
3045,57.8980723679997,0,18.168159,True,True,1.430511474609375e-06
3046,57.916104108968284,0,17.983452,True,True,1.430511474609375e-06
3047,57.93424405599944,0,18.088636,True,True,1.430511474609375e-06
3048,57.95214383100392,0,17.853323,True,True,1.430511474609375e-06
3049,57.97077424696181,0,18.584027,True,True,1.430511474609375e-06
3050,57.98889144597342,0,18.071827,True,True,1.430511474609375e-06
3051,58.006966966961045,0,18.028922,True,True,1.430511474609375e-06
3052,58.034983485995326,0,27.97189,True,True,1.430511474609375e-06
3053,58.05353826098144,0,18.483843,True,True,1.430511474609375e-06
3054,58.071725275949575,0,18.129746,True,True,1.430511474609375e-06
3055,58.0901033069822,0,18.323698,True,True,1.430511474609375e-06
3056,58.10904791299254,0,18.844661,True,True,1.430511474609375e-06
3057,58.12768582900753,0,18.556138,True,True,1.430511474609375e-06
3058,58.14627514599124,0,18.506825,True,True,1.430511474609375e-06
3059,58.16483063896885,0,18.481763,True,True,1.430511474609375e-06
3060,58.1831263009808,0,18.210439,True,True,1.430511474609375e-06
3061,58.20189496700186,0,18.681208,True,True,1.430511474609375e-06
3062,58.22080530697713,0,18.799194,True,True,1.430511474609375e-06
3063,58.23920904495753,0,18.288605,True,True,1.430511474609375e-06
3064,58.25769095000578,0,18.396412,True,True,1.430511474609375e-06
3065,58.27620061498601,0,18.443365,True,True,1.430511474609375e-06
3066,58.29441601096187,0,18.150493,True,True,1.430511474609375e-06
3067,58.312648300954606,0,18.155741,True,True,1.430511474609375e-06
3068,58.33081707597012,0,18.113254,True,True,1.430511474609375e-06
3069,58.34898653597338,0,18.114091,True,True,1.430511474609375e-06
3070,58.36744912597351,0,18.401902,True,True,1.430511474609375e-06
3071,58.38590133597609,0,18.386579,True,True,1.430511474609375e-06
3072,58.404292864957824,0,18.32393,True,True,1.430511474609375e-06
3073,58.43357624695636,0,29.214663,True,True,1.430511474609375e-06
3074,58.45267688098829,0,18.986817,True,True,1.430511474609375e-06
3075,58.471100886003114,0,18.345293,True,True,1.430511474609375e-06
3076,58.489507730992045,0,18.335026,True,True,1.430511474609375e-06
3077,58.50849371496588,0,18.923727,True,True,1.430511474609375e-06
3078,58.52684951899573,0,18.302335,True,True,1.430511474609375e-06
3079,58.545119896007236,0,18.218714,True,True,1.430511474609375e-06
3080,58.563589456956834,0,18.419682,True,True,1.430511474609375e-06
3081,58.581700611975975,0,18.057238,True,True,1.430511474609375e-06
3082,58.600053684960585,0,18.295826,True,True,1.430511474609375e-06
3083,58.61876070697326,0,18.630126,True,True,1.430511474609375e-06
3084,58.6468573709717,0,28.022294,True,True,1.430511474609375e-06
3085,58.66691471397644,0,19.940254,True,True,1.430511474609375e-06
3086,58.68528741697082,0,18.29443,True,True,1.430511474609375e-06
3087,58.703500572999474,0,18.135802,True,True,1.430511474609375e-06
3088,58.72172223095549,0,18.170094,True,True,1.430511474609375e-06
3089,58.74099472200032,0,19.214719,True,True,1.430511474609375e-06
3090,58.76056347199483,0,19.448268,True,True,1.430511474609375e-06
3091,58.77903251996031,0,18.361939,True,True,1.430511474609375e-06
3092,58.797507687995676,0,18.402601,True,True,1.430511474609375e-06
3093,58.81581623799866,0,18.21637,True,True,1.430511474609375e-06
3094,58.83396088995505,0,18.082564,True,True,1.430511474609375e-06
3095,58.853183956001885,0,19.171139,True,True,1.430511474609375e-06
3096,58.881639483966865,0,28.394979,True,True,1.430511474609375e-06
3097,58.9006811719737,0,18.923299,True,True,1.430511474609375e-06
3098,58.919196421978995,0,18.442627,True,True,1.430511474609375e-06
3099,58.937505642999895,0,18.257146,True,True,1.430511474609375e-06
3100,58.955728540953714,0,18.16995,True,True,1.430511474609375e-06
3101,58.974426795961335,0,18.648183,True,True,1.430511474609375e-06
3102,58.99269885197282,0,18.21415,True,True,1.430511474609375e-06
3103,59.01082565297838,0,18.079679,True,True,1.430511474609375e-06
3104,59.028991299972404,0,18.109016,True,True,1.430511474609375e-06
3105,59.047604880004656,0,18.564391,True,True,1.430511474609375e-06
3106,59.0663456839975,0,18.693692,True,True,1.430511474609375e-06
3107,59.084553889988456,0,18.156194,True,True,1.430511474609375e-06
3108,59.10306775895879,0,18.458472,True,True,1.430511474609375e-06
3109,59.1213783279527,0,18.262438,True,True,1.430511474609375e-06
3110,59.13955778599484,0,18.129204,True,True,1.430511474609375e-06
3111,59.15780217095744,0,18.199309,True,True,1.430511474609375e-06
3112,59.17654696898535,0,18.694439,True,True,1.430511474609375e-06
3113,59.19470728497254,0,18.108861,True,True,1.430511474609375e-06
3114,59.21281240996905,0,18.049162,True,True,1.430511474609375e-06
3115,59.23103888297919,0,18.176157,True,True,1.430511474609375e-06
3116,59.24952367099468,0,18.441775,True,True,1.430511474609375e-06
3117,59.268120592983905,0,18.537962,True,True,1.430511474609375e-06
3118,59.28644351899857,0,18.256883,True,True,1.430511474609375e-06
3119,59.30462002195418,0,18.11871,True,True,1.430511474609375e-06
3120,59.32274263497675,0,18.072334,True,True,1.430511474609375e-06
3121,59.341192217951175,0,18.403637,True,True,1.430511474609375e-06
3122,59.35943068796769,0,18.190152,True,True,1.430511474609375e-06
3123,59.378052621963434,0,18.568964,True,True,1.430511474609375e-06
3124,59.39619902695995,0,18.077463,True,True,1.430511474609375e-06
3125,59.42586639395449,0,29.60608,True,True,1.430511474609375e-06
3126,59.44466274295701,0,18.683163,True,True,1.430511474609375e-06
3127,59.46329274098389,0,18.546298,True,True,1.430511474609375e-06
3128,59.481784325966146,0,18.432117,True,True,1.430511474609375e-06
3129,59.499929997953586,0,18.086046,True,True,1.430511474609375e-06
3130,59.51806437596679,0,18.075897,True,True,1.430511474609375e-06
3131,59.536297034006566,0,18.183855,True,True,1.430511474609375e-06
3132,59.55448398797307,0,18.134732,True,True,1.430511474609375e-06
3133,59.57303342199884,0,18.503698,True,True,1.430511474609375e-06
3134,59.59131198999239,0,18.230629,True,True,1.430511474609375e-06
3135,59.609919089998584,0,18.547062,True,True,1.430511474609375e-06
3136,59.631445525970776,0,21.47409,True,True,1.430511474609375e-06
3137,59.658340080000926,0,26.769104,True,True,1.430511474609375e-06
3138,59.677344769006595,0,18.911026,True,True,1.430511474609375e-06
3139,59.69585004495457,0,18.430294,True,True,1.430511474609375e-06
3140,59.714469640981406,0,18.568288,True,True,1.430511474609375e-06
3141,59.73267495597247,0,18.159807,True,True,1.430511474609375e-06
3142,59.75080969999544,0,18.086827,True,True,1.430511474609375e-06
3143,59.769415678980295,0,18.55715,True,True,1.430511474609375e-06
3144,59.787679212982766,0,18.202559,True,True,1.430511474609375e-06
3145,59.80581642600009,0,18.085743,True,True,1.430511474609375e-06
3146,59.82443508395227,0,18.554791,True,True,1.430511474609375e-06
3147,59.84266091400059,0,18.161935,True,True,1.430511474609375e-06
3148,59.860758231952786,0,18.044809,True,True,1.430511474609375e-06
3149,59.87978843098972,0,18.981588,True,True,1.430511474609375e-06
3150,59.897981972957496,0,18.137743,True,True,1.430511474609375e-06
3151,59.91610363998916,0,18.072184,True,True,1.430511474609375e-06
3152,59.93416702200193,0,18.017187,True,True,1.430511474609375e-06
3153,59.95218490896514,0,17.972827,True,True,1.430511474609375e-06
3154,59.97111200197833,0,18.878744,True,True,1.430511474609375e-06
3155,59.98929997999221,0,18.132727,True,True,1.430511474609375e-06
3156,60.007485039997846,1,18.137762,True,True,1.430511474609375e-06
3157,60.03295282198815,1,25.421436,True,True,1.430511474609375e-06
3158,60.051546978007536,1,18.525064,True,True,1.430511474609375e-06
3159,60.06966992095113,1,18.068477,True,True,1.430511474609375e-06
3160,60.087916036951356,1,18.199163,True,True,1.430511474609375e-06
3161,60.106388548971154,1,18.423309,True,True,1.430511474609375e-06
3162,60.12500750500476,1,18.576207,True,True,1.430511474609375e-06
3163,60.14339194196509,1,18.334278,True,True,1.430511474609375e-06
3164,60.16159622097621,1,18.156618,True,True,1.430511474609375e-06
3165,60.17976383300265,1,18.121418,True,True,1.430511474609375e-06
3166,60.19869954296155,1,18.892979,True,True,1.430511474609375e-06
3167,60.21740983898053,1,18.663484,True,True,1.430511474609375e-06
3168,60.235741704993416,1,18.284848,True,True,1.430511474609375e-06
3169,60.254146722960286,1,18.356308,True,True,1.430511474609375e-06
3170,60.27236425696174,1,18.163024,True,True,1.430511474609375e-06
3171,60.29067044600379,1,18.252575,True,True,1.430511474609375e-06
3172,60.30894672399154,1,18.184757,True,True,1.430511474609375e-06
3173,60.333465664007235,1,24.45276,True,True,1.430511474609375e-06
3174,60.35197714297101,1,18.433633,True,True,1.430511474609375e-06
3175,60.3702850099653,1,18.249573,True,True,1.430511474609375e-06
3176,60.38873328996124,1,18.391063,True,True,1.430511474609375e-06
3177,60.40689054498216,1,18.096896,True,True,1.430511474609375e-06
3178,60.435574223985896,1,28.630466,True,True,1.430511474609375e-06
3179,60.45577511197189,1,20.092528,True,True,1.430511474609375e-06
3180,60.47409469500417,1,18.250167,True,True,1.430511474609375e-06
3181,60.49269253399689,1,18.532291,True,True,1.430511474609375e-06
3182,60.51083661796292,1,18.079938,True,True,1.430511474609375e-06
3183,60.529615751991514,1,18.729072,True,True,1.430511474609375e-06
3184,60.547785298957024,1,18.116815,True,True,1.430511474609375e-06
3185,60.5659151779837,1,18.079463,True,True,1.430511474609375e-06
3186,60.58400282898219,1,18.040805,True,True,1.430511474609375e-06
3187,60.602139701950364,1,18.086931,True,True,1.430511474609375e-06
3188,60.62720470299246,1,25.0092,True,True,1.430511474609375e-06
3189,60.64878770697396,1,21.512628,True,True,1.430511474609375e-06
3190,60.675694729958195,1,26.785283,True,True,1.430511474609375e-06
3191,60.69422066397965,1,18.437524,True,True,1.430511474609375e-06
3192,60.71249955199892,1,18.212062,True,True,1.430511474609375e-06
3193,60.73122359695844,1,18.666297,True,True,1.430511474609375e-06
3194,60.74973852495896,1,18.452385,True,True,1.430511474609375e-06
3195,60.76780059997691,1,18.009338,True,True,1.430511474609375e-06
3196,60.7964184039738,1,28.560088,True,True,1.430511474609375e-06
3197,60.82082518399693,1,24.299795,True,True,1.430511474609375e-06
3198,60.839327531983145,1,18.423661,True,True,1.430511474609375e-06
3199,60.85762873996282,1,18.239987,True,True,1.430511474609375e-06
3200,60.87574814999243,1,18.064007,True,True,1.430511474609375e-06
3201,60.89424649998546,1,18.450404,True,True,1.430511474609375e-06
3202,60.91284447698854,1,18.546328,True,True,1.430511474609375e-06
3203,60.931129050964955,1,18.23659,True,True,1.430511474609375e-06
3204,60.94938118400751,1,18.203464,True,True,1.430511474609375e-06
3205,60.96754966996377,1,18.121433,True,True,1.430511474609375e-06
3206,60.98606143397046,1,18.465161,True,True,1.430511474609375e-06
3207,61.00472454796545,1,18.617907,True,True,1.430511474609375e-06
3208,61.02319445699686,1,18.423335,True,True,1.430511474609375e-06
3209,61.04232158995001,1,19.02786,True,True,1.430511474609375e-06
3210,61.06053381797392,1,18.116872,True,True,1.430511474609375e-06
3211,61.07878654799424,1,18.191657,True,True,1.430511474609375e-06
3212,61.096931657986715,1,18.094804,True,True,1.430511474609375e-06
3213,61.115669784951024,1,18.682149,True,True,1.430511474609375e-06
3214,61.13466584199341,1,18.943435,True,True,1.430511474609375e-06
3215,61.153113965992816,1,18.361168,True,True,1.430511474609375e-06
3216,61.17149185296148,1,18.278652,True,True,1.430511474609375e-06
3217,61.189982471987605,1,18.420483,True,True,1.430511474609375e-06
3218,61.20865148998564,1,18.615627,True,True,1.430511474609375e-06
3219,61.233360026963055,1,24.653523,True,True,1.430511474609375e-06
3220,61.251983397000004,1,18.571604,True,True,1.430511474609375e-06
3221,61.27029884496005,1,18.253442,True,True,1.430511474609375e-06
3222,61.28879344899906,1,18.439949,True,True,1.430511474609375e-06
3223,61.30730364198098,1,18.456244,True,True,1.430511474609375e-06
3224,61.32590350497048,1,18.547501,True,True,1.430511474609375e-06
3225,61.34415384696331,1,18.201515,True,True,1.430511474609375e-06
3226,61.3627607539529,1,18.558492,True,True,1.430511474609375e-06
3227,61.38094577897573,1,18.135903,True,True,1.430511474609375e-06
3228,61.39908186899265,1,18.082482,True,True,1.430511474609375e-06
3229,61.42910332197789,1,29.966575,True,True,1.430511474609375e-06
3230,61.44776460796129,1,18.546879,True,True,1.430511474609375e-06
3231,61.46595269598765,1,18.117426,True,True,1.430511474609375e-06
3232,61.484585406957194,1,18.572593,True,True,1.430511474609375e-06
3233,61.50271344697103,1,18.063154,True,True,1.430511474609375e-06
3234,61.52159400499659,1,18.829879,True,True,1.430511474609375e-06
3235,61.53980738797691,1,18.164162,True,True,1.430511474609375e-06
3236,61.55807477195049,1,18.221835,True,True,1.430511474609375e-06
3237,61.57614811696112,1,18.021303,True,True,1.430511474609375e-06
3238,61.59429644496413,1,18.103603,True,True,1.430511474609375e-06
3239,61.61277313699247,1,18.410418,True,True,1.430511474609375e-06
3240,61.63129452097928,1,18.466038,True,True,1.430511474609375e-06
3241,61.655828756978735,1,24.474658,True,True,1.430511474609375e-06
3242,61.67906677798601,1,23.114941,True,True,1.430511474609375e-06
3243,61.69797117495909,1,18.788098,True,True,1.430511474609375e-06
3244,61.71686965198023,1,18.809734,True,True,1.430511474609375e-06
3245,61.73524593596812,1,18.301849,True,True,1.430511474609375e-06
3246,61.75356116896728,1,18.250015,True,True,1.430511474609375e-06
3247,61.771852648002096,1,18.222524,True,True,1.430511474609375e-06
3248,61.790328882983886,1,18.4207,True,True,1.430511474609375e-06
3249,61.80881066899747,1,18.402136,True,True,1.430511474609375e-06
3250,61.831309261964634,1,22.418975,True,True,1.430511474609375e-06
3251,61.84989417495672,1,18.522694,True,True,1.430511474609375e-06
3252,61.868378724961076,1,18.425401,True,True,1.430511474609375e-06
3253,61.88665087899426,1,18.216277,True,True,1.430511474609375e-06
3254,61.90489718999015,1,18.193114,True,True,1.430511474609375e-06
3255,61.923066696967,1,18.10822,True,True,1.430511474609375e-06
3256,61.941213517973665,1,18.097168,True,True,1.430511474609375e-06
3257,61.95930604997557,1,18.043646,True,True,1.430511474609375e-06
3258,61.977475046995096,1,18.124182,True,True,1.430511474609375e-06
3259,61.9955175149953,1,17.994013,True,True,1.430511474609375e-06
3260,62.01361303997692,1,18.051499,True,True,1.430511474609375e-06
3261,62.031988731003366,1,18.329178,True,True,1.430511474609375e-06
3262,62.050285436969716,1,18.245856,True,True,1.430511474609375e-06
3263,62.06856871000491,1,18.234211,True,True,1.430511474609375e-06
3264,62.08661088999361,1,17.995,True,True,1.430511474609375e-06
3265,62.10474911599886,1,18.089009,True,True,1.430511474609375e-06
3266,62.123368386004586,1,18.566128,True,True,1.430511474609375e-06
3267,62.141490840993356,1,18.076789,True,True,1.430511474609375e-06
3268,62.1596554479911,1,18.121566,True,True,1.430511474609375e-06
3269,62.178113673988264,1,18.415088,True,True,1.430511474609375e-06
3270,62.196213285962585,1,18.055718,True,True,1.430511474609375e-06
3271,62.214291732001584,1,18.026686,True,True,1.430511474609375e-06
3272,62.232714018959086,1,18.376344,True,True,1.430511474609375e-06
3273,62.25084335700376,1,18.081878,True,True,1.430511474609375e-06
3274,62.26913196896203,1,18.229514,True,True,1.430511474609375e-06
3275,62.28782481700182,1,18.609117,True,True,1.430511474609375e-06
3276,62.30630915396614,1,18.397876,True,True,1.430511474609375e-06
3277,62.32447103096638,1,18.093605,True,True,1.430511474609375e-06
3278,62.34317393397214,1,18.648033,True,True,1.430511474609375e-06
3279,62.36151727399556,1,18.279942,True,True,1.430511474609375e-06
3280,62.37969363696175,1,18.125207,True,True,1.430511474609375e-06
3281,62.397804751002695,1,18.059337,True,True,1.430511474609375e-06
3282,62.43040398496669,1,32.538223,True,True,1.430511474609375e-06
3283,62.449428672960494,1,18.896452,True,True,1.430511474609375e-06
3284,62.47079244395718,1,21.284208,True,True,1.430511474609375e-06
3285,62.497085568960756,1,26.187112,True,True,1.430511474609375e-06
3286,62.51559854496736,1,18.421144,True,True,1.430511474609375e-06
3287,62.53392457298469,1,18.26361,True,True,1.430511474609375e-06
3288,62.5523023759597,1,18.326558,True,True,1.430511474609375e-06
3289,62.57070603995817,1,18.351012,True,True,1.430511474609375e-06
3290,62.588904104952235,1,18.149386,True,True,1.430511474609375e-06
3291,62.60757712397026,1,18.581765,True,True,1.430511474609375e-06
3292,62.62639944796683,1,18.723362,True,True,1.430511474609375e-06
3293,62.647726685972884,1,21.244871,True,True,1.430511474609375e-06
3294,62.67519399197772,1,27.359966,True,True,1.430511474609375e-06
3295,62.69377640495077,1,18.481906,True,True,1.430511474609375e-06
3296,62.71220278798137,1,18.350708,True,True,1.430511474609375e-06
3297,62.73077078699134,1,18.510321,True,True,1.430511474609375e-06
3298,62.74879590095952,1,17.96628,True,True,1.430511474609375e-06
3299,62.767048537964,1,18.19698,True,True,1.430511474609375e-06
3300,62.78505916299764,1,17.95384,True,True,1.430511474609375e-06
3301,62.80474320799112,1,19.613222,True,True,1.430511474609375e-06
3302,62.823503133957274,1,18.63764,True,True,1.430511474609375e-06
3303,62.84189568599686,1,18.278303,True,True,1.430511474609375e-06
3304,62.860499267990235,1,18.528553,True,True,1.430511474609375e-06
3305,62.878554333990905,1,18.002657,True,True,1.430511474609375e-06
3306,62.8969908519648,1,18.37801,True,True,1.430511474609375e-06
3307,62.91576426796382,1,18.681559,True,True,1.430511474609375e-06
3308,62.93418884300627,1,18.357858,True,True,1.430511474609375e-06
3309,62.95234321895987,1,18.099547,True,True,1.430511474609375e-06
3310,62.97063284396427,1,18.233221,True,True,1.430511474609375e-06
3311,62.989237809961196,1,18.55401,True,True,1.430511474609375e-06
3312,63.007226240006275,1,17.938534,True,True,1.430511474609375e-06
3313,63.031301512965,1,24.027591,True,True,1.430511474609375e-06
3314,63.0498026869609,1,18.446979,True,True,1.430511474609375e-06
3315,63.068071724963374,1,18.209665,True,True,1.430511474609375e-06
3316,63.086538606963586,1,18.412621,True,True,1.430511474609375e-06
3317,63.10499358997913,1,18.390572,True,True,1.430511474609375e-06
3318,63.130137484986335,1,25.093636,True,True,1.430511474609375e-06
3319,63.15216973196948,1,21.967867,True,True,1.430511474609375e-06
3320,63.17072092497256,1,18.495119,True,True,1.430511474609375e-06
3321,63.18954517896054,1,18.721412,True,True,1.430511474609375e-06
3322,63.20821452495875,1,18.598597,True,True,1.430511474609375e-06
3323,63.226578507979866,1,18.30123,True,True,1.430511474609375e-06
3324,63.24474256596295,1,18.097117,True,True,1.430511474609375e-06
3325,63.26322503195843,1,18.417494,True,True,1.430511474609375e-06
3326,63.281524169957265,1,18.244593,True,True,1.430511474609375e-06
3327,63.29973620100645,1,18.150679,True,True,1.430511474609375e-06
3328,63.31838427396724,1,18.583184,True,True,1.430511474609375e-06
3329,63.33676937496057,1,18.330193,True,True,1.430511474609375e-06
3330,63.3553420509561,1,18.470767,True,True,1.430511474609375e-06
3331,63.37425253697438,1,18.806462,True,True,1.430511474609375e-06
3332,63.39272030198481,1,18.393905,True,True,1.430511474609375e-06
3333,63.41379764396697,1,21.015455,True,True,1.430511474609375e-06
3334,63.44146760797594,1,27.596695,True,True,1.430511474609375e-06
3335,63.460339858953375,1,18.775917,True,True,1.430511474609375e-06
3336,63.479164457006846,1,18.721263,True,True,1.430511474609375e-06
3337,63.497856838977896,1,18.581437,True,True,1.430511474609375e-06
3338,63.51651069195941,1,18.567027,True,True,1.430511474609375e-06
3339,63.53464670397807,1,18.07273,True,True,1.430511474609375e-06
3340,63.5527993409778,1,18.098489,True,True,1.430511474609375e-06
3341,63.57141458999831,1,18.562831,True,True,1.430511474609375e-06
3342,63.58953306800686,1,18.068603,True,True,1.430511474609375e-06
3343,63.607751225994434,1,18.159979,True,True,1.430511474609375e-06
3344,63.63202502095373,1,24.217548,True,True,1.430511474609375e-06
3345,63.650559709989466,1,18.465017,True,True,1.430511474609375e-06
3346,63.6801017599646,1,29.479201,True,True,1.430511474609375e-06
3347,63.698977584950626,1,18.761745,True,True,1.430511474609375e-06
3348,63.71743377594976,1,18.377201,True,True,1.430511474609375e-06
3349,63.735867295006756,1,18.375827,True,True,1.430511474609375e-06
3350,63.754611998971086,1,18.680184,True,True,1.430511474609375e-06
3351,63.772677282977384,1,18.014762,True,True,1.430511474609375e-06
3352,63.79841258295346,1,25.681337,True,True,1.430511474609375e-06
3353,63.82003911898937,1,21.53631,True,True,1.430511474609375e-06
3354,63.83867633796763,1,18.545515,True,True,1.430511474609375e-06
3355,63.8572511379607,1,18.497349,True,True,1.430511474609375e-06
3356,63.8754768249928,1,18.159987,True,True,1.430511474609375e-06
3357,63.893749168957584,1,18.220324,True,True,1.430511474609375e-06
3358,63.91190041799564,1,18.097531,True,True,1.430511474609375e-06
3359,63.92998156399699,1,18.032159,True,True,1.430511474609375e-06
3360,63.94850838999264,1,18.474023,True,True,1.430511474609375e-06
3361,63.966641828999855,1,18.084301,True,True,1.430511474609375e-06
3362,63.98482618498383,1,18.127231,True,True,1.430511474609375e-06
3363,64.00343036500271,1,18.557651,True,True,1.430511474609375e-06
3364,64.02195451396983,1,18.461078,True,True,1.430511474609375e-06
3365,64.04003207699861,1,18.020995,True,True,1.430511474609375e-06
3366,64.05815713497577,1,18.075039,True,True,1.430511474609375e-06
3367,64.07662957796128,1,18.418673,True,True,1.430511474609375e-06
3368,64.09499799000332,1,18.320818,True,True,1.430511474609375e-06
3369,64.11312637495575,1,18.081063,True,True,1.430511474609375e-06
3370,64.13135753700044,1,18.182822,True,True,1.430511474609375e-06
3371,64.15009604097577,1,18.680161,True,True,1.430511474609375e-06
3372,64.16852211899823,1,18.314233,True,True,1.430511474609375e-06
3373,64.18678327900125,1,18.185964,True,True,1.430511474609375e-06
3374,64.20543062099023,1,18.592552,True,True,1.430511474609375e-06
3375,64.2296737729921,1,24.190424,True,True,1.430511474609375e-06
3376,64.24841231899336,1,18.681695,True,True,1.430511474609375e-06
3377,64.2665583199705,1,18.086158,True,True,1.430511474609375e-06
3378,64.28480505698826,1,18.19208,True,True,1.430511474609375e-06
3379,64.30359489098191,1,18.733441,True,True,1.430511474609375e-06
3380,64.32196694595041,1,18.309431,True,True,1.430511474609375e-06
3381,64.34006945497822,1,18.051611,True,True,1.430511474609375e-06
3382,64.35838650999358,1,18.256377,True,True,1.430511474609375e-06
3383,64.37669733195798,1,18.260014,True,True,1.430511474609375e-06
3384,64.39475246798247,1,17.998439,True,True,1.430511474609375e-06
3385,64.41616317495937,1,21.3543,True,True,1.430511474609375e-06
3386,64.44314212695463,1,26.90332,True,True,1.430511474609375e-06
3387,64.46164635196328,1,18.415703,True,True,1.430511474609375e-06
3388,64.48005755298072,1,18.313769,True,True,1.430511474609375e-06
3389,64.49844643898541,1,18.323609,True,True,1.430511474609375e-06
3390,64.5166265849839,1,18.113951,True,True,1.430511474609375e-06
3391,64.5351644079783,1,18.477997,True,True,1.430511474609375e-06
3392,64.55376541794976,1,18.535495,True,True,1.430511474609375e-06
3393,64.57231594499899,1,18.447432,True,True,1.430511474609375e-06
3394,64.59104084898718,1,18.614125,True,True,1.430511474609375e-06
3395,64.60982035699999,1,18.664295,True,True,1.430511474609375e-06
3396,64.63548572000582,1,25.583321,True,True,1.430511474609375e-06
3397,64.65748619299848,1,21.904062,True,True,1.430511474609375e-06
3398,64.68708215397783,1,29.515291,True,True,1.430511474609375e-06
3399,64.70594107097713,1,18.752508,True,True,1.430511474609375e-06
3400,64.72434387099929,1,18.335976,True,True,1.430511474609375e-06
3401,64.74263303697808,1,18.235702,True,True,1.430511474609375e-06
3402,64.76105691300472,1,18.361452,True,True,1.430511474609375e-06
3403,64.77946294599678,1,18.352749,True,True,1.430511474609375e-06
3404,64.7978307849844,1,18.312746,True,True,1.430511474609375e-06
3405,64.81622286996571,1,18.299404,True,True,1.430511474609375e-06
3406,64.8406569819781,1,24.360977,True,True,1.430511474609375e-06
3407,64.85900449595647,1,18.260561,True,True,1.430511474609375e-06
3408,64.87728526996216,1,18.218354,True,True,1.430511474609375e-06
3409,64.89540358696831,1,18.056993,True,True,1.430511474609375e-06
3410,64.91363456798717,1,18.174067,True,True,1.430511474609375e-06
3411,64.93252132000634,1,18.838062,True,True,1.430511474609375e-06
3412,64.95065763400635,1,18.089246,True,True,1.430511474609375e-06
3413,64.96887550695101,1,18.167139,True,True,1.430511474609375e-06
3414,64.98737437697127,1,18.451835,True,True,1.430511474609375e-06
3415,65.00554859399563,1,18.12157,True,True,1.430511474609375e-06
3416,65.0236738799722,1,18.07616,True,True,1.430511474609375e-06
3417,65.04179566999665,1,18.075336,True,True,1.430511474609375e-06
3418,65.05986999499146,1,18.028676,True,True,1.430511474609375e-06
3419,65.07819132896839,1,18.276272,True,True,1.430511474609375e-06
3420,65.09624337096466,1,18.011357,True,True,1.430511474609375e-06
3421,65.11455279396614,1,18.263577,True,True,1.430511474609375e-06
3422,65.13290978595614,1,18.307211,True,True,1.430511474609375e-06
3423,65.15115361800417,1,18.188447,True,True,1.430511474609375e-06
3424,65.16971968795406,1,18.505743,True,True,1.430511474609375e-06
3425,65.18782274896512,1,18.054312,True,True,1.430511474609375e-06
3426,65.20597459597047,1,18.099725,True,True,1.430511474609375e-06
3427,65.22415863297647,1,18.137396,True,True,1.430511474609375e-06
3428,65.24228486896027,1,18.082647,True,True,1.430511474609375e-06
3429,65.26115111500258,1,18.809908,True,True,1.430511474609375e-06
3430,65.2796111679636,1,18.400803,True,True,1.430511474609375e-06
3431,65.29775491397595,1,18.095436,True,True,1.430511474609375e-06
3432,65.31587122695055,1,18.057592,True,True,1.430511474609375e-06
3433,65.3342173449928,1,18.299563,True,True,1.430511474609375e-06
3434,65.35245367797324,1,18.17854,True,True,1.430511474609375e-06
3435,65.37065127800452,1,18.144313,True,True,1.430511474609375e-06
3436,65.3893953859806,1,18.68765,True,True,1.430511474609375e-06
3437,65.40958909899928,1,20.135673,True,True,1.430511474609375e-06
3438,65.44082656200044,1,31.157011,True,True,1.430511474609375e-06
3439,65.45956885098713,1,18.633015,True,True,1.430511474609375e-06
3440,65.48836897598812,1,28.724249,True,True,1.430511474609375e-06
3441,65.50700792798307,1,18.54628,True,True,1.430511474609375e-06
3442,65.52538287697826,1,18.309343,True,True,1.430511474609375e-06
3443,65.5440775929601,1,18.638022,True,True,1.430511474609375e-06
3444,65.56217472197022,1,18.047358,True,True,1.430511474609375e-06
3445,65.58030091196997,1,18.078178,True,True,1.430511474609375e-06
3446,65.59910642995965,1,18.75929,True,True,1.430511474609375e-06
3447,65.61767469497863,1,18.489693,True,True,1.430511474609375e-06
3448,65.63589953997871,1,18.157676,True,True,1.430511474609375e-06
3449,65.65430227899924,1,18.342525,True,True,1.430511474609375e-06
3450,65.6823146349634,1,27.939937,True,True,1.430511474609375e-06
3451,65.70222556096269,1,19.794321,True,True,1.430511474609375e-06
3452,65.72051252098754,1,18.217188,True,True,1.430511474609375e-06
3453,65.7389099879656,1,18.318181,True,True,1.430511474609375e-06
3454,65.75759868696332,1,18.574588,True,True,1.430511474609375e-06
3455,65.77584150095936,1,18.1646,True,True,1.430511474609375e-06
3456,65.7940919479588,1,18.181856,True,True,1.430511474609375e-06
3457,65.81281468697125,1,18.630723,True,True,1.430511474609375e-06
3458,65.83129832998384,1,18.417084,True,True,1.430511474609375e-06
3459,65.84941856196383,1,18.060739,True,True,1.430511474609375e-06
3460,65.86749197397148,1,18.023592,True,True,1.430511474609375e-06
3461,65.88611976295942,1,18.574164,True,True,1.430511474609375e-06
3462,65.90427330497187,1,18.100979,True,True,1.430511474609375e-06
3463,65.92235056398204,1,18.021717,True,True,1.430511474609375e-06
3464,65.94076460495126,1,18.361565,True,True,1.430511474609375e-06
3465,65.95889059599722,1,18.075863,True,True,1.430511474609375e-06
3466,65.97707544796867,1,18.132811,True,True,1.430511474609375e-06
3467,65.99507963698125,1,17.957681,True,True,1.430511474609375e-06
3468,66.01313291495899,1,18.003025,True,True,1.430511474609375e-06
3469,66.03754495398607,1,24.35596,True,True,1.430511474609375e-06
3470,66.05625254998449,1,18.599315,True,True,1.430511474609375e-06
3471,66.07454045995837,1,18.219404,True,True,1.430511474609375e-06
3472,66.09274181799265,1,18.152728,True,True,1.430511474609375e-06
3473,66.11086553597124,1,18.060174,True,True,1.430511474609375e-06
3474,66.12901097798022,1,18.093386,True,True,1.430511474609375e-06
3475,66.14769392699236,1,18.635739,True,True,1.430511474609375e-06
3476,66.16585266095353,1,18.109285,True,True,1.430511474609375e-06
3477,66.1839851779514,1,18.081463,True,True,1.430511474609375e-06
3478,66.20201492396882,1,17.981573,True,True,1.430511474609375e-06
3479,66.22015313600423,1,18.091755,True,True,1.430511474609375e-06
3480,66.23845001898007,1,18.244482,True,True,1.430511474609375e-06
3481,66.25663284497568,1,18.128304,True,True,1.430511474609375e-06
3482,66.27521397999953,1,18.530624,True,True,1.430511474609375e-06
3483,66.29363759595435,1,18.367607,True,True,1.430511474609375e-06
3484,66.31188517599367,1,18.195145,True,True,1.430511474609375e-06
3485,66.33004487497965,1,18.112368,True,True,1.430511474609375e-06
3486,66.34829278395046,1,18.203133,True,True,1.430511474609375e-06
3487,66.36659498600056,1,18.245446,True,True,1.430511474609375e-06
3488,66.38521008199314,1,18.553116,True,True,1.430511474609375e-06
3489,66.40343154699076,1,18.159241,True,True,1.430511474609375e-06
3490,66.43335978896357,1,29.866215,True,True,1.430511474609375e-06
3491,66.45207256398862,1,18.59266,True,True,1.430511474609375e-06
3492,66.4706424739561,1,18.49736,True,True,1.430511474609375e-06
3493,66.48896428296575,1,18.250113,True,True,1.430511474609375e-06
3494,66.50771445099963,1,18.692938,True,True,1.430511474609375e-06
3495,66.52631723397644,1,18.51377,True,True,1.430511474609375e-06
3496,66.54453492898028,1,18.146139,True,True,1.430511474609375e-06
3497,66.56282031995943,1,18.232266,True,True,1.430511474609375e-06
3498,66.58088739396771,1,18.018513,True,True,1.430511474609375e-06
3499,66.59907408297295,1,18.13343,True,True,1.430511474609375e-06
3500,66.61765698197996,1,18.489546,True,True,1.430511474609375e-06
3501,66.64024307497311,1,22.516471,True,True,1.430511474609375e-06
3502,66.65875559597043,1,18.402828,True,True,1.430511474609375e-06
3503,66.67978824098827,1,20.953939,True,True,1.430511474609375e-06
3504,66.7072025569505,1,27.230939,True,True,1.430511474609375e-06
3505,66.72591796395136,1,18.604863,True,True,1.430511474609375e-06
3506,66.74448383995332,1,18.48581,True,True,1.430511474609375e-06
3507,66.76306153699988,1,18.508671,True,True,1.430511474609375e-06
3508,66.78157862898661,1,18.458262,True,True,1.430511474609375e-06
3509,66.7998643249739,1,18.212168,True,True,1.430511474609375e-06
3510,66.81831190298544,1,18.367121,True,True,1.430511474609375e-06
3511,66.8367690499872,1,18.393195,True,True,1.430511474609375e-06
3512,66.8551836090046,1,18.361431,True,True,1.430511474609375e-06
3513,66.87325907195918,1,18.025047,True,True,1.430511474609375e-06
3514,66.89130156999454,1,17.991843,True,True,1.430511474609375e-06
3515,66.90947527997196,1,18.12869,True,True,1.430511474609375e-06
3516,66.92746838700259,1,17.933662,True,True,1.430511474609375e-06
3517,66.94592519599246,1,18.409421,True,True,1.430511474609375e-06
3518,66.96400763298152,1,18.033623,True,True,1.430511474609375e-06
3519,66.98203728697263,1,17.981903,True,True,1.430511474609375e-06
3520,67.00031468097586,1,18.228291,True,True,1.430511474609375e-06
3521,67.01830997597426,1,17.95235,True,True,1.430511474609375e-06
3522,67.03693289100192,1,18.58046,True,True,1.430511474609375e-06
3523,67.05527288099984,1,18.278702,True,True,1.430511474609375e-06
3524,67.07343612599652,1,18.108102,True,True,1.430511474609375e-06
3525,67.09206731297309,1,18.570156,True,True,1.430511474609375e-06
3526,67.11012162599945,1,18.000256,True,True,1.430511474609375e-06
3527,67.1282345179934,1,18.052773,True,True,1.430511474609375e-06
3528,67.14660579100018,1,18.321524,True,True,1.430511474609375e-06
3529,67.1646441159537,1,17.989999,True,True,1.430511474609375e-06
3530,67.18286955798976,1,18.176204,True,True,1.430511474609375e-06
3531,67.20128724497044,1,18.366564,True,True,1.430511474609375e-06
3532,67.2196212579729,1,18.288455,True,True,1.430511474609375e-06
3533,67.24200479197316,1,22.326265,True,True,1.430511474609375e-06
3534,67.26075524196494,1,18.681582,True,True,1.430511474609375e-06
3535,67.27894491096959,1,18.133083,True,True,1.430511474609375e-06
3536,67.29711369797587,1,18.115236,True,True,1.430511474609375e-06
3537,67.31533633498475,1,18.166281,True,True,1.430511474609375e-06
3538,67.33357111195801,1,18.185114,True,True,1.430511474609375e-06
3539,67.35211240797071,1,18.469551,True,True,1.430511474609375e-06
3540,67.37035222200211,1,18.176416,True,True,1.430511474609375e-06
3541,67.39175490097841,1,21.326234,True,True,1.430511474609375e-06
3542,67.42717768397415,1,35.351019,True,True,1.430511474609375e-06
3543,67.44806175399572,1,20.754389,True,True,1.430511474609375e-06
3544,67.4665733849979,1,18.426232,True,True,1.430511474609375e-06
3545,67.4850085649523,1,18.366172,True,True,1.430511474609375e-06
3546,67.50347908696858,1,18.380484,True,True,1.430511474609375e-06
3547,67.5216508039739,1,18.109585,True,True,1.430511474609375e-06
3548,67.53971764899325,1,18.016494,True,True,1.430511474609375e-06
3549,67.5582785430015,1,18.507367,True,True,1.430511474609375e-06
3550,67.57638389797648,1,18.049364,True,True,1.430511474609375e-06
3551,67.59454816597281,1,18.113494,True,True,1.430511474609375e-06
3552,67.61270968295867,1,18.10038,True,True,1.430511474609375e-06
3553,67.63082863698946,1,18.059025,True,True,1.430511474609375e-06
3554,67.64946383395,1,18.57225,True,True,1.430511474609375e-06
3555,67.66782950400375,1,18.292905,True,True,1.430511474609375e-06
3556,67.69594670995139,1,28.005887,True,True,1.430511474609375e-06
3557,67.71632219100138,1,20.258122,True,True,1.430511474609375e-06
3558,67.73481061600614,1,18.422036,True,True,1.430511474609375e-06
3559,67.7537367369514,1,18.84945,True,True,1.430511474609375e-06
3560,67.77209807798499,1,18.304516,True,True,1.430511474609375e-06
3561,67.79024149297038,1,18.081744,True,True,1.430511474609375e-06
3562,67.80856075196061,1,18.245523,True,True,1.430511474609375e-06
3563,67.82987022597808,1,21.22413,True,True,1.430511474609375e-06
3564,67.85125959198922,1,21.311785,True,True,1.430511474609375e-06
3565,67.86979900696315,1,18.466532,True,True,1.430511474609375e-06
3566,67.88827564998064,1,18.425488,True,True,1.430511474609375e-06
3567,67.9066105739912,1,18.284945,True,True,1.430511474609375e-06
3568,67.92469799000537,1,18.038025,True,True,1.430511474609375e-06
3569,67.94335597398458,1,18.609981,True,True,1.430511474609375e-06
3570,67.9619014809723,1,18.492243,True,True,1.430511474609375e-06
3571,67.9801094319555,1,18.151473,True,True,1.430511474609375e-06
3572,67.99829522299115,1,18.123888,True,True,1.430511474609375e-06
3573,68.01708907698048,1,18.742219,True,True,1.430511474609375e-06
3574,68.03522234997945,1,18.076099,True,True,1.430511474609375e-06
3575,68.05337706400314,1,18.105855,True,True,1.430511474609375e-06
3576,68.07186404598178,1,18.436828,True,True,1.430511474609375e-06
3577,68.08997928199824,1,18.066739,True,True,1.430511474609375e-06
3578,68.10815995896701,1,18.133813,True,True,1.430511474609375e-06
3579,68.12633337295847,1,18.127424,True,True,1.430511474609375e-06
3580,68.14446603698889,1,18.082333,True,True,1.430511474609375e-06
3581,68.1630664980039,1,18.553049,True,True,1.430511474609375e-06
3582,68.18118647695519,1,18.065459,True,True,1.430511474609375e-06
3583,68.19970906700473,1,18.479784,True,True,1.430511474609375e-06
3584,68.21781024697702,1,18.054826,True,True,1.430511474609375e-06
3585,68.23592128796736,1,18.065916,True,True,1.430511474609375e-06
3586,68.25443284597714,1,18.447119,True,True,1.430511474609375e-06
3587,68.27264360099798,1,18.152612,True,True,1.430511474609375e-06
3588,68.29082050500438,1,18.10773,True,True,1.430511474609375e-06
3589,68.30939197400585,1,18.507341,True,True,1.430511474609375e-06
3590,68.32754535897402,1,18.10368,True,True,1.430511474609375e-06
3591,68.34580759797245,1,18.202045,True,True,1.430511474609375e-06
3592,68.36420520197134,1,18.341157,True,True,1.430511474609375e-06
3593,68.38239427795634,1,18.137013,True,True,1.430511474609375e-06
3594,68.40061770397006,1,18.15702,True,True,1.430511474609375e-06
3595,68.43081350199645,1,30.138442,True,True,1.430511474609375e-06
3596,68.45231396099553,1,21.387767,True,True,1.430511474609375e-06
3597,68.47083801595727,1,18.439149,True,True,1.430511474609375e-06
3598,68.48899585899198,1,18.091963,True,True,1.430511474609375e-06
3599,68.50718968198635,1,18.133719,True,True,1.430511474609375e-06
3600,68.52588869800093,1,18.645119,True,True,1.430511474609375e-06
3601,68.54403909295797,1,18.093183,True,True,1.430511474609375e-06
3602,68.56228572200052,1,18.198048,True,True,1.430511474609375e-06
3603,68.58112291997531,1,18.75946,True,True,1.430511474609375e-06
3604,68.59940236696275,1,18.194144,True,True,1.430511474609375e-06
3605,68.61755618196912,1,18.095218,True,True,1.430511474609375e-06
3606,68.63586881896481,1,18.248573,True,True,1.430511474609375e-06
3607,68.65407709800638,1,18.143382,True,True,1.430511474609375e-06
3608,68.67262860498158,1,18.493692,True,True,1.430511474609375e-06
3609,68.702126071963,1,29.427777,True,True,1.430511474609375e-06
3610,68.72099397296552,1,18.754011,True,True,1.430511474609375e-06
3611,68.73944785096683,1,18.38067,True,True,1.430511474609375e-06
3612,68.7577672059997,1,18.244633,True,True,1.430511474609375e-06
3613,68.77614074398298,1,18.312071,True,True,1.430511474609375e-06
3614,68.79485202598153,1,18.653556,True,True,1.430511474609375e-06
3615,68.81307466997532,1,18.148857,True,True,1.430511474609375e-06
3616,68.832010625978,1,18.866371,True,True,1.430511474609375e-06
3617,68.85054770897841,1,18.440283,True,True,1.430511474609375e-06
3618,68.86887824500445,1,18.260478,True,True,1.430511474609375e-06
3619,68.88734788197326,1,18.40854,True,True,1.430511474609375e-06
3620,68.90541586495237,1,18.014007,True,True,1.430511474609375e-06
3621,68.92355895100627,1,18.089829,True,True,1.430511474609375e-06
3622,68.9424418300041,1,18.832957,True,True,1.430511474609375e-06
3623,68.96103981795022,1,18.516232,True,True,1.430511474609375e-06
3624,68.97923833900131,1,18.120973,True,True,1.430511474609375e-06
3625,68.99736147199292,1,18.062658,True,True,1.430511474609375e-06
3626,69.01577811699826,1,18.367913,True,True,1.430511474609375e-06
3627,69.03825062100077,1,22.421602,True,True,1.430511474609375e-06
3628,69.05732652998995,1,19.00377,True,True,1.430511474609375e-06
3629,69.08276424696669,1,25.382845,True,True,1.430511474609375e-06
3630,69.1042557299952,1,21.415902,True,True,1.430511474609375e-06
3631,69.12243832298554,1,18.124605,True,True,1.430511474609375e-06
3632,69.14047440100694,1,17.990509,True,True,1.430511474609375e-06
3633,69.1589760259958,1,18.457329,True,True,1.430511474609375e-06
3634,69.17733053595293,1,18.310014,True,True,1.430511474609375e-06
3635,69.19569901895011,1,18.318979,True,True,1.430511474609375e-06
3636,69.2141460319981,1,18.367673,True,True,1.430511474609375e-06
3637,69.23288233700441,1,18.626282,True,True,1.430511474609375e-06
3638,69.251253986964,1,18.302901,True,True,1.430511474609375e-06
3639,69.26954309898429,1,18.235443,True,True,1.430511474609375e-06
3640,69.2878539179801,1,18.245396,True,True,1.430511474609375e-06
3641,69.30604600999504,1,18.141543,True,True,1.430511474609375e-06
3642,69.3244708639686,1,18.369745,True,True,1.430511474609375e-06
3643,69.3426262709545,1,18.104591,True,True,1.430511474609375e-06
3644,69.36081398895476,1,18.137015,True,True,1.430511474609375e-06
3645,69.37904414499644,1,18.18005,True,True,1.430511474609375e-06
3646,69.39728288998595,1,18.165913,True,True,1.430511474609375e-06
3647,69.42551521898713,1,28.163884,True,True,1.430511474609375e-06
3648,69.44593953195726,1,20.314669,True,True,1.430511474609375e-06
3649,69.46457673900295,1,18.556025,True,True,1.430511474609375e-06
3650,69.48292744695209,1,18.287258,True,True,1.430511474609375e-06
3651,69.50106960395351,1,18.083711,True,True,1.430511474609375e-06
3652,69.52005655295216,1,18.925524,True,True,1.430511474609375e-06
3653,69.53822956199292,1,18.116845,True,True,1.430511474609375e-06
3654,69.5565885459655,1,18.296546,True,True,1.430511474609375e-06
3655,69.57505158497952,1,18.412943,True,True,1.430511474609375e-06
3656,69.5931584679638,1,18.058625,True,True,1.430511474609375e-06
3657,69.61135681497399,1,18.137722,True,True,1.430511474609375e-06
3658,69.63252377300523,1,21.106896,True,True,1.430511474609375e-06
3659,69.65381045796676,1,21.210557,True,True,1.430511474609375e-06
3660,69.67248196096625,1,18.608964,True,True,1.430511474609375e-06
3661,69.69076736399438,1,18.223767,True,True,1.430511474609375e-06
3662,69.72101785097038,1,30.165772,True,True,1.430511474609375e-06
3663,69.7469114959822,1,25.782283,True,True,1.430511474609375e-06
3664,69.76860616495833,1,21.612068,True,True,1.430511474609375e-06
3665,69.78707639395725,1,18.406455,True,True,1.430511474609375e-06
3666,69.80570599797647,1,18.563714,True,True,1.430511474609375e-06
3667,69.824230497994,1,18.448619,True,True,1.430511474609375e-06
3668,69.84288827900309,1,18.578523,True,True,1.430511474609375e-06
3669,69.86110570596065,1,18.140916,True,True,1.430511474609375e-06
3670,69.8793120639748,1,18.143084,True,True,1.430511474609375e-06
3671,69.89781585498713,1,18.448326,True,True,1.430511474609375e-06
3672,69.91594054200687,1,18.068777,True,True,1.430511474609375e-06
3673,69.9340039259987,1,18.01558,True,True,1.430511474609375e-06
3674,69.95260452397633,1,18.553833,True,True,1.430511474609375e-06
3675,69.9708332339651,1,18.184536,True,True,1.430511474609375e-06
3676,69.98904741398292,1,18.154534,True,True,1.430511474609375e-06
3677,70.00747366098221,1,18.375655,True,True,1.430511474609375e-06
3678,70.02570652397117,1,18.189512,True,True,1.430511474609375e-06
3679,70.04400793096283,1,18.250867,True,True,1.430511474609375e-06
3680,70.06247598695336,1,18.419775,True,True,1.430511474609375e-06
3681,70.08053545595612,1,18.012579,True,True,1.430511474609375e-06
3682,70.09868289495353,1,18.095803,True,True,1.430511474609375e-06
3683,70.11744387599174,1,18.714494,True,True,1.430511474609375e-06
3684,70.13545608695131,1,17.964453,True,True,1.430511474609375e-06
3685,70.1537379399524,1,18.233191,True,True,1.430511474609375e-06
3686,70.17256793798879,1,18.751318,True,True,1.430511474609375e-06
3687,70.19084122497588,1,18.196046,True,True,1.430511474609375e-06
3688,70.20901572197909,1,18.115258,True,True,1.430511474609375e-06
3689,70.22754908096977,1,18.476461,True,True,1.430511474609375e-06
3690,70.25147313595517,1,23.838606,True,True,1.430511474609375e-06
3691,70.26997866795864,1,18.425024,True,True,1.430511474609375e-06
3692,70.28848214098252,1,18.43939,True,True,1.430511474609375e-06
3693,70.30658230697736,1,18.044598,True,True,1.430511474609375e-06
3694,70.32470011600526,1,18.067684,True,True,1.430511474609375e-06
3695,70.34296110499417,1,18.208025,True,True,1.430511474609375e-06
3696,70.3610285819741,1,18.017565,True,True,1.430511474609375e-06
3697,70.37941623298684,1,18.336053,True,True,1.430511474609375e-06
3698,70.40976465697167,1,30.285739,True,True,1.430511474609375e-06
3699,70.43779707199428,1,27.916082,True,True,1.430511474609375e-06
3700,70.45635964797111,1,18.458459,True,True,1.430511474609375e-06
3701,70.47493623499759,1,18.507823,True,True,1.430511474609375e-06
3702,70.49315753096016,1,18.161668,True,True,1.430511474609375e-06
3703,70.51143109600525,1,18.20771,True,True,1.430511474609375e-06
3704,70.52999541198369,1,18.512909,True,True,1.430511474609375e-06
3705,70.54816405900056,1,18.118076,True,True,1.430511474609375e-06
3706,70.56624062696937,1,18.03001,True,True,1.430511474609375e-06
3707,70.58440069598146,1,18.111616,True,True,1.430511474609375e-06
3708,70.60249647498131,1,18.046306,True,True,1.430511474609375e-06
3709,70.62130423099734,1,18.75964,True,True,1.430511474609375e-06
3710,70.63946586096426,1,18.102506,True,True,1.430511474609375e-06
3711,70.6576758279698,1,18.153378,True,True,1.430511474609375e-06
3712,70.67588744999375,1,18.147553,True,True,1.430511474609375e-06
3713,70.69737293396611,1,21.42519,True,True,1.430511474609375e-06
3714,70.72259495098842,1,25.122607,True,True,1.430511474609375e-06
3715,70.74257169896737,1,19.881821,True,True,1.430511474609375e-06
3716,70.76101113698678,1,18.331004,True,True,1.430511474609375e-06
3717,70.77931729599368,1,18.224975,True,True,1.430511474609375e-06
3718,70.7976188249886,1,18.233285,True,True,1.430511474609375e-06
3719,70.81623237999156,1,18.500213,True,True,1.430511474609375e-06
3720,70.83742969698505,1,21.122921,True,True,1.430511474609375e-06
3721,70.85884124995209,1,21.347068,True,True,1.430511474609375e-06
3722,70.87703337398125,1,18.139361,True,True,1.430511474609375e-06
3723,70.89520537498174,1,18.12436,True,True,1.430511474609375e-06
3724,70.91376499796752,1,18.499041,True,True,1.430511474609375e-06
3725,70.93186433095252,1,18.047927,True,True,1.430511474609375e-06
3726,70.95008527999744,1,18.171718,True,True,1.430511474609375e-06
3727,70.96874944196315,1,18.610074,True,True,1.430511474609375e-06
3728,70.98703868995653,1,18.23948,True,True,1.430511474609375e-06
3729,71.00519230699865,1,18.101984,True,True,1.430511474609375e-06
3730,71.02325262298109,1,18.016478,True,True,1.430511474609375e-06
3731,71.04189323395258,1,18.591784,True,True,1.430511474609375e-06
3732,71.05993076099548,1,17.987734,True,True,1.430511474609375e-06
3733,71.07805040897802,1,18.073852,True,True,1.430511474609375e-06
3734,71.09659552195808,1,18.501827,True,True,1.430511474609375e-06
3735,71.11469121999107,1,18.05095,True,True,1.430511474609375e-06
3736,71.13287010695785,1,18.131752,True,True,1.430511474609375e-06
3737,71.1514496729942,1,18.535182,True,True,1.430511474609375e-06
3738,71.16956905595725,1,18.072833,True,True,1.430511474609375e-06
3739,71.18787355499808,1,18.261308,True,True,1.430511474609375e-06
3740,71.20647769700736,1,18.51662,True,True,1.430511474609375e-06
3741,71.22727513097925,1,20.737835,True,True,1.430511474609375e-06
3742,71.25046303495765,1,23.133577,True,True,1.430511474609375e-06
3743,71.27206365397433,1,21.543951,True,True,1.430511474609375e-06
3744,71.29046279197792,1,18.329496,True,True,1.430511474609375e-06
3745,71.30929949699203,1,18.781631,True,True,1.430511474609375e-06
3746,71.32771215296816,1,18.355592,True,True,1.430511474609375e-06
3747,71.34598898800323,1,18.228057,True,True,1.430511474609375e-06
3748,71.36446705000708,1,18.428317,True,True,1.430511474609375e-06
3749,71.38295071595348,1,18.431537,True,True,1.430511474609375e-06
3750,71.4014154819888,1,18.406588,True,True,1.430511474609375e-06
3751,71.43055663898122,1,29.080917,True,True,1.430511474609375e-06
3752,71.44957178499317,1,18.91247,True,True,1.430511474609375e-06
3753,71.46806280198507,1,18.412013,True,True,1.430511474609375e-06
3754,71.48670753499027,1,18.579034,True,True,1.430511474609375e-06
3755,71.50525840598857,1,18.464022,True,True,1.430511474609375e-06
3756,71.52359093097039,1,18.252028,True,True,1.430511474609375e-06
3757,71.5416920639691,1,18.041188,True,True,1.430511474609375e-06
3758,71.56056537595578,1,18.818687,True,True,1.430511474609375e-06
3759,71.57882346195402,1,18.206701,True,True,1.430511474609375e-06
3760,71.59713483398082,1,18.264626,True,True,1.430511474609375e-06
3761,71.6157034089556,1,18.503623,True,True,1.430511474609375e-06
3762,71.63467147195479,1,18.860541,True,True,1.430511474609375e-06
3763,71.6529811679502,1,18.235289,True,True,1.430511474609375e-06
3764,71.6711051769671,1,18.070173,True,True,1.430511474609375e-06
3765,71.6896618839819,1,18.497289,True,True,1.430511474609375e-06
3766,71.71738057100447,1,27.655159,True,True,1.430511474609375e-06
3767,71.73793889197987,1,20.454637,True,True,1.430511474609375e-06
3768,71.75623548199655,1,18.213459,True,True,1.430511474609375e-06
3769,71.7744492009515,1,18.15467,True,True,1.430511474609375e-06
3770,71.7928955029929,1,18.377323,True,True,1.430511474609375e-06
3771,71.81119049398694,1,18.2128,True,True,1.430511474609375e-06
3772,71.8296590729733,1,18.408209,True,True,1.430511474609375e-06
3773,71.84781434695469,1,18.10264,True,True,1.430511474609375e-06
3774,71.86589604098117,1,18.029031,True,True,1.430511474609375e-06
3775,71.88458467897726,1,18.639434,True,True,1.430511474609375e-06
3776,71.90289153897902,1,18.259399,True,True,1.430511474609375e-06
3777,71.92089003295405,1,17.952197,True,True,1.430511474609375e-06
3778,71.93896428996231,1,18.026879,True,True,1.430511474609375e-06
3779,71.95729713700712,1,18.28329,True,True,1.430511474609375e-06
3780,71.97531093197176,1,17.967319,True,True,1.430511474609375e-06
3781,71.99330079095671,1,17.944488,True,True,1.430511474609375e-06
3782,72.01165927998954,1,18.314488,True,True,1.430511474609375e-06
3783,72.02973589097383,1,18.033533,True,True,1.430511474609375e-06
3784,72.04787305300124,1,18.090262,True,True,1.430511474609375e-06
3785,72.06904499797383,1,21.12107,True,True,1.430511474609375e-06
3786,72.0945999789983,1,25.48463,True,True,1.430511474609375e-06
3787,72.11307584797032,1,18.411449,True,True,1.430511474609375e-06
3788,72.13121520797722,1,18.08963,True,True,1.430511474609375e-06
3789,72.14929961797316,1,18.035588,True,True,1.430511474609375e-06
3790,72.16792386199813,1,18.571356,True,True,1.430511474609375e-06
3791,72.18627765198471,1,18.305961,True,True,1.430511474609375e-06
3792,72.20428236195585,1,17.957566,True,True,1.430511474609375e-06
3793,72.22236472397344,1,18.042351,True,True,1.430511474609375e-06
3794,72.24093964096392,1,18.532446,True,True,1.430511474609375e-06
3795,72.259106374986,1,18.115891,True,True,1.430511474609375e-06
3796,72.27725970197935,1,18.100469,True,True,1.430511474609375e-06
3797,72.29547843697947,1,18.172766,True,True,1.430511474609375e-06
3798,72.31365043396363,1,18.1247,True,True,1.430511474609375e-06
3799,72.33454161998816,1,20.824956,True,True,1.430511474609375e-06
3800,72.35262883995892,1,18.034799,True,True,1.430511474609375e-06
3801,72.3712641900056,1,18.579156,True,True,1.430511474609375e-06
3802,72.38933118595742,1,18.010711,True,True,1.430511474609375e-06
3803,72.40753978397697,1,18.158918,True,True,1.430511474609375e-06
3804,72.43557098595193,1,27.972312,True,True,1.430511474609375e-06
3805,72.45579226297559,1,20.116849,True,True,1.430511474609375e-06
3806,72.4745792199974,1,18.713053,True,True,1.430511474609375e-06
3807,72.4928747479571,1,18.232538,True,True,1.430511474609375e-06
3808,72.51100765599404,1,18.073452,True,True,1.430511474609375e-06
3809,72.5295353429974,1,18.474092,True,True,1.430511474609375e-06
3810,72.54759895900497,1,18.01479,True,True,1.430511474609375e-06
3811,72.56557780195726,1,17.932599,True,True,1.430511474609375e-06
3812,72.5842130209785,1,18.587024,True,True,1.430511474609375e-06
3813,72.60239199997159,1,18.130609,True,True,1.430511474609375e-06
3814,72.6204315740033,1,17.996062,True,True,1.430511474609375e-06
3815,72.63861844997155,1,18.130913,True,True,1.430511474609375e-06
3816,72.65668855397962,1,18.017934,True,True,1.430511474609375e-06
3817,72.67512365797302,1,18.381553,True,True,1.430511474609375e-06
3818,72.69368119200226,1,18.493904,True,True,1.430511474609375e-06
3819,72.7150394860073,1,21.289441,True,True,1.430511474609375e-06
3820,72.74213428300573,1,26.997763,True,True,1.430511474609375e-06
3821,72.76060097699519,1,18.378854,True,True,1.430511474609375e-06
3822,72.77902931597782,1,18.362032,True,True,1.430511474609375e-06
3823,72.79760568699567,1,18.520636,True,True,1.430511474609375e-06
3824,72.815968958952,1,18.278345,True,True,1.430511474609375e-06
3825,72.83408186695306,1,18.049824,True,True,1.430511474609375e-06
3826,72.85258171899477,1,18.443613,True,True,1.430511474609375e-06
3827,72.87064782099333,1,18.018149,True,True,1.430511474609375e-06
3828,72.8890407870058,1,18.343864,True,True,1.430511474609375e-06
3829,72.90747001196723,1,18.384111,True,True,1.430511474609375e-06
3830,72.92556250497,1,18.047333,True,True,1.430511474609375e-06
3831,72.94363830098882,1,18.032662,True,True,1.430511474609375e-06
3832,72.96174554800382,1,18.061148,True,True,1.430511474609375e-06
3833,72.9797665560036,1,17.977494,True,True,1.430511474609375e-06
3834,72.99801950296387,1,18.210712,True,True,1.430511474609375e-06
3835,73.0160460449988,1,17.982045,True,True,1.430511474609375e-06
3836,73.03460940899095,1,18.518894,True,True,1.430511474609375e-06
3837,73.05294901999878,1,18.295209,True,True,1.430511474609375e-06
3838,73.07095718296478,1,17.966569,True,True,1.430511474609375e-06
3839,73.08907934097806,1,18.074967,True,True,1.430511474609375e-06
3840,73.10743536800146,1,18.312488,True,True,1.430511474609375e-06
3841,73.12543444498442,1,17.956585,True,True,1.430511474609375e-06
3842,73.14355709496886,1,18.07903,True,True,1.430511474609375e-06
3843,73.16170559695456,1,18.106968,True,True,1.430511474609375e-06
3844,73.17991904297378,1,18.165776,True,True,1.430511474609375e-06
3845,73.19804568798281,1,18.079196,True,True,1.430511474609375e-06
3846,73.21624704595888,1,18.159275,True,True,1.430511474609375e-06
3847,73.23444854200352,1,18.156516,True,True,1.430511474609375e-06
3848,73.25255610095337,1,18.053774,True,True,1.430511474609375e-06
3849,73.27070226700744,1,18.097544,True,True,1.430511474609375e-06
3850,73.28914490697207,1,18.39572,True,True,1.430511474609375e-06
3851,73.30726424098248,1,18.073842,True,True,1.430511474609375e-06
3852,73.32542669295799,1,18.115395,True,True,1.430511474609375e-06
3853,73.34345678100362,1,17.982656,True,True,1.430511474609375e-06
3854,73.36165085196262,1,18.146053,True,True,1.430511474609375e-06
3855,73.38027347298339,1,18.576718,True,True,1.430511474609375e-06
3856,73.39854265196482,1,18.204811,True,True,1.430511474609375e-06
3857,73.42674475797685,1,28.136829,True,True,1.430511474609375e-06
3858,73.4471055319882,1,20.258502,True,True,1.430511474609375e-06
3859,73.46578260097886,1,18.588837,True,True,1.430511474609375e-06
3860,73.48418616096023,1,18.337193,True,True,1.430511474609375e-06
3861,73.50237672496587,1,18.130952,True,True,1.430511474609375e-06
3862,73.52047829597723,1,18.043455,True,True,1.430511474609375e-06
3863,73.53886051499285,1,18.329854,True,True,1.430511474609375e-06
3864,73.55687857995508,1,17.968929,True,True,1.430511474609375e-06
3865,73.57516967999982,1,18.245038,True,True,1.430511474609375e-06
3866,73.59337148099439,1,18.153579,True,True,1.430511474609375e-06
3867,73.6115555089782,1,18.128707,True,True,1.430511474609375e-06
3868,73.63001705898205,1,18.413779,True,True,1.430511474609375e-06
3869,73.64812757499749,1,18.065403,True,True,1.430511474609375e-06
3870,73.66641423996771,1,18.236782,True,True,1.430511474609375e-06
3871,73.68501534598181,1,18.549784,True,True,1.430511474609375e-06
3872,73.70310302596772,1,18.04022,True,True,1.430511474609375e-06
3873,73.7316247659619,1,28.463834,True,True,1.430511474609375e-06
3874,73.75288754096255,1,21.154535,True,True,1.430511474609375e-06
3875,73.77136528195115,1,18.397551,True,True,1.430511474609375e-06
3876,73.78984940395458,1,18.427233,True,True,1.430511474609375e-06
3877,73.80881767597748,1,18.889034,True,True,1.430511474609375e-06
3878,73.82736142899375,1,18.45106,True,True,1.430511474609375e-06
3879,73.84628803096712,1,18.851176,True,True,1.430511474609375e-06
3880,73.86501056398265,1,18.660871,True,True,1.430511474609375e-06
3881,73.88319964299444,1,18.139231,True,True,1.430511474609375e-06
3882,73.90138101595221,1,18.135502,True,True,1.430511474609375e-06
3883,73.91975665796781,1,18.3328,True,True,1.430511474609375e-06
3884,73.93811432697112,1,18.308457,True,True,1.430511474609375e-06
3885,73.956982906966,1,18.758743,True,True,1.430511474609375e-06
3886,73.97580900898902,1,18.74548,True,True,1.430511474609375e-06
3887,74.00099889998091,1,25.133692,True,True,1.430511474609375e-06
3888,74.02261169598205,1,21.525846,True,True,1.430511474609375e-06
3889,74.0407249929849,1,18.056524,True,True,1.430511474609375e-06
3890,74.05918822297826,1,18.411354,True,True,1.430511474609375e-06
3891,74.0776056519826,1,18.371225,True,True,1.430511474609375e-06
3892,74.0961947379983,1,18.542904,True,True,1.430511474609375e-06
3893,74.11441814195132,1,18.172133,True,True,1.430511474609375e-06
3894,74.13296829297906,1,18.502454,True,True,1.430511474609375e-06
3895,74.1510476259864,1,18.035543,True,True,1.430511474609375e-06
3896,74.16920324298553,1,18.114011,True,True,1.430511474609375e-06
3897,74.18781052198028,1,18.564866,True,True,1.430511474609375e-06
3898,74.20647612295579,1,18.618451,True,True,1.430511474609375e-06
3899,74.22482155397302,1,18.297703,True,True,1.430511474609375e-06
3900,74.24334527296014,1,18.477726,True,True,1.430511474609375e-06
3901,74.26144656899851,1,18.054797,True,True,1.430511474609375e-06
3902,74.27961942495313,1,18.12956,True,True,1.430511474609375e-06
3903,74.29841294995276,1,18.741751,True,True,1.430511474609375e-06
3904,74.31677501299419,1,18.301341,True,True,1.430511474609375e-06
3905,74.3351196940057,1,18.295718,True,True,1.430511474609375e-06
3906,74.35318978398573,1,18.017287,True,True,1.430511474609375e-06
3907,74.37149701395538,1,18.261082,True,True,1.430511474609375e-06
3908,74.39003492199117,1,18.482906,True,True,1.430511474609375e-06
3909,74.41072325198911,1,20.636354,True,True,1.430511474609375e-06
3910,74.43884352996247,1,28.029553,True,True,1.430511474609375e-06
3911,74.45742920698831,1,18.4847,True,True,1.430511474609375e-06
3912,74.47580594400642,1,18.309036,True,True,1.430511474609375e-06
3913,74.49468204000732,1,18.813345,True,True,1.430511474609375e-06
3914,74.51300537097268,1,18.269073,True,True,1.430511474609375e-06
3915,74.53109774697805,1,18.03269,True,True,1.430511474609375e-06
3916,74.54947399295634,1,18.328696,True,True,1.430511474609375e-06
3917,74.56750395597192,1,17.979645,True,True,1.430511474609375e-06
3918,74.58583837200422,1,18.288286,True,True,1.430511474609375e-06
3919,74.6047229419928,1,18.837789,True,True,1.430511474609375e-06
3920,74.62290080898674,1,18.12915,True,True,1.430511474609375e-06
3921,74.6411667559878,1,18.207948,True,True,1.430511474609375e-06
3922,74.65976531099295,1,18.554348,True,True,1.430511474609375e-06
3923,74.67785171000287,1,18.042828,True,True,1.430511474609375e-06
3924,74.69639619800728,1,18.497354,True,True,1.430511474609375e-06
3925,74.72609802498482,1,29.643617,True,True,1.430511474609375e-06
3926,74.74498764896998,1,18.78313,True,True,1.430511474609375e-06
3927,74.76353690499673,1,18.484718,True,True,1.430511474609375e-06
3928,74.78170171700185,1,18.111924,True,True,1.430511474609375e-06
3929,74.80041472899029,1,18.665833,True,True,1.430511474609375e-06
3930,74.81915673695039,1,18.663226,True,True,1.430511474609375e-06
3931,74.83722049498465,1,18.005154,True,True,1.430511474609375e-06
3932,74.8554320979747,1,18.154467,True,True,1.430511474609375e-06
3933,74.87351363699418,1,18.030701,True,True,1.430511474609375e-06
3934,74.89191000995925,1,18.347305,True,True,1.430511474609375e-06
3935,74.91055006399984,1,18.58786,True,True,1.430511474609375e-06
3936,74.92855911195511,1,17.954234,True,True,1.430511474609375e-06
3937,74.94665103196166,1,18.046466,True,True,1.430511474609375e-06
3938,74.96495062700706,1,18.257567,True,True,1.430511474609375e-06
3939,74.98302246897947,1,18.029765,True,True,1.430511474609375e-06
3940,75.00229943095474,1,19.23097,True,True,1.430511474609375e-06
3941,75.02040778798983,1,18.061777,True,True,1.430511474609375e-06
3942,75.038628469978,1,18.178865,True,True,1.430511474609375e-06
3943,75.0572185049532,1,18.542705,True,True,1.430511474609375e-06
3944,75.07524350198219,1,17.979047,True,True,1.430511474609375e-06
3945,75.093809768965,1,18.524738,True,True,1.430511474609375e-06
3946,75.11254903895315,1,18.695586,True,True,1.430511474609375e-06
3947,75.13069059397094,1,18.096459,True,True,1.430511474609375e-06
3948,75.14873144397279,1,17.994032,True,True,1.430511474609375e-06
3949,75.16701911698328,1,18.246723,True,True,1.430511474609375e-06
3950,75.18515261198627,1,18.091158,True,True,1.430511474609375e-06
3951,75.20385226595681,1,18.657482,True,True,1.430511474609375e-06
3952,75.222275712993,1,18.377427,True,True,1.430511474609375e-06
3953,75.24049839796498,1,18.176573,True,True,1.430511474609375e-06
3954,75.25860356696649,1,18.05891,True,True,1.430511474609375e-06
3955,75.28341302799527,1,24.747875,True,True,1.430511474609375e-06
3956,75.30168811895419,1,18.193353,True,True,1.430511474609375e-06
3957,75.32011019595666,1,18.363336,True,True,1.430511474609375e-06
3958,75.33861231798073,1,18.452107,True,True,1.430511474609375e-06
3959,75.35698528395733,1,18.324146,True,True,1.430511474609375e-06
3960,75.37568399199517,1,18.616492,True,True,1.430511474609375e-06
3961,75.39431000396144,1,18.554712,True,True,1.430511474609375e-06
3962,75.41596251295414,1,21.573448,True,True,1.430511474609375e-06
3963,75.44245660898741,1,26.378825,True,True,1.430511474609375e-06
3964,75.46115241496591,1,18.606055,True,True,1.430511474609375e-06
3965,75.47992816497572,1,18.709794,True,True,1.430511474609375e-06
3966,75.49821630300721,1,18.21244,True,True,1.430511474609375e-06
3967,75.51658046396915,1,18.305051,True,True,1.430511474609375e-06
3968,75.53466258000117,1,18.026313,True,True,1.430511474609375e-06
3969,75.55369893700117,1,18.985545,True,True,1.430511474609375e-06
3970,75.57254491798813,1,18.799444,True,True,1.430511474609375e-06
3971,75.59093129698886,1,18.331588,True,True,1.430511474609375e-06
3972,75.60949760198127,1,18.498584,True,True,1.430511474609375e-06
3973,75.62761338800192,1,18.066435,True,True,1.430511474609375e-06
3974,75.64579453098122,1,18.129323,True,True,1.430511474609375e-06
3975,75.66717169998446,1,21.315411,True,True,1.430511474609375e-06
3976,75.69376034097513,1,26.485478,True,True,1.430511474609375e-06
3977,75.7155104749836,1,21.677784,True,True,1.430511474609375e-06
3978,75.74291827197885,1,27.298758,True,True,1.430511474609375e-06
3979,75.76162546197884,1,18.627649,True,True,1.430511474609375e-06
3980,75.78050079196692,1,18.811305,True,True,1.430511474609375e-06
3981,75.79905034200056,1,18.486885,True,True,1.430511474609375e-06
3982,75.81720752298133,1,18.092993,True,True,1.430511474609375e-06
3983,75.8353740319726,1,18.112923,True,True,1.430511474609375e-06
3984,75.85353942797519,1,18.116665,True,True,1.430511474609375e-06
3985,75.8715958299581,1,18.010683,True,True,1.430511474609375e-06
3986,75.89085255295504,1,19.208836,True,True,1.430511474609375e-06
3987,75.90915856498759,1,18.240902,True,True,1.430511474609375e-06
3988,75.9272777820006,1,18.065795,True,True,1.430511474609375e-06
3989,75.94588860799558,1,18.564919,True,True,1.430511474609375e-06
3990,75.96394527395023,1,18.009198,True,True,1.430511474609375e-06
3991,75.98255664395401,1,18.564694,True,True,1.430511474609375e-06
3992,76.00137462298153,1,18.765782,True,True,1.430511474609375e-06
3993,76.0196547730011,1,18.202154,True,True,1.430511474609375e-06
3994,76.03785264398903,1,18.139919,True,True,1.430511474609375e-06
3995,76.05623175995424,1,18.329235,True,True,1.430511474609375e-06
3996,76.07433174399193,1,18.047305,True,True,1.430511474609375e-06
3997,76.09324840200134,1,18.869167,True,True,1.430511474609375e-06
3998,76.1114485389553,1,18.141831,True,True,1.430511474609375e-06
3999,76.12953519000439,1,18.035637,True,True,1.430511474609375e-06
4000,76.14796113100601,1,18.381337,True,True,1.430511474609375e-06
4001,76.16629298200132,1,18.284829,True,True,1.430511474609375e-06
4002,76.1849582119612,1,18.619456,True,True,1.430511474609375e-06
4003,76.20306496199919,1,18.052207,True,True,1.430511474609375e-06
4004,76.22117533296114,1,18.064007,True,True,1.430511474609375e-06
4005,76.2392010249896,1,17.980257,True,True,1.430511474609375e-06
4006,76.25767534296028,1,18.428414,True,True,1.430511474609375e-06
4007,76.27640396996867,1,18.677928,True,True,1.430511474609375e-06
4008,76.2945286539616,1,18.068376,True,True,1.430511474609375e-06
4009,76.31289757898776,1,18.313182,True,True,1.430511474609375e-06
4010,76.33381887397263,1,20.858224,True,True,1.430511474609375e-06
4011,76.36005900899181,1,26.15899,True,True,1.430511474609375e-06
4012,76.37859269796172,1,18.458406,True,True,1.430511474609375e-06
4013,76.39704541297397,1,18.393121,True,True,1.430511474609375e-06
4014,76.42757670895662,1,30.469717,True,True,1.430511474609375e-06
4015,76.44678675796604,1,19.096751,True,True,1.430511474609375e-06
4016,76.46564720600145,1,18.773538,True,True,1.430511474609375e-06
4017,76.48424956895178,1,18.488347,True,True,1.430511474609375e-06
4018,76.50285856798291,1,18.529395,True,True,1.430511474609375e-06
4019,76.52099800197175,1,18.08083,True,True,1.430511474609375e-06
4020,76.53906387195457,1,18.009806,True,True,1.430511474609375e-06
4021,76.55809900799068,1,18.986144,True,True,1.430511474609375e-06
4022,76.57647594198352,1,18.317868,True,True,1.430511474609375e-06
4023,76.59501739300322,1,18.44525,True,True,1.430511474609375e-06
4024,76.61357515997952,1,18.449541,True,True,1.430511474609375e-06
4025,76.63173962396104,1,18.092201,True,True,1.430511474609375e-06
4026,76.65089538495522,1,19.104973,True,True,1.430511474609375e-06
4027,76.66904940095264,1,18.092465,True,True,1.430511474609375e-06
4028,76.68718239699956,1,18.079678,True,True,1.430511474609375e-06
4029,76.70562689600047,1,18.393528,True,True,1.430511474609375e-06
4030,76.72374930797378,1,18.070162,True,True,1.430511474609375e-06
4031,76.75346611900022,1,29.642214,True,True,1.430511474609375e-06
4032,76.77189370797714,1,18.318696,True,True,1.430511474609375e-06
4033,76.79024222696899,1,18.277451,True,True,1.430511474609375e-06
4034,76.80901200696826,1,18.690735,True,True,1.430511474609375e-06
4035,76.82715380098671,1,18.074109,True,True,1.430511474609375e-06
4036,76.84574539697496,1,18.542147,True,True,1.430511474609375e-06
4037,76.86430029198527,1,18.503088,True,True,1.430511474609375e-06
4038,76.88245164195541,1,18.097324,True,True,1.430511474609375e-06
4039,76.90060293796705,1,18.104679,True,True,1.430511474609375e-06
4040,76.918612879992,1,17.967592,True,True,1.430511474609375e-06
4041,76.93663755897433,1,17.981499,True,True,1.430511474609375e-06
4042,76.95510384300724,1,18.423435,True,True,1.430511474609375e-06
4043,76.97324082697742,1,18.091965,True,True,1.430511474609375e-06
4044,76.99834908999037,1,25.059902,True,True,1.430511474609375e-06
4045,77.02020228898618,1,21.760822,True,True,1.430511474609375e-06
4046,77.03872819396202,1,18.461079,True,True,1.430511474609375e-06
4047,77.05723354098154,1,18.45225,True,True,1.430511474609375e-06
4048,77.07559851795668,1,18.314589,True,True,1.430511474609375e-06
4049,77.09380852995673,1,18.166396,True,True,1.430511474609375e-06
4050,77.11208075197646,1,18.227003,True,True,1.430511474609375e-06
4051,77.13037293899106,1,18.248731,True,True,1.430511474609375e-06
4052,77.14845460699871,1,18.033559,True,True,1.430511474609375e-06
4053,77.16697532497346,1,18.478567,True,True,1.430511474609375e-06
4054,77.18501275900053,1,17.992985,True,True,1.430511474609375e-06
4055,77.20324238197645,1,18.189625,True,True,1.430511474609375e-06
4056,77.22125772299478,1,17.972749,True,True,1.430511474609375e-06
4057,77.23940603696974,1,18.10704,True,True,1.430511474609375e-06
4058,77.25762734998716,1,18.172239,True,True,1.430511474609375e-06
4059,77.27573008596664,1,18.06032,True,True,1.430511474609375e-06
4060,77.29449961299542,1,18.722684,True,True,1.430511474609375e-06
4061,77.31275667698355,1,18.202221,True,True,1.430511474609375e-06
4062,77.33092063799268,1,18.116103,True,True,1.430511474609375e-06
4063,77.34946494799806,1,18.499229,True,True,1.430511474609375e-06
4064,77.36758886399912,1,18.075921,True,True,1.430511474609375e-06
4065,77.38585502997739,1,18.213643,True,True,1.430511474609375e-06
4066,77.40437370695872,1,18.467995,True,True,1.430511474609375e-06
4067,77.43395560700446,1,29.529237,True,True,1.430511474609375e-06
4068,77.4527917529922,1,18.730614,True,True,1.430511474609375e-06
4069,77.47124269598862,1,18.38031,True,True,1.430511474609375e-06
4070,77.48959329398349,1,18.290078,True,True,1.430511474609375e-06
4071,77.50777479197131,1,18.10055,True,True,1.430511474609375e-06
4072,77.52640649396926,1,18.577119,True,True,1.430511474609375e-06
4073,77.54498311295174,1,18.524934,True,True,1.430511474609375e-06
4074,77.56308435095707,1,18.050694,True,True,1.430511474609375e-06
4075,77.58126850798726,1,18.137473,True,True,1.430511474609375e-06
4076,77.59962002298562,1,18.306457,True,True,1.430511474609375e-06
4077,77.61773797799833,1,18.071115,True,True,1.430511474609375e-06
4078,77.63580741797341,1,18.018254,True,True,1.430511474609375e-06
4079,77.65435862296727,1,18.505622,True,True,1.430511474609375e-06
4080,77.67264538898598,1,18.239656,True,True,1.430511474609375e-06
4081,77.69071392196929,1,18.013996,True,True,1.430511474609375e-06
4082,77.70897379697999,1,18.214369,True,True,1.430511474609375e-06
4083,77.7297004989814,1,20.678566,True,True,1.430511474609375e-06
4084,77.75516964599956,1,25.344049,True,True,1.430511474609375e-06
4085,77.77524362696568,1,19.982283,True,True,1.430511474609375e-06
4086,77.79353064997122,1,18.218923,True,True,1.430511474609375e-06
4087,77.81206442200346,1,18.46314,True,True,1.430511474609375e-06
4088,77.83295437198831,1,20.835221,True,True,1.430511474609375e-06
4089,77.85575352300657,1,22.714702,True,True,1.430511474609375e-06
4090,77.87722532195039,1,21.404823,True,True,1.430511474609375e-06
4091,77.89552541996818,1,18.243426,True,True,1.430511474609375e-06
4092,77.91409411700442,1,18.520274,True,True,1.430511474609375e-06
4093,77.93221330299275,1,18.070464,True,True,1.430511474609375e-06
4094,77.95034323295113,1,18.08327,True,True,1.430511474609375e-06
4095,77.96882900898345,1,18.439661,True,True,1.430511474609375e-06
4096,77.98693304997869,1,18.058955,True,True,1.430511474609375e-06
4097,78.00527396297548,1,18.296769,True,True,1.430511474609375e-06
4098,78.02340203296626,1,18.079608,True,True,1.430511474609375e-06
4099,78.04149487998802,1,18.051788,True,True,1.430511474609375e-06
4100,78.06000152195338,1,18.463832,True,True,1.430511474609375e-06
4101,78.07811409700662,1,18.063908,True,True,1.430511474609375e-06
4102,78.09625842800597,1,18.099841,True,True,1.430511474609375e-06
4103,78.11446195095778,1,18.156834,True,True,1.430511474609375e-06
4104,78.13253765797708,1,18.033223,True,True,1.430511474609375e-06
4105,78.15096752200043,1,18.385093,True,True,1.430511474609375e-06
4106,78.16914390196325,1,18.133549,True,True,1.430511474609375e-06
4107,78.18733410700224,1,18.140204,True,True,1.430511474609375e-06
4108,78.20579610997811,1,18.415779,True,True,1.430511474609375e-06
4109,78.22387833695393,1,18.038217,True,True,1.430511474609375e-06
4110,78.24201908899704,1,18.095127,True,True,1.430511474609375e-06
4111,78.26058768696385,1,18.51443,True,True,1.430511474609375e-06
4112,78.27874303999124,1,18.103255,True,True,1.430511474609375e-06
4113,78.29684828198515,1,18.056249,True,True,1.430511474609375e-06
4114,78.31543702998897,1,18.538268,True,True,1.430511474609375e-06
4115,78.33358930097893,1,18.108845,True,True,1.430511474609375e-06
4116,78.35159599396866,1,17.960519,True,True,1.430511474609375e-06
4117,78.36985133896815,1,18.211689,True,True,1.430511474609375e-06
4118,78.38801264000358,1,18.103654,True,True,1.430511474609375e-06
4119,78.40678761299932,1,18.718068,True,True,1.430511474609375e-06
4120,78.43607111799065,1,29.227727,True,True,1.430511474609375e-06
4121,78.45489053498022,1,18.705693,True,True,1.430511474609375e-06
4122,78.47332877398003,1,18.372395,True,True,1.430511474609375e-06
4123,78.49167311697965,1,18.284652,True,True,1.430511474609375e-06
4124,78.50996787997428,1,18.23523,True,True,1.430511474609375e-06
4125,78.52847622096306,1,18.459448,True,True,1.430511474609375e-06
4126,78.54655343398917,1,18.025736,True,True,1.430511474609375e-06
4127,78.56463436997728,1,18.038204,True,True,1.430511474609375e-06
4128,78.58316044899402,1,18.474452,True,True,1.430511474609375e-06
4129,78.60121260798769,1,18.005308,True,True,1.430511474609375e-06
4130,78.61936880397843,1,18.110254,True,True,1.430511474609375e-06
4131,78.63783323200187,1,18.417768,True,True,1.430511474609375e-06
4132,78.65599707898218,1,18.115299,True,True,1.430511474609375e-06
4133,78.68087530595949,1,24.827676,True,True,1.430511474609375e-06
4134,78.70260789996246,1,21.636066,True,True,1.430511474609375e-06
4135,78.72079480695538,1,18.123383,True,True,1.430511474609375e-06
4136,78.73910500499187,1,18.253703,True,True,1.430511474609375e-06
4137,78.7671773089678,1,28.020208,True,True,1.430511474609375e-06
4138,78.78726130299037,1,19.969111,True,True,1.430511474609375e-06
4139,78.81230755097931,1,24.962655,True,True,1.430511474609375e-06
4140,78.83077172195772,1,18.367063,True,True,1.430511474609375e-06
4141,78.84924032795243,1,18.395559,True,True,1.430511474609375e-06
4142,78.86784801597241,1,18.552624,True,True,1.430511474609375e-06
4143,78.88603171700379,1,18.136927,True,True,1.430511474609375e-06
4144,78.90474907297175,1,18.649965,True,True,1.430511474609375e-06
4145,78.92313620896311,1,18.308052,True,True,1.430511474609375e-06
4146,78.94131131400354,1,18.113496,True,True,1.430511474609375e-06
4147,78.95942218700657,1,18.062463,True,True,1.430511474609375e-06
4148,78.97790938196704,1,18.439976,True,True,1.430511474609375e-06
4149,78.99602199997753,1,18.062517,True,True,1.430511474609375e-06
4150,79.01414452999597,1,18.074693,True,True,1.430511474609375e-06
4151,79.03279553796165,1,18.604385,True,True,1.430511474609375e-06
4152,79.05078340298496,1,17.940488,True,True,1.430511474609375e-06
4153,79.06889267498627,1,18.06307,True,True,1.430511474609375e-06
4154,79.08734202996129,1,18.400466,True,True,1.430511474609375e-06
4155,79.10536267899442,1,17.969941,True,True,1.430511474609375e-06
4156,79.12360598496161,1,18.199141,True,True,1.430511474609375e-06
4157,79.14167806995101,1,18.031883,True,True,1.430511474609375e-06
4158,79.15977640298661,1,18.056992,True,True,1.430511474609375e-06
4159,79.17820300895255,1,18.384175,True,True,1.430511474609375e-06
4160,79.19630515598692,1,18.05847,True,True,1.430511474609375e-06
4161,79.21456670499174,1,18.220181,True,True,1.430511474609375e-06
4162,79.23258319898741,1,17.975235,True,True,1.430511474609375e-06
4163,79.25080408499343,1,18.17741,True,True,1.430511474609375e-06
4164,79.26907295495039,1,18.219939,True,True,1.430511474609375e-06
4165,79.28717557596974,1,18.03991,True,True,1.430511474609375e-06
4166,79.30584204097977,1,18.614164,True,True,1.430511474609375e-06
4167,79.32392876996892,1,18.038669,True,True,1.430511474609375e-06
4168,79.34217921295203,1,18.203751,True,True,1.430511474609375e-06
4169,79.36069341300754,1,18.465187,True,True,1.430511474609375e-06
4170,79.37913100095466,1,18.392059,True,True,1.430511474609375e-06
4171,79.3973773389589,1,18.193637,True,True,1.430511474609375e-06
4172,79.4269184889854,1,29.486334,True,True,1.430511474609375e-06
4173,79.44570649799425,1,18.679918,True,True,1.430511474609375e-06
4174,79.46409520797897,1,18.322701,True,True,1.430511474609375e-06
4175,79.48244487895863,1,18.295876,True,True,1.430511474609375e-06
4176,79.50097282399656,1,18.474248,True,True,1.430511474609375e-06
4177,79.51898369099945,1,17.958056,True,True,1.430511474609375e-06
4178,79.53722096799174,1,18.191514,True,True,1.430511474609375e-06
4179,79.55526440497488,1,17.996086,True,True,1.430511474609375e-06
4180,79.57334551296663,1,18.034185,True,True,1.430511474609375e-06
4181,79.59151113295229,1,18.122458,True,True,1.430511474609375e-06
4182,79.60951566195581,1,17.962733,True,True,1.430511474609375e-06
4183,79.62794921995373,1,18.389813,True,True,1.430511474609375e-06
4184,79.64626386697637,1,18.265795,True,True,1.430511474609375e-06
4185,79.66443534597056,1,18.127527,True,True,1.430511474609375e-06
4186,79.68253176799044,1,18.047421,True,True,1.430511474609375e-06
4187,79.70091121998848,1,18.331964,True,True,1.430511474609375e-06
4188,79.7189890659647,1,18.033858,True,True,1.430511474609375e-06
4189,79.73746848799055,1,18.431953,True,True,1.430511474609375e-06
4190,79.76533293694956,1,27.812339,True,True,1.430511474609375e-06
4191,79.78621141496114,1,20.766334,True,True,1.430511474609375e-06
4192,79.80490812298376,1,18.622745,True,True,1.430511474609375e-06
4193,79.82327239896404,1,18.28308,True,True,1.430511474609375e-06
4194,79.84155412798282,1,18.221073,True,True,1.430511474609375e-06
4195,79.86022409499856,1,18.619987,True,True,1.430511474609375e-06
4196,79.87821207399247,1,17.934548,True,True,1.430511474609375e-06
4197,79.89625438296935,1,17.994637,True,True,1.430511474609375e-06
4198,79.91469691100065,1,18.396067,True,True,1.430511474609375e-06
4199,79.93268591997912,1,17.939051,True,True,1.430511474609375e-06
4200,79.95073774800403,1,18.009302,True,True,1.430511474609375e-06
4201,79.96925242897123,1,18.471565,True,True,1.430511474609375e-06
4202,79.98767280200263,1,18.376034,True,True,1.430511474609375e-06
4203,80.00612814200576,1,18.411701,True,True,1.430511474609375e-06
4204,80.02426689799177,1,18.092665,True,True,1.430511474609375e-06
4205,80.04286234395113,1,18.553048,True,True,1.430511474609375e-06
4206,80.06090047495672,1,17.996911,True,True,1.430511474609375e-06
4207,80.07892158598406,1,17.976739,True,True,1.430511474609375e-06
4208,80.09730416798266,1,18.341404,True,True,1.430511474609375e-06
4209,80.11536737100687,1,18.022893,True,True,1.430511474609375e-06
4210,80.13356525596464,1,18.152473,True,True,1.430511474609375e-06
4211,80.15163905196823,1,18.027702,True,True,1.430511474609375e-06
4212,80.16971295600524,1,18.030689,True,True,1.430511474609375e-06
4213,80.18833771999925,1,18.579162,True,True,1.430511474609375e-06
4214,80.20659858197905,1,18.217897,True,True,1.430511474609375e-06
4215,80.22492711798986,1,18.283627,True,True,1.430511474609375e-06
4216,80.24322826095158,1,18.256918,True,True,1.430511474609375e-06
4217,80.261358868971,1,18.078146,True,True,1.430511474609375e-06
4218,80.27952425397234,1,18.116359,True,True,1.430511474609375e-06
4219,80.29764495400013,1,18.074396,True,True,1.430511474609375e-06
4220,80.31582176499069,1,18.126917,True,True,1.430511474609375e-06
4221,80.3338708159863,1,18.005871,True,True,1.430511474609375e-06
4222,80.35212638799567,1,18.20279,True,True,1.430511474609375e-06
4223,80.37059458700242,1,18.413556,True,True,1.430511474609375e-06
4224,80.38858653395437,1,17.941156,True,True,1.430511474609375e-06
4225,80.406732989999,1,18.092481,True,True,1.430511474609375e-06
4226,80.43551595398458,1,28.725965,True,True,1.430511474609375e-06
4227,80.45555112295551,1,19.925404,True,True,1.430511474609375e-06
4228,80.47394058498321,1,18.314101,True,True,1.430511474609375e-06
4229,80.49215242196806,1,18.144705,True,True,1.430511474609375e-06
4230,80.51026551000541,1,18.058167,True,True,1.430511474609375e-06
4231,80.52863789600087,1,18.323331,True,True,1.430511474609375e-06
4232,80.54670126998099,1,18.014484,True,True,1.430511474609375e-06
4233,80.56487310299417,1,18.129757,True,True,1.430511474609375e-06
4234,80.58290751400637,1,17.986467,True,True,1.430511474609375e-06
4235,80.60902305500349,1,26.057302,True,True,1.430511474609375e-06
4236,80.6304764119559,1,21.358674,True,True,1.430511474609375e-06
4237,80.64904746896354,1,18.49867,True,True,1.430511474609375e-06
4238,80.66772848798428,1,18.625838,True,True,1.430511474609375e-06
4239,80.68583202996524,1,18.05147,True,True,1.430511474609375e-06
4240,80.70406117697712,1,18.176323,True,True,1.430511474609375e-06
4241,80.72209636098705,1,17.98735,True,True,1.430511474609375e-06
4242,80.74047553999117,1,18.332417,True,True,1.430511474609375e-06
4243,80.77049949398497,1,29.956221,True,True,1.430511474609375e-06
4244,80.78913809597725,1,18.531005,True,True,1.430511474609375e-06
4245,80.80793257395271,1,18.71978,True,True,1.430511474609375e-06
4246,80.82605167699512,1,18.053088,True,True,1.430511474609375e-06
4247,80.84414758899948,1,18.044061,True,True,1.430511474609375e-06
4248,80.86233325197827,1,18.134224,True,True,1.430511474609375e-06
4249,80.88044713099953,1,18.069774,True,True,1.430511474609375e-06
4250,80.89899806497851,1,18.500444,True,True,1.430511474609375e-06
4251,80.91701356798876,1,17.966872,True,True,1.430511474609375e-06
4252,80.93517225998221,1,18.109316,True,True,1.430511474609375e-06
4253,80.95359113899758,1,18.37637,True,True,1.430511474609375e-06
4254,80.97170605597785,1,18.06842,True,True,1.430511474609375e-06
4255,80.98988111299695,1,18.131656,True,True,1.430511474609375e-06
4256,81.00793228700059,1,18.006499,True,True,1.430511474609375e-06
4257,81.02599226200255,1,18.012551,True,True,1.430511474609375e-06
4258,81.04427675000625,1,18.243034,True,True,1.430511474609375e-06
4259,81.06259273499018,1,18.2737,True,True,1.430511474609375e-06
4260,81.08057861099951,1,17.93747,True,True,1.430511474609375e-06
4261,81.09897272399394,1,18.349599,True,True,1.430511474609375e-06
4262,81.11712091299705,1,18.106003,True,True,1.430511474609375e-06
4263,81.1351549399551,1,17.98661,True,True,1.430511474609375e-06
4264,81.15364472795045,1,18.442001,True,True,1.430511474609375e-06
4265,81.17172856995603,1,18.041771,True,True,1.430511474609375e-06
4266,81.18990123999538,1,18.123629,True,True,1.430511474609375e-06
4267,81.20799268299015,1,18.048567,True,True,1.430511474609375e-06
4268,81.22624582896242,1,18.208399,True,True,1.430511474609375e-06
4269,81.24487483600387,1,18.583376,True,True,1.430511474609375e-06
4270,81.26292129297508,1,17.996362,True,True,1.430511474609375e-06
4271,81.28112262499053,1,18.157558,True,True,1.430511474609375e-06
4272,81.29957979300525,1,18.407721,True,True,1.430511474609375e-06
4273,81.31765461497707,1,18.023693,True,True,1.430511474609375e-06
4274,81.33584698697086,1,18.149785,True,True,1.430511474609375e-06
4275,81.35435026296182,1,18.456688,True,True,1.430511474609375e-06
4276,81.3725645999657,1,18.164228,True,True,1.430511474609375e-06
4277,81.39085458999034,1,18.239227,True,True,1.430511474609375e-06
4278,81.4115605870029,1,20.649059,True,True,1.430511474609375e-06
4279,81.4379174989881,1,26.243293,True,True,1.430511474609375e-06
4280,81.45835751999402,1,20.33969,True,True,1.430511474609375e-06
4281,81.47709982196102,1,18.637842,True,True,1.430511474609375e-06
4282,81.49585241195746,1,18.678097,True,True,1.430511474609375e-06
4283,81.51397234096657,1,18.065046,True,True,1.430511474609375e-06
4284,81.5320616979734,1,18.039464,True,True,1.430511474609375e-06
4285,81.55019823997281,1,18.077959,True,True,1.430511474609375e-06
4286,81.56857277796371,1,18.325581,True,True,1.430511474609375e-06
4287,81.58733245095937,1,18.682025,True,True,1.430511474609375e-06
4288,81.60569014097564,1,18.257906,True,True,1.430511474609375e-06
4289,81.62380087195197,1,18.044825,True,True,1.430511474609375e-06
4290,81.64235276594991,1,18.501881,True,True,1.430511474609375e-06
4291,81.66072041698499,1,18.3109,True,True,1.430511474609375e-06
4292,81.6787659599795,1,17.992862,True,True,1.430511474609375e-06
4293,81.69703560898779,1,18.221997,True,True,1.430511474609375e-06
4294,81.71509553695796,1,18.009321,True,True,1.430511474609375e-06
4295,81.7336413669982,1,18.499739,True,True,1.430511474609375e-06
4296,81.7580557729816,1,24.364596,True,True,1.430511474609375e-06
4297,81.7812886259635,1,23.126447,True,True,1.430511474609375e-06
4298,81.7998510429752,1,18.489789,True,True,1.430511474609375e-06
4299,81.81825715798186,1,18.331199,True,True,1.430511474609375e-06
4300,81.83656842197524,1,18.257976,True,True,1.430511474609375e-06
4301,81.8548976739985,1,18.276592,True,True,1.430511474609375e-06
4302,81.87299226899631,1,18.044055,True,True,1.430511474609375e-06
4303,81.89122137095546,1,18.176532,True,True,1.430511474609375e-06
4304,81.90936659497675,1,18.099522,True,True,1.430511474609375e-06
4305,81.92779610794969,1,18.379017,True,True,1.430511474609375e-06
4306,81.94631440099329,1,18.474131,True,True,1.430511474609375e-06
4307,81.96437760896515,1,18.020231,True,True,1.430511474609375e-06
4308,81.98265079699922,1,18.224261,True,True,1.430511474609375e-06
4309,82.00106155697722,1,18.359204,True,True,1.430511474609375e-06
4310,82.01918151596328,1,18.077586,True,True,1.430511474609375e-06
4311,82.03724750800757,1,18.02184,True,True,1.430511474609375e-06
4312,82.05530653597089,1,18.016305,True,True,1.430511474609375e-06
4313,82.07340858498355,1,18.057097,True,True,1.430511474609375e-06
4314,82.09181866596919,1,18.366844,True,True,1.430511474609375e-06
4315,82.109901942953,1,18.039492,True,True,1.430511474609375e-06
4316,82.12799570395146,1,18.05158,True,True,1.430511474609375e-06
4317,82.14660824899329,1,18.565783,True,True,1.430511474609375e-06
4318,82.16470444400329,1,18.051268,True,True,1.430511474609375e-06
4319,82.18287506495835,1,18.121467,True,True,1.430511474609375e-06
4320,82.20096269797068,1,18.043875,True,True,1.430511474609375e-06
4321,82.2189811389544,1,17.974316,True,True,1.430511474609375e-06
4322,82.23753702396061,1,18.50883,True,True,1.430511474609375e-06
4323,82.25600746000418,1,18.417897,True,True,1.430511474609375e-06
4324,82.28127629496157,1,25.222638,True,True,1.430511474609375e-06
4325,82.302971764002,1,21.590452,True,True,1.430511474609375e-06
4326,82.32138247700641,1,18.34259,True,True,1.430511474609375e-06
4327,82.33976357296342,1,18.3285,True,True,1.430511474609375e-06
4328,82.3579310500063,1,18.115683,True,True,1.430511474609375e-06
4329,82.37623930396512,1,18.258662,True,True,1.430511474609375e-06
4330,82.39447651797673,1,18.182626,True,True,1.430511474609375e-06
4331,82.41603804798797,1,21.50366,True,True,1.430511474609375e-06
4332,82.44271175499307,1,26.565372,True,True,1.430511474609375e-06
4333,82.46119323000312,1,18.394321,True,True,1.430511474609375e-06
4334,82.47965388797456,1,18.394943,True,True,1.430511474609375e-06
4335,82.49837819195818,1,18.667918,True,True,1.430511474609375e-06
4336,82.5165413049981,1,18.107733,True,True,1.430511474609375e-06
4337,82.53475437796442,1,18.160721,True,True,1.430511474609375e-06
4338,82.55315259599593,1,18.343902,True,True,1.430511474609375e-06
4339,82.57115422899369,1,17.955952,True,True,1.430511474609375e-06
4340,82.58917392400326,1,17.972692,True,True,1.430511474609375e-06
4341,82.60757843597094,1,18.358986,True,True,1.430511474609375e-06
4342,82.62573723995592,1,18.112355,True,True,1.430511474609375e-06
4343,82.64387926599011,1,18.095664,True,True,1.430511474609375e-06
4344,82.66224870196311,1,18.324053,True,True,1.430511474609375e-06
4345,82.68065166700399,1,18.350826,True,True,1.430511474609375e-06
4346,82.6988829249749,1,18.18474,True,True,1.430511474609375e-06
4347,82.71693934197538,1,18.009491,True,True,1.430511474609375e-06
4348,82.73549007496331,1,18.505323,True,True,1.430511474609375e-06
4349,82.75369081797544,1,18.153157,True,True,1.430511474609375e-06
4350,82.78217506100191,1,28.423315,True,True,1.430511474609375e-06
4351,82.80278192600235,1,20.498486,True,True,1.430511474609375e-06
4352,82.82138516195118,1,18.502627,True,True,1.430511474609375e-06
4353,82.83974484895589,1,18.299729,True,True,1.430511474609375e-06
4354,82.85811165295308,1,18.316889,True,True,1.430511474609375e-06
4355,82.87616966699716,1,18.006443,True,True,1.430511474609375e-06
4356,82.8941276599653,1,17.905242,True,True,1.430511474609375e-06
4357,82.91281249100575,1,18.637244,True,True,1.430511474609375e-06
4358,82.93345783598488,1,20.599114,True,True,1.430511474609375e-06
4359,82.95621550298529,1,22.689829,True,True,1.430511474609375e-06
4360,82.97766892297659,1,21.394752,True,True,1.430511474609375e-06
4361,82.99593500199262,1,18.212008,True,True,1.430511474609375e-06
4362,83.01468474196736,1,18.702487,True,True,1.430511474609375e-06
4363,83.03277413797332,1,18.03996,True,True,1.430511474609375e-06
4364,83.05082791199675,1,18.008681,True,True,1.430511474609375e-06
4365,83.06941779894987,1,18.540953,True,True,1.430511474609375e-06
4366,83.08751168096205,1,18.047258,True,True,1.430511474609375e-06
4367,83.10568197799148,1,18.125056,True,True,1.430511474609375e-06
4368,83.12403138296213,1,18.308133,True,True,1.430511474609375e-06
4369,83.14222927100491,1,18.153851,True,True,1.430511474609375e-06
4370,83.16038315295009,1,18.109836,True,True,1.430511474609375e-06
4371,83.17879609699594,1,18.36573,True,True,1.430511474609375e-06
4372,83.19701163796708,1,18.16371,True,True,1.430511474609375e-06
4373,83.21508215100039,1,18.027592,True,True,1.430511474609375e-06
4374,83.23371303698514,1,18.585544,True,True,1.430511474609375e-06
4375,83.25192652497208,1,18.153517,True,True,1.430511474609375e-06
4376,83.2702593569993,1,18.283576,True,True,1.430511474609375e-06
4377,83.28908006800339,1,18.765058,True,True,1.430511474609375e-06
4378,83.30720375600504,1,18.079061,True,True,1.430511474609375e-06
4379,83.32541716296691,1,18.165692,True,True,1.430511474609375e-06
4380,83.3440284729586,1,18.567312,True,True,1.430511474609375e-06
4381,83.36226104397792,1,18.186134,True,True,1.430511474609375e-06
4382,83.38058728096075,1,18.274439,True,True,1.430511474609375e-06
4383,83.39874745899579,1,18.10819,True,True,1.430511474609375e-06
4384,83.42732721200446,1,28.517483,True,True,1.430511474609375e-06
4385,83.44737786398036,1,19.938859,True,True,1.430511474609375e-06
4386,83.46585019200575,1,18.39986,True,True,1.430511474609375e-06
4387,83.48439482599497,1,18.486733,True,True,1.430511474609375e-06
4388,83.50248581398046,1,18.038066,True,True,1.430511474609375e-06
4389,83.52081304998137,1,18.273961,True,True,1.430511474609375e-06
4390,83.5390032659634,1,18.143436,True,True,1.430511474609375e-06
4391,83.55702332395595,1,17.975606,True,True,1.430511474609375e-06
4392,83.57547404698562,1,18.40371,True,True,1.430511474609375e-06
4393,83.60036215098808,1,24.840343,True,True,1.430511474609375e-06
4394,83.62219220999395,1,21.74791,True,True,1.430511474609375e-06
4395,83.64060834300471,1,18.354672,True,True,1.430511474609375e-06
4396,83.65896167600295,1,18.301508,True,True,1.430511474609375e-06
4397,83.67746551800519,1,18.456852,True,True,1.430511474609375e-06
4398,83.69558372499887,1,18.06866,True,True,1.430511474609375e-06
4399,83.71374857600313,1,18.116565,True,True,1.430511474609375e-06
4400,83.73221141297836,1,18.41482,True,True,1.430511474609375e-06
4401,83.75083825096954,1,18.575001,True,True,1.430511474609375e-06
4402,83.78062202298315,1,29.694232,True,True,1.430511474609375e-06
4403,83.79951669700677,1,18.783232,True,True,1.430511474609375e-06
4404,83.81782974599628,1,18.227436,True,True,1.430511474609375e-06
4405,83.83592835598392,1,18.032933,True,True,1.430511474609375e-06
4406,83.85474064695882,1,18.758012,True,True,1.430511474609375e-06
4407,83.87330320797628,1,18.513576,True,True,1.430511474609375e-06
4408,83.89177926396951,1,18.366057,True,True,1.430511474609375e-06
4409,83.91039602895034,1,18.547098,True,True,1.430511474609375e-06
4410,83.92844784498448,1,17.994954,True,True,1.430511474609375e-06
4411,83.94665294600418,1,18.156846,True,True,1.430511474609375e-06
4412,83.96524748398224,1,18.548604,True,True,1.430511474609375e-06
4413,83.98332696495345,1,18.026346,True,True,1.430511474609375e-06
4414,84.001436601975,1,18.059586,True,True,1.430511474609375e-06
4415,84.01995098596672,1,18.469283,True,True,1.430511474609375e-06
4416,84.03824199200608,1,18.244166,True,True,1.430511474609375e-06
4417,84.05626692500664,1,17.979234,True,True,1.430511474609375e-06
4418,84.07432260300266,1,18.007619,True,True,1.430511474609375e-06
4419,84.09302066499367,1,18.654803,True,True,1.430511474609375e-06
4420,84.11109537997982,1,18.028565,True,True,1.430511474609375e-06
4421,84.12933159596287,1,18.194476,True,True,1.430511474609375e-06
4422,84.14737157296622,1,17.995321,True,True,1.430511474609375e-06
4423,84.16541765496368,1,17.999609,True,True,1.430511474609375e-06
4424,84.18377396499272,1,18.314804,True,True,1.430511474609375e-06
4425,84.20181215496268,1,17.997024,True,True,1.430511474609375e-06
4426,84.21992453397252,1,18.064925,True,True,1.430511474609375e-06
4427,84.23842237395002,1,18.451301,True,True,1.430511474609375e-06
4428,84.25654981395928,1,18.076225,True,True,1.430511474609375e-06
4429,84.27464719198178,1,18.042988,True,True,1.430511474609375e-06
4430,84.29313871997874,1,18.437316,True,True,1.430511474609375e-06
4431,84.31124975596322,1,18.062105,True,True,1.430511474609375e-06
4432,84.3294604459661,1,18.167092,True,True,1.430511474609375e-06
4433,84.34780139895156,1,18.279061,True,True,1.430511474609375e-06
4434,84.36587787495228,1,18.020035,True,True,1.430511474609375e-06
4435,84.3840873480076,1,18.153203,True,True,1.430511474609375e-06
4436,84.40219862799859,1,18.048627,True,True,1.430511474609375e-06
4437,84.43372938898392,1,31.473983,True,True,1.430511474609375e-06
4438,84.46094150497811,1,27.076342,True,True,1.430511474609375e-06
4439,84.47970385698136,1,18.68005,True,True,1.430511474609375e-06
4440,84.4980066139833,1,18.231893,True,True,1.430511474609375e-06
4441,84.51639547199011,1,18.325075,True,True,1.430511474609375e-06
4442,84.53481706196908,1,18.364294,True,True,1.430511474609375e-06
4443,84.55309169995598,1,18.217804,True,True,1.430511474609375e-06
4444,84.57119431596948,1,18.054862,True,True,1.430511474609375e-06
4445,84.58928111399291,1,18.038938,True,True,1.430511474609375e-06
4446,84.60739262896823,1,18.065168,True,True,1.430511474609375e-06
4447,84.62545634096023,1,18.014513,True,True,1.430511474609375e-06
4448,84.64389978500549,1,18.397625,True,True,1.430511474609375e-06
4449,84.66205023397924,1,18.105484,True,True,1.430511474609375e-06
4450,84.68041726300726,1,18.310082,True,True,1.430511474609375e-06
