iteration,elapsed_s,window_index,latency_ms,finite,correct,max_abs_error
1,0.044698592013446614,0,44.693295,True,True,1.430511474609375e-06
2,0.07683091500075534,0,31.97378,True,True,1.430511474609375e-06
3,0.09734532699803822,0,20.417245,True,True,1.430511474609375e-06
4,0.11545315501280129,0,18.01157,True,True,1.430511474609375e-06
5,0.13331198602099903,0,17.792879,True,True,1.430511474609375e-06
6,0.15072713201516308,0,17.322448,True,True,1.430511474609375e-06
7,0.16813698501209728,0,17.342211,True,True,1.430511474609375e-06
8,0.18571051899925806,0,17.513729,True,True,1.430511474609375e-06
9,0.20300134501303546,0,17.233201,True,True,1.430511474609375e-06
10,0.2201181779964827,0,17.05494,True,True,1.430511474609375e-06
11,0.23753652500454336,0,17.368441,True,True,1.430511474609375e-06
12,0.2601988470123615,0,22.609875,True,True,1.430511474609375e-06
13,0.28316053401795216,0,22.901621,True,True,1.430511474609375e-06
14,0.31615045201033354,0,32.917841,True,True,1.430511474609375e-06
15,0.3482850810105447,0,31.997161,True,True,1.430511474609375e-06
16,0.3808208320115227,0,32.450953,True,True,1.430511474609375e-06
17,0.4126456630183384,0,31.720698,True,True,1.430511474609375e-06
18,0.44495080001070164,0,32.228081,True,True,1.430511474609375e-06
19,0.4776063180179335,0,32.566932,True,True,1.430511474609375e-06
20,0.5095334009965882,0,31.813264,True,True,1.430511474609375e-06
21,0.5363794730219524,0,26.777836,True,True,1.430511474609375e-06
22,0.5822786630014889,0,45.834054,True,True,1.430511474609375e-06
23,0.6155560600163881,0,33.136766,True,True,1.430511474609375e-06
24,0.6473166960058734,0,31.661675,True,True,1.430511474609375e-06
25,0.679577335016802,0,32.18971,True,True,1.430511474609375e-06
26,0.7118260810093489,0,32.162699,True,True,1.430511474609375e-06
27,0.744226445996901,0,32.295245,True,True,1.430511474609375e-06
28,0.7759454930201173,0,31.634636,True,True,1.430511474609375e-06
29,0.8006509260158055,0,24.6407,True,True,1.430511474609375e-06
30,0.8497251880180556,0,49.011804,True,True,1.430511474609375e-06
31,0.886753677012166,0,36.892559,True,True,1.430511474609375e-06
32,0.916589874017518,0,29.746507,True,True,1.430511474609375e-06
33,0.9489557790220715,0,32.296193,True,True,1.430511474609375e-06
34,0.9982953130092937,0,49.256196,True,True,1.430511474609375e-06
35,1.0300518400035799,0,31.623279,True,True,1.430511474609375e-06
36,1.062433333019726,0,32.301359,True,True,1.430511474609375e-06
37,1.0894794010091573,0,26.947773,True,True,1.430511474609375e-06
38,1.1080371040152386,0,18.475092,True,True,1.430511474609375e-06
39,1.1252877460210584,0,17.189518,True,True,1.430511474609375e-06
40,1.142528566007968,0,17.181633,True,True,1.430511474609375e-06
41,1.1600982030213345,0,17.505645,True,True,1.430511474609375e-06
42,1.177166396024404,0,17.012228,True,True,1.430511474609375e-06
43,1.1943644279963337,0,17.142799,True,True,1.430511474609375e-06
44,1.2115110190061387,0,17.095309,True,True,1.430511474609375e-06
45,1.2285685219976585,0,17.005819,True,True,1.430511474609375e-06
46,1.2459957009996288,0,17.3694,True,True,1.430511474609375e-06
47,1.2631402580009308,0,17.092716,True,True,1.430511474609375e-06
48,1.2888302320207004,0,25.634745,True,True,1.430511474609375e-06
49,1.3256661580235232,0,36.735061,True,True,1.430511474609375e-06
50,1.357552524015773,0,31.741371,True,True,1.430511474609375e-06
51,1.389781395002501,0,32.117596,True,True,1.430511474609375e-06
52,1.4217992440098897,0,31.88677,True,True,1.430511474609375e-06
53,1.4592396469961386,0,37.343852,True,True,1.430511474609375e-06
54,1.491071185999317,0,31.722437,True,True,1.430511474609375e-06
55,1.5228304520132951,0,31.674562,True,True,1.430511474609375e-06
56,1.555141895019915,0,32.229051,True,True,1.430511474609375e-06
57,1.599248301004991,0,44.01206,True,True,1.430511474609375e-06
58,1.6453345240151975,0,45.9624,True,True,1.430511474609375e-06
59,1.6767367990105413,0,31.280021,True,True,1.430511474609375e-06
60,1.708922286023153,0,32.099717,True,True,1.430511474609375e-06
61,1.741481325996574,0,32.459197,True,True,1.430511474609375e-06
62,1.7734507200075313,0,31.880778,True,True,1.430511474609375e-06
63,1.8058959760237485,0,32.357119,True,True,1.430511474609375e-06
64,1.8550758979981765,0,49.096177,True,True,1.430511474609375e-06
65,1.8870230720203836,0,31.811896,True,True,1.430511474609375e-06
66,1.911922006023815,0,24.806219,True,True,1.430511474609375e-06
67,1.9439783150155563,0,31.981265,True,True,1.430511474609375e-06
68,1.9767517620057333,0,32.67433,True,True,1.430511474609375e-06
69,2.009241125022527,0,32.38791,True,True,1.430511474609375e-06
70,2.041180753003573,0,31.83314,True,True,1.430511474609375e-06
71,2.078582501009805,0,37.310614,True,True,1.430511474609375e-06
72,2.098576229007449,0,19.843869,True,True,1.430511474609375e-06
73,2.115900500008138,0,17.260275,True,True,1.430511474609375e-06
74,2.133295032021124,0,17.331867,True,True,1.430511474609375e-06
75,2.150445976003539,0,17.088169,True,True,1.430511474609375e-06
76,2.168134559004102,0,17.638554,True,True,1.430511474609375e-06
77,2.185123786999611,0,16.933202,True,True,1.430511474609375e-06
78,2.202230089023942,0,17.052704,True,True,1.430511474609375e-06
79,2.2196089630015194,0,17.329716,True,True,1.430511474609375e-06
80,2.2366776569979265,0,17.021616,True,True,1.430511474609375e-06
81,2.25375667901244,0,17.019379,True,True,1.430511474609375e-06
82,2.289724358008243,0,35.909171,True,True,1.430511474609375e-06
83,2.3251952700084075,0,35.332553,True,True,1.430511474609375e-06
84,2.356236195017118,0,30.874802,True,True,1.430511474609375e-06
85,2.388276270998176,0,31.940876,True,True,1.430511474609375e-06
86,2.420226069021737,0,31.856153,True,True,1.430511474609375e-06
87,2.4531487010244746,0,32.84921,True,True,1.430511474609375e-06
88,2.4856183910160325,0,32.331731,True,True,1.430511474609375e-06
89,2.5175191370071843,0,31.682447,True,True,1.430511474609375e-06
90,2.5444443080050405,0,26.841176,True,True,1.430511474609375e-06
91,2.5741373620112427,0,29.60784,True,True,1.430511474609375e-06
92,2.624059446010506,0,49.821684,True,True,1.430511474609375e-06
93,2.658184870000696,0,33.986904,True,True,1.430511474609375e-06
94,2.6941632000089157,0,35.844844,True,True,1.430511474609375e-06
95,2.724373408011161,0,30.089678,True,True,1.430511474609375e-06
96,2.755777743004728,0,31.318286,True,True,1.430511474609375e-06
97,2.788560310000321,0,32.697508,True,True,1.430511474609375e-06
98,2.8380222110135946,0,49.360292,True,True,1.430511474609375e-06
99,2.8699006010137964,0,31.736598,True,True,1.430511474609375e-06
100,2.9021065880078822,0,32.106347,True,True,1.430511474609375e-06
101,2.933828376000747,0,31.632675,True,True,1.430511474609375e-06
102,2.960889460024191,0,26.979316,True,True,1.430511474609375e-06
103,2.9906417680031154,0,29.670922,True,True,1.430511474609375e-06
104,3.0229200560133904,0,32.179808,True,True,1.430511474609375e-06
105,3.054862457996933,0,31.839359,True,True,1.430511474609375e-06
106,3.081652891007252,0,26.705278,True,True,1.430511474609375e-06
107,3.1000996619986836,0,18.368329,True,True,1.430511474609375e-06
108,3.1244326980086043,0,24.268937,True,True,1.430511474609375e-06
109,3.1448733300203457,0,20.35662,True,True,1.430511474609375e-06
110,3.1623862480046228,0,17.430544,True,True,1.430511474609375e-06
111,3.179984009009786,0,17.530226,True,True,1.430511474609375e-06
112,3.1972335610189475,0,17.182066,True,True,1.430511474609375e-06
113,3.2152205780148506,0,17.929973,True,True,1.430511474609375e-06
114,3.23269668201101,0,17.412348,True,True,1.430511474609375e-06
115,3.2525272890052292,0,19.774693,True,True,1.430511474609375e-06
116,3.2867836090154015,0,34.186328,True,True,1.430511474609375e-06
117,3.3189117050205823,0,32.006011,True,True,1.430511474609375e-06
118,3.35087254102109,0,31.866807,True,True,1.430511474609375e-06
119,3.3784607100242283,0,27.484074,True,True,1.430511474609375e-06
120,3.4099938880244736,0,31.440957,True,True,1.430511474609375e-06
121,3.4401001180231106,0,30.013915,True,True,1.430511474609375e-06
122,3.4728372860117815,0,32.623134,True,True,1.430511474609375e-06
123,3.505456436017994,0,32.511245,True,True,1.430511474609375e-06
124,3.537279523006873,0,31.733568,True,True,1.430511474609375e-06
125,3.5695136380090844,0,32.144884,True,True,1.430511474609375e-06
126,3.618867114011664,0,49.25871,True,True,1.430511474609375e-06
127,3.6507554540003184,0,31.752564,True,True,1.430511474609375e-06
128,3.682565950002754,0,31.722317,True,True,1.430511474609375e-06
129,3.7073122690198943,0,24.666017,True,True,1.430511474609375e-06
130,3.739536778011825,0,32.144103,True,True,1.430511474609375e-06
131,3.771542280999711,0,31.913867,True,True,1.430511474609375e-06
132,3.8034555680060294,0,31.827658,True,True,1.430511474609375e-06
133,3.852213014004519,0,48.66735,True,True,1.430511474609375e-06
134,3.8882027229992673,0,35.855567,True,True,1.430511474609375e-06
135,3.919913837016793,0,31.612556,True,True,1.430511474609375e-06
136,3.9520742850145325,0,32.078287,True,True,1.430511474609375e-06
137,4.002068994013825,0,49.897309,True,True,1.430511474609375e-06
138,4.034635526011698,0,32.427375,True,True,1.430511474609375e-06
139,4.066677042021183,0,31.931816,True,True,1.430511474609375e-06
140,4.087309804017423,0,20.541254,True,True,1.430511474609375e-06
141,4.1047804889967665,0,17.395611,True,True,1.430511474609375e-06
142,4.122321233997354,0,17.458688,True,True,1.430511474609375e-06
143,4.139935811021132,0,17.501792,True,True,1.430511474609375e-06
144,4.157267795002554,0,17.253151,True,True,1.430511474609375e-06
145,4.1748552930075675,0,17.522133,True,True,1.430511474609375e-06
146,4.192908992001321,0,17.999487,True,True,1.430511474609375e-06
147,4.210225249000359,0,17.255129,True,True,1.430511474609375e-06
148,4.227739429014036,0,17.453885,True,True,1.430511474609375e-06
149,4.244913204020122,0,17.112403,True,True,1.430511474609375e-06
150,4.262008018005872,0,17.033933,True,True,1.430511474609375e-06
151,4.294931206008187,0,32.844838,True,True,1.430511474609375e-06
152,4.333086198021192,0,38.03396,True,True,1.430511474609375e-06
153,4.365803801018046,0,32.593735,True,True,1.430511474609375e-06
154,4.397836732008727,0,31.910221,True,True,1.430511474609375e-06
155,4.430178630020237,0,32.254276,True,True,1.430511474609375e-06
156,4.46753715001978,0,37.267711,True,True,1.430511474609375e-06
157,4.500134302012157,0,32.503455,True,True,1.430511474609375e-06
158,4.533004287019139,0,32.783889,True,True,1.430511474609375e-06
159,4.564641883014701,0,31.555053,True,True,1.430511474609375e-06
160,4.612937476020306,0,48.224818,True,True,1.430511474609375e-06
161,4.644898388010915,0,31.825125,True,True,1.430511474609375e-06
162,4.671748328022659,0,26.725884,True,True,1.430511474609375e-06
163,4.702078305010218,0,30.250353,True,True,1.430511474609375e-06
164,4.734212519018911,0,32.060724,True,True,1.430511474609375e-06
165,4.766586092009675,0,32.268806,True,True,1.430511474609375e-06
166,4.7992222030006815,0,32.53542,True,True,1.430511474609375e-06
167,4.849120568018407,0,49.795864,True,True,1.430511474609375e-06
168,4.881196392001584,0,31.933631,True,True,1.430511474609375e-06
169,4.91301984799793,0,31.737108,True,True,1.430511474609375e-06
170,4.946250437002163,0,33.145689,True,True,1.430511474609375e-06
171,4.978495450021001,0,32.134137,True,True,1.430511474609375e-06
172,5.005630226020003,0,27.044739,True,True,1.430511474609375e-06
173,5.035136073012836,0,29.423314,True,True,1.430511474609375e-06
174,5.072889858012786,0,37.681733,True,True,1.430511474609375e-06
175,5.097254588996293,0,24.246847,True,True,1.430511474609375e-06
176,5.114998622011626,0,17.662845,True,True,1.430511474609375e-06
177,5.132249482005136,0,17.190278,True,True,1.430511474609375e-06
178,5.149505462002708,0,17.189688,True,True,1.430511474609375e-06
179,5.166604016005294,0,17.042366,True,True,1.430511474609375e-06
180,5.183668552024756,0,17.015631,True,True,1.430511474609375e-06
181,5.200757507001981,0,17.03386,True,True,1.430511474609375e-06
182,5.217956437001703,0,17.149438,True,True,1.430511474609375e-06
183,5.235025013011182,0,17.018082,True,True,1.430511474609375e-06
184,5.252175542002078,0,17.099906,True,True,1.430511474609375e-06
185,5.270455892023165,0,18.225809,True,True,1.430511474609375e-06
186,5.301890586997615,0,31.37539,True,True,1.430511474609375e-06
187,5.339219696004875,0,37.230095,True,True,1.430511474609375e-06
188,5.3662234880030155,0,26.898615,True,True,1.430511474609375e-06
189,5.395971218007617,0,29.672901,True,True,1.430511474609375e-06
190,5.428188461024547,0,32.147144,True,True,1.430511474609375e-06
191,5.460943056998076,0,32.670452,True,True,1.430511474609375e-06
192,5.492469617020106,0,31.442829,True,True,1.430511474609375e-06
193,5.524695599015104,0,32.154026,True,True,1.430511474609375e-06
194,5.5574489410209935,0,32.652722,True,True,1.430511474609375e-06
195,5.589690359018277,0,32.156823,True,True,1.430511474609375e-06
196,5.634032061003381,0,44.243496,True,True,1.430511474609375e-06
197,5.673204620019533,0,39.029628,True,True,1.430511474609375e-06
198,5.705179442011286,0,31.876199,True,True,1.430511474609375e-06
199,5.732220611011144,0,26.962683,True,True,1.430511474609375e-06
200,5.76193303099717,0,29.649641,True,True,1.430511474609375e-06
201,5.7941403280128725,0,32.139767,True,True,1.430511474609375e-06
202,5.841783236013725,0,47.55242,True,True,1.430511474609375e-06
203,5.875441765005235,0,33.540598,True,True,1.430511474609375e-06
204,5.925155147007899,0,49.607818,True,True,1.430511474609375e-06
205,5.9570776270120405,0,31.806328,True,True,1.430511474609375e-06
206,5.984059303009417,0,26.886653,True,True,1.430511474609375e-06
207,6.012927889998537,0,28.790394,True,True,1.430511474609375e-06
208,6.044440402009059,0,31.440522,True,True,1.430511474609375e-06
209,6.075990064011421,0,31.47617,True,True,1.430511474609375e-06
210,6.096285752020776,0,20.216669,True,True,1.430511474609375e-06
211,6.1136068220075686,0,17.260881,True,True,1.430511474609375e-06
212,6.130812725023134,0,17.155759,True,True,1.430511474609375e-06
213,6.148357804020634,0,17.494186,True,True,1.430511474609375e-06
214,6.165304039022885,0,16.884824,True,True,1.430511474609375e-06
215,6.182569988013711,0,17.212126,True,True,1.430511474609375e-06
216,6.199589891009964,0,16.964975,True,True,1.430511474609375e-06
217,6.216687309002737,0,17.046097,True,True,1.430511474609375e-06
218,6.234009963023709,0,17.272602,True,True,1.430511474609375e-06
219,6.251078694011085,0,17.020387,True,True,1.430511474609375e-06
220,6.281628696015105,0,30.499606,True,True,1.430511474609375e-06
221,6.319880065013422,0,38.149206,True,True,1.430511474609375e-06
222,6.351983707019826,0,31.977613,True,True,1.430511474609375e-06
223,6.379227218014421,0,27.128837,True,True,1.430511474609375e-06
224,6.411230060009984,0,31.917287,True,True,1.430511474609375e-06
225,6.440988964022836,0,29.664359,True,True,1.430511474609375e-06
226,6.473833971016575,0,32.77482,True,True,1.430511474609375e-06
227,6.505527252011234,0,31.593245,True,True,1.430511474609375e-06
228,6.5370661750203,0,31.461057,True,True,1.430511474609375e-06
229,6.569255353009794,0,32.11915,True,True,1.430511474609375e-06
230,6.613447698007803,0,44.107501,True,True,1.430511474609375e-06
231,6.6451758409966715,0,31.586689,True,True,1.430511474609375e-06
232,6.675058443011949,0,29.789951,True,True,1.430511474609375e-06
233,6.7080265789991245,0,32.877954,True,True,1.430511474609375e-06
234,6.739932925003814,0,31.781383,True,True,1.430511474609375e-06
235,6.7724588040146045,0,32.438426,True,True,1.430511474609375e-06
236,6.805126868013758,0,32.570033,True,True,1.430511474609375e-06
237,6.855036373017356,0,49.803688,True,True,1.430511474609375e-06
238,6.890761410002597,0,35.585053,True,True,1.430511474609375e-06
239,6.922905567014823,0,32.030993,True,True,1.430511474609375e-06
240,6.955903994006803,0,32.906507,True,True,1.430511474609375e-06
241,6.987744181999005,0,31.733803,True,True,1.430511474609375e-06
242,7.020078355999431,0,32.25048,True,True,1.430511474609375e-06
243,7.05293213299592,0,32.751519,True,True,1.430511474609375e-06
244,7.08009340101853,0,27.067617,True,True,1.430511474609375e-06
245,7.098295460018562,0,18.131175,True,True,1.430511474609375e-06
246,7.115483590023359,0,17.130936,True,True,1.430511474609375e-06
247,7.132780609012116,0,17.246648,True,True,1.430511474609375e-06
248,7.149887349019991,0,17.053793,True,True,1.430511474609375e-06
249,7.166925119003281,0,16.985923,True,True,1.430511474609375e-06
250,7.184193551016506,0,17.220394,True,True,1.430511474609375e-06
251,7.201243807998253,0,16.999627,True,True,1.430511474609375e-06
252,7.218689074012218,0,17.399168,True,True,1.430511474609375e-06
253,7.235750599007588,0,17.011936,True,True,1.430511474609375e-06
254,7.252824320021318,0,17.031522,True,True,1.430511474609375e-06
255,7.277075960999355,0,24.207975,True,True,1.430511474609375e-06
256,7.315191902016522,0,38.038559,True,True,1.430511474609375e-06
257,7.342299506999552,0,27.000623,True,True,1.430511474609375e-06
258,7.374204558000201,0,31.824814,True,True,1.430511474609375e-06
259,7.40390705500613,0,29.619656,True,True,1.430511474609375e-06
260,7.436531679006293,0,32.545507,True,True,1.430511474609375e-06
261,7.472309588018106,0,35.670555,True,True,1.430511474609375e-06
262,7.5034567000111565,0,30.978168,True,True,1.430511474609375e-06
263,7.535381223016884,0,31.828393,True,True,1.430511474609375e-06
264,7.584394801000599,0,48.921614,True,True,1.430511474609375e-06
265,7.634307880012784,0,49.773447,True,True,1.430511474609375e-06
266,7.666922653996153,0,32.479164,True,True,1.430511474609375e-06
267,7.698842183017405,0,31.815899,True,True,1.430511474609375e-06
268,7.731524742004694,0,32.590142,True,True,1.430511474609375e-06
269,7.763903407001635,0,32.280738,True,True,1.430511474609375e-06
270,7.790812999010086,0,26.825347,True,True,1.430511474609375e-06
271,7.837540317006642,0,46.659374,True,True,1.430511474609375e-06
272,7.871478422021028,0,33.804489,True,True,1.430511474609375e-06
273,7.902645210997434,0,31.059146,True,True,1.430511474609375e-06
274,7.93489611701807,0,32.165584,True,True,1.430511474609375e-06
275,7.967978847998893,0,32.971648,True,True,1.430511474609375e-06
276,7.999619256996084,0,31.545293,True,True,1.430511474609375e-06
277,8.03202353900997,0,32.313373,True,True,1.430511474609375e-06
278,8.067716753022978,0,35.606764,True,True,1.430511474609375e-06
279,8.090550109016476,0,22.726374,True,True,1.430511474609375e-06
280,8.108232787024463,0,17.615736,True,True,1.430511474609375e-06
281,8.12564446000033,0,17.353657,True,True,1.430511474609375e-06
282,8.142902139021317,0,17.168816,True,True,1.430511474609375e-06
283,8.16069922799943,0,17.734835,True,True,1.430511474609375e-06
284,8.178623840998625,0,17.865199,True,True,1.430511474609375e-06
285,8.19612002701615,0,17.438269,True,True,1.430511474609375e-06
286,8.213448310998501,0,17.272337,True,True,1.430511474609375e-06
287,8.241163216996938,0,27.666612,True,True,1.430511474609375e-06
288,8.258793493005214,0,17.551199,True,True,1.430511474609375e-06
289,8.288685711013386,0,29.818013,True,True,1.430511474609375e-06
290,8.320055734016933,0,31.272971,True,True,1.430511474609375e-06
291,8.352838624996366,0,32.714927,True,True,1.430511474609375e-06
292,8.385227188002318,0,32.269494,True,True,1.430511474609375e-06
293,8.417768292012624,0,32.440193,True,True,1.430511474609375e-06
294,8.450224649015581,0,32.364126,True,True,1.430511474609375e-06
295,8.482193484000163,0,31.884865,True,True,1.430511474609375e-06
296,8.514407914015464,0,32.132415,True,True,1.430511474609375e-06
297,8.541590723005356,0,27.084206,True,True,1.430511474609375e-06
298,8.57109982901602,0,29.428488,True,True,1.430511474609375e-06
299,8.603292615996907,0,32.121602,True,True,1.430511474609375e-06
300,8.652181534998817,0,48.799534,True,True,1.430511474609375e-06
301,8.692199440003606,0,39.879101,True,True,1.430511474609375e-06
302,8.723921260010684,0,31.609183,True,True,1.430511474609375e-06
303,8.754355641023722,0,30.342953,True,True,1.430511474609375e-06
304,8.786553423007717,0,32.11843,True,True,1.430511474609375e-06
305,8.833802930021193,0,47.141854,True,True,1.430511474609375e-06
306,8.868131752009504,0,34.191089,True,True,1.430511474609375e-06
307,8.917819542024517,0,49.575575,True,True,1.430511474609375e-06
308,8.949974554008804,0,32.043168,True,True,1.430511474609375e-06
309,8.98273421599879,0,32.679245,True,True,1.430511474609375e-06
310,9.015715529996669,0,32.87796,True,True,1.430511474609375e-06
311,9.047896930016577,0,32.050793,True,True,1.430511474609375e-06
312,9.075470698007848,0,27.496989,True,True,1.430511474609375e-06
313,9.093977330019698,0,18.440145,True,True,1.430511474609375e-06
314,9.111478463019012,0,17.439386,True,True,1.430511474609375e-06
315,9.128922870004317,0,17.363139,True,True,1.430511474609375e-06
316,9.14634338801261,0,17.309791,True,True,1.430511474609375e-06
317,9.163604363013292,0,17.189937,True,True,1.430511474609375e-06
318,9.181093357008649,0,17.427952,True,True,1.430511474609375e-06
319,9.199333589000162,0,18.181487,True,True,1.430511474609375e-06
320,9.216772264015162,0,17.387283,True,True,1.430511474609375e-06
321,9.234192025003722,0,17.370619,True,True,1.430511474609375e-06
322,9.251821203011787,0,17.57063,True,True,1.430511474609375e-06
323,9.276728968019597,0,24.853337,True,True,1.430511474609375e-06
324,9.308196588011924,0,31.385282,True,True,1.430511474609375e-06
325,9.33798198000295,0,29.708121,True,True,1.430511474609375e-06
326,9.369946498016361,0,31.889994,True,True,1.430511474609375e-06
327,9.40238934700028,0,32.341583,True,True,1.430511474609375e-06
328,9.434059785999125,0,31.571387,True,True,1.430511474609375e-06
329,9.4655985480058,0,31.472499,True,True,1.430511474609375e-06
330,9.497848616010742,0,32.183813,True,True,1.430511474609375e-06
331,9.53019314800622,0,32.247431,True,True,1.430511474609375e-06
332,9.555212455015862,0,24.935626,True,True,1.430511474609375e-06
333,9.59964595999918,0,44.315934,True,True,1.430511474609375e-06
334,9.648790622013621,0,49.009581,True,True,1.430511474609375e-06
335,9.681036285997834,0,32.107288,True,True,1.430511474609375e-06
336,9.707859535003081,0,26.722828,True,True,1.430511474609375e-06
337,9.755634870001813,0,47.683128,True,True,1.430511474609375e-06
338,9.786384242004715,0,30.575994,True,True,1.430511474609375e-06
339,9.834537757007638,0,48.063382,True,True,1.430511474609375e-06
340,9.871662778023165,0,36.979569,True,True,1.430511474609375e-06
341,9.91549443002441,0,43.704029,True,True,1.430511474609375e-06
342,9.95141377201071,0,35.796898,True,True,1.430511474609375e-06
343,9.986224973021308,0,34.698626,True,True,1.430511474609375e-06
344,10.021647921006661,0,35.325034,True,True,1.430511474609375e-06
345,10.058636683010263,0,36.880862,True,True,1.430511474609375e-06
346,10.087194303021533,0,28.450215,True,True,1.430511474609375e-06
347,10.108762378018582,0,21.493396,True,True,1.430511474609375e-06
348,10.129587138013449,0,20.755907,True,True,1.430511474609375e-06
349,10.150720122997882,0,21.049863,True,True,1.430511474609375e-06
350,10.171795966016361,0,21.005549,True,True,1.430511474609375e-06
351,10.19244007099769,0,20.573046,True,True,1.430511474609375e-06
352,10.214329995011212,0,21.824494,True,True,1.430511474609375e-06
353,10.239490600011777,0,25.065719,True,True,1.430511474609375e-06
354,10.301513307000278,0,61.890851,True,True,1.430511474609375e-06
355,10.33559719202458,0,33.946403,True,True,1.430511474609375e-06
356,10.368087668000953,0,32.358744,True,True,1.430511474609375e-06
357,10.401046317012515,0,32.835481,True,True,1.430511474609375e-06
358,10.437158017011825,0,35.983712,True,True,1.430511474609375e-06
359,10.474478390009608,0,37.206367,True,True,1.430511474609375e-06
360,10.516566043021157,0,41.955674,True,True,1.430511474609375e-06
361,10.575962219008943,0,59.282543,True,True,1.430511474609375e-06
362,10.598286385007668,0,22.172658,True,True,1.430511474609375e-06
363,10.615916790004121,0,17.536708,True,True,1.430511474609375e-06
364,10.685416357009672,0,69.411496,True,True,1.430511474609375e-06
365,10.70490798499668,0,19.346168,True,True,1.430511474609375e-06
366,10.75186988801579,0,46.875296,True,True,1.430511474609375e-06
367,10.783986605005339,0,31.988336,True,True,1.430511474609375e-06
368,10.822205425007269,0,38.124524,True,True,1.430511474609375e-06
369,10.865985686017666,0,43.643222,True,True,1.430511474609375e-06
370,10.898140539007727,0,32.053947,True,True,1.430511474609375e-06
371,10.929865823010914,0,31.624873,True,True,1.430511474609375e-06
372,10.957360997999785,0,27.423732,True,True,1.430511474609375e-06
373,10.988343296019593,0,30.908909,True,True,1.430511474609375e-06
374,11.019612528005382,0,31.197158,True,True,1.430511474609375e-06
375,11.051776986016193,0,32.101185,True,True,1.430511474609375e-06
376,11.07833587800269,0,26.482946,True,True,1.430511474609375e-06
377,11.096265169006074,0,17.865061,True,True,1.430511474609375e-06
378,11.11344868701417,0,17.126089,True,True,1.430511474609375e-06
379,11.13061415500124,0,17.115842,True,True,1.430511474609375e-06
380,11.147663189010927,0,16.99656,True,True,1.430511474609375e-06
381,11.164803120016586,0,17.088926,True,True,1.430511474609375e-06
382,11.18197029401199,0,17.118511,True,True,1.430511474609375e-06
383,11.198974224011181,0,16.955767,True,True,1.430511474609375e-06
384,11.216030384006444,0,17.009486,True,True,1.430511474609375e-06
385,11.23311463400023,0,17.041934,True,True,1.430511474609375e-06
386,11.25043792501674,0,17.274508,True,True,1.430511474609375e-06
387,11.275019168999279,0,24.534741,True,True,1.430511474609375e-06
388,11.312454066006467,0,37.355623,True,True,1.430511474609375e-06
389,11.344650273997104,0,32.105722,True,True,1.430511474609375e-06
390,11.376902791002067,0,32.138654,True,True,1.430511474609375e-06
391,11.409072870999807,0,32.082697,True,True,1.430511474609375e-06
392,11.440654486999847,0,31.490727,True,True,1.430511474609375e-06
393,11.465403271024115,0,24.676867,True,True,1.430511474609375e-06
394,11.497591963998275,0,32.124093,True,True,1.430511474609375e-06
395,11.529607773001771,0,31.930928,True,True,1.430511474609375e-06
396,11.561468382016756,0,31.77313,True,True,1.430511474609375e-06
397,11.593713870010106,0,32.159564,True,True,1.430511474609375e-06
398,11.64199656501296,0,48.199566,True,True,1.430511474609375e-06
399,11.67423082201276,0,32.098262,True,True,1.430511474609375e-06
400,11.699237731023459,0,24.927484,True,True,1.430511474609375e-06
401,11.73121137500857,0,31.902621,True,True,1.430511474609375e-06
402,11.763160557020456,0,31.859092,True,True,1.430511474609375e-06
403,11.795434883009875,0,32.190904,True,True,1.430511474609375e-06
404,11.844622179021826,0,49.100513,True,True,1.430511474609375e-06
405,11.876887442020234,0,32.118736,True,True,1.430511474609375e-06
406,11.908953940001084,0,31.952772,True,True,1.430511474609375e-06
407,11.93640659400262,0,27.362881,True,True,1.430511474609375e-06
408,11.96519726200495,0,28.713389,True,True,1.430511474609375e-06
409,11.997197378019337,0,31.935561,True,True,1.430511474609375e-06
410,12.029073404002702,0,31.798569,True,True,1.430511474609375e-06
411,12.060496639023768,0,31.345557,True,True,1.430511474609375e-06
412,12.087511275021825,0,26.942082,True,True,1.430511474609375e-06
413,12.105194110015873,0,17.623853,True,True,1.430511474609375e-06
414,12.122921023023082,0,17.673788,True,True,1.430511474609375e-06
415,12.140328656008933,0,17.351982,True,True,1.430511474609375e-06
416,12.157335459021851,0,16.954241,True,True,1.430511474609375e-06
417,12.174598012003116,0,17.208783,True,True,1.430511474609375e-06
418,12.191513379017124,0,16.861596,True,True,1.430511474609375e-06
419,12.208869312016759,0,17.304984,True,True,1.430511474609375e-06
420,12.226014367013704,0,17.097431,True,True,1.430511474609375e-06
421,12.243023792019812,0,16.951697,True,True,1.430511474609375e-06
422,12.260309924022295,0,17.232797,True,True,1.430511474609375e-06
423,12.284681691002334,0,24.322986,True,True,1.430511474609375e-06
424,12.322161970019806,0,37.40375,True,True,1.430511474609375e-06
425,12.353755587013438,0,31.489748,True,True,1.430511474609375e-06
426,12.385485203005373,0,31.637108,True,True,1.430511474609375e-06
427,12.412255364004523,0,26.693386,True,True,1.430511474609375e-06
428,12.442012868006714,0,29.69185,True,True,1.430511474609375e-06
429,12.47390729901963,0,31.833486,True,True,1.430511474609375e-06
430,12.523489998013247,0,49.496759,True,True,1.430511474609375e-06
431,12.555757567024557,0,32.145429,True,True,1.430511474609375e-06
432,12.58864937000908,0,32.795994,True,True,1.430511474609375e-06
433,12.621412917011185,0,32.673035,True,True,1.430511474609375e-06
434,12.670176640996942,0,48.622853,True,True,1.430511474609375e-06
435,12.702242065017344,0,31.937213,True,True,1.430511474609375e-06
436,12.729639226017753,0,27.298788,True,True,1.430511474609375e-06
437,12.760324835020583,0,30.560308,True,True,1.430511474609375e-06
438,12.79153159901034,0,31.116813,True,True,1.430511474609375e-06
439,12.84059315599734,0,48.974984,True,True,1.430511474609375e-06
440,12.872722711996175,0,31.982493,True,True,1.430511474609375e-06
441,12.905453493003733,0,32.642316,True,True,1.430511474609375e-06
442,12.93822186201578,0,32.664281,True,True,1.430511474609375e-06
443,12.970179993018974,0,31.862281,True,True,1.430511474609375e-06
444,13.002979442011565,0,32.719727,True,True,1.430511474609375e-06
445,13.029911798017565,0,26.829154,True,True,1.430511474609375e-06
446,13.0600408600003,0,30.049209,True,True,1.430511474609375e-06
447,13.086483455001144,0,26.363488,True,True,1.430511474609375e-06
448,13.104227853997145,0,17.66503,True,True,1.430511474609375e-06
449,13.121456430002581,0,17.168727,True,True,1.430511474609375e-06
450,13.1387959770218,0,17.288471,True,True,1.430511474609375e-06
451,13.1562092610111,0,17.355497,True,True,1.430511474609375e-06
452,13.173652978002792,0,17.387261,True,True,1.430511474609375e-06
453,13.191038573015248,0,17.335445,True,True,1.430511474609375e-06
454,13.20807773701381,0,16.986391,True,True,1.430511474609375e-06
455,13.2252325330046,0,17.107647,True,True,1.430511474609375e-06
456,13.242266771005234,0,16.990818,True,True,1.430511474609375e-06
457,13.259606243023882,0,17.291156,True,True,1.430511474609375e-06
458,13.291653115011286,0,31.986487,True,True,1.430511474609375e-06
459,13.324637298996095,0,32.83917,True,True,1.430511474609375e-06
460,13.354686750011751,0,29.925086,True,True,1.430511474609375e-06
461,13.386298193014227,0,31.506728,True,True,1.430511474609375e-06
462,13.41816488900804,0,31.76941,True,True,1.430511474609375e-06
463,13.45050761901075,0,32.261447,True,True,1.430511474609375e-06
464,13.483389984001406,0,32.782383,True,True,1.430511474609375e-06
465,13.516136076010298,0,32.634929,True,True,1.430511474609375e-06
466,13.54877161802142,0,32.537738,True,True,1.430511474609375e-06
467,13.581653002009261,0,32.776623,True,True,1.430511474609375e-06
468,13.613402609014884,0,31.646129,True,True,1.430511474609375e-06
469,13.654888327000663,0,41.400441,True,True,1.430511474609375e-06
470,13.688251273997594,0,33.224016,True,True,1.430511474609375e-06
471,13.720171220018528,0,31.80586,True,True,1.430511474609375e-06
472,13.751989972020965,0,31.735214,True,True,1.430511474609375e-06
473,13.784447387995897,0,32.371445,True,True,1.430511474609375e-06
474,13.832176087016705,0,47.629245,True,True,1.430511474609375e-06
475,13.866400465019979,0,34.088143,True,True,1.430511474609375e-06
476,13.898211037012516,0,31.715784,True,True,1.430511474609375e-06
477,13.924967878003372,0,26.685738,True,True,1.430511474609375e-06
478,13.95488171101897,0,29.842616,True,True,1.430511474609375e-06
479,13.987051756004803,0,32.089804,True,True,1.430511474609375e-06
480,14.019386314001167,0,32.232904,True,True,1.430511474609375e-06
481,14.051485410018358,0,31.962954,True,True,1.430511474609375e-06
482,14.078477600007318,0,26.897004,True,True,1.430511474609375e-06
483,14.096848270011833,0,18.284536,True,True,1.430511474609375e-06
484,14.114098393009044,0,17.192091,True,True,1.430511474609375e-06
485,14.131301372020971,0,17.141399,True,True,1.430511474609375e-06
486,14.14894397702301,0,17.541776,True,True,1.430511474609375e-06
487,14.176724903023569,0,27.714309,True,True,1.430511474609375e-06
488,14.195114646019647,0,18.280025,True,True,1.430511474609375e-06
489,14.212604059022851,0,17.422267,True,True,1.430511474609375e-06
490,14.229662522004219,0,17.003631,True,True,1.430511474609375e-06
491,14.246837829996366,0,17.124713,True,True,1.430511474609375e-06
492,14.26892458202201,0,22.033544,True,True,1.430511474609375e-06
493,14.301619865000248,0,32.612456,True,True,1.430511474609375e-06
494,14.33359465401736,0,31.845627,True,True,1.430511474609375e-06
495,14.365266146021895,0,31.563613,True,True,1.430511474609375e-06
496,14.392435089015635,0,27.071957,True,True,1.430511474609375e-06
497,14.421441720012808,0,28.911192,True,True,1.430511474609375e-06
498,14.453097551013343,0,31.57558,True,True,1.430511474609375e-06
499,14.484729716001311,0,31.555,True,True,1.430511474609375e-06
500,14.516782239021268,0,31.97551,True,True,1.430511474609375e-06
501,14.549272030009888,0,32.408862,True,True,1.430511474609375e-06
502,14.581165323004825,0,31.792269,True,True,1.430511474609375e-06
503,14.60800909702084,0,26.760211,True,True,1.430511474609375e-06
504,14.653684801014606,0,45.597171,True,True,1.430511474609375e-06
505,14.68753439100692,0,33.713231,True,True,1.430511474609375e-06
506,14.73289765699883,0,45.250724,True,True,1.430511474609375e-06
507,14.764851300016744,0,31.828322,True,True,1.430511474609375e-06
508,14.79211907001445,0,27.178704,True,True,1.430511474609375e-06
509,14.855546947015682,0,63.34505,True,True,1.430511474609375e-06
510,14.886932366003748,0,31.238553,True,True,1.430511474609375e-06
511,14.91948251100257,0,32.461863,True,True,1.430511474609375e-06
512,14.951442817022325,0,31.849278,True,True,1.430511474609375e-06
513,14.98303205400589,0,31.50284,True,True,1.430511474609375e-06
514,15.014564137003617,0,31.446405,True,True,1.430511474609375e-06
515,15.04169826200814,0,27.054217,True,True,1.430511474609375e-06
516,15.071226212021429,0,29.451679,True,True,1.430511474609375e-06
517,15.091502652998315,0,20.205951,True,True,1.430511474609375e-06
518,15.10961400999804,0,18.051401,True,True,1.430511474609375e-06
519,15.12715487901005,0,17.485448,True,True,1.430511474609375e-06
520,15.144464979006443,0,17.255048,True,True,1.430511474609375e-06
521,15.161630421003792,0,17.11374,True,True,1.430511474609375e-06
522,15.179040800023358,0,17.351543,True,True,1.430511474609375e-06
523,15.19610690002446,0,17.009441,True,True,1.430511474609375e-06
524,15.213305019016843,0,17.151671,True,True,1.430511474609375e-06
525,15.230757690005703,0,17.408226,True,True,1.430511474609375e-06
526,15.247692135017132,0,16.887674,True,True,1.430511474609375e-06
527,15.272162645007484,0,24.420556,True,True,1.430511474609375e-06
528,15.309252780018141,0,37.001662,True,True,1.430511474609375e-06
529,15.336521838005865,0,27.147297,True,True,1.430511474609375e-06
530,15.366459554003086,0,29.843921,True,True,1.430511474609375e-06
531,15.397710275021382,0,31.144798,True,True,1.430511474609375e-06
532,15.430467430007411,0,32.657999,True,True,1.430511474609375e-06
533,15.463037945999531,0,32.430437,True,True,1.430511474609375e-06
534,15.512025391013594,0,48.904207,True,True,1.430511474609375e-06
535,15.544074909004848,0,31.911503,True,True,1.430511474609375e-06
536,15.575873135996517,0,31.704529,True,True,1.430511474609375e-06
537,15.603063253016444,0,27.09571,True,True,1.430511474609375e-06
538,15.63339686000836,0,30.265558,True,True,1.430511474609375e-06
539,15.681772166019073,0,48.294245,True,True,1.430511474609375e-06
540,15.71396415901836,0,32.0529,True,True,1.430511474609375e-06
541,15.745479313016403,0,31.416727,True,True,1.430511474609375e-06
542,15.777036407002015,0,31.486813,True,True,1.430511474609375e-06
543,15.804065347998403,0,26.954725,True,True,1.430511474609375e-06
544,15.852757728018332,0,48.614776,True,True,1.430511474609375e-06
545,15.883046451024711,0,30.160302,True,True,1.430511474609375e-06
546,15.914305462996708,0,31.158774,True,True,1.430511474609375e-06
547,15.946650379017228,0,32.274323,True,True,1.430511474609375e-06
548,15.979410669999197,0,32.668423,True,True,1.430511474609375e-06
549,16.011655224021524,0,32.17045,True,True,1.430511474609375e-06
550,16.043619785021292,0,31.8797,True,True,1.430511474609375e-06
551,16.070328794012312,0,26.626336,True,True,1.430511474609375e-06
552,16.095067209011177,0,24.675743,True,True,1.430511474609375e-06
553,16.11259518301813,0,17.473732,True,True,1.430511474609375e-06
554,16.129779719020007,0,17.135426,True,True,1.430511474609375e-06
555,16.14696515200194,0,17.137106,True,True,1.430511474609375e-06
556,16.164019800024107,0,17.00931,True,True,1.430511474609375e-06
557,16.18130210202071,0,17.238201,True,True,1.430511474609375e-06
558,16.198392779013375,0,17.047706,True,True,1.430511474609375e-06
559,16.215678531007143,0,17.240613,True,True,1.430511474609375e-06
560,16.232779826008482,0,17.056476,True,True,1.430511474609375e-06
561,16.249780740996357,0,16.957163,True,True,1.430511474609375e-06
562,16.267116675007856,0,17.290464,True,True,1.430511474609375e-06
563,16.298971369018545,0,31.805599,True,True,1.430511474609375e-06
564,16.34792619702057,0,48.853595,True,True,1.430511474609375e-06
565,16.380087932018796,0,32.025187,True,True,1.430511474609375e-06
566,16.410449400020298,0,30.278557,True,True,1.430511474609375e-06
567,16.442314229003387,0,31.791095,True,True,1.430511474609375e-06
568,16.474593913997523,0,32.194828,True,True,1.430511474609375e-06
569,16.50671610000427,0,32.04578,True,True,1.430511474609375e-06
570,16.538957783021033,0,32.159505,True,True,1.430511474609375e-06
571,16.57196725902031,0,32.932461,True,True,1.430511474609375e-06
572,16.604001708998112,0,31.95286,True,True,1.430511474609375e-06
573,16.630610710009933,0,26.524227,True,True,1.430511474609375e-06
574,16.677468474023044,0,46.791483,True,True,1.430511474609375e-06
575,16.709002401010366,0,31.393705,True,True,1.430511474609375e-06
576,16.740957550005987,0,31.860451,True,True,1.430511474609375e-06
577,16.773218041023938,0,32.17834,True,True,1.430511474609375e-06
578,16.805165194004076,0,31.847171,True,True,1.430511474609375e-06
579,16.853452907002065,0,48.198356,True,True,1.430511474609375e-06
580,16.880597255018074,0,27.007141,True,True,1.430511474609375e-06
581,16.91046852900763,0,29.783104,True,True,1.430511474609375e-06
582,16.94261283800006,0,32.057342,True,True,1.430511474609375e-06
583,16.975184898998123,0,32.459623,True,True,1.430511474609375e-06
584,17.007736524014035,0,32.451004,True,True,1.430511474609375e-06
585,17.03955579601461,0,31.719742,True,True,1.430511474609375e-06
586,17.071669874014333,0,31.996753,True,True,1.430511474609375e-06
587,17.092173646000447,0,20.428392,True,True,1.430511474609375e-06
588,17.109408062999137,0,17.17486,True,True,1.430511474609375e-06
589,17.127550372009864,0,18.089006,True,True,1.430511474609375e-06
590,17.144956480013207,0,17.357709,True,True,1.430511474609375e-06
591,17.17188228201121,0,26.870662,True,True,1.430511474609375e-06
592,17.1902487410116,0,18.273941,True,True,1.430511474609375e-06
593,17.207710916001815,0,17.394281,True,True,1.430511474609375e-06
594,17.225097129005007,0,17.330666,True,True,1.430511474609375e-06
595,17.24205288401572,0,16.909535,True,True,1.430511474609375e-06
596,17.259177728003124,0,17.075014,True,True,1.430511474609375e-06
597,17.288623480999377,0,29.397442,True,True,1.430511474609375e-06
598,17.32121405302314,0,32.496406,True,True,1.430511474609375e-06
599,17.348446465999587,0,27.116437,True,True,1.430511474609375e-06
600,17.38004157601972,0,31.493186,True,True,1.430511474609375e-06
601,17.41059377900092,0,30.454903,True,True,1.430511474609375e-06
602,17.442188321001595,0,31.47349,True,True,1.430511474609375e-06
603,17.473925604019314,0,31.659137,True,True,1.430511474609375e-06
604,17.505825388012454,0,31.833048,True,True,1.430511474609375e-06
605,17.538205492019188,0,32.272045,True,True,1.430511474609375e-06
606,17.57004778101691,0,31.723201,True,True,1.430511474609375e-06
607,17.597538175003137,0,27.409973,True,True,1.430511474609375e-06
608,17.62683306299732,0,29.226598,True,True,1.430511474609375e-06
609,17.674928373016883,0,48.025936,True,True,1.430511474609375e-06
610,17.70703680202132,0,31.977574,True,True,1.430511474609375e-06
611,17.739851640013512,0,32.726442,True,True,1.430511474609375e-06
612,17.772144443006255,0,32.202962,True,True,1.430511474609375e-06
613,17.80415855400497,0,31.931936,True,True,1.430511474609375e-06
614,17.852609356021276,0,48.369236,True,True,1.430511474609375e-06
615,17.877892840013374,0,25.147342,True,True,1.430511474609375e-06
616,17.909896299999673,0,31.919874,True,True,1.430511474609375e-06
617,17.94191388800391,0,31.946462,True,True,1.430511474609375e-06
618,17.97340767001151,0,31.407437,True,True,1.430511474609375e-06
619,18.0060314090224,0,32.542023,True,True,1.430511474609375e-06
620,18.038425264996476,0,32.310941,True,True,1.430511474609375e-06
621,18.07046374899801,0,31.958207,True,True,1.430511474609375e-06
622,18.090544001024682,0,20.004494,True,True,1.430511474609375e-06
623,18.10789599502459,0,17.292487,True,True,1.430511474609375e-06
624,18.125093303009635,0,17.147642,True,True,1.430511474609375e-06
625,18.142289618001087,0,17.146729,True,True,1.430511474609375e-06
626,18.159730002022116,0,17.386342,True,True,1.430511474609375e-06
627,18.177037796005607,0,17.254669,True,True,1.430511474609375e-06
628,18.194432387012057,0,17.339317,True,True,1.430511474609375e-06
629,18.211403788009193,0,16.9233,True,True,1.430511474609375e-06
630,18.22863624501042,0,17.183641,True,True,1.430511474609375e-06
631,18.245756299002096,0,17.07511,True,True,1.430511474609375e-06
632,18.263021660008235,0,17.216221,True,True,1.430511474609375e-06
633,18.295023056998616,0,31.956393,True,True,1.430511474609375e-06
634,18.33261629700428,0,37.489083,True,True,1.430511474609375e-06
635,18.3597332299978,0,27.000468,True,True,1.430511474609375e-06
636,18.396410971006844,0,36.607501,True,True,1.430511474609375e-06
637,18.422042515012436,0,25.54918,True,True,1.430511474609375e-06
638,18.453252531006,0,31.143627,True,True,1.430511474609375e-06
639,18.48497828101972,0,31.663713,True,True,1.430511474609375e-06
640,18.517150366009446,0,32.088181,True,True,1.430511474609375e-06
641,18.54958405200159,0,32.355296,True,True,1.430511474609375e-06
642,18.582556220004335,0,32.890395,True,True,1.430511474609375e-06
643,18.614893853024114,0,32.25654,True,True,1.430511474609375e-06
644,18.641864719014848,0,26.885885,True,True,1.430511474609375e-06
645,18.687265512009617,0,45.327345,True,True,1.430511474609375e-06
646,18.721016622002935,0,33.620075,True,True,1.430511474609375e-06
647,18.753755719022593,0,32.636757,True,True,1.430511474609375e-06
648,18.785934545012424,0,32.097057,True,True,1.430511474609375e-06
649,18.82058051301283,0,34.563351,True,True,1.430511474609375e-06
650,18.867946606012993,0,47.255837,True,True,1.430511474609375e-06
651,18.90006190701388,0,32.021536,True,True,1.430511474609375e-06
652,18.931652190018212,0,31.50671,True,True,1.430511474609375e-06
653,18.958622286998434,0,26.889869,True,True,1.430511474609375e-06
654,18.988521749008214,0,29.826533,True,True,1.430511474609375e-06
655,19.020087592012715,0,31.44749,True,True,1.430511474609375e-06
656,19.05241110600764,0,32.243905,True,True,1.430511474609375e-06
657,19.079397187015275,0,26.90381,True,True,1.430511474609375e-06
658,19.107279040996218,0,27.785014,True,True,1.430511474609375e-06
659,19.12507356601418,0,17.690817,True,True,1.430511474609375e-06
660,19.14235055100289,0,17.204441,True,True,1.430511474609375e-06
661,19.15964399802033,0,17.240631,True,True,1.430511474609375e-06
662,19.177899347007042,0,18.202475,True,True,1.430511474609375e-06
663,19.195050362002803,0,17.103897,True,True,1.430511474609375e-06
664,19.21225065900944,0,17.155488,True,True,1.430511474609375e-06
665,19.229299933009315,0,17.000373,True,True,1.430511474609375e-06
666,19.246453129017027,0,17.107099,True,True,1.430511474609375e-06
667,19.27082584000891,0,24.327426,True,True,1.430511474609375e-06
668,19.303004258021247,0,32.113554,True,True,1.430511474609375e-06
669,19.332668503018795,0,29.562907,True,True,1.430511474609375e-06
670,19.365200046013342,0,32.443673,True,True,1.430511474609375e-06
671,19.398600584012456,0,33.264,True,True,1.430511474609375e-06
672,19.431456790014636,0,32.741618,True,True,1.430511474609375e-06
673,19.463568959996337,0,31.971743,True,True,1.430511474609375e-06
674,19.49540311700548,0,31.74476,True,True,1.430511474609375e-06
675,19.52860932602198,0,33.11798,True,True,1.430511474609375e-06
676,19.560939729999518,0,32.177092,True,True,1.430511474609375e-06
677,19.592746426002122,0,31.724325,True,True,1.430511474609375e-06
678,19.620298681023996,0,27.468522,True,True,1.430511474609375e-06
679,19.64991368900519,0,29.534952,True,True,1.430511474609375e-06
680,19.698287962004542,0,48.25126,True,True,1.430511474609375e-06
681,19.730276158021297,0,31.849764,True,True,1.430511474609375e-06
682,19.763139404996764,0,32.783017,True,True,1.430511474609375e-06
683,19.795241351996083,0,32.012433,True,True,1.430511474609375e-06
684,19.843909693998285,0,48.58363,True,True,1.430511474609375e-06
685,19.875752756022848,0,31.713617,True,True,1.430511474609375e-06
686,19.902709953021258,0,26.871135,True,True,1.430511474609375e-06
687,19.93249032102176,0,29.692528,True,True,1.430511474609375e-06
688,19.964661936013727,0,32.108005,True,True,1.430511474609375e-06
689,19.996147833007853,0,31.398067,True,True,1.430511474609375e-06
690,20.028108096012147,0,31.894575,True,True,1.430511474609375e-06
691,20.06028696001158,0,32.098616,True,True,1.430511474609375e-06
692,20.087599017017055,0,27.231595,True,True,1.430511474609375e-06
693,20.105307210003957,0,17.645574,True,True,1.430511474609375e-06
694,20.12290821102215,0,17.547157,True,True,1.430511474609375e-06
695,20.139995553996414,0,17.038733,True,True,1.430511474609375e-06
696,20.157073063019197,0,17.033847,True,True,1.430511474609375e-06
697,20.174411228013923,0,17.291245,True,True,1.430511474609375e-06
698,20.19153316001757,0,17.069583,True,True,1.430511474609375e-06
699,20.20885748701403,0,17.280111,True,True,1.430511474609375e-06
700,20.22599910001736,0,17.09667,True,True,1.430511474609375e-06
701,20.242988670011982,0,16.945961,True,True,1.430511474609375e-06
702,20.260919808002654,0,17.887381,True,True,1.430511474609375e-06
703,20.285626804019557,0,24.661864,True,True,1.430511474609375e-06
704,20.322976793017006,0,37.294616,True,True,1.430511474609375e-06
705,20.349911609024275,0,26.852963,True,True,1.430511474609375e-06
706,20.381404977000784,0,31.423977,True,True,1.430511474609375e-06
707,20.41149839400896,0,30.021276,True,True,1.430511474609375e-06
708,20.443282799009467,0,31.717662,True,True,1.430511474609375e-06
709,20.475130583014106,0,31.770114,True,True,1.430511474609375e-06
710,20.507182055007434,0,31.967627,True,True,1.430511474609375e-06
711,20.539466137008276,0,32.207219,True,True,1.430511474609375e-06
712,20.571314337023068,0,31.767245,True,True,1.430511474609375e-06
713,20.598110149003332,0,26.712092,True,True,1.430511474609375e-06
714,20.627547901996877,0,29.373751,True,True,1.430511474609375e-06
715,20.659823804016924,0,32.212763,True,True,1.430511474609375e-06
716,20.708180034009274,0,48.261929,True,True,1.430511474609375e-06
717,20.73999717301922,0,31.689502,True,True,1.430511474609375e-06
718,20.778369784005918,0,38.292535,True,True,1.430511474609375e-06
719,20.827867047017207,0,49.38428,True,True,1.430511474609375e-06
720,20.86141917601344,0,33.422233,True,True,1.430511474609375e-06
721,20.894173676002538,0,32.657215,True,True,1.430511474609375e-06
722,20.926569731003838,0,32.306578,True,True,1.430511474609375e-06
723,20.958384280005703,0,31.729909,True,True,1.430511474609375e-06
724,20.99035348702455,0,31.886436,True,True,1.430511474609375e-06
725,21.022469118004665,0,32.034595,True,True,1.430511474609375e-06
726,21.054542263009353,0,31.989294,True,True,1.430511474609375e-06
727,21.08127396501368,0,26.650768,True,True,1.430511474609375e-06
728,21.099160464014858,0,17.821853,True,True,1.430511474609375e-06
729,21.116576021013316,0,17.362057,True,True,1.430511474609375e-06
730,21.13368059101049,0,17.058128,True,True,1.430511474609375e-06
731,21.15099007001845,0,17.257669,True,True,1.430511474609375e-06
732,21.16823060900788,0,17.198103,True,True,1.430511474609375e-06
733,21.185217046004254,0,16.943807,True,True,1.430511474609375e-06
734,21.20340693902108,0,18.14736,True,True,1.430511474609375e-06
735,21.220754893001867,0,17.303918,True,True,1.430511474609375e-06
736,21.238708343007602,0,17.906618,True,True,1.430511474609375e-06
737,21.25592384801712,0,17.170442,True,True,1.430511474609375e-06
738,21.28071078300127,0,24.702415,True,True,1.430511474609375e-06
739,21.318098873016424,0,37.271257,True,True,1.430511474609375e-06
740,21.3453656519996,0,27.160212,True,True,1.430511474609375e-06
741,21.377699921024032,0,32.238939,True,True,1.430511474609375e-06
742,21.407616548996884,0,29.813371,True,True,1.430511474609375e-06
743,21.456172249017982,0,48.483275,True,True,1.430511474609375e-06
744,21.488001564022852,0,31.705629,True,True,1.430511474609375e-06
745,21.52034701901721,0,32.256494,True,True,1.430511474609375e-06
746,21.552380053006345,0,31.947631,True,True,1.430511474609375e-06
747,21.584771269001067,0,32.28447,True,True,1.430511474609375e-06
748,21.617647627019323,0,32.768604,True,True,1.430511474609375e-06
749,21.64954537700396,0,31.782172,True,True,1.430511474609375e-06
750,21.67655777701293,0,26.925009,True,True,1.430511474609375e-06
751,21.72432227100944,0,47.675558,True,True,1.430511474609375e-06
752,21.75519158001407,0,30.729377,True,True,1.430511474609375e-06
753,21.787344284995925,0,32.059337,True,True,1.430511474609375e-06
754,21.835832516022492,0,48.392277,True,True,1.430511474609375e-06
755,21.86791083001299,0,31.950858,True,True,1.430511474609375e-06
756,21.90063111501513,0,32.645388,True,True,1.430511474609375e-06
757,21.932790352002485,0,32.063827,True,True,1.430511474609375e-06
758,21.959745917003602,0,26.874612,True,True,1.430511474609375e-06
759,21.989528474019608,0,29.71208,True,True,1.430511474609375e-06
760,22.021953267016215,0,32.363452,True,True,1.430511474609375e-06
761,22.053750615013996,0,31.712257,True,True,1.430511474609375e-06
762,22.08090096100932,0,27.06306,True,True,1.430511474609375e-06
763,22.10870434899698,0,27.699105,True,True,1.430511474609375e-06
764,22.1260362980247,0,17.259672,True,True,1.430511474609375e-06
765,22.14338371102349,0,17.289503,True,True,1.430511474609375e-06
766,22.160895406996133,0,17.450854,True,True,1.430511474609375e-06
767,22.178001492022304,0,17.053446,True,True,1.430511474609375e-06
768,22.195189577003475,0,17.132298,True,True,1.430511474609375e-06
769,22.21222454000963,0,16.98631,True,True,1.430511474609375e-06
770,22.229421527998056,0,17.147376,True,True,1.430511474609375e-06
771,22.24645170001895,0,16.974249,True,True,1.430511474609375e-06
772,22.27100826901733,0,24.502224,True,True,1.430511474609375e-06
773,22.301087124011246,0,30.005279,True,True,1.430511474609375e-06
774,22.333483915019315,0,32.32222,True,True,1.430511474609375e-06
775,22.366851906001102,0,33.228025,True,True,1.430511474609375e-06
776,22.398934791010106,0,31.943385,True,True,1.430511474609375e-06
777,22.43075121700531,0,31.720288,True,True,1.430511474609375e-06
778,22.463210156012792,0,32.376507,True,True,1.430511474609375e-06
779,22.495368655014317,0,32.022327,True,True,1.430511474609375e-06
780,22.527644574001897,0,32.195955,True,True,1.430511474609375e-06
781,22.554342968011042,0,26.617016,True,True,1.430511474609375e-06
782,22.584304715011967,0,29.897549,True,True,1.430511474609375e-06
783,22.616153645998565,0,31.781548,True,True,1.430511474609375e-06
784,22.648376691999147,0,32.139667,True,True,1.430511474609375e-06
785,22.683551835012622,0,35.058683,True,True,1.430511474609375e-06
786,22.73027219402138,0,46.585748,True,True,1.430511474609375e-06
787,22.763695861998713,0,33.306143,True,True,1.430511474609375e-06
788,22.79648863300099,0,32.691275,True,True,1.430511474609375e-06
789,22.845926297013648,0,49.350005,True,True,1.430511474609375e-06
790,22.8730273770052,0,26.972448,True,True,1.430511474609375e-06
791,22.904395675024716,0,31.278052,True,True,1.430511474609375e-06
792,22.95140880299732,0,46.932406,True,True,1.430511474609375e-06
793,22.983236703003058,0,31.697852,True,True,1.430511474609375e-06
794,23.015259491017787,0,31.923541,True,True,1.430511474609375e-06
795,23.04733686899999,0,31.997976,True,True,1.430511474609375e-06
796,23.07963380101137,0,32.208895,True,True,1.430511474609375e-06
797,23.10030507601914,0,20.58419,True,True,1.430511474609375e-06
798,23.1178311460244,0,17.464146,True,True,1.430511474609375e-06
799,23.136231734999456,0,18.341921,True,True,1.430511474609375e-06
800,23.153846394998254,0,17.547177,True,True,1.430511474609375e-06
801,23.17096653400222,0,17.059072,True,True,1.430511474609375e-06
802,23.188100468018092,0,17.077369,True,True,1.430511474609375e-06
803,23.20521751200431,0,17.058457,True,True,1.430511474609375e-06
804,23.222503891011,0,17.237443,True,True,1.430511474609375e-06
805,23.24086476600496,0,18.305569,True,True,1.430511474609375e-06
806,23.25818055300624,0,17.249572,True,True,1.430511474609375e-06
807,23.280354435002664,0,22.117808,True,True,1.430511474609375e-06
808,23.31295369702275,0,32.523636,True,True,1.430511474609375e-06
809,23.340187280002283,0,27.134652,True,True,1.430511474609375e-06
810,23.37151555501623,0,31.232658,True,True,1.430511474609375e-06
811,23.401340712007368,0,29.731107,True,True,1.430511474609375e-06
812,23.433770642004674,0,32.335371,True,True,1.430511474609375e-06
813,23.466275106999092,0,32.386339,True,True,1.430511474609375e-06
814,23.49893617600901,0,32.57003,True,True,1.430511474609375e-06
815,23.531240800017258,0,32.214852,True,True,1.430511474609375e-06
816,23.563529300008668,0,32.2063,True,True,1.430511474609375e-06
817,23.59571043102187,0,32.085452,True,True,1.430511474609375e-06
818,23.628545170009602,0,32.748794,True,True,1.430511474609375e-06
819,23.660656934021972,0,32.023842,True,True,1.430511474609375e-06
820,23.701669438014505,0,40.909729,True,True,1.430511474609375e-06
821,23.734925711003598,0,33.118303,True,True,1.430511474609375e-06
822,23.783482322003692,0,48.458779,True,True,1.430511474609375e-06
823,23.818823712004814,0,35.22833,True,True,1.430511474609375e-06
824,23.86610880601802,0,47.172765,True,True,1.430511474609375e-06
825,23.897972207021667,0,31.743941,True,True,1.430511474609375e-06
826,23.92951339800493,0,31.449305,True,True,1.430511474609375e-06
827,23.961710720002884,0,32.123565,True,True,1.430511474609375e-06
828,23.989337564999005,0,27.540451,True,True,1.430511474609375e-06
829,24.020684682996944,0,31.217449,True,True,1.430511474609375e-06
830,24.050747045024764,0,29.982377,True,True,1.430511474609375e-06
831,24.083648642001208,0,32.835269,True,True,1.430511474609375e-06
832,24.103873386018677,0,20.135994,True,True,1.430511474609375e-06
833,24.121577926009195,0,17.591651,True,True,1.430511474609375e-06
834,24.139093193021836,0,17.44146,True,True,1.430511474609375e-06
835,24.156378678017063,0,17.213042,True,True,1.430511474609375e-06
836,24.17457722799736,0,18.142503,True,True,1.430511474609375e-06
837,24.192080820997944,0,17.441121,True,True,1.430511474609375e-06
838,24.209131036011968,0,16.995929,True,True,1.430511474609375e-06
839,24.22660283301957,0,17.422585,True,True,1.430511474609375e-06
840,24.251376915024593,0,24.705993,True,True,1.430511474609375e-06
841,24.269601633015554,0,18.135509,True,True,1.430511474609375e-06
842,24.299649599008262,0,29.984384,True,True,1.430511474609375e-06
843,24.33193859801395,0,32.213599,True,True,1.430511474609375e-06
844,24.36445152500528,0,32.416325,True,True,1.430511474609375e-06
845,24.396749900013674,0,32.198773,True,True,1.430511474609375e-06
846,24.428628691006452,0,31.784525,True,True,1.430511474609375e-06
847,24.46154394801124,0,32.840434,True,True,1.430511474609375e-06
848,24.493711354007246,0,32.083028,True,True,1.430511474609375e-06
849,24.520616750000045,0,26.823328,True,True,1.430511474609375e-06
850,24.550950945005752,0,30.256984,True,True,1.430511474609375e-06
851,24.58312216302147,0,32.097137,True,True,1.430511474609375e-06
852,24.614630675001536,0,31.419438,True,True,1.430511474609375e-06
853,24.64665411700844,0,31.956208,True,True,1.430511474609375e-06
854,24.678928893001284,0,32.177229,True,True,1.430511474609375e-06
855,24.727555518998997,0,48.534322,True,True,1.430511474609375e-06
856,24.755107596021844,0,27.412473,True,True,1.430511474609375e-06
857,24.784483433002606,0,29.293966,True,True,1.430511474609375e-06
858,24.819806604005862,0,35.249583,True,True,1.430511474609375e-06
859,24.86686813502456,0,46.935724,True,True,1.430511474609375e-06
860,24.89891465601977,0,31.925437,True,True,1.430511474609375e-06
861,24.930512513004942,0,31.509711,True,True,1.430511474609375e-06
862,24.962890534021426,0,32.294864,True,True,1.430511474609375e-06
863,24.99584759300342,0,32.878971,True,True,1.430511474609375e-06
864,25.02762328501558,0,31.687865,True,True,1.430511474609375e-06
865,25.054890330007765,0,27.196689,True,True,1.430511474609375e-06
866,25.08514355501393,0,30.169366,True,True,1.430511474609375e-06
867,25.10526070400374,0,20.0386,True,True,1.430511474609375e-06
868,25.12254027702147,0,17.221117,True,True,1.430511474609375e-06
869,25.14040887801093,0,17.809689,True,True,1.430511474609375e-06
870,25.158683451008983,0,18.21014,True,True,1.430511474609375e-06
871,25.176070970017463,0,17.331145,True,True,1.430511474609375e-06
872,25.193230767006753,0,17.108584,True,True,1.430511474609375e-06
873,25.211165653017815,0,17.881517,True,True,1.430511474609375e-06
874,25.228599638008745,0,17.382542,True,True,1.430511474609375e-06
875,25.246482568007195,0,17.827777,True,True,1.430511474609375e-06
876,25.264283705997514,0,17.733747,True,True,1.430511474609375e-06
877,25.288692541013006,0,24.357367,True,True,1.430511474609375e-06
878,25.318162087001838,0,29.40087,True,True,1.430511474609375e-06
879,25.35120205002022,0,32.977574,True,True,1.430511474609375e-06
880,25.383511944004567,0,32.19049,True,True,1.430511474609375e-06
881,25.416059288021643,0,32.453588,True,True,1.430511474609375e-06
882,25.448356572014745,0,32.205682,True,True,1.430511474609375e-06
883,25.480183296022005,0,31.72499,True,True,1.430511474609375e-06
884,25.51223664000281,0,31.97375,True,True,1.430511474609375e-06
885,25.54554882500088,0,33.204858,True,True,1.430511474609375e-06
886,25.572724326018943,0,27.065223,True,True,1.430511474609375e-06
887,25.60200970902224,0,29.21395,True,True,1.430511474609375e-06
888,25.633363016007934,0,31.279367,True,True,1.430511474609375e-06
889,25.666236664023018,0,32.79783,True,True,1.430511474609375e-06
890,25.732051422004588,0,65.704989,True,True,1.430511474609375e-06
891,25.763951533008367,0,31.762684,True,True,1.430511474609375e-06
892,25.796261414012406,0,32.225726,True,True,1.430511474609375e-06
893,25.845530168997357,0,49.167746,True,True,1.430511474609375e-06
894,25.87772941502044,0,32.073736,True,True,1.430511474609375e-06
895,25.904375051002717,0,26.570484,True,True,1.430511474609375e-06
896,25.933977617998607,0,29.528284,True,True,1.430511474609375e-06
897,25.966007069015177,0,31.96578,True,True,1.430511474609375e-06
898,25.998180347000016,0,32.082112,True,True,1.430511474609375e-06
899,26.03093426101259,0,32.669943,True,True,1.430511474609375e-06
900,26.062925342004746,0,31.90514,True,True,1.430511474609375e-06
901,26.089988381019793,0,26.980882,True,True,1.430511474609375e-06
902,26.10792702299659,0,17.870903,True,True,1.430511474609375e-06
903,26.12590757201542,0,17.916386,True,True,1.430511474609375e-06
904,26.14328570800717,0,17.316112,True,True,1.430511474609375e-06
905,26.16036006002105,0,17.024499,True,True,1.430511474609375e-06
906,26.177472994022537,0,17.060025,True,True,1.430511474609375e-06
907,26.19446015401627,0,16.933294,True,True,1.430511474609375e-06
908,26.211575646011624,0,17.063433,True,True,1.430511474609375e-06
909,26.228609876008704,0,16.988527,True,True,1.430511474609375e-06
910,26.245703102002153,0,17.044222,True,True,1.430511474609375e-06
911,26.262786876002792,0,17.03185,True,True,1.430511474609375e-06
912,26.287918992020423,0,25.084276,True,True,1.430511474609375e-06
913,26.324739549017977,0,36.752413,True,True,1.430511474609375e-06
914,26.351608329016017,0,26.771604,True,True,1.430511474609375e-06
915,26.38345536199631,0,31.778136,True,True,1.430511474609375e-06
916,26.41332167602377,0,29.769934,True,True,1.430511474609375e-06
917,26.444190182024613,0,30.799163,True,True,1.430511474609375e-06
918,26.476063162001083,0,31.808735,True,True,1.430511474609375e-06
919,26.508437384007266,0,32.295503,True,True,1.430511474609375e-06
920,26.540710532019148,0,32.192649,True,True,1.430511474609375e-06
921,26.572715379006695,0,31.906417,True,True,1.430511474609375e-06
922,26.605619692010805,0,32.807605,True,True,1.430511474609375e-06
923,26.63268296001479,0,26.907885,True,True,1.430511474609375e-06
924,26.66301959499833,0,30.25244,True,True,1.430511474609375e-06
925,26.696660895016976,0,33.551668,True,True,1.430511474609375e-06
926,26.755647475016303,0,58.827214,True,True,1.430511474609375e-06
927,26.787899838003796,0,32.110693,True,True,1.430511474609375e-06
928,26.818069566012127,0,30.087771,True,True,1.430511474609375e-06
929,26.862793441017857,0,44.604985,True,True,1.430511474609375e-06
930,26.894649945024867,0,31.738458,True,True,1.430511474609375e-06
931,26.926103424018947,0,31.375499,True,True,1.430511474609375e-06
932,26.95811808502185,0,31.951292,True,True,1.430511474609375e-06
933,26.990853700001026,0,32.65412,True,True,1.430511474609375e-06
934,27.02343833100167,0,32.498281,True,True,1.430511474609375e-06
935,27.05575674501597,0,32.24325,True,True,1.430511474609375e-06
936,27.083090725005604,0,27.258971,True,True,1.430511474609375e-06
937,27.101071851997403,0,17.918496,True,True,1.430511474609375e-06
938,27.118427923996933,0,17.300957,True,True,1.430511474609375e-06
939,27.13556526400498,0,17.084409,True,True,1.430511474609375e-06
940,27.152851192018716,0,17.238405,True,True,1.430511474609375e-06
941,27.169882682996104,0,16.977187,True,True,1.430511474609375e-06
942,27.187330879009096,0,17.400238,True,True,1.430511474609375e-06
943,27.204436907020863,0,17.057118,True,True,1.430511474609375e-06
944,27.221548432018608,0,17.068974,True,True,1.430511474609375e-06
945,27.239508205006132,0,17.915177,True,True,1.430511474609375e-06
946,27.256769758008886,0,17.21093,True,True,1.430511474609375e-06
947,27.281081503024325,0,24.269178,True,True,1.430511474609375e-06
948,27.318500130000757,0,37.362167,True,True,1.430511474609375e-06
949,27.34546730099828,0,26.886381,True,True,1.430511474609375e-06
950,27.394818116008537,0,49.282798,True,True,1.430511474609375e-06
951,27.425087787007215,0,30.125841,True,True,1.430511474609375e-06
952,27.456992862018524,0,31.807976,True,True,1.430511474609375e-06
953,27.488867639011005,0,31.793152,True,True,1.430511474609375e-06
954,27.52083802301786,0,31.85012,True,True,1.430511474609375e-06
955,27.553798908018507,0,32.86925,True,True,1.430511474609375e-06
956,27.58622526199906,0,32.321769,True,True,1.430511474609375e-06
957,27.6188147799985,0,32.478975,True,True,1.430511474609375e-06
958,27.65186563701718,0,32.944069,True,True,1.430511474609375e-06
959,27.67889030900551,0,26.925018,True,True,1.430511474609375e-06
960,27.708339165023062,0,29.367118,True,True,1.430511474609375e-06
961,27.757062477001455,0,48.61171,True,True,1.430511474609375e-06
962,27.78961636000895,0,32.419452,True,True,1.430511474609375e-06
963,27.83836599701317,0,48.641232,True,True,1.430511474609375e-06
964,27.870496167015517,0,32.003142,True,True,1.430511474609375e-06
965,27.902255384018645,0,31.673969,True,True,1.430511474609375e-06
966,27.934242723014904,0,31.89606,True,True,1.430511474609375e-06
967,27.960995155997807,0,26.670543,True,True,1.430511474609375e-06
968,27.990064794023056,0,29.00312,True,True,1.430511474609375e-06
969,28.038522135000676,0,48.381869,True,True,1.430511474609375e-06
970,28.071248332998948,0,32.600749,True,True,1.430511474609375e-06
971,28.091482942021685,0,20.138119,True,True,1.430511474609375e-06
972,28.1087981640012,0,17.250037,True,True,1.430511474609375e-06
973,28.126024416007567,0,17.173856,True,True,1.430511474609375e-06
974,28.143507910019252,0,17.433971,True,True,1.430511474609375e-06
975,28.160541082004784,0,16.98459,True,True,1.430511474609375e-06
976,28.177793206996284,0,17.201866,True,True,1.430511474609375e-06
977,28.19510094600264,0,17.251157,True,True,1.430511474609375e-06
978,28.21215663899784,0,17.002102,True,True,1.430511474609375e-06
979,28.22925417701481,0,17.050903,True,True,1.430511474609375e-06
980,28.246267622016603,0,16.962755,True,True,1.430511474609375e-06
981,28.268267931009177,0,21.955628,True,True,1.430511474609375e-06
982,28.29534765300923,0,27.013912,True,True,1.430511474609375e-06
983,28.332706136017805,0,37.278772,True,True,1.430511474609375e-06
984,28.36518865902326,0,32.385137,True,True,1.430511474609375e-06
985,28.397246096021263,0,31.967246,True,True,1.430511474609375e-06
986,28.42955093999626,0,32.215527,True,True,1.430511474609375e-06
987,28.462278977996903,0,32.643339,True,True,1.430511474609375e-06
988,28.489180500007933,0,26.820948,True,True,1.430511474609375e-06
989,28.519219387002522,0,29.972323,True,True,1.430511474609375e-06
990,28.550875137007097,0,31.582234,True,True,1.430511474609375e-06
991,28.582699009013595,0,31.744057,True,True,1.430511474609375e-06
992,28.615013372007525,0,32.241182,True,True,1.430511474609375e-06
993,28.64706941600889,0,31.976607,True,True,1.430511474609375e-06
994,28.67926352500217,0,32.104084,True,True,1.430511474609375e-06
995,28.736132774996804,0,56.777229,True,True,1.430511474609375e-06
996,28.768325080018258,0,32.054525,True,True,1.430511474609375e-06
997,28.80091690600966,0,32.507622,True,True,1.430511474609375e-06
998,28.849809842009563,0,48.798504,True,True,1.430511474609375e-06
999,28.881865535018733,0,31.923638,True,True,1.430511474609375e-06
1000,28.914500553015387,0,32.553622,True,True,1.430511474609375e-06
1001,28.947150573018007,0,32.56438,True,True,1.430511474609375e-06
1002,28.979427835001843,0,32.182077,True,True,1.430511474609375e-06
1003,29.01185990902013,0,32.341968,True,True,1.430511474609375e-06
1004,29.03876082901843,0,26.765331,True,True,1.430511474609375e-06
1005,29.068485141004203,0,29.649131,True,True,1.430511474609375e-06
1006,29.09523304301547,0,26.684155,True,True,1.430511474609375e-06
1007,29.113552880007774,0,18.258622,True,True,1.430511474609375e-06
1008,29.131148067011964,0,17.486378,True,True,1.430511474609375e-06
1009,29.148364963999484,0,17.143225,True,True,1.430511474609375e-06
1010,29.165630246017827,0,17.20785,True,True,1.430511474609375e-06
1011,29.182657697005197,0,16.979182,True,True,1.430511474609375e-06
1012,29.199932439019904,0,17.219052,True,True,1.430511474609375e-06
1013,29.21692851901753,0,16.941008,True,True,1.430511474609375e-06
1014,29.234215113014216,0,17.238114,True,True,1.430511474609375e-06
1015,29.25211197900353,0,17.847429,True,True,1.430511474609375e-06
1016,29.269534179009497,0,17.374583,True,True,1.430511474609375e-06
1017,29.30124184000306,0,31.656569,True,True,1.430511474609375e-06
1018,29.333559174003312,0,32.219228,True,True,1.430511474609375e-06
1019,29.36343823900097,0,29.783598,True,True,1.430511474609375e-06
1020,29.395440088002943,0,31.930938,True,True,1.430511474609375e-06
1021,29.42708183900686,0,31.55095,True,True,1.430511474609375e-06
1022,29.459001363022253,0,31.851091,True,True,1.430511474609375e-06
1023,29.490736735024257,0,31.653561,True,True,1.430511474609375e-06
1024,29.52747063501738,0,36.664053,True,True,1.430511474609375e-06
1025,29.563145337015158,0,35.543738,True,True,1.430511474609375e-06
1026,29.595676749013364,0,32.441395,True,True,1.430511474609375e-06
1027,29.627860246022465,0,32.091382,True,True,1.430511474609375e-06
1028,29.660159902006853,0,32.210555,True,True,1.430511474609375e-06
1029,29.692899039015174,0,32.643784,True,True,1.430511474609375e-06
1030,29.742506841022987,0,49.449662,True,True,1.430511474609375e-06
1031,29.77476484901854,0,32.118937,True,True,1.430511474609375e-06
1032,29.806838956021238,0,31.976696,True,True,1.430511474609375e-06
1033,29.851016469998285,0,44.071696,True,True,1.430511474609375e-06
1034,29.883096259000013,0,31.939638,True,True,1.430511474609375e-06
1035,29.912744325003587,0,29.549403,True,True,1.430511474609375e-06
1036,29.945438460010337,0,32.609175,True,True,1.430511474609375e-06
1037,29.977700760005973,0,32.119973,True,True,1.430511474609375e-06
1038,30.009303844999522,0,31.513151,True,True,1.430511474609375e-06
1039,30.040993570000865,0,31.597434,True,True,1.430511474609375e-06
1040,30.0727752270177,0,31.697694,True,True,1.430511474609375e-06
1041,30.093155993003165,0,20.305152,True,True,1.430511474609375e-06
1042,30.110413401009282,0,17.194894,True,True,1.430511474609375e-06
1043,30.12772023602156,0,17.251221,True,True,1.430511474609375e-06
1044,30.14474660702399,0,16.975537,True,True,1.430511474609375e-06
1045,30.162124679016415,0,17.316468,True,True,1.430511474609375e-06
1046,30.17952616000548,0,17.342204,True,True,1.430511474609375e-06
1047,30.196547004015883,0,16.966867,True,True,1.430511474609375e-06
1048,30.213917643006425,0,17.315324,True,True,1.430511474609375e-06
1049,30.230826915008947,0,16.856105,True,True,1.430511474609375e-06
1050,30.247969704010757,0,17.098467,True,True,1.430511474609375e-06
1051,30.265024933003588,0,17.003164,True,True,1.430511474609375e-06
1052,30.29775928100571,0,32.67978,True,True,1.430511474609375e-06
1053,30.3298906480195,0,32.001805,True,True,1.430511474609375e-06
1054,30.362381266022567,0,32.384838,True,True,1.430511474609375e-06
1055,30.40862399499747,0,46.105563,True,True,1.430511474609375e-06
1056,30.440619504021015,0,31.84424,True,True,1.430511474609375e-06
1057,30.472675805998733,0,31.96987,True,True,1.430511474609375e-06
1058,30.504973214003257,0,32.205549,True,True,1.430511474609375e-06
1059,30.53754052601289,0,32.461045,True,True,1.430511474609375e-06
1060,30.570426893013064,0,32.781769,True,True,1.430511474609375e-06
1061,30.60295787200448,0,32.426872,True,True,1.430511474609375e-06
1062,30.636254239012487,0,33.184684,True,True,1.430511474609375e-06
1063,30.66816229801043,0,31.770761,True,True,1.430511474609375e-06
1064,30.69490129800397,0,26.653311,True,True,1.430511474609375e-06
1065,30.725106419005897,0,30.097242,True,True,1.430511474609375e-06
1066,30.773727346997475,0,48.518763,True,True,1.430511474609375e-06
1067,30.806000495998887,0,32.135473,True,True,1.430511474609375e-06
1068,30.854608095018193,0,48.514828,True,True,1.430511474609375e-06
1069,30.886801907996414,0,32.042456,True,True,1.430511474609375e-06
1070,30.91912751502241,0,32.244578,True,True,1.430511474609375e-06
1071,30.951825099007692,0,32.617135,True,True,1.430511474609375e-06
1072,30.978745328000514,0,26.838186,True,True,1.430511474609375e-06
1073,31.008509649022017,0,29.698877,True,True,1.430511474609375e-06
1074,31.04015665600309,0,31.586353,True,True,1.430511474609375e-06
1075,31.072181060008006,0,31.943954,True,True,1.430511474609375e-06
1076,31.092402144015068,0,20.141678,True,True,1.430511474609375e-06
1077,31.109623960015597,0,17.156539,True,True,1.430511474609375e-06
1078,31.12699340301333,0,17.310855,True,True,1.430511474609375e-06
1079,31.144417628005613,0,17.373485,True,True,1.430511474609375e-06
1080,31.161470971012022,0,17.002546,True,True,1.430511474609375e-06
1081,31.178718807001133,0,17.19622,True,True,1.430511474609375e-06
1082,31.195837375009432,0,17.066637,True,True,1.430511474609375e-06
1083,31.212967200001003,0,17.079841,True,True,1.430511474609375e-06
1084,31.230023384006927,0,17.010298,True,True,1.430511474609375e-06
1085,31.24730500302394,0,17.228486,True,True,1.430511474609375e-06
1086,31.264429543021834,0,17.075148,True,True,1.430511474609375e-06
1087,31.301843918015948,0,37.336148,True,True,1.430511474609375e-06
1088,31.334474079019856,0,32.49348,True,True,1.430511474609375e-06
1089,31.366282980015967,0,31.705233,True,True,1.430511474609375e-06
1090,31.399075571011053,0,32.690637,True,True,1.430511474609375e-06
1091,31.4316169800004,0,32.427133,True,True,1.430511474609375e-06
1092,31.46411118202377,0,32.39671,True,True,1.430511474609375e-06
1093,31.491194810019806,0,26.978298,True,True,1.430511474609375e-06
1094,31.522760567022488,0,31.472317,True,True,1.430511474609375e-06
1095,31.55277084102272,0,29.929956,True,True,1.430511474609375e-06
1096,31.58532707201084,0,32.47066,True,True,1.430511474609375e-06
1097,31.61754604600719,0,32.11958,True,True,1.430511474609375e-06
1098,31.64948276701034,0,31.856166,True,True,1.430511474609375e-06
1099,31.68123567602015,0,31.669018,True,True,1.430511474609375e-06
1100,31.71305196301546,0,31.73738,True,True,1.430511474609375e-06
1101,31.754121040023165,0,40.975504,True,True,1.430511474609375e-06
1102,31.78674803301692,0,32.477691,True,True,1.430511474609375e-06
1103,31.835174961015582,0,48.331904,True,True,1.430511474609375e-06
1104,31.86953187600011,0,34.228693,True,True,1.430511474609375e-06
1105,31.901633695000783,0,31.985733,True,True,1.430511474609375e-06
1106,31.933510622999165,0,31.772221,True,True,1.430511474609375e-06
1107,31.965152909018798,0,31.554567,True,True,1.430511474609375e-06
1108,31.99687911901856,0,31.654941,True,True,1.430511474609375e-06
1109,32.02843693702016,0,31.489659,True,True,1.430511474609375e-06
1110,32.05310236901278,0,24.60047,True,True,1.430511474609375e-06
1111,32.085482910013525,0,32.321746,True,True,1.430511474609375e-06
1112,32.10538662399631,0,19.813548,True,True,1.430511474609375e-06
1113,32.12293763400521,0,17.483877,True,True,1.430511474609375e-06
1114,32.140097872004844,0,17.105991,True,True,1.430511474609375e-06
1115,32.15737797701149,0,17.217888,True,True,1.430511474609375e-06
1116,32.17427490101545,0,16.846054,True,True,1.430511474609375e-06
1117,32.19153374200687,0,17.205934,True,True,1.430511474609375e-06
1118,32.20883585899719,0,17.24609,True,True,1.430511474609375e-06
1119,32.226146243017865,0,17.260066,True,True,1.430511474609375e-06
1120,32.24361213101656,0,17.415839,True,True,1.430511474609375e-06
1121,32.260636329010595,0,16.977061,True,True,1.430511474609375e-06
1122,32.2923034359992,0,31.611927,True,True,1.430511474609375e-06
1123,32.331366210011765,0,38.920846,True,True,1.430511474609375e-06
1124,32.36394179202034,0,32.411684,True,True,1.430511474609375e-06
1125,32.40057117000106,0,36.486038,True,True,1.430511474609375e-06
1126,32.434806700010085,0,34.077342,True,True,1.430511474609375e-06
1127,32.46674396700109,0,31.792845,True,True,1.430511474609375e-06
1128,32.496901738020824,0,30.047982,True,True,1.430511474609375e-06
1129,32.54092938199756,0,43.953827,True,True,1.430511474609375e-06
1130,32.57289182199747,0,31.844812,True,True,1.430511474609375e-06
1131,32.59954065000056,0,26.562898,True,True,1.430511474609375e-06
1132,32.62966997802141,0,30.051496,True,True,1.430511474609375e-06
1133,32.66225653499714,0,32.509688,True,True,1.430511474609375e-06
1134,32.69468687401968,0,32.345653,True,True,1.430511474609375e-06
1135,32.72697657300159,0,32.203736,True,True,1.430511474609375e-06
1136,32.77634757201304,0,49.285309,True,True,1.430511474609375e-06
1137,32.808503358013695,0,32.022444,True,True,1.430511474609375e-06
1138,32.85739440002362,0,48.796702,True,True,1.430511474609375e-06
1139,32.884636461996706,0,27.107765,True,True,1.430511474609375e-06
1140,32.914198815997224,0,29.472179,True,True,1.430511474609375e-06
1141,32.94531447600457,0,31.031007,True,True,1.430511474609375e-06
1142,32.97680735000176,0,31.416864,True,True,1.430511474609375e-06
1143,33.009164682007395,0,32.273274,True,True,1.430511474609375e-06
1144,33.04207194902119,0,32.8173,True,True,1.430511474609375e-06
1145,33.07442236802308,0,32.270302,True,True,1.430511474609375e-06
1146,33.09466639399761,0,20.163306,True,True,1.430511474609375e-06
1147,33.1118693780154,0,17.138216,True,True,1.430511474609375e-06
1148,33.12901241102372,0,17.095542,True,True,1.430511474609375e-06
1149,33.14700934800203,0,17.946709,True,True,1.430511474609375e-06
1150,33.16435369901592,0,17.291521,True,True,1.430511474609375e-06
1151,33.18181172301411,0,17.413293,True,True,1.430511474609375e-06
1152,33.198764786997344,0,16.909958,True,True,1.430511474609375e-06
1153,33.21604584300076,0,17.239068,True,True,1.430511474609375e-06
1154,33.233394637005404,0,17.305552,True,True,1.430511474609375e-06
1155,33.25066128600156,0,17.221556,True,True,1.430511474609375e-06
1156,33.26816430600593,0,17.449177,True,True,1.430511474609375e-06
1157,33.30000994601869,0,31.800825,True,True,1.430511474609375e-06
1158,33.33250819001114,0,32.405209,True,True,1.430511474609375e-06
1159,33.363682135997806,0,31.084677,True,True,1.430511474609375e-06
1160,33.39364905800903,0,29.893973,True,True,1.430511474609375e-06
1161,33.4259684200224,0,32.254443,True,True,1.430511474609375e-06
1162,33.45825602900004,0,32.208712,True,True,1.430511474609375e-06
1163,33.49012643902097,0,31.788538,True,True,1.430511474609375e-06
1164,33.521720173012,0,31.510685,True,True,1.430511474609375e-06
1165,33.55380566499662,0,32.021123,True,True,1.430511474609375e-06
1166,33.58593282502261,0,32.039158,True,True,1.430511474609375e-06
1167,33.61273522200645,0,26.717818,True,True,1.430511474609375e-06
1168,33.64247991400771,0,29.68029,True,True,1.430511474609375e-06
1169,33.67443064801046,0,31.886076,True,True,1.430511474609375e-06
1170,33.70647315500537,0,31.956743,True,True,1.430511474609375e-06
1171,33.73844118299894,0,31.857212,True,True,1.430511474609375e-06
1172,33.78659060501377,0,48.067734,True,True,1.430511474609375e-06
1173,33.827522303006845,0,40.79466,True,True,1.430511474609375e-06
1174,33.85963354099658,0,31.96054,True,True,1.430511474609375e-06
1175,33.8923907650169,0,32.67773,True,True,1.430511474609375e-06
1176,33.924694107001415,0,32.214565,True,True,1.430511474609375e-06
1177,33.956137872010004,0,31.3483,True,True,1.430511474609375e-06
1178,34.00556663001771,0,49.362339,True,True,1.430511474609375e-06
1179,34.0376443080022,0,31.930877,True,True,1.430511474609375e-06
1180,34.06974935499602,0,32.003139,True,True,1.430511474609375e-06
1181,34.0906762490049,0,20.838455,True,True,1.430511474609375e-06
1182,34.10867805199814,0,17.913097,True,True,1.430511474609375e-06
1183,34.126312956010224,0,17.525992,True,True,1.430511474609375e-06
1184,34.14353264300735,0,17.146677,True,True,1.430511474609375e-06
1185,34.160903607000364,0,17.312639,True,True,1.430511474609375e-06
1186,34.177964636997785,0,17.006796,True,True,1.430511474609375e-06
1187,34.19535552299931,0,17.336851,True,True,1.430511474609375e-06
1188,34.21266631700564,0,17.250604,True,True,1.430511474609375e-06
1189,34.22982954399777,0,17.110706,True,True,1.430511474609375e-06
1190,34.247261965007056,0,17.378113,True,True,1.430511474609375e-06
1191,34.26436386001296,0,17.04758,True,True,1.430511474609375e-06
1192,34.296510847023455,0,32.081221,True,True,1.430511474609375e-06
1193,34.333844902022975,0,37.223532,True,True,1.430511474609375e-06
1194,34.366466086008586,0,32.520831,True,True,1.430511474609375e-06
1195,34.39907643801416,0,32.506774,True,True,1.430511474609375e-06
1196,34.431521189020714,0,32.354042,True,True,1.430511474609375e-06
1197,34.45835536901723,0,26.757484,True,True,1.430511474609375e-06
1198,34.48782988401945,0,29.407041,True,True,1.430511474609375e-06
1199,34.52003257800243,0,32.133733,True,True,1.430511474609375e-06
1200,34.55225722701289,0,32.141937,True,True,1.430511474609375e-06
1201,34.58430854801554,0,31.959731,True,True,1.430511474609375e-06
1202,34.61662687401986,0,32.234512,True,True,1.430511474609375e-06
1203,34.665356846002396,0,48.634033,True,True,1.430511474609375e-06
1204,34.697306203015614,0,31.813618,True,True,1.430511474609375e-06
1205,34.72430723300204,0,26.916774,True,True,1.430511474609375e-06
1206,34.77033033900079,0,45.955911,True,True,1.430511474609375e-06
1207,34.803611183015164,0,33.144243,True,True,1.430511474609375e-06
1208,34.853357640997274,0,49.625108,True,True,1.430511474609375e-06
1209,34.88553349999711,0,32.038199,True,True,1.430511474609375e-06
1210,34.91808363501332,0,32.469284,True,True,1.430511474609375e-06
1211,34.94995797800948,0,31.786215,True,True,1.430511474609375e-06
1212,34.98213824501727,0,32.097105,True,True,1.430511474609375e-06
1213,35.014079775020946,0,31.854707,True,True,1.430511474609375e-06
1214,35.041547045024345,0,27.381774,True,True,1.430511474609375e-06
1215,35.07104528302443,0,29.43326,True,True,1.430511474609375e-06
1216,35.09149109700229,0,20.377897,True,True,1.430511474609375e-06
1217,35.108905932022026,0,17.358924,True,True,1.430511474609375e-06
1218,35.126085152005544,0,17.12733,True,True,1.430511474609375e-06
1219,35.143457351019606,0,17.312923,True,True,1.430511474609375e-06
1220,35.160932166007115,0,17.364935,True,True,1.430511474609375e-06
1221,35.178088820015546,0,17.085937,True,True,1.430511474609375e-06
1222,35.19531582001946,0,17.163408,True,True,1.430511474609375e-06
1223,35.212427588005085,0,17.052972,True,True,1.430511474609375e-06
1224,35.229388374020346,0,16.91295,True,True,1.430511474609375e-06
1225,35.24692813400179,0,17.483488,True,True,1.430511474609375e-06
1226,35.27105816901894,0,24.078752,True,True,1.430511474609375e-06
1227,35.31986744701862,0,48.733187,True,True,1.430511474609375e-06
1228,35.350297661003424,0,30.302718,True,True,1.430511474609375e-06
1229,35.38150031500845,0,31.116096,True,True,1.430511474609375e-06
1230,35.41369744800613,0,32.119106,True,True,1.430511474609375e-06
1231,35.44534791400656,0,31.554133,True,True,1.430511474609375e-06
1232,35.47723208100069,0,31.814271,True,True,1.430511474609375e-06
1233,35.51017407802283,0,32.862863,True,True,1.430511474609375e-06
1234,35.53709615700063,0,26.814239,True,True,1.430511474609375e-06
1235,35.5669697910198,0,29.801592,True,True,1.430511474609375e-06
1236,35.59854970301967,0,31.520096,True,True,1.430511474609375e-06
1237,35.63068436199683,0,32.055855,True,True,1.430511474609375e-06
1238,35.663353858020855,0,32.588633,True,True,1.430511474609375e-06
1239,35.695479513000464,0,32.04201,True,True,1.430511474609375e-06
1240,35.7275148940098,0,31.947453,True,True,1.430511474609375e-06
1241,35.776354369998444,0,48.757231,True,True,1.430511474609375e-06
1242,35.808648931997595,0,32.158802,True,True,1.430511474609375e-06
1243,35.8530518420157,0,44.318855,True,True,1.430511474609375e-06
1244,35.88327811402269,0,30.094343,True,True,1.430511474609375e-06
1245,35.91512138201506,0,31.765728,True,True,1.430511474609375e-06
1246,35.9479910020018,0,32.771817,True,True,1.430511474609375e-06
1247,35.9807137720054,0,32.623208,True,True,1.430511474609375e-06
1248,36.01307462202385,0,32.254713,True,True,1.430511474609375e-06
1249,36.04554038599599,0,32.367626,True,True,1.430511474609375e-06
1250,36.077880272001494,0,32.257191,True,True,1.430511474609375e-06
1251,36.09770966201904,0,19.749664,True,True,1.430511474609375e-06
1252,36.11584104501526,0,18.066083,True,True,1.430511474609375e-06
1253,36.143920725007774,0,28.024902,True,True,1.430511474609375e-06
1254,36.16236014702008,0,18.33372,True,True,1.430511474609375e-06
1255,36.17980706001981,0,17.369239,True,True,1.430511474609375e-06
1256,36.1971878070035,0,17.316701,True,True,1.430511474609375e-06
1257,36.214258004009025,0,17.010643,True,True,1.430511474609375e-06
1258,36.23127762900549,0,16.968189,True,True,1.430511474609375e-06
1259,36.2489111390023,0,17.579061,True,True,1.430511474609375e-06
1260,36.2658188540081,0,16.858344,True,True,1.430511474609375e-06
1261,36.2956592120172,0,29.784517,True,True,1.430511474609375e-06
1262,36.320865842018975,0,25.112653,True,True,1.430511474609375e-06
1263,36.3517427520128,0,30.786318,True,True,1.430511474609375e-06
1264,36.38415848001023,0,32.321172,True,True,1.430511474609375e-06
1265,36.416769878997,0,32.518344,True,True,1.430511474609375e-06
1266,36.44904912399943,0,32.195946,True,True,1.430511474609375e-06
1267,36.48125469501247,0,32.125569,True,True,1.430511474609375e-06
1268,36.508723236009246,0,27.385351,True,True,1.430511474609375e-06
1269,36.53859802702209,0,29.803836,True,True,1.430511474609375e-06
1270,36.571229965018574,0,32.565583,True,True,1.430511474609375e-06
1271,36.60388313300791,0,32.570709,True,True,1.430511474609375e-06
1272,36.63573175200145,0,31.766643,True,True,1.430511474609375e-06
1273,36.667754062014865,0,31.943259,True,True,1.430511474609375e-06
1274,36.700134597020224,0,32.294274,True,True,1.430511474609375e-06
1275,36.73311634900165,0,32.874472,True,True,1.430511474609375e-06
1276,36.76762012499967,0,34.417633,True,True,1.430511474609375e-06
1277,36.8167210080137,0,48.939107,True,True,1.430511474609375e-06
1278,36.85868827500963,0,41.830011,True,True,1.430511474609375e-06
1279,36.88797447501565,0,29.163347,True,True,1.430511474609375e-06
1280,36.92024075699737,0,32.197878,True,True,1.430511474609375e-06
1281,36.952482235006755,0,32.16624,True,True,1.430511474609375e-06
1282,37.00140181402094,0,48.836883,True,True,1.430511474609375e-06
1283,37.033270748012,0,31.751128,True,True,1.430511474609375e-06
1284,37.06506184700993,0,31.716814,True,True,1.430511474609375e-06
1285,37.08571618099813,0,20.591122,True,True,1.430511474609375e-06
1286,37.10300888502388,0,17.239162,True,True,1.430511474609375e-06
1287,37.12018672999693,0,17.133404,True,True,1.430511474609375e-06
1288,37.13731325100525,0,17.081883,True,True,1.430511474609375e-06
1289,37.15465670102276,0,17.282199,True,True,1.430511474609375e-06
1290,37.17198073799955,0,17.262132,True,True,1.430511474609375e-06
1291,37.18912997099687,0,17.092392,True,True,1.430511474609375e-06
1292,37.20647721501882,0,17.292238,True,True,1.430511474609375e-06
1293,37.22352644900093,0,16.998583,True,True,1.430511474609375e-06
1294,37.240812292002374,0,17.240654,True,True,1.430511474609375e-06
1295,37.258105928020086,0,17.241156,True,True,1.430511474609375e-06
1296,37.29012650801451,0,31.965,True,True,1.430511474609375e-06
1297,37.32753356802277,0,37.298522,True,True,1.430511474609375e-06
1298,37.35565513200709,0,28.002687,True,True,1.430511474609375e-06
1299,37.38666965402081,0,30.878278,True,True,1.430511474609375e-06
1300,37.41677567199804,0,30.01962,True,True,1.430511474609375e-06
1301,37.44883175200084,0,31.98971,True,True,1.430511474609375e-06
1302,37.481508893019054,0,32.557772,True,True,1.430511474609375e-06
1303,37.51430012300261,0,32.661936,True,True,1.430511474609375e-06
1304,37.54620554699795,0,31.817683,True,True,1.430511474609375e-06
1305,37.578530675004004,0,32.255911,True,True,1.430511474609375e-06
1306,37.61134127402329,0,32.734513,True,True,1.430511474609375e-06
1307,37.64413191500353,0,32.712191,True,True,1.430511474609375e-06
1308,37.67648258002009,0,32.2554,True,True,1.430511474609375e-06
1309,37.70913053600816,0,32.558656,True,True,1.430511474609375e-06
1310,37.73619897800381,0,26.984172,True,True,1.430511474609375e-06
1311,37.76933602200006,0,33.059733,True,True,1.430511474609375e-06
1312,37.81723659002455,0,47.762167,True,True,1.430511474609375e-06
1313,37.86323915500543,0,45.870127,True,True,1.430511474609375e-06
1314,37.895815691008465,0,32.460618,True,True,1.430511474609375e-06
1315,37.92753247800283,0,31.630683,True,True,1.430511474609375e-06
1316,37.95988764602225,0,32.288936,True,True,1.430511474609375e-06
1317,37.99261257101898,0,32.640396,True,True,1.430511474609375e-06
1318,38.01942679300555,0,26.711473,True,True,1.430511474609375e-06
1319,38.049083771009464,0,29.588659,True,True,1.430511474609375e-06
1320,38.081547505018534,0,32.400038,True,True,1.430511474609375e-06
1321,38.10166457001469,0,20.032337,True,True,1.430511474609375e-06
1322,38.11933619301999,0,17.612941,True,True,1.430511474609375e-06
1323,38.13670974801062,0,17.322772,True,True,1.430511474609375e-06
1324,38.154933998011984,0,18.174161,True,True,1.430511474609375e-06
1325,38.172265839006286,0,17.275931,True,True,1.430511474609375e-06
1326,38.189659809024306,0,17.348574,True,True,1.430511474609375e-06
1327,38.20693967101397,0,17.229584,True,True,1.430511474609375e-06
1328,38.2245451460185,0,17.559811,True,True,1.430511474609375e-06
1329,38.24185761800618,0,17.265911,True,True,1.430511474609375e-06
1330,38.26043331902474,0,18.522676,True,True,1.430511474609375e-06
1331,38.28381484502461,0,23.33112,True,True,1.430511474609375e-06
1332,38.31541249802103,0,31.534384,True,True,1.430511474609375e-06
1333,38.34772638801951,0,32.220739,True,True,1.430511474609375e-06
1334,38.380224189022556,0,32.410417,True,True,1.430511474609375e-06
1335,38.413057079014834,0,32.755727,True,True,1.430511474609375e-06
1336,38.445573563018115,0,32.432985,True,True,1.430511474609375e-06
1337,38.47774877102347,0,32.095087,True,True,1.430511474609375e-06
1338,38.5099145550048,0,32.087324,True,True,1.430511474609375e-06
1339,38.54277966902009,0,32.789154,True,True,1.430511474609375e-06
1340,38.569566145015415,0,26.707464,True,True,1.430511474609375e-06
1341,38.5996724050201,0,30.033916,True,True,1.430511474609375e-06
1342,38.631552453007316,0,31.812755,True,True,1.430511474609375e-06
1343,38.66380735501298,0,32.178344,True,True,1.430511474609375e-06
1344,38.69589749901206,0,32.010784,True,True,1.430511474609375e-06
1345,38.728094107005745,0,32.115666,True,True,1.430511474609375e-06
1346,38.760202357021626,0,32.029511,True,True,1.430511474609375e-06
1347,38.80390390200773,0,43.602522,True,True,1.430511474609375e-06
1348,38.85338962401147,0,49.350255,True,True,1.430511474609375e-06
1349,38.88272221700754,0,29.193586,True,True,1.430511474609375e-06
1350,38.93176131602377,0,48.942105,True,True,1.430511474609375e-06
1351,38.96368998702383,0,31.8165,True,True,1.430511474609375e-06
1352,38.99701577000087,0,33.249281,True,True,1.430511474609375e-06
1353,39.029058054002235,0,31.904714,True,True,1.430511474609375e-06
1354,39.060893789021065,0,31.755167,True,True,1.430511474609375e-06
1355,39.088707712013274,0,27.751647,True,True,1.430511474609375e-06
1356,39.106871716998285,0,18.098535,True,True,1.430511474609375e-06
1357,39.124653474020306,0,17.660845,True,True,1.430511474609375e-06
1358,39.14250305600581,0,17.769865,True,True,1.430511474609375e-06
1359,39.15970642800676,0,17.148588,True,True,1.430511474609375e-06
1360,39.176757359004114,0,17.002255,True,True,1.430511474609375e-06
1361,39.19518371700542,0,18.376199,True,True,1.430511474609375e-06
1362,39.21269238300738,0,17.455342,True,True,1.430511474609375e-06
1363,39.23101681302069,0,18.269968,True,True,1.430511474609375e-06
1364,39.24848781799665,0,17.42114,True,True,1.430511474609375e-06
1365,39.26646277401596,0,17.926281,True,True,1.430511474609375e-06
1366,39.297045569022885,0,30.53443,True,True,1.430511474609375e-06
1367,39.32884456499596,0,31.709103,True,True,1.430511474609375e-06
1368,39.37056702101836,0,41.643629,True,True,1.430511474609375e-06
1369,39.40252280101413,0,31.82299,True,True,1.430511474609375e-06
1370,39.43291182201938,0,30.300134,True,True,1.430511474609375e-06
1371,39.46507917900453,0,32.085023,True,True,1.430511474609375e-06
1372,39.49795536001329,0,32.765624,True,True,1.430511474609375e-06
1373,39.5299177840061,0,31.829573,True,True,1.430511474609375e-06
1374,39.56233963702107,0,32.341558,True,True,1.430511474609375e-06
1375,39.59466557300766,0,32.215083,True,True,1.430511474609375e-06
1376,39.627399334014626,0,32.645333,True,True,1.430511474609375e-06
1377,39.66063694001059,0,33.148001,True,True,1.430511474609375e-06
1378,39.692672866018256,0,31.928333,True,True,1.430511474609375e-06
1379,39.719522519008024,0,26.73906,True,True,1.430511474609375e-06
1380,39.74979706099839,0,30.196667,True,True,1.430511474609375e-06
1381,39.798794597998494,0,48.894715,True,True,1.430511474609375e-06
1382,39.847976960008964,0,49.046151,True,True,1.430511474609375e-06
1383,39.880248169996776,0,32.140981,True,True,1.430511474609375e-06
1384,39.91238767199684,0,32.050645,True,True,1.430511474609375e-06
1385,39.94481509999605,0,32.326944,True,True,1.430511474609375e-06
1386,39.97687303001294,0,31.939548,True,True,1.430511474609375e-06
1387,40.00952510701609,0,32.559409,True,True,1.430511474609375e-06
1388,40.0364181290206,0,26.79529,True,True,1.430511474609375e-06
1389,40.06661931599956,0,30.122346,True,True,1.430511474609375e-06
1390,40.09364990601898,0,26.952817,True,True,1.430511474609375e-06
1391,40.11161988301319,0,17.903785,True,True,1.430511474609375e-06
1392,40.129060278006364,0,17.384861,True,True,1.430511474609375e-06
1393,40.14682410302339,0,17.713486,True,True,1.430511474609375e-06
1394,40.16470596601721,0,17.820525,True,True,1.430511474609375e-06
1395,40.182268917997135,0,17.513198,True,True,1.430511474609375e-06
1396,40.19969064599718,0,17.372496,True,True,1.430511474609375e-06
1397,40.21703225502279,0,17.289739,True,True,1.430511474609375e-06
1398,40.23452151301899,0,17.442614,True,True,1.430511474609375e-06
1399,40.252605693007354,0,18.041721,True,True,1.430511474609375e-06
1400,40.270866883016424,0,18.209553,True,True,1.430511474609375e-06
1401,40.30309422602295,0,32.175669,True,True,1.430511474609375e-06
1402,40.333085352001945,0,29.847573,True,True,1.430511474609375e-06
1403,40.36555741701159,0,32.376071,True,True,1.430511474609375e-06
1404,40.39826001902111,0,32.596469,True,True,1.430511474609375e-06
1405,40.431649824022315,0,33.304338,True,True,1.430511474609375e-06
1406,40.46405950401095,0,32.253437,True,True,1.430511474609375e-06
1407,40.49588402200607,0,31.742872,True,True,1.430511474609375e-06
1408,40.52836981302244,0,32.412578,True,True,1.430511474609375e-06
1409,40.561522998003056,0,33.013573,True,True,1.430511474609375e-06
1410,40.61110402201302,0,49.488256,True,True,1.430511474609375e-06
1411,40.644106243009446,0,32.880369,True,True,1.430511474609375e-06
1412,40.675995291996514,0,31.801741,True,True,1.430511474609375e-06
1413,40.70267258700915,0,26.602295,True,True,1.430511474609375e-06
1414,40.73263742501149,0,29.8932,True,True,1.430511474609375e-06
1415,40.764662419009255,0,31.951096,True,True,1.430511474609375e-06
1416,40.816001687024254,0,51.220872,True,True,1.430511474609375e-06
1417,40.86260175300413,0,46.454277,True,True,1.430511474609375e-06
1418,40.89517615400837,0,32.447216,True,True,1.430511474609375e-06
1419,40.927022474003024,0,31.759933,True,True,1.430511474609375e-06
1420,40.95431764802197,0,27.227198,True,True,1.430511474609375e-06
1421,40.983569191012066,0,29.191307,True,True,1.430511474609375e-06
1422,41.0150363050052,0,31.410369,True,True,1.430511474609375e-06
1423,41.047144192009,0,32.021893,True,True,1.430511474609375e-06
1424,41.07953669101698,0,32.289835,True,True,1.430511474609375e-06
1425,41.100279998005135,0,20.642624,True,True,1.430511474609375e-06
1426,41.11787146201823,0,17.510676,True,True,1.430511474609375e-06
1427,41.13597552201827,0,18.048939,True,True,1.430511474609375e-06
1428,41.15318284800742,0,17.144409,True,True,1.430511474609375e-06
1429,41.17090564902173,0,17.660968,True,True,1.430511474609375e-06
1430,41.188006016018335,0,17.042959,True,True,1.430511474609375e-06
1431,41.20533170300769,0,17.260875,True,True,1.430511474609375e-06
1432,41.22234952301369,0,16.963629,True,True,1.430511474609375e-06
1433,41.2507097760099,0,28.303157,True,True,1.430511474609375e-06
1434,41.269013647019165,0,18.232796,True,True,1.430511474609375e-06
1435,41.29925585401361,0,30.18222,True,True,1.430511474609375e-06
1436,41.32635521600605,0,26.985788,True,True,1.430511474609375e-06
1437,41.358136830007425,0,31.703453,True,True,1.430511474609375e-06
1438,41.38799298601225,0,29.757343,True,True,1.430511474609375e-06
1439,41.42056361702271,0,32.491115,True,True,1.430511474609375e-06
1440,41.45317289000377,0,32.522301,True,True,1.430511474609375e-06
1441,41.485162029013736,0,31.907731,True,True,1.430511474609375e-06
1442,41.51728779700352,0,32.049682,True,True,1.430511474609375e-06
1443,41.5498906840221,0,32.522017,True,True,1.430511474609375e-06
1444,41.582410219009034,0,32.438556,True,True,1.430511474609375e-06
1445,41.61456075901515,0,32.070365,True,True,1.430511474609375e-06
1446,41.64127092799754,0,26.62775,True,True,1.430511474609375e-06
1447,41.671071138000116,0,29.73142,True,True,1.430511474609375e-06
1448,41.703484855010174,0,32.346703,True,True,1.430511474609375e-06
1449,41.73632661800366,0,32.747272,True,True,1.430511474609375e-06
1450,41.76815166202141,0,31.690485,True,True,1.430511474609375e-06
1451,41.82017911801813,0,51.937053,True,True,1.430511474609375e-06
1452,41.866393410018645,0,46.077437,True,True,1.430511474609375e-06
1453,41.91534094902454,0,48.828569,True,True,1.430511474609375e-06
1454,41.94253587300773,0,27.08963,True,True,1.430511474609375e-06
1455,41.9720194490219,0,29.415282,True,True,1.430511474609375e-06
1456,42.004411728004925,0,32.330351,True,True,1.430511474609375e-06
1457,42.036715126014315,0,32.218094,True,True,1.430511474609375e-06
1458,42.06856229400728,0,31.761042,True,True,1.430511474609375e-06
1459,42.08834501900128,0,19.704236,True,True,1.430511474609375e-06
1460,42.106007304013474,0,17.603481,True,True,1.430511474609375e-06
1461,42.12311657500686,0,17.054168,True,True,1.430511474609375e-06
1462,42.14028583801701,0,17.120826,True,True,1.430511474609375e-06
1463,42.157795806997456,0,17.454638,True,True,1.430511474609375e-06
1464,42.17488272499759,0,17.036071,True,True,1.430511474609375e-06
1465,42.19196725002257,0,17.026755,True,True,1.430511474609375e-06
1466,42.20950449301745,0,17.483685,True,True,1.430511474609375e-06
1467,42.22643189801602,0,16.88032,True,True,1.430511474609375e-06
1468,42.24369173499872,0,17.205231,True,True,1.430511474609375e-06
1469,42.26547901701997,0,21.734643,True,True,1.430511474609375e-06
1470,42.29816678102361,0,32.621058,True,True,1.430511474609375e-06
1471,42.33055023802444,0,32.288764,True,True,1.430511474609375e-06
1472,42.36281228100415,0,32.169497,True,True,1.430511474609375e-06
1473,42.39477841599728,0,31.845253,True,True,1.430511474609375e-06
1474,42.42706463500508,0,32.156341,True,True,1.430511474609375e-06
1475,42.45979761501076,0,32.649604,True,True,1.430511474609375e-06
1476,42.49189704502351,0,32.016564,True,True,1.430511474609375e-06
1477,42.519010653020814,0,26.980837,True,True,1.430511474609375e-06
1478,42.54886347000138,0,29.746529,True,True,1.430511474609375e-06
1479,42.58144619400264,0,32.518061,True,True,1.430511474609375e-06
1480,42.61425546501414,0,32.726377,True,True,1.430511474609375e-06
1481,42.646200385002885,0,31.865853,True,True,1.430511474609375e-06
1482,42.67836675801664,0,32.087459,True,True,1.430511474609375e-06
1483,42.71135665400652,0,32.910754,True,True,1.430511474609375e-06
1484,42.7601717110083,0,48.717732,True,True,1.430511474609375e-06
1485,42.80930625202018,0,49.008418,True,True,1.430511474609375e-06
1486,42.85915800600196,0,49.716299,True,True,1.430511474609375e-06
1487,42.891005481011234,0,31.721942,True,True,1.430511474609375e-06
1488,42.9157905470056,0,24.704524,True,True,1.430511474609375e-06
1489,42.94778425002005,0,31.928208,True,True,1.430511474609375e-06
1490,42.979883972002426,0,32.017447,True,True,1.430511474609375e-06
1491,43.01206330501009,0,32.078425,True,True,1.430511474609375e-06
1492,43.04414748999989,0,31.992635,True,True,1.430511474609375e-06
1493,43.07637356701889,0,32.136823,True,True,1.430511474609375e-06
1494,43.096360435010865,0,19.907471,True,True,1.430511474609375e-06
1495,43.114028781012166,0,17.604956,True,True,1.430511474609375e-06
1496,43.13113162200898,0,17.052197,True,True,1.430511474609375e-06
1497,43.14847651901073,0,17.289212,True,True,1.430511474609375e-06
1498,43.165545595024014,0,17.011265,True,True,1.430511474609375e-06
1499,43.18296389601892,0,17.368569,True,True,1.430511474609375e-06
1500,43.200057723006466,0,17.044276,True,True,1.430511474609375e-06
1501,43.21735428599641,0,17.24587,True,True,1.430511474609375e-06
1502,43.23465255400515,0,17.235871,True,True,1.430511474609375e-06
1503,43.251788188004866,0,17.082564,True,True,1.430511474609375e-06
1504,43.26888214901555,0,17.039918,True,True,1.430511474609375e-06
1505,43.30197612801567,0,33.036381,True,True,1.430511474609375e-06
1506,43.33935531901079,0,37.275985,True,True,1.430511474609375e-06
1507,43.371604514017235,0,32.157651,True,True,1.430511474609375e-06
1508,43.40387262002332,0,32.153923,True,True,1.430511474609375e-06
1509,43.43652088299859,0,32.552407,True,True,1.430511474609375e-06
1510,43.463549260020955,0,26.94271,True,True,1.430511474609375e-06
1511,43.493410819006385,0,29.793874,True,True,1.430511474609375e-06
1512,43.52504185901489,0,31.569598,True,True,1.430511474609375e-06
1513,43.55720545400982,0,32.079423,True,True,1.430511474609375e-06
1514,43.606118294002954,0,48.832046,True,True,1.430511474609375e-06
1515,43.63831280701561,0,32.061657,True,True,1.430511474609375e-06
1516,43.6704235310026,0,32.036446,True,True,1.430511474609375e-06
1517,43.70268946100259,0,32.182582,True,True,1.430511474609375e-06
1518,43.73542760201963,0,32.63768,True,True,1.430511474609375e-06
1519,43.760445642023114,0,24.943319,True,True,1.430511474609375e-06
1520,43.79165261500748,0,31.142913,True,True,1.430511474609375e-06
1521,43.85679414801416,0,65.067563,True,True,1.430511474609375e-06
1522,43.888930540997535,0,32.002041,True,True,1.430511474609375e-06
1523,43.92079226701753,0,31.784977,True,True,1.430511474609375e-06
1524,43.95341170000029,0,32.546208,True,True,1.430511474609375e-06
1525,43.9806566760235,0,27.148233,True,True,1.430511474609375e-06
1526,44.012862135015894,0,32.070025,True,True,1.430511474609375e-06
1527,44.042967563000275,0,30.008734,True,True,1.430511474609375e-06
1528,44.07528399702278,0,32.243875,True,True,1.430511474609375e-06
1529,44.095600581000326,0,20.198928,True,True,1.430511474609375e-06
1530,44.114071638003225,0,18.341953,True,True,1.430511474609375e-06
1531,44.13148101401748,0,17.331357,True,True,1.430511474609375e-06
1532,44.14976128700073,0,18.21763,True,True,1.430511474609375e-06
1533,44.16745967100724,0,17.641785,True,True,1.430511474609375e-06
1534,44.18558914301684,0,18.072429,True,True,1.430511474609375e-06
1535,44.203081631014356,0,17.439121,True,True,1.430511474609375e-06
1536,44.220076969999354,0,16.948214,True,True,1.430511474609375e-06
1537,44.237283198017394,0,17.156712,True,True,1.430511474609375e-06
1538,44.25434261802002,0,17.006186,True,True,1.430511474609375e-06
1539,44.27935679501388,0,24.956891,True,True,1.430511474609375e-06
1540,44.31644367001718,0,37.013785,True,True,1.430511474609375e-06
1541,44.348924364021514,0,32.387257,True,True,1.430511474609375e-06
1542,44.381699730001856,0,32.670995,True,True,1.430511474609375e-06
1543,44.413553854014026,0,31.751075,True,True,1.430511474609375e-06
1544,44.44030705100158,0,26.672539,True,True,1.430511474609375e-06
1545,44.47001124199596,0,29.636727,True,True,1.430511474609375e-06
1546,44.502619020000566,0,32.540296,True,True,1.430511474609375e-06
1547,44.5352757970104,0,32.562673,True,True,1.430511474609375e-06
1548,44.56679005001206,0,31.431948,True,True,1.430511474609375e-06
1549,44.59912263401202,0,32.268076,True,True,1.430511474609375e-06
1550,44.63178904901724,0,32.585612,True,True,1.430511474609375e-06
1551,44.663998617004836,0,32.128007,True,True,1.430511474609375e-06
1552,44.69613720002235,0,32.06136,True,True,1.430511474609375e-06
1553,44.734890065999934,0,38.670314,True,True,1.430511474609375e-06
1554,44.76655208601733,0,31.561892,True,True,1.430511474609375e-06
1555,44.8010610260244,0,34.434706,True,True,1.430511474609375e-06
1556,44.86391155901947,0,62.636723,True,True,1.430511474609375e-06
1557,44.89582682601758,0,31.779602,True,True,1.430511474609375e-06
1558,44.9209498380078,0,25.031509,True,True,1.430511474609375e-06
1559,44.953178458003094,0,32.151582,True,True,1.430511474609375e-06
1560,44.985244519019034,0,31.976375,True,True,1.430511474609375e-06
1561,45.01728630400612,0,31.959036,True,True,1.430511474609375e-06
1562,45.050001875002636,0,32.630297,True,True,1.430511474609375e-06
1563,45.08217818199773,0,32.094821,True,True,1.430511474609375e-06
1564,45.10261179500958,0,20.345679,True,True,1.430511474609375e-06
1565,45.120301223010756,0,17.565788,True,True,1.430511474609375e-06
1566,45.13774726301199,0,17.370186,True,True,1.430511474609375e-06
1567,45.15498605702305,0,17.168172,True,True,1.430511474609375e-06
1568,45.172431287996005,0,17.38512,True,True,1.430511474609375e-06
1569,45.18952253702446,0,17.032226,True,True,1.430511474609375e-06
1570,45.206667705002474,0,17.087992,True,True,1.430511474609375e-06
1571,45.224105347006116,0,17.381395,True,True,1.430511474609375e-06
1572,45.241105723020155,0,16.929898,True,True,1.430511474609375e-06
1573,45.25851813101326,0,17.357174,True,True,1.430511474609375e-06
1574,45.275693132018205,0,17.116587,True,True,1.430511474609375e-06
1575,45.30774245300563,0,31.991843,True,True,1.430511474609375e-06
1576,45.34409869700903,0,36.257857,True,True,1.430511474609375e-06
1577,45.376307956001256,0,32.114305,True,True,1.430511474609375e-06
1578,45.409259192005266,0,32.848335,True,True,1.430511474609375e-06
1579,45.44186206199811,0,32.503481,True,True,1.430511474609375e-06
1580,45.469089874997735,0,27.111885,True,True,1.430511474609375e-06
1581,45.51871284801746,0,49.549258,True,True,1.430511474609375e-06
1582,45.54892756100162,0,30.076813,True,True,1.430511474609375e-06
1583,45.58039534901036,0,31.385251,True,True,1.430511474609375e-06
1584,45.61217967301491,0,31.70854,True,True,1.430511474609375e-06
1585,45.64423426400754,0,31.972029,True,True,1.430511474609375e-06
1586,45.67633277000277,0,31.989389,True,True,1.430511474609375e-06
1587,45.7090443240013,0,32.621711,True,True,1.430511474609375e-06
1588,45.741475072019966,0,32.340518,True,True,1.430511474609375e-06
1589,45.76851085401722,0,26.951754,True,True,1.430511474609375e-06
1590,45.80303083002218,0,34.431211,True,True,1.430511474609375e-06
1591,45.8637849210063,0,60.613639,True,True,1.430511474609375e-06
1592,45.89596220100066,0,32.038727,True,True,1.430511474609375e-06
1593,45.927604423020966,0,31.551838,True,True,1.430511474609375e-06
1594,45.960128163016634,0,32.454333,True,True,1.430511474609375e-06
1595,45.9930616330239,0,32.83248,True,True,1.430511474609375e-06
1596,46.025154995004414,0,32.01037,True,True,1.430511474609375e-06
1597,46.056867341016186,0,31.625085,True,True,1.430511474609375e-06
1598,46.08450550000998,0,27.563501,True,True,1.430511474609375e-06
1599,46.10268477501813,0,18.093662,True,True,1.430511474609375e-06
1600,46.12001167199924,0,17.261353,True,True,1.430511474609375e-06
1601,46.13733069100999,0,17.25943,True,True,1.430511474609375e-06
1602,46.15477195501444,0,17.386847,True,True,1.430511474609375e-06
1603,46.171865010022884,0,17.041744,True,True,1.430511474609375e-06
1604,46.18912319402443,0,17.200817,True,True,1.430511474609375e-06
1605,46.206214347999776,0,17.038314,True,True,1.430511474609375e-06
1606,46.22329409001395,0,17.030588,True,True,1.430511474609375e-06
1607,46.24055179700372,0,17.204352,True,True,1.430511474609375e-06
1608,46.257567246007966,0,16.963024,True,True,1.430511474609375e-06
1609,46.28206666102051,0,24.447189,True,True,1.430511474609375e-06
1610,46.314592242008075,0,32.443585,True,True,1.430511474609375e-06
1611,46.346769783005584,0,32.051244,True,True,1.430511474609375e-06
1612,46.37980235001305,0,32.902276,True,True,1.430511474609375e-06
1613,46.409907835011836,0,29.983419,True,True,1.430511474609375e-06
1614,46.44254481000826,0,32.54402,True,True,1.430511474609375e-06
1615,46.47469032602385,0,32.05273,True,True,1.430511474609375e-06
1616,46.50655744600226,0,31.777481,True,True,1.430511474609375e-06
1617,46.538498755020555,0,31.869065,True,True,1.430511474609375e-06
1618,46.570787100004964,0,32.212773,True,True,1.430511474609375e-06
1619,46.60380211399752,0,32.927893,True,True,1.430511474609375e-06
1620,46.635427248023916,0,31.536795,True,True,1.430511474609375e-06
1621,46.660451736999676,0,24.956628,True,True,1.430511474609375e-06
1622,46.69149039601325,0,30.975846,True,True,1.430511474609375e-06
1623,46.723833730997285,0,32.280451,True,True,1.430511474609375e-06
1624,46.75569268502295,0,31.775558,True,True,1.430511474609375e-06
1625,46.78787066999939,0,32.094749,True,True,1.430511474609375e-06
1626,46.83728964201873,0,49.338065,True,True,1.430511474609375e-06
1627,46.86991375099751,0,32.487075,True,True,1.430511474609375e-06
1628,46.896597120008664,0,26.596723,True,True,1.430511474609375e-06
1629,46.92585549902287,0,29.194364,True,True,1.430511474609375e-06
1630,46.95815174700692,0,32.238954,True,True,1.430511474609375e-06
1631,46.98996696801623,0,31.738966,True,True,1.430511474609375e-06
1632,47.02214050400653,0,32.091345,True,True,1.430511474609375e-06
1633,47.0539369470207,0,31.714007,True,True,1.430511474609375e-06
1634,47.0809548929974,0,26.939498,True,True,1.430511474609375e-06
1635,47.09874192200368,0,17.720676,True,True,1.430511474609375e-06
1636,47.11614519302384,0,17.347812,True,True,1.430511474609375e-06
1637,47.13433145501767,0,18.13465,True,True,1.430511474609375e-06
1638,47.15168609301327,0,17.28796,True,True,1.430511474609375e-06
1639,47.17633187500178,0,24.582791,True,True,1.430511474609375e-06
1640,47.197899128019344,0,21.465268,True,True,1.430511474609375e-06
1641,47.215419250016566,0,17.447587,True,True,1.430511474609375e-06
1642,47.23281019300339,0,17.336823,True,True,1.430511474609375e-06
1643,47.25137112100492,0,18.508158,True,True,1.430511474609375e-06
1644,47.27371127202059,0,22.291535,True,True,1.430511474609375e-06
1645,47.3055791350198,0,31.795773,True,True,1.430511474609375e-06
1646,47.338032177998684,0,32.356951,True,True,1.430511474609375e-06
1647,47.37098039299599,0,32.811902,True,True,1.430511474609375e-06
1648,47.402928440016694,0,31.852038,True,True,1.430511474609375e-06
1649,47.429811873007566,0,26.802841,True,True,1.430511474609375e-06
1650,47.459698895021575,0,29.760224,True,True,1.430511474609375e-06
1651,47.4921662179986,0,32.341631,True,True,1.430511474609375e-06
1652,47.524802237021504,0,32.54691,True,True,1.430511474609375e-06
1653,47.55668248899747,0,31.806326,True,True,1.430511474609375e-06
1654,47.589129660016624,0,32.362379,True,True,1.430511474609375e-06
1655,47.62135809301981,0,32.151406,True,True,1.430511474609375e-06
1656,47.65346486400813,0,32.028038,True,True,1.430511474609375e-06
1657,47.68622585001867,0,32.684632,True,True,1.430511474609375e-06
1658,47.71328059100779,0,26.975824,True,True,1.430511474609375e-06
1659,47.743156320997514,0,29.798426,True,True,1.430511474609375e-06
1660,47.77482213699841,0,31.60372,True,True,1.430511474609375e-06
1661,47.80700101199909,0,32.100806,True,True,1.430511474609375e-06
1662,47.86502662699786,0,57.928232,True,True,1.430511474609375e-06
1663,47.884239724022336,0,19.038592,True,True,1.430511474609375e-06
1664,47.90183826800785,0,17.509248,True,True,1.430511474609375e-06
1665,47.94641181101906,0,44.505452,True,True,1.430511474609375e-06
1666,47.97630494402256,0,29.76135,True,True,1.430511474609375e-06
1667,48.009034579998115,0,32.639803,True,True,1.430511474609375e-06
1668,48.04187718601315,0,32.751757,True,True,1.430511474609375e-06
1669,48.07369088800624,0,31.726331,True,True,1.430511474609375e-06
1670,48.10038920902298,0,26.624388,True,True,1.430511474609375e-06
1671,48.11871361301746,0,18.264745,True,True,1.430511474609375e-06
1672,48.13594281201949,0,17.167601,True,True,1.430511474609375e-06
1673,48.153090344014345,0,17.086503,True,True,1.430511474609375e-06
1674,48.170461261004675,0,17.319659,True,True,1.430511474609375e-06
1675,48.18850383500103,0,17.980691,True,True,1.430511474609375e-06
1676,48.205957716010744,0,17.396894,True,True,1.430511474609375e-06
1677,48.22402055602288,0,18.012712,True,True,1.430511474609375e-06
1678,48.24119856901234,0,17.126897,True,True,1.430511474609375e-06
1679,48.25868592900224,0,17.437643,True,True,1.430511474609375e-06
1680,48.290288677002536,0,31.551898,True,True,1.430511474609375e-06
1681,48.3202471450204,0,29.858875,True,True,1.430511474609375e-06
1682,48.352163492003456,0,31.840789,True,True,1.430511474609375e-06
1683,48.384375690016896,0,32.114398,True,True,1.430511474609375e-06
1684,48.41728881900781,0,32.830644,True,True,1.430511474609375e-06
1685,48.449422230012715,0,32.052113,True,True,1.430511474609375e-06
1686,48.48164205500507,0,32.137543,True,True,1.430511474609375e-06
1687,48.530491690005874,0,48.749479,True,True,1.430511474609375e-06
1688,48.55738811701303,0,26.77759,True,True,1.430511474609375e-06
1689,48.587126236001495,0,29.664483,True,True,1.430511474609375e-06
1690,48.61962798400782,0,32.437453,True,True,1.430511474609375e-06
1691,48.65186765699764,0,32.129589,True,True,1.430511474609375e-06
1692,48.68349287001183,0,31.54143,True,True,1.430511474609375e-06
1693,48.71556865001912,0,32.004806,True,True,1.430511474609375e-06
1694,48.74824389501009,0,32.583813,True,True,1.430511474609375e-06
1695,48.780383799021365,0,32.053853,True,True,1.430511474609375e-06
1696,48.80748794801184,0,27.022766,True,True,1.430511474609375e-06
1697,48.854612006020034,0,47.04649,True,True,1.430511474609375e-06
1698,48.88545953799621,0,30.695018,True,True,1.430511474609375e-06
1699,48.91723450602149,0,31.687441,True,True,1.430511474609375e-06
1700,48.949950877024094,0,32.636861,True,True,1.430511474609375e-06
1701,48.982173607015284,0,32.131418,True,True,1.430511474609375e-06
1702,49.01431219300139,0,31.996948,True,True,1.430511474609375e-06
1703,49.04717064401484,0,32.777192,True,True,1.430511474609375e-06
1704,49.07410518100369,0,26.846903,True,True,1.430511474609375e-06
1705,49.09239454299677,0,18.221261,True,True,1.430511474609375e-06
1706,49.110287409013836,0,17.776446,True,True,1.430511474609375e-06
1707,49.12755904102232,0,17.184791,True,True,1.430511474609375e-06
1708,49.14482417202089,0,17.199696,True,True,1.430511474609375e-06
1709,49.16322365301312,0,18.341728,True,True,1.430511474609375e-06
1710,49.18046422000043,0,17.179692,True,True,1.430511474609375e-06
1711,49.198698421008885,0,18.175555,True,True,1.430511474609375e-06
1712,49.21586055401713,0,17.107584,True,True,1.430511474609375e-06
1713,49.23395895201247,0,18.052054,True,True,1.430511474609375e-06
1714,49.25153993599815,0,17.526099,True,True,1.430511474609375e-06
1715,49.28167565702461,0,30.085133,True,True,1.430511474609375e-06
1716,49.313416926015634,0,31.6599,True,True,1.430511474609375e-06
1717,49.36273231901578,0,49.226415,True,True,1.430511474609375e-06
1718,49.39486025102087,0,31.995402,True,True,1.430511474609375e-06
1719,49.42723924599704,0,32.280835,True,True,1.430511474609375e-06
1720,49.45985154202208,0,32.500424,True,True,1.430511474609375e-06
1721,49.49217724101618,0,32.230895,True,True,1.430511474609375e-06
1722,49.51925774101983,0,26.995094,True,True,1.430511474609375e-06
1723,49.55189539300045,0,32.567739,True,True,1.430511474609375e-06
1724,49.584020664013224,0,32.021682,True,True,1.430511474609375e-06
1725,49.61420260500745,0,30.085666,True,True,1.430511474609375e-06
1726,49.64689294202253,0,32.61308,True,True,1.430511474609375e-06
1727,49.67889043301693,0,31.874097,True,True,1.430511474609375e-06
1728,49.710844517016085,0,31.87244,True,True,1.430511474609375e-06
1729,49.74273635001737,0,31.803946,True,True,1.430511474609375e-06
1730,49.77512576599838,0,32.316377,True,True,1.430511474609375e-06
1731,49.80780091800261,0,32.590538,True,True,1.430511474609375e-06
1732,49.856661941012135,0,48.780454,True,True,1.430511474609375e-06
1733,49.88369936399977,0,26.89276,True,True,1.430511474609375e-06
1734,49.913813743012724,0,30.031456,True,True,1.430511474609375e-06
1735,49.946575744019356,0,32.692493,True,True,1.430511474609375e-06
1736,49.97885262299678,0,32.19147,True,True,1.430511474609375e-06
1737,50.01046085200505,0,31.525858,True,True,1.430511474609375e-06
1738,50.04219002102036,0,31.663643,True,True,1.430511474609375e-06
1739,50.07425707799848,0,31.983989,True,True,1.430511474609375e-06
1740,50.09450296201976,0,20.170156,True,True,1.430511474609375e-06
1741,50.11200494199875,0,17.440885,True,True,1.430511474609375e-06
1742,50.129230221005855,0,17.17708,True,True,1.430511474609375e-06
1743,50.146637419005856,0,17.361602,True,True,1.430511474609375e-06
1744,50.16405188300996,0,17.363045,True,True,1.430511474609375e-06
1745,50.191706055018585,0,27.595406,True,True,1.430511474609375e-06
1746,50.21013704201323,0,18.345252,True,True,1.430511474609375e-06
1747,50.22746995300986,0,17.269846,True,True,1.430511474609375e-06
1748,50.24547217000509,0,17.944309,True,True,1.430511474609375e-06
1749,50.26287326501915,0,17.343573,True,True,1.430511474609375e-06
1750,50.292917292012135,0,29.988078,True,True,1.430511474609375e-06
1751,50.325701253023,0,32.705789,True,True,1.430511474609375e-06
1752,50.35762256500311,0,31.815112,True,True,1.430511474609375e-06
1753,50.38466380300815,0,26.919035,True,True,1.430511474609375e-06
1754,50.41410938301124,0,29.364008,True,True,1.430511474609375e-06
1755,50.44615644501755,0,31.978877,True,True,1.430511474609375e-06
1756,50.47855478900601,0,32.312667,True,True,1.430511474609375e-06
1757,50.510913158010226,0,32.284033,True,True,1.430511474609375e-06
1758,50.542737638024846,0,31.746861,True,True,1.430511474609375e-06
1759,50.57451074299752,0,31.696888,True,True,1.430511474609375e-06
1760,50.60152487200685,0,26.935825,True,True,1.430511474609375e-06
1761,50.631071711017285,0,29.477728,True,True,1.430511474609375e-06
1762,50.66299130799598,0,31.855707,True,True,1.430511474609375e-06
1763,50.6948854670045,0,31.816419,True,True,1.430511474609375e-06
1764,50.727074666006956,0,32.105277,True,True,1.430511474609375e-06
1765,50.75899208401097,0,31.836459,True,True,1.430511474609375e-06
1766,50.79093428901979,0,31.862017,True,True,1.430511474609375e-06
1767,50.83566079000593,0,44.644466,True,True,1.430511474609375e-06
1768,50.884411706996616,0,48.606312,True,True,1.430511474609375e-06
1769,50.914157346007414,0,29.606449,True,True,1.430511474609375e-06
1770,50.945866927009774,0,31.622833,True,True,1.430511474609375e-06
1771,50.97795235001831,0,32.010495,True,True,1.430511474609375e-06
1772,51.01052595701185,0,32.492304,True,True,1.430511474609375e-06
1773,51.042468075000215,0,31.861418,True,True,1.430511474609375e-06
1774,51.074595444020815,0,32.049341,True,True,1.430511474609375e-06
1775,51.095216896006605,0,20.53564,True,True,1.430511474609375e-06
1776,51.112350047013024,0,17.068589,True,True,1.430511474609375e-06
1777,51.12972578901099,0,17.321786,True,True,1.430511474609375e-06
1778,51.14696493302472,0,17.186363,True,True,1.430511474609375e-06
1779,51.16417419302161,0,17.159812,True,True,1.430511474609375e-06
1780,51.181423376023304,0,17.196903,True,True,1.430511474609375e-06
1781,51.19848388302489,0,17.005711,True,True,1.430511474609375e-06
1782,51.21577237101155,0,17.239569,True,True,1.430511474609375e-06
1783,51.23288457200397,0,17.066315,True,True,1.430511474609375e-06
1784,51.250418238021666,0,17.481476,True,True,1.430511474609375e-06
1785,51.26762070402037,0,17.155263,True,True,1.430511474609375e-06
1786,51.29951348801842,0,31.836405,True,True,1.430511474609375e-06
1787,51.33669713902054,0,37.066523,True,True,1.430511474609375e-06
1788,51.36426021202351,0,27.449806,True,True,1.430511474609375e-06
1789,51.393648725003004,0,29.301351,True,True,1.430511474609375e-06
1790,51.42550171900075,0,31.781451,True,True,1.430511474609375e-06
1791,51.45766287102015,0,32.072843,True,True,1.430511474609375e-06
1792,51.489487314014696,0,31.733714,True,True,1.430511474609375e-06
1793,51.52145824901527,0,31.891344,True,True,1.430511474609375e-06
1794,51.554003865021514,0,32.465031,True,True,1.430511474609375e-06
1795,51.58088714099722,0,26.807231,True,True,1.430511474609375e-06
1796,51.61315527901752,0,32.187149,True,True,1.430511474609375e-06
1797,51.64357410199591,0,30.323864,True,True,1.430511474609375e-06
1798,51.67568587500136,0,32.01822,True,True,1.430511474609375e-06
1799,51.70821573201101,0,32.417555,True,True,1.430511474609375e-06
1800,51.74031075500534,0,31.981104,True,True,1.430511474609375e-06
1801,51.77203670801828,0,31.630113,True,True,1.430511474609375e-06
1802,51.80459419201361,0,32.473397,True,True,1.430511474609375e-06
1803,51.865179639018606,0,60.481497,True,True,1.430511474609375e-06
1804,51.896406675019534,0,31.085443,True,True,1.430511474609375e-06
1805,51.92642738702125,0,29.929848,True,True,1.430511474609375e-06
1806,51.958962072007125,0,32.453273,True,True,1.430511474609375e-06
1807,51.992490467004245,0,33.40449,True,True,1.430511474609375e-06
1808,52.02452463802183,0,31.92518,True,True,1.430511474609375e-06
1809,52.056353660009336,0,31.756364,True,True,1.430511474609375e-06
1810,52.08363719301997,0,27.211759,True,True,1.430511474609375e-06
1811,52.111248715023976,0,27.545047,True,True,1.430511474609375e-06
1812,52.12937456101645,0,18.01999,True,True,1.430511474609375e-06
1813,52.1474120549974,0,17.973925,True,True,1.430511474609375e-06
1814,52.164966462005395,0,17.48604,True,True,1.430511474609375e-06
1815,52.18341562501155,0,18.397724,True,True,1.430511474609375e-06
1816,52.20088926801691,0,17.41659,True,True,1.430511474609375e-06
1817,52.218198918999406,0,17.260165,True,True,1.430511474609375e-06
1818,52.23531438500504,0,17.067285,True,True,1.430511474609375e-06
1819,52.252643840998644,0,17.27441,True,True,1.430511474609375e-06
1820,52.27666473502177,0,23.971931,True,True,1.430511474609375e-06
1821,52.3096805960231,0,32.928525,True,True,1.430511474609375e-06
1822,52.34145871401415,0,31.634847,True,True,1.430511474609375e-06
1823,52.37204305001069,0,30.471051,True,True,1.430511474609375e-06
1824,52.40463076799642,0,32.501731,True,True,1.430511474609375e-06
1825,52.437115631008055,0,32.391527,True,True,1.430511474609375e-06
1826,52.46961128502153,0,32.35814,True,True,1.430511474609375e-06
1827,52.50213341001654,0,32.435797,True,True,1.430511474609375e-06
1828,52.53426234200015,0,32.044799,True,True,1.430511474609375e-06
1829,52.56662579800468,0,32.281136,True,True,1.430511474609375e-06
1830,52.59929484000895,0,32.567885,True,True,1.430511474609375e-06
1831,52.62626939199981,0,26.888584,True,True,1.430511474609375e-06
1832,52.6584904960182,0,32.15041,True,True,1.430511474609375e-06
1833,52.68824729102198,0,29.647238,True,True,1.430511474609375e-06
1834,52.720775716006756,0,32.455959,True,True,1.430511474609375e-06
1835,52.75310442299815,0,32.24481,True,True,1.430511474609375e-06
1836,52.785815209004795,0,32.605452,True,True,1.430511474609375e-06
1837,52.8213174380071,0,35.400824,True,True,1.430511474609375e-06
1838,52.88406374902115,0,62.60775,True,True,1.430511474609375e-06
1839,52.91666510302457,0,32.460997,True,True,1.430511474609375e-06
1840,52.94902993700816,0,32.282892,True,True,1.430511474609375e-06
1841,52.98090817101183,0,31.794315,True,True,1.430511474609375e-06
1842,53.007902245997684,0,26.908213,True,True,1.430511474609375e-06
1843,53.03898702401784,0,31.015262,True,True,1.430511474609375e-06
1844,53.0706691830128,0,31.615867,True,True,1.430511474609375e-06
1845,53.09087593402364,0,20.121701,True,True,1.430511474609375e-06
1846,53.10838687600335,0,17.448109,True,True,1.430511474609375e-06
1847,53.125807368021924,0,17.364437,True,True,1.430511474609375e-06
1848,53.143742751999525,0,17.884209,True,True,1.430511474609375e-06
1849,53.161900866020005,0,18.109129,True,True,1.430511474609375e-06
1850,53.17924431301071,0,17.298522,True,True,1.430511474609375e-06
1851,53.19639958100743,0,17.113311,True,True,1.430511474609375e-06
1852,53.213649937009905,0,17.196271,True,True,1.430511474609375e-06
1853,53.230838585004676,0,17.144639,True,True,1.430511474609375e-06
1854,53.24896200202056,0,18.081399,True,True,1.430511474609375e-06
1855,53.27139886101941,0,22.389169,True,True,1.430511474609375e-06
1856,53.30376571501256,0,32.308147,True,True,1.430511474609375e-06
1857,53.33571519100224,0,31.873967,True,True,1.430511474609375e-06
1858,53.36826571400161,0,32.469308,True,True,1.430511474609375e-06
1859,53.40097241901094,0,32.623454,True,True,1.430511474609375e-06
1860,53.43277220000164,0,31.721299,True,True,1.430511474609375e-06
1861,53.46540850101155,0,32.555364,True,True,1.430511474609375e-06
1862,53.492831038020086,0,27.342994,True,True,1.430511474609375e-06
1863,53.522057805996155,0,29.16507,True,True,1.430511474609375e-06
1864,53.55430142302066,0,32.184812,True,True,1.430511474609375e-06
1865,53.5867243760149,0,32.348556,True,True,1.430511474609375e-06
1866,53.61893669201527,0,32.133901,True,True,1.430511474609375e-06
1867,53.65119813301135,0,32.186037,True,True,1.430511474609375e-06
1868,53.683357483008876,0,32.071395,True,True,1.430511474609375e-06
1869,53.716163939010585,0,32.726624,True,True,1.430511474609375e-06
1870,53.74872777200653,0,32.476091,True,True,1.430511474609375e-06
1871,53.79238895900198,0,43.57548,True,True,1.430511474609375e-06
1872,53.85161739299656,0,59.086993,True,True,1.430511474609375e-06
1873,53.900990648020525,0,49.225702,True,True,1.430511474609375e-06
1874,53.93336493201787,0,32.235501,True,True,1.430511474609375e-06
1875,53.96523360902211,0,31.765364,True,True,1.430511474609375e-06
1876,53.99285045202123,0,27.537681,True,True,1.430511474609375e-06
1877,54.022557460004464,0,29.579543,True,True,1.430511474609375e-06
1878,54.05388657099684,0,31.247557,True,True,1.430511474609375e-06
1879,54.08132148202276,0,27.364597,True,True,1.430511474609375e-06
1880,54.099161503021605,0,17.78309,True,True,1.430511474609375e-06
1881,54.11792317300569,0,18.645194,True,True,1.430511474609375e-06
1882,54.135472958005266,0,17.470452,True,True,1.430511474609375e-06
1883,54.15356368399807,0,18.027736,True,True,1.430511474609375e-06
1884,54.17067107200273,0,17.049992,True,True,1.430511474609375e-06
1885,54.187862743012374,0,17.138162,True,True,1.430511474609375e-06
1886,54.205421804013895,0,17.507304,True,True,1.430511474609375e-06
1887,54.22321262702462,0,17.741878,True,True,1.430511474609375e-06
1888,54.24081368400948,0,17.557273,True,True,1.430511474609375e-06
1889,54.25788430601824,0,17.012267,True,True,1.430511474609375e-06
1890,54.288277942017885,0,30.335003,True,True,1.430511474609375e-06
1891,54.32004279902321,0,31.66319,True,True,1.430511474609375e-06
1892,54.351899157016305,0,31.770549,True,True,1.430511474609375e-06
1893,54.38379887701012,0,31.801465,True,True,1.430511474609375e-06
1894,54.41563746202155,0,31.743921,True,True,1.430511474609375e-06
1895,54.4607502350118,0,45.034878,True,True,1.430511474609375e-06
1896,54.49171073699836,0,30.821827,True,True,1.430511474609375e-06
1897,54.52174238700536,0,29.958701,True,True,1.430511474609375e-06
1898,54.55376708699623,0,31.956781,True,True,1.430511474609375e-06
1899,54.58564997999929,0,31.791333,True,True,1.430511474609375e-06
1900,54.617553131014574,0,31.811746,True,True,1.430511474609375e-06
1901,54.650562658003764,0,32.924495,True,True,1.430511474609375e-06
1902,54.683132602018304,0,32.433562,True,True,1.430511474609375e-06
1903,54.715074581996305,0,31.871047,True,True,1.430511474609375e-06
1904,54.742233608005336,0,27.057998,True,True,1.430511474609375e-06
1905,54.7719757379964,0,29.668474,True,True,1.430511474609375e-06
1906,54.80386184199597,0,31.816714,True,True,1.430511474609375e-06
1907,54.853397715021856,0,49.414893,True,True,1.430511474609375e-06
1908,54.90207992400974,0,48.543094,True,True,1.430511474609375e-06
1909,54.93426857600571,0,32.065645,True,True,1.430511474609375e-06
1910,54.966602466010954,0,32.254949,True,True,1.430511474609375e-06
1911,54.99929004602018,0,32.604194,True,True,1.430511474609375e-06
1912,55.03142382501392,0,32.055381,True,True,1.430511474609375e-06
1913,55.05848533302196,0,26.983029,True,True,1.430511474609375e-06
1914,55.08368652500212,0,25.136901,True,True,1.430511474609375e-06
1915,55.111208529007854,0,27.466632,True,True,1.430511474609375e-06
1916,55.12915844999952,0,17.85049,True,True,1.430511474609375e-06
1917,55.14660612901207,0,17.377927,True,True,1.430511474609375e-06
1918,55.163898597005755,0,17.233511,True,True,1.430511474609375e-06
1919,55.18125782199786,0,17.304778,True,True,1.430511474609375e-06
1920,55.19833028601715,0,17.018995,True,True,1.430511474609375e-06
1921,55.215656023006886,0,17.273605,True,True,1.430511474609375e-06
1922,55.23284392099595,0,17.130393,True,True,1.430511474609375e-06
1923,55.250012951000826,0,17.113062,True,True,1.430511474609375e-06
1924,55.27426259900676,0,24.199696,True,True,1.430511474609375e-06
1925,55.31213262499659,0,37.784546,True,True,1.430511474609375e-06
1926,55.34423440802493,0,31.985414,True,True,1.430511474609375e-06
1927,55.37149342201883,0,27.168997,True,True,1.430511474609375e-06
1928,55.4033457589976,0,31.77197,True,True,1.430511474609375e-06
1929,55.43312464302289,0,29.690619,True,True,1.430511474609375e-06
1930,55.46523175900802,0,32.030661,True,True,1.430511474609375e-06
1931,55.49816773002385,0,32.795772,True,True,1.430511474609375e-06
1932,55.531650382006774,0,33.340845,True,True,1.430511474609375e-06
1933,55.56335106000188,0,31.563481,True,True,1.430511474609375e-06
1934,55.59544052599813,0,31.991384,True,True,1.430511474609375e-06
1935,55.628379419009434,0,32.858372,True,True,1.430511474609375e-06
1936,55.66034973002388,0,31.869469,True,True,1.430511474609375e-06
1937,55.6875465370249,0,27.107355,True,True,1.430511474609375e-06
1938,55.71763849601848,0,29.990986,True,True,1.430511474609375e-06
1939,55.74899996200111,0,31.269562,True,True,1.430511474609375e-06
1940,55.78133772700676,0,32.255906,True,True,1.430511474609375e-06
1941,55.816334493021714,0,34.894044,True,True,1.430511474609375e-06
1942,55.864779034018284,0,48.30546,True,True,1.430511474609375e-06
1943,55.91168846201617,0,46.754821,True,True,1.430511474609375e-06
1944,55.96098287400673,0,49.162738,True,True,1.430511474609375e-06
1945,55.99296674400102,0,31.85389,True,True,1.430511474609375e-06
1946,56.01994022700819,0,26.898665,True,True,1.430511474609375e-06
1947,56.049443538009655,0,29.437571,True,True,1.430511474609375e-06
1948,56.0813919500215,0,31.885382,True,True,1.430511474609375e-06
1949,56.10134712900617,0,19.872732,True,True,1.430511474609375e-06
1950,56.11903223601985,0,17.628079,True,True,1.430511474609375e-06
1951,56.13635478101787,0,17.271213,True,True,1.430511474609375e-06
1952,56.15358771401225,0,17.157786,True,True,1.430511474609375e-06
1953,56.17085854100878,0,17.21427,True,True,1.430511474609375e-06
1954,56.18903807300376,0,18.127864,True,True,1.430511474609375e-06
1955,56.20629240901326,0,17.205624,True,True,1.430511474609375e-06
1956,56.22350034600822,0,17.161639,True,True,1.430511474609375e-06
1957,56.24053901899606,0,16.99068,True,True,1.430511474609375e-06
1958,56.25762506300816,0,17.040515,True,True,1.430511474609375e-06
1959,56.2825727580057,0,24.900565,True,True,1.430511474609375e-06
1960,56.3152966540074,0,32.650218,True,True,1.430511474609375e-06
1961,56.34750629399787,0,32.113353,True,True,1.430511474609375e-06
1962,56.377440869022394,0,29.821617,True,True,1.430511474609375e-06
1963,56.409594693017425,0,32.052734,True,True,1.430511474609375e-06
1964,56.44211954600178,0,32.433037,True,True,1.430511474609375e-06
1965,56.47420058702119,0,32.000419,True,True,1.430511474609375e-06
1966,56.50638282901491,0,32.108915,True,True,1.430511474609375e-06
1967,56.538631579023786,0,32.178613,True,True,1.430511474609375e-06
1968,56.565532626002096,0,26.811313,True,True,1.430511474609375e-06
1969,56.59759610099718,0,32.001117,True,True,1.430511474609375e-06
1970,56.62741753901355,0,29.751311,True,True,1.430511474609375e-06
1971,56.659362029022304,0,31.879712,True,True,1.430511474609375e-06
1972,56.6912990710116,0,31.856699,True,True,1.430511474609375e-06
1973,56.73102705500787,0,39.647498,True,True,1.430511474609375e-06
1974,56.763879599020584,0,32.742056,True,True,1.430511474609375e-06
1975,56.81512031701277,0,51.152546,True,True,1.430511474609375e-06
1976,56.85925302701071,0,43.9735,True,True,1.430511474609375e-06
1977,56.90837138899951,0,48.997676,True,True,1.430511474609375e-06
1978,56.940688244998455,0,32.177015,True,True,1.430511474609375e-06
1979,56.97239799401723,0,31.613078,True,True,1.430511474609375e-06
1980,57.004775110021,0,32.302179,True,True,1.430511474609375e-06
1981,57.031639171007555,0,26.780113,True,True,1.430511474609375e-06
1982,57.06144245399628,0,29.732229,True,True,1.430511474609375e-06
1983,57.08821143201203,0,26.69683,True,True,1.430511474609375e-06
1984,57.105621899012476,0,17.350547,True,True,1.430511474609375e-06
1985,57.12296792800771,0,17.291008,True,True,1.430511474609375e-06
1986,57.140280129999155,0,17.26594,True,True,1.430511474609375e-06
1987,57.15721735401894,0,16.892025,True,True,1.430511474609375e-06
1988,57.1746317280049,0,17.369242,True,True,1.430511474609375e-06
1989,57.19162941901595,0,16.950184,True,True,1.430511474609375e-06
1990,57.208756239007926,0,17.08343,True,True,1.430511474609375e-06
1991,57.22579677999602,0,16.995223,True,True,1.430511474609375e-06
1992,57.243177039024886,0,17.339551,True,True,1.430511474609375e-06
1993,57.26041298202472,0,17.192268,True,True,1.430511474609375e-06
1994,57.290127298998414,0,29.670642,True,True,1.430511474609375e-06
1995,57.32139579800423,0,31.192599,True,True,1.430511474609375e-06
1996,57.35354822600493,0,32.090505,True,True,1.430511474609375e-06
1997,57.386181160021806,0,32.499398,True,True,1.430511474609375e-06
1998,57.419099337013904,0,32.785079,True,True,1.430511474609375e-06
1999,57.45097061002161,0,31.778902,True,True,1.430511474609375e-06
2000,57.483273954014294,0,32.228349,True,True,1.430511474609375e-06
2001,57.510872320010094,0,27.462686,True,True,1.430511474609375e-06
2002,57.540003610018175,0,29.044589,True,True,1.430511474609375e-06
2003,57.57217055300134,0,32.082373,True,True,1.430511474609375e-06
2004,57.60467597801471,0,32.410585,True,True,1.430511474609375e-06
2005,57.636751687008655,0,31.983594,True,True,1.430511474609375e-06
2006,57.669030300021404,0,32.197287,True,True,1.430511474609375e-06
2007,57.70167882202077,0,32.566734,True,True,1.430511474609375e-06
2008,57.73403176001739,0,32.264392,True,True,1.430511474609375e-06
2009,57.76656410199939,0,32.427807,True,True,1.430511474609375e-06
2010,57.7995625520125,0,32.890462,True,True,1.430511474609375e-06
2011,57.8439254219993,0,44.256185,True,True,1.430511474609375e-06
2012,57.87553757900605,0,31.476015,True,True,1.430511474609375e-06
2013,57.92264418400009,0,47.02372,True,True,1.430511474609375e-06
2014,57.95437149601639,0,31.594054,True,True,1.430511474609375e-06
2015,57.986239846999524,0,31.782894,True,True,1.430511474609375e-06
2016,58.01854178501526,0,32.219773,True,True,1.430511474609375e-06
2017,58.050351550016785,0,31.727907,True,True,1.430511474609375e-06
2018,58.077396302018315,0,26.976752,True,True,1.430511474609375e-06
2019,58.0953160750214,0,17.862393,True,True,1.430511474609375e-06
2020,58.11365869300789,0,18.289791,True,True,1.430511474609375e-06
2021,58.13112863901188,0,17.416588,True,True,1.430511474609375e-06
2022,58.14935934401001,0,18.176238,True,True,1.430511474609375e-06
2023,58.16699910600437,0,17.589752,True,True,1.430511474609375e-06
2024,58.18515115900664,0,18.103856,True,True,1.430511474609375e-06
2025,58.2026280760183,0,17.424487,True,True,1.430511474609375e-06
2026,58.22060302901082,0,17.920449,True,True,1.430511474609375e-06
2027,58.238032852998,0,17.379957,True,True,1.430511474609375e-06
2028,58.25544943800196,0,17.369171,True,True,1.430511474609375e-06
2029,58.28709196901764,0,31.58123,True,True,1.430511474609375e-06
2030,58.31990558002144,0,32.698987,True,True,1.430511474609375e-06
2031,58.350006863998715,0,30.007,True,True,1.430511474609375e-06
2032,58.382571980997454,0,32.491817,True,True,1.430511474609375e-06
2033,58.41470800800016,0,32.047032,True,True,1.430511474609375e-06
2034,58.4466997020063,0,31.912773,True,True,1.430511474609375e-06
2035,58.4796298930014,0,32.840845,True,True,1.430511474609375e-06
2036,58.512316723004915,0,32.582382,True,True,1.430511474609375e-06
2037,58.54411882601562,0,31.699558,True,True,1.430511474609375e-06
2038,58.57091157301329,0,26.710467,True,True,1.430511474609375e-06
2039,58.600515425001504,0,29.529971,True,True,1.430511474609375e-06
2040,58.633197507006116,0,32.596576,True,True,1.430511474609375e-06
2041,58.665904818015406,0,32.597673,True,True,1.430511474609375e-06
2042,58.71499125601258,0,48.983242,True,True,1.430511474609375e-06
2043,58.746853974997066,0,31.743701,True,True,1.430511474609375e-06
2044,58.77877469800296,0,31.842781,True,True,1.430511474609375e-06
2045,58.813470735010924,0,34.626213,True,True,1.430511474609375e-06
2046,58.86164910701336,0,48.063013,True,True,1.430511474609375e-06
2047,58.91111571501824,0,49.340137,True,True,1.430511474609375e-06
2048,58.943264507019194,0,32.014652,True,True,1.430511474609375e-06
2049,58.97038198102382,0,27.021306,True,True,1.430511474609375e-06
2050,59.00319808200584,0,32.739855,True,True,1.430511474609375e-06
2051,59.033212306007044,0,29.87418,True,True,1.430511474609375e-06
2052,59.06485197000438,0,31.558305,True,True,1.430511474609375e-06
2053,59.091838341002585,0,26.917209,True,True,1.430511474609375e-06
2054,59.10999820000143,0,18.090848,True,True,1.430511474609375e-06
2055,59.128398713015486,0,18.296146,True,True,1.430511474609375e-06
2056,59.14587101500365,0,17.388308,True,True,1.430511474609375e-06
2057,59.163127349020215,0,17.195635,True,True,1.430511474609375e-06
2058,59.180327449023025,0,17.144842,True,True,1.430511474609375e-06
2059,59.19752649901784,0,17.14047,True,True,1.430511474609375e-06
2060,59.21470612499979,0,17.127903,True,True,1.430511474609375e-06
2061,59.23230339901056,0,17.54984,True,True,1.430511474609375e-06
2062,59.24949715202092,0,17.136392,True,True,1.430511474609375e-06
2063,59.266534409020096,0,16.984064,True,True,1.430511474609375e-06
2064,59.29868043601164,0,32.096857,True,True,1.430511474609375e-06
2065,59.3286164230085,0,29.809479,True,True,1.430511474609375e-06
2066,59.361063489021035,0,32.36011,True,True,1.430511474609375e-06
2067,59.393828390020644,0,32.6547,True,True,1.430511474609375e-06
2068,59.42581723400508,0,31.873431,True,True,1.430511474609375e-06
2069,59.45806176701444,0,32.168045,True,True,1.430511474609375e-06
2070,59.49003881099634,0,31.891982,True,True,1.430511474609375e-06
2071,59.5221375550027,0,32.014676,True,True,1.430511474609375e-06
2072,59.55458076600917,0,32.367299,True,True,1.430511474609375e-06
2073,59.57960316599929,0,24.940698,True,True,1.430511474609375e-06
2074,59.61144231600338,0,31.770858,True,True,1.430511474609375e-06
2075,59.64327109101578,0,31.741097,True,True,1.430511474609375e-06
2076,59.675197858014144,0,31.840221,True,True,1.430511474609375e-06
2077,59.70794305400341,0,32.667844,True,True,1.430511474609375e-06
2078,59.74072479401366,0,32.679443,True,True,1.430511474609375e-06
2079,59.77290229900973,0,32.074285,True,True,1.430511474609375e-06
2080,59.805627491005,0,32.638234,True,True,1.430511474609375e-06
2081,59.84957623700029,0,43.860272,True,True,1.430511474609375e-06
2082,59.884874855022645,0,35.149489,True,True,1.430511474609375e-06
2083,59.92828195501352,0,43.264352,True,True,1.430511474609375e-06
2084,59.96023550501559,0,31.835176,True,True,1.430511474609375e-06
2085,59.991659207997145,0,31.313226,True,True,1.430511474609375e-06
2086,60.02344737900421,1,31.712326,True,True,1.430511474609375e-06
2087,60.06256934301928,1,39.054008,True,True,1.430511474609375e-06
2088,60.08885153301526,1,26.175715,True,True,1.430511474609375e-06
2089,60.106598979007686,1,17.680731,True,True,1.430511474609375e-06
2090,60.12400331601384,1,17.352384,True,True,1.430511474609375e-06
2091,60.14118084101938,1,17.13102,True,True,1.430511474609375e-06
2092,60.158320643007755,1,17.085308,True,True,1.430511474609375e-06
2093,60.17555429501226,1,17.179955,True,True,1.430511474609375e-06
2094,60.192734595999354,1,17.128994,True,True,1.430511474609375e-06
2095,60.209908399003325,1,17.120184,True,True,1.430511474609375e-06
2096,60.226990765018854,1,17.035854,True,True,1.430511474609375e-06
2097,60.24401643901365,1,16.982231,True,True,1.430511474609375e-06
2098,60.26133706202381,1,17.272338,True,True,1.430511474609375e-06
2099,60.293227435002336,1,31.839766,True,True,1.430511474609375e-06
2100,60.32317342600436,1,29.836071,True,True,1.430511474609375e-06
2101,60.35419673900469,1,30.942129,True,True,1.430511474609375e-06
2102,60.4040584230097,1,49.777738,True,True,1.430511474609375e-06
2103,60.43594028201187,1,31.746397,True,True,1.430511474609375e-06
2104,60.46777627200936,1,31.755178,True,True,1.430511474609375e-06
2105,60.49983019501087,1,31.982309,True,True,1.430511474609375e-06
2106,60.53286379700876,1,32.954604,True,True,1.430511474609375e-06
2107,60.564972802007105,1,32.027677,True,True,1.430511474609375e-06
2108,60.59190917000524,1,26.8573,True,True,1.430511474609375e-06
2109,60.62221795899677,1,30.241307,True,True,1.430511474609375e-06
2110,60.66651607400854,1,44.234816,True,True,1.430511474609375e-06
2111,60.698731281008804,1,32.110099,True,True,1.430511474609375e-06
2112,60.72580692500924,1,26.964362,True,True,1.430511474609375e-06
2113,60.7557272289996,1,29.843474,True,True,1.430511474609375e-06
2114,60.7879506140016,1,32.160369,True,True,1.430511474609375e-06
2115,60.83513812001911,1,47.099044,True,True,1.430511474609375e-06
2116,60.86913492900203,1,33.860846,True,True,1.430511474609375e-06
2117,60.90386517799925,1,34.636563,True,True,1.430511474609375e-06
2118,60.95025775700924,1,46.271988,True,True,1.430511474609375e-06
2119,60.982214959018165,1,31.841482,True,True,1.430511474609375e-06
2120,61.008838247013045,1,26.550948,True,True,1.430511474609375e-06
2121,61.05588221602375,1,46.9749,True,True,1.430511474609375e-06
2122,61.08282210901962,1,26.799402,True,True,1.430511474609375e-06
2123,61.10076116700657,1,17.853787,True,True,1.430511474609375e-06
2124,61.118146354012424,1,17.324699,True,True,1.430511474609375e-06
2125,61.13549482601229,1,17.298023,True,True,1.430511474609375e-06
2126,61.15292840200709,1,17.375567,True,True,1.430511474609375e-06
2127,61.17044872700353,1,17.412142,True,True,1.430511474609375e-06
2128,61.188172786001815,1,17.618031,True,True,1.430511474609375e-06
2129,61.20624456301448,1,18.002265,True,True,1.430511474609375e-06
2130,61.223487374023534,1,17.188973,True,True,1.430511474609375e-06
2131,61.2469130870013,1,23.375107,True,True,1.430511474609375e-06
2132,61.27165209699888,1,24.665857,True,True,1.430511474609375e-06
2133,61.30358704100945,1,31.866905,True,True,1.430511474609375e-06
2134,61.335764741001185,1,32.080232,True,True,1.430511474609375e-06
2135,61.366519330011215,1,30.652775,True,True,1.430511474609375e-06
2136,61.397459615021944,1,30.842103,True,True,1.430511474609375e-06
2137,61.42923847702332,1,31.70707,True,True,1.430511474609375e-06
2138,61.461333773011575,1,32.028338,True,True,1.430511474609375e-06
2139,61.49321371500264,1,31.768065,True,True,1.430511474609375e-06
2140,61.525973340001656,1,32.675065,True,True,1.430511474609375e-06
2141,61.553033920004964,1,26.964546,True,True,1.430511474609375e-06
2142,61.58249426900875,1,29.383587,True,True,1.430511474609375e-06
2143,61.61510970100062,1,32.548233,True,True,1.430511474609375e-06
2144,61.64732236802229,1,32.124822,True,True,1.430511474609375e-06
2145,61.67930844501825,1,31.90811,True,True,1.430511474609375e-06
2146,61.728675908001605,1,49.285219,True,True,1.430511474609375e-06
2147,61.76077167101903,1,31.967158,True,True,1.430511474609375e-06
2148,61.7923300290131,1,31.482137,True,True,1.430511474609375e-06
2149,61.846656351001,1,54.237324,True,True,1.430511474609375e-06
2150,61.878741733002244,1,31.935275,True,True,1.430511474609375e-06
2151,61.928152197011514,1,49.307331,True,True,1.430511474609375e-06
2152,61.960349758999655,1,32.059504,True,True,1.430511474609375e-06
2153,61.992341002012836,1,31.887098,True,True,1.430511474609375e-06
2154,62.01907213401864,1,26.642223,True,True,1.430511474609375e-06
2155,62.04904099801206,1,29.889223,True,True,1.430511474609375e-06
2156,62.081310516019585,1,32.193238,True,True,1.430511474609375e-06
2157,62.10122820700053,1,19.822282,True,True,1.430511474609375e-06
2158,62.11902131701936,1,17.729306,True,True,1.430511474609375e-06
2159,62.13617580101709,1,17.096082,True,True,1.430511474609375e-06
2160,62.15346336399671,1,17.223781,True,True,1.430511474609375e-06
2161,62.17064023501007,1,17.123428,True,True,1.430511474609375e-06
2162,62.18784015299752,1,17.144285,True,True,1.430511474609375e-06
2163,62.20513441201183,1,17.235236,True,True,1.430511474609375e-06
2164,62.222189557011006,1,17.007007,True,True,1.430511474609375e-06
2165,62.239242472016485,1,17.002346,True,True,1.430511474609375e-06
2166,62.25649961500312,1,17.203602,True,True,1.430511474609375e-06
2167,62.280503584013786,1,23.953602,True,True,1.430511474609375e-06
2168,62.31297536002239,1,32.387997,True,True,1.430511474609375e-06
2169,62.343510663020425,1,30.430178,True,True,1.430511474609375e-06
2170,62.375039190024836,1,31.446466,True,True,1.430511474609375e-06
2171,62.40751547701075,1,32.376444,True,True,1.430511474609375e-06
2172,62.440443322004285,1,32.814356,True,True,1.430511474609375e-06
2173,62.475439527013805,1,34.890604,True,True,1.430511474609375e-06
2174,62.50722282001516,1,31.683187,True,True,1.430511474609375e-06
2175,62.55571271901135,1,48.409374,True,True,1.430511474609375e-06
2176,62.588413840014255,1,32.583562,True,True,1.430511474609375e-06
2177,62.62043774902122,1,31.920406,True,True,1.430511474609375e-06
2178,62.647311751003144,1,26.798854,True,True,1.430511474609375e-06
2179,62.676929036999354,1,29.547286,True,True,1.430511474609375e-06
2180,62.70891621802002,1,31.925266,True,True,1.430511474609375e-06
2181,62.74117248100811,1,32.171424,True,True,1.430511474609375e-06
2182,62.77254758900381,1,31.298284,True,True,1.430511474609375e-06
2183,62.80464230000507,1,32.026641,True,True,1.430511474609375e-06
2184,62.85341463799705,1,48.679944,True,True,1.430511474609375e-06
2185,62.88526058400748,1,31.710659,True,True,1.430511474609375e-06
2186,62.92707311100094,1,41.73084,True,True,1.430511474609375e-06
2187,62.958610368019436,1,31.409907,True,True,1.430511474609375e-06
2188,62.99034344102256,1,31.652438,True,True,1.430511474609375e-06
2189,63.0218629790179,1,31.448797,True,True,1.430511474609375e-06
2190,63.05933794900193,1,37.407327,True,True,1.430511474609375e-06
2191,63.08681213200907,1,27.385533,True,True,1.430511474609375e-06
2192,63.10423043402261,1,17.356341,True,True,1.430511474609375e-06
2193,63.121404953999445,1,17.115175,True,True,1.430511474609375e-06
2194,63.13877405101084,1,17.320128,True,True,1.430511474609375e-06
2195,63.155928537016734,1,17.102588,True,True,1.430511474609375e-06
2196,63.17326828301884,1,17.293345,True,True,1.430511474609375e-06
2197,63.190526991005754,1,17.211998,True,True,1.430511474609375e-06
2198,63.20764710201183,1,17.072677,True,True,1.430511474609375e-06
2199,63.22484683201765,1,17.156515,True,True,1.430511474609375e-06
2200,63.2420167500095,1,17.124677,True,True,1.430511474609375e-06
2201,63.25923309402424,1,17.161583,True,True,1.430511474609375e-06
2202,63.28878194501158,1,29.492881,True,True,1.430511474609375e-06
2203,63.320977421011776,1,32.11008,True,True,1.430511474609375e-06
2204,63.3529800150136,1,31.916738,True,True,1.430511474609375e-06
2205,63.40186404500855,1,48.784409,True,True,1.430511474609375e-06
2206,63.43380154200713,1,31.813188,True,True,1.430511474609375e-06
2207,63.46678110101493,1,32.8917,True,True,1.430511474609375e-06
2208,63.49923074099934,1,32.342472,True,True,1.430511474609375e-06
2209,63.531016918015666,1,31.697502,True,True,1.430511474609375e-06
2210,63.557589917007135,1,26.503554,True,True,1.430511474609375e-06
2211,63.587275229016086,1,29.624138,True,True,1.430511474609375e-06
2212,63.61917222701595,1,31.833623,True,True,1.430511474609375e-06
2213,63.653568561014254,1,34.311497,True,True,1.430511474609375e-06
2214,63.688912758021615,1,35.21585,True,True,1.430511474609375e-06
2215,63.71978770001442,1,30.767488,True,True,1.430511474609375e-06
2216,63.75180575202103,1,31.93773,True,True,1.430511474609375e-06
2217,63.78370835000533,1,31.81335,True,True,1.430511474609375e-06
2218,63.818438336020336,1,34.646806,True,True,1.430511474609375e-06
2219,63.86512950900942,1,46.557852,True,True,1.430511474609375e-06
2220,63.89739762400859,1,32.147346,True,True,1.430511474609375e-06
2221,63.938438767014304,1,40.956544,True,True,1.430511474609375e-06
2222,63.972011434001615,1,33.435101,True,True,1.430511474609375e-06
2223,64.00391227201908,1,31.76278,True,True,1.430511474609375e-06
2224,64.03587257501204,1,31.827642,True,True,1.430511474609375e-06
2225,64.06857624000986,1,32.601144,True,True,1.430511474609375e-06
2226,64.08916868100641,1,20.488947,True,True,1.430511474609375e-06
2227,64.10689989401726,1,17.664415,True,True,1.430511474609375e-06
2228,64.12443032700685,1,17.427877,True,True,1.430511474609375e-06
2229,64.14209157699952,1,17.552811,True,True,1.430511474609375e-06
2230,64.16022663502372,1,18.046146,True,True,1.430511474609375e-06
2231,64.17761408002116,1,17.314614,True,True,1.430511474609375e-06
2232,64.1955965399975,1,17.923443,True,True,1.430511474609375e-06
2233,64.21305128801032,1,17.40444,True,True,1.430511474609375e-06
2234,64.23061259899987,1,17.512996,True,True,1.430511474609375e-06
2235,64.25229293599841,1,21.624766,True,True,1.430511474609375e-06
2236,64.28177446001791,1,29.412403,True,True,1.430511474609375e-06
2237,64.3088566280203,1,26.989667,True,True,1.430511474609375e-06
2238,64.3388351710164,1,29.902334,True,True,1.430511474609375e-06
2239,64.3703816490015,1,31.462443,True,True,1.430511474609375e-06
2240,64.40205226899707,1,31.59109,True,True,1.430511474609375e-06
2241,64.43412100401474,1,31.974032,True,True,1.430511474609375e-06
2242,64.4670168000157,1,32.818981,True,True,1.430511474609375e-06
2243,64.49927766399924,1,32.161148,True,True,1.430511474609375e-06
2244,64.53123047499685,1,31.85513,True,True,1.430511474609375e-06
2245,64.55886369099608,1,27.554869,True,True,1.430511474609375e-06
2246,64.5887256800197,1,29.790972,True,True,1.430511474609375e-06
2247,64.62011746299686,1,31.30813,True,True,1.430511474609375e-06
2248,64.65240226901369,1,32.211004,True,True,1.430511474609375e-06
2249,64.68555915201432,1,33.056313,True,True,1.430511474609375e-06
2250,64.71843829800491,1,32.780154,True,True,1.430511474609375e-06
2251,64.75063747400418,1,32.096313,True,True,1.430511474609375e-06
2252,64.78394345400739,1,33.211849,True,True,1.430511474609375e-06
2253,64.81913157799863,1,35.090244,True,True,1.430511474609375e-06
2254,64.86816839099629,1,48.892321,True,True,1.430511474609375e-06
2255,64.90135127402027,1,33.052941,True,True,1.430511474609375e-06
2256,64.95100013402407,1,49.533461,True,True,1.430511474609375e-06
2257,64.98402476499905,1,32.894442,True,True,1.430511474609375e-06
2258,65.01600915900781,1,31.882327,True,True,1.430511474609375e-06
2259,65.04883828602033,1,32.741117,True,True,1.430511474609375e-06
2260,65.07593250100035,1,26.994421,True,True,1.430511474609375e-06
2261,65.09433670600993,1,18.305387,True,True,1.430511474609375e-06
2262,65.11198183600209,1,17.573468,True,True,1.430511474609375e-06
2263,65.12926776299719,1,17.218471,True,True,1.430511474609375e-06
2264,65.14676705401507,1,17.443376,True,True,1.430511474609375e-06
2265,65.16378576602438,1,16.96573,True,True,1.430511474609375e-06
2266,65.18119973602006,1,17.347936,True,True,1.430511474609375e-06
2267,65.19829295499949,1,17.03793,True,True,1.430511474609375e-06
2268,65.2152544069977,1,16.909881,True,True,1.430511474609375e-06
2269,65.23232048301725,1,17.020084,True,True,1.430511474609375e-06
2270,65.24947269100812,1,17.09892,True,True,1.430511474609375e-06
2271,65.27372057799948,1,24.198568,True,True,1.430511474609375e-06
2272,65.32776362702134,1,53.952053,True,True,1.430511474609375e-06
2273,65.35495609100326,1,27.05863,True,True,1.430511474609375e-06
2274,65.3844153190148,1,29.35377,True,True,1.430511474609375e-06
2275,65.41572055700817,1,31.213662,True,True,1.430511474609375e-06
2276,65.46069607301615,1,44.891491,True,True,1.430511474609375e-06
2277,65.48804535501404,1,27.223978,True,True,1.430511474609375e-06
2278,65.51704690902261,1,28.902933,True,True,1.430511474609375e-06
2279,65.54960583301727,1,32.485726,True,True,1.430511474609375e-06
2280,65.58144556201296,1,31.729973,True,True,1.430511474609375e-06
2281,65.6137698420207,1,32.246234,True,True,1.430511474609375e-06
2282,65.64673550601583,1,32.870195,True,True,1.430511474609375e-06
2283,65.67920791500364,1,32.36461,True,True,1.430511474609375e-06
2284,65.71166711501428,1,32.35226,True,True,1.430511474609375e-06
2285,65.74462603000575,1,32.843857,True,True,1.430511474609375e-06
2286,65.77658819401404,1,31.844737,True,True,1.430511474609375e-06
2287,65.80345536701498,1,26.785971,True,True,1.430511474609375e-06
2288,65.850441194023,1,46.905955,True,True,1.430511474609375e-06
2289,65.8822855160106,1,31.706266,True,True,1.430511474609375e-06
2290,65.91794383100932,1,35.564552,True,True,1.430511474609375e-06
2291,65.96355214901268,1,45.460473,True,True,1.430511474609375e-06
2292,65.99659315802273,1,32.91318,True,True,1.430511474609375e-06
2293,66.02922310199938,1,32.527155,True,True,1.430511474609375e-06
2294,66.06524900300428,1,35.923418,True,True,1.430511474609375e-06
2295,66.0931000620185,1,27.740506,True,True,1.430511474609375e-06
2296,66.11098170201876,1,17.807124,True,True,1.430511474609375e-06
2297,66.12801407201914,1,16.969493,True,True,1.430511474609375e-06
2298,66.14522914701956,1,17.157499,True,True,1.430511474609375e-06
2299,66.16231917301775,1,17.030509,True,True,1.430511474609375e-06
2300,66.17944456799887,1,17.072937,True,True,1.430511474609375e-06
2301,66.1967715320061,1,17.272874,True,True,1.430511474609375e-06
2302,66.2138790160243,1,17.049193,True,True,1.430511474609375e-06
2303,66.23128032599925,1,17.353799,True,True,1.430511474609375e-06
2304,66.24819799599936,1,16.865669,True,True,1.430511474609375e-06
2305,66.2655860260129,1,17.339148,True,True,1.430511474609375e-06
2306,66.29513647200656,1,29.496139,True,True,1.430511474609375e-06
2307,66.3270834540017,1,31.845502,True,True,1.430511474609375e-06
2308,66.35883456902229,1,31.667049,True,True,1.430511474609375e-06
2309,66.3915349279996,1,32.60531,True,True,1.430511474609375e-06
2310,66.42494031501701,1,33.278698,True,True,1.430511474609375e-06
2311,66.45770011600689,1,32.660784,True,True,1.430511474609375e-06
2312,66.49008059201878,1,32.267801,True,True,1.430511474609375e-06
2313,66.52293634301168,1,32.755726,True,True,1.430511474609375e-06
2314,66.54998796002474,1,26.946596,True,True,1.430511474609375e-06
2315,66.57970448202104,1,29.631782,True,True,1.430511474609375e-06
2316,66.61081717102206,1,31.030106,True,True,1.430511474609375e-06
2317,66.64358361400082,1,32.686601,True,True,1.430511474609375e-06
2318,66.67847300702124,1,34.776965,True,True,1.430511474609375e-06
2319,66.71050321601797,1,31.921944,True,True,1.430511474609375e-06
2320,66.74235226001474,1,31.732834,True,True,1.430511474609375e-06
2321,66.77436894000857,1,31.930882,True,True,1.430511474609375e-06
2322,66.80675009801053,1,32.300267,True,True,1.430511474609375e-06
2323,66.85607447099756,1,49.214433,True,True,1.430511474609375e-06
2324,66.88318688701838,1,26.973862,True,True,1.430511474609375e-06
2325,66.91817762400024,1,34.894105,True,True,1.430511474609375e-06
2326,66.96178986900486,1,43.434752,True,True,1.430511474609375e-06
2327,67.0111706360185,1,49.228917,True,True,1.430511474609375e-06
2328,67.04332384999725,1,32.02055,True,True,1.430511474609375e-06
2329,67.07566000000224,1,32.24138,True,True,1.430511474609375e-06
2330,67.09579171802034,1,20.030039,True,True,1.430511474609375e-06
2331,67.1133612220001,1,17.502118,True,True,1.430511474609375e-06
2332,67.1305880919972,1,17.172278,True,True,1.430511474609375e-06
2333,67.14794232402346,1,17.297802,True,True,1.430511474609375e-06
2334,67.16527281800518,1,17.270107,True,True,1.430511474609375e-06
2335,67.18244892201619,1,17.123524,True,True,1.430511474609375e-06
2336,67.2000907890033,1,17.586996,True,True,1.430511474609375e-06
2337,67.21713904401986,1,16.993738,True,True,1.430511474609375e-06
2338,67.23420768100186,1,17.022989,True,True,1.430511474609375e-06
2339,67.25760634901235,1,23.349031,True,True,1.430511474609375e-06
2340,67.28324599500047,1,25.565347,True,True,1.430511474609375e-06
2341,67.32059412400122,1,37.25328,True,True,1.430511474609375e-06
2342,67.34822407300817,1,27.478286,True,True,1.430511474609375e-06
2343,67.38098949901178,1,32.666664,True,True,1.430511474609375e-06
2344,67.41279456901248,1,31.660465,True,True,1.430511474609375e-06
2345,67.4435829060094,1,30.696183,True,True,1.430511474609375e-06
2346,67.47536295899772,1,31.702512,True,True,1.430511474609375e-06
2347,67.5076996209973,1,32.245478,True,True,1.430511474609375e-06
2348,67.53980059802416,1,31.970417,True,True,1.430511474609375e-06
2349,67.57171262401971,1,31.824318,True,True,1.430511474609375e-06
2350,67.60491376800928,1,33.119339,True,True,1.430511474609375e-06
2351,67.64435144801973,1,39.29483,True,True,1.430511474609375e-06
2352,67.68097196202143,1,36.475428,True,True,1.430511474609375e-06
2353,67.71316277200822,1,32.079633,True,True,1.430511474609375e-06
2354,67.74668508401373,1,33.420429,True,True,1.430511474609375e-06
2355,67.77746320801089,1,30.656916,True,True,1.430511474609375e-06
2356,67.80856764200144,1,31.019956,True,True,1.430511474609375e-06
2357,67.86516685399693,1,56.515887,True,True,1.430511474609375e-06
2358,67.89431483502267,1,29.002704,True,True,1.430511474609375e-06
2359,67.92573488800554,1,31.328195,True,True,1.430511474609375e-06
2360,67.97534610601724,1,49.519207,True,True,1.430511474609375e-06
2361,68.00761374100694,1,32.128011,True,True,1.430511474609375e-06
2362,68.03945264601498,1,31.73656,True,True,1.430511474609375e-06
2363,68.07133879000321,1,31.806273,True,True,1.430511474609375e-06
2364,68.09176323900465,1,20.33462,True,True,1.430511474609375e-06
2365,68.10918751600548,1,17.353651,True,True,1.430511474609375e-06
2366,68.1263896790042,1,17.145573,True,True,1.430511474609375e-06
2367,68.14422635300434,1,17.788051,True,True,1.430511474609375e-06
2368,68.16234014701331,1,18.052036,True,True,1.430511474609375e-06
2369,68.17975839402061,1,17.365198,True,True,1.430511474609375e-06
2370,68.19773741002427,1,17.928871,True,True,1.430511474609375e-06
2371,68.21495204302482,1,17.163987,True,True,1.430511474609375e-06
2372,68.23206799401669,1,17.07161,True,True,1.430511474609375e-06
2373,68.25040710900794,1,18.287644,True,True,1.430511474609375e-06
2374,68.2729206540098,1,22.462771,True,True,1.430511474609375e-06
2375,68.32267075701384,1,49.659894,True,True,1.430511474609375e-06
2376,68.35468460200354,1,31.86844,True,True,1.430511474609375e-06
2377,68.38649568302208,1,31.721017,True,True,1.430511474609375e-06
2378,68.41404775402043,1,27.476909,True,True,1.430511474609375e-06
2379,68.45626332500251,1,42.149781,True,True,1.430511474609375e-06
2380,68.48904559400398,1,32.682352,True,True,1.430511474609375e-06
2381,68.5213232030219,1,32.195155,True,True,1.430511474609375e-06
2382,68.55391138501,1,32.503942,True,True,1.430511474609375e-06
2383,68.58642116101691,1,32.413724,True,True,1.430511474609375e-06
2384,68.61333797502448,1,26.83843,True,True,1.430511474609375e-06
2385,68.643239817,1,29.83171,True,True,1.430511474609375e-06
2386,68.67558180401102,1,32.273888,True,True,1.430511474609375e-06
2387,68.70823793701129,1,32.566842,True,True,1.430511474609375e-06
2388,68.7398457720119,1,31.513379,True,True,1.430511474609375e-06
2389,68.77265597399673,1,32.742809,True,True,1.430511474609375e-06
2390,68.8045849550108,1,31.837514,True,True,1.430511474609375e-06
2391,68.85382664500503,1,49.157898,True,True,1.430511474609375e-06
2392,68.8859730210097,1,32.012974,True,True,1.430511474609375e-06
2393,68.9130591340072,1,27.002402,True,True,1.430511474609375e-06
2394,68.96020234402386,1,47.073392,True,True,1.430511474609375e-06
2395,68.99210894701537,1,31.773507,True,True,1.430511474609375e-06
2396,69.02467760400032,1,32.484942,True,True,1.430511474609375e-06
2397,69.06125237399829,1,36.43132,True,True,1.430511474609375e-06
2398,69.08719012400252,1,25.82313,True,True,1.430511474609375e-06
2399,69.10505023100995,1,17.784464,True,True,1.430511474609375e-06
2400,69.1224489910237,1,17.33857,True,True,1.430511474609375e-06
2401,69.15118256001733,1,28.635193,True,True,1.430511474609375e-06
2402,69.1695463329961,1,18.246505,True,True,1.430511474609375e-06
2403,69.1871294650191,1,17.512908,True,True,1.430511474609375e-06
2404,69.20437354801106,1,17.182826,True,True,1.430511474609375e-06
2405,69.22142070601694,1,16.991595,True,True,1.430511474609375e-06
2406,69.23961624200456,1,18.145894,True,True,1.430511474609375e-06
2407,69.25737925601425,1,17.695641,True,True,1.430511474609375e-06
2408,69.28216539300047,1,24.731132,True,True,1.430511474609375e-06
2409,69.31343264700263,1,31.179667,True,True,1.430511474609375e-06
2410,69.34380218500155,1,30.292736,True,True,1.430511474609375e-06
2411,69.37608839900349,1,32.189961,True,True,1.430511474609375e-06
2412,69.40796584999771,1,31.766823,True,True,1.430511474609375e-06
2413,69.44005162201938,1,31.993021,True,True,1.430511474609375e-06
2414,69.47203395501128,1,31.891224,True,True,1.430511474609375e-06
2415,69.50489246600773,1,32.778529,True,True,1.430511474609375e-06
2416,69.53712999401614,1,32.098306,True,True,1.430511474609375e-06
2417,69.56414601599681,1,26.920766,True,True,1.430511474609375e-06
2418,69.5940452820214,1,29.814209,True,True,1.430511474609375e-06
2419,69.62539162000758,1,31.268959,True,True,1.430511474609375e-06
2420,69.66558908100706,1,40.120022,True,True,1.430511474609375e-06
2421,69.6965005910024,1,30.758385,True,True,1.430511474609375e-06
2422,69.72685002500657,1,30.240441,True,True,1.430511474609375e-06
2423,69.7590497820056,1,32.122715,True,True,1.430511474609375e-06
2424,69.79104611702496,1,31.897585,True,True,1.430511474609375e-06
2425,69.83946572701097,1,48.335885,True,True,1.430511474609375e-06
2426,69.87214129901258,1,32.547952,True,True,1.430511474609375e-06
2427,69.90512075700099,1,32.879828,True,True,1.430511474609375e-06
2428,69.95446220002486,1,49.258905,True,True,1.430511474609375e-06
2429,70.00355862500146,1,48.959031,True,True,1.430511474609375e-06
2430,70.03067149201524,1,27.00546,True,True,1.430511474609375e-06
2431,70.06291776301805,1,32.175812,True,True,1.430511474609375e-06
2432,70.0881342330249,1,25.136068,True,True,1.430511474609375e-06
2433,70.10585324300337,1,17.647839,True,True,1.430511474609375e-06
2434,70.12296083802357,1,17.051246,True,True,1.430511474609375e-06
2435,70.14046219200827,1,17.449793,True,True,1.430511474609375e-06
2436,70.15759211202385,1,17.064104,True,True,1.430511474609375e-06
2437,70.17477793100988,1,17.129825,True,True,1.430511474609375e-06
2438,70.19292852701619,1,18.09191,True,True,1.430511474609375e-06
2439,70.21010208301595,1,17.114926,True,True,1.430511474609375e-06
2440,70.22783941100352,1,17.689459,True,True,1.430511474609375e-06
2441,70.25078436301555,1,22.898648,True,True,1.430511474609375e-06
2442,70.27405835100217,1,23.190749,True,True,1.430511474609375e-06
2443,70.30668917600997,1,32.557034,True,True,1.430511474609375e-06
2444,70.3388844540168,1,32.106194,True,True,1.430511474609375e-06
2445,70.37144840601832,1,32.47681,True,True,1.430511474609375e-06
2446,70.40458011301234,1,33.020383,True,True,1.430511474609375e-06
2447,70.43656835501315,1,31.880234,True,True,1.430511474609375e-06
2448,70.46368956001243,1,27.040677,True,True,1.430511474609375e-06
2449,70.4935067089973,1,29.734007,True,True,1.430511474609375e-06
2450,70.52632912399713,1,32.748035,True,True,1.430511474609375e-06
2451,70.55864233500324,1,32.172475,True,True,1.430511474609375e-06
2452,70.59047802400892,1,31.737372,True,True,1.430511474609375e-06
2453,70.62228586900164,1,31.727264,True,True,1.430511474609375e-06
2454,70.65502854401711,1,32.668135,True,True,1.430511474609375e-06
2455,70.68804378001369,1,32.899436,True,True,1.430511474609375e-06
2456,70.72019304701826,1,32.010386,True,True,1.430511474609375e-06
2457,70.74781856901245,1,27.533134,True,True,1.430511474609375e-06
2458,70.77750940300757,1,29.596411,True,True,1.430511474609375e-06
2459,70.80863675600267,1,31.046285,True,True,1.430511474609375e-06
2460,70.85831005001091,1,49.583131,True,True,1.430511474609375e-06
2461,70.89404293501866,1,35.591584,True,True,1.430511474609375e-06
2462,70.92580387499765,1,31.61631,True,True,1.430511474609375e-06
2463,70.96340428301482,1,37.50801,True,True,1.430511474609375e-06
2464,71.00588555002469,1,42.333875,True,True,1.430511474609375e-06
2465,71.03794857201865,1,31.950862,True,True,1.430511474609375e-06
2466,71.07027684600325,1,32.255014,True,True,1.430511474609375e-06
2467,71.09072667901637,1,20.355812,True,True,1.430511474609375e-06
2468,71.10818172601284,1,17.399193,True,True,1.430511474609375e-06
2469,71.12528722299612,1,17.050213,True,True,1.430511474609375e-06
2470,71.14253654601634,1,17.198499,True,True,1.430511474609375e-06
2471,71.1608098380093,1,18.2258,True,True,1.430511474609375e-06
2472,71.1781035400054,1,17.244052,True,True,1.430511474609375e-06
2473,71.19528529100353,1,17.133007,True,True,1.430511474609375e-06
2474,71.21239177000825,1,17.061863,True,True,1.430511474609375e-06
2475,71.22996379900724,1,17.528109,True,True,1.430511474609375e-06
2476,71.24759614700451,1,17.589185,True,True,1.430511474609375e-06
2477,71.26552338100737,1,17.883321,True,True,1.430511474609375e-06
2478,71.29759795501013,1,32.02847,True,True,1.430511474609375e-06
2479,71.32681834301911,1,29.079881,True,True,1.430511474609375e-06
2480,71.35971796899685,1,32.825783,True,True,1.430511474609375e-06
2481,71.39205080299871,1,32.23128,True,True,1.430511474609375e-06
2482,71.42461691601784,1,32.45729,True,True,1.430511474609375e-06
2483,71.45736445800867,1,32.629563,True,True,1.430511474609375e-06
2484,71.48949554201681,1,31.992672,True,True,1.430511474609375e-06
2485,71.52269126600004,1,33.102446,True,True,1.430511474609375e-06
2486,71.55546307601617,1,32.617777,True,True,1.430511474609375e-06
2487,71.58750057200086,1,31.935108,True,True,1.430511474609375e-06
2488,71.62704940800904,1,39.447093,True,True,1.430511474609375e-06
2489,71.65866418500082,1,31.476581,True,True,1.430511474609375e-06
2490,71.69020768400514,1,31.455222,True,True,1.430511474609375e-06
2491,71.72214572899975,1,31.831758,True,True,1.430511474609375e-06
2492,71.75513117900118,1,32.892277,True,True,1.430511474609375e-06
2493,71.78766188499867,1,32.421734,True,True,1.430511474609375e-06
2494,71.83128153701546,1,43.510027,True,True,1.430511474609375e-06
2495,71.86314168499666,1,31.71866,True,True,1.430511474609375e-06
2496,71.90804481701343,1,44.810984,True,True,1.430511474609375e-06
2497,71.94318077599746,1,35.005641,True,True,1.430511474609375e-06
2498,71.99222743601422,1,48.943455,True,True,1.430511474609375e-06
2499,72.0250147030165,1,32.656145,True,True,1.430511474609375e-06
2500,72.05676359302015,1,31.640125,True,True,1.430511474609375e-06
2501,72.08361299600801,1,26.775134,True,True,1.430511474609375e-06
2502,72.10237084500841,1,18.679726,True,True,1.430511474609375e-06
2503,72.12002767701051,1,17.599285,True,True,1.430511474609375e-06
2504,72.1381780920201,1,18.102041,True,True,1.430511474609375e-06
2505,72.15550135300145,1,17.260385,True,True,1.430511474609375e-06
2506,72.17263173000538,1,17.078761,True,True,1.430511474609375e-06
2507,72.18984546401771,1,17.163341,True,True,1.430511474609375e-06
2508,72.20785468400572,1,17.959703,True,True,1.430511474609375e-06
2509,72.22531669199816,1,17.407094,True,True,1.430511474609375e-06
2510,72.24252666500979,1,17.163739,True,True,1.430511474609375e-06
2511,72.25964144201134,1,17.064005,True,True,1.430511474609375e-06
2512,72.2891737720056,1,29.485006,True,True,1.430511474609375e-06
2513,72.32131991401548,1,32.070231,True,True,1.430511474609375e-06
2514,72.3538436020026,1,32.433078,True,True,1.430511474609375e-06
2515,72.38073345200974,1,26.791958,True,True,1.430511474609375e-06
2516,72.41028844701941,1,29.472955,True,True,1.430511474609375e-06
2517,72.44232713701786,1,31.966128,True,True,1.430511474609375e-06
2518,72.47448219399666,1,32.015313,True,True,1.430511474609375e-06
2519,72.50652234000154,1,31.924719,True,True,1.430511474609375e-06
2520,72.53799992101267,1,31.389047,True,True,1.430511474609375e-06
2521,72.5652561240131,1,27.166362,True,True,1.430511474609375e-06
2522,72.5970684280037,1,31.687224,True,True,1.430511474609375e-06
2523,72.62708669001586,1,29.933562,True,True,1.430511474609375e-06
2524,72.6587416639959,1,31.582122,True,True,1.430511474609375e-06
2525,72.69051653202041,1,31.68972,True,True,1.430511474609375e-06
2526,72.7228208410088,1,32.224226,True,True,1.430511474609375e-06
2527,72.7558885110193,1,32.967737,True,True,1.430511474609375e-06
2528,72.78865403600503,1,32.671692,True,True,1.430511474609375e-06
2529,72.83782241001609,1,49.033254,True,True,1.430511474609375e-06
2530,72.86992262900458,1,31.960839,True,True,1.430511474609375e-06
2531,72.89708869499736,1,27.070239,True,True,1.430511474609375e-06
2532,72.92722846200923,1,30.056005,True,True,1.430511474609375e-06
2533,72.9760734620213,1,48.759584,True,True,1.430511474609375e-06
2534,73.00839835600345,1,32.187107,True,True,1.430511474609375e-06
2535,73.04014966901741,1,31.645804,True,True,1.430511474609375e-06
2536,73.0720069950039,1,31.773798,True,True,1.430511474609375e-06
2537,73.0928541860194,1,20.764962,True,True,1.430511474609375e-06
2538,73.11020780602121,1,17.293516,True,True,1.430511474609375e-06
2539,73.1275498640025,1,17.288527,True,True,1.430511474609375e-06
2540,73.14466592599638,1,17.064872,True,True,1.430511474609375e-06
2541,73.16189285501605,1,17.16907,True,True,1.430511474609375e-06
2542,73.17919648002135,1,17.252871,True,True,1.430511474609375e-06
2543,73.19635815400397,1,17.108729,True,True,1.430511474609375e-06
2544,73.21464541801834,1,18.234002,True,True,1.430511474609375e-06
2545,73.23189377199742,1,17.197402,True,True,1.430511474609375e-06
2546,73.24919687802321,1,17.249227,True,True,1.430511474609375e-06
2547,73.26627739900141,1,17.032151,True,True,1.430511474609375e-06
2548,73.29882478099898,1,32.467947,True,True,1.430511474609375e-06
2549,73.33488542100531,1,35.942599,True,True,1.430511474609375e-06
2550,73.36725061901961,1,32.227914,True,True,1.430511474609375e-06
2551,73.39994948302046,1,32.596045,True,True,1.430511474609375e-06
2552,73.43311637101579,1,33.049391,True,True,1.430511474609375e-06
2553,73.46535915200366,1,32.128193,True,True,1.430511474609375e-06
2554,73.4926773890038,1,27.230584,True,True,1.430511474609375e-06
2555,73.52268532701419,1,29.884303,True,True,1.430511474609375e-06
2556,73.5537260370038,1,30.954977,True,True,1.430511474609375e-06
2557,73.6018191940093,1,48.008966,True,True,1.430511474609375e-06
2558,73.63441019001766,1,32.453041,True,True,1.430511474609375e-06
2559,73.66621869400842,1,31.714606,True,True,1.430511474609375e-06
2560,73.69881040899782,1,32.507122,True,True,1.430511474609375e-06
2561,73.72588603000622,1,26.984394,True,True,1.430511474609375e-06
2562,73.7553586710128,1,29.395279,True,True,1.430511474609375e-06
2563,73.78773374902084,1,32.310778,True,True,1.430511474609375e-06
2564,73.82284647901542,1,35.03149,True,True,1.430511474609375e-06
2565,73.86903413201799,1,46.056085,True,True,1.430511474609375e-06
2566,73.90142072801245,1,32.285768,True,True,1.430511474609375e-06
2567,73.93366726001841,1,32.161752,True,True,1.430511474609375e-06
2568,73.96912216002238,1,35.353383,True,True,1.430511474609375e-06
2569,74.01569176200428,1,46.432173,True,True,1.430511474609375e-06
2570,74.04295855300734,1,27.128166,True,True,1.430511474609375e-06
2571,74.07464902001084,1,31.574425,True,True,1.430511474609375e-06
2572,74.09314383001765,1,18.420156,True,True,1.430511474609375e-06
2573,74.11039094201988,1,17.187804,True,True,1.430511474609375e-06
2574,74.12769031702192,1,17.249929,True,True,1.430511474609375e-06
2575,74.14497855101945,1,17.225715,True,True,1.430511474609375e-06
2576,74.16235361399595,1,17.302874,True,True,1.430511474609375e-06
2577,74.17961471900344,1,17.190632,True,True,1.430511474609375e-06
2578,74.19765032900614,1,17.979533,True,True,1.430511474609375e-06
2579,74.21518358401954,1,17.47738,True,True,1.430511474609375e-06
2580,74.23233088300913,1,17.099453,True,True,1.430511474609375e-06
2581,74.26122207302251,1,28.831535,True,True,1.430511474609375e-06
2582,74.29341602500062,1,32.107022,True,True,1.430511474609375e-06
2583,74.32605419901665,1,32.524066,True,True,1.430511474609375e-06
2584,74.35613192801247,1,29.976032,True,True,1.430511474609375e-06
2585,74.38709930999903,1,30.864304,True,True,1.430511474609375e-06
2586,74.41913816900342,1,31.950645,True,True,1.430511474609375e-06
2587,74.45067136202124,1,31.454925,True,True,1.430511474609375e-06
2588,74.4826991840091,1,31.953626,True,True,1.430511474609375e-06
2589,74.51044513401575,1,27.661425,True,True,1.430511474609375e-06
2590,74.54212156601716,1,31.603001,True,True,1.430511474609375e-06
2591,74.57176767999772,1,29.550516,True,True,1.430511474609375e-06
2592,74.60378791199764,1,31.94659,True,True,1.430511474609375e-06
2593,74.63636054701055,1,32.487116,True,True,1.430511474609375e-06
2594,74.66846965701552,1,32.02258,True,True,1.430511474609375e-06
2595,74.70409850601573,1,35.549674,True,True,1.430511474609375e-06
2596,74.741555273009,1,37.33863,True,True,1.430511474609375e-06
2597,74.77155016700272,1,29.904282,True,True,1.430511474609375e-06
2598,74.80354904101114,1,31.92696,True,True,1.430511474609375e-06
2599,74.85280964302365,1,49.175691,True,True,1.430511474609375e-06
2600,74.88487374200486,1,31.926142,True,True,1.430511474609375e-06
2601,74.93509773601545,1,50.146985,True,True,1.430511474609375e-06
2602,74.98408815200673,1,48.851556,True,True,1.430511474609375e-06
2603,75.01617137400899,1,31.946737,True,True,1.430511474609375e-06
2604,75.04317616001936,1,26.927785,True,True,1.430511474609375e-06
2605,75.07482259199605,1,31.587736,True,True,1.430511474609375e-06
2606,75.09321676302352,1,18.32038,True,True,1.430511474609375e-06
2607,75.11043967001024,1,17.164176,True,True,1.430511474609375e-06
2608,75.12781093700323,1,17.322534,True,True,1.430511474609375e-06
2609,75.14599195402116,1,18.124631,True,True,1.430511474609375e-06
2610,75.16325800001505,1,17.214834,True,True,1.430511474609375e-06
2611,75.18048700402142,1,17.178032,True,True,1.430511474609375e-06
2612,75.19780500102206,1,17.263995,True,True,1.430511474609375e-06
2613,75.21478858002229,1,16.932213,True,True,1.430511474609375e-06
2614,75.23234555101953,1,17.506454,True,True,1.430511474609375e-06
2615,75.24967559901415,1,17.278929,True,True,1.430511474609375e-06
2616,75.27379307401134,1,24.068571,True,True,1.430511474609375e-06
2617,75.31166876701172,1,37.784834,True,True,1.430511474609375e-06
2618,75.34440873301355,1,32.623669,True,True,1.430511474609375e-06
2619,75.37152829000843,1,27.008554,True,True,1.430511474609375e-06
2620,75.40404552500695,1,32.425364,True,True,1.430511474609375e-06
2621,75.43407890401431,1,29.92794,True,True,1.430511474609375e-06
2622,75.46645962801995,1,32.297876,True,True,1.430511474609375e-06
2623,75.49884606502019,1,32.291672,True,True,1.430511474609375e-06
2624,75.53150679200189,1,32.570507,True,True,1.430511474609375e-06
2625,75.5631963260239,1,31.590137,True,True,1.430511474609375e-06
2626,75.59555742001976,1,32.278543,True,True,1.430511474609375e-06
2627,75.6287411210069,1,33.086934,True,True,1.430511474609375e-06
2628,75.66073200502433,1,31.897919,True,True,1.430511474609375e-06
2629,75.68788842501817,1,27.072827,True,True,1.430511474609375e-06
2630,75.7174925430154,1,29.528371,True,True,1.430511474609375e-06
2631,75.76571713702288,1,48.133895,True,True,1.430511474609375e-06
2632,75.79781028901925,1,31.965598,True,True,1.430511474609375e-06
2633,75.84676712800865,1,48.880547,True,True,1.430511474609375e-06
2634,75.87920522101922,1,32.296687,True,True,1.430511474609375e-06
2635,75.91097032101243,1,31.675736,True,True,1.430511474609375e-06
2636,75.94362083400483,1,32.574052,True,True,1.430511474609375e-06
2637,75.9883851170016,1,44.651041,True,True,1.430511474609375e-06
2638,76.01972261600895,1,31.199609,True,True,1.430511474609375e-06
2639,76.04968344900408,1,29.886076,True,True,1.430511474609375e-06
2640,76.08172336700954,1,31.973471,True,True,1.430511474609375e-06
2641,76.10184374201344,1,20.044556,True,True,1.430511474609375e-06
2642,76.11935839502257,1,17.46048,True,True,1.430511474609375e-06
2643,76.1365265790082,1,17.113922,True,True,1.430511474609375e-06
2644,76.15381050301949,1,17.226321,True,True,1.430511474609375e-06
2645,76.17086120601743,1,16.987097,True,True,1.430511474609375e-06
2646,76.18819024600089,1,17.265615,True,True,1.430511474609375e-06
2647,76.2053758460097,1,17.124625,True,True,1.430511474609375e-06
2648,76.22250026999973,1,17.077121,True,True,1.430511474609375e-06
2649,76.2396431970119,1,17.089905,True,True,1.430511474609375e-06
2650,76.2566619090212,1,16.968665,True,True,1.430511474609375e-06
2651,76.2791892719979,1,22.476075,True,True,1.430511474609375e-06
2652,76.31021487800172,1,30.935631,True,True,1.430511474609375e-06
2653,76.34292433800874,1,32.618771,True,True,1.430511474609375e-06
2654,76.37504234001972,1,32.010484,True,True,1.430511474609375e-06
2655,76.4081343410071,1,32.998217,True,True,1.430511474609375e-06
2656,76.44112692499766,1,32.877618,True,True,1.430511474609375e-06
2657,76.47299872600706,1,31.777401,True,True,1.430511474609375e-06
2658,76.50470908702118,1,31.632998,True,True,1.430511474609375e-06
2659,76.5314306759974,1,26.651414,True,True,1.430511474609375e-06
2660,76.56074677300057,1,29.257458,True,True,1.430511474609375e-06
2661,76.60910265200073,1,48.288297,True,True,1.430511474609375e-06
2662,76.64116197099793,1,31.957755,True,True,1.430511474609375e-06
2663,76.6733784750104,1,32.141492,True,True,1.430511474609375e-06
2664,76.70597148800152,1,32.515327,True,True,1.430511474609375e-06
2665,76.73294469501707,1,26.892441,True,True,1.430511474609375e-06
2666,76.76495533200796,1,31.94913,True,True,1.430511474609375e-06
2667,76.79464805900352,1,29.61349,True,True,1.430511474609375e-06
2668,76.84333659202093,1,48.624033,True,True,1.430511474609375e-06
2669,76.8752604140027,1,31.78785,True,True,1.430511474609375e-06
2670,76.90745173802134,1,32.113503,True,True,1.430511474609375e-06
2671,76.93931705699652,1,31.788046,True,True,1.430511474609375e-06
2672,76.97933510699659,1,39.939846,True,True,1.430511474609375e-06
2673,77.01219834201038,1,32.719272,True,True,1.430511474609375e-06
2674,77.04453805999947,1,32.243828,True,True,1.430511474609375e-06
2675,77.0767445800011,1,32.107896,True,True,1.430511474609375e-06
2676,77.09690249001142,1,20.072672,True,True,1.430511474609375e-06
2677,77.11436278701876,1,17.399954,True,True,1.430511474609375e-06
2678,77.1315631190082,1,17.147254,True,True,1.430511474609375e-06
2679,77.14911835402017,1,17.503279,True,True,1.430511474609375e-06
2680,77.16648160101613,1,17.306668,True,True,1.430511474609375e-06
2681,77.18381732300622,1,17.285003,True,True,1.430511474609375e-06
2682,77.20124517200748,1,17.377758,True,True,1.430511474609375e-06
2683,77.21825489401817,1,16.964001,True,True,1.430511474609375e-06
2684,77.2354308690119,1,17.130936,True,True,1.430511474609375e-06
2685,77.2524002380087,1,16.918401,True,True,1.430511474609375e-06
2686,77.2766590329993,1,24.209552,True,True,1.430511474609375e-06
2687,77.30668129702099,1,29.934008,True,True,1.430511474609375e-06
2688,77.33855380001478,1,31.781212,True,True,1.430511474609375e-06
2689,77.37121212700731,1,32.568959,True,True,1.430511474609375e-06
2690,77.4041533380223,1,32.8234,True,True,1.430511474609375e-06
2691,77.43605046800803,1,31.755802,True,True,1.430511474609375e-06
2692,77.46795949799707,1,31.824993,True,True,1.430511474609375e-06
2693,77.50033016101224,1,32.300631,True,True,1.430511474609375e-06
2694,77.52768240001751,1,27.22341,True,True,1.430511474609375e-06
2695,77.55703770200489,1,29.226025,True,True,1.430511474609375e-06
2696,77.58836463899934,1,31.238321,True,True,1.430511474609375e-06
2697,77.62128685400239,1,32.84179,True,True,1.430511474609375e-06
2698,77.65301674601506,1,31.632751,True,True,1.430511474609375e-06
2699,77.68493822202436,1,31.839583,True,True,1.430511474609375e-06
2700,77.71669185400242,1,31.678417,True,True,1.430511474609375e-06
2701,77.74371431500185,1,26.936375,True,True,1.430511474609375e-06
2702,77.77597974200035,1,32.192934,True,True,1.430511474609375e-06
2703,77.80574278000859,1,29.670541,True,True,1.430511474609375e-06
2704,77.8544465629966,1,48.622489,True,True,1.430511474609375e-06
2705,77.88632889301516,1,31.747446,True,True,1.430511474609375e-06
2706,77.91857711001649,1,32.165878,True,True,1.430511474609375e-06
2707,77.9507815920224,1,32.115285,True,True,1.430511474609375e-06
2708,77.9886680660129,1,37.805397,True,True,1.430511474609375e-06
2709,78.0269393150229,1,38.107377,True,True,1.430511474609375e-06
2710,78.0559021270019,1,28.867279,True,True,1.430511474609375e-06
2711,78.08295910499874,1,26.99266,True,True,1.430511474609375e-06
2712,78.10064066300401,1,17.62272,True,True,1.430511474609375e-06
2713,78.11814512001001,1,17.454611,True,True,1.430511474609375e-06
2714,78.13519118202385,1,17.000716,True,True,1.430511474609375e-06
2715,78.15249227901222,1,17.252307,True,True,1.430511474609375e-06
2716,78.16965525501291,1,17.11031,True,True,1.430511474609375e-06
2717,78.18706490899785,1,17.348506,True,True,1.430511474609375e-06
2718,78.20441843901062,1,17.305742,True,True,1.430511474609375e-06
2719,78.22163131702109,1,17.167873,True,True,1.430511474609375e-06
2720,78.23920613800874,1,17.527383,True,True,1.430511474609375e-06
2721,78.25621156700072,1,16.958034,True,True,1.430511474609375e-06
2722,78.2885684670182,1,32.307263,True,True,1.430511474609375e-06
2723,78.32031160601764,1,31.637865,True,True,1.430511474609375e-06
2724,78.3502561400237,1,29.867109,True,True,1.430511474609375e-06
2725,78.38251713500358,1,32.169469,True,True,1.430511474609375e-06
2726,78.41462725002202,1,32.011926,True,True,1.430511474609375e-06
2727,78.44632041401928,1,31.600158,True,True,1.430511474609375e-06
2728,78.47845678700833,1,32.069236,True,True,1.430511474609375e-06
2729,78.52718006601208,1,48.638995,True,True,1.430511474609375e-06
2730,78.55430270900251,1,27.000583,True,True,1.430511474609375e-06
2731,78.58422836801037,1,29.843796,True,True,1.430511474609375e-06
2732,78.61665442201775,1,32.362662,True,True,1.430511474609375e-06
2733,78.64861099401605,1,31.863973,True,True,1.430511474609375e-06
2734,78.68047896801727,1,31.783181,True,True,1.430511474609375e-06
2735,78.7127833260165,1,32.22008,True,True,1.430511474609375e-06
2736,78.74443416000577,1,31.555256,True,True,1.430511474609375e-06
2737,78.77628034201916,1,31.77703,True,True,1.430511474609375e-06
2738,78.80366631702054,1,27.302116,True,True,1.430511474609375e-06
2739,78.85058072200627,1,46.845398,True,True,1.430511474609375e-06
2740,78.88303875000565,1,32.314582,True,True,1.430511474609375e-06
2741,78.91537769700517,1,32.246935,True,True,1.430511474609375e-06
2742,78.94796047802083,1,32.502614,True,True,1.430511474609375e-06
2743,78.98267642900464,1,34.627641,True,True,1.430511474609375e-06
2744,79.02903145601158,1,46.162115,True,True,1.430511474609375e-06
2745,79.06130693599698,1,32.135718,True,True,1.430511474609375e-06
2746,79.08828386501409,1,26.900016,True,True,1.430511474609375e-06
2747,79.10675504000392,1,18.372393,True,True,1.430511474609375e-06
2748,79.12437675800174,1,17.506767,True,True,1.430511474609375e-06
2749,79.14164867601357,1,17.197236,True,True,1.430511474609375e-06
2750,79.15995598200243,1,18.243384,True,True,1.430511474609375e-06
2751,79.17727737099631,1,17.260927,True,True,1.430511474609375e-06
2752,79.19455983501393,1,17.228475,True,True,1.430511474609375e-06
2753,79.21169071699842,1,17.079914,True,True,1.430511474609375e-06
2754,79.22914125499665,1,17.400631,True,True,1.430511474609375e-06
2755,79.24719664402073,1,18.001585,True,True,1.430511474609375e-06
2756,79.26446026901249,1,17.213925,True,True,1.430511474609375e-06
2757,79.28920534500503,1,24.695965,True,True,1.430511474609375e-06
2758,79.32608264501323,1,36.795741,True,True,1.430511474609375e-06
2759,79.35768703301437,1,31.51884,True,True,1.430511474609375e-06
2760,79.38981954401243,1,32.043783,True,True,1.430511474609375e-06
2761,79.42251683800714,1,32.612773,True,True,1.430511474609375e-06
2762,79.45499710401054,1,32.399583,True,True,1.430511474609375e-06
2763,79.48711741200532,1,32.040386,True,True,1.430511474609375e-06
2764,79.51448623801116,1,27.283804,True,True,1.430511474609375e-06
2765,79.5439192110207,1,29.363464,True,True,1.430511474609375e-06
2766,79.57581802000641,1,31.839005,True,True,1.430511474609375e-06
2767,79.60802958600107,1,32.130667,True,True,1.430511474609375e-06
2768,79.64052765001543,1,32.420114,True,True,1.430511474609375e-06
2769,79.67232881599921,1,31.724193,True,True,1.430511474609375e-06
2770,79.70442409801763,1,32.017016,True,True,1.430511474609375e-06
2771,79.73140669299755,1,26.886334,True,True,1.430511474609375e-06
2772,79.76127663100488,1,29.801882,True,True,1.430511474609375e-06
2773,79.79362403700361,1,32.288097,True,True,1.430511474609375e-06
2774,79.84220265300246,1,48.488376,True,True,1.430511474609375e-06
2775,79.87418950299616,1,31.851326,True,True,1.430511474609375e-06
2776,79.90626564002014,1,31.979247,True,True,1.430511474609375e-06
2777,79.93822837399784,1,31.884468,True,True,1.430511474609375e-06
2778,79.96512919501401,1,26.816304,True,True,1.430511474609375e-06
2779,80.01173740602098,1,46.546271,True,True,1.430511474609375e-06
2780,80.04306297501898,1,31.186573,True,True,1.430511474609375e-06
2781,80.07447934799711,1,31.344315,True,True,1.430511474609375e-06
2782,80.09476687799906,1,20.203293,True,True,1.430511474609375e-06
2783,80.11233287100913,1,17.501956,True,True,1.430511474609375e-06
2784,80.12951752901427,1,17.131408,True,True,1.430511474609375e-06
2785,80.14779068500502,1,18.224028,True,True,1.430511474609375e-06
2786,80.1651117450092,1,17.246212,True,True,1.430511474609375e-06
2787,80.19048755100812,1,25.314448,True,True,1.430511474609375e-06
2788,80.2117586430104,1,21.181664,True,True,1.430511474609375e-06
2789,80.2300158390135,1,18.195036,True,True,1.430511474609375e-06
2790,80.2478475520038,1,17.778176,True,True,1.430511474609375e-06
2791,80.26601599602145,1,18.109952,True,True,1.430511474609375e-06
2792,80.29839082801482,1,32.307103,True,True,1.430511474609375e-06
2793,80.32814316599979,1,29.64713,True,True,1.430511474609375e-06
2794,80.36030274900259,1,32.075863,True,True,1.430511474609375e-06
2795,80.39277978401515,1,32.376889,True,True,1.430511474609375e-06
2796,80.42536245001247,1,32.488942,True,True,1.430511474609375e-06
2797,80.45738795702346,1,31.945311,True,True,1.430511474609375e-06
2798,80.4894591839984,1,31.989676,True,True,1.430511474609375e-06
2799,80.5221691110055,1,32.631935,True,True,1.430511474609375e-06
2800,80.55413653200958,1,31.887582,True,True,1.430511474609375e-06
2801,80.58106069802307,1,26.85022,True,True,1.430511474609375e-06
2802,80.61086356901797,1,29.738752,True,True,1.430511474609375e-06
2803,80.64296020401525,1,32.032397,True,True,1.430511474609375e-06
2804,80.67487778601935,1,31.839519,True,True,1.430511474609375e-06
2805,80.70721715601394,1,32.264078,True,True,1.430511474609375e-06
2806,80.7392804150004,1,31.97238,True,True,1.430511474609375e-06
2807,80.77119732400752,1,31.829859,True,True,1.430511474609375e-06
2808,80.79793987900484,1,26.665565,True,True,1.430511474609375e-06
2809,80.85749000200303,1,59.480701,True,True,1.430511474609375e-06
2810,80.8934376440011,1,35.811098,True,True,1.430511474609375e-06
2811,80.92547775199637,1,31.947704,True,True,1.430511474609375e-06
2812,80.956917618023,1,31.368473,True,True,1.430511474609375e-06
2813,80.98875426402083,1,31.774704,True,True,1.430511474609375e-06
2814,81.03267718601273,1,43.832158,True,True,1.430511474609375e-06
2815,81.06187587801833,1,29.065117,True,True,1.430511474609375e-06
2816,81.08882277301745,1,26.874678,True,True,1.430511474609375e-06
2817,81.10634712100727,1,17.453198,True,True,1.430511474609375e-06
2818,81.12350309902104,1,17.104048,True,True,1.430511474609375e-06
2819,81.14064960301039,1,17.098513,True,True,1.430511474609375e-06
2820,81.15767298202263,1,16.970601,True,True,1.430511474609375e-06
2821,81.17464454701985,1,16.921688,True,True,1.430511474609375e-06
2822,81.19185042800382,1,17.154486,True,True,1.430511474609375e-06
2823,81.20886616501957,1,16.966921,True,True,1.430511474609375e-06
2824,81.22596440502093,1,17.055198,True,True,1.430511474609375e-06
2825,81.24300367399701,1,16.997542,True,True,1.430511474609375e-06
2826,81.26018532601302,1,17.138404,True,True,1.430511474609375e-06
2827,81.28984384500654,1,29.614255,True,True,1.430511474609375e-06
2828,81.3220348120085,1,32.113062,True,True,1.430511474609375e-06
2829,81.35433675799868,1,32.213429,True,True,1.430511474609375e-06
2830,81.38639120702283,1,31.957071,True,True,1.430511474609375e-06
2831,81.41931621401454,1,32.824294,True,True,1.430511474609375e-06
2832,81.45168064700556,1,32.25675,True,True,1.430511474609375e-06
2833,81.48364227102138,1,31.858216,True,True,1.430511474609375e-06
2834,81.522947459016,1,39.218214,True,True,1.430511474609375e-06
2835,81.55967043200508,1,36.597994,True,True,1.430511474609375e-06
2836,81.58997285901569,1,30.190209,True,True,1.430511474609375e-06
2837,81.62261174400919,1,32.554081,True,True,1.430511474609375e-06
2838,81.65501375700114,1,32.295433,True,True,1.430511474609375e-06
2839,81.68707648399868,1,31.923373,True,True,1.430511474609375e-06
2840,81.71894150899607,1,31.778694,True,True,1.430511474609375e-06
2841,81.75115595301031,1,32.135754,True,True,1.430511474609375e-06
2842,81.78348530901712,1,32.244122,True,True,1.430511474609375e-06
2843,81.82060430702404,1,37.03152,True,True,1.430511474609375e-06
2844,81.85982488800073,1,39.074983,True,True,1.430511474609375e-06
2845,81.88926393599831,1,29.340655,True,True,1.430511474609375e-06
2846,81.92157414701069,1,32.24407,True,True,1.430511474609375e-06
2847,81.95362707300228,1,31.971992,True,True,1.430511474609375e-06
2848,81.98566286399728,1,31.949113,True,True,1.430511474609375e-06
2849,82.034870116011,1,49.106104,True,True,1.430511474609375e-06
2850,82.06722837200505,1,32.231213,True,True,1.430511474609375e-06
2851,82.08740469900658,1,20.098186,True,True,1.430511474609375e-06
2852,82.10486773299635,1,17.405749,True,True,1.430511474609375e-06
2853,82.12202007201267,1,17.104697,True,True,1.430511474609375e-06
2854,82.1400224630197,1,17.957429,True,True,1.430511474609375e-06
2855,82.15733645501314,1,17.257261,True,True,1.430511474609375e-06
2856,82.17473773600068,1,17.354833,True,True,1.430511474609375e-06
2857,82.19189922400983,1,17.109322,True,True,1.430511474609375e-06
2858,82.209278705006,1,17.324996,True,True,1.430511474609375e-06
2859,82.22716989301261,1,17.846607,True,True,1.430511474609375e-06
2860,82.24454781602253,1,17.328194,True,True,1.430511474609375e-06
2861,82.26171807400533,1,17.125895,True,True,1.430511474609375e-06
2862,82.29379774301196,1,32.022658,True,True,1.430511474609375e-06
2863,82.33057838701643,1,36.681129,True,True,1.430511474609375e-06
2864,82.37876985099865,1,48.055866,True,True,1.430511474609375e-06
2865,82.41118581901537,1,32.280523,True,True,1.430511474609375e-06
2866,82.44304114600527,1,31.752561,True,True,1.430511474609375e-06
2867,82.47007418502471,1,26.945085,True,True,1.430511474609375e-06
2868,82.5004313000245,1,30.233619,True,True,1.430511474609375e-06
2869,82.53283553101937,1,32.318111,True,True,1.430511474609375e-06
2870,82.56513849901967,1,32.22381,True,True,1.430511474609375e-06
2871,82.5971605250088,1,31.94526,True,True,1.430511474609375e-06
2872,82.63008671501302,1,32.844591,True,True,1.430511474609375e-06
2873,82.66333563800436,1,33.174369,True,True,1.430511474609375e-06
2874,82.6951840610127,1,31.7358,True,True,1.430511474609375e-06
2875,82.7273857560067,1,32.115837,True,True,1.430511474609375e-06
2876,82.76038344801054,1,32.912774,True,True,1.430511474609375e-06
2877,82.78729783100425,1,26.833882,True,True,1.430511474609375e-06
2878,82.83283026400022,1,45.461943,True,True,1.430511474609375e-06
2879,82.86658627400175,1,33.622035,True,True,1.430511474609375e-06
2880,82.89847731302143,1,31.799776,True,True,1.430511474609375e-06
2881,82.93036116100848,1,31.817439,True,True,1.430511474609375e-06
2882,82.96313948201714,1,32.701375,True,True,1.430511474609375e-06
2883,82.99730102400645,1,34.063117,True,True,1.430511474609375e-06
2884,83.04530705901561,1,47.874888,True,True,1.430511474609375e-06
2885,83.07739320601104,1,31.968651,True,True,1.430511474609375e-06
2886,83.0972633070196,1,19.790318,True,True,1.430511474609375e-06
2887,83.1152701320243,1,17.943246,True,True,1.430511474609375e-06
2888,83.13261317802244,1,17.29032,True,True,1.430511474609375e-06
2889,83.15070592201664,1,18.043143,True,True,1.430511474609375e-06
2890,83.1682651709998,1,17.510299,True,True,1.430511474609375e-06
2891,83.19314678502269,1,24.837183,True,True,1.430511474609375e-06
2892,83.21419134401367,1,20.97274,True,True,1.430511474609375e-06
2893,83.23190704200533,1,17.65484,True,True,1.430511474609375e-06
2894,83.24917004999588,1,17.213487,True,True,1.430511474609375e-06
2895,83.26626886200393,1,17.053097,True,True,1.430511474609375e-06
2896,83.29645559799974,1,30.142161,True,True,1.430511474609375e-06
2897,83.32831974700093,1,31.780692,True,True,1.430511474609375e-06
2898,83.35532648401568,1,26.931648,True,True,1.430511474609375e-06
2899,83.38859865700942,1,33.201726,True,True,1.430511474609375e-06
2900,83.4202875320043,1,31.59553,True,True,1.430511474609375e-06
2901,83.45017133202055,1,29.79097,True,True,1.430511474609375e-06
2902,83.48245873401174,1,32.204772,True,True,1.430511474609375e-06
2903,83.51513672902365,1,32.576608,True,True,1.430511474609375e-06
2904,83.54684086699854,1,31.588387,True,True,1.430511474609375e-06
2905,83.57877829100471,1,31.837644,True,True,1.430511474609375e-06
2906,83.61193928899593,1,33.079223,True,True,1.430511474609375e-06
2907,83.64374965900788,1,31.692646,True,True,1.430511474609375e-06
2908,83.67032928901608,1,26.488337,True,True,1.430511474609375e-06
2909,83.70035437401384,1,29.950412,True,True,1.430511474609375e-06
2910,83.73315103701316,1,32.710367,True,True,1.430511474609375e-06
2911,83.7653191240097,1,32.07741,True,True,1.430511474609375e-06
2912,83.79761993599823,1,32.219217,True,True,1.430511474609375e-06
2913,83.84673860901967,1,49.011632,True,True,1.430511474609375e-06
2914,83.87921020301292,1,32.332288,True,True,1.430511474609375e-06
2915,83.91130232502474,1,32.009205,True,True,1.430511474609375e-06
2916,83.94368571901578,1,32.294539,True,True,1.430511474609375e-06
2917,83.97046173800481,1,26.68386,True,True,1.430511474609375e-06
2918,84.00041335102287,1,29.879539,True,True,1.430511474609375e-06
2919,84.04995097900974,1,49.407551,True,True,1.430511474609375e-06
2920,84.0824768890161,1,32.385,True,True,1.430511474609375e-06
2921,84.10295185801806,1,20.379586,True,True,1.430511474609375e-06
2922,84.12068447301863,1,17.660148,True,True,1.430511474609375e-06
2923,84.13846718100831,1,17.688237,True,True,1.430511474609375e-06
2924,84.15600024099695,1,17.425723,True,True,1.430511474609375e-06
2925,84.1730526300089,1,16.986649,True,True,1.430511474609375e-06
2926,84.19097968100687,1,17.873642,True,True,1.430511474609375e-06
2927,84.20865342201432,1,17.620833,True,True,1.430511474609375e-06
2928,84.22579901700374,1,17.097524,True,True,1.430511474609375e-06
2929,84.24292573801358,1,17.072302,True,True,1.430511474609375e-06
2930,84.26009443501243,1,17.116607,True,True,1.430511474609375e-06
2931,84.2822978850163,1,22.157046,True,True,1.430511474609375e-06
2932,84.31606136000482,1,33.678859,True,True,1.430511474609375e-06
2933,84.34834775101626,1,32.162508,True,True,1.430511474609375e-06
2934,84.3802294760244,1,31.770838,True,True,1.430511474609375e-06
2935,84.41234823002014,1,32.021083,True,True,1.430511474609375e-06
2936,84.44488724099938,1,32.440048,True,True,1.430511474609375e-06
2937,84.48434107800131,1,39.316288,True,True,1.430511474609375e-06
2938,84.51593496202258,1,31.467756,True,True,1.430511474609375e-06
2939,84.54800873401109,1,31.985455,True,True,1.430511474609375e-06
2940,84.57995383802336,1,31.858523,True,True,1.430511474609375e-06
2941,84.61172227901989,1,31.685757,True,True,1.430511474609375e-06
2942,84.63863077701535,1,26.830663,True,True,1.430511474609375e-06
2943,84.66997594101122,1,31.267813,True,True,1.430511474609375e-06
2944,84.70060296202428,1,30.541628,True,True,1.430511474609375e-06
2945,84.73240962502314,1,31.709104,True,True,1.430511474609375e-06
2946,84.76558343702345,1,33.094583,True,True,1.430511474609375e-06
2947,84.79830239599687,1,32.611628,True,True,1.430511474609375e-06
2948,84.847923430003,1,49.521039,True,True,1.430511474609375e-06
2949,84.88024857401615,1,32.184242,True,True,1.430511474609375e-06
2950,84.91228119001607,1,31.931212,True,True,1.430511474609375e-06
2951,84.94401995500084,1,31.659914,True,True,1.430511474609375e-06
2952,84.97108746800222,1,26.99038,True,True,1.430511474609375e-06
2953,85.00081056801719,1,29.640029,True,True,1.430511474609375e-06
2954,85.04939758701948,1,48.49689,True,True,1.430511474609375e-06
2955,85.08214818302076,1,32.6207,True,True,1.430511474609375e-06
2956,85.11008662602399,1,27.828326,True,True,1.430511474609375e-06
2957,85.13159180400544,1,21.408398,True,True,1.430511474609375e-06
2958,85.14929791699979,1,17.634924,True,True,1.430511474609375e-06
2959,85.16684484601137,1,17.489174,True,True,1.430511474609375e-06
2960,85.18502068700036,1,18.117014,True,True,1.430511474609375e-06
2961,85.20233788300538,1,17.258189,True,True,1.430511474609375e-06
2962,85.22060452500591,1,18.21216,True,True,1.430511474609375e-06
2963,85.23778356300318,1,17.126736,True,True,1.430511474609375e-06
2964,85.25530216802144,1,17.465107,True,True,1.430511474609375e-06
2965,85.27242658499745,1,17.074259,True,True,1.430511474609375e-06
2966,85.30508031800855,1,32.575742,True,True,1.430511474609375e-06
2967,85.3346772690129,1,29.470538,True,True,1.430511474609375e-06
2968,85.3660856760107,1,31.300572,True,True,1.430511474609375e-06
2969,85.39819688402349,1,32.013043,True,True,1.430511474609375e-06
2970,85.4302440220199,1,31.950524,True,True,1.430511474609375e-06
2971,85.46265721900272,1,32.329963,True,True,1.430511474609375e-06
2972,85.495627737022,1,32.857577,True,True,1.430511474609375e-06
2973,85.5290735840099,1,33.336759,True,True,1.430511474609375e-06
2974,85.56105641199974,1,31.866502,True,True,1.430511474609375e-06
2975,85.59362649501418,1,32.487357,True,True,1.430511474609375e-06
2976,85.62105949601391,1,27.320599,True,True,1.430511474609375e-06
2977,85.6509076350194,1,29.769306,True,True,1.430511474609375e-06
2978,85.68230906600365,1,31.329588,True,True,1.430511474609375e-06
2979,85.71477251901524,1,32.395447,True,True,1.430511474609375e-06
2980,85.74726958700921,1,32.38966,True,True,1.430511474609375e-06
2981,85.77955824500532,1,32.20238,True,True,1.430511474609375e-06
2982,85.81367328501074,1,34.031816,True,True,1.430511474609375e-06
2983,85.86102055400261,1,47.194883,True,True,1.430511474609375e-06
2984,85.89308108302066,1,31.945912,True,True,1.430511474609375e-06
2985,85.9179278149968,1,24.765947,True,True,1.430511474609375e-06
2986,85.94916530200862,1,31.167522,True,True,1.430511474609375e-06
2987,85.98164117801934,1,32.410508,True,True,1.430511474609375e-06
2988,86.0161073510244,1,34.370335,True,True,1.430511474609375e-06
2989,86.06274753401522,1,46.522216,True,True,1.430511474609375e-06
2990,86.08980501300539,1,26.93188,True,True,1.430511474609375e-06
2991,86.10791852601687,1,18.041187,True,True,1.430511474609375e-06
2992,86.12511342501966,1,17.137412,True,True,1.430511474609375e-06
2993,86.14245654601837,1,17.288879,True,True,1.430511474609375e-06
2994,86.15970019402448,1,17.18663,True,True,1.430511474609375e-06
2995,86.17793729199911,1,18.187983,True,True,1.430511474609375e-06
2996,86.19535043701762,1,17.358495,True,True,1.430511474609375e-06
2997,86.21326633699937,1,17.863042,True,True,1.430511474609375e-06
2998,86.23075493201031,1,17.435707,True,True,1.430511474609375e-06
2999,86.24806074000662,1,17.25139,True,True,1.430511474609375e-06
3000,86.2651147970173,1,17.0028,True,True,1.430511474609375e-06
3001,86.29519025800982,1,30.026013,True,True,1.430511474609375e-06
3002,86.3272679799993,1,31.998317,True,True,1.430511474609375e-06
3003,86.35958218100131,1,32.224487,True,True,1.430511474609375e-06
3004,86.39183793001575,1,32.14571,True,True,1.430511474609375e-06
3005,86.4236848760047,1,31.75365,True,True,1.430511474609375e-06
3006,86.45600042201113,1,32.236803,True,True,1.430511474609375e-06
3007,86.48828716299613,1,32.204108,True,True,1.430511474609375e-06
3008,86.5150299660163,1,26.664526,True,True,1.430511474609375e-06
3009,86.54499422301888,1,29.898142,True,True,1.430511474609375e-06
3010,86.57691529701697,1,31.836961,True,True,1.430511474609375e-06
3011,86.60915427701548,1,32.1392,True,True,1.430511474609375e-06
3012,86.64082244201563,1,31.573917,True,True,1.430511474609375e-06
3013,86.6735652180214,1,32.664942,True,True,1.430511474609375e-06
3014,86.70873199502239,1,35.074105,True,True,1.430511474609375e-06
3015,86.7434428060078,1,34.593735,True,True,1.430511474609375e-06
3016,86.7783232369984,1,34.794784,True,True,1.430511474609375e-06
3017,86.84219755401136,1,63.776366,True,True,1.430511474609375e-06
3018,86.87425331500708,1,31.919007,True,True,1.430511474609375e-06
3019,86.90708639399963,1,32.749138,True,True,1.430511474609375e-06
3020,86.93936159802251,1,32.186429,True,True,1.430511474609375e-06
3021,86.97130765701877,1,31.868804,True,True,1.430511474609375e-06
3022,86.99811917901388,1,26.729925,True,True,1.430511474609375e-06
3023,87.03237156401156,1,34.17709,True,True,1.430511474609375e-06
3024,87.07644766801968,1,43.938465,True,True,1.430511474609375e-06
3025,87.09676842900808,1,20.198784,True,True,1.430511474609375e-06
3026,87.11407363900798,1,17.230562,True,True,1.430511474609375e-06
3027,87.13127397501376,1,17.143507,True,True,1.430511474609375e-06
3028,87.14841968100518,1,17.096518,True,True,1.430511474609375e-06
3029,87.16572926699882,1,17.241969,True,True,1.430511474609375e-06
3030,87.18291682100971,1,17.128493,True,True,1.430511474609375e-06
3031,87.20096070002182,1,17.990322,True,True,1.430511474609375e-06
3032,87.21823891400709,1,17.222734,True,True,1.430511474609375e-06
3033,87.23526197101455,1,16.978218,True,True,1.430511474609375e-06
3034,87.25269950702204,1,17.383616,True,True,1.430511474609375e-06
3035,87.27683245402295,1,24.083418,True,True,1.430511474609375e-06
3036,87.30908804602223,1,32.182139,True,True,1.430511474609375e-06
3037,87.33875735200127,1,29.563555,True,True,1.430511474609375e-06
3038,87.37066372000845,1,31.830005,True,True,1.430511474609375e-06
3039,87.4030435020104,1,32.269991,True,True,1.430511474609375e-06
3040,87.43817225500243,1,35.002738,True,True,1.430511474609375e-06
3041,87.48452702100622,1,46.218339,True,True,1.430511474609375e-06
3042,87.5170974759967,1,32.464489,True,True,1.430511474609375e-06
3043,87.54951032801182,1,32.306438,True,True,1.430511474609375e-06
3044,87.58129569300218,1,31.652232,True,True,1.430511474609375e-06
3045,87.60643888800405,1,25.051524,True,True,1.430511474609375e-06
3046,87.63880706302007,1,32.28412,True,True,1.430511474609375e-06
3047,87.67093996101175,1,32.024266,True,True,1.430511474609375e-06
3048,87.70330819900846,1,32.271135,True,True,1.430511474609375e-06
3049,87.73624547201325,1,32.824152,True,True,1.430511474609375e-06
3050,87.76856963601313,1,32.223829,True,True,1.430511474609375e-06
3051,87.80052517700824,1,31.862485,True,True,1.430511474609375e-06
3052,87.85021128001972,1,49.598,True,True,1.430511474609375e-06
3053,87.88224243701552,1,31.895847,True,True,1.430511474609375e-06
3054,87.90950721199624,1,27.175955,True,True,1.430511474609375e-06
3055,87.94194230702124,1,32.354425,True,True,1.430511474609375e-06
3056,87.97181835200172,1,29.782052,True,True,1.430511474609375e-06
3057,88.00426404501195,1,32.354962,True,True,1.430511474609375e-06
3058,88.05164698601584,1,47.262012,True,True,1.430511474609375e-06
3059,88.08042267902056,1,28.636865,True,True,1.430511474609375e-06
3060,88.10096280800644,1,20.453241,True,True,1.430511474609375e-06
3061,88.12647516399738,1,25.437353,True,True,1.430511474609375e-06
3062,88.14450465902337,1,17.961123,True,True,1.430511474609375e-06
3063,88.16176570102107,1,17.202333,True,True,1.430511474609375e-06
3064,88.17901365901344,1,17.195551,True,True,1.430511474609375e-06
3065,88.1963438540115,1,17.275654,True,True,1.430511474609375e-06
3066,88.21354763800628,1,17.124732,True,True,1.430511474609375e-06
3067,88.23166789900279,1,18.064204,True,True,1.430511474609375e-06
3068,88.24944224301726,1,17.715182,True,True,1.430511474609375e-06
3069,88.27180371101713,1,22.309657,True,True,1.430511474609375e-06
3070,88.29955399301252,1,27.673655,True,True,1.430511474609375e-06
3071,88.33617430602317,1,36.505525,True,True,1.430511474609375e-06
3072,88.3636723300151,1,27.379696,True,True,1.430511474609375e-06
3073,88.39413283401518,1,30.365157,True,True,1.430511474609375e-06
3074,88.42582799700904,1,31.601706,True,True,1.430511474609375e-06
3075,88.45768673499697,1,31.781496,True,True,1.430511474609375e-06
3076,88.49057574701146,1,32.813386,True,True,1.430511474609375e-06
3077,88.52309815201443,1,32.42629,True,True,1.430511474609375e-06
3078,88.55492886601132,1,31.733711,True,True,1.430511474609375e-06
3079,88.58758040401153,1,32.5704,True,True,1.430511474609375e-06
3080,88.61453202200937,1,26.851726,True,True,1.430511474609375e-06
3081,88.64427022900782,1,29.654115,True,True,1.430511474609375e-06
3082,88.67563043601695,1,31.284557,True,True,1.430511474609375e-06
3083,88.70776123102405,1,32.060369,True,True,1.430511474609375e-06
3084,88.74032827600604,1,32.479914,True,True,1.430511474609375e-06
3085,88.7723059609998,1,31.904101,True,True,1.430511474609375e-06
3086,88.80442972801393,1,32.035054,True,True,1.430511474609375e-06
3087,88.84807261099922,1,43.534816,True,True,1.430511474609375e-06
3088,88.87704591301735,1,28.834163,True,True,1.430511474609375e-06
3089,88.90874546201667,1,31.614046,True,True,1.430511474609375e-06
3090,88.94326725401334,1,34.447822,True,True,1.430511474609375e-06
3091,88.9896623440145,1,46.281483,True,True,1.430511474609375e-06
3092,89.02209667401621,1,32.290346,True,True,1.430511474609375e-06
3093,89.0658418580133,1,43.661776,True,True,1.430511474609375e-06
3094,89.09042380700703,1,24.46524,True,True,1.430511474609375e-06
3095,89.10813985901768,1,17.636845,True,True,1.430511474609375e-06
3096,89.12575781301712,1,17.501157,True,True,1.430511474609375e-06
3097,89.14331666301587,1,17.487797,True,True,1.430511474609375e-06
3098,89.16047038001125,1,17.095236,True,True,1.430511474609375e-06
3099,89.17794201499783,1,17.41484,True,True,1.430511474609375e-06
3100,89.19511340500321,1,17.114178,True,True,1.430511474609375e-06
3101,89.21225725702243,1,17.090787,True,True,1.430511474609375e-06
3102,89.22962693401496,1,17.32086,True,True,1.430511474609375e-06
3103,89.24677696501021,1,17.099132,True,True,1.430511474609375e-06
3104,89.2641062180046,1,17.276708,True,True,1.430511474609375e-06
3105,89.29659877801896,1,32.438478,True,True,1.430511474609375e-06
3106,89.33350248701754,1,36.777406,True,True,1.430511474609375e-06
3107,89.36111582501326,1,27.492713,True,True,1.430511474609375e-06
3108,89.39212844101712,1,30.90963,True,True,1.430511474609375e-06
3109,89.42248791002203,1,30.275893,True,True,1.430511474609375e-06
3110,89.45531830500113,1,32.760959,True,True,1.430511474609375e-06
3111,89.48739315301646,1,31.986199,True,True,1.430511474609375e-06
3112,89.51918167801341,1,31.709432,True,True,1.430511474609375e-06
3113,89.55129200901138,1,32.031338,True,True,1.430511474609375e-06
3114,89.58396438800264,1,32.589311,True,True,1.430511474609375e-06
3115,89.61607778500183,1,32.027868,True,True,1.430511474609375e-06
3116,89.64310312501038,1,26.939863,True,True,1.430511474609375e-06
3117,89.67302046902478,1,29.847176,True,True,1.430511474609375e-06
3118,89.70510207902407,1,32.008237,True,True,1.430511474609375e-06
3119,89.73726081300993,1,32.013684,True,True,1.430511474609375e-06
3120,89.76903732001665,1,31.665781,True,True,1.430511474609375e-06
3121,89.82284925601562,1,53.717575,True,True,1.430511474609375e-06
3122,89.86585672100773,1,42.856685,True,True,1.430511474609375e-06
3123,89.89277933601988,1,26.817447,True,True,1.430511474609375e-06
3124,89.9225095360016,1,29.662369,True,True,1.430511474609375e-06
3125,89.95477669400861,1,32.202133,True,True,1.430511474609375e-06
3126,89.98691504402086,1,32.059791,True,True,1.430511474609375e-06
3127,90.01920736700413,1,32.208378,True,True,1.430511474609375e-06
3128,90.06824091100134,1,48.944644,True,True,1.430511474609375e-06
3129,90.0886278290127,1,20.253488,True,True,1.430511474609375e-06
3130,90.10624551400542,1,17.522736,True,True,1.430511474609375e-06
3131,90.12349950900534,1,17.191843,True,True,1.430511474609375e-06
3132,90.1406931700185,1,17.137219,True,True,1.430511474609375e-06
3133,90.15806590701686,1,17.309646,True,True,1.430511474609375e-06
3134,90.1752130560053,1,17.088359,True,True,1.430511474609375e-06
3135,90.19269443600206,1,17.423509,True,True,1.430511474609375e-06
3136,90.20975741001894,1,17.000899,True,True,1.430511474609375e-06
3137,90.22679403601796,1,16.989011,True,True,1.430511474609375e-06
3138,90.24387443202431,1,17.029497,True,True,1.430511474609375e-06
3139,90.26096240401966,1,17.037994,True,True,1.430511474609375e-06
3140,90.29211266001221,1,31.077816,True,True,1.430511474609375e-06
3141,90.32916442901478,1,36.978401,True,True,1.430511474609375e-06
3142,90.36196574699716,1,32.698573,True,True,1.430511474609375e-06
3143,90.39424637900083,1,32.171856,True,True,1.430511474609375e-06
3144,90.42583508501411,1,31.497823,True,True,1.430511474609375e-06
3145,90.45256016700296,1,26.651498,True,True,1.430511474609375e-06
3146,90.48237541300477,1,29.749865,True,True,1.430511474609375e-06
3147,90.5141152520082,1,31.679057,True,True,1.430511474609375e-06
3148,90.54609337201691,1,31.901457,True,True,1.430511474609375e-06
3149,90.57788356899982,1,31.709175,True,True,1.430511474609375e-06
3150,90.60990477600717,1,31.946943,True,True,1.430511474609375e-06
3151,90.6423993530043,1,32.413896,True,True,1.430511474609375e-06
3152,90.66736219101585,1,24.887985,True,True,1.430511474609375e-06
3153,90.69837142701726,1,30.946323,True,True,1.430511474609375e-06
3154,90.73079506200156,1,32.336064,True,True,1.430511474609375e-06
3155,90.76380116000655,1,32.904559,True,True,1.430511474609375e-06
3156,90.79560376901645,1,31.712588,True,True,1.430511474609375e-06
3157,90.8452934550005,1,49.592809,True,True,1.430511474609375e-06
3158,90.87758472299902,1,32.15454,True,True,1.430511474609375e-06
3159,90.90946772001917,1,31.794171,True,True,1.430511474609375e-06
3160,90.93713036499685,1,27.58312,True,True,1.430511474609375e-06
3161,90.96697319301893,1,29.768855,True,True,1.430511474609375e-06
3162,90.99901661102194,1,31.976093,True,True,1.430511474609375e-06
3163,91.03172361501493,1,32.609395,True,True,1.430511474609375e-06
3164,91.0804133140191,1,48.580075,True,True,1.430511474609375e-06
3165,91.10078998902463,1,20.243242,True,True,1.430511474609375e-06
3166,91.11910686202464,1,18.232261,True,True,1.430511474609375e-06
3167,91.13681846100371,1,17.652265,True,True,1.430511474609375e-06
3168,91.15415704200859,1,17.273364,True,True,1.430511474609375e-06
3169,91.17148309800541,1,17.269268,True,True,1.430511474609375e-06
3170,91.18867673701607,1,17.13904,True,True,1.430511474609375e-06
3171,91.20575451399782,1,17.022453,True,True,1.430511474609375e-06
3172,91.22311135500786,1,17.310906,True,True,1.430511474609375e-06
3173,91.2410614110122,1,17.899295,True,True,1.430511474609375e-06
3174,91.2586196680204,1,17.50799,True,True,1.430511474609375e-06
3175,91.28282816501451,1,24.153703,True,True,1.430511474609375e-06
3176,91.31550580399926,1,32.59617,True,True,1.430511474609375e-06
3177,91.3475703910226,1,31.951371,True,True,1.430511474609375e-06
3178,91.3774935020192,1,29.80938,True,True,1.430511474609375e-06
3179,91.40902193202055,1,31.43628,True,True,1.430511474609375e-06
3180,91.44098266999936,1,31.872322,True,True,1.430511474609375e-06
3181,91.47331654300797,1,32.261256,True,True,1.430511474609375e-06
3182,91.5060586350155,1,32.632533,True,True,1.430511474609375e-06
3183,91.53833299601683,1,32.159907,True,True,1.430511474609375e-06
3184,91.57098884301377,1,32.568594,True,True,1.430511474609375e-06
3185,91.59803753800225,1,26.951493,True,True,1.430511474609375e-06
3186,91.62792990502203,1,29.813797,True,True,1.430511474609375e-06
3187,91.65975116600748,1,31.749443,True,True,1.430511474609375e-06
3188,91.6921398290142,1,32.310883,True,True,1.430511474609375e-06
3189,91.74127232501633,1,49.026036,True,True,1.430511474609375e-06
3190,91.77394818200264,1,32.552478,True,True,1.430511474609375e-06
3191,91.80624447102309,1,32.207918,True,True,1.430511474609375e-06
3192,91.85497556399787,1,48.629485,True,True,1.430511474609375e-06
3193,91.88698842501617,1,31.879553,True,True,1.430511474609375e-06
3194,91.91430151302484,1,27.23892,True,True,1.430511474609375e-06
3195,91.9436795770016,1,29.309974,True,True,1.430511474609375e-06
3196,91.97611671302002,1,32.380058,True,True,1.430511474609375e-06
3197,92.0083222950052,1,32.119159,True,True,1.430511474609375e-06
3198,92.04013386499719,1,31.705294,True,True,1.430511474609375e-06
3199,92.08405334700365,1,43.84047,True,True,1.430511474609375e-06
3200,92.10250534702209,1,18.323123,True,True,1.430511474609375e-06
3201,92.11972585500916,1,17.148209,True,True,1.430511474609375e-06
3202,92.13796861399896,1,18.182928,True,True,1.430511474609375e-06
3203,92.15537499601487,1,17.345603,True,True,1.430511474609375e-06
3204,92.17338349300553,1,17.947461,True,True,1.430511474609375e-06
3205,92.19085318900761,1,17.415976,True,True,1.430511474609375e-06
3206,92.20797640000819,1,17.063902,True,True,1.430511474609375e-06
3207,92.22518860301352,1,17.165074,True,True,1.430511474609375e-06
3208,92.24230714800069,1,17.074508,True,True,1.430511474609375e-06
3209,92.25935644001584,1,16.998251,True,True,1.430511474609375e-06
3210,92.28925469901878,1,29.84865,True,True,1.430511474609375e-06
3211,92.32115141602117,1,31.808685,True,True,1.430511474609375e-06
3212,92.35375737200957,1,32.503133,True,True,1.430511474609375e-06
3213,92.38590277702315,1,32.013765,True,True,1.430511474609375e-06
3214,92.4176986690145,1,31.707786,True,True,1.430511474609375e-06
3215,92.44968519400572,1,31.918659,True,True,1.430511474609375e-06
3216,92.48162788400077,1,31.81252,True,True,1.430511474609375e-06
3217,92.51555384500534,1,33.830841,True,True,1.430511474609375e-06
3218,92.55086825200124,1,35.222347,True,True,1.430511474609375e-06
3219,92.5831155970227,1,32.170357,True,True,1.430511474609375e-06
3220,92.61514354500105,1,31.948313,True,True,1.430511474609375e-06
3221,92.64200258400524,1,26.779078,True,True,1.430511474609375e-06
3222,92.67214925700682,1,30.079665,True,True,1.430511474609375e-06
3223,92.70421305499622,1,32.00233,True,True,1.430511474609375e-06
3224,92.73650366900256,1,32.182808,True,True,1.430511474609375e-06
3225,92.76897513100994,1,32.380959,True,True,1.430511474609375e-06
3226,92.8011154520209,1,32.05645,True,True,1.430511474609375e-06
3227,92.85023569501936,1,49.034461,True,True,1.430511474609375e-06
3228,92.88258246800979,1,32.206909,True,True,1.430511474609375e-06
3229,92.91417841101065,1,31.511523,True,True,1.430511474609375e-06
3230,92.93942929399782,1,25.182275,True,True,1.430511474609375e-06
3231,92.97101990302326,1,31.530189,True,True,1.430511474609375e-06
3232,93.00312078002025,1,32.021971,True,True,1.430511474609375e-06
3233,93.03540647099726,1,32.185162,True,True,1.430511474609375e-06
3234,93.07986433501355,1,44.366331,True,True,1.430511474609375e-06
3235,93.09835534301237,1,18.354621,True,True,1.430511474609375e-06
3236,93.11587395399692,1,17.449944,True,True,1.430511474609375e-06
3237,93.13359682701412,1,17.671816,True,True,1.430511474609375e-06
3238,93.15059593800106,1,16.941591,True,True,1.430511474609375e-06
3239,93.16801917401608,1,17.370693,True,True,1.430511474609375e-06
3240,93.1850128119986,1,16.944146,True,True,1.430511474609375e-06
3241,93.20215162800741,1,17.091115,True,True,1.430511474609375e-06
3242,93.21939570902032,1,17.192663,True,True,1.430511474609375e-06
3243,93.23656162101543,1,17.117375,True,True,1.430511474609375e-06
3244,93.25398779800162,1,17.379365,True,True,1.430511474609375e-06
3245,93.28358308502357,1,29.54765,True,True,1.430511474609375e-06
3246,93.31486803499865,1,31.20104,True,True,1.430511474609375e-06
3247,93.34763897201628,1,32.705369,True,True,1.430511474609375e-06
3248,93.38263210901641,1,34.871179,True,True,1.430511474609375e-06
3249,93.42934552801307,1,46.56777,True,True,1.430511474609375e-06
3250,93.46135975900688,1,31.882174,True,True,1.430511474609375e-06
3251,93.49458084002254,1,33.121679,True,True,1.430511474609375e-06
3252,93.52650288300356,1,31.832886,True,True,1.430511474609375e-06
3253,93.5592008420208,1,32.622944,True,True,1.430511474609375e-06
3254,93.58611580901197,1,26.833155,True,True,1.430511474609375e-06
3255,93.61532906501088,1,29.142566,True,True,1.430511474609375e-06
3256,93.64794729201822,1,32.556076,True,True,1.430511474609375e-06
3257,93.67944360600086,1,31.408275,True,True,1.430511474609375e-06
3258,93.71179651501006,1,32.286584,True,True,1.430511474609375e-06
3259,93.74465904000681,1,32.762155,True,True,1.430511474609375e-06
3260,93.77734238700941,1,32.59235,True,True,1.430511474609375e-06
3261,93.80952394299675,1,32.09379,True,True,1.430511474609375e-06
3262,93.85426694501075,1,44.647589,True,True,1.430511474609375e-06
3263,93.8858050260169,1,31.401797,True,True,1.430511474609375e-06
3264,93.91614779501106,1,30.241409,True,True,1.430511474609375e-06
3265,93.94852475600783,1,32.290964,True,True,1.430511474609375e-06
3266,93.98056135000661,1,31.92734,True,True,1.430511474609375e-06
3267,94.01239211202483,1,31.745258,True,True,1.430511474609375e-06
3268,94.04845438001212,1,35.95389,True,True,1.430511474609375e-06
3269,94.09902185801184,1,50.426934,True,True,1.430511474609375e-06
3270,94.11761809201562,1,18.458669,True,True,1.430511474609375e-06
