iteration,elapsed_s,window_index,latency_ms,finite,correct,max_abs_error
1,0.030658357005449943,0,30.519176,True,True,1.430511474609375e-06
2,0.056502025996451266,0,18.982518,True,True,1.430511474609375e-06
3,0.0753483669977868,0,18.748697,True,True,1.430511474609375e-06
4,0.09384644200326875,0,18.39956,True,True,1.430511474609375e-06
5,0.11186165499384515,0,17.936299,True,True,1.430511474609375e-06
6,0.1298828940052772,0,17.952856,True,True,1.430511474609375e-06
7,0.14825606800150126,0,18.304248,True,True,1.430511474609375e-06
8,0.16641012899344787,0,18.095446,True,True,1.430511474609375e-06
9,0.18466813499981072,0,18.194191,True,True,1.430511474609375e-06
10,0.20266180200269446,0,17.931972,True,True,1.430511474609375e-06
11,0.2209714390046429,0,18.246843,True,True,1.430511474609375e-06
12,0.2506287569995038,0,29.597559,True,True,1.430511474609375e-06
13,0.28031283800373785,0,29.591054,True,True,1.430511474609375e-06
14,0.31029316000058316,0,29.893943,True,True,1.430511474609375e-06
15,0.3355474489944754,0,25.171021,True,True,1.430511474609375e-06
16,0.37403023899241816,0,38.403026,True,True,1.430511474609375e-06
17,0.39846523899177555,0,24.327315,True,True,1.430511474609375e-06
18,0.46413073599978816,0,65.590892,True,True,1.430511474609375e-06
19,0.4952596189978067,0,30.975647,True,True,1.430511474609375e-06
20,0.5266356719948817,0,31.252535,True,True,1.430511474609375e-06
21,0.56131093899603,0,34.568763,True,True,1.430511474609375e-06
22,0.592902251999476,0,31.446161,True,True,1.430511474609375e-06
23,0.6184498319926206,0,25.418435,True,True,1.430511474609375e-06
24,0.6516101759916637,0,33.064592,True,True,1.430511474609375e-06
25,0.6812462609959766,0,29.510096,True,True,1.430511474609375e-06
26,0.7137593170045875,0,32.398507,True,True,1.430511474609375e-06
27,0.7453096980025293,0,31.416773,True,True,1.430511474609375e-06
28,0.80904293700587,0,63.607998,True,True,1.430511474609375e-06
29,0.8430400179931894,0,33.847156,True,True,1.430511474609375e-06
30,0.8767016329948092,0,33.522518,True,True,1.430511474609375e-06
31,0.9096792549971724,0,32.845639,True,True,1.430511474609375e-06
32,0.9362515779939713,0,26.439128,True,True,1.430511474609375e-06
33,0.9846376070054248,0,48.243075,True,True,1.430511474609375e-06
34,1.0146741689968621,0,29.885422,True,True,1.430511474609375e-06
35,1.0405347000050824,0,25.732278,True,True,1.430511474609375e-06
36,1.0594629379920661,0,18.810769,True,True,1.430511474609375e-06
37,1.0779254429944558,0,18.373652,True,True,1.430511474609375e-06
38,1.0962165480013937,0,18.224846,True,True,1.430511474609375e-06
39,1.1145494009979302,0,18.263692,True,True,1.430511474609375e-06
40,1.1329861220001476,0,18.378863,True,True,1.430511474609375e-06
41,1.151842368999496,0,18.750392,True,True,1.430511474609375e-06
42,1.171044496994,0,19.067667,True,True,1.430511474609375e-06
43,1.1895692590042017,0,18.403242,True,True,1.430511474609375e-06
44,1.2080884970055195,0,18.434555,True,True,1.430511474609375e-06
45,1.2311058109917212,0,22.955927,True,True,1.430511474609375e-06
46,1.2616475149989128,0,30.454218,True,True,1.430511474609375e-06
47,1.2870230400003493,0,25.271835,True,True,1.430511474609375e-06
48,1.3167756879993249,0,29.649634,True,True,1.430511474609375e-06
49,1.3460041329963133,0,29.128416,True,True,1.430511474609375e-06
50,1.376448448994779,0,30.343165,True,True,1.430511474609375e-06
51,1.4020568499981891,0,25.522567,True,True,1.430511474609375e-06
52,1.4309448569983942,0,28.809056,True,True,1.430511474609375e-06
53,1.4617674500041176,0,30.742602,True,True,1.430511474609375e-06
54,1.4866536210029153,0,24.79841,True,True,1.430511474609375e-06
55,1.5158006230049068,0,29.059218,True,True,1.430511474609375e-06
56,1.5455667450005421,0,29.677845,True,True,1.430511474609375e-06
57,1.5756507049954962,0,30.000217,True,True,1.430511474609375e-06
58,1.6006000619963743,0,24.866262,True,True,1.430511474609375e-06
59,1.6460898520017508,0,45.41156,True,True,1.430511474609375e-06
60,1.676585745997727,0,30.349423,True,True,1.430511474609375e-06
61,1.7025205969985109,0,25.822118,True,True,1.430511474609375e-06
62,1.73174651399313,0,29.141851,True,True,1.430511474609375e-06
63,1.7618204669997795,0,29.984203,True,True,1.430511474609375e-06
64,1.8164734519959893,0,54.566842,True,True,1.430511474609375e-06
65,1.847005650997744,0,30.317594,True,True,1.430511474609375e-06
66,1.8777411519986345,0,30.61903,True,True,1.430511474609375e-06
67,1.90269919099228,0,24.863603,True,True,1.430511474609375e-06
68,1.9318018079939066,0,29.017236,True,True,1.430511474609375e-06
69,1.9625688899977831,0,30.68867,True,True,1.430511474609375e-06
70,1.9924050529953092,0,29.771841,True,True,1.430511474609375e-06
71,2.018121101995348,0,25.648409,True,True,1.430511474609375e-06
72,2.0483068879984785,0,30.110661,True,True,1.430511474609375e-06
73,2.0665569949924247,0,18.149211,True,True,1.430511474609375e-06
74,2.084804843994789,0,18.180603,True,True,1.430511474609375e-06
75,2.103257933005807,0,18.39219,True,True,1.430511474609375e-06
76,2.121467296004994,0,18.153113,True,True,1.430511474609375e-06
77,2.1400749390013516,0,18.555094,True,True,1.430511474609375e-06
78,2.158126573995105,0,17.998867,True,True,1.430511474609375e-06
79,2.1761769260047004,0,17.995259,True,True,1.430511474609375e-06
80,2.1941154999949504,0,17.883836,True,True,1.430511474609375e-06
81,2.212567324997508,0,18.399523,True,True,1.430511474609375e-06
82,2.236720372995478,0,24.100188,True,True,1.430511474609375e-06
83,2.26525633399433,0,28.457967,True,True,1.430511474609375e-06
84,2.3117162400012603,0,46.37806,True,True,1.430511474609375e-06
85,2.3418678759917384,0,30.003742,True,True,1.430511474609375e-06
86,2.3671005429932848,0,25.134811,True,True,1.430511474609375e-06
87,2.3966444590041647,0,29.467762,True,True,1.430511474609375e-06
88,2.42660545099352,0,29.863487,True,True,1.430511474609375e-06
89,2.4525377020036103,0,25.845042,True,True,1.430511474609375e-06
90,2.4812930509942817,0,28.669815,True,True,1.430511474609375e-06
91,2.5120206419960596,0,30.638996,True,True,1.430511474609375e-06
92,2.537093070000992,0,25.000276,True,True,1.430511474609375e-06
93,2.5667473700013943,0,29.560822,True,True,1.430511474609375e-06
94,2.595705982996151,0,28.875131,True,True,1.430511474609375e-06
95,2.62663672400231,0,30.835012,True,True,1.430511474609375e-06
96,2.65195992399822,0,25.227424,True,True,1.430511474609375e-06
97,2.681330113991862,0,29.266411,True,True,1.430511474609375e-06
98,2.7113886599981925,0,29.97397,True,True,1.430511474609375e-06
99,2.736473216995364,0,25.008036,True,True,1.430511474609375e-06
100,2.765439670998603,0,28.905806,True,True,1.430511474609375e-06
101,2.8266193220042624,0,61.115502,True,True,1.430511474609375e-06
102,2.852616178992321,0,25.831744,True,True,1.430511474609375e-06
103,2.881783296004869,0,29.026065,True,True,1.430511474609375e-06
104,2.912683353002649,0,30.762338,True,True,1.430511474609375e-06
105,2.942734843993094,0,29.957428,True,True,1.430511474609375e-06
106,2.967906933001359,0,25.099265,True,True,1.430511474609375e-06
107,2.9968904230045155,0,28.916586,True,True,1.430511474609375e-06
108,3.026919436000753,0,29.962118,True,True,1.430511474609375e-06
109,3.046121573992423,0,19.128502,True,True,1.430511474609375e-06
110,3.0642505360010546,0,18.068896,True,True,1.430511474609375e-06
111,3.082496643997729,0,18.189016,True,True,1.430511474609375e-06
112,3.1008324769936735,0,18.28572,True,True,1.430511474609375e-06
113,3.128228671994293,0,27.341515,True,True,1.430511474609375e-06
114,3.1467057120025856,0,18.390245,True,True,1.430511474609375e-06
115,3.1650385109969648,0,18.268256,True,True,1.430511474609375e-06
116,3.183261019003112,0,18.16752,True,True,1.430511474609375e-06
117,3.2019773880019784,0,18.661018,True,True,1.430511474609375e-06
118,3.219983539005625,0,17.939415,True,True,1.430511474609375e-06
119,3.2492671109939693,0,29.226279,True,True,1.430511474609375e-06
120,3.2787326389952796,0,29.372549,True,True,1.430511474609375e-06
121,3.3083034500014037,0,29.497746,True,True,1.430511474609375e-06
122,3.3335114670044277,0,25.115483,True,True,1.430511474609375e-06
123,3.362307003000751,0,28.723598,True,True,1.430511474609375e-06
124,3.392632439994486,0,30.237641,True,True,1.430511474609375e-06
125,3.418148900993401,0,25.400336,True,True,1.430511474609375e-06
126,3.4471749359945534,0,28.955343,True,True,1.430511474609375e-06
127,3.4769155440008035,0,29.680849,True,True,1.430511474609375e-06
128,3.502455287001794,0,25.468749,True,True,1.430511474609375e-06
129,3.531873671003268,0,29.28151,True,True,1.430511474609375e-06
130,3.562073009001324,0,30.082651,True,True,1.430511474609375e-06
131,3.592303028999595,0,30.137631,True,True,1.430511474609375e-06
132,3.6176614860014524,0,25.266866,True,True,1.430511474609375e-06
133,3.6465177869977197,0,28.778584,True,True,1.430511474609375e-06
134,3.676882461004425,0,30.28943,True,True,1.430511474609375e-06
135,3.701712862995919,0,24.762745,True,True,1.430511474609375e-06
136,3.7310461930028396,0,29.269827,True,True,1.430511474609375e-06
137,3.7612656589917606,0,30.1529,True,True,1.430511474609375e-06
138,3.8127983860031236,0,51.455477,True,True,1.430511474609375e-06
139,3.8462300520041026,0,33.255631,True,True,1.430511474609375e-06
140,3.876242390993866,0,29.908339,True,True,1.430511474609375e-06
141,3.9015283240005374,0,25.191135,True,True,1.430511474609375e-06
142,3.9304257030016743,0,28.822436,True,True,1.430511474609375e-06
143,3.9760843419935554,0,45.588002,True,True,1.430511474609375e-06
144,4.001464070999646,0,25.241494,True,True,1.430511474609375e-06
145,4.030949865991715,0,29.394583,True,True,1.430511474609375e-06
146,4.049921343001188,0,18.896318,True,True,1.430511474609375e-06
147,4.068111112996121,0,18.126794,True,True,1.430511474609375e-06
148,4.08663864499249,0,18.4689,True,True,1.430511474609375e-06
149,4.104608961002668,0,17.906335,True,True,1.430511474609375e-06
150,4.122567345999414,0,17.900217,True,True,1.430511474609375e-06
151,4.140551089003566,0,17.928654,True,True,1.430511474609375e-06
152,4.158693510005833,0,18.093622,True,True,1.430511474609375e-06
153,4.176676788003533,0,17.928636,True,True,1.430511474609375e-06
154,4.1947018100036075,0,17.972023,True,True,1.430511474609375e-06
155,4.2130218029924436,0,18.263131,True,True,1.430511474609375e-06
156,4.24199497900554,0,28.91591,True,True,1.430511474609375e-06
157,4.272032762004528,0,29.940005,True,True,1.430511474609375e-06
158,4.297273243995733,0,25.164498,True,True,1.430511474609375e-06
159,4.325961680995533,0,28.607828,True,True,1.430511474609375e-06
160,4.35694710300595,0,30.914904,True,True,1.430511474609375e-06
161,4.386976077003055,0,29.959189,True,True,1.430511474609375e-06
162,4.412723892994109,0,25.681325,True,True,1.430511474609375e-06
163,4.44215494999662,0,29.300411,True,True,1.430511474609375e-06
164,4.472003517992562,0,29.765624,True,True,1.430511474609375e-06
165,4.497110230004182,0,25.040833,True,True,1.430511474609375e-06
166,4.526533102005487,0,29.360809,True,True,1.430511474609375e-06
167,4.556476532001398,0,29.814836,True,True,1.430511474609375e-06
168,4.586277972004609,0,29.716568,True,True,1.430511474609375e-06
169,4.6115660439973,0,25.218563,True,True,1.430511474609375e-06
170,4.640313411000534,0,28.659499,True,True,1.430511474609375e-06
171,4.676616728000226,0,36.230766,True,True,1.430511474609375e-06
172,4.706846960994881,0,30.107383,True,True,1.430511474609375e-06
173,4.736451777993352,0,29.519188,True,True,1.430511474609375e-06
174,4.761550940005691,0,25.02135,True,True,1.430511474609375e-06
175,4.809462776000146,0,47.841282,True,True,1.430511474609375e-06
176,4.847453209993546,0,37.840293,True,True,1.430511474609375e-06
177,4.875625183005468,0,28.048024,True,True,1.430511474609375e-06
178,4.905276524994406,0,29.575381,True,True,1.430511474609375e-06
179,4.93514104699716,0,29.789877,True,True,1.430511474609375e-06
180,4.9595003870053915,0,24.288414,True,True,1.430511474609375e-06
181,4.989562674993067,0,29.999787,True,True,1.430511474609375e-06
182,5.019315755998832,0,29.682284,True,True,1.430511474609375e-06
183,5.053115814997,0,20.700459,True,True,1.430511474609375e-06
184,5.071428879004088,0,18.228643,True,True,1.430511474609375e-06
185,5.089408055006061,0,17.914997,True,True,1.430511474609375e-06
186,5.107502516999375,0,18.02913,True,True,1.430511474609375e-06
187,5.125459015995148,0,17.896193,True,True,1.430511474609375e-06
188,5.143436001002556,0,17.92317,True,True,1.430511474609375e-06
189,5.161481385992374,0,17.979349,True,True,1.430511474609375e-06
190,5.17942942600348,0,17.891414,True,True,1.430511474609375e-06
191,5.197818777000066,0,18.334022,True,True,1.430511474609375e-06
192,5.215990494994912,0,18.118863,True,True,1.430511474609375e-06
193,5.240405217002262,0,24.35173,True,True,1.430511474609375e-06
194,5.269440336996922,0,28.965183,True,True,1.430511474609375e-06
195,5.299278385005891,0,29.774117,True,True,1.430511474609375e-06
196,5.3243444219988305,0,24.978735,True,True,1.430511474609375e-06
197,5.3535038539994275,0,29.080568,True,True,1.430511474609375e-06
198,5.38362668499758,0,30.045652,True,True,1.430511474609375e-06
199,5.413216133005335,0,29.518813,True,True,1.430511474609375e-06
200,5.437319617005414,0,24.037589,True,True,1.430511474609375e-06
201,5.466995922004571,0,29.586433,True,True,1.430511474609375e-06
202,5.496955152993905,0,29.881232,True,True,1.430511474609375e-06
203,5.522341620002408,0,25.315164,True,True,1.430511474609375e-06
204,5.551019406004343,0,28.609311,True,True,1.430511474609375e-06
205,5.580754561000504,0,29.660647,True,True,1.430511474609375e-06
206,5.605951734993141,0,25.129655,True,True,1.430511474609375e-06
207,5.635187876003329,0,29.173288,True,True,1.430511474609375e-06
208,5.664954631996807,0,29.699711,True,True,1.430511474609375e-06
209,5.695028004993219,0,29.986585,True,True,1.430511474609375e-06
210,5.719939486996736,0,24.839069,True,True,1.430511474609375e-06
211,5.749982455003192,0,29.976259,True,True,1.430511474609375e-06
212,5.791235701995902,0,41.171445,True,True,1.430511474609375e-06
213,5.824170199004584,0,32.787822,True,True,1.430511474609375e-06
214,5.866713372000959,0,42.393202,True,True,1.430511474609375e-06
215,5.914014541005599,0,47.174475,True,True,1.430511474609375e-06
216,5.939517295002588,0,25.353816,True,True,1.430511474609375e-06
217,5.968885084002977,0,29.25503,True,True,1.430511474609375e-06
218,5.998924415995134,0,29.953188,True,True,1.430511474609375e-06
219,6.029248159000417,0,30.248438,True,True,1.430511474609375e-06
220,6.04877509099606,0,19.403668,True,True,1.430511474609375e-06
221,6.067786376996082,0,18.901165,True,True,1.430511474609375e-06
222,6.086031958999229,0,18.171431,True,True,1.430511474609375e-06
223,6.104229022996151,0,18.125634,True,True,1.430511474609375e-06
224,6.122197909004171,0,17.90736,True,True,1.430511474609375e-06
225,6.140373022004496,0,18.113821,True,True,1.430511474609375e-06
226,6.159111517001293,0,18.667864,True,True,1.430511474609375e-06
227,6.17752993600152,0,18.289513,True,True,1.430511474609375e-06
228,6.195695586997317,0,18.083903,True,True,1.430511474609375e-06
229,6.214007982998737,0,18.245487,True,True,1.430511474609375e-06
230,6.237953346993891,0,23.886744,True,True,1.430511474609375e-06
231,6.268067981000058,0,30.041461,True,True,1.430511474609375e-06
232,6.297013289004099,0,28.869621,True,True,1.430511474609375e-06
233,6.32678066000517,0,29.669021,True,True,1.430511474609375e-06
234,6.356920692996937,0,30.035895,True,True,1.430511474609375e-06
235,6.381229594000615,0,24.21343,True,True,1.430511474609375e-06
236,6.411402904996066,0,30.092151,True,True,1.430511474609375e-06
237,6.4412757310055895,0,29.792757,True,True,1.430511474609375e-06
238,6.466406970997923,0,25.0504,True,True,1.430511474609375e-06
239,6.496022555002128,0,29.546184,True,True,1.430511474609375e-06
240,6.525621221997426,0,29.527223,True,True,1.430511474609375e-06
241,6.5510254919936415,0,25.332357,True,True,1.430511474609375e-06
242,6.580142973005422,0,29.043436,True,True,1.430511474609375e-06
243,6.610980657991604,0,30.767564,True,True,1.430511474609375e-06
244,6.640956910996465,0,29.847134,True,True,1.430511474609375e-06
245,6.665486964004231,0,24.445868,True,True,1.430511474609375e-06
246,6.694845386999077,0,29.275188,True,True,1.430511474609375e-06
247,6.7248836910002865,0,29.975244,True,True,1.430511474609375e-06
248,6.750244805996772,0,25.294115,True,True,1.430511474609375e-06
249,6.795171006000601,0,44.862902,True,True,1.430511474609375e-06
250,6.841633119998733,0,46.314157,True,True,1.430511474609375e-06
251,6.866946182999527,0,25.164049,True,True,1.430511474609375e-06
252,6.895676018000813,0,28.63986,True,True,1.430511474609375e-06
253,6.9258694629970705,0,30.103209,True,True,1.430511474609375e-06
254,6.956299144003424,0,30.355291,True,True,1.430511474609375e-06
255,6.980523635997088,0,24.156525,True,True,1.430511474609375e-06
256,7.009986365999794,0,29.400186,True,True,1.430511474609375e-06
257,7.035141073996783,0,25.093325,True,True,1.430511474609375e-06
258,7.053349686000729,0,18.149419,True,True,1.430511474609375e-06
259,7.071309052000288,0,17.901127,True,True,1.430511474609375e-06
260,7.089448364000418,0,18.088868,True,True,1.430511474609375e-06
261,7.1076590379962,0,18.151962,True,True,1.430511474609375e-06
262,7.125656992997392,0,17.941256,True,True,1.430511474609375e-06
263,7.143840649994672,0,18.126127,True,True,1.430511474609375e-06
264,7.161978474992793,0,18.073585,True,True,1.430511474609375e-06
265,7.179831468005432,0,17.800466,True,True,1.430511474609375e-06
266,7.1979956360009965,0,18.110512,True,True,1.430511474609375e-06
267,7.216258115993696,0,18.203826,True,True,1.430511474609375e-06
268,7.246321846003411,0,30.003265,True,True,1.430511474609375e-06
269,7.275815279004746,0,29.383332,True,True,1.430511474609375e-06
270,7.306593475994305,0,30.69141,True,True,1.430511474609375e-06
271,7.336130914001842,0,29.44725,True,True,1.430511474609375e-06
272,7.360220622998895,0,24.008215,True,True,1.430511474609375e-06
273,7.390139470997383,0,29.849095,True,True,1.430511474609375e-06
274,7.4201526590040885,0,29.951161,True,True,1.430511474609375e-06
275,7.445684117992641,0,25.470097,True,True,1.430511474609375e-06
276,7.47436913799902,0,28.614761,True,True,1.430511474609375e-06
277,7.504186327001662,0,29.743459,True,True,1.430511474609375e-06
278,7.529207599000074,0,24.957823,True,True,1.430511474609375e-06
279,7.5736627529986436,0,44.385202,True,True,1.430511474609375e-06
280,7.604109630003222,0,30.299786,True,True,1.430511474609375e-06
281,7.6299494370032335,0,25.735214,True,True,1.430511474609375e-06
282,7.6599636530008866,0,29.936002,True,True,1.430511474609375e-06
283,7.690356035003788,0,30.252401,True,True,1.430511474609375e-06
284,7.7203998009936186,0,29.948859,True,True,1.430511474609375e-06
285,7.745447045992478,0,24.979527,True,True,1.430511474609375e-06
286,7.789292084999033,0,43.776048,True,True,1.430511474609375e-06
287,7.824351371993544,0,34.913757,True,True,1.430511474609375e-06
288,7.863180703992839,0,38.688378,True,True,1.430511474609375e-06
289,7.8921923529997,0,28.885306,True,True,1.430511474609375e-06
290,7.922838622005656,0,30.547321,True,True,1.430511474609375e-06
291,7.947783472001902,0,24.836519,True,True,1.430511474609375e-06
292,7.9767016819969285,0,28.830497,True,True,1.430511474609375e-06
293,8.007253659001435,0,30.475208,True,True,1.430511474609375e-06
294,8.032073612994282,0,24.742528,True,True,1.430511474609375e-06
295,8.05076467199251,0,18.621519,True,True,1.430511474609375e-06
296,8.068935720992158,0,18.113573,True,True,1.430511474609375e-06
297,8.086884103002376,0,17.895801,True,True,1.430511474609375e-06
298,8.105015413995716,0,18.069626,True,True,1.430511474609375e-06
299,8.122991348005598,0,17.923677,True,True,1.430511474609375e-06
300,8.140925261002849,0,17.879791,True,True,1.430511474609375e-06
301,8.15886469099496,0,17.884039,True,True,1.430511474609375e-06
302,8.176880630999221,0,17.9645,True,True,1.430511474609375e-06
303,8.19489159299701,0,17.953923,True,True,1.430511474609375e-06
304,8.228165634995094,0,33.210812,True,True,1.430511474609375e-06
305,8.25842611999542,0,30.138431,True,True,1.430511474609375e-06
306,8.282188785000471,0,23.61913,True,True,1.430511474609375e-06
307,8.312147625998477,0,29.881995,True,True,1.430511474609375e-06
308,8.337856529004057,0,25.621247,True,True,1.430511474609375e-06
309,8.366928154995549,0,28.995802,True,True,1.430511474609375e-06
310,8.39679840199824,0,29.790398,True,True,1.430511474609375e-06
311,8.422015301999636,0,25.140682,True,True,1.430511474609375e-06
312,8.450901564996457,0,28.810312,True,True,1.430511474609375e-06
313,8.480360474000918,0,29.394056,True,True,1.430511474609375e-06
314,8.50564277000376,0,25.214836,True,True,1.430511474609375e-06
315,8.53480579299503,0,29.098283,True,True,1.430511474609375e-06
316,8.564721343995188,0,29.857341,True,True,1.430511474609375e-06
317,8.589726430000155,0,24.931409,True,True,1.430511474609375e-06
318,8.618847475998336,0,29.051388,True,True,1.430511474609375e-06
319,8.64867736499582,0,29.746466,True,True,1.430511474609375e-06
320,8.679454950994113,0,30.684846,True,True,1.430511474609375e-06
321,8.704177842999343,0,24.646595,True,True,1.430511474609375e-06
322,8.73364142999344,0,29.387472,True,True,1.430511474609375e-06
323,8.763546603993746,0,29.837774,True,True,1.430511474609375e-06
324,8.804306563994032,0,40.691871,True,True,1.430511474609375e-06
325,8.8332532899949,0,28.804959,True,True,1.430511474609375e-06
326,8.895097026994335,0,61.743835,True,True,1.430511474609375e-06
327,8.920454467996024,0,25.211088,True,True,1.430511474609375e-06
328,8.949333291006042,0,28.780641,True,True,1.430511474609375e-06
329,8.97925370199664,0,29.840475,True,True,1.430511474609375e-06
330,9.00403055199422,0,24.702808,True,True,1.430511474609375e-06
331,9.033266867001657,0,29.168169,True,True,1.430511474609375e-06
332,9.052233191992855,0,18.882047,True,True,1.430511474609375e-06
333,9.070434499997646,0,18.135492,True,True,1.430511474609375e-06
334,9.088825379003538,0,18.336019,True,True,1.430511474609375e-06
335,9.10678597399965,0,17.903396,True,True,1.430511474609375e-06
336,9.124757163997856,0,17.919968,True,True,1.430511474609375e-06
337,9.142684427992208,0,17.872768,True,True,1.430511474609375e-06
338,9.160896189001505,0,18.144118,True,True,1.430511474609375e-06
339,9.179287242994178,0,18.335583,True,True,1.430511474609375e-06
340,9.19724972199765,0,17.909636,True,True,1.430511474609375e-06
341,9.215295351998066,0,17.990515,True,True,1.430511474609375e-06
342,9.244288310001139,0,28.938353,True,True,1.430511474609375e-06
343,9.27504972499446,0,30.669686,True,True,1.430511474609375e-06
344,9.300335698993877,0,25.161477,True,True,1.430511474609375e-06
345,9.329485492999083,0,29.048713,True,True,1.430511474609375e-06
346,9.359301602002233,0,29.743101,True,True,1.430511474609375e-06
347,9.389456681994488,0,30.076778,True,True,1.430511474609375e-06
348,9.4153693929984,0,25.787813,True,True,1.430511474609375e-06
349,9.444647552998504,0,29.171575,True,True,1.430511474609375e-06
350,9.475954655994428,0,31.22208,True,True,1.430511474609375e-06
351,9.505569985994953,0,29.54278,True,True,1.430511474609375e-06
352,9.529603293005493,0,23.960566,True,True,1.430511474609375e-06
353,9.559983322003973,0,30.315257,True,True,1.430511474609375e-06
354,9.590021130992682,0,29.956695,True,True,1.430511474609375e-06
355,9.615412532002665,0,25.316475,True,True,1.430511474609375e-06
356,9.644706115999725,0,29.217925,True,True,1.430511474609375e-06
357,9.67513740999857,0,30.342816,True,True,1.430511474609375e-06
358,9.704889111992088,0,29.674025,True,True,1.430511474609375e-06
359,9.744180738998693,0,39.213311,True,True,1.430511474609375e-06
360,9.777256583998678,0,32.940749,True,True,1.430511474609375e-06
361,9.815952371995081,0,38.552271,True,True,1.430511474609375e-06
362,9.859294153997325,0,43.210412,True,True,1.430511474609375e-06
363,9.891054505991633,0,31.616216,True,True,1.430511474609375e-06
364,9.921296663000248,0,30.150362,True,True,1.430511474609375e-06
365,9.945361663005315,0,23.986155,True,True,1.430511474609375e-06
366,9.975109432998579,0,29.681517,True,True,1.430511474609375e-06
367,10.005045169993537,0,29.86732,True,True,1.430511474609375e-06
368,10.039995821003686,0,22.993141,True,True,1.430511474609375e-06
369,10.058035877998918,0,17.957929,True,True,1.430511474609375e-06
370,10.076310299002216,0,18.212477,True,True,1.430511474609375e-06
371,10.094318121991819,0,17.949481,True,True,1.430511474609375e-06
372,10.112517275003484,0,18.135028,True,True,1.430511474609375e-06
373,10.130663536998327,0,18.087259,True,True,1.430511474609375e-06
374,10.148719923003227,0,17.996712,True,True,1.430511474609375e-06
375,10.166907810998964,0,18.135182,True,True,1.430511474609375e-06
376,10.185153152997373,0,18.193654,True,True,1.430511474609375e-06
377,10.20305891300086,0,17.846979,True,True,1.430511474609375e-06
378,10.227043726001284,0,23.928967,True,True,1.430511474609375e-06
379,10.255993355996907,0,28.889439,True,True,1.430511474609375e-06
380,10.286051132003195,0,29.9875,True,True,1.430511474609375e-06
381,10.311154815004556,0,25.032481,True,True,1.430511474609375e-06
382,10.34039886300161,0,29.158388,True,True,1.430511474609375e-06
383,10.370031868995284,0,29.527517,True,True,1.430511474609375e-06
384,10.399777409998933,0,29.670825,True,True,1.430511474609375e-06
385,10.424780207991716,0,24.938111,True,True,1.430511474609375e-06
386,10.454041688004509,0,29.201578,True,True,1.430511474609375e-06
387,10.489107789995614,0,34.993313,True,True,1.430511474609375e-06
388,10.519201520000934,0,29.996199,True,True,1.430511474609375e-06
389,10.549568999005714,0,30.289316,True,True,1.430511474609375e-06
390,10.589619238002342,0,39.969126,True,True,1.430511474609375e-06
391,10.619776929001091,0,30.019028,True,True,1.430511474609375e-06
392,10.650275196996517,0,30.414724,True,True,1.430511474609375e-06
393,10.675352834994555,0,25.004171,True,True,1.430511474609375e-06
394,10.705013768005301,0,29.568873,True,True,1.430511474609375e-06
395,10.73484425600327,0,29.755697,True,True,1.430511474609375e-06
396,10.759993058993132,0,25.080202,True,True,1.430511474609375e-06
397,10.804995357000735,0,44.936518,True,True,1.430511474609375e-06
398,10.837153201006004,0,32.013328,True,True,1.430511474609375e-06
399,10.877165470999898,0,39.875071,True,True,1.430511474609375e-06
400,10.90583664899168,0,28.534388,True,True,1.430511474609375e-06
401,10.935778568993555,0,29.852999,True,True,1.430511474609375e-06
402,10.96602243599773,0,30.156937,True,True,1.430511474609375e-06
403,10.991471230998286,0,25.377582,True,True,1.430511474609375e-06
404,11.020614234003006,0,29.073683,True,True,1.430511474609375e-06
405,11.046724839005037,0,25.984897,True,True,1.430511474609375e-06
406,11.064940166004817,0,18.104483,True,True,1.430511474609375e-06
407,11.08323401400412,0,18.219476,True,True,1.430511474609375e-06
408,11.101221641001757,0,17.921056,True,True,1.430511474609375e-06
409,11.11932739400072,0,18.048663,True,True,1.430511474609375e-06
410,11.137888689001556,0,18.504083,True,True,1.430511474609375e-06
411,11.156684881992987,0,18.675013,True,True,1.430511474609375e-06
412,11.174934968992602,0,18.139929,True,True,1.430511474609375e-06
413,11.193165845004842,0,18.16469,True,True,1.430511474609375e-06
414,11.211152271993342,0,17.925776,True,True,1.430511474609375e-06
415,11.234098383996752,0,22.888483,True,True,1.430511474609375e-06
416,11.259390374994837,0,25.20916,True,True,1.430511474609375e-06
417,11.29485069400107,0,35.388282,True,True,1.430511474609375e-06
418,11.3197503650008,0,24.811178,True,True,1.430511474609375e-06
419,11.3486341109965,0,28.805993,True,True,1.430511474609375e-06
420,11.378558434997103,0,29.856977,True,True,1.430511474609375e-06
421,11.404196271992987,0,25.574318,True,True,1.430511474609375e-06
422,11.432709850996616,0,28.449254,True,True,1.430511474609375e-06
423,11.46279115199286,0,30.023997,True,True,1.430511474609375e-06
424,11.487825749994954,0,24.964664,True,True,1.430511474609375e-06
425,11.51656152299256,0,28.667375,True,True,1.430511474609375e-06
426,11.546738379998715,0,30.106519,True,True,1.430511474609375e-06
427,11.576565801005927,0,29.751017,True,True,1.430511474609375e-06
428,11.601160678997985,0,24.533697,True,True,1.430511474609375e-06
429,11.630708961005439,0,29.456868,True,True,1.430511474609375e-06
430,11.660766389002674,0,29.987039,True,True,1.430511474609375e-06
431,11.685514044991578,0,24.658363,True,True,1.430511474609375e-06
432,11.714681746001588,0,29.095774,True,True,1.430511474609375e-06
433,11.744610430992907,0,29.859063,True,True,1.430511474609375e-06
434,11.777350035001291,0,32.671054,True,True,1.430511474609375e-06
435,11.815583774994593,0,38.116225,True,True,1.430511474609375e-06
436,11.845574773004046,0,29.88685,True,True,1.430511474609375e-06
437,11.88610367999354,0,40.439247,True,True,1.430511474609375e-06
438,11.915733824993367,0,29.497863,True,True,1.430511474609375e-06
439,11.946174106997205,0,30.352014,True,True,1.430511474609375e-06
440,11.976043342001503,0,29.792755,True,True,1.430511474609375e-06
441,12.000323637999827,0,24.212377,True,True,1.430511474609375e-06
442,12.030286107998108,0,29.89798,True,True,1.430511474609375e-06
443,12.04967291399953,0,19.326023,True,True,1.430511474609375e-06
444,12.067630791003467,0,17.902767,True,True,1.430511474609375e-06
445,12.085526210998069,0,17.842497,True,True,1.430511474609375e-06
446,12.104248951000045,0,18.669931,True,True,1.430511474609375e-06
447,12.122256447997643,0,17.95737,True,True,1.430511474609375e-06
448,12.140478291999898,0,18.16105,True,True,1.430511474609375e-06
449,12.15848933000234,0,17.957606,True,True,1.430511474609375e-06
450,12.176769707992207,0,18.232918,True,True,1.430511474609375e-06
451,12.195074449991807,0,18.24723,True,True,1.430511474609375e-06
452,12.213052619001246,0,17.924183,True,True,1.430511474609375e-06
453,12.23750096699223,0,24.398396,True,True,1.430511474609375e-06
454,12.272613364999415,0,35.051695,True,True,1.430511474609375e-06
455,12.29839731399261,0,25.69288,True,True,1.430511474609375e-06
456,12.32739294199564,0,28.925583,True,True,1.430511474609375e-06
457,12.35698579000018,0,29.526182,True,True,1.430511474609375e-06
458,12.382386145996861,0,25.334849,True,True,1.430511474609375e-06
459,12.411227675998816,0,28.784686,True,True,1.430511474609375e-06
460,12.441241948996321,0,29.956189,True,True,1.430511474609375e-06
461,12.471906389997457,0,30.59166,True,True,1.430511474609375e-06
462,12.511900811005034,0,39.909365,True,True,1.430511474609375e-06
463,12.542267238997738,0,30.244822,True,True,1.430511474609375e-06
464,12.57282127799408,0,30.467595,True,True,1.430511474609375e-06
465,12.597679625003366,0,24.787945,True,True,1.430511474609375e-06
466,12.626409969001543,0,28.665418,True,True,1.430511474609375e-06
467,12.65640345599968,0,29.928666,True,True,1.430511474609375e-06
468,12.682005918002687,0,25.539371,True,True,1.430511474609375e-06
469,12.710799634995055,0,28.713656,True,True,1.430511474609375e-06
470,12.741062076005619,0,30.180039,True,True,1.430511474609375e-06
471,12.77344444100163,0,32.284392,True,True,1.430511474609375e-06
472,12.811554521991638,0,37.982881,True,True,1.430511474609375e-06
473,12.842609094994259,0,30.941786,True,True,1.430511474609375e-06
474,12.883192527006031,0,40.470745,True,True,1.430511474609375e-06
475,12.91261093999492,0,29.27134,True,True,1.430511474609375e-06
476,12.943292886004201,0,30.578251,True,True,1.430511474609375e-06
477,12.973417439003242,0,30.027126,True,True,1.430511474609375e-06
478,12.999225217994535,0,25.688127,True,True,1.430511474609375e-06
479,13.028194276004797,0,28.885565,True,True,1.430511474609375e-06
480,13.047554892997141,0,19.292511,True,True,1.430511474609375e-06
481,13.065574275999097,0,17.958055,True,True,1.430511474609375e-06
482,13.083709258004092,0,18.079477,True,True,1.430511474609375e-06
483,13.102131046005525,0,18.343259,True,True,1.430511474609375e-06
484,13.12012899799447,0,17.933076,True,True,1.430511474609375e-06
485,13.13818762000301,0,17.999413,True,True,1.430511474609375e-06
486,13.156360103996121,0,18.11149,True,True,1.430511474609375e-06
487,13.174309246998746,0,17.895389,True,True,1.430511474609375e-06
488,13.192463500992744,0,18.103396,True,True,1.430511474609375e-06
489,13.21046128400485,0,17.937252,True,True,1.430511474609375e-06
490,13.239508974002092,0,28.9496,True,True,1.430511474609375e-06
491,13.269345672000782,0,29.737358,True,True,1.430511474609375e-06
492,13.294241712996154,0,24.814227,True,True,1.430511474609375e-06
493,13.323706511000637,0,29.366443,True,True,1.430511474609375e-06
494,13.35431026299193,0,30.518005,True,True,1.430511474609375e-06
495,13.384067885999684,0,29.676789,True,True,1.430511474609375e-06
496,13.40910583799996,0,24.964673,True,True,1.430511474609375e-06
497,13.437606093997601,0,28.433463,True,True,1.430511474609375e-06
498,13.468394861993147,0,30.716854,True,True,1.430511474609375e-06
499,13.493479694996495,0,25.015258,True,True,1.430511474609375e-06
500,13.522725328992237,0,29.172607,True,True,1.430511474609375e-06
501,13.55235954899399,0,29.568384,True,True,1.430511474609375e-06
502,13.582728815003065,0,30.27685,True,True,1.430511474609375e-06
503,13.607507758002612,0,24.647997,True,True,1.430511474609375e-06
504,13.637264984994545,0,29.55549,True,True,1.430511474609375e-06
505,13.668010025998228,0,30.667738,True,True,1.430511474609375e-06
506,13.693068477005,0,24.981007,True,True,1.430511474609375e-06
507,13.72221320400422,0,29.086632,True,True,1.430511474609375e-06
508,13.752213376996224,0,29.93912,True,True,1.430511474609375e-06
509,13.791030075997696,0,38.744037,True,True,1.430511474609375e-06
510,13.821383702001185,0,30.193553,True,True,1.430511474609375e-06
511,13.854015902004903,0,32.526613,True,True,1.430511474609375e-06
512,13.893677528001717,0,39.503592,True,True,1.430511474609375e-06
513,13.922331431997009,0,28.524205,True,True,1.430511474609375e-06
514,13.953083703992888,0,30.654116,True,True,1.430511474609375e-06
515,13.983112772999448,0,29.935926,True,True,1.430511474609375e-06
516,14.007379161994322,0,24.186935,True,True,1.430511474609375e-06
517,14.036997403993155,0,29.547579,True,True,1.430511474609375e-06
518,14.05634719900263,0,19.27564,True,True,1.430511474609375e-06
519,14.074576593004167,0,18.163173,True,True,1.430511474609375e-06
520,14.092664181996952,0,18.030307,True,True,1.430511474609375e-06
521,14.110632516996702,0,17.904684,True,True,1.430511474609375e-06
522,14.128985750998254,0,18.276189,True,True,1.430511474609375e-06
523,14.147188496004674,0,18.139267,True,True,1.430511474609375e-06
524,14.175408271999913,0,28.157189,True,True,1.430511474609375e-06
525,14.193919903002097,0,18.428531,True,True,1.430511474609375e-06
526,14.21216854499653,0,18.172097,True,True,1.430511474609375e-06
527,14.235814144005417,0,23.577855,True,True,1.430511474609375e-06
528,14.266003501004889,0,30.058726,True,True,1.430511474609375e-06
529,14.290877424005885,0,24.774345,True,True,1.430511474609375e-06
530,14.320703753997805,0,29.742491,True,True,1.430511474609375e-06
531,14.345825337004499,0,25.03341,True,True,1.430511474609375e-06
532,14.375961786005064,0,29.992362,True,True,1.430511474609375e-06
533,14.404984370004968,0,28.928522,True,True,1.430511474609375e-06
534,14.435152566991746,0,30.09164,True,True,1.430511474609375e-06
535,14.459870345992385,0,24.647181,True,True,1.430511474609375e-06
536,14.489130457994179,0,29.19292,True,True,1.430511474609375e-06
537,14.518847315004678,0,29.655661,True,True,1.430511474609375e-06
538,14.543936426998698,0,25.027457,True,True,1.430511474609375e-06
539,14.573360680995393,0,29.363563,True,True,1.430511474609375e-06
540,14.603295421999064,0,29.872931,True,True,1.430511474609375e-06
541,14.63333433099615,0,29.960621,True,True,1.430511474609375e-06
542,14.658614751999266,0,25.205359,True,True,1.430511474609375e-06
543,14.68746834299236,0,28.769036,True,True,1.430511474609375e-06
544,14.717354527005227,0,29.809551,True,True,1.430511474609375e-06
545,14.742597536998801,0,25.177501,True,True,1.430511474609375e-06
546,14.775110866001341,0,32.447346,True,True,1.430511474609375e-06
547,14.833524200992542,0,58.267897,True,True,1.430511474609375e-06
548,14.872674865997396,0,39.014945,True,True,1.430511474609375e-06
549,14.904808822000632,0,31.99186,True,True,1.430511474609375e-06
550,14.934839227003977,0,29.927535,True,True,1.430511474609375e-06
551,14.959914933002437,0,24.992298,True,True,1.430511474609375e-06
552,14.98872485299944,0,28.737996,True,True,1.430511474609375e-06
553,15.018683980000787,0,29.887534,True,True,1.430511474609375e-06
554,15.058484319000854,0,19.997846,True,True,1.430511474609375e-06
555,15.07669487199746,0,18.123284,True,True,1.430511474609375e-06
556,15.094724790003966,0,17.967031,True,True,1.430511474609375e-06
557,15.112963406005292,0,18.173237,True,True,1.430511474609375e-06
558,15.130940842005657,0,17.912253,True,True,1.430511474609375e-06
559,15.14903235899692,0,18.022994,True,True,1.430511474609375e-06
560,15.167340617001173,0,18.244996,True,True,1.430511474609375e-06
561,15.185558775992831,0,18.158615,True,True,1.430511474609375e-06
562,15.20368477300508,0,18.070895,True,True,1.430511474609375e-06
563,15.221876116993371,0,18.131473,True,True,1.430511474609375e-06
564,15.251047828001902,0,29.113037,True,True,1.430511474609375e-06
565,15.281456009004614,0,30.319199,True,True,1.430511474609375e-06
566,15.311350388001301,0,29.80972,True,True,1.430511474609375e-06
567,15.336440489001689,0,24.982553,True,True,1.430511474609375e-06
568,15.365790459996788,0,29.265235,True,True,1.430511474609375e-06
569,15.395717655992485,0,29.846918,True,True,1.430511474609375e-06
570,15.421323332004249,0,25.532557,True,True,1.430511474609375e-06
571,15.449842575995717,0,28.420365,True,True,1.430511474609375e-06
572,15.49533177500416,0,45.406491,True,True,1.430511474609375e-06
573,15.520630607003113,0,25.164107,True,True,1.430511474609375e-06
574,15.55023499300296,0,29.516579,True,True,1.430511474609375e-06
575,15.57965264399536,0,29.3381,True,True,1.430511474609375e-06
576,15.610431820998201,0,30.707894,True,True,1.430511474609375e-06
577,15.63508027199714,0,24.525317,True,True,1.430511474609375e-06
578,15.664838861004682,0,29.671385,True,True,1.430511474609375e-06
579,15.695462629999383,0,30.526187,True,True,1.430511474609375e-06
580,15.720700153993675,0,25.153176,True,True,1.430511474609375e-06
581,15.749988087001839,0,29.2157,True,True,1.430511474609375e-06
582,15.796320631998242,0,46.240986,True,True,1.430511474609375e-06
583,15.826693928000168,0,30.222601,True,True,1.430511474609375e-06
584,15.851402743996005,0,24.613061,True,True,1.430511474609375e-06
585,15.897538310004165,0,46.054989,True,True,1.430511474609375e-06
586,15.927427062997594,0,29.735002,True,True,1.430511474609375e-06
587,15.952931356994668,0,25.411559,True,True,1.430511474609375e-06
588,15.981760034002946,0,28.749521,True,True,1.430511474609375e-06
589,16.012482755992096,0,30.651682,True,True,1.430511474609375e-06
590,16.037583797005937,0,25.011902,True,True,1.430511474609375e-06
591,16.056724260997726,0,19.003843,True,True,1.430511474609375e-06
592,16.07486032199813,0,18.062422,True,True,1.430511474609375e-06
593,16.093544225994265,0,18.626225,True,True,1.430511474609375e-06
594,16.11158520099707,0,17.974776,True,True,1.430511474609375e-06
595,16.129519544003415,0,17.872694,True,True,1.430511474609375e-06
596,16.14765890200215,0,18.078391,True,True,1.430511474609375e-06
597,16.16622513499169,0,18.455693,True,True,1.430511474609375e-06
598,16.184621413005516,0,18.295369,True,True,1.430511474609375e-06
599,16.20292270599748,0,18.227439,True,True,1.430511474609375e-06
600,16.221026543003973,0,18.032716,True,True,1.430511474609375e-06
601,16.249831059001735,0,28.735597,True,True,1.430511474609375e-06
602,16.280266122994362,0,30.332723,True,True,1.430511474609375e-06
603,16.30541527000605,0,25.065883,True,True,1.430511474609375e-06
604,16.35050576100184,0,44.982651,True,True,1.430511474609375e-06
605,16.381011284000124,0,30.370153,True,True,1.430511474609375e-06
606,16.41069698499632,0,29.591271,True,True,1.430511474609375e-06
607,16.43518791400129,0,24.406854,True,True,1.430511474609375e-06
608,16.46536338000442,0,30.088379,True,True,1.430511474609375e-06
609,16.49520097200002,0,29.762126,True,True,1.430511474609375e-06
610,16.520456544996705,0,25.180069,True,True,1.430511474609375e-06
611,16.549874919001013,0,29.340407,True,True,1.430511474609375e-06
612,16.579793174998485,0,29.843327,True,True,1.430511474609375e-06
613,16.604971972992644,0,25.098254,True,True,1.430511474609375e-06
614,16.634999214991694,0,29.937507,True,True,1.430511474609375e-06
615,16.664504747997853,0,29.407663,True,True,1.430511474609375e-06
616,16.694518297998002,0,29.931784,True,True,1.430511474609375e-06
617,16.720168505999027,0,25.581383,True,True,1.430511474609375e-06
618,16.7490022819984,0,28.758993,True,True,1.430511474609375e-06
619,16.794861739996122,0,45.790952,True,True,1.430511474609375e-06
620,16.82038805799675,0,25.378908,True,True,1.430511474609375e-06
621,16.849800744996173,0,29.319529,True,True,1.430511474609375e-06
622,16.895461145002628,0,45.58607,True,True,1.430511474609375e-06
623,16.921155792995705,0,25.546523,True,True,1.430511474609375e-06
624,16.949675365001895,0,28.42285,True,True,1.430511474609375e-06
625,16.98009233700577,0,30.343129,True,True,1.430511474609375e-06
626,17.00563145299384,0,25.458703,True,True,1.430511474609375e-06
627,17.034601780003868,0,28.898914,True,True,1.430511474609375e-06
628,17.0536422389996,0,18.972411,True,True,1.430511474609375e-06
629,17.07162183499895,0,17.92086,True,True,1.430511474609375e-06
630,17.089977623996674,0,18.30268,True,True,1.430511474609375e-06
631,17.108228391996818,0,18.1905,True,True,1.430511474609375e-06
632,17.126570038002683,0,18.284069,True,True,1.430511474609375e-06
633,17.147867577994475,0,21.232182,True,True,1.430511474609375e-06
634,17.17944633899606,0,31.478031,True,True,1.430511474609375e-06
635,17.19793431799917,0,18.410196,True,True,1.430511474609375e-06
636,17.216194749998976,0,18.195455,True,True,1.430511474609375e-06
637,17.244845441004145,0,28.594774,True,True,1.430511474609375e-06
638,17.270168051996734,0,25.253264,True,True,1.430511474609375e-06
639,17.298934549005935,0,28.690923,True,True,1.430511474609375e-06
640,17.32894075299555,0,29.939201,True,True,1.430511474609375e-06
641,17.35387413899298,0,24.864481,True,True,1.430511474609375e-06
642,17.38405355499708,0,30.111892,True,True,1.430511474609375e-06
643,17.414514381001936,0,30.392632,True,True,1.430511474609375e-06
644,17.443952317000367,0,29.380716,True,True,1.430511474609375e-06
645,17.469231201001094,0,25.220241,True,True,1.430511474609375e-06
646,17.498758628003998,0,29.467737,True,True,1.430511474609375e-06
647,17.528439241999877,0,29.615852,True,True,1.430511474609375e-06
648,17.55345414399926,0,24.952339,True,True,1.430511474609375e-06
649,17.58335804300441,0,29.844156,True,True,1.430511474609375e-06
650,17.61318454699358,0,29.761292,True,True,1.430511474609375e-06
651,17.638182758004405,0,24.927181,True,True,1.430511474609375e-06
652,17.668387590994826,0,30.146622,True,True,1.430511474609375e-06
653,17.698200892002205,0,29.72188,True,True,1.430511474609375e-06
654,17.728490612993483,0,30.218919,True,True,1.430511474609375e-06
655,17.753433663005126,0,24.879116,True,True,1.430511474609375e-06
656,17.798661068998626,0,45.171128,True,True,1.430511474609375e-06
657,17.828746957005933,0,29.939509,True,True,1.430511474609375e-06
658,17.853539335992537,0,24.710549,True,True,1.430511474609375e-06
659,17.898924287001137,0,45.321185,True,True,1.430511474609375e-06
660,17.929297242997563,0,30.226362,True,True,1.430511474609375e-06
661,17.960193787002936,0,30.80398,True,True,1.430511474609375e-06
662,17.984382171998732,0,24.111266,True,True,1.430511474609375e-06
663,18.014465300002485,0,30.014987,True,True,1.430511474609375e-06
664,18.04026790399803,0,25.736624,True,True,1.430511474609375e-06
665,18.058825550004258,0,18.495578,True,True,1.430511474609375e-06
666,18.076984307001112,0,18.10547,True,True,1.430511474609375e-06
667,18.095290501994896,0,18.248987,True,True,1.430511474609375e-06
668,18.113598529991577,0,18.25079,True,True,1.430511474609375e-06
669,18.13191511099285,0,18.258319,True,True,1.430511474609375e-06
670,18.149979555993923,0,18.004627,True,True,1.430511474609375e-06
671,18.16888586099958,0,18.83795,True,True,1.430511474609375e-06
672,18.187339035997866,0,18.389769,True,True,1.430511474609375e-06
673,18.20553548699536,0,18.13939,True,True,1.430511474609375e-06
674,18.228807428997243,0,23.206525,True,True,1.430511474609375e-06
675,18.253913634995115,0,25.029284,True,True,1.430511474609375e-06
676,18.283163679996505,0,29.137939,True,True,1.430511474609375e-06
677,18.31349991899333,0,30.2557,True,True,1.430511474609375e-06
678,18.338388071002555,0,24.800847,True,True,1.430511474609375e-06
679,18.36790879200271,0,29.43982,True,True,1.430511474609375e-06
680,18.39861265500076,0,30.625578,True,True,1.430511474609375e-06
681,18.428360664998763,0,29.666831,True,True,1.430511474609375e-06
682,18.45339871000033,0,24.96623,True,True,1.430511474609375e-06
683,18.483299293002347,0,29.830443,True,True,1.430511474609375e-06
684,18.512961938991793,0,29.586096,True,True,1.430511474609375e-06
685,18.543349785002647,0,30.310021,True,True,1.430511474609375e-06
686,18.56792436899559,0,24.514517,True,True,1.430511474609375e-06
687,18.597760702003143,0,29.772905,True,True,1.430511474609375e-06
688,18.627608524999232,0,29.784212,True,True,1.430511474609375e-06
689,18.652990119997412,0,25.318028,True,True,1.430511474609375e-06
690,18.68239489699772,0,29.345429,True,True,1.430511474609375e-06
691,18.712014645992895,0,29.554423,True,True,1.430511474609375e-06
692,18.737062771004275,0,24.986274,True,True,1.430511474609375e-06
693,18.766367579999496,0,29.246184,True,True,1.430511474609375e-06
694,18.81222508799692,0,45.795729,True,True,1.430511474609375e-06
695,18.83786039199913,0,25.491565,True,True,1.430511474609375e-06
696,18.86754832000588,0,29.60136,True,True,1.430511474609375e-06
697,18.913739266004995,0,46.116082,True,True,1.430511474609375e-06
698,18.9438717479934,0,29.987457,True,True,1.430511474609375e-06
699,18.96938256100111,0,25.423446,True,True,1.430511474609375e-06
700,18.998178580004605,0,28.728934,True,True,1.430511474609375e-06
701,19.028265896995435,0,30.010495,True,True,1.430511474609375e-06
702,19.04744300400489,0,19.113186,True,True,1.430511474609375e-06
703,19.065895298001124,0,18.394296,True,True,1.430511474609375e-06
704,19.09378452200326,0,27.831742,True,True,1.430511474609375e-06
705,19.112444204001804,0,18.554278,True,True,1.430511474609375e-06
706,19.130851252004504,0,18.330434,True,True,1.430511474609375e-06
707,19.149101318995235,0,18.180022,True,True,1.430511474609375e-06
708,19.166935482993722,0,17.769545,True,True,1.430511474609375e-06
709,19.18508677999489,0,18.097816,True,True,1.430511474609375e-06
710,19.20309168100357,0,17.95361,True,True,1.430511474609375e-06
711,19.221117024993873,0,17.971414,True,True,1.430511474609375e-06
712,19.25029646299663,0,29.124859,True,True,1.430511474609375e-06
713,19.280688377999468,0,30.299483,True,True,1.430511474609375e-06
714,19.305241345995455,0,24.420758,True,True,1.430511474609375e-06
715,19.335794124999666,0,30.451961,True,True,1.430511474609375e-06
716,19.365988482997636,0,30.09673,True,True,1.430511474609375e-06
717,19.39131915300095,0,25.250728,True,True,1.430511474609375e-06
718,19.420340497992584,0,28.937219,True,True,1.430511474609375e-06
719,19.450749618001282,0,30.299483,True,True,1.430511474609375e-06
720,19.475763715003268,0,24.932186,True,True,1.430511474609375e-06
721,19.504941670005792,0,29.113256,True,True,1.430511474609375e-06
722,19.5347604300041,0,29.755374,True,True,1.430511474609375e-06
723,19.559508110003662,0,24.682858,True,True,1.430511474609375e-06
724,19.588809609995224,0,29.245826,True,True,1.430511474609375e-06
725,19.618267861995264,0,29.398296,True,True,1.430511474609375e-06
726,19.643549040003563,0,25.196759,True,True,1.430511474609375e-06
727,19.672770463992492,0,29.14145,True,True,1.430511474609375e-06
728,19.702708646000247,0,29.873641,True,True,1.430511474609375e-06
729,19.73253070100327,0,29.757828,True,True,1.430511474609375e-06
730,19.756971202994464,0,24.375214,True,True,1.430511474609375e-06
731,19.802758977995836,0,45.719476,True,True,1.430511474609375e-06
732,19.83283702400513,0,29.930676,True,True,1.430511474609375e-06
733,19.85820048500318,0,25.262968,True,True,1.430511474609375e-06
734,19.890383860998554,0,32.103919,True,True,1.430511474609375e-06
735,19.934225809003692,0,43.686701,True,True,1.430511474609375e-06
736,19.959535545000108,0,25.177754,True,True,1.430511474609375e-06
737,19.98903218000487,0,29.408849,True,True,1.430511474609375e-06
738,20.01862643599452,0,29.512012,True,True,1.430511474609375e-06
739,20.051088424996124,0,19.585334,True,True,1.430511474609375e-06
740,20.069106776994886,0,17.933305,True,True,1.430511474609375e-06
741,20.08735504800279,0,18.182457,True,True,1.430511474609375e-06
742,20.10540948099515,0,17.978149,True,True,1.430511474609375e-06
743,20.12369605600543,0,18.227967,True,True,1.430511474609375e-06
744,20.141659273998812,0,17.894488,True,True,1.430511474609375e-06
745,20.159795365005266,0,18.070109,True,True,1.430511474609375e-06
746,20.17822544700175,0,18.365296,True,True,1.430511474609375e-06
747,20.19615763099864,0,17.867148,True,True,1.430511474609375e-06
748,20.214314230004675,0,18.101118,True,True,1.430511474609375e-06
749,20.238427980002598,0,24.052533,True,True,1.430511474609375e-06
750,20.268022200005362,0,29.509403,True,True,1.430511474609375e-06
751,20.297681762996945,0,29.57669,True,True,1.430511474609375e-06
752,20.327308307998464,0,29.544032,True,True,1.430511474609375e-06
753,20.35223666499951,0,24.842135,True,True,1.430511474609375e-06
754,20.381018525004038,0,28.710135,True,True,1.430511474609375e-06
755,20.41100705199642,0,29.917988,True,True,1.430511474609375e-06
756,20.435938456997974,0,24.86707,True,True,1.430511474609375e-06
757,20.46455316799984,0,28.550823,True,True,1.430511474609375e-06
758,20.494665545993485,0,30.04542,True,True,1.430511474609375e-06
759,20.520137230996625,0,25.403807,True,True,1.430511474609375e-06
760,20.548986616995535,0,28.78134,True,True,1.430511474609375e-06
761,20.5790933840035,0,30.038244,True,True,1.430511474609375e-06
762,20.604170909005916,0,25.007921,True,True,1.430511474609375e-06
763,20.633388777001528,0,29.108851,True,True,1.430511474609375e-06
764,20.663097677999758,0,29.628227,True,True,1.430511474609375e-06
765,20.693730394996237,0,30.531863,True,True,1.430511474609375e-06
766,20.717848796004546,0,24.03615,True,True,1.430511474609375e-06
767,20.74749181199877,0,29.571228,True,True,1.430511474609375e-06
768,20.803299492996302,0,55.729205,True,True,1.430511474609375e-06
769,20.832733040995663,0,29.284539,True,True,1.430511474609375e-06
770,20.863235358992824,0,30.413351,True,True,1.430511474609375e-06
771,20.899481250991812,0,36.150112,True,True,1.430511474609375e-06
772,20.934306370996637,0,34.679745,True,True,1.430511474609375e-06
773,20.96465267399617,0,30.222448,True,True,1.430511474609375e-06
774,20.994989986997098,0,30.236562,True,True,1.430511474609375e-06
775,21.0201590880024,0,25.078902,True,True,1.430511474609375e-06
776,21.044575299005373,0,24.338377,True,True,1.430511474609375e-06
777,21.062865091997082,0,18.154958,True,True,1.430511474609375e-06
778,21.081058605996077,0,18.11547,True,True,1.430511474609375e-06
779,21.099111841002014,0,17.996017,True,True,1.430511474609375e-06
780,21.117235070996685,0,18.046486,True,True,1.430511474609375e-06
781,21.135313024002244,0,18.008464,True,True,1.430511474609375e-06
782,21.153819293002016,0,18.443833,True,True,1.430511474609375e-06
783,21.172377583992784,0,18.437214,True,True,1.430511474609375e-06
784,21.190736307005864,0,18.259968,True,True,1.430511474609375e-06
785,21.208825214998797,0,18.014028,True,True,1.430511474609375e-06
786,21.233368615998188,0,24.480744,True,True,1.430511474609375e-06
787,21.2625099279976,0,29.049018,True,True,1.430511474609375e-06
788,21.292302132002078,0,29.712106,True,True,1.430511474609375e-06
789,21.31747115799226,0,25.092453,True,True,1.430511474609375e-06
790,21.34618294899701,0,28.629044,True,True,1.430511474609375e-06
791,21.3757135640044,0,29.446747,True,True,1.430511474609375e-06
792,21.405750953999814,0,29.952046,True,True,1.430511474609375e-06
793,21.44567973499943,0,39.855118,True,True,1.430511474609375e-06
794,21.4757910240005,0,29.981713,True,True,1.430511474609375e-06
795,21.50577556899225,0,29.889363,True,True,1.430511474609375e-06
796,21.530670317995828,0,24.820526,True,True,1.430511474609375e-06
797,21.55917272499937,0,28.429347,True,True,1.430511474609375e-06
798,21.5898572110018,0,30.613156,True,True,1.430511474609375e-06
799,21.61446794999938,0,24.535043,True,True,1.430511474609375e-06
800,21.644056132005062,0,29.523141,True,True,1.430511474609375e-06
801,21.674011694994988,0,29.877506,True,True,1.430511474609375e-06
802,21.699351670002216,0,25.256637,True,True,1.430511474609375e-06
803,21.728214461996686,0,28.774591,True,True,1.430511474609375e-06
804,21.758324491005624,0,30.032863,True,True,1.430511474609375e-06
805,21.799359886004822,0,40.963747,True,True,1.430511474609375e-06
806,21.82839508500183,0,28.891935,True,True,1.430511474609375e-06
807,21.8581952980021,0,29.710734,True,True,1.430511474609375e-06
808,21.888270426003146,0,30.003557,True,True,1.430511474609375e-06
809,21.927288588005467,0,38.939107,True,True,1.430511474609375e-06
810,21.959075684004347,0,31.637682,True,True,1.430511474609375e-06
811,21.98873786799959,0,29.569262,True,True,1.430511474609375e-06
812,22.013684167992324,0,24.871588,True,True,1.430511474609375e-06
813,22.037711526005296,0,23.961078,True,True,1.430511474609375e-06
814,22.056388220997178,0,18.603528,True,True,1.430511474609375e-06
815,22.07447761799267,0,18.026994,True,True,1.430511474609375e-06
816,22.102356153001892,0,27.808735,True,True,1.430511474609375e-06
817,22.120615186999203,0,18.173761,True,True,1.430511474609375e-06
818,22.138640807999764,0,17.952408,True,True,1.430511474609375e-06
819,22.15662581200013,0,17.925716,True,True,1.430511474609375e-06
820,22.17457396800455,0,17.890229,True,True,1.430511474609375e-06
821,22.192596132998005,0,17.972832,True,True,1.430511474609375e-06
822,22.21082810399821,0,18.178135,True,True,1.430511474609375e-06
823,22.23950791299285,0,28.626668,True,True,1.430511474609375e-06
824,22.263757772001554,0,24.155229,True,True,1.430511474609375e-06
825,22.29317703099514,0,29.348588,True,True,1.430511474609375e-06
826,22.31754476200149,0,24.297483,True,True,1.430511474609375e-06
827,22.347784416997456,0,30.168825,True,True,1.430511474609375e-06
828,22.377893020995543,0,30.016796,True,True,1.430511474609375e-06
829,22.40256974499789,0,24.597861,True,True,1.430511474609375e-06
830,22.43156770900532,0,28.931316,True,True,1.430511474609375e-06
831,22.461501256999327,0,29.868314,True,True,1.430511474609375e-06
832,22.48631610200391,0,24.751032,True,True,1.430511474609375e-06
833,22.51518547500018,0,28.807747,True,True,1.430511474609375e-06
834,22.545260373997735,0,29.988013,True,True,1.430511474609375e-06
835,22.569876118999673,0,24.532933,True,True,1.430511474609375e-06
836,22.59921896699234,0,29.263798,True,True,1.430511474609375e-06
837,22.62915923599212,0,29.854886,True,True,1.430511474609375e-06
838,22.66262328599987,0,33.374152,True,True,1.430511474609375e-06
839,22.69648450599925,0,33.72947,True,True,1.430511474609375e-06
840,22.726309188001323,0,29.718169,True,True,1.430511474609375e-06
841,22.750357277996955,0,23.959863,True,True,1.430511474609375e-06
842,22.79611810199276,0,45.69291,True,True,1.430511474609375e-06
843,22.82627987700107,0,30.013606,True,True,1.430511474609375e-06
844,22.850988306003273,0,24.622195,True,True,1.430511474609375e-06
845,22.880734941994888,0,29.671894,True,True,1.430511474609375e-06
846,22.93787544600491,0,57.070936,True,True,1.430511474609375e-06
847,22.966943363993778,0,28.919847,True,True,1.430511474609375e-06
848,22.99676189699676,0,29.72523,True,True,1.430511474609375e-06
849,23.02690503699705,0,30.073547,True,True,1.430511474609375e-06
850,23.04618367200601,0,19.208193,True,True,1.430511474609375e-06
851,23.06449470500229,0,18.255836,True,True,1.430511474609375e-06
852,23.082645547998254,0,18.100605,True,True,1.430511474609375e-06
853,23.101091574004386,0,18.385181,True,True,1.430511474609375e-06
854,23.119895333991735,0,18.704741,True,True,1.430511474609375e-06
855,23.13810254499549,0,18.099833,True,True,1.430511474609375e-06
856,23.15641632799816,0,18.221721,True,True,1.430511474609375e-06
857,23.174434243992437,0,17.946156,True,True,1.430511474609375e-06
858,23.19240173199796,0,17.906906,True,True,1.430511474609375e-06
859,23.210948799998732,0,18.484498,True,True,1.430511474609375e-06
860,23.23473748199467,0,23.726515,True,True,1.430511474609375e-06
861,23.265200636000372,0,30.322145,True,True,1.430511474609375e-06
862,23.294276731001446,0,28.96217,True,True,1.430511474609375e-06
863,23.324161566997645,0,29.769268,True,True,1.430511474609375e-06
864,23.34940841900243,0,25.158258,True,True,1.430511474609375e-06
865,23.378675283995108,0,29.170298,True,True,1.430511474609375e-06
866,23.409017580997897,0,30.272673,True,True,1.430511474609375e-06
867,23.433681259004516,0,24.597293,True,True,1.430511474609375e-06
868,23.463755727003445,0,29.990756,True,True,1.430511474609375e-06
869,23.492668014005176,0,28.825835,True,True,1.430511474609375e-06
870,23.523417788004735,0,30.664643,True,True,1.430511474609375e-06
871,23.54853380199347,0,25.029438,True,True,1.430511474609375e-06
872,23.577234283991857,0,28.628386,True,True,1.430511474609375e-06
873,23.607579720002832,0,30.260265,True,True,1.430511474609375e-06
874,23.633130089001497,0,25.448939,True,True,1.430511474609375e-06
875,23.661906414999976,0,28.692576,True,True,1.430511474609375e-06
876,23.692749724999885,0,30.759752,True,True,1.430511474609375e-06
877,23.722812670996063,0,29.984803,True,True,1.430511474609375e-06
878,23.74853758000245,0,25.638819,True,True,1.430511474609375e-06
879,23.808561060999637,0,59.94016,True,True,1.430511474609375e-06
880,23.83384976099478,0,25.127201,True,True,1.430511474609375e-06
881,23.862501038005576,0,28.54724,True,True,1.430511474609375e-06
882,23.892801388996304,0,30.214009,True,True,1.430511474609375e-06
883,23.9380123919982,0,45.116737,True,True,1.430511474609375e-06
884,23.96245476799959,0,24.296803,True,True,1.430511474609375e-06
885,23.992367031998583,0,29.798821,True,True,1.430511474609375e-06
886,24.022933600994293,0,30.490405,True,True,1.430511474609375e-06
887,24.042117189004784,0,19.117233,True,True,1.430511474609375e-06
888,24.06046441399667,0,18.285925,True,True,1.430511474609375e-06
889,24.078789110004436,0,18.230483,True,True,1.430511474609375e-06
890,24.09697460300231,0,18.120417,True,True,1.430511474609375e-06
891,24.115200831001857,0,18.167567,True,True,1.430511474609375e-06
892,24.133451068992144,0,18.198466,True,True,1.430511474609375e-06
893,24.15145769699302,0,17.949276,True,True,1.430511474609375e-06
894,24.169411338996724,0,17.902557,True,True,1.430511474609375e-06
895,24.187352006003493,0,17.890117,True,True,1.430511474609375e-06
896,24.205321511995862,0,17.918169,True,True,1.430511474609375e-06
897,24.22959417400125,0,24.223691,True,True,1.430511474609375e-06
898,24.258702332997927,0,29.04596,True,True,1.430511474609375e-06
899,24.28967307100538,0,30.841021,True,True,1.430511474609375e-06
900,24.314883227998507,0,25.124078,True,True,1.430511474609375e-06
901,24.344945610006107,0,29.995633,True,True,1.430511474609375e-06
902,24.37459355799365,0,29.583031,True,True,1.430511474609375e-06
903,24.40456875799282,0,29.849769,True,True,1.430511474609375e-06
904,24.42938708899601,0,24.732306,True,True,1.430511474609375e-06
905,24.45815439100261,0,28.704385,True,True,1.430511474609375e-06
906,24.487777577000088,0,29.561979,True,True,1.430511474609375e-06
907,24.51291883799422,0,25.058249,True,True,1.430511474609375e-06
908,24.54239480099932,0,29.391519,True,True,1.430511474609375e-06
909,24.57257247499365,0,30.102641,True,True,1.430511474609375e-06
910,24.602008853995358,0,29.371779,True,True,1.430511474609375e-06
911,24.626125128997955,0,24.042933,True,True,1.430511474609375e-06
912,24.656666508992203,0,30.4769,True,True,1.430511474609375e-06
913,24.686760102005792,0,30.019451,True,True,1.430511474609375e-06
914,24.712069054992753,0,25.247709,True,True,1.430511474609375e-06
915,24.74119589199836,0,29.064597,True,True,1.430511474609375e-06
916,24.774324921003426,0,33.063546,True,True,1.430511474609375e-06
917,24.81296840000141,0,38.504725,True,True,1.430511474609375e-06
918,24.84163902400178,0,28.549123,True,True,1.430511474609375e-06
919,24.87145786799374,0,29.742982,True,True,1.430511474609375e-06
920,24.90259988399339,0,31.064658,True,True,1.430511474609375e-06
921,24.941141791001428,0,38.446304,True,True,1.430511474609375e-06
922,24.97111116099404,0,29.856302,True,True,1.430511474609375e-06
923,24.996891617993242,0,25.707649,True,True,1.430511474609375e-06
924,25.026093701002537,0,29.13856,True,True,1.430511474609375e-06
925,25.060131926002214,0,19.316113,True,True,1.430511474609375e-06
926,25.07815365800343,0,17.944008,True,True,1.430511474609375e-06
927,25.09679063600197,0,18.576048,True,True,1.430511474609375e-06
928,25.11485305399401,0,17.997971,True,True,1.430511474609375e-06
929,25.132819780992577,0,17.908343,True,True,1.430511474609375e-06
930,25.151235117999022,0,18.361519,True,True,1.430511474609375e-06
931,25.169309388991678,0,18.02243,True,True,1.430511474609375e-06
932,25.187319225995452,0,17.946661,True,True,1.430511474609375e-06
933,25.205243745993357,0,17.870779,True,True,1.430511474609375e-06
934,25.223180885994225,0,17.887251,True,True,1.430511474609375e-06
935,25.247274070003186,0,24.041951,True,True,1.430511474609375e-06
936,25.277510553001775,0,30.162794,True,True,1.430511474609375e-06
937,25.30756703199586,0,29.987873,True,True,1.430511474609375e-06
938,25.337049289999413,0,29.404582,True,True,1.430511474609375e-06
939,25.36700249099522,0,29.87187,True,True,1.430511474609375e-06
940,25.391999904997647,0,24.92254,True,True,1.430511474609375e-06
941,25.421059040003456,0,28.98772,True,True,1.430511474609375e-06
942,25.451060713996412,0,29.935036,True,True,1.430511474609375e-06
943,25.476037586005987,0,24.90663,True,True,1.430511474609375e-06
944,25.505173568992177,0,29.067022,True,True,1.430511474609375e-06
945,25.5351618220011,0,29.917515,True,True,1.430511474609375e-06
946,25.565125070002978,0,29.895597,True,True,1.430511474609375e-06
947,25.590329768005176,0,25.139526,True,True,1.430511474609375e-06
948,25.6188846330042,0,28.495648,True,True,1.430511474609375e-06
949,25.648684854997555,0,29.737115,True,True,1.430511474609375e-06
950,25.674059782002587,0,25.296884,True,True,1.430511474609375e-06
951,25.71890778100351,0,44.784969,True,True,1.430511474609375e-06
952,25.74931534899224,0,30.273026,True,True,1.430511474609375e-06
953,25.78886314299598,0,39.459965,True,True,1.430511474609375e-06
954,25.819941859997925,0,30.942305,True,True,1.430511474609375e-06
955,25.850467896001646,0,30.437833,True,True,1.430511474609375e-06
956,25.87574986999971,0,25.209065,True,True,1.430511474609375e-06
957,25.905260154991993,0,29.442929,True,True,1.430511474609375e-06
958,25.950930642997264,0,45.596438,True,True,1.430511474609375e-06
959,25.981302076994325,0,30.234015,True,True,1.430511474609375e-06
960,26.00515653200273,0,23.769087,True,True,1.430511474609375e-06
961,26.03548282099655,0,30.255688,True,True,1.430511474609375e-06
962,26.05526687100064,0,19.678672,True,True,1.430511474609375e-06
963,26.073476944002323,0,18.096341,True,True,1.430511474609375e-06
964,26.091679906996433,0,18.126504,True,True,1.430511474609375e-06
965,26.109769111993955,0,18.034529,True,True,1.430511474609375e-06
966,26.12772826300352,0,17.908215,True,True,1.430511474609375e-06
967,26.145821187994443,0,18.04006,True,True,1.430511474609375e-06
968,26.16408290999243,0,18.205345,True,True,1.430511474609375e-06
969,26.183299590004026,0,19.086688,True,True,1.430511474609375e-06
970,26.201552297992748,0,18.167483,True,True,1.430511474609375e-06
971,26.21954665699741,0,17.932991,True,True,1.430511474609375e-06
972,26.244030296991696,0,24.425282,True,True,1.430511474609375e-06
973,26.278848625996034,0,34.751329,True,True,1.430511474609375e-06
974,26.30463536499883,0,25.69341,True,True,1.430511474609375e-06
975,26.33356587299204,0,28.851976,True,True,1.430511474609375e-06
976,26.363758585997857,0,30.097651,True,True,1.430511474609375e-06
977,26.38906416100508,0,25.202355,True,True,1.430511474609375e-06
978,26.418298075004714,0,29.15272,True,True,1.430511474609375e-06
979,26.44838462000189,0,30.001903,True,True,1.430511474609375e-06
980,26.47812529699877,0,29.656257,True,True,1.430511474609375e-06
981,26.503513941992423,0,25.319375,True,True,1.430511474609375e-06
982,26.532349476998206,0,28.765633,True,True,1.430511474609375e-06
983,26.56237099999271,0,29.92996,True,True,1.430511474609375e-06
984,26.58708447200479,0,24.630645,True,True,1.430511474609375e-06
985,26.616200945994933,0,29.041982,True,True,1.430511474609375e-06
986,26.645941858005244,0,29.662168,True,True,1.430511474609375e-06
987,26.671753150993027,0,25.71745,True,True,1.430511474609375e-06
988,26.700989542005118,0,29.159781,True,True,1.430511474609375e-06
989,26.730671718993108,0,29.612993,True,True,1.430511474609375e-06
990,26.755724048998673,0,24.989373,True,True,1.430511474609375e-06
991,26.800801742996555,0,45.013991,True,True,1.430511474609375e-06
992,26.831234422003035,0,30.284499,True,True,1.430511474609375e-06
993,26.861808838002617,0,30.463122,True,True,1.430511474609375e-06
994,26.886794897000073,0,24.903062,True,True,1.430511474609375e-06
995,26.915656630997546,0,28.78077,True,True,1.430511474609375e-06
996,26.9622848440049,0,46.525444,True,True,1.430511474609375e-06
997,26.98797764799383,0,25.545698,True,True,1.430511474609375e-06
998,27.01757405900571,0,29.501403,True,True,1.430511474609375e-06
999,27.04263686199556,0,24.984351,True,True,1.430511474609375e-06
1000,27.06073656800436,0,18.030326,True,True,1.430511474609375e-06
1001,27.078827003002516,0,18.033663,True,True,1.430511474609375e-06
1002,27.09677194300457,0,17.893732,True,True,1.430511474609375e-06
1003,27.114823733994854,0,18.004185,True,True,1.430511474609375e-06
1004,27.13308843500272,0,18.216853,True,True,1.430511474609375e-06
1005,27.151036926996312,0,17.899206,True,True,1.430511474609375e-06
1006,27.169181991994265,0,18.094804,True,True,1.430511474609375e-06
1007,27.187113141000737,0,17.882107,True,True,1.430511474609375e-06
1008,27.20510866699624,0,17.946079,True,True,1.430511474609375e-06
1009,27.22340894199442,0,18.250058,True,True,1.430511474609375e-06
1010,27.253558815005817,0,30.102169,True,True,1.430511474609375e-06
1011,27.2834808149928,0,29.861636,True,True,1.430511474609375e-06
1012,27.313298655004473,0,29.760092,True,True,1.430511474609375e-06
1013,27.343027893992257,0,29.663948,True,True,1.430511474609375e-06
1014,27.383596661995398,0,40.505244,True,True,1.430511474609375e-06
1015,27.412783616993693,0,29.050029,True,True,1.430511474609375e-06
1016,27.44270726600371,0,29.83684,True,True,1.430511474609375e-06
1017,27.47289461499895,0,30.112522,True,True,1.430511474609375e-06
1018,27.496912475005956,0,23.949398,True,True,1.430511474609375e-06
1019,27.52629252699262,0,29.31771,True,True,1.430511474609375e-06
1020,27.55120831199747,0,24.838187,True,True,1.430511474609375e-06
1021,27.579875305993482,0,28.596987,True,True,1.430511474609375e-06
1022,27.6099097099941,0,29.968638,True,True,1.430511474609375e-06
1023,27.640441684998223,0,30.465701,True,True,1.430511474609375e-06
1024,27.66487295499246,0,24.347736,True,True,1.430511474609375e-06
1025,27.694473390001804,0,29.516685,True,True,1.430511474609375e-06
1026,27.724557038003695,0,30.006805,True,True,1.430511474609375e-06
1027,27.749783182996907,0,25.154451,True,True,1.430511474609375e-06
1028,27.794472255001892,0,44.622186,True,True,1.430511474609375e-06
1029,27.824521529997583,0,29.907168,True,True,1.430511474609375e-06
1030,27.849585578005644,0,24.972853,True,True,1.430511474609375e-06
1031,27.878836931995465,0,29.173635,True,True,1.430511474609375e-06
1032,27.908547903993167,0,29.638214,True,True,1.430511474609375e-06
1033,27.948217544995714,0,39.599128,True,True,1.430511474609375e-06
1034,27.978478428005474,0,30.113411,True,True,1.430511474609375e-06
1035,28.008610635995865,0,30.030188,True,True,1.430511474609375e-06
1036,28.04328268500103,0,34.583518,True,True,1.430511474609375e-06
1037,28.06166153299273,0,18.240575,True,True,1.430511474609375e-06
1038,28.079746611998416,0,18.000179,True,True,1.430511474609375e-06
1039,28.098123345000204,0,18.316254,True,True,1.430511474609375e-06
1040,28.11629624699708,0,18.115065,True,True,1.430511474609375e-06
1041,28.134311939997133,0,17.963154,True,True,1.430511474609375e-06
1042,28.152216389004025,0,17.853295,True,True,1.430511474609375e-06
1043,28.17013536900049,0,17.867298,True,True,1.430511474609375e-06
1044,28.18820259500353,0,18.020077,True,True,1.430511474609375e-06
1045,28.206451894002385,0,18.20069,True,True,1.430511474609375e-06
1046,28.230375122991973,0,23.833907,True,True,1.430511474609375e-06
1047,28.25961758599442,0,29.152134,True,True,1.430511474609375e-06
1048,28.289639990005526,0,29.943795,True,True,1.430511474609375e-06
1049,28.314811885997187,0,25.09903,True,True,1.430511474609375e-06
1050,28.343657360994257,0,28.779629,True,True,1.430511474609375e-06
1051,28.373731094005052,0,30.007861,True,True,1.430511474609375e-06
1052,28.403746251991834,0,29.951047,True,True,1.430511474609375e-06
1053,28.42849579299218,0,24.688438,True,True,1.430511474609375e-06
1054,28.457221813994693,0,28.664846,True,True,1.430511474609375e-06
1055,28.48708526599512,0,29.801187,True,True,1.430511474609375e-06
1056,28.512250864005182,0,25.102673,True,True,1.430511474609375e-06
1057,28.540826026001014,0,28.518281,True,True,1.430511474609375e-06
1058,28.570948373002466,0,30.061462,True,True,1.430511474609375e-06
1059,28.5963829550019,0,25.378281,True,True,1.430511474609375e-06
1060,28.625376095995307,0,28.937321,True,True,1.430511474609375e-06
1061,28.655080134005402,0,29.635586,True,True,1.430511474609375e-06
1062,28.691653864996624,0,36.505132,True,True,1.430511474609375e-06
1063,28.725339144002646,0,33.550203,True,True,1.430511474609375e-06
1064,28.755830659996718,0,30.370364,True,True,1.430511474609375e-06
1065,28.797089172003325,0,41.163304,True,True,1.430511474609375e-06
1066,28.826184631994693,0,28.953579,True,True,1.430511474609375e-06
1067,28.85668779000116,0,30.411356,True,True,1.430511474609375e-06
1068,28.886339852993842,0,29.574967,True,True,1.430511474609375e-06
1069,28.910510535002686,0,24.101392,True,True,1.430511474609375e-06
1070,28.945991708998918,0,35.413644,True,True,1.430511474609375e-06
1071,28.98625237599481,0,40.101367,True,True,1.430511474609375e-06
1072,29.011865319000208,0,25.49263,True,True,1.430511474609375e-06
1073,29.035936683998443,0,23.994417,True,True,1.430511474609375e-06
1074,29.05398893399979,0,17.976294,True,True,1.430511474609375e-06
1075,29.072201357004815,0,18.152217,True,True,1.430511474609375e-06
1076,29.090135207996354,0,17.882238,True,True,1.430511474609375e-06
1077,29.108259436994558,0,18.067946,True,True,1.430511474609375e-06
1078,29.126619347996893,0,18.305637,True,True,1.430511474609375e-06
1079,29.144805360003375,0,18.129047,True,True,1.430511474609375e-06
1080,29.162924816002487,0,18.068167,True,True,1.430511474609375e-06
1081,29.180833663005615,0,17.855292,True,True,1.430511474609375e-06
1082,29.199380873003975,0,18.495352,True,True,1.430511474609375e-06
1083,29.222513346001506,0,23.076698,True,True,1.430511474609375e-06
1084,29.253040217998205,0,30.389599,True,True,1.430511474609375e-06
1085,29.283216005991562,0,30.067072,True,True,1.430511474609375e-06
1086,29.30839059900609,0,25.094073,True,True,1.430511474609375e-06
1087,29.337437355003203,0,28.968314,True,True,1.430511474609375e-06
1088,29.367831508992822,0,30.256705,True,True,1.430511474609375e-06
1089,29.397466244001407,0,29.517371,True,True,1.430511474609375e-06
1090,29.421754723996855,0,24.210308,True,True,1.430511474609375e-06
1091,29.451878375999513,0,30.057225,True,True,1.430511474609375e-06
1092,29.48149885100429,0,29.559428,True,True,1.430511474609375e-06
1093,29.505665588992997,0,24.098703,True,True,1.430511474609375e-06
1094,29.55129361800209,0,45.562957,True,True,1.430511474609375e-06
1095,29.58113167299598,0,29.699266,True,True,1.430511474609375e-06
1096,29.605366770003457,0,24.147962,True,True,1.430511474609375e-06
1097,29.635371730997576,0,29.932775,True,True,1.430511474609375e-06
1098,29.66538628700073,0,29.93962,True,True,1.430511474609375e-06
1099,29.691055503004463,0,25.577133,True,True,1.430511474609375e-06
1100,29.72004493199347,0,28.914686,True,True,1.430511474609375e-06
1101,29.74985737199313,0,29.735125,True,True,1.430511474609375e-06
1102,29.789037199996528,0,39.10848,True,True,1.430511474609375e-06
1103,29.819990311996662,0,30.803081,True,True,1.430511474609375e-06
1104,29.84992180300469,0,29.825453,True,True,1.430511474609375e-06
1105,29.8750793569925,0,25.079305,True,True,1.430511474609375e-06
1106,29.904511494998587,0,29.360393,True,True,1.430511474609375e-06
1107,29.93631290299527,0,31.722775,True,True,1.430511474609375e-06
1108,29.97619960299926,0,39.745673,True,True,1.430511474609375e-06
1109,30.005258737000986,0,28.92637,True,True,1.430511474609375e-06
1110,30.048514089998207,0,24.040375,True,True,1.430511474609375e-06
1111,30.067014357002336,0,18.399979,True,True,1.430511474609375e-06
1112,30.085029299996677,0,17.946819,True,True,1.430511474609375e-06
1113,30.103267124999547,0,18.172476,True,True,1.430511474609375e-06
1114,30.121209960998385,0,17.8845,True,True,1.430511474609375e-06
1115,30.139228098996682,0,17.961397,True,True,1.430511474609375e-06
1116,30.157172392006032,0,17.883377,True,True,1.430511474609375e-06
1117,30.175118173996452,0,17.887681,True,True,1.430511474609375e-06
1118,30.19338655199681,0,18.210701,True,True,1.430511474609375e-06
1119,30.21137766499305,0,17.925064,True,True,1.430511474609375e-06
1120,30.235717395000393,0,24.281903,True,True,1.430511474609375e-06
1121,30.264623137001763,0,28.815264,True,True,1.430511474609375e-06
1122,30.29481973599468,0,30.115145,True,True,1.430511474609375e-06
1123,30.31981040300161,0,24.911797,True,True,1.430511474609375e-06
1124,30.34845339199819,0,28.564373,True,True,1.430511474609375e-06
1125,30.393738786005997,0,45.208208,True,True,1.430511474609375e-06
1126,30.419022727000993,0,25.147593,True,True,1.430511474609375e-06
1127,30.448597167996923,0,29.485485,True,True,1.430511474609375e-06
1128,30.478191339003388,0,29.515162,True,True,1.430511474609375e-06
1129,30.50792611199722,0,29.664164,True,True,1.430511474609375e-06
1130,30.53261515799386,0,24.622374,True,True,1.430511474609375e-06
1131,30.56284205299744,0,30.156194,True,True,1.430511474609375e-06
1132,30.593019334992277,0,30.113946,True,True,1.430511474609375e-06
1133,30.618579061003402,0,25.469438,True,True,1.430511474609375e-06
1134,30.64768852099951,0,29.02199,True,True,1.430511474609375e-06
1135,30.678172076994088,0,30.393335,True,True,1.430511474609375e-06
1136,30.703848224002286,0,25.596819,True,True,1.430511474609375e-06
1137,30.73284334100026,0,28.918962,True,True,1.430511474609375e-06
1138,30.763497791995178,0,30.584292,True,True,1.430511474609375e-06
1139,30.80942152100033,0,45.843055,True,True,1.430511474609375e-06
1140,30.83462392099318,0,25.052746,True,True,1.430511474609375e-06
1141,30.864187090992345,0,29.474847,True,True,1.430511474609375e-06
1142,30.895010630003526,0,30.730449,True,True,1.430511474609375e-06
1143,30.92023011899437,0,25.125924,True,True,1.430511474609375e-06
1144,30.965541183002642,0,45.233928,True,True,1.430511474609375e-06
1145,30.996111781001673,0,30.419172,True,True,1.430511474609375e-06
1146,31.027080883999588,0,30.869874,True,True,1.430511474609375e-06
1147,31.04652459800127,0,19.307738,True,True,1.430511474609375e-06
1148,31.064697084002546,0,18.088953,True,True,1.430511474609375e-06
1149,31.082759244993213,0,17.997337,True,True,1.430511474609375e-06
1150,31.101382904991624,0,18.56567,True,True,1.430511474609375e-06
1151,31.119694413006073,0,18.244578,True,True,1.430511474609375e-06
1152,31.138108701998135,0,18.353815,True,True,1.430511474609375e-06
1153,31.156627513002604,0,18.386269,True,True,1.430511474609375e-06
1154,31.175199649005663,0,18.491411,True,True,1.430511474609375e-06
1155,31.19389211399539,0,18.631056,True,True,1.430511474609375e-06
1156,31.212015693992726,0,18.06456,True,True,1.430511474609375e-06
1157,31.236416661995463,0,24.348614,True,True,1.430511474609375e-06
1158,31.265190648002317,0,28.700037,True,True,1.430511474609375e-06
1159,31.29557520900562,0,30.326127,True,True,1.430511474609375e-06
1160,31.320926992004388,0,25.279729,True,True,1.430511474609375e-06
1161,31.34990895599185,0,28.899538,True,True,1.430511474609375e-06
1162,31.37963882999611,0,29.659945,True,True,1.430511474609375e-06
1163,31.409870810995926,0,30.164942,True,True,1.430511474609375e-06
1164,31.435269958994468,0,25.331165,True,True,1.430511474609375e-06
1165,31.46383408199472,0,28.503723,True,True,1.430511474609375e-06
1166,31.49436006200267,0,30.461641,True,True,1.430511474609375e-06
1167,31.519862647997797,0,25.435841,True,True,1.430511474609375e-06
1168,31.552296890004072,0,32.357037,True,True,1.430511474609375e-06
1169,31.58600571200077,0,33.574791,True,True,1.430511474609375e-06
1170,31.61687403000542,0,30.735197,True,True,1.430511474609375e-06
1171,31.64657837599225,0,29.552273,True,True,1.430511474609375e-06
1172,31.67769928999769,0,30.999288,True,True,1.430511474609375e-06
1173,31.703289274999406,0,25.493988,True,True,1.430511474609375e-06
1174,31.732119813997997,0,28.749919,True,True,1.430511474609375e-06
1175,31.76492066300125,0,32.728925,True,True,1.430511474609375e-06
1176,31.8271073569922,0,62.030968,True,True,1.430511474609375e-06
1177,31.846620412004995,0,19.211631,True,True,1.430511474609375e-06
1178,31.86560542200459,0,18.847553,True,True,1.430511474609375e-06
1179,31.934771492000436,0,69.06739,True,True,1.430511474609375e-06
1180,31.956201551001868,0,21.28013,True,True,1.430511474609375e-06
1181,32.02541686600307,0,69.106031,True,True,1.430511474609375e-06
1182,32.044432640002924,0,18.852477,True,True,1.430511474609375e-06
1183,32.06271668699628,0,18.193338,True,True,1.430511474609375e-06
1184,32.13181709799392,0,69.032942,True,True,1.430511474609375e-06
1185,32.15081431499857,0,18.84252,True,True,1.430511474609375e-06
1186,32.17392075200041,0,22.999299,True,True,1.430511474609375e-06
1187,32.22185813800024,0,47.831293,True,True,1.430511474609375e-06
1188,32.286077726996155,0,64.036141,True,True,1.430511474609375e-06
1189,32.34959202600294,0,63.321932,True,True,1.430511474609375e-06
1190,32.39624750800431,0,46.457794,True,True,1.430511474609375e-06
1191,32.42976612900384,0,33.33737,True,True,1.430511474609375e-06
1192,32.46052553800109,0,30.62501,True,True,1.430511474609375e-06
1193,32.48653851199197,0,25.902774,True,True,1.430511474609375e-06
1194,32.51568586099893,0,29.042077,True,True,1.430511474609375e-06
1195,32.548571213992545,0,32.793425,True,True,1.430511474609375e-06
1196,32.5813502099918,0,32.662512,True,True,1.430511474609375e-06
1197,32.612332335993415,0,30.856599,True,True,1.430511474609375e-06
1198,32.64234291600587,0,29.876405,True,True,1.430511474609375e-06
1199,32.66804700400098,0,25.610317,True,True,1.430511474609375e-06
1200,32.69767304499692,0,29.532831,True,True,1.430511474609375e-06
1201,32.72756841700175,0,29.816858,True,True,1.430511474609375e-06
1202,32.753294908994576,0,25.649931,True,True,1.430511474609375e-06
1203,32.79781625499891,0,44.448631,True,True,1.430511474609375e-06
1204,32.829540931998054,0,31.579222,True,True,1.430511474609375e-06
1205,32.85930065000139,0,29.654624,True,True,1.430511474609375e-06
1206,32.884836679993896,0,25.443772,True,True,1.430511474609375e-06
1207,32.913786263001384,0,28.857001,True,True,1.430511474609375e-06
1208,32.94381451999652,0,29.939196,True,True,1.430511474609375e-06
1209,32.98561398900347,0,41.707881,True,True,1.430511474609375e-06
1210,33.01830077600607,0,32.530432,True,True,1.430511474609375e-06
1211,33.0432854469982,0,24.870556,True,True,1.430511474609375e-06
1212,33.06194197200239,0,18.54259,True,True,1.430511474609375e-06
1213,33.080876545005594,0,18.850803,True,True,1.430511474609375e-06
1214,33.098955645997194,0,18.000122,True,True,1.430511474609375e-06
1215,33.11723370899563,0,18.206015,True,True,1.430511474609375e-06
1216,33.135727169996244,0,18.431194,True,True,1.430511474609375e-06
1217,33.154093003002345,0,18.28922,True,True,1.430511474609375e-06
1218,33.173002273993916,0,18.837252,True,True,1.430511474609375e-06
1219,33.19132499600528,0,18.259027,True,True,1.430511474609375e-06
1220,33.209749636997,0,18.326543,True,True,1.430511474609375e-06
1221,33.23288327999762,0,23.042422,True,True,1.430511474609375e-06
1222,33.263912845999585,0,30.925931,True,True,1.430511474609375e-06
1223,33.29400531499414,0,29.999246,True,True,1.430511474609375e-06
1224,33.319748291003634,0,25.665837,True,True,1.430511474609375e-06
1225,33.34849776700139,0,28.675729,True,True,1.430511474609375e-06
1226,33.37965466600144,0,31.081813,True,True,1.430511474609375e-06
1227,33.40945625900349,0,29.708745,True,True,1.430511474609375e-06
1228,33.433356459994684,0,23.825887,True,True,1.430511474609375e-06
1229,33.46365721199254,0,30.236123,True,True,1.430511474609375e-06
1230,33.494116599002155,0,30.334166,True,True,1.430511474609375e-06
1231,33.51900924700021,0,24.804457,True,True,1.430511474609375e-06
1232,33.54836036499182,0,29.284427,True,True,1.430511474609375e-06
1233,33.57858393499919,0,30.158094,True,True,1.430511474609375e-06
1234,33.603618763998384,0,24.950945,True,True,1.430511474609375e-06
1235,33.63336084599723,0,29.664201,True,True,1.430511474609375e-06
1236,33.66372399000102,0,30.287388,True,True,1.430511474609375e-06
1237,33.69447155899252,0,30.66464,True,True,1.430511474609375e-06
1238,33.719641863994184,0,25.090453,True,True,1.430511474609375e-06
1239,33.74904642200272,0,29.339015,True,True,1.430511474609375e-06
1240,33.79488329999731,0,45.767548,True,True,1.430511474609375e-06
1241,33.820213302999036,0,25.178261,True,True,1.430511474609375e-06
1242,33.849461108999094,0,29.153156,True,True,1.430511474609375e-06
1243,33.87982602400007,0,30.289776,True,True,1.430511474609375e-06
1244,33.91031651799858,0,30.420183,True,True,1.430511474609375e-06
1245,33.935301453006105,0,24.919506,True,True,1.430511474609375e-06
1246,33.99672888799978,0,61.366122,True,True,1.430511474609375e-06
1247,34.02869590900082,0,31.808649,True,True,1.430511474609375e-06
1248,34.049198455992155,0,20.372508,True,True,1.430511474609375e-06
1249,34.06782922400453,0,18.528424,True,True,1.430511474609375e-06
1250,34.08667109999806,0,18.744203,True,True,1.430511474609375e-06
1251,34.10582086499198,0,19.0636,True,True,1.430511474609375e-06
1252,34.12517310399562,0,19.255131,True,True,1.430511474609375e-06
1253,34.14486012299312,0,19.595882,True,True,1.430511474609375e-06
1254,34.164566129999,0,19.612898,True,True,1.430511474609375e-06
1255,34.184222426003544,0,19.576458,True,True,1.430511474609375e-06
1256,34.20383511099499,0,19.527954,True,True,1.430511474609375e-06
1257,34.22892415100068,0,24.976921,True,True,1.430511474609375e-06
1258,34.26223181700334,0,33.190978,True,True,1.430511474609375e-06
1259,34.29334742100036,0,30.976914,True,True,1.430511474609375e-06
1260,34.320987251005135,0,27.516432,True,True,1.430511474609375e-06
1261,34.358486915996764,0,37.376921,True,True,1.430511474609375e-06
1262,34.38628014900314,0,27.686432,True,True,1.430511474609375e-06
1263,34.41866653300531,0,32.293963,True,True,1.430511474609375e-06
1264,34.44795747099852,0,29.18328,True,True,1.430511474609375e-06
1265,34.480723715998465,0,32.661902,True,True,1.430511474609375e-06
1266,34.51210112600529,0,31.2335,True,True,1.430511474609375e-06
1267,34.53748600400286,0,25.269653,True,True,1.430511474609375e-06
1268,34.56801473100495,0,30.423762,True,True,1.430511474609375e-06
1269,34.599954277000506,0,31.837276,True,True,1.430511474609375e-06
1270,34.64841557700129,0,48.331445,True,True,1.430511474609375e-06
1271,34.69347917899722,0,44.913461,True,True,1.430511474609375e-06
1272,34.72709891900013,0,33.474053,True,True,1.430511474609375e-06
1273,34.759527578993584,0,32.309504,True,True,1.430511474609375e-06
1274,34.8020543599996,0,42.419694,True,True,1.430511474609375e-06
1275,34.83342375099892,0,31.215303,True,True,1.430511474609375e-06
1276,34.865287833992625,0,31.745098,True,True,1.430511474609375e-06
1277,34.89612165899598,0,30.733726,True,True,1.430511474609375e-06
1278,34.927148221002426,0,30.935102,True,True,1.430511474609375e-06
1279,34.952357419999316,0,25.116272,True,True,1.430511474609375e-06
1280,34.996946946994285,0,44.50957,True,True,1.430511474609375e-06
1281,35.02709277799295,0,29.992382,True,True,1.430511474609375e-06
1282,35.06839861199842,0,32.100137,True,True,1.430511474609375e-06
1283,35.08750622099615,0,18.971371,True,True,1.430511474609375e-06
1284,35.10595114500029,0,18.344289,True,True,1.430511474609375e-06
1285,35.12478450000344,0,18.757509,True,True,1.430511474609375e-06
1286,35.157586408997304,0,32.675378,True,True,1.430511474609375e-06
1287,35.18937055299466,0,31.638615,True,True,1.430511474609375e-06
1288,35.209099048995995,0,19.594344,True,True,1.430511474609375e-06
1289,35.232733388998895,0,23.538189,True,True,1.430511474609375e-06
1290,35.322512974002166,0,89.660186,True,True,1.430511474609375e-06
1291,35.342969491000986,0,20.266385,True,True,1.430511474609375e-06
1292,35.413440547999926,0,70.360514,True,True,1.430511474609375e-06
1293,35.43340287699539,0,19.816803,True,True,1.430511474609375e-06
1294,35.45153658000345,0,18.044993,True,True,1.430511474609375e-06
1295,35.520527173997834,0,68.919478,True,True,1.430511474609375e-06
1296,35.54041169499396,0,19.728537,True,True,1.430511474609375e-06
1297,35.55859023699304,0,18.082397,True,True,1.430511474609375e-06
1298,35.62203619000502,0,63.37322,True,True,1.430511474609375e-06
1299,35.64241718799167,0,20.252713,True,True,1.430511474609375e-06
1300,35.698549495005864,0,56.020552,True,True,1.430511474609375e-06
1301,35.78249063900148,0,83.798318,True,True,1.430511474609375e-06
1302,35.8180339459941,0,35.389953,True,True,1.430511474609375e-06
1303,35.852492089994485,0,34.322253,True,True,1.430511474609375e-06
1304,35.897837116004666,0,45.216649,True,True,1.430511474609375e-06
1305,35.952643705997616,0,54.651571,True,True,1.430511474609375e-06
1306,36.002103100996464,0,49.305749,True,True,1.430511474609375e-06
1307,36.03571823799575,0,33.464491,True,True,1.430511474609375e-06
1308,36.058777894999366,0,22.941753,True,True,1.430511474609375e-06
1309,36.07873930600181,0,19.858156,True,True,1.430511474609375e-06
1310,36.09722120000515,0,18.40276,True,True,1.430511474609375e-06
1311,36.11552984699665,0,18.246371,True,True,1.430511474609375e-06
1312,36.144949278997956,0,29.36476,True,True,1.430511474609375e-06
1313,36.163844622991746,0,18.797022,True,True,1.430511474609375e-06
1314,36.182513456995366,0,18.549277,True,True,1.430511474609375e-06
1315,36.202384490999975,0,19.787946,True,True,1.430511474609375e-06
1316,36.22244140300609,0,19.982969,True,True,1.430511474609375e-06
1317,36.25288969599933,0,30.363221,True,True,1.430511474609375e-06
1318,36.282453691994306,0,29.464757,True,True,1.430511474609375e-06
1319,36.31403458399291,0,31.497114,True,True,1.430511474609375e-06
1320,36.344847244996345,0,30.725279,True,True,1.430511474609375e-06
1321,36.376561281998875,0,31.619139,True,True,1.430511474609375e-06
1322,36.40168220500345,0,25.037674,True,True,1.430511474609375e-06
1323,36.43097818399838,0,29.214441,True,True,1.430511474609375e-06
1324,36.46201746899169,0,30.963727,True,True,1.430511474609375e-06
1325,36.49311198700161,0,31.007598,True,True,1.430511474609375e-06
1326,36.52869394200388,0,35.489908,True,True,1.430511474609375e-06
1327,36.55383659199288,0,25.031751,True,True,1.430511474609375e-06
1328,36.58288658800302,0,28.971141,True,True,1.430511474609375e-06
1329,36.61321691299963,0,30.256145,True,True,1.430511474609375e-06
1330,36.64275201900455,0,29.46156,True,True,1.430511474609375e-06
1331,36.66817542799981,0,25.357161,True,True,1.430511474609375e-06
1332,36.69820311600051,0,29.936432,True,True,1.430511474609375e-06
1333,36.72909007999988,0,30.781125,True,True,1.430511474609375e-06
1334,36.75922445500328,0,30.045028,True,True,1.430511474609375e-06
1335,36.79848927799321,0,39.192586,True,True,1.430511474609375e-06
1336,36.830251498991856,0,31.628186,True,True,1.430511474609375e-06
1337,36.86108549099299,0,30.743809,True,True,1.430511474609375e-06
1338,36.8863861150021,0,25.225534,True,True,1.430511474609375e-06
1339,36.9148894270038,0,28.43118,True,True,1.430511474609375e-06
1340,36.94514111400349,0,30.185194,True,True,1.430511474609375e-06
1341,37.001733436001814,0,56.50164,True,True,1.430511474609375e-06
1342,37.031284729004255,0,29.39652,True,True,1.430511474609375e-06
1343,37.05100068599859,0,19.606802,True,True,1.430511474609375e-06
1344,37.0695533889957,0,18.456874,True,True,1.430511474609375e-06
1345,37.08868273500411,0,19.054354,True,True,1.430511474609375e-06
1346,37.113599581993185,0,24.840388,True,True,1.430511474609375e-06
1347,37.13210818800144,0,18.41422,True,True,1.430511474609375e-06
1348,37.150947396992706,0,18.761817,True,True,1.430511474609375e-06
1349,37.16972265500226,0,18.703245,True,True,1.430511474609375e-06
1350,37.187856081000064,0,18.063928,True,True,1.430511474609375e-06
1351,37.20626333300606,0,18.344947,True,True,1.430511474609375e-06
1352,37.22989888700249,0,23.564194,True,True,1.430511474609375e-06
1353,37.260182897996856,0,30.191852,True,True,1.430511474609375e-06
1354,37.28576912400604,0,25.493186,True,True,1.430511474609375e-06
1355,37.315025353993406,0,29.172427,True,True,1.430511474609375e-06
1356,37.34539530899201,0,30.275254,True,True,1.430511474609375e-06
1357,37.375226314004976,0,29.747542,True,True,1.430511474609375e-06
1358,37.39952251499926,0,24.228929,True,True,1.430511474609375e-06
1359,37.4293495049933,0,29.766185,True,True,1.430511474609375e-06
1360,37.45925119399908,0,29.838442,True,True,1.430511474609375e-06
1361,37.48357764100365,0,24.265055,True,True,1.430511474609375e-06
1362,37.51311231299769,0,29.454915,True,True,1.430511474609375e-06
1363,37.54355210099311,0,30.378194,True,True,1.430511474609375e-06
1364,37.568310168993776,0,24.69499,True,True,1.430511474609375e-06
1365,37.59778086199367,0,29.407207,True,True,1.430511474609375e-06
1366,37.627859107000404,0,30.015749,True,True,1.430511474609375e-06
1367,37.65791170799639,0,29.991224,True,True,1.430511474609375e-06
1368,37.68229986699589,0,24.299508,True,True,1.430511474609375e-06
1369,37.71661996199691,0,34.223594,True,True,1.430511474609375e-06
1370,37.74646313099947,0,29.73656,True,True,1.430511474609375e-06
1371,37.792253149993485,0,45.706306,True,True,1.430511474609375e-06
1372,37.818016042001545,0,25.617269,True,True,1.430511474609375e-06
1373,37.84688137000194,0,28.774931,True,True,1.430511474609375e-06
1374,37.87761591099843,0,30.658279,True,True,1.430511474609375e-06
1375,37.90269198299211,0,25.00436,True,True,1.430511474609375e-06
1376,37.93166357500013,0,28.864216,True,True,1.430511474609375e-06
1377,37.96226006500365,0,30.521494,True,True,1.430511474609375e-06
1378,38.008641773005365,0,46.295749,True,True,1.430511474609375e-06
1379,38.03325281800062,0,24.461731,True,True,1.430511474609375e-06
1380,38.051972025001305,0,18.630911,True,True,1.430511474609375e-06
1381,38.07000322599197,0,17.960213,True,True,1.430511474609375e-06
1382,38.08808783600398,0,18.024003,True,True,1.430511474609375e-06
1383,38.10640879199491,0,18.264541,True,True,1.430511474609375e-06
1384,38.125347274995875,0,18.870411,True,True,1.430511474609375e-06
1385,38.1441280739964,0,18.718038,True,True,1.430511474609375e-06
1386,38.16264761799539,0,18.448402,True,True,1.430511474609375e-06
1387,38.180889759998536,0,18.179542,True,True,1.430511474609375e-06
1388,38.19931217600242,0,18.368866,True,True,1.430511474609375e-06
1389,38.217806000000564,0,18.430858,True,True,1.430511474609375e-06
1390,38.247413072997006,0,29.554318,True,True,1.430511474609375e-06
1391,38.2787617790018,0,31.256626,True,True,1.430511474609375e-06
1392,38.31292561900045,0,34.074708,True,True,1.430511474609375e-06
1393,38.343130799999926,0,30.062236,True,True,1.430511474609375e-06
1394,38.36904420600331,0,25.807127,True,True,1.430511474609375e-06
1395,38.3980851439992,0,28.964757,True,True,1.430511474609375e-06
1396,38.427790282992646,0,29.639094,True,True,1.430511474609375e-06
1397,38.45948108599987,0,31.6237,True,True,1.430511474609375e-06
1398,38.493846365003265,0,34.238147,True,True,1.430511474609375e-06
1399,38.51927308899758,0,25.316989,True,True,1.430511474609375e-06
1400,38.548880988004385,0,29.528562,True,True,1.430511474609375e-06
1401,38.58032084799197,0,31.355342,True,True,1.430511474609375e-06
1402,38.6556873810041,0,75.244362,True,True,1.430511474609375e-06
1403,38.67671139500453,0,20.766891,True,True,1.430511474609375e-06
1404,38.74520931899315,0,68.402216,True,True,1.430511474609375e-06
1405,38.78738909799722,0,42.027136,True,True,1.430511474609375e-06
1406,38.82704944600118,0,39.501815,True,True,1.430511474609375e-06
1407,38.86139620200265,0,34.194691,True,True,1.430511474609375e-06
1408,38.91276001899678,0,51.235433,True,True,1.430511474609375e-06
1409,38.94595217399183,0,33.045031,True,True,1.430511474609375e-06
1410,38.97672217400395,0,30.659386,True,True,1.430511474609375e-06
1411,39.019707751998794,0,42.883241,True,True,1.430511474609375e-06
1412,39.05218785800389,0,32.321614,True,True,1.430511474609375e-06
1413,39.07443813799182,0,22.118983,True,True,1.430511474609375e-06
1414,39.09556298899406,0,21.018138,True,True,1.430511474609375e-06
1415,39.11667429600493,0,21.018449,True,True,1.430511474609375e-06
1416,39.137928830998135,0,21.169082,True,True,1.430511474609375e-06
1417,39.15941081599158,0,21.362777,True,True,1.430511474609375e-06
1418,39.180228298995644,0,20.729936,True,True,1.430511474609375e-06
1419,39.20157989500149,0,21.273075,True,True,1.430511474609375e-06
1420,39.22854320399347,0,26.889175,True,True,1.430511474609375e-06
1421,39.26261899199744,0,33.963748,True,True,1.430511474609375e-06
1422,39.29725509000127,0,34.487803,True,True,1.430511474609375e-06
1423,39.33148731599795,0,34.115836,True,True,1.430511474609375e-06
1424,39.38632678499562,0,54.727801,True,True,1.430511474609375e-06
1425,39.41927206800028,0,32.79783,True,True,1.430511474609375e-06
1426,39.454042002995266,0,34.637893,True,True,1.430511474609375e-06
1427,39.48782434700115,0,33.65188,True,True,1.430511474609375e-06
1428,39.5261109629937,0,38.144678,True,True,1.430511474609375e-06
1429,39.578389286005404,0,52.15197,True,True,1.430511474609375e-06
1430,39.61113351599488,0,32.598353,True,True,1.430511474609375e-06
1431,39.644492752006045,0,33.241716,True,True,1.430511474609375e-06
1432,39.67852755499189,0,33.887146,True,True,1.430511474609375e-06
1433,39.709408192997216,0,30.723127,True,True,1.430511474609375e-06
1434,39.736158533996786,0,26.641211,True,True,1.430511474609375e-06
1435,39.7661736930022,0,29.910503,True,True,1.430511474609375e-06
1436,39.8139192959934,0,47.644272,True,True,1.430511474609375e-06
1437,39.84527701900515,0,31.203723,True,True,1.430511474609375e-06
1438,39.87731711799279,0,31.905246,True,True,1.430511474609375e-06
1439,39.904182405996835,0,26.749822,True,True,1.430511474609375e-06
1440,39.93454280399601,0,30.265763,True,True,1.430511474609375e-06
1441,39.96360953600379,0,28.972122,True,True,1.430511474609375e-06
1442,40.00970979199337,0,46.022067,True,True,1.430511474609375e-06
1443,40.0400737960008,0,25.283347,True,True,1.430511474609375e-06
1444,40.058559298006,0,18.393664,True,True,1.430511474609375e-06
1445,40.07652632299869,0,17.892863,True,True,1.430511474609375e-06
1446,40.09466743200028,0,18.082179,True,True,1.430511474609375e-06
1447,40.112755244001164,0,18.025538,True,True,1.430511474609375e-06
1448,40.13070803799201,0,17.897388,True,True,1.430511474609375e-06
1449,40.148863034992246,0,18.093077,True,True,1.430511474609375e-06
1450,40.166837882003165,0,17.916378,True,True,1.430511474609375e-06
1451,40.18480559499585,0,17.914021,True,True,1.430511474609375e-06
1452,40.20325447799405,0,18.395335,True,True,1.430511474609375e-06
1453,40.22127751499647,0,17.963915,True,True,1.430511474609375e-06
1454,40.251536558993394,0,30.186281,True,True,1.430511474609375e-06
1455,40.281525033991784,0,29.897414,True,True,1.430511474609375e-06
1456,40.31142960699799,0,29.821896,True,True,1.430511474609375e-06
1457,40.34170388200437,0,30.19649,True,True,1.430511474609375e-06
1458,40.37141357199289,0,29.624249,True,True,1.430511474609375e-06
1459,40.396471158004715,0,24.987123,True,True,1.430511474609375e-06
1460,40.425690493997536,0,29.155385,True,True,1.430511474609375e-06
1461,40.45564785999886,0,29.891582,True,True,1.430511474609375e-06
1462,40.48011019200203,0,24.401375,True,True,1.430511474609375e-06
1463,40.50904608599376,0,28.871188,True,True,1.430511474609375e-06
1464,40.539066953002475,0,29.955255,True,True,1.430511474609375e-06
1465,40.577177058992675,0,38.035545,True,True,1.430511474609375e-06
1466,40.610910146991955,0,33.599774,True,True,1.430511474609375e-06
1467,40.64198529199348,0,30.970443,True,True,1.430511474609375e-06
1468,40.67370704800123,0,31.613929,True,True,1.430511474609375e-06
1469,40.69912155000202,0,25.294875,True,True,1.430511474609375e-06
1470,40.7281262769975,0,28.90705,True,True,1.430511474609375e-06
1471,40.758453449001536,0,30.254248,True,True,1.430511474609375e-06
1472,40.80399972900341,0,45.470359,True,True,1.430511474609375e-06
1473,40.82995738199679,0,25.816892,True,True,1.430511474609375e-06
1474,40.85918295799638,0,29.119017,True,True,1.430511474609375e-06
1475,40.88936766999541,0,30.104767,True,True,1.430511474609375e-06
1476,40.91464764300326,0,25.202132,True,True,1.430511474609375e-06
1477,40.943785640003625,0,29.067714,True,True,1.430511474609375e-06
1478,40.974686229994404,0,30.830709,True,True,1.430511474609375e-06
1479,41.01649800999439,0,41.744973,True,True,1.430511474609375e-06
1480,41.040228818004834,0,23.578243,True,True,1.430511474609375e-06
1481,41.05882607899548,0,18.465883,True,True,1.430511474609375e-06
1482,41.07695665799838,0,18.048523,True,True,1.430511474609375e-06
1483,41.0952103669988,0,18.196122,True,True,1.430511474609375e-06
1484,41.11324553299346,0,17.976917,True,True,1.430511474609375e-06
1485,41.13143909499922,0,18.137899,True,True,1.430511474609375e-06
1486,41.15088495699456,0,19.352178,True,True,1.430511474609375e-06
1487,41.170080459996825,0,19.064888,True,True,1.430511474609375e-06
1488,41.189242385997204,0,19.04058,True,True,1.430511474609375e-06
1489,41.20819953500177,0,18.865917,True,True,1.430511474609375e-06
1490,41.24751044799632,0,39.228149,True,True,1.430511474609375e-06
1491,41.27729393199843,0,29.645699,True,True,1.430511474609375e-06
1492,41.307317118000356,0,29.935924,True,True,1.430511474609375e-06
1493,41.33231435000198,0,24.911528,True,True,1.430511474609375e-06
1494,41.36127231900173,0,28.872223,True,True,1.430511474609375e-06
1495,41.3920068419975,0,30.6642,True,True,1.430511474609375e-06
1496,41.422041907993844,0,29.967993,True,True,1.430511474609375e-06
1497,41.447559221996926,0,25.450813,True,True,1.430511474609375e-06
1498,41.476663352994365,0,29.038409,True,True,1.430511474609375e-06
1499,41.506257831992116,0,29.534345,True,True,1.430511474609375e-06
1500,41.53146118100267,0,25.13726,True,True,1.430511474609375e-06
1501,41.56014186399989,0,28.617309,True,True,1.430511474609375e-06
1502,41.59019187800004,0,29.983274,True,True,1.430511474609375e-06
1503,41.61497685799259,0,24.724944,True,True,1.430511474609375e-06
1504,41.64400752799702,0,28.967909,True,True,1.430511474609375e-06
1505,41.67362965999928,0,29.551526,True,True,1.430511474609375e-06
1506,41.698697547995835,0,24.992091,True,True,1.430511474609375e-06
1507,41.728139158993145,0,29.378086,True,True,1.430511474609375e-06
1508,41.7580675999925,0,29.869106,True,True,1.430511474609375e-06
1509,41.79826434799179,0,40.130412,True,True,1.430511474609375e-06
1510,41.828430886002025,0,30.015373,True,True,1.430511474609375e-06
1511,41.85877162999532,0,30.25677,True,True,1.430511474609375e-06
1512,41.899448775002384,0,40.597422,True,True,1.430511474609375e-06
1513,41.92773253600171,0,28.145356,True,True,1.430511474609375e-06
1514,41.95830276400375,0,30.487129,True,True,1.430511474609375e-06
1515,41.98807162299636,0,29.699552,True,True,1.430511474609375e-06
1516,42.02701889700256,0,38.875158,True,True,1.430511474609375e-06
1517,42.0484382249997,0,21.277371,True,True,1.430511474609375e-06
1518,42.06682228999853,0,18.287658,True,True,1.430511474609375e-06
1519,42.08487132999289,0,17.982949,True,True,1.430511474609375e-06
1520,42.10299477899389,0,18.0654,True,True,1.430511474609375e-06
1521,42.121194242005004,0,18.146283,True,True,1.430511474609375e-06
1522,42.139118220002274,0,17.862376,True,True,1.430511474609375e-06
1523,42.157467846001964,0,18.295565,True,True,1.430511474609375e-06
1524,42.17567833699286,0,18.158476,True,True,1.430511474609375e-06
1525,42.193778308996116,0,18.049809,True,True,1.430511474609375e-06
1526,42.2120702109969,0,18.241726,True,True,1.430511474609375e-06
1527,42.240890575994854,0,28.770432,True,True,1.430511474609375e-06
1528,42.27177774399752,0,30.81017,True,True,1.430511474609375e-06
1529,42.29694796199328,0,25.089613,True,True,1.430511474609375e-06
1530,42.32652254299319,0,29.494609,True,True,1.430511474609375e-06
1531,42.35568319700542,0,29.088309,True,True,1.430511474609375e-06
1532,42.38594616699265,0,30.180234,True,True,1.430511474609375e-06
1533,42.41120092300116,0,25.175566,True,True,1.430511474609375e-06
1534,42.44037268200191,0,29.099054,True,True,1.430511474609375e-06
1535,42.47002663000603,0,29.575898,True,True,1.430511474609375e-06
1536,42.495244359000935,0,25.141501,True,True,1.430511474609375e-06
1537,42.52466327199363,0,29.334535,True,True,1.430511474609375e-06
1538,42.55473677300324,0,30.000951,True,True,1.430511474609375e-06
1539,42.584541958000045,0,29.724781,True,True,1.430511474609375e-06
1540,42.60982557600073,0,25.208806,True,True,1.430511474609375e-06
1541,42.63882188500429,0,28.916975,True,True,1.430511474609375e-06
1542,42.66966278299515,0,30.761441,True,True,1.430511474609375e-06
1543,42.69483066999237,0,25.084932,True,True,1.430511474609375e-06
1544,42.73922625600244,0,44.320681,True,True,1.430511474609375e-06
1545,42.77135639700282,0,31.992117,True,True,1.430511474609375e-06
1546,42.810113204002846,0,38.608422,True,True,1.430511474609375e-06
1547,42.84002849100216,0,29.78724,True,True,1.430511474609375e-06
1548,42.87043003499275,0,30.318153,True,True,1.430511474609375e-06
1549,42.90018331799365,0,29.67852,True,True,1.430511474609375e-06
1550,42.92470052400313,0,24.443416,True,True,1.430511474609375e-06
1551,42.954829833004624,0,30.070295,True,True,1.430511474609375e-06
1552,42.98505072300031,0,30.154332,True,True,1.430511474609375e-06
1553,43.024272852999275,0,39.153505,True,True,1.430511474609375e-06
1554,43.050826020000386,0,26.410499,True,True,1.430511474609375e-06
1555,43.06926898099482,0,18.354377,True,True,1.430511474609375e-06
1556,43.08807717700256,0,18.737867,True,True,1.430511474609375e-06
1557,43.10616285499418,0,18.004989,True,True,1.430511474609375e-06
1558,43.12435574599658,0,18.130144,True,True,1.430511474609375e-06
1559,43.14279303299554,0,18.370207,True,True,1.430511474609375e-06
1560,43.160741622996284,0,17.882355,True,True,1.430511474609375e-06
1561,43.178773138992256,0,17.966268,True,True,1.430511474609375e-06
1562,43.197295046004,0,18.467401,True,True,1.430511474609375e-06
1563,43.21530656699906,0,17.951062,True,True,1.430511474609375e-06
1564,43.23956035700394,0,24.154018,True,True,1.430511474609375e-06
1565,43.26878680799564,0,29.136079,True,True,1.430511474609375e-06
1566,43.299264275003225,0,30.399409,True,True,1.430511474609375e-06
1567,43.32435388599697,0,25.017774,True,True,1.430511474609375e-06
1568,43.354524334994494,0,30.092836,True,True,1.430511474609375e-06
1569,43.384229164003045,0,29.606287,True,True,1.430511474609375e-06
1570,43.41394495300483,0,29.645663,True,True,1.430511474609375e-06
1571,43.43940474199189,0,25.396381,True,True,1.430511474609375e-06
1572,43.468113941999036,0,28.649639,True,True,1.430511474609375e-06
1573,43.497766764005064,0,29.591543,True,True,1.430511474609375e-06
1574,43.523098976002075,0,25.270544,True,True,1.430511474609375e-06
1575,43.55280494100589,0,29.64362,True,True,1.430511474609375e-06
1576,43.598826479996205,0,45.94204,True,True,1.430511474609375e-06
1577,43.624217049000436,0,25.239814,True,True,1.430511474609375e-06
1578,43.65284323399828,0,28.529226,True,True,1.430511474609375e-06
1579,43.683182284992654,0,30.248805,True,True,1.430511474609375e-06
1580,43.7127556129999,0,29.496404,True,True,1.430511474609375e-06
1581,43.73764462399413,0,24.821558,True,True,1.430511474609375e-06
1582,43.76669579099689,0,28.982739,True,True,1.430511474609375e-06
1583,43.81297355699644,0,46.198921,True,True,1.430511474609375e-06
1584,43.838162119005574,0,25.047851,True,True,1.430511474609375e-06
1585,43.866987390996655,0,28.745206,True,True,1.430511474609375e-06
1586,43.897191515992745,0,30.125281,True,True,1.430511474609375e-06
1587,43.92255758099782,0,25.299775,True,True,1.430511474609375e-06
1588,43.951512679996085,0,28.882236,True,True,1.430511474609375e-06
1589,43.98129324900219,0,29.710124,True,True,1.430511474609375e-06
1590,44.023295513994526,0,41.916068,True,True,1.430511474609375e-06
1591,44.04794536400004,0,24.500036,True,True,1.430511474609375e-06
1592,44.06625545800489,0,18.222208,True,True,1.430511474609375e-06
1593,44.084425961991656,0,18.098773,True,True,1.430511474609375e-06
1594,44.10278941699653,0,18.305738,True,True,1.430511474609375e-06
1595,44.12121761600429,0,18.353794,True,True,1.430511474609375e-06
1596,44.13922201299283,0,17.940968,True,True,1.430511474609375e-06
1597,44.1572579700005,0,17.973585,True,True,1.430511474609375e-06
1598,44.17536740899959,0,18.042555,True,True,1.430511474609375e-06
1599,44.19332881599257,0,17.901213,True,True,1.430511474609375e-06
1600,44.21161107199441,0,18.218033,True,True,1.430511474609375e-06
1601,44.2358303469955,0,24.158218,True,True,1.430511474609375e-06
1602,44.26608070799557,0,30.117733,True,True,1.430511474609375e-06
1603,44.29513397200208,0,28.929925,True,True,1.430511474609375e-06
1604,44.32529051900201,0,30.052617,True,True,1.430511474609375e-06
1605,44.350811832991894,0,25.422694,True,True,1.430511474609375e-06
1606,44.379983531995094,0,29.050498,True,True,1.430511474609375e-06
1607,44.4105766290013,0,30.487404,True,True,1.430511474609375e-06
1608,44.43575114599662,0,25.101073,True,True,1.430511474609375e-06
1609,44.46453230199404,0,28.719289,True,True,1.430511474609375e-06
1610,44.49463805000414,0,30.044372,True,True,1.430511474609375e-06
1611,44.52464004700596,0,29.928794,True,True,1.430511474609375e-06
1612,44.54927407899231,0,24.569937,True,True,1.430511474609375e-06
1613,44.57849379099207,0,29.15708,True,True,1.430511474609375e-06
1614,44.60812822499429,0,29.558155,True,True,1.430511474609375e-06
1615,44.63394301700464,0,25.691956,True,True,1.430511474609375e-06
1616,44.66325495199999,0,29.218446,True,True,1.430511474609375e-06
1617,44.693099042997346,0,29.746209,True,True,1.430511474609375e-06
1618,44.71792148399982,0,24.752505,True,True,1.430511474609375e-06
1619,44.747205027000746,0,29.214417,True,True,1.430511474609375e-06
1620,44.78366243299388,0,36.365909,True,True,1.430511474609375e-06
1621,44.82448290599859,0,40.661517,True,True,1.430511474609375e-06
1622,44.849590475001605,0,25.011732,True,True,1.430511474609375e-06
1623,44.87885073499638,0,29.190509,True,True,1.430511474609375e-06
1624,44.90858427299827,0,29.653567,True,True,1.430511474609375e-06
1625,44.933701835005195,0,25.047153,True,True,1.430511474609375e-06
1626,44.962894682001206,0,29.130592,True,True,1.430511474609375e-06
1627,44.992767518997425,0,29.805895,True,True,1.430511474609375e-06
1628,45.02963763500156,0,36.795335,True,True,1.430511474609375e-06
1629,45.068868343994836,0,18.878618,True,True,1.430511474609375e-06
1630,45.08683354000095,0,17.876924,True,True,1.430511474609375e-06
1631,45.10510605700256,0,18.20534,True,True,1.430511474609375e-06
1632,45.12306030599575,0,17.897877,True,True,1.430511474609375e-06
1633,45.141090980003355,0,17.972097,True,True,1.430511474609375e-06
1634,45.159043331994326,0,17.897164,True,True,1.430511474609375e-06
1635,45.17729106299521,0,18.19628,True,True,1.430511474609375e-06
1636,45.19532596800127,0,17.981729,True,True,1.430511474609375e-06
1637,45.213536854003905,0,18.12789,True,True,1.430511474609375e-06
1638,45.243086410002434,0,29.462816,True,True,1.430511474609375e-06
1639,45.27285685199604,0,29.652714,True,True,1.430511474609375e-06
1640,45.30337525899813,0,30.43572,True,True,1.430511474609375e-06
1641,45.328270390993566,0,24.800438,True,True,1.430511474609375e-06
1642,45.35698917899572,0,28.644488,True,True,1.430511474609375e-06
1643,45.386930102002225,0,29.869141,True,True,1.430511474609375e-06
1644,45.41226736099634,0,25.268376,True,True,1.430511474609375e-06
1645,45.441381122000166,0,29.034134,True,True,1.430511474609375e-06
1646,45.47202530100185,0,30.579754,True,True,1.430511474609375e-06
1647,45.51256668599672,0,40.477505,True,True,1.430511474609375e-06
1648,45.54201718200056,0,29.307524,True,True,1.430511474609375e-06
1649,45.572194620996015,0,30.077106,True,True,1.430511474609375e-06
1650,45.60352958200383,0,31.261156,True,True,1.430511474609375e-06
1651,45.62824581899622,0,24.619038,True,True,1.430511474609375e-06
1652,45.658004893004545,0,29.681197,True,True,1.430511474609375e-06
1653,45.687793025004794,0,29.709552,True,True,1.430511474609375e-06
1654,45.7182087090041,0,30.349801,True,True,1.430511474609375e-06
1655,45.74275533799664,0,24.477399,True,True,1.430511474609375e-06
1656,45.7756494070054,0,32.83301,True,True,1.430511474609375e-06
1657,45.81478903099196,0,38.994208,True,True,1.430511474609375e-06
1658,45.84440338000422,0,29.490121,True,True,1.430511474609375e-06
1659,45.87353499200253,0,29.045405,True,True,1.430511474609375e-06
1660,45.90395259199431,0,30.327234,True,True,1.430511474609375e-06
1661,45.92931526199391,0,25.29196,True,True,1.430511474609375e-06
1662,45.95837481599301,0,28.992767,True,True,1.430511474609375e-06
1663,45.98788459399657,0,29.443069,True,True,1.430511474609375e-06
1664,46.02036661100283,0,32.411774,True,True,1.430511474609375e-06
1665,46.05462636699667,0,34.109247,True,True,1.430511474609375e-06
1666,46.073115449995385,0,18.343172,True,True,1.430511474609375e-06
1667,46.09161577599298,0,18.420601,True,True,1.430511474609375e-06
1668,46.11020847600594,0,18.513304,True,True,1.430511474609375e-06
1669,46.12829822099593,0,18.022886,True,True,1.430511474609375e-06
1670,46.1465651079925,0,18.206866,True,True,1.430511474609375e-06
1671,46.16526271299517,0,18.632742,True,True,1.430511474609375e-06
1672,46.18388468299236,0,18.501729,True,True,1.430511474609375e-06
1673,46.20243552699685,0,18.465739,True,True,1.430511474609375e-06
1674,46.22077402299328,0,18.271669,True,True,1.430511474609375e-06
1675,46.24469647099613,0,23.851385,True,True,1.430511474609375e-06
1676,46.27431652399537,0,29.549866,True,True,1.430511474609375e-06
1677,46.30458683699544,0,30.196167,True,True,1.430511474609375e-06
1678,46.32946585200261,0,24.784863,True,True,1.430511474609375e-06
1679,46.359200859005796,0,29.657866,True,True,1.430511474609375e-06
1680,46.38983833599195,0,30.546343,True,True,1.430511474609375e-06
1681,46.419962726999074,0,30.057167,True,True,1.430511474609375e-06
1682,46.4448962299939,0,24.85992,True,True,1.430511474609375e-06
1683,46.47450158800348,0,29.542337,True,True,1.430511474609375e-06
1684,46.50466274199425,0,30.089177,True,True,1.430511474609375e-06
1685,46.534711428001174,0,29.962574,True,True,1.430511474609375e-06
1686,46.55932350999501,0,24.52324,True,True,1.430511474609375e-06
1687,46.589270561002195,0,29.880541,True,True,1.430511474609375e-06
1688,46.61982584299403,0,30.476551,True,True,1.430511474609375e-06
1689,46.64441977599927,0,24.525929,True,True,1.430511474609375e-06
1690,46.67368417499529,0,29.197459,True,True,1.430511474609375e-06
1691,46.70412261399906,0,30.377186,True,True,1.430511474609375e-06
1692,46.72907648800174,0,24.886337,True,True,1.430511474609375e-06
1693,46.7581119749957,0,28.978626,True,True,1.430511474609375e-06
1694,46.804503218998434,0,46.329955,True,True,1.430511474609375e-06
1695,46.82987946999492,0,25.234602,True,True,1.430511474609375e-06
1696,46.85959388100309,0,29.623535,True,True,1.430511474609375e-06
1697,46.890175976994215,0,30.509546,True,True,1.430511474609375e-06
1698,46.92010257800575,0,29.85856,True,True,1.430511474609375e-06
1699,46.94562530600524,0,25.461188,True,True,1.430511474609375e-06
1700,46.97439525500522,0,28.704709,True,True,1.430511474609375e-06
1701,47.00445051699353,0,29.963542,True,True,1.430511474609375e-06
1702,47.04312136999215,0,38.587559,True,True,1.430511474609375e-06
1703,47.06373255199287,0,20.457116,True,True,1.430511474609375e-06
1704,47.082005805001245,0,18.181111,True,True,1.430511474609375e-06
1705,47.10100370699365,0,18.92283,True,True,1.430511474609375e-06
1706,47.11931633600034,0,18.239406,True,True,1.430511474609375e-06
1707,47.13733335900179,0,17.961111,True,True,1.430511474609375e-06
1708,47.155951017004554,0,18.555168,True,True,1.430511474609375e-06
1709,47.18386672899942,0,27.852314,True,True,1.430511474609375e-06
1710,47.20233981599449,0,18.371207,True,True,1.430511474609375e-06
1711,47.220697340002516,0,18.283564,True,True,1.430511474609375e-06
1712,47.244599137993646,0,23.832362,True,True,1.430511474609375e-06
1713,47.273767880993546,0,29.07538,True,True,1.430511474609375e-06
1714,47.30396041700442,0,30.092468,True,True,1.430511474609375e-06
1715,47.32971217100567,0,25.651754,True,True,1.430511474609375e-06
1716,47.358832694997545,0,29.022259,True,True,1.430511474609375e-06
1717,47.38908745600202,0,30.156203,True,True,1.430511474609375e-06
1718,47.41927003499586,0,30.091613,True,True,1.430511474609375e-06
1719,47.444530534005025,0,25.178297,True,True,1.430511474609375e-06
1720,47.47409095200419,0,29.482231,True,True,1.430511474609375e-06
1721,47.51007817700156,0,35.871769,True,True,1.430511474609375e-06
1722,47.53978369300603,0,29.479383,True,True,1.430511474609375e-06
1723,47.57016232699971,0,30.29644,True,True,1.430511474609375e-06
1724,47.59545590200287,0,25.218059,True,True,1.430511474609375e-06
1725,47.62496613600524,0,29.428813,True,True,1.430511474609375e-06
1726,47.654675957004656,0,29.640281,True,True,1.430511474609375e-06
1727,47.685088334998,0,30.316498,True,True,1.430511474609375e-06
1728,47.709642465997604,0,24.466697,True,True,1.430511474609375e-06
1729,47.73932711100497,0,29.610956,True,True,1.430511474609375e-06
1730,47.77239074499812,0,32.977506,True,True,1.430511474609375e-06
1731,47.8114902649977,0,38.925961,True,True,1.430511474609375e-06
1732,47.85708728199825,0,45.451344,True,True,1.430511474609375e-06
1733,47.88716414400551,0,29.940215,True,True,1.430511474609375e-06
1734,47.91248346300563,0,25.215931,True,True,1.430511474609375e-06
1735,47.94195237799431,0,29.378245,True,True,1.430511474609375e-06
1736,47.97245763200044,0,30.417427,True,True,1.430511474609375e-06
1737,48.00205808399187,0,29.527773,True,True,1.430511474609375e-06
1738,48.02763731899904,0,25.50997,True,True,1.430511474609375e-06
1739,48.062869753994164,0,35.150756,True,True,1.430511474609375e-06
1740,48.08161403000122,0,18.60626,True,True,1.430511474609375e-06
1741,48.10003590400447,0,18.332489,True,True,1.430511474609375e-06
1742,48.11812634099624,0,18.019448,True,True,1.430511474609375e-06
1743,48.136814211000456,0,18.622227,True,True,1.430511474609375e-06
1744,48.15525367400551,0,18.367835,True,True,1.430511474609375e-06
1745,48.17330522299744,0,17.99416,True,True,1.430511474609375e-06
1746,48.191654565001954,0,18.286276,True,True,1.430511474609375e-06
1747,48.20990026999789,0,18.182821,True,True,1.430511474609375e-06
1748,48.22857198100246,0,18.611945,True,True,1.430511474609375e-06
1749,48.25783959000546,0,29.208106,True,True,1.430511474609375e-06
1750,48.288097904995084,0,30.110624,True,True,1.430511474609375e-06
1751,48.313683400992886,0,25.481063,True,True,1.430511474609375e-06
1752,48.34316485800082,0,29.382053,True,True,1.430511474609375e-06
1753,48.37272312400455,0,29.470226,True,True,1.430511474609375e-06
1754,48.40262511699984,0,29.815795,True,True,1.430511474609375e-06
1755,48.428740246992675,0,26.036519,True,True,1.430511474609375e-06
1756,48.45775927200157,0,28.927696,True,True,1.430511474609375e-06
1757,48.50295823000488,0,45.115519,True,True,1.430511474609375e-06
1758,48.52823036799964,0,25.129459,True,True,1.430511474609375e-06
1759,48.55768920699484,0,29.366747,True,True,1.430511474609375e-06
1760,48.587694977992214,0,29.926162,True,True,1.430511474609375e-06
1761,48.61318876199948,0,25.417402,True,True,1.430511474609375e-06
1762,48.642130484004156,0,28.866872,True,True,1.430511474609375e-06
1763,48.67216279100103,0,29.953074,True,True,1.430511474609375e-06
1764,48.701893531993846,0,29.659195,True,True,1.430511474609375e-06
1765,48.72637126699556,0,24.392549,True,True,1.430511474609375e-06
1766,48.75679579199641,0,30.346646,True,True,1.430511474609375e-06
1767,48.79783694399521,0,40.966022,True,True,1.430511474609375e-06
1768,48.826398089993745,0,28.411501,True,True,1.430511474609375e-06
1769,48.85608702599711,0,29.5823,True,True,1.430511474609375e-06
1770,48.88618639399647,0,30.005089,True,True,1.430511474609375e-06
1771,48.911856021004496,0,25.583326,True,True,1.430511474609375e-06
1772,48.940737077995436,0,28.806904,True,True,1.430511474609375e-06
1773,48.97135142299521,0,30.535285,True,True,1.430511474609375e-06
1774,48.9962262820045,0,24.791415,True,True,1.430511474609375e-06
1775,49.02533904000302,0,29.043326,True,True,1.430511474609375e-06
1776,49.059690102993045,0,34.270538,True,True,1.430511474609375e-06
1777,49.07935539000027,0,19.534433,True,True,1.430511474609375e-06
1778,49.09744371799752,0,18.005495,True,True,1.430511474609375e-06
1779,49.11546763899969,0,17.947311,True,True,1.430511474609375e-06
1780,49.13365431599959,0,18.126568,True,True,1.430511474609375e-06
1781,49.15162372699706,0,17.907232,True,True,1.430511474609375e-06
1782,49.170174379993114,0,18.484743,True,True,1.430511474609375e-06
1783,49.188092506999965,0,17.862183,True,True,1.430511474609375e-06
1784,49.206058356998255,0,17.910255,True,True,1.430511474609375e-06
1785,49.224375053992844,0,18.264181,True,True,1.430511474609375e-06
1786,49.253001103003044,0,28.567017,True,True,1.430511474609375e-06
1787,49.28399736700521,0,30.8997,True,True,1.430511474609375e-06
1788,49.31424916400283,0,30.124424,True,True,1.430511474609375e-06
1789,49.35417985399545,0,39.827227,True,True,1.430511474609375e-06
1790,49.3840530479938,0,29.67335,True,True,1.430511474609375e-06
1791,49.414987479001866,0,30.818664,True,True,1.430511474609375e-06
1792,49.44044714399206,0,25.33903,True,True,1.430511474609375e-06
1793,49.469559706994914,0,29.028643,True,True,1.430511474609375e-06
1794,49.499397255000076,0,29.767458,True,True,1.430511474609375e-06
1795,49.529508605002775,0,30.042424,True,True,1.430511474609375e-06
1796,49.554087413998786,0,24.509086,True,True,1.430511474609375e-06
1797,49.583788809002726,0,29.631171,True,True,1.430511474609375e-06
1798,49.61313115399389,0,29.276767,True,True,1.430511474609375e-06
1799,49.637177323005744,0,23.977448,True,True,1.430511474609375e-06
1800,49.66676459299924,0,29.515625,True,True,1.430511474609375e-06
1801,49.69665705200168,0,29.81091,True,True,1.430511474609375e-06
1802,49.722038431005785,0,25.313574,True,True,1.430511474609375e-06
1803,49.750699226991856,0,28.596983,True,True,1.430511474609375e-06
1804,49.79776812699856,0,46.999576,True,True,1.430511474609375e-06
1805,49.823509583991836,0,25.596953,True,True,1.430511474609375e-06
1806,49.85277616599342,0,29.17337,True,True,1.430511474609375e-06
1807,49.88318320500548,0,30.323544,True,True,1.430511474609375e-06
1808,49.90802505999454,0,24.773798,True,True,1.430511474609375e-06
1809,49.936801021001884,0,28.69903,True,True,1.430511474609375e-06
1810,49.966720565993455,0,29.839631,True,True,1.430511474609375e-06
1811,49.99674492300255,0,29.94028,True,True,1.430511474609375e-06
1812,50.02207130299939,0,25.254761,True,True,1.430511474609375e-06
1813,50.064289036003174,0,28.094793,True,True,1.430511474609375e-06
1814,50.082885555995745,0,18.465876,True,True,1.430511474609375e-06
1815,50.1009400979965,0,17.973511,True,True,1.430511474609375e-06
1816,50.119209676005994,0,18.19996,True,True,1.430511474609375e-06
1817,50.13720381600433,0,17.928062,True,True,1.430511474609375e-06
1818,50.15521506400546,0,17.947785,True,True,1.430511474609375e-06
1819,50.18376963799528,0,28.489928,True,True,1.430511474609375e-06
1820,50.20195049299218,0,18.067781,True,True,1.430511474609375e-06
1821,50.22019827099575,0,18.171977,True,True,1.430511474609375e-06
1822,50.24914767500013,0,28.878952,True,True,1.430511474609375e-06
1823,50.27950318499643,0,30.245638,True,True,1.430511474609375e-06
1824,50.303781548005645,0,24.19718,True,True,1.430511474609375e-06
1825,50.333702963995165,0,29.831816,True,True,1.430511474609375e-06
1826,50.363601329998346,0,29.817254,True,True,1.430511474609375e-06
1827,50.388549529001466,0,24.86293,True,True,1.430511474609375e-06
1828,50.417403041996295,0,28.785366,True,True,1.430511474609375e-06
1829,50.44750814499275,0,30.038326,True,True,1.430511474609375e-06
1830,50.47287811800197,0,25.305765,True,True,1.430511474609375e-06
1831,50.50188106299902,0,28.941518,True,True,1.430511474609375e-06
1832,50.53169219799747,0,29.745472,True,True,1.430511474609375e-06
1833,50.55668497100123,0,24.924124,True,True,1.430511474609375e-06
1834,50.58557390799979,0,28.820195,True,True,1.430511474609375e-06
1835,50.61516851199849,0,29.535608,True,True,1.430511474609375e-06
1836,50.645015761998366,0,29.777177,True,True,1.430511474609375e-06
1837,50.66972330700082,0,24.63449,True,True,1.430511474609375e-06
1838,50.69984291199944,0,30.052157,True,True,1.430511474609375e-06
1839,50.73000486299861,0,30.091088,True,True,1.430511474609375e-06
1840,50.75531747400237,0,25.247089,True,True,1.430511474609375e-06
1841,50.800824755002395,0,45.438921,True,True,1.430511474609375e-06
1842,50.831152928993106,0,30.178211,True,True,1.430511474609375e-06
1843,50.857003543991596,0,25.74775,True,True,1.430511474609375e-06
1844,50.88613947900012,0,29.053615,True,True,1.430511474609375e-06
1845,50.91578651899181,0,29.574509,True,True,1.430511474609375e-06
1846,50.94553536300373,0,29.673705,True,True,1.430511474609375e-06
1847,50.969884840000304,0,24.27846,True,True,1.430511474609375e-06
1848,50.99997592999716,0,30.024101,True,True,1.430511474609375e-06
1849,51.02960962400539,0,29.566262,True,True,1.430511474609375e-06
1850,51.059472189997905,0,29.770399,True,True,1.430511474609375e-06
1851,51.07802728700335,0,18.430334,True,True,1.430511474609375e-06
1852,51.09613582599559,0,18.029148,True,True,1.430511474609375e-06
1853,51.11423006899713,0,18.034868,True,True,1.430511474609375e-06
1854,51.1323714129976,0,18.087462,True,True,1.430511474609375e-06
1855,51.15028770400386,0,17.861046,True,True,1.430511474609375e-06
1856,51.16850122499454,0,18.153214,True,True,1.430511474609375e-06
1857,51.186705632004305,0,18.135835,True,True,1.430511474609375e-06
1858,51.20490523699846,0,18.10157,True,True,1.430511474609375e-06
1859,51.22302294100518,0,18.046038,True,True,1.430511474609375e-06
1860,51.25310132000595,0,30.017064,True,True,1.430511474609375e-06
1861,51.282061664998764,0,28.873335,True,True,1.430511474609375e-06
1862,51.3127683299972,0,30.634507,True,True,1.430511474609375e-06
1863,51.34270808499423,0,29.854244,True,True,1.430511474609375e-06
1864,51.36847525900521,0,25.685716,True,True,1.430511474609375e-06
1865,51.39700440499291,0,28.443414,True,True,1.430511474609375e-06
1866,51.427514135997626,0,30.442226,True,True,1.430511474609375e-06
1867,51.45695723500103,0,29.376692,True,True,1.430511474609375e-06
1868,51.48107546700339,0,24.055064,True,True,1.430511474609375e-06
1869,51.51091851000092,0,29.782699,True,True,1.430511474609375e-06
1870,51.540681582991965,0,29.70095,True,True,1.430511474609375e-06
1871,51.564957812996,0,24.216239,True,True,1.430511474609375e-06
1872,51.594936324996524,0,29.917806,True,True,1.430511474609375e-06
1873,51.62490499600244,0,29.902313,True,True,1.430511474609375e-06
1874,51.65033808500448,0,25.365561,True,True,1.430511474609375e-06
1875,51.679165281995665,0,28.763911,True,True,1.430511474609375e-06
1876,51.709889670004486,0,30.634864,True,True,1.430511474609375e-06
1877,51.73487047999515,0,24.91211,True,True,1.430511474609375e-06
1878,51.76381315899198,0,28.876409,True,True,1.430511474609375e-06
1879,51.80994773800194,0,46.06607,True,True,1.430511474609375e-06
1880,51.83521092499723,0,25.115412,True,True,1.430511474609375e-06
1881,51.864151378991664,0,28.850538,True,True,1.430511474609375e-06
1882,51.893432090000715,0,29.210538,True,True,1.430511474609375e-06
1883,51.92396233299223,0,30.464991,True,True,1.430511474609375e-06
1884,51.947822378002456,0,23.791634,True,True,1.430511474609375e-06
1885,51.97783819200413,0,29.954742,True,True,1.430511474609375e-06
1886,52.007444122005836,0,29.538431,True,True,1.430511474609375e-06
1887,52.031479152996326,0,23.973817,True,True,1.430511474609375e-06
1888,52.05285523600469,0,21.31197,True,True,1.430511474609375e-06
1889,52.07980769200367,0,26.856278,True,True,1.430511474609375e-06
1890,52.107918843001244,0,28.006993,True,True,1.430511474609375e-06
1891,52.12605693200021,0,18.038417,True,True,1.430511474609375e-06
1892,52.14417598900036,0,18.048656,True,True,1.430511474609375e-06
1893,52.162211759001366,0,17.970595,True,True,1.430511474609375e-06
1894,52.18015646300046,0,17.881174,True,True,1.430511474609375e-06
1895,52.198439088999294,0,18.230272,True,True,1.430511474609375e-06
1896,52.216371763002826,0,17.873112,True,True,1.430511474609375e-06
1897,52.24595598799351,0,29.527453,True,True,1.430511474609375e-06
1898,52.27606668000226,0,30.002178,True,True,1.430511474609375e-06
1899,52.30177505999745,0,25.631992,True,True,1.430511474609375e-06
1900,52.33068792699487,0,28.828728,True,True,1.430511474609375e-06
1901,52.3611963680014,0,30.435852,True,True,1.430511474609375e-06
1902,52.38679678199696,0,25.531136,True,True,1.430511474609375e-06
1903,52.4156301329931,0,28.770556,True,True,1.430511474609375e-06
1904,52.44560854000156,0,29.911365,True,True,1.430511474609375e-06
1905,52.475347640996915,0,29.676953,True,True,1.430511474609375e-06
1906,52.50073064099706,0,25.324466,True,True,1.430511474609375e-06
1907,52.52953740399971,0,28.750476,True,True,1.430511474609375e-06
1908,52.559278101995005,0,29.690682,True,True,1.430511474609375e-06
1909,52.58389111699944,0,24.560211,True,True,1.430511474609375e-06
1910,52.61290411899972,0,28.961039,True,True,1.430511474609375e-06
1911,52.642953581991605,0,29.993566,True,True,1.430511474609375e-06
1912,52.679266131992335,0,36.25802,True,True,1.430511474609375e-06
1913,52.70948688799399,0,30.088615,True,True,1.430511474609375e-06
1914,52.735289926000405,0,25.705332,True,True,1.430511474609375e-06
1915,52.76449339800456,0,29.123687,True,True,1.430511474609375e-06
1916,52.810611018998316,0,46.037638,True,True,1.430511474609375e-06
1917,52.840918261004845,0,30.158582,True,True,1.430511474609375e-06
1918,52.86534269800177,0,24.325806,True,True,1.430511474609375e-06
1919,52.89575889200205,0,30.332376,True,True,1.430511474609375e-06
1920,52.925426649992005,0,29.592026,True,True,1.430511474609375e-06
1921,52.95028343699232,0,24.788947,True,True,1.430511474609375e-06
1922,52.97901670000283,0,28.668773,True,True,1.430511474609375e-06
1923,53.00906695300364,0,29.984696,True,True,1.430511474609375e-06
1924,53.03450092399726,0,25.371037,True,True,1.430511474609375e-06
1925,53.055828438999015,0,21.246042,True,True,1.430511474609375e-06
1926,53.08262832299806,0,26.691116,True,True,1.430511474609375e-06
1927,53.10111928600236,0,18.389555,True,True,1.430511474609375e-06
1928,53.11943380499724,0,18.232337,True,True,1.430511474609375e-06
1929,53.13771069899667,0,18.208815,True,True,1.430511474609375e-06
1930,53.156244754005456,0,18.470673,True,True,1.430511474609375e-06
1931,53.17420341700199,0,17.902309,True,True,1.430511474609375e-06
1932,53.19238049500564,0,18.119008,True,True,1.430511474609375e-06
1933,53.21077326500381,0,18.330254,True,True,1.430511474609375e-06
1934,53.23488460799854,0,24.016154,True,True,1.430511474609375e-06
1935,53.270821803991566,0,35.837219,True,True,1.430511474609375e-06
1936,53.2959490899957,0,25.008846,True,True,1.430511474609375e-06
1937,53.325023244993645,0,28.989661,True,True,1.430511474609375e-06
1938,53.354676761999144,0,29.552977,True,True,1.430511474609375e-06
1939,53.380001350000384,0,25.225519,True,True,1.430511474609375e-06
1940,53.40916190500138,0,29.073858,True,True,1.430511474609375e-06
1941,53.439248720998876,0,30.019247,True,True,1.430511474609375e-06
1942,53.46435965200362,0,25.026921,True,True,1.430511474609375e-06
1943,53.49413345899666,0,29.699657,True,True,1.430511474609375e-06
1944,53.52330555100343,0,29.102684,True,True,1.430511474609375e-06
1945,53.55372514099872,0,30.347138,True,True,1.430511474609375e-06
1946,53.57852941099554,0,24.736033,True,True,1.430511474609375e-06
1947,53.607711232005386,0,29.120012,True,True,1.430511474609375e-06
1948,53.63771123100014,0,29.931303,True,True,1.430511474609375e-06
1949,53.662940185997286,0,25.165212,True,True,1.430511474609375e-06
1950,53.69195896599558,0,28.94165,True,True,1.430511474609375e-06
1951,53.72238066600403,0,30.356321,True,True,1.430511474609375e-06
1952,53.7520856839983,0,29.63909,True,True,1.430511474609375e-06
1953,53.807863157999236,0,55.713604,True,True,1.430511474609375e-06
1954,53.83803859699401,0,30.026672,True,True,1.430511474609375e-06
1955,53.86775872699218,0,29.625983,True,True,1.430511474609375e-06
1956,53.89207525900565,0,24.238749,True,True,1.430511474609375e-06
1957,53.922209184995154,0,30.067218,True,True,1.430511474609375e-06
1958,53.95211656700121,0,29.840552,True,True,1.430511474609375e-06
1959,53.976178490993334,0,23.999502,True,True,1.430511474609375e-06
1960,54.005899167997995,0,29.632768,True,True,1.430511474609375e-06
1961,54.03584136899735,0,29.873812,True,True,1.430511474609375e-06
1962,54.0607625029952,0,24.849703,True,True,1.430511474609375e-06
1963,54.084326654003235,0,23.436357,True,True,1.430511474609375e-06
1964,54.10291503800545,0,18.512959,True,True,1.430511474609375e-06
1965,54.12089376099175,0,17.919852,True,True,1.430511474609375e-06
1966,54.13885992100404,0,17.914273,True,True,1.430511474609375e-06
1967,54.156884850002825,0,17.970277,True,True,1.430511474609375e-06
1968,54.17487108899513,0,17.935922,True,True,1.430511474609375e-06
1969,54.19304409000324,0,18.11923,True,True,1.430511474609375e-06
1970,54.211050091995276,0,17.956318,True,True,1.430511474609375e-06
1971,54.22967867300031,0,18.578875,True,True,1.430511474609375e-06
1972,54.2599172850023,0,30.108925,True,True,1.430511474609375e-06
1973,54.29047190399433,0,30.453539,True,True,1.430511474609375e-06
1974,54.3194166339963,0,28.858352,True,True,1.430511474609375e-06
1975,54.34488367699669,0,25.388582,True,True,1.430511474609375e-06
1976,54.374786707994645,0,29.766531,True,True,1.430511474609375e-06
1977,54.40399468700343,0,29.119006,True,True,1.430511474609375e-06
1978,54.44905235199258,0,44.986868,True,True,1.430511474609375e-06
1979,54.47426634699514,0,25.087708,True,True,1.430511474609375e-06
1980,54.50385451200418,0,29.49942,True,True,1.430511474609375e-06
1981,54.53425924999465,0,30.328714,True,True,1.430511474609375e-06
1982,54.564053969996166,0,29.724547,True,True,1.430511474609375e-06
1983,54.588740114995744,0,24.594825,True,True,1.430511474609375e-06
1984,54.619056127994554,0,30.217179,True,True,1.430511474609375e-06
1985,54.649042539997026,0,29.896053,True,True,1.430511474609375e-06
1986,54.674245148999034,0,25.125144,True,True,1.430511474609375e-06
1987,54.702700637004455,0,28.386652,True,True,1.430511474609375e-06
1988,54.732522759994026,0,29.756955,True,True,1.430511474609375e-06
1989,54.75796792299661,0,25.384342,True,True,1.430511474609375e-06
1990,54.80327640600444,0,45.242069,True,True,1.430511474609375e-06
1991,54.833602689992404,0,30.180624,True,True,1.430511474609375e-06
1992,54.86397727900476,0,30.281786,True,True,1.430511474609375e-06
1993,54.88797918299679,0,23.924677,True,True,1.430511474609375e-06
1994,54.918444262002595,0,30.395494,True,True,1.430511474609375e-06
1995,54.94804044099874,0,29.525203,True,True,1.430511474609375e-06
1996,54.97236230199633,0,24.254231,True,True,1.430511474609375e-06
1997,55.002123893995304,0,29.654766,True,True,1.430511474609375e-06
1998,55.04731331000221,0,25.950663,True,True,1.430511474609375e-06
1999,55.065678315993864,0,18.279411,True,True,1.430511474609375e-06
2000,55.10425878899696,0,38.505944,True,True,1.430511474609375e-06
2001,55.1230323780037,0,18.627799,True,True,1.430511474609375e-06
2002,55.141467523993924,0,18.346776,True,True,1.430511474609375e-06
2003,55.15965200899518,0,18.1198,True,True,1.430511474609375e-06
2004,55.177529766006046,0,17.818113,True,True,1.430511474609375e-06
2005,55.195691607004846,0,18.107989,True,True,1.430511474609375e-06
2006,55.213954222999746,0,18.211253,True,True,1.430511474609375e-06
2007,55.23672221999732,0,22.71644,True,True,1.430511474609375e-06
2008,55.2625822389964,0,25.803856,True,True,1.430511474609375e-06
2009,55.29166901099961,0,28.969325,True,True,1.430511474609375e-06
2010,55.316592029994354,0,24.850153,True,True,1.430511474609375e-06
2011,55.346606218998204,0,29.947308,True,True,1.430511474609375e-06
2012,55.37627848300326,0,29.602336,True,True,1.430511474609375e-06
2013,55.40610776600079,0,29.764024,True,True,1.430511474609375e-06
2014,55.43644846600364,0,30.280483,True,True,1.430511474609375e-06
2015,55.46054330100014,0,24.035252,True,True,1.430511474609375e-06
2016,55.49088593700435,0,30.283751,True,True,1.430511474609375e-06
2017,55.52046196599258,0,29.517321,True,True,1.430511474609375e-06
2018,55.54533711199474,0,24.818207,True,True,1.430511474609375e-06
2019,55.574189933002344,0,28.78454,True,True,1.430511474609375e-06
2020,55.6044412820047,0,30.189021,True,True,1.430511474609375e-06
2021,55.62959426999441,0,25.091415,True,True,1.430511474609375e-06
2022,55.65888413399807,0,29.224453,True,True,1.430511474609375e-06
2023,55.68942015999346,0,30.464323,True,True,1.430511474609375e-06
2024,55.71441760400194,0,24.910167,True,True,1.430511474609375e-06
2025,55.74311044700153,0,28.607477,True,True,1.430511474609375e-06
2026,55.77631200400356,0,33.132299,True,True,1.430511474609375e-06
2027,55.814148367004236,0,37.684791,True,True,1.430511474609375e-06
2028,55.84353679999185,0,29.252255,True,True,1.430511474609375e-06
2029,55.87378754399833,0,30.15158,True,True,1.430511474609375e-06
2030,55.90394294899306,0,30.065476,True,True,1.430511474609375e-06
2031,55.94352306499786,0,39.496285,True,True,1.430511474609375e-06
2032,55.974067144998116,0,30.407515,True,True,1.430511474609375e-06
2033,56.00388268199458,0,29.716924,True,True,1.430511474609375e-06
2034,56.029294906998985,0,25.329604,True,True,1.430511474609375e-06
2035,56.047751853999216,0,18.324585,True,True,1.430511474609375e-06
2036,56.065985823996016,0,18.149026,True,True,1.430511474609375e-06
2037,56.09319509100169,0,27.133277,True,True,1.430511474609375e-06
2038,56.11326779400406,0,19.943216,True,True,1.430511474609375e-06
2039,56.13179719199252,0,18.44719,True,True,1.430511474609375e-06
2040,56.15031583099335,0,18.416401,True,True,1.430511474609375e-06
2041,56.168651868996676,0,18.23524,True,True,1.430511474609375e-06
2042,56.18732274600188,0,18.595671,True,True,1.430511474609375e-06
2043,56.205384910994326,0,18.003867,True,True,1.430511474609375e-06
2044,56.22941030499351,0,23.972182,True,True,1.430511474609375e-06
2045,56.258451453002635,0,28.972965,True,True,1.430511474609375e-06
2046,56.28333614699659,0,24.817735,True,True,1.430511474609375e-06
2047,56.313293468003394,0,29.8904,True,True,1.430511474609375e-06
2048,56.34212892099458,0,28.77385,True,True,1.430511474609375e-06
2049,56.372687248003785,0,30.496404,True,True,1.430511474609375e-06
2050,56.397713061000104,0,24.950964,True,True,1.430511474609375e-06
2051,56.42657064599916,0,28.78687,True,True,1.430511474609375e-06
2052,56.45717583599617,0,30.525361,True,True,1.430511474609375e-06
2053,56.48710817100073,0,29.857139,True,True,1.430511474609375e-06
2054,56.512575807995745,0,25.393327,True,True,1.430511474609375e-06
2055,56.54113325600338,0,28.493245,True,True,1.430511474609375e-06
2056,56.57121239999833,0,30.007745,True,True,1.430511474609375e-06
2057,56.596716347994516,0,25.436068,True,True,1.430511474609375e-06
2058,56.62550076900516,0,28.717133,True,True,1.430511474609375e-06
2059,56.65551690600114,0,29.954127,True,True,1.430511474609375e-06
2060,56.681290399996215,0,25.689655,True,True,1.430511474609375e-06
2061,56.71004040399566,0,28.679161,True,True,1.430511474609375e-06
2062,56.73967916400579,0,29.570864,True,True,1.430511474609375e-06
2063,56.79263870300201,0,52.89818,True,True,1.430511474609375e-06
2064,56.824419051001314,0,31.622576,True,True,1.430511474609375e-06
2065,56.8548435010016,0,30.322659,True,True,1.430511474609375e-06
2066,56.879687787994044,0,24.751057,True,True,1.430511474609375e-06
2067,56.90929600399977,0,29.526723,True,True,1.430511474609375e-06
2068,56.93944466000539,0,30.062336,True,True,1.430511474609375e-06
2069,56.96431826100161,0,24.796474,True,True,1.430511474609375e-06
2070,56.99321894699824,0,28.821629,True,True,1.430511474609375e-06
2071,57.02337503099989,0,30.082052,True,True,1.430511474609375e-06
2072,57.04271354699449,0,19.273982,True,True,1.430511474609375e-06
2073,57.06091445600032,0,18.138492,True,True,1.430511474609375e-06
2074,57.08784707599261,0,26.8622,True,True,1.430511474609375e-06
2075,57.10848464000446,0,20.512959,True,True,1.430511474609375e-06
2076,57.12681093500578,0,18.245083,True,True,1.430511474609375e-06
2077,57.144880805004505,0,18.006056,True,True,1.430511474609375e-06
2078,57.16284160700161,0,17.904909,True,True,1.430511474609375e-06
2079,57.181115177998436,0,18.223671,True,True,1.430511474609375e-06
2080,57.199151947992505,0,17.966462,True,True,1.430511474609375e-06
2081,57.221987876997446,0,22.779133,True,True,1.430511474609375e-06
2082,57.24682682400453,0,24.751612,True,True,1.430511474609375e-06
2083,57.27643567099585,0,29.521457,True,True,1.430511474609375e-06
2084,57.30595180600358,0,29.436542,True,True,1.430511474609375e-06
2085,57.336096115002874,0,30.067365,True,True,1.430511474609375e-06
2086,57.36011696400237,0,23.94561,True,True,1.430511474609375e-06
2087,57.39032515100553,0,30.138681,True,True,1.430511474609375e-06
2088,57.42062176599575,0,30.229104,True,True,1.430511474609375e-06
2089,57.44460051400529,0,23.913418,True,True,1.430511474609375e-06
2090,57.47420643399528,0,29.539467,True,True,1.430511474609375e-06
2091,57.504051497991895,0,29.781924,True,True,1.430511474609375e-06
2092,57.528857961006,0,24.743546,True,True,1.430511474609375e-06
2093,57.55760791999637,0,28.685858,True,True,1.430511474609375e-06
2094,57.58773012900201,0,30.05926,True,True,1.430511474609375e-06
2095,57.61329148699588,0,25.498726,True,True,1.430511474609375e-06
2096,57.642035701996065,0,28.67807,True,True,1.430511474609375e-06
2097,57.67191738799738,0,29.818764,True,True,1.430511474609375e-06
2098,57.696844385005534,0,24.855378,True,True,1.430511474609375e-06
2099,57.725690021994524,0,28.785977,True,True,1.430511474609375e-06
2100,57.75569670900586,0,29.944158,True,True,1.430511474609375e-06
2101,57.79446723799629,0,38.709043,True,True,1.430511474609375e-06
2102,57.82503234100295,0,30.411738,True,True,1.430511474609375e-06
2103,57.85513280799205,0,30.010372,True,True,1.430511474609375e-06
2104,57.87997142500535,0,24.757629,True,True,1.430511474609375e-06
2105,57.90904413899989,0,29.00683,True,True,1.430511474609375e-06
2106,57.9385625970026,0,29.449488,True,True,1.430511474609375e-06
2107,57.96355645499716,0,24.92845,True,True,1.430511474609375e-06
2108,57.992120611001155,0,28.499669,True,True,1.430511474609375e-06
2109,58.02224473300157,0,30.055311,True,True,1.430511474609375e-06
2110,58.04123893400538,0,18.930908,True,True,1.430511474609375e-06
2111,58.059435882998514,0,18.143664,True,True,1.430511474609375e-06
2112,58.07739190700522,0,17.908,True,True,1.430511474609375e-06
2113,58.10613628299325,0,28.690396,True,True,1.430511474609375e-06
2114,58.12477662500169,0,18.518089,True,True,1.430511474609375e-06
2115,58.14284796100401,0,17.992516,True,True,1.430511474609375e-06
2116,58.16102389000298,0,18.11477,True,True,1.430511474609375e-06
2117,58.179430521006,0,18.350247,True,True,1.430511474609375e-06
2118,58.197668189997785,0,18.181136,True,True,1.430511474609375e-06
2119,58.21591192900087,0,18.142815,True,True,1.430511474609375e-06
2120,58.244663321995176,0,28.676488,True,True,1.430511474609375e-06
2121,58.274719245993765,0,29.950761,True,True,1.430511474609375e-06
2122,58.30448856999283,0,29.697891,True,True,1.430511474609375e-06
2123,58.32953772599285,0,24.96365,True,True,1.430511474609375e-06
2124,58.35833362500125,0,28.721126,True,True,1.430511474609375e-06
2125,58.38826854499348,0,29.851648,True,True,1.430511474609375e-06
2126,58.413696711999364,0,25.359798,True,True,1.430511474609375e-06
2127,58.44265980500495,0,28.895814,True,True,1.430511474609375e-06
2128,58.47289301500132,0,30.15306,True,True,1.430511474609375e-06
2129,58.5035615569941,0,30.604097,True,True,1.430511474609375e-06
2130,58.527598257001955,0,23.974081,True,True,1.430511474609375e-06
2131,58.557356838995474,0,29.698029,True,True,1.430511474609375e-06
2132,58.5873375920055,0,29.916718,True,True,1.430511474609375e-06
2133,58.612889474999974,0,25.487702,True,True,1.430511474609375e-06
2134,58.64166434499202,0,28.713559,True,True,1.430511474609375e-06
2135,58.67247233800299,0,30.738739,True,True,1.430511474609375e-06
2136,58.71351843800221,0,40.939782,True,True,1.430511474609375e-06
2137,58.74289431399666,0,29.242792,True,True,1.430511474609375e-06
2138,58.776093488995684,0,33.093148,True,True,1.430511474609375e-06
2139,58.815047666998,0,38.805593,True,True,1.430511474609375e-06
2140,58.844123324000975,0,28.938731,True,True,1.430511474609375e-06
2141,58.87469885199971,0,30.475124,True,True,1.430511474609375e-06
2142,58.90476042199589,0,29.977735,True,True,1.430511474609375e-06
2143,58.92949649700313,0,24.65266,True,True,1.430511474609375e-06
2144,58.95881031699537,0,29.235983,True,True,1.430511474609375e-06
2145,58.989042329005315,0,30.148027,True,True,1.430511474609375e-06
2146,59.01420531400072,0,25.084231,True,True,1.430511474609375e-06
2147,59.038027319998946,0,23.752884,True,True,1.430511474609375e-06
2148,59.05622309600585,0,18.134565,True,True,1.430511474609375e-06
2149,59.07447283899819,0,18.193692,True,True,1.430511474609375e-06
2150,59.10172176999913,0,27.1753,True,True,1.430511474609375e-06
2151,59.12209032199462,0,20.242377,True,True,1.430511474609375e-06
2152,59.140455265995115,0,18.283708,True,True,1.430511474609375e-06
2153,59.158762412000215,0,18.246403,True,True,1.430511474609375e-06
2154,59.17673923699476,0,17.92268,True,True,1.430511474609375e-06
2155,59.19493866999983,0,18.148764,True,True,1.430511474609375e-06
2156,59.21370051699341,0,18.702129,True,True,1.430511474609375e-06
2157,59.243042307993164,0,29.218905,True,True,1.430511474609375e-06
2158,59.27339982800186,0,30.248779,True,True,1.430511474609375e-06
2159,59.30304914500448,0,29.577191,True,True,1.430511474609375e-06
2160,59.32758945100068,0,24.462359,True,True,1.430511474609375e-06
2161,59.35830148799869,0,30.591691,True,True,1.430511474609375e-06
2162,59.38849477299664,0,30.078715,True,True,1.430511474609375e-06
2163,59.419208084000275,0,30.631223,True,True,1.430511474609375e-06
2164,59.44319651299156,0,23.917426,True,True,1.430511474609375e-06
2165,59.47341881800094,0,30.160682,True,True,1.430511474609375e-06
2166,59.50308958700043,0,29.600471,True,True,1.430511474609375e-06
2167,59.52751186800015,0,24.360234,True,True,1.430511474609375e-06
2168,59.557896414000425,0,30.320455,True,True,1.430511474609375e-06
2169,59.587551407996216,0,29.588464,True,True,1.430511474609375e-06
2170,59.612450216998695,0,24.829505,True,True,1.430511474609375e-06
2171,59.64105716699851,0,28.541709,True,True,1.430511474609375e-06
2172,59.671076319995336,0,29.956008,True,True,1.430511474609375e-06
2173,59.696466373992735,0,25.311312,True,True,1.430511474609375e-06
2174,59.72565362100431,0,29.101276,True,True,1.430511474609375e-06
2175,59.75543196800572,0,29.711346,True,True,1.430511474609375e-06
2176,59.794193879002705,0,38.694271,True,True,1.430511474609375e-06
2177,59.82583082199562,0,31.49284,True,True,1.430511474609375e-06
2178,59.85644250900077,0,30.522838,True,True,1.430511474609375e-06
2179,59.8863010549976,0,29.781395,True,True,1.430511474609375e-06
2180,59.91085993600427,0,24.491879,True,True,1.430511474609375e-06
2181,59.94096927999635,0,30.040988,True,True,1.430511474609375e-06
2182,59.97071549099928,0,29.660055,True,True,1.430511474609375e-06
2183,59.99573127599433,0,24.929518,True,True,1.430511474609375e-06
2184,60.02455367500079,1,28.754083,True,True,1.430511474609375e-06
2185,60.06594816899451,1,20.630585,True,True,1.430511474609375e-06
2186,60.08616692399664,1,20.119355,True,True,1.430511474609375e-06
2187,60.11420941799588,1,27.937919,True,True,1.430511474609375e-06
2188,60.1327235869976,1,18.406463,True,True,1.430511474609375e-06
2189,60.15107175000594,1,18.268526,True,True,1.430511474609375e-06
2190,60.169392362004146,1,18.259823,True,True,1.430511474609375e-06
2191,60.1876433849975,1,18.193687,True,True,1.430511474609375e-06
2192,60.20579583199287,1,18.085989,True,True,1.430511474609375e-06
2193,60.229789151999285,1,23.932307,True,True,1.430511474609375e-06
2194,60.258556560991565,1,28.692939,True,True,1.430511474609375e-06
2195,60.288718405005056,1,30.07834,True,True,1.430511474609375e-06
2196,60.3142038090009,1,25.400523,True,True,1.430511474609375e-06
2197,60.34335432499938,1,29.075933,True,True,1.430511474609375e-06
2198,60.388688097998966,1,45.254684,True,True,1.430511474609375e-06
2199,60.414097544999095,1,25.275469,True,True,1.430511474609375e-06
2200,60.44331687799422,1,29.122752,True,True,1.430511474609375e-06
2201,60.47275991999777,1,29.372252,True,True,1.430511474609375e-06
2202,60.49806677199376,1,25.228705,True,True,1.430511474609375e-06
2203,60.527573889005,1,29.437467,True,True,1.430511474609375e-06
2204,60.55736238199461,1,29.721044,True,True,1.430511474609375e-06
2205,60.58769780299917,1,30.261098,True,True,1.430511474609375e-06
2206,60.613602320998325,1,25.825772,True,True,1.430511474609375e-06
2207,60.642638364995946,1,28.949679,True,True,1.430511474609375e-06
2208,60.6733337110054,1,30.614104,True,True,1.430511474609375e-06
2209,60.703496643996914,1,30.09493,True,True,1.430511474609375e-06
2210,60.72763990900421,1,24.07329,True,True,1.430511474609375e-06
2211,60.75717698900553,1,29.473322,True,True,1.430511474609375e-06
2212,60.7979357860022,1,40.691488,True,True,1.430511474609375e-06
2213,60.82643679100147,1,28.35728,True,True,1.430511474609375e-06
2214,60.855923537994386,1,29.388599,True,True,1.430511474609375e-06
2215,60.88569964899216,1,29.706171,True,True,1.430511474609375e-06
2216,60.910646389005706,1,24.879125,True,True,1.430511474609375e-06
2217,60.940615006998996,1,29.898937,True,True,1.430511474609375e-06
2218,60.97050601600495,1,29.822351,True,True,1.430511474609375e-06
2219,60.996247319999384,1,25.6745,True,True,1.430511474609375e-06
2220,61.03537670399237,1,39.057532,True,True,1.430511474609375e-06
2221,61.05438663800305,1,18.856494,True,True,1.430511474609375e-06
2222,61.07296761199541,1,18.464051,True,True,1.430511474609375e-06
2223,61.10001258399279,1,26.95971,True,True,1.430511474609375e-06
2224,61.12033852399327,1,20.198044,True,True,1.430511474609375e-06
2225,61.139125168003375,1,18.706084,True,True,1.430511474609375e-06
2226,61.15767517199856,1,18.472618,True,True,1.430511474609375e-06
2227,61.17630641600408,1,18.509974,True,True,1.430511474609375e-06
2228,61.19447519599635,1,18.057031,True,True,1.430511474609375e-06
2229,61.212679557997035,1,18.124081,True,True,1.430511474609375e-06
2230,61.24242785399838,1,29.682598,True,True,1.430511474609375e-06
2231,61.2723344219994,1,29.81664,True,True,1.430511474609375e-06
2232,61.29755426599877,1,25.145834,True,True,1.430511474609375e-06
2233,61.327809091992094,1,30.173042,True,True,1.430511474609375e-06
2234,61.35761005499808,1,29.707358,True,True,1.430511474609375e-06
2235,61.38828208099585,1,30.577736,True,True,1.430511474609375e-06
2236,61.41338403399277,1,25.024989,True,True,1.430511474609375e-06
2237,61.443022784005734,1,29.571967,True,True,1.430511474609375e-06
2238,61.472815881992574,1,29.725943,True,True,1.430511474609375e-06
2239,61.497586368001066,1,24.70542,True,True,1.430511474609375e-06
2240,61.527036536994274,1,29.386254,True,True,1.430511474609375e-06
2241,61.5568369399989,1,29.729933,True,True,1.430511474609375e-06
2242,61.586735232995125,1,29.826633,True,True,1.430511474609375e-06
2243,61.61111593899841,1,24.312509,True,True,1.430511474609375e-06
2244,61.641185725005926,1,30.002376,True,True,1.430511474609375e-06
2245,61.67115274400567,1,29.897109,True,True,1.430511474609375e-06
2246,61.710944203005056,1,39.713539,True,True,1.430511474609375e-06
2247,61.740550617003464,1,29.487167,True,True,1.430511474609375e-06
2248,61.77417428299668,1,33.537542,True,True,1.430511474609375e-06
2249,61.81351452699164,1,39.197519,True,True,1.430511474609375e-06
2250,61.854522730995086,1,40.882966,True,True,1.430511474609375e-06
2251,61.87971255999582,1,25.04493,True,True,1.430511474609375e-06
2252,61.90882569800306,1,29.009951,True,True,1.430511474609375e-06
2253,61.93902036600048,1,30.098651,True,True,1.430511474609375e-06
2254,61.96907025600376,1,29.959395,True,True,1.430511474609375e-06
2255,61.99348498099425,1,24.337405,True,True,1.430511474609375e-06
2256,62.02309473899368,1,29.537438,True,True,1.430511474609375e-06
2257,62.043033388996264,1,19.864824,True,True,1.430511474609375e-06
2258,62.061203324003145,1,18.100162,True,True,1.430511474609375e-06
2259,62.07933746899653,1,18.078948,True,True,1.430511474609375e-06
2260,62.097971965995384,1,18.5837,True,True,1.430511474609375e-06
2261,62.125072801005444,1,27.022827,True,True,1.430511474609375e-06
2262,62.145816410004045,1,20.626027,True,True,1.430511474609375e-06
2263,62.16420958899835,1,18.308873,True,True,1.430511474609375e-06
2264,62.18219866800064,1,17.931323,True,True,1.430511474609375e-06
2265,62.20050122500106,1,18.247384,True,True,1.430511474609375e-06
2266,62.22345491699525,1,22.899465,True,True,1.430511474609375e-06
2267,62.25400421700033,1,30.480548,True,True,1.430511474609375e-06
2268,62.27882740199857,1,24.746612,True,True,1.430511474609375e-06
2269,62.307698415999766,1,28.809875,True,True,1.430511474609375e-06
2270,62.33807415699994,1,30.290548,True,True,1.430511474609375e-06
2271,62.3635179020057,1,25.358952,True,True,1.430511474609375e-06
2272,62.392467002995545,1,28.874877,True,True,1.430511474609375e-06
2273,62.422623001999455,1,30.091038,True,True,1.430511474609375e-06
2274,62.45221036000294,1,29.516816,True,True,1.430511474609375e-06
2275,62.47669190299348,1,24.419283,True,True,1.430511474609375e-06
2276,62.5069621779985,1,30.21196,True,True,1.430511474609375e-06
2277,62.55309997800214,1,46.071684,True,True,1.430511474609375e-06
2278,62.57759319899196,1,24.35786,True,True,1.430511474609375e-06
2279,62.60800198199286,1,30.320208,True,True,1.430511474609375e-06
2280,62.63793336600065,1,29.850297,True,True,1.430511474609375e-06
2281,62.663194063992705,1,25.186423,True,True,1.430511474609375e-06
2282,62.69278045800456,1,29.508574,True,True,1.430511474609375e-06
2283,62.72218181900098,1,29.326685,True,True,1.430511474609375e-06
2284,62.752622304004035,1,30.376736,True,True,1.430511474609375e-06
2285,62.791540278994944,1,38.849871,True,True,1.430511474609375e-06
2286,62.822981256002095,1,31.296568,True,True,1.430511474609375e-06
2287,62.85351175599499,1,30.440328,True,True,1.430511474609375e-06
2288,62.877616862999275,1,24.027418,True,True,1.430511474609375e-06
2289,62.907355524002924,1,29.675304,True,True,1.430511474609375e-06
2290,62.93821353999374,1,30.791215,True,True,1.430511474609375e-06
2291,62.9632164210052,1,24.938741,True,True,1.430511474609375e-06
2292,62.991759512005956,1,28.481279,True,True,1.430511474609375e-06
2293,63.021862601002795,1,30.030708,True,True,1.430511474609375e-06
2294,63.04103652399499,1,19.112049,True,True,1.430511474609375e-06
2295,63.05909063499712,1,17.989563,True,True,1.430511474609375e-06
2296,63.07726245299273,1,18.119601,True,True,1.430511474609375e-06
2297,63.095692096001585,1,18.37467,True,True,1.430511474609375e-06
2298,63.12259265399189,1,26.8274,True,True,1.430511474609375e-06
2299,63.14276145899203,1,20.045269,True,True,1.430511474609375e-06
2300,63.161002381995786,1,18.161225,True,True,1.430511474609375e-06
2301,63.17909500899259,1,18.033446,True,True,1.430511474609375e-06
2302,63.1973322769918,1,18.183724,True,True,1.430511474609375e-06
2303,63.21554226000444,1,18.145422,True,True,1.430511474609375e-06
2304,63.2444513310038,1,28.840434,True,True,1.430511474609375e-06
2305,63.27484164100315,1,30.310463,True,True,1.430511474609375e-06
2306,63.304865818005055,1,29.915446,True,True,1.430511474609375e-06
2307,63.329999918001704,1,25.049549,True,True,1.430511474609375e-06
2308,63.35948697099229,1,29.413048,True,True,1.430511474609375e-06
2309,63.40496940599405,1,45.418187,True,True,1.430511474609375e-06
2310,63.43022538399964,1,25.133804,True,True,1.430511474609375e-06
2311,63.45958817099745,1,29.278092,True,True,1.430511474609375e-06
2312,63.48910979900393,1,29.449537,True,True,1.430511474609375e-06
2313,63.51427946299373,1,25.104603,True,True,1.430511474609375e-06
2314,63.54352871100127,1,29.189919,True,True,1.430511474609375e-06
2315,63.57341522000206,1,29.829121,True,True,1.430511474609375e-06
2316,63.60371342499275,1,30.236045,True,True,1.430511474609375e-06
2317,63.627840353001375,1,24.068008,True,True,1.430511474609375e-06
2318,63.65769163399818,1,29.7942,True,True,1.430511474609375e-06
2319,63.6883457179938,1,30.582533,True,True,1.430511474609375e-06
2320,63.71325815899763,1,24.840022,True,True,1.430511474609375e-06
2321,63.74220701800368,1,28.888635,True,True,1.430511474609375e-06
2322,63.77552765099972,1,33.257029,True,True,1.430511474609375e-06
2323,63.81419020899921,1,38.523366,True,True,1.430511474609375e-06
2324,63.84396248799749,1,29.647992,True,True,1.430511474609375e-06
2325,63.873957357005565,1,29.912844,True,True,1.430511474609375e-06
2326,63.90380767600436,1,29.780956,True,True,1.430511474609375e-06
2327,63.929040300005,1,25.167608,True,True,1.430511474609375e-06
2328,63.9578644449939,1,28.765878,True,True,1.430511474609375e-06
2329,63.9882377259928,1,30.314286,True,True,1.430511474609375e-06
2330,64.01293453600374,1,24.632006,True,True,1.430511474609375e-06
2331,64.03719103199546,1,24.197235,True,True,1.430511474609375e-06
2332,64.05562534100318,1,18.375776,True,True,1.430511474609375e-06
2333,64.07367103500292,1,17.987934,True,True,1.430511474609375e-06
2334,64.09180018700135,1,18.066067,True,True,1.430511474609375e-06
2335,64.11973993299762,1,27.868823,True,True,1.430511474609375e-06
2336,64.13986732499325,1,20.002012,True,True,1.430511474609375e-06
2337,64.15810019000492,1,18.148999,True,True,1.430511474609375e-06
2338,64.17606553199585,1,17.902895,True,True,1.430511474609375e-06
2339,64.19412849699438,1,18.006554,True,True,1.430511474609375e-06
2340,64.21214209699247,1,17.948383,True,True,1.430511474609375e-06
2341,64.2413835299958,1,29.180594,True,True,1.430511474609375e-06
2342,64.27113349600404,1,29.658038,True,True,1.430511474609375e-06
2343,64.29654263900011,1,25.332486,True,True,1.430511474609375e-06
2344,64.32661817899498,1,29.949315,True,True,1.430511474609375e-06
2345,64.35639413699391,1,29.681588,True,True,1.430511474609375e-06
2346,64.3862519760005,1,29.782022,True,True,1.430511474609375e-06
2347,64.41103160899365,1,24.708761,True,True,1.430511474609375e-06
2348,64.44108895599493,1,29.936565,True,True,1.430511474609375e-06
2349,64.47200724200229,1,30.83599,True,True,1.430511474609375e-06
2350,64.49708504100272,1,25.01167,True,True,1.430511474609375e-06
2351,64.52640246199735,1,29.252564,True,True,1.430511474609375e-06
2352,64.55579739199311,1,29.337453,True,True,1.430511474609375e-06
2353,64.58089279900014,1,25.034433,True,True,1.430511474609375e-06
2354,64.60948439099593,1,28.524229,True,True,1.430511474609375e-06
2355,64.63967497300473,1,30.131729,True,True,1.430511474609375e-06
2356,64.675877777001,1,36.139567,True,True,1.430511474609375e-06
2357,64.70588013499219,1,29.886663,True,True,1.430511474609375e-06
2358,64.73091117100557,1,24.946232,True,True,1.430511474609375e-06
2359,64.75988241899177,1,28.898608,True,True,1.430511474609375e-06
2360,64.80578700000478,1,45.831893,True,True,1.430511474609375e-06
2361,64.83132553199539,1,25.387884,True,True,1.430511474609375e-06
2362,64.86096590899979,1,29.544864,True,True,1.430511474609375e-06
2363,64.89098215400008,1,29.926115,True,True,1.430511474609375e-06
2364,64.9207830170053,1,29.719189,True,True,1.430511474609375e-06
2365,64.94588671799283,1,25.03099,True,True,1.430511474609375e-06
2366,64.97540831599326,1,29.450619,True,True,1.430511474609375e-06
2367,65.0050117560022,1,29.534819,True,True,1.430511474609375e-06
2368,65.03783116600243,1,20.372736,True,True,1.430511474609375e-06
2369,65.05607889599924,1,18.167602,True,True,1.430511474609375e-06
2370,65.07404430099996,1,17.905405,True,True,1.430511474609375e-06
2371,65.09235341299791,1,18.255096,True,True,1.430511474609375e-06
2372,65.11048494800343,1,18.073213,True,True,1.430511474609375e-06
2373,65.13445490099548,1,23.902273,True,True,1.430511474609375e-06
2374,65.15761311000097,1,23.037241,True,True,1.430511474609375e-06
2375,65.17574323699228,1,18.052814,True,True,1.430511474609375e-06
2376,65.19380298600299,1,17.999064,True,True,1.430511474609375e-06
2377,65.21184789200197,1,17.982352,True,True,1.430511474609375e-06
2378,65.24137654399965,1,29.470811,True,True,1.430511474609375e-06
2379,65.2712232949998,1,29.756181,True,True,1.430511474609375e-06
2380,65.31156071199803,1,40.250593,True,True,1.430511474609375e-06
2381,65.34111412300263,1,29.274325,True,True,1.430511474609375e-06
2382,65.37211404599657,1,30.893867,True,True,1.430511474609375e-06
2383,65.39723426499404,1,25.041153,True,True,1.430511474609375e-06
2384,65.42617793100362,1,28.872099,True,True,1.430511474609375e-06
2385,65.45577430799312,1,29.529863,True,True,1.430511474609375e-06
2386,65.48095132499293,1,25.098243,True,True,1.430511474609375e-06
2387,65.5106141360011,1,29.600599,True,True,1.430511474609375e-06
2388,65.54054329199425,1,29.854444,True,True,1.430511474609375e-06
2389,65.57049513800303,1,29.880183,True,True,1.430511474609375e-06
2390,65.59582330500416,1,25.265437,True,True,1.430511474609375e-06
2391,65.62464828700467,1,28.764282,True,True,1.430511474609375e-06
2392,65.65447832699283,1,29.751615,True,True,1.430511474609375e-06
2393,65.67974798899377,1,25.176605,True,True,1.430511474609375e-06
2394,65.70831078400079,1,28.4913,True,True,1.430511474609375e-06
2395,65.73841505599557,1,30.031708,True,True,1.430511474609375e-06
2396,65.76310941300471,1,24.629847,True,True,1.430511474609375e-06
2397,65.80822634100332,1,45.053077,True,True,1.430511474609375e-06
2398,65.83864405700297,1,30.294707,True,True,1.430511474609375e-06
2399,65.8643110349949,1,25.581732,True,True,1.430511474609375e-06
2400,65.89317895499698,1,28.792247,True,True,1.430511474609375e-06
2401,65.92329406099452,1,30.05008,True,True,1.430511474609375e-06
2402,65.95307498899638,1,29.706867,True,True,1.430511474609375e-06
2403,65.97733033400436,1,24.17983,True,True,1.430511474609375e-06
2404,66.00738703699608,1,29.990806,True,True,1.430511474609375e-06
2405,66.03323407699645,1,25.774397,True,True,1.430511474609375e-06
2406,66.05153213000449,1,18.175247,True,True,1.430511474609375e-06
2407,66.06981528400502,1,18.207809,True,True,1.430511474609375e-06
2408,66.08787193399621,1,18.001199,True,True,1.430511474609375e-06
2409,66.10586376399442,1,17.937192,True,True,1.430511474609375e-06
2410,66.12971787400602,1,23.798098,True,True,1.430511474609375e-06
2411,66.15382373599277,1,23.9808,True,True,1.430511474609375e-06
2412,66.17222424800275,1,18.295288,True,True,1.430511474609375e-06
2413,66.19065396199585,1,18.359898,True,True,1.430511474609375e-06
2414,66.20876805800071,1,18.050948,True,True,1.430511474609375e-06
2415,66.23760008299723,1,28.774226,True,True,1.430511474609375e-06
2416,66.26262643799419,1,24.915049,True,True,1.430511474609375e-06
2417,66.29146402899642,1,28.755082,True,True,1.430511474609375e-06
2418,66.31712143200275,1,25.560932,True,True,1.430511474609375e-06
2419,66.34668104199227,1,29.472443,True,True,1.430511474609375e-06
2420,66.37611671000195,1,29.339602,True,True,1.430511474609375e-06
2421,66.40600688599807,1,29.801087,True,True,1.430511474609375e-06
2422,66.43604458999471,1,29.966409,True,True,1.430511474609375e-06
2423,66.46067823699559,1,24.556466,True,True,1.430511474609375e-06
2424,66.49076111899922,1,30.020568,True,True,1.430511474609375e-06
2425,66.52030093800568,1,29.462994,True,True,1.430511474609375e-06
2426,66.54446602800454,1,24.105104,True,True,1.430511474609375e-06
2427,66.57400997799414,1,29.478526,True,True,1.430511474609375e-06
2428,66.60366300700116,1,29.590511,True,True,1.430511474609375e-06
2429,66.62790579099965,1,24.16968,True,True,1.430511474609375e-06
2430,66.6575475790014,1,29.581137,True,True,1.430511474609375e-06
2431,66.68749543100421,1,29.871994,True,True,1.430511474609375e-06
2432,66.71118609899713,1,23.622689,True,True,1.430511474609375e-06
2433,66.74091345700435,1,29.665176,True,True,1.430511474609375e-06
2434,66.77264930699312,1,31.670742,True,True,1.430511474609375e-06
2435,66.8107180299994,1,37.901667,True,True,1.430511474609375e-06
2436,66.8407628749992,1,29.931115,True,True,1.430511474609375e-06
2437,66.87107389100129,1,30.224878,True,True,1.430511474609375e-06
2438,66.8959058689943,1,24.757916,True,True,1.430511474609375e-06
2439,66.92460541200126,1,28.631264,True,True,1.430511474609375e-06
2440,66.95469104900258,1,30.015918,True,True,1.430511474609375e-06
2441,66.99456917100179,1,39.813315,True,True,1.430511474609375e-06
2442,67.02419312400161,1,29.456083,True,True,1.430511474609375e-06
2443,67.04394416499417,1,19.658463,True,True,1.430511474609375e-06
2444,67.06186089500261,1,17.848402,True,True,1.430511474609375e-06
2445,67.07993486699706,1,18.01842,True,True,1.430511474609375e-06
2446,67.0979367520049,1,17.950657,True,True,1.430511474609375e-06
2447,67.11603361599555,1,18.039388,True,True,1.430511474609375e-06
2448,67.14336542900128,1,27.272544,True,True,1.430511474609375e-06
2449,67.16315166700224,1,19.673257,True,True,1.430511474609375e-06
2450,67.18142995100061,1,18.202832,True,True,1.430511474609375e-06
2451,67.19977977999952,1,18.289668,True,True,1.430511474609375e-06
2452,67.22279580199393,1,22.961595,True,True,1.430511474609375e-06
2453,67.25290363699605,1,30.042773,True,True,1.430511474609375e-06
2454,67.27713899499213,1,24.158581,True,True,1.430511474609375e-06
2455,67.30817012800253,1,30.969787,True,True,1.430511474609375e-06
2456,67.33787378799752,1,29.617001,True,True,1.430511474609375e-06
2457,67.36302973800048,1,25.081177,True,True,1.430511474609375e-06
2458,67.39168279600563,1,28.57173,True,True,1.430511474609375e-06
2459,67.4216952459974,1,29.943911,True,True,1.430511474609375e-06
2460,67.44739418900281,1,25.633247,True,True,1.430511474609375e-06
2461,67.47652587399352,1,29.054642,True,True,1.430511474609375e-06
2462,67.5071077629982,1,30.497458,True,True,1.430511474609375e-06
2463,67.53657645099156,1,29.396815,True,True,1.430511474609375e-06
2464,67.56093329600117,1,24.291423,True,True,1.430511474609375e-06
2465,67.59054020300391,1,29.545744,True,True,1.430511474609375e-06
2466,67.62130987099954,1,30.699274,True,True,1.430511474609375e-06
2467,67.66287432100216,1,41.497555,True,True,1.430511474609375e-06
2468,67.69233517999237,1,29.304702,True,True,1.430511474609375e-06
2469,67.72312671100372,1,30.682868,True,True,1.430511474609375e-06
2470,67.75294459800352,1,29.737332,True,True,1.430511474609375e-06
2471,67.78034267900512,1,27.321352,True,True,1.430511474609375e-06
2472,67.82457330399484,1,44.117459,True,True,1.430511474609375e-06
2473,67.8547742899973,1,30.095363,True,True,1.430511474609375e-06
2474,67.88547057899996,1,30.615781,True,True,1.430511474609375e-06
2475,67.90961685699585,1,24.076392,True,True,1.430511474609375e-06
2476,67.93962251499761,1,29.935964,True,True,1.430511474609375e-06
2477,67.96954258800542,1,29.854603,True,True,1.430511474609375e-06
2478,67.9939585539978,1,24.352421,True,True,1.430511474609375e-06
2479,68.02455659599218,1,30.533477,True,True,1.430511474609375e-06
2480,68.04382844899374,1,19.206286,True,True,1.430511474609375e-06
2481,68.06216242100345,1,18.279115,True,True,1.430511474609375e-06
2482,68.08039286399435,1,18.176508,True,True,1.430511474609375e-06
2483,68.09838413899706,1,17.936132,True,True,1.430511474609375e-06
2484,68.11644806500408,1,18.013704,True,True,1.430511474609375e-06
2485,68.13662003699574,1,20.119428,True,True,1.430511474609375e-06
2486,68.16411859200161,1,27.411299,True,True,1.430511474609375e-06
2487,68.18261783200433,1,18.398218,True,True,1.430511474609375e-06
2488,68.20095300499815,1,18.264133,True,True,1.430511474609375e-06
2489,68.22471981900162,1,23.651075,True,True,1.430511474609375e-06
2490,68.25476561499818,1,29.960521,True,True,1.430511474609375e-06
2491,68.28018064900243,1,25.342943,True,True,1.430511474609375e-06
2492,68.32480728700466,1,44.562575,True,True,1.430511474609375e-06
2493,68.35476790000394,1,29.815635,True,True,1.430511474609375e-06
2494,68.38072001100227,1,25.850968,True,True,1.430511474609375e-06
2495,68.40913958499732,1,28.337562,True,True,1.430511474609375e-06
2496,68.43923038999492,1,30.021272,True,True,1.430511474609375e-06
2497,68.46422244999849,1,24.921789,True,True,1.430511474609375e-06
2498,68.49355339999602,1,29.264846,True,True,1.430511474609375e-06
2499,68.52451696999196,1,30.885273,True,True,1.430511474609375e-06
2500,68.55452621000586,1,29.92437,True,True,1.430511474609375e-06
2501,68.58004251899547,1,25.441039,True,True,1.430511474609375e-06
2502,68.60904224999831,1,28.924124,True,True,1.430511474609375e-06
2503,68.6393725819944,1,30.203901,True,True,1.430511474609375e-06
2504,68.66535496000142,1,25.888339,True,True,1.430511474609375e-06
2505,68.69444332299463,1,28.991437,True,True,1.430511474609375e-06
2506,68.72410273000423,1,29.574963,True,True,1.430511474609375e-06
2507,68.7541556369979,1,29.975935,True,True,1.430511474609375e-06
2508,68.79319961299188,1,38.964192,True,True,1.430511474609375e-06
2509,68.8246201830043,1,31.277359,True,True,1.430511474609375e-06
2510,68.85567827700288,1,30.953327,True,True,1.430511474609375e-06
2511,68.88045777700609,1,24.703292,True,True,1.430511474609375e-06
2512,68.90966322200256,1,29.134173,True,True,1.430511474609375e-06
2513,68.93948617199203,1,29.75213,True,True,1.430511474609375e-06
2514,68.96898988400062,1,29.434734,True,True,1.430511474609375e-06
2515,68.99324369900569,1,24.189481,True,True,1.430511474609375e-06
2516,69.02331642599893,1,30.010924,True,True,1.430511474609375e-06
2517,69.04248745599762,1,19.101882,True,True,1.430511474609375e-06
2518,69.0604864199995,1,17.944756,True,True,1.430511474609375e-06
2519,69.07848679200106,1,17.946868,True,True,1.430511474609375e-06
2520,69.09649904099933,1,17.957534,True,True,1.430511474609375e-06
2521,69.11447119100194,1,17.912605,True,True,1.430511474609375e-06
2522,69.15109761299391,1,36.564133,True,True,1.430511474609375e-06
2523,69.17158488900168,1,20.334601,True,True,1.430511474609375e-06
2524,69.19014216600044,1,18.468447,True,True,1.430511474609375e-06
2525,69.20822805899661,1,18.015317,True,True,1.430511474609375e-06
2526,69.23284284399415,1,24.534906,True,True,1.430511474609375e-06
2527,69.26233182600117,1,29.360094,True,True,1.430511474609375e-06
2528,69.2917873779952,1,29.367631,True,True,1.430511474609375e-06
2529,69.32174911499897,1,29.871548,True,True,1.430511474609375e-06
2530,69.34706814399397,1,25.219726,True,True,1.430511474609375e-06
2531,69.37627245900512,1,29.076601,True,True,1.430511474609375e-06
2532,69.40640726299898,1,30.042993,True,True,1.430511474609375e-06
2533,69.43683354699169,1,30.323008,True,True,1.430511474609375e-06
2534,69.46105986900511,1,24.133756,True,True,1.430511474609375e-06
2535,69.49060615699273,1,29.477022,True,True,1.430511474609375e-06
2536,69.52050908999809,1,29.829615,True,True,1.430511474609375e-06
2537,69.5457025450014,1,25.12631,True,True,1.430511474609375e-06
2538,69.57456130199716,1,28.793458,True,True,1.430511474609375e-06
2539,69.60458958899835,1,29.958465,True,True,1.430511474609375e-06
2540,69.62923936800507,1,24.578176,True,True,1.430511474609375e-06
2541,69.65844282599573,1,29.137369,True,True,1.430511474609375e-06
2542,69.68892089399742,1,30.386584,True,True,1.430511474609375e-06
2543,69.71416870699613,1,25.171837,True,True,1.430511474609375e-06
2544,69.74329302100523,1,29.046399,True,True,1.430511474609375e-06
2545,69.77676557100494,1,33.406624,True,True,1.430511474609375e-06
2546,69.81469967399607,1,37.781373,True,True,1.430511474609375e-06
2547,69.84307620899926,1,28.23229,True,True,1.430511474609375e-06
2548,69.87283701599517,1,29.660505,True,True,1.430511474609375e-06
2549,69.89809361800144,1,25.170919,True,True,1.430511474609375e-06
2550,69.9272178139945,1,29.032758,True,True,1.430511474609375e-06
2551,69.95765996699629,1,30.356834,True,True,1.430511474609375e-06
2552,70.00309065300098,1,45.347433,True,True,1.430511474609375e-06
2553,70.05602668899519,1,18.895764,True,True,1.430511474609375e-06
2554,70.07398709299741,1,17.858375,True,True,1.430511474609375e-06
2555,70.09235380600148,1,18.29986,True,True,1.430511474609375e-06
2556,70.1103491459944,1,17.925609,True,True,1.430511474609375e-06
2557,70.12837626699184,1,17.966939,True,True,1.430511474609375e-06
2558,70.15683173599245,1,28.37816,True,True,1.430511474609375e-06
2559,70.17527164099738,1,18.311203,True,True,1.430511474609375e-06
2560,70.19342788899667,1,18.079223,True,True,1.430511474609375e-06
2561,70.21178471199528,1,18.283996,True,True,1.430511474609375e-06
2562,70.24095152399968,1,29.100904,True,True,1.430511474609375e-06
2563,70.27160426099726,1,30.544363,True,True,1.430511474609375e-06
2564,70.2966898260056,1,24.985769,True,True,1.430511474609375e-06
2565,70.32562731100188,1,28.850326,True,True,1.430511474609375e-06
2566,70.35585652799637,1,30.142989,True,True,1.430511474609375e-06
2567,70.38095659700048,1,25.020752,True,True,1.430511474609375e-06
2568,70.41008839399728,1,29.063623,True,True,1.430511474609375e-06
2569,70.43961528000364,1,29.460545,True,True,1.430511474609375e-06
2570,70.47179353899264,1,32.111882,True,True,1.430511474609375e-06
2571,70.50530804200389,1,33.396503,True,True,1.430511474609375e-06
2572,70.53083033299481,1,25.404037,True,True,1.430511474609375e-06
2573,70.55995697299659,1,29.038347,True,True,1.430511474609375e-06
2574,70.5900655459991,1,30.03394,True,True,1.430511474609375e-06
2575,70.62082703999477,1,30.682379,True,True,1.430511474609375e-06
2576,70.64568083699851,1,24.784703,True,True,1.430511474609375e-06
2577,70.67491089999385,1,29.140192,True,True,1.430511474609375e-06
2578,70.704749387005,1,29.753594,True,True,1.430511474609375e-06
2579,70.72985540700029,1,25.034872,True,True,1.430511474609375e-06
2580,70.758505100006,1,28.589605,True,True,1.430511474609375e-06
2581,70.80400617800478,1,45.438333,True,True,1.430511474609375e-06
2582,70.82932792100473,1,25.17811,True,True,1.430511474609375e-06
2583,70.858626257992,1,29.198142,True,True,1.430511474609375e-06
2584,70.88908963899303,1,30.366354,True,True,1.430511474609375e-06
2585,70.91460353399452,1,25.435919,True,True,1.430511474609375e-06
2586,70.94412829799694,1,29.443564,True,True,1.430511474609375e-06
2587,70.97408125999209,1,29.870098,True,True,1.430511474609375e-06
2588,71.00402161499369,1,29.856423,True,True,1.430511474609375e-06
2589,71.02900335300365,1,24.896422,True,True,1.430511474609375e-06
2590,71.04797787299321,1,18.849166,True,True,1.430511474609375e-06
2591,71.06626778500504,1,18.209356,True,True,1.430511474609375e-06
2592,71.08447660600359,1,18.145476,True,True,1.430511474609375e-06
2593,71.10277618200053,1,18.241896,True,True,1.430511474609375e-06
2594,71.12082375099999,1,17.989096,True,True,1.430511474609375e-06
2595,71.13934501699987,1,18.464525,True,True,1.430511474609375e-06
2596,71.16100112200365,1,21.529019,True,True,1.430511474609375e-06
2597,71.1866972669959,1,25.568185,True,True,1.430511474609375e-06
2598,71.20532552899385,1,18.537484,True,True,1.430511474609375e-06
2599,71.22923605100368,1,23.841239,True,True,1.430511474609375e-06
2600,71.25947788500343,1,30.164464,True,True,1.430511474609375e-06
2601,71.28257695000502,1,23.028457,True,True,1.430511474609375e-06
2602,71.31267632900563,1,30.035568,True,True,1.430511474609375e-06
2603,71.34258611200494,1,29.812197,True,True,1.430511474609375e-06
2604,71.36819168900547,1,25.509333,True,True,1.430511474609375e-06
2605,71.39721706099226,1,28.95726,True,True,1.430511474609375e-06
2606,71.42767673799244,1,30.388614,True,True,1.430511474609375e-06
2607,71.45272873199428,1,24.985183,True,True,1.430511474609375e-06
2608,71.4815682329936,1,28.772997,True,True,1.430511474609375e-06
2609,71.511442307994,1,29.811961,True,True,1.430511474609375e-06
2610,71.53691537800478,1,25.411368,True,True,1.430511474609375e-06
2611,71.56602224400558,1,29.042549,True,True,1.430511474609375e-06
2612,71.59642457199516,1,30.336027,True,True,1.430511474609375e-06
2613,71.62586944599752,1,29.380304,True,True,1.430511474609375e-06
2614,71.65007933499874,1,24.146631,True,True,1.430511474609375e-06
2615,71.6797186939948,1,29.560997,True,True,1.430511474609375e-06
2616,71.7094572729984,1,29.669601,True,True,1.430511474609375e-06
2617,71.73504983900057,1,25.49612,True,True,1.430511474609375e-06
2618,71.76398575099302,1,28.855375,True,True,1.430511474609375e-06
2619,71.81056221699691,1,46.477432,True,True,1.430511474609375e-06
2620,71.83608591799566,1,25.37146,True,True,1.430511474609375e-06
2621,71.86575886599894,1,29.576598,True,True,1.430511474609375e-06
2622,71.911858432999,1,46.006804,True,True,1.430511474609375e-06
2623,71.94218587499927,1,30.187976,True,True,1.430511474609375e-06
2624,71.96680711800582,1,24.530263,True,True,1.430511474609375e-06
2625,71.99641795799835,1,29.528137,True,True,1.430511474609375e-06
2626,72.02590132100158,1,29.416342,True,True,1.430511474609375e-06
2627,72.04554144300346,1,19.569624,True,True,1.430511474609375e-06
2628,72.06343975799973,1,17.841729,True,True,1.430511474609375e-06
2629,72.0815756200027,1,18.082145,True,True,1.430511474609375e-06
2630,72.09958065899264,1,17.954343,True,True,1.430511474609375e-06
2631,72.1176473319938,1,18.011979,True,True,1.430511474609375e-06
2632,72.13583467800345,1,18.12947,True,True,1.430511474609375e-06
2633,72.15661345799163,1,20.716723,True,True,1.430511474609375e-06
2634,72.1828795659967,1,26.148191,True,True,1.430511474609375e-06
2635,72.20102609100286,1,18.050439,True,True,1.430511474609375e-06
2636,72.21935986800236,1,18.259861,True,True,1.430511474609375e-06
2637,72.24868612800492,1,29.259451,True,True,1.430511474609375e-06
2638,72.27841965999687,1,29.642761,True,True,1.430511474609375e-06
2639,72.30345289999968,1,24.962083,True,True,1.430511474609375e-06
2640,72.33286239599693,1,29.344671,True,True,1.430511474609375e-06
2641,72.36283769499278,1,29.910293,True,True,1.430511474609375e-06
2642,72.39265253499616,1,29.752786,True,True,1.430511474609375e-06
2643,72.41753251200134,1,24.807145,True,True,1.430511474609375e-06
2644,72.44638716100599,1,28.789399,True,True,1.430511474609375e-06
2645,72.47634671299602,1,29.895325,True,True,1.430511474609375e-06
2646,72.50141168000118,1,25.003113,True,True,1.430511474609375e-06
2647,72.53043919999618,1,28.971518,True,True,1.430511474609375e-06
2648,72.56111398800567,1,30.615156,True,True,1.430511474609375e-06
2649,72.58632121399569,1,25.145918,True,True,1.430511474609375e-06
2650,72.61498488399957,1,28.60482,True,True,1.430511474609375e-06
2651,72.64477257299586,1,29.728692,True,True,1.430511474609375e-06
2652,72.67471950300387,1,29.885329,True,True,1.430511474609375e-06
2653,72.69910894999339,1,24.322996,True,True,1.430511474609375e-06
2654,72.72904747999564,1,29.877277,True,True,1.430511474609375e-06
2655,72.75909695999871,1,29.962761,True,True,1.430511474609375e-06
2656,72.79938618700544,1,40.215031,True,True,1.430511474609375e-06
2657,72.82940574099484,1,29.87483,True,True,1.430511474609375e-06
2658,72.86007469700417,1,30.57768,True,True,1.430511474609375e-06
2659,72.88493653699697,1,24.786926,True,True,1.430511474609375e-06
2660,72.91373905699584,1,28.735069,True,True,1.430511474609375e-06
2661,72.94409014099801,1,30.280682,True,True,1.430511474609375e-06
2662,72.96872160499333,1,24.567189,True,True,1.430511474609375e-06
2663,72.99796848199912,1,29.182563,True,True,1.430511474609375e-06
2664,73.02799381400109,1,29.964661,True,True,1.430511474609375e-06
2665,73.04700204799883,1,18.939955,True,True,1.430511474609375e-06
2666,73.06516364199342,1,18.106733,True,True,1.430511474609375e-06
2667,73.08324125700165,1,18.026794,True,True,1.430511474609375e-06
2668,73.10142805500072,1,18.126561,True,True,1.430511474609375e-06
2669,73.12001250499452,1,18.530743,True,True,1.430511474609375e-06
2670,73.13801588700153,1,17.949923,True,True,1.430511474609375e-06
2671,73.16538709000451,1,27.317931,True,True,1.430511474609375e-06
2672,73.18544180800382,1,19.934693,True,True,1.430511474609375e-06
2673,73.20394278799358,1,18.419394,True,True,1.430511474609375e-06
2674,73.22198245799518,1,17.938348,True,True,1.430511474609375e-06
2675,73.25233283000125,1,30.29228,True,True,1.430511474609375e-06
2676,73.28111314900161,1,28.706886,True,True,1.430511474609375e-06
2677,73.31104121699173,1,29.864044,True,True,1.430511474609375e-06
2678,73.33662339400325,1,25.515931,True,True,1.430511474609375e-06
2679,73.36515274499834,1,28.46401,True,True,1.430511474609375e-06
2680,73.39546318400244,1,30.244703,True,True,1.430511474609375e-06
2681,73.42515770799946,1,29.631436,True,True,1.430511474609375e-06
2682,73.44933649900486,1,24.118392,True,True,1.430511474609375e-06
2683,73.47949257900473,1,30.071913,True,True,1.430511474609375e-06
2684,73.50958985299803,1,30.026768,True,True,1.430511474609375e-06
2685,73.53493532199354,1,25.279044,True,True,1.430511474609375e-06
2686,73.56406924399198,1,29.072617,True,True,1.430511474609375e-06
2687,73.61048040399328,1,46.281208,True,True,1.430511474609375e-06
2688,73.63605452100455,1,25.425351,True,True,1.430511474609375e-06
2689,73.66462959599448,1,28.479232,True,True,1.430511474609375e-06
2690,73.69450069000595,1,29.793199,True,True,1.430511474609375e-06
2691,73.71970513599808,1,25.140404,True,True,1.430511474609375e-06
2692,73.74899714300409,1,29.226331,True,True,1.430511474609375e-06
2693,73.79427695799677,1,45.21341,True,True,1.430511474609375e-06
2694,73.82435185299255,1,29.92306,True,True,1.430511474609375e-06
2695,73.84882645499601,1,24.386528,True,True,1.430511474609375e-06
2696,73.87857879999501,1,29.672728,True,True,1.430511474609375e-06
2697,73.9086042019917,1,29.955586,True,True,1.430511474609375e-06
2698,73.93320313899312,1,24.527629,True,True,1.430511474609375e-06
2699,73.9627993269969,1,29.527954,True,True,1.430511474609375e-06
2700,73.99269064300461,1,29.804287,True,True,1.430511474609375e-06
2701,74.01793444099894,1,25.170713,True,True,1.430511474609375e-06
2702,74.04171958500228,1,23.706762,True,True,1.430511474609375e-06
2703,74.06016750099661,1,18.383927,True,True,1.430511474609375e-06
2704,74.0785240779951,1,18.299471,True,True,1.430511474609375e-06
2705,74.09658020899224,1,17.999947,True,True,1.430511474609375e-06
2706,74.11452263699903,1,17.892625,True,True,1.430511474609375e-06
2707,74.13272881699959,1,18.156959,True,True,1.430511474609375e-06
2708,74.15072142600548,1,17.94337,True,True,1.430511474609375e-06
2709,74.17123897500278,1,20.464088,True,True,1.430511474609375e-06
2710,74.19807650000439,1,26.73461,True,True,1.430511474609375e-06
2711,74.21677790100512,1,18.606416,True,True,1.430511474609375e-06
2712,74.26164514999255,1,44.757614,True,True,1.430511474609375e-06
2713,74.28636597299192,1,24.567141,True,True,1.430511474609375e-06
2714,74.31665879799402,1,30.206754,True,True,1.430511474609375e-06
2715,74.34207566500118,1,25.337491,True,True,1.430511474609375e-06
2716,74.37170072700246,1,29.48847,True,True,1.430511474609375e-06
2717,74.40134457599197,1,29.550847,True,True,1.430511474609375e-06
2718,74.43138361000456,1,29.965449,True,True,1.430511474609375e-06
2719,74.45651541900588,1,25.063338,True,True,1.430511474609375e-06
2720,74.48539836599957,1,28.820673,True,True,1.430511474609375e-06
2721,74.51522257299803,1,29.755305,True,True,1.430511474609375e-06
2722,74.54014328100311,1,24.85448,True,True,1.430511474609375e-06
2723,74.56869041499158,1,28.488729,True,True,1.430511474609375e-06
2724,74.59878171999299,1,30.022727,True,True,1.430511474609375e-06
2725,74.62418084699311,1,25.335191,True,True,1.430511474609375e-06
2726,74.65344241299317,1,29.201024,True,True,1.430511474609375e-06
2727,74.68375625199405,1,30.238075,True,True,1.430511474609375e-06
2728,74.71339810099744,1,29.574552,True,True,1.430511474609375e-06
2729,74.73763819600572,1,24.172816,True,True,1.430511474609375e-06
2730,74.77049718599301,1,32.797188,True,True,1.430511474609375e-06
2731,74.81521986299776,1,44.589195,True,True,1.430511474609375e-06
2732,74.84046035500069,1,25.108236,True,True,1.430511474609375e-06
2733,74.86983639000391,1,29.294126,True,True,1.430511474609375e-06
2734,74.91555685599451,1,45.646774,True,True,1.430511474609375e-06
2735,74.94073893499444,1,25.050578,True,True,1.430511474609375e-06
2736,74.96964446200582,1,28.822304,True,True,1.430511474609375e-06
2737,74.9996771790029,1,29.95671,True,True,1.430511474609375e-06
2738,75.02471337599854,1,24.961625,True,True,1.430511474609375e-06
2739,75.05700269399676,1,19.934157,True,True,1.430511474609375e-06
2740,75.07520238899451,1,18.119611,True,True,1.430511474609375e-06
2741,75.09344055700058,1,18.176958,True,True,1.430511474609375e-06
2742,75.11140054100542,1,17.904607,True,True,1.430511474609375e-06
2743,75.12938757799566,1,17.931957,True,True,1.430511474609375e-06
2744,75.14729625599284,1,17.858213,True,True,1.430511474609375e-06
2745,75.16524095500063,1,17.895311,True,True,1.430511474609375e-06
2746,75.19409619200451,1,28.798282,True,True,1.430511474609375e-06
2747,75.21259723100229,1,18.376686,True,True,1.430511474609375e-06
2748,75.23547656000301,1,22.798095,True,True,1.430511474609375e-06
2749,75.26579569900059,1,30.249655,True,True,1.430511474609375e-06
2750,75.2901997010049,1,24.324028,True,True,1.430511474609375e-06
2751,75.315850813,1,25.585209,True,True,1.430511474609375e-06
2752,75.34563188700122,1,29.714133,True,True,1.430511474609375e-06
2753,75.37480453700118,1,29.096106,True,True,1.430511474609375e-06
2754,75.4044657350023,1,29.595467,True,True,1.430511474609375e-06
2755,75.4295670989959,1,25.0339,True,True,1.430511474609375e-06
2756,75.45908321200113,1,29.450837,True,True,1.430511474609375e-06
2757,75.48854175399174,1,29.390492,True,True,1.430511474609375e-06
2758,75.51829048199579,1,29.683109,True,True,1.430511474609375e-06
2759,75.54262554600427,1,24.273647,True,True,1.430511474609375e-06
2760,75.57233234100568,1,29.641219,True,True,1.430511474609375e-06
2761,75.60320824399241,1,30.796891,True,True,1.430511474609375e-06
2762,75.6280514329992,1,24.747695,True,True,1.430511474609375e-06
2763,75.65714432799723,1,29.022027,True,True,1.430511474609375e-06
2764,75.68686216800415,1,29.642334,True,True,1.430511474609375e-06
2765,75.71248746200581,1,25.545979,True,True,1.430511474609375e-06
2766,75.75743598700501,1,44.860874,True,True,1.430511474609375e-06
2767,75.80351447999419,1,45.925541,True,True,1.430511474609375e-06
2768,75.8287396329979,1,25.080031,True,True,1.430511474609375e-06
2769,75.85883021900372,1,29.999733,True,True,1.430511474609375e-06
2770,75.88847108399204,1,29.552724,True,True,1.430511474609375e-06
2771,75.91384784900583,1,25.300246,True,True,1.430511474609375e-06
2772,75.94336955099425,1,29.452566,True,True,1.430511474609375e-06
2773,75.97345136399963,1,29.995035,True,True,1.430511474609375e-06
2774,76.00403357799223,1,30.499693,True,True,1.430511474609375e-06
2775,76.0286727299972,1,24.567081,True,True,1.430511474609375e-06
2776,76.04835392200039,1,19.588974,True,True,1.430511474609375e-06
2777,76.06680936399789,1,18.328079,True,True,1.430511474609375e-06
2778,76.08484781699372,1,17.960156,True,True,1.430511474609375e-06
2779,76.10302203400352,1,18.102443,True,True,1.430511474609375e-06
2780,76.12132284299878,1,18.240672,True,True,1.430511474609375e-06
2781,76.14003050500469,1,18.646083,True,True,1.430511474609375e-06
2782,76.15888427899336,1,18.77697,True,True,1.430511474609375e-06
2783,76.18615686899284,1,27.141811,True,True,1.430511474609375e-06
2784,76.20653591200244,1,20.255283,True,True,1.430511474609375e-06
2785,76.23140428899205,1,24.776582,True,True,1.430511474609375e-06
2786,76.2619166289951,1,30.415331,True,True,1.430511474609375e-06
2787,76.29096669099818,1,28.964055,True,True,1.430511474609375e-06
2788,76.32150928099873,1,30.455376,True,True,1.430511474609375e-06
2789,76.35154632000194,1,29.955182,True,True,1.430511474609375e-06
2790,76.3761798869964,1,24.535803,True,True,1.430511474609375e-06
2791,76.40649294899777,1,30.239729,True,True,1.430511474609375e-06
2792,76.4315937700012,1,25.030184,True,True,1.430511474609375e-06
2793,76.46187023300445,1,30.194952,True,True,1.430511474609375e-06
2794,76.49079698299465,1,28.858139,True,True,1.430511474609375e-06
2795,76.52086435200181,1,30.001454,True,True,1.430511474609375e-06
2796,76.54610238899477,1,25.166916,True,True,1.430511474609375e-06
2797,76.59058406099211,1,44.405075,True,True,1.430511474609375e-06
2798,76.62088061499526,1,30.161601,True,True,1.430511474609375e-06
2799,76.64681752699835,1,25.82371,True,True,1.430511474609375e-06
2800,76.67665507200581,1,29.748211,True,True,1.430511474609375e-06
2801,76.70725919200049,1,30.503169,True,True,1.430511474609375e-06
2802,76.73714751200168,1,29.806602,True,True,1.430511474609375e-06
2803,76.76213721599197,1,24.91356,True,True,1.430511474609375e-06
2804,76.80842863800353,1,46.221871,True,True,1.430511474609375e-06
2805,76.83844681100163,1,29.873626,True,True,1.430511474609375e-06
2806,76.8636981669988,1,25.156842,True,True,1.430511474609375e-06
2807,76.89342895599839,1,29.651593,True,True,1.430511474609375e-06
2808,76.92360318500141,1,30.102629,True,True,1.430511474609375e-06
2809,76.95407864599838,1,30.40506,True,True,1.430511474609375e-06
2810,76.97939687999315,1,25.252899,True,True,1.430511474609375e-06
2811,77.00887960399268,1,29.411453,True,True,1.430511474609375e-06
2812,77.0337308330054,1,24.786349,True,True,1.430511474609375e-06
2813,77.05180084200401,1,18.004861,True,True,1.430511474609375e-06
2814,77.0704031560017,1,18.545101,True,True,1.430511474609375e-06
2815,77.08846555699711,1,18.009898,True,True,1.430511474609375e-06
2816,77.10670930999913,1,18.187286,True,True,1.430511474609375e-06
2817,77.12495108699659,1,18.184245,True,True,1.430511474609375e-06
2818,77.14291561600112,1,17.913671,True,True,1.430511474609375e-06
2819,77.1609548300039,1,17.988499,True,True,1.430511474609375e-06
2820,77.18844884900318,1,27.442244,True,True,1.430511474609375e-06
2821,77.20901291299378,1,20.438206,True,True,1.430511474609375e-06
2822,77.23811473599926,1,29.01564,True,True,1.430511474609375e-06
2823,77.26396123299492,1,25.752755,True,True,1.430511474609375e-06
2824,77.29305061200284,1,29.024025,True,True,1.430511474609375e-06
2825,77.3236981480004,1,30.573596,True,True,1.430511474609375e-06
2826,77.35364020099223,1,29.873757,True,True,1.430511474609375e-06
2827,77.3792834039923,1,25.570722,True,True,1.430511474609375e-06
2828,77.40849844799959,1,29.149536,True,True,1.430511474609375e-06
2829,77.43831265799236,1,29.742714,True,True,1.430511474609375e-06
2830,77.46833439299371,1,29.955072,True,True,1.430511474609375e-06
2831,77.49330296900007,1,24.904931,True,True,1.430511474609375e-06
2832,77.52315829400322,1,29.792128,True,True,1.430511474609375e-06
2833,77.55297740599781,1,29.741923,True,True,1.430511474609375e-06
2834,77.57870377099607,1,25.661085,True,True,1.430511474609375e-06
2835,77.61930374399526,1,40.494591,True,True,1.430511474609375e-06
2836,77.64372096699663,1,24.291958,True,True,1.430511474609375e-06
2837,77.67423152799893,1,30.421763,True,True,1.430511474609375e-06
2838,77.70465828999295,1,30.342056,True,True,1.430511474609375e-06
2839,77.73008587499498,1,25.347598,True,True,1.430511474609375e-06
2840,77.75909642700572,1,28.940762,True,True,1.430511474609375e-06
2841,77.80522747000214,1,46.055725,True,True,1.430511474609375e-06
2842,77.83543015200121,1,30.061575,True,True,1.430511474609375e-06
2843,77.85990034299903,1,24.373033,True,True,1.430511474609375e-06
2844,77.89096906699706,1,30.992066,True,True,1.430511474609375e-06
2845,77.92110366700217,1,30.058514,True,True,1.430511474609375e-06
2846,77.94590637700458,1,24.733014,True,True,1.430511474609375e-06
2847,77.97495665999304,1,28.984715,True,True,1.430511474609375e-06
2848,78.00537432999408,1,30.352931,True,True,1.430511474609375e-06
2849,78.03018285699363,1,24.727161,True,True,1.430511474609375e-06
2850,78.04889941499277,1,18.650219,True,True,1.430511474609375e-06
2851,78.06682691999595,1,17.870145,True,True,1.430511474609375e-06
2852,78.08491801499622,1,18.041629,True,True,1.430511474609375e-06
2853,78.10354097399977,1,18.568046,True,True,1.430511474609375e-06
2854,78.12146107500303,1,17.866132,True,True,1.430511474609375e-06
2855,78.1397608499974,1,18.243748,True,True,1.430511474609375e-06
2856,78.15760750799382,1,17.794493,True,True,1.430511474609375e-06
2857,78.17579600799945,1,18.136458,True,True,1.430511474609375e-06
2858,78.20339957199758,1,27.539257,True,True,1.430511474609375e-06
2859,78.22972762800055,1,26.206937,True,True,1.430511474609375e-06
2860,78.25870736999786,1,28.8461,True,True,1.430511474609375e-06
2861,78.28963354000007,1,30.837827,True,True,1.430511474609375e-06
2862,78.31477208099386,1,25.051882,True,True,1.430511474609375e-06
2863,78.34401522199914,1,29.141243,True,True,1.430511474609375e-06
2864,78.37366221399861,1,29.535468,True,True,1.430511474609375e-06
2865,78.40374400299334,1,30.011457,True,True,1.430511474609375e-06
2866,78.42864450099296,1,24.822737,True,True,1.430511474609375e-06
2867,78.45789881399833,1,29.190682,True,True,1.430511474609375e-06
2868,78.4882782939967,1,30.315262,True,True,1.430511474609375e-06
2869,78.52974639899912,1,41.377308,True,True,1.430511474609375e-06
2870,78.5595348909992,1,29.656946,True,True,1.430511474609375e-06
2871,78.58972946299764,1,30.102933,True,True,1.430511474609375e-06
2872,78.62007992999861,1,30.263783,True,True,1.430511474609375e-06
2873,78.64494280099461,1,24.783605,True,True,1.430511474609375e-06
2874,78.67389543399622,1,28.877998,True,True,1.430511474609375e-06
2875,78.70558018199517,1,31.616378,True,True,1.430511474609375e-06
2876,78.73542577600165,1,29.747419,True,True,1.430511474609375e-06
2877,78.75982622700394,1,24.326495,True,True,1.430511474609375e-06
2878,78.80611886299448,1,46.2193,True,True,1.430511474609375e-06
2879,78.83634171300218,1,30.074224,True,True,1.430511474609375e-06
2880,78.86178162100259,1,25.350192,True,True,1.430511474609375e-06
2881,78.89026140299393,1,28.40625,True,True,1.430511474609375e-06
2882,78.92019282300316,1,29.858291,True,True,1.430511474609375e-06
2883,78.94533016899368,1,25.049446,True,True,1.430511474609375e-06
2884,78.97412215599616,1,28.722115,True,True,1.430511474609375e-06
2885,79.00415783999779,1,29.970155,True,True,1.430511474609375e-06
2886,79.02959646600357,1,25.36431,True,True,1.430511474609375e-06
2887,79.04791751700395,1,18.259226,True,True,1.430511474609375e-06
2888,79.06612545599637,1,18.152633,True,True,1.430511474609375e-06
2889,79.08457992400508,1,18.40461,True,True,1.430511474609375e-06
2890,79.10256806699908,1,17.926645,True,True,1.430511474609375e-06
2891,79.12052270499407,1,17.898421,True,True,1.430511474609375e-06
2892,79.13845167499676,1,17.878365,True,True,1.430511474609375e-06
2893,79.15666109599988,1,18.161258,True,True,1.430511474609375e-06
2894,79.17479088300024,1,18.080852,True,True,1.430511474609375e-06
2895,79.2020745780028,1,27.231725,True,True,1.430511474609375e-06
2896,79.22738640199532,1,25.194464,True,True,1.430511474609375e-06
2897,79.2572897909995,1,29.798822,True,True,1.430511474609375e-06
2898,79.28292471199529,1,25.506609,True,True,1.430511474609375e-06
2899,79.3125976750016,1,29.587497,True,True,1.430511474609375e-06
2900,79.34280276599748,1,30.13059,True,True,1.430511474609375e-06
2901,79.37257310800487,1,29.686801,True,True,1.430511474609375e-06
2902,79.39770375999797,1,25.006192,True,True,1.430511474609375e-06
2903,79.42648211300548,1,28.694449,True,True,1.430511474609375e-06
2904,79.45668179300264,1,30.131224,True,True,1.430511474609375e-06
2905,79.48199534899322,1,25.247733,True,True,1.430511474609375e-06
2906,79.5110966929933,1,29.040235,True,True,1.430511474609375e-06
2907,79.54113526199944,1,29.971954,True,True,1.430511474609375e-06
2908,79.56609514300362,1,24.896361,True,True,1.430511474609375e-06
2909,79.59516443799657,1,29.00909,True,True,1.430511474609375e-06
2910,79.62483875200269,1,29.612427,True,True,1.430511474609375e-06
2911,79.65439009599504,1,29.484914,True,True,1.430511474609375e-06
2912,79.6786592790013,1,24.195811,True,True,1.430511474609375e-06
2913,79.7086864199955,1,29.960012,True,True,1.430511474609375e-06
2914,79.73861751200457,1,29.858858,True,True,1.430511474609375e-06
2915,79.76295653899433,1,24.224727,True,True,1.430511474609375e-06
2916,79.80896877999476,1,45.928784,True,True,1.430511474609375e-06
2917,79.83901112599415,1,29.899442,True,True,1.430511474609375e-06
2918,79.86446924399934,1,25.36706,True,True,1.430511474609375e-06
2919,79.8934223660035,1,28.875946,True,True,1.430511474609375e-06
2920,79.9231961810001,1,29.704851,True,True,1.430511474609375e-06
2921,79.9480768450012,1,24.81387,True,True,1.430511474609375e-06
2922,79.9768074080057,1,28.662722,True,True,1.430511474609375e-06
2923,80.00682451800094,1,29.949917,True,True,1.430511474609375e-06
2924,80.03962042699277,1,20.242977,True,True,1.430511474609375e-06
2925,80.05775577000168,1,18.041995,True,True,1.430511474609375e-06
2926,80.07590859300399,1,18.083914,True,True,1.430511474609375e-06
2927,80.09424061900063,1,18.271487,True,True,1.430511474609375e-06
2928,80.11220460099867,1,17.880548,True,True,1.430511474609375e-06
2929,80.13045702499221,1,18.191976,True,True,1.430511474609375e-06
2930,80.14876333699794,1,18.242502,True,True,1.430511474609375e-06
2931,80.16679490999377,1,17.968151,True,True,1.430511474609375e-06
2932,80.20577347899962,1,38.909151,True,True,1.430511474609375e-06
2933,80.2304134619917,1,24.489518,True,True,1.430511474609375e-06
2934,80.26013366000552,1,29.62474,True,True,1.430511474609375e-06
2935,80.28365243300505,1,23.43302,True,True,1.430511474609375e-06
2936,80.31399842399696,1,30.271143,True,True,1.430511474609375e-06
2937,80.34387128699746,1,29.78795,True,True,1.430511474609375e-06
2938,80.36774322099518,1,23.794106,True,True,1.430511474609375e-06
2939,80.3978148229944,1,30.004405,True,True,1.430511474609375e-06
2940,80.42731563199777,1,29.431424,True,True,1.430511474609375e-06
2941,80.45152763699298,1,24.144139,True,True,1.430511474609375e-06
2942,80.48131259599177,1,29.722276,True,True,1.430511474609375e-06
2943,80.51130139200541,1,29.92145,True,True,1.430511474609375e-06
2944,80.53668393800035,1,25.32082,True,True,1.430511474609375e-06
2945,80.565242836994,1,28.494431,True,True,1.430511474609375e-06
2946,80.59525892099191,1,29.954579,True,True,1.430511474609375e-06
2947,80.62081454999861,1,25.442794,True,True,1.430511474609375e-06
2948,80.64993287299876,1,29.024147,True,True,1.430511474609375e-06
2949,80.68011787399882,1,30.10005,True,True,1.430511474609375e-06
2950,80.71016426799179,1,29.972298,True,True,1.430511474609375e-06
2951,80.73416775300575,1,23.937864,True,True,1.430511474609375e-06
2952,80.76428616700287,1,30.052276,True,True,1.430511474609375e-06
2953,80.80540209400351,1,41.042387,True,True,1.430511474609375e-06
2954,80.84939143199881,1,43.848984,True,True,1.430511474609375e-06
2955,80.87940191000234,1,29.877127,True,True,1.430511474609375e-06
2956,80.91002063899941,1,30.544709,True,True,1.430511474609375e-06
2957,80.9340000749944,1,23.903691,True,True,1.430511474609375e-06
2958,80.96353179299331,1,29.467117,True,True,1.430511474609375e-06
2959,80.99344498799474,1,29.845229,True,True,1.430511474609375e-06
2960,81.0180718460033,1,24.559365,True,True,1.430511474609375e-06
2961,81.04358943199622,1,25.408212,True,True,1.430511474609375e-06
2962,81.06193391699344,1,18.250645,True,True,1.430511474609375e-06
2963,81.07997397199506,1,17.969298,True,True,1.430511474609375e-06
2964,81.09793280999293,1,17.897677,True,True,1.430511474609375e-06
2965,81.11628567699518,1,18.297318,True,True,1.430511474609375e-06
2966,81.13466041900392,1,18.319214,True,True,1.430511474609375e-06
2967,81.15298222200363,1,18.228112,True,True,1.430511474609375e-06
2968,81.17163984599756,1,18.559717,True,True,1.430511474609375e-06
2969,81.1896373500058,1,17.922195,True,True,1.430511474609375e-06
2970,81.21092128299642,1,21.216256,True,True,1.430511474609375e-06
2971,81.2482547039981,1,37.252261,True,True,1.430511474609375e-06
2972,81.27820571599295,1,29.821964,True,True,1.430511474609375e-06
2973,81.30431657600275,1,26.016934,True,True,1.430511474609375e-06
2974,81.33357937399705,1,29.161537,True,True,1.430511474609375e-06
2975,81.3636223749927,1,29.935438,True,True,1.430511474609375e-06
2976,81.38930530200014,1,25.585469,True,True,1.430511474609375e-06
2977,81.41838344599819,1,28.991437,True,True,1.430511474609375e-06
2978,81.44819812799687,1,29.741287,True,True,1.430511474609375e-06
2979,81.47812565199274,1,29.859247,True,True,1.430511474609375e-06
2980,81.5182132159971,1,40.020706,True,True,1.430511474609375e-06
2981,81.54878087100224,1,30.440333,True,True,1.430511474609375e-06
2982,81.57846521299507,1,29.596115,True,True,1.430511474609375e-06
2983,81.60259286800283,1,24.042728,True,True,1.430511474609375e-06
2984,81.63268157700077,1,30.016053,True,True,1.430511474609375e-06
2985,81.66244618399651,1,29.692632,True,True,1.430511474609375e-06
2986,81.68740259899641,1,24.875081,True,True,1.430511474609375e-06
2987,81.71655427299265,1,29.084337,True,True,1.430511474609375e-06
2988,81.74617570999544,1,29.556423,True,True,1.430511474609375e-06
2989,81.78464834300394,1,38.401761,True,True,1.430511474609375e-06
2990,81.8167279670015,1,31.926339,True,True,1.430511474609375e-06
2991,81.84651334700175,1,29.690138,True,True,1.430511474609375e-06
2992,81.87191862199688,1,25.328409,True,True,1.430511474609375e-06
2993,81.9014083709917,1,29.414091,True,True,1.430511474609375e-06
2994,81.93096059300296,1,29.473478,True,True,1.430511474609375e-06
2995,81.96074947599845,1,29.71677,True,True,1.430511474609375e-06
2996,81.98534921099781,1,24.531256,True,True,1.430511474609375e-06
2997,82.01531212299597,1,29.894263,True,True,1.430511474609375e-06
2998,82.04057499799819,1,25.182244,True,True,1.430511474609375e-06
2999,82.05855210199661,1,17.91052,True,True,1.430511474609375e-06
3000,82.07654241500131,1,17.934669,True,True,1.430511474609375e-06
3001,82.09483571199235,1,18.244422,True,True,1.430511474609375e-06
3002,82.11291106899444,1,18.018813,True,True,1.430511474609375e-06
3003,82.1313123699947,1,18.351675,True,True,1.430511474609375e-06
3004,82.14933336099784,1,17.963866,True,True,1.430511474609375e-06
3005,82.16736433400365,1,17.97778,True,True,1.430511474609375e-06
3006,82.185467703006,1,18.055829,True,True,1.430511474609375e-06
3007,82.20669931199518,1,21.180883,True,True,1.430511474609375e-06
3008,82.23856673200498,1,31.7387,True,True,1.430511474609375e-06
3009,82.2736968419922,1,35.016972,True,True,1.430511474609375e-06
3010,82.29886684899975,1,25.04709,True,True,1.430511474609375e-06
3011,82.3278412130021,1,28.888633,True,True,1.430511474609375e-06
3012,82.37342111799808,1,45.465124,True,True,1.430511474609375e-06
3013,82.39885874299216,1,25.312113,True,True,1.430511474609375e-06
3014,82.42772126999625,1,28.776723,True,True,1.430511474609375e-06
3015,82.45772439899156,1,29.920808,True,True,1.430511474609375e-06
3016,82.48306355599198,1,25.264725,True,True,1.430511474609375e-06
3017,82.51236050599255,1,29.223625,True,True,1.430511474609375e-06
3018,82.54209121799795,1,29.658952,True,True,1.430511474609375e-06
3019,82.57203390299401,1,29.875922,True,True,1.430511474609375e-06
3020,82.5966789709928,1,24.578578,True,True,1.430511474609375e-06
3021,82.62690040700545,1,30.155396,True,True,1.430511474609375e-06
3022,82.66060026800551,1,33.632174,True,True,1.430511474609375e-06
3023,82.69416162700509,1,33.431426,True,True,1.430511474609375e-06
3024,82.724389185998,1,30.126827,True,True,1.430511474609375e-06
3025,82.75012739299564,1,25.658392,True,True,1.430511474609375e-06
3026,82.79449216999637,1,44.290096,True,True,1.430511474609375e-06
3027,82.82470007899974,1,30.066281,True,True,1.430511474609375e-06
3028,82.8551132529974,1,30.323417,True,True,1.430511474609375e-06
3029,82.87912653500098,1,23.937235,True,True,1.430511474609375e-06
3030,82.90948783999193,1,30.294589,True,True,1.430511474609375e-06
3031,82.93929444800597,1,29.733413,True,True,1.430511474609375e-06
3032,82.9634966589947,1,24.134688,True,True,1.430511474609375e-06
3033,82.99337594999815,1,29.815022,True,True,1.430511474609375e-06
3034,83.02329597399512,1,29.854729,True,True,1.430511474609375e-06
3035,83.04257530999894,1,19.198778,True,True,1.430511474609375e-06
3036,83.0612641589978,1,18.618399,True,True,1.430511474609375e-06
3037,83.07984368299367,1,18.461084,True,True,1.430511474609375e-06
3038,83.0981367630011,1,18.190432,True,True,1.430511474609375e-06
3039,83.11649432699778,1,18.265052,True,True,1.430511474609375e-06
3040,83.1346618289972,1,18.087302,True,True,1.430511474609375e-06
3041,83.15279840699804,1,18.046664,True,True,1.430511474609375e-06
3042,83.1786418499978,1,25.766326,True,True,1.430511474609375e-06
3043,83.20021414400253,1,21.471891,True,True,1.430511474609375e-06
3044,83.23450745099399,1,34.152995,True,True,1.430511474609375e-06
3045,83.26410439300525,1,29.455318,True,True,1.430511474609375e-06
3046,83.28912040000432,1,24.872614,True,True,1.430511474609375e-06
3047,83.31811195799673,1,28.89669,True,True,1.430511474609375e-06
3048,83.34831218099862,1,30.112956,True,True,1.430511474609375e-06
3049,83.37837598999613,1,29.95644,True,True,1.430511474609375e-06
3050,83.40267781900184,1,24.222534,True,True,1.430511474609375e-06
3051,83.432951847004,1,30.198333,True,True,1.430511474609375e-06
3052,83.462647088003,1,29.620581,True,True,1.430511474609375e-06
3053,83.4876551549969,1,24.917404,True,True,1.430511474609375e-06
3054,83.51683355799469,1,29.106822,True,True,1.430511474609375e-06
3055,83.54654420100269,1,29.641281,True,True,1.430511474609375e-06
3056,83.57168704799551,1,25.075786,True,True,1.430511474609375e-06
3057,83.60113685000397,1,29.385254,True,True,1.430511474609375e-06
3058,83.63068858499173,1,29.486472,True,True,1.430511474609375e-06
3059,83.66107411000121,1,30.317314,True,True,1.430511474609375e-06
3060,83.68505720200483,1,23.900541,True,True,1.430511474609375e-06
3061,83.71483413300302,1,29.713535,True,True,1.430511474609375e-06
3062,83.7449729499931,1,30.067636,True,True,1.430511474609375e-06
3063,83.77350871299859,1,28.436269,True,True,1.430511474609375e-06
3064,83.81665166499442,1,43.02253,True,True,1.430511474609375e-06
3065,83.84676584599947,1,29.973304,True,True,1.430511474609375e-06
3066,83.87245081500441,1,25.594142,True,True,1.430511474609375e-06
3067,83.90138292299525,1,28.850263,True,True,1.430511474609375e-06
3068,83.93150085699745,1,30.044933,True,True,1.430511474609375e-06
3069,83.96113990199228,1,29.56857,True,True,1.430511474609375e-06
3070,83.98519901100371,1,23.99195,True,True,1.430511474609375e-06
3071,84.01519335400371,1,29.93031,True,True,1.430511474609375e-06
3072,84.0402419759921,1,24.984703,True,True,1.430511474609375e-06
3073,84.05867708000005,1,18.373841,True,True,1.430511474609375e-06
3074,84.07669687499583,1,17.963547,True,True,1.430511474609375e-06
3075,84.09485082200263,1,18.101735,True,True,1.430511474609375e-06
3076,84.11290691599424,1,17.997711,True,True,1.430511474609375e-06
3077,84.13086847600061,1,17.904577,True,True,1.430511474609375e-06
3078,84.14899487199727,1,18.059839,True,True,1.430511474609375e-06
3079,84.16700782500266,1,17.952825,True,True,1.430511474609375e-06
3080,84.18552651599748,1,18.463462,True,True,1.430511474609375e-06
3081,84.20368304499425,1,18.101746,True,True,1.430511474609375e-06
3082,84.22508422400279,1,21.327878,True,True,1.430511474609375e-06
3083,84.26791235299606,1,42.692679,True,True,1.430511474609375e-06
3084,84.29726291699626,1,29.205593,True,True,1.430511474609375e-06
3085,84.32775041100103,1,30.354005,True,True,1.430511474609375e-06
3086,84.35823897199589,1,30.392866,True,True,1.430511474609375e-06
3087,84.38314085500315,1,24.81344,True,True,1.430511474609375e-06
3088,84.41247352599748,1,29.261923,True,True,1.430511474609375e-06
3089,84.44326786199235,1,30.705474,True,True,1.430511474609375e-06
3090,84.47309714999574,1,29.710918,True,True,1.430511474609375e-06
3091,84.49760229799722,1,24.423372,True,True,1.430511474609375e-06
3092,84.52732276800089,1,29.643865,True,True,1.430511474609375e-06
3093,84.55808532499941,1,30.675309,True,True,1.430511474609375e-06
3094,84.5828774410038,1,24.721706,True,True,1.430511474609375e-06
3095,84.61155726699508,1,28.611995,True,True,1.430511474609375e-06
3096,84.64211426000111,1,30.488199,True,True,1.430511474609375e-06
3097,84.66691716699279,1,24.733682,True,True,1.430511474609375e-06
3098,84.69609472299635,1,29.112463,True,True,1.430511474609375e-06
3099,84.72570330799499,1,29.547426,True,True,1.430511474609375e-06
3100,84.75093158199161,1,25.162502,True,True,1.430511474609375e-06
3101,84.79547312499199,1,44.474908,True,True,1.430511474609375e-06
3102,84.82561679999344,1,30.000567,True,True,1.430511474609375e-06
3103,84.85619407499325,1,30.483362,True,True,1.430511474609375e-06
3104,84.88025546699646,1,23.983686,True,True,1.430511474609375e-06
3105,84.91093081400322,1,30.6069,True,True,1.430511474609375e-06
3106,84.94074446699233,1,29.746125,True,True,1.430511474609375e-06
3107,84.96574399300152,1,24.931398,True,True,1.430511474609375e-06
3108,84.99444555399532,1,28.64202,True,True,1.430511474609375e-06
3109,85.0245117279992,1,29.985108,True,True,1.430511474609375e-06
3110,85.04897161100234,1,19.957694,True,True,1.430511474609375e-06
3111,85.06714943499537,1,18.094878,True,True,1.430511474609375e-06
3112,85.08517739600211,1,17.960892,True,True,1.430511474609375e-06
3113,85.11351576699235,1,28.268695,True,True,1.430511474609375e-06
3114,85.13200133599457,1,18.383447,True,True,1.430511474609375e-06
3115,85.15044550900348,1,18.365068,True,True,1.430511474609375e-06
3116,85.1687691709958,1,18.25471,True,True,1.430511474609375e-06
3117,85.18704896200506,1,18.219947,True,True,1.430511474609375e-06
3118,85.20528765500057,1,18.176183,True,True,1.430511474609375e-06
3119,85.24438015300257,1,39.019826,True,True,1.430511474609375e-06
3120,85.27477380099299,1,30.24855,True,True,1.430511474609375e-06
3121,85.29974884299736,1,24.88149,True,True,1.430511474609375e-06
3122,85.32872833800502,1,28.899663,True,True,1.430511474609375e-06
3123,85.35884766599338,1,30.031874,True,True,1.430511474609375e-06
3124,85.38357134799298,1,24.645535,True,True,1.430511474609375e-06
3125,85.4129675150034,1,29.327822,True,True,1.430511474609375e-06
3126,85.4431793709955,1,30.152813,True,True,1.430511474609375e-06
3127,85.46813341400411,1,24.891287,True,True,1.430511474609375e-06
3128,85.49750722899626,1,29.317713,True,True,1.430511474609375e-06
3129,85.527284907992,1,29.706485,True,True,1.430511474609375e-06
3130,85.55745444800414,1,30.082081,True,True,1.430511474609375e-06
3131,85.58264224599407,1,25.097057,True,True,1.430511474609375e-06
3132,85.61168595000345,1,28.951016,True,True,1.430511474609375e-06
3133,85.64146958600031,1,29.704278,True,True,1.430511474609375e-06
3134,85.66680188999453,1,25.249439,True,True,1.430511474609375e-06
3135,85.6954798509978,1,28.589236,True,True,1.430511474609375e-06
3136,85.72555169899715,1,29.994338,True,True,1.430511474609375e-06
3137,85.75133836800524,1,25.708054,True,True,1.430511474609375e-06
3138,85.79578568399302,1,44.364914,True,True,1.430511474609375e-06
3139,85.82597387899295,1,30.044624,True,True,1.430511474609375e-06
3140,85.85675759399601,1,30.691878,True,True,1.430511474609375e-06
3141,85.88080905099923,1,23.976,True,True,1.430511474609375e-06
3142,85.91114723999635,1,30.270102,True,True,1.430511474609375e-06
3143,85.9409984840022,1,29.780541,True,True,1.430511474609375e-06
3144,85.96630786699825,1,25.237723,True,True,1.430511474609375e-06
3145,85.9951464219921,1,28.778523,True,True,1.430511474609375e-06
3146,86.0259984889999,1,30.785181,True,True,1.430511474609375e-06
3147,86.04526499500207,1,19.199563,True,True,1.430511474609375e-06
3148,86.0637564589997,1,18.371975,True,True,1.430511474609375e-06
3149,86.08183370399638,1,17.99907,True,True,1.430511474609375e-06
3150,86.09993274399312,1,18.043805,True,True,1.430511474609375e-06
3151,86.1181663939933,1,18.16832,True,True,1.430511474609375e-06
3152,86.13613692299987,1,17.911581,True,True,1.430511474609375e-06
3153,86.15430354399723,1,18.108125,True,True,1.430511474609375e-06
3154,86.17254713800503,1,18.147564,True,True,1.430511474609375e-06
3155,86.19074788999569,1,18.097672,True,True,1.430511474609375e-06
3156,86.20864948700182,1,17.830166,True,True,1.430511474609375e-06
3157,86.24867445300333,1,39.951756,True,True,1.430511474609375e-06
3158,86.27890505899268,1,30.081045,True,True,1.430511474609375e-06
3159,86.30800939099572,1,29.015185,True,True,1.430511474609375e-06
3160,86.33871444400575,1,30.628951,True,True,1.430511474609375e-06
3161,86.36901823899825,1,30.219341,True,True,1.430511474609375e-06
3162,86.39386825700058,1,24.779962,True,True,1.430511474609375e-06
3163,86.42268704599701,1,28.751026,True,True,1.430511474609375e-06
3164,86.45275907499308,1,29.998587,True,True,1.430511474609375e-06
3165,86.47730480899918,1,24.477888,True,True,1.430511474609375e-06
3166,86.50638040200283,1,29.011374,True,True,1.430511474609375e-06
3167,86.53619134800101,1,29.741865,True,True,1.430511474609375e-06
3168,86.56109204499808,1,24.838841,True,True,1.430511474609375e-06
3169,86.5897595139977,1,28.605095,True,True,1.430511474609375e-06
3170,86.61989322199952,1,30.069098,True,True,1.430511474609375e-06
3171,86.64551505900454,1,25.558831,True,True,1.430511474609375e-06
3172,86.67457483800536,1,28.974925,True,True,1.430511474609375e-06
3173,86.7041777150007,1,29.528334,True,True,1.430511474609375e-06
3174,86.73403176400461,1,29.786988,True,True,1.430511474609375e-06
3175,86.7585904890002,1,24.495449,True,True,1.430511474609375e-06
3176,86.81952478300082,1,60.869886,True,True,1.430511474609375e-06
3177,86.84468749399821,1,25.008376,True,True,1.430511474609375e-06
3178,86.8737719579949,1,28.994603,True,True,1.430511474609375e-06
3179,86.90379183700134,1,29.942923,True,True,1.430511474609375e-06
3180,86.92885740900238,1,24.996363,True,True,1.430511474609375e-06
3181,86.95727630700276,1,28.350449,True,True,1.430511474609375e-06
3182,86.98738292200142,1,30.047415,True,True,1.430511474609375e-06
3183,87.0120706029993,1,24.626148,True,True,1.430511474609375e-06
3184,87.04082475899486,1,28.690172,True,True,1.430511474609375e-06
3185,87.05985608699848,1,18.965097,True,True,1.430511474609375e-06
3186,87.07786067099369,1,17.945765,True,True,1.430511474609375e-06
3187,87.0960212469945,1,18.10782,True,True,1.430511474609375e-06
3188,87.11431112600258,1,18.212299,True,True,1.430511474609375e-06
3189,87.13242194399936,1,18.047059,True,True,1.430511474609375e-06
3190,87.15074501799245,1,18.263388,True,True,1.430511474609375e-06
3191,87.16898324199428,1,18.178566,True,True,1.430511474609375e-06
3192,87.18686379700375,1,17.828451,True,True,1.430511474609375e-06
3193,87.20496863299923,1,18.047609,True,True,1.430511474609375e-06
3194,87.22311830800027,1,18.09826,True,True,1.430511474609375e-06
3195,87.26836433200515,1,45.179431,True,True,1.430511474609375e-06
3196,87.29835440899478,1,29.84254,True,True,1.430511474609375e-06
3197,87.3236766189948,1,25.221346,True,True,1.430511474609375e-06
3198,87.35251149500255,1,28.748154,True,True,1.430511474609375e-06
3199,87.3824436129944,1,29.849693,True,True,1.430511474609375e-06
3200,87.4120788690052,1,29.560836,True,True,1.430511474609375e-06
3201,87.45156347600278,1,39.415751,True,True,1.430511474609375e-06
3202,87.4814613089984,1,29.771869,True,True,1.430511474609375e-06
3203,87.511840777006,1,30.29212,True,True,1.430511474609375e-06
3204,87.53564361399913,1,23.727964,True,True,1.430511474609375e-06
3205,87.5665546579985,1,30.828825,True,True,1.430511474609375e-06
3206,87.59658383499482,1,29.960883,True,True,1.430511474609375e-06
3207,87.6214540630026,1,24.803722,True,True,1.430511474609375e-06
3208,87.65003235300537,1,28.51258,True,True,1.430511474609375e-06
3209,87.6804382870032,1,30.307254,True,True,1.430511474609375e-06
3210,87.70576543999778,1,25.248929,True,True,1.430511474609375e-06
3211,87.7349228450039,1,29.091694,True,True,1.430511474609375e-06
3212,87.76488591100497,1,29.879401,True,True,1.430511474609375e-06
3213,87.80661586200586,1,41.645549,True,True,1.430511474609375e-06
3214,87.83502156799659,1,28.243475,True,True,1.430511474609375e-06
3215,87.86474476500007,1,29.632302,True,True,1.430511474609375e-06
3216,87.89006380000501,1,25.241456,True,True,1.430511474609375e-06
3217,87.91920103099255,1,29.060917,True,True,1.430511474609375e-06
3218,87.94928624300519,1,30.018786,True,True,1.430511474609375e-06
3219,87.97934327500116,1,29.990525,True,True,1.430511474609375e-06
3220,88.00467613599903,1,25.268746,True,True,1.430511474609375e-06
3221,88.03346490699914,1,28.728505,True,True,1.430511474609375e-06
3222,88.05270893299894,1,19.173919,True,True,1.430511474609375e-06
3223,88.07076825099648,1,17.999444,True,True,1.430511474609375e-06
3224,88.08881661499618,1,17.995588,True,True,1.430511474609375e-06
3225,88.11656586099707,1,27.688673,True,True,1.430511474609375e-06
3226,88.13511270200252,1,18.447212,True,True,1.430511474609375e-06
3227,88.15346956500434,1,18.289074,True,True,1.430511474609375e-06
3228,88.17151513599674,1,17.980994,True,True,1.430511474609375e-06
3229,88.18953029399563,1,17.963186,True,True,1.430511474609375e-06
3230,88.20793807000155,1,18.355503,True,True,1.430511474609375e-06
3231,88.22593650600174,1,17.937196,True,True,1.430511474609375e-06
3232,88.27237020799657,1,46.333035,True,True,1.430511474609375e-06
3233,88.30172346399922,1,29.200062,True,True,1.430511474609375e-06
3234,88.33265444400604,1,30.837549,True,True,1.430511474609375e-06
3235,88.36265096899297,1,29.915418,True,True,1.430511474609375e-06
3236,88.38770870000008,1,24.987277,True,True,1.430511474609375e-06
3237,88.41732242700527,1,29.550826,True,True,1.430511474609375e-06
3238,88.44698589699692,1,29.599129,True,True,1.430511474609375e-06
3239,88.47193404300197,1,24.877092,True,True,1.430511474609375e-06
3240,88.5003857069969,1,28.389788,True,True,1.430511474609375e-06
3241,88.5305287999945,1,30.073637,True,True,1.430511474609375e-06
3242,88.55576147300599,1,25.172275,True,True,1.430511474609375e-06
3243,88.58472402200277,1,28.900351,True,True,1.430511474609375e-06
3244,88.61518699399312,1,30.396512,True,True,1.430511474609375e-06
3245,88.64017903000058,1,24.930011,True,True,1.430511474609375e-06
3246,88.66914611399989,1,28.900005,True,True,1.430511474609375e-06
3247,88.69932319800137,1,30.113174,True,True,1.430511474609375e-06
3248,88.72908482899948,1,29.704127,True,True,1.430511474609375e-06
3249,88.75330394400225,1,24.14735,True,True,1.430511474609375e-06
3250,88.79928120899422,1,45.915163,True,True,1.430511474609375e-06
3251,88.82954017499287,1,30.111545,True,True,1.430511474609375e-06
3252,88.85470780999458,1,25.080758,True,True,1.430511474609375e-06
3253,88.88357139799336,1,28.795182,True,True,1.430511474609375e-06
3254,88.91289069299819,1,29.263299,True,True,1.430511474609375e-06
3255,88.95271166300518,1,39.751949,True,True,1.430511474609375e-06
3256,88.98319164299755,1,30.3573,True,True,1.430511474609375e-06
3257,89.0128324630059,1,29.544614,True,True,1.430511474609375e-06
3258,89.03805387999455,1,25.137291,True,True,1.430511474609375e-06
3259,89.05622295899957,1,18.087209,True,True,1.430511474609375e-06
3260,89.0742448779929,1,17.956696,True,True,1.430511474609375e-06
3261,89.09257036200142,1,18.268049,True,True,1.430511474609375e-06
3262,89.11068848999275,1,18.056639,True,True,1.430511474609375e-06
3263,89.12875555400387,1,18.006327,True,True,1.430511474609375e-06
3264,89.14669318200322,1,17.879808,True,True,1.430511474609375e-06
3265,89.16462337100529,1,17.867813,True,True,1.430511474609375e-06
3266,89.18258019100176,1,17.896679,True,True,1.430511474609375e-06
3267,89.20069821400102,1,18.064658,True,True,1.430511474609375e-06
3268,89.21879134599294,1,18.029235,True,True,1.430511474609375e-06
3269,89.26439990299696,1,45.545861,True,True,1.430511474609375e-06
3270,89.29503621500044,1,30.486997,True,True,1.430511474609375e-06
3271,89.32516294899688,1,30.011153,True,True,1.430511474609375e-06
3272,89.35037939100584,1,25.126378,True,True,1.430511474609375e-06
3273,89.38035850500455,1,29.878684,True,True,1.430511474609375e-06
3274,89.41033509800036,1,29.852369,True,True,1.430511474609375e-06
3275,89.44032449199585,1,29.908431,True,True,1.430511474609375e-06
3276,89.46475663800084,1,24.363213,True,True,1.430511474609375e-06
3277,89.49438031000318,1,29.560651,True,True,1.430511474609375e-06
3278,89.52493213200069,1,30.487008,True,True,1.430511474609375e-06
3279,89.54980184200394,1,24.809208,True,True,1.430511474609375e-06
3280,89.57919302300434,1,29.330174,True,True,1.430511474609375e-06
3281,89.60860636299185,1,29.351307,True,True,1.430511474609375e-06
3282,89.63372805299878,1,25.051957,True,True,1.430511474609375e-06
3283,89.6630770789925,1,29.279694,True,True,1.430511474609375e-06
3284,89.69302763599262,1,29.869933,True,True,1.430511474609375e-06
3285,89.71777616599866,1,24.68097,True,True,1.430511474609375e-06
3286,89.74685036600567,1,29.003688,True,True,1.430511474609375e-06
3287,89.80193746399891,1,55.022921,True,True,1.430511474609375e-06
3288,89.83011638499738,1,28.021051,True,True,1.430511474609375e-06
3289,89.86073296000541,1,30.527595,True,True,1.430511474609375e-06
3290,89.89050765600405,1,29.698672,True,True,1.430511474609375e-06
3291,89.91469656900153,1,24.123819,True,True,1.430511474609375e-06
3292,89.94500038100523,1,30.222454,True,True,1.430511474609375e-06
3293,89.97504400499747,1,29.967161,True,True,1.430511474609375e-06
3294,90.00051936300588,1,25.404018,True,True,1.430511474609375e-06
3295,90.03810896800132,1,25.216795,True,True,1.430511474609375e-06
3296,90.05642948999594,1,18.221837,True,True,1.430511474609375e-06
3297,90.07468874400365,1,18.191469,True,True,1.430511474609375e-06
3298,90.09290379499726,1,18.159181,True,True,1.430511474609375e-06
3299,90.11145320799551,1,18.483484,True,True,1.430511474609375e-06
3300,90.12941146400408,1,17.897363,True,True,1.430511474609375e-06
3301,90.14753527799621,1,18.062457,True,True,1.430511474609375e-06
3302,90.16596502999892,1,18.372279,True,True,1.430511474609375e-06
3303,90.18387254400295,1,17.849581,True,True,1.430511474609375e-06
3304,90.20200231099443,1,18.06627,True,True,1.430511474609375e-06
3305,90.21995157499623,1,17.890459,True,True,1.430511474609375e-06
3306,90.25019180899835,1,30.16305,True,True,1.430511474609375e-06
3307,90.29576188500505,1,45.465201,True,True,1.430511474609375e-06
3308,90.32515382800193,1,29.255062,True,True,1.430511474609375e-06
3309,90.35572608199436,1,30.474576,True,True,1.430511474609375e-06
3310,90.38064560999919,1,24.834796,True,True,1.430511474609375e-06
3311,90.40990628799773,1,29.185952,True,True,1.430511474609375e-06
3312,90.43994640700112,1,29.973128,True,True,1.430511474609375e-06
3313,90.46491794199392,1,24.908532,True,True,1.430511474609375e-06
3314,90.49331304999941,1,28.331539,True,True,1.430511474609375e-06
3315,90.52381634499761,1,30.441063,True,True,1.430511474609375e-06
3316,90.55382025199651,1,29.925079,True,True,1.430511474609375e-06
3317,90.57907592400443,1,25.163248,True,True,1.430511474609375e-06
3318,90.60953561299539,1,30.382846,True,True,1.430511474609375e-06
3319,90.63985051600321,1,30.207002,True,True,1.430511474609375e-06
3320,90.67034078699362,1,30.411765,True,True,1.430511474609375e-06
3321,90.69569929200225,1,25.286741,True,True,1.430511474609375e-06
3322,90.72457595099695,1,28.810389,True,True,1.430511474609375e-06
3323,90.75472178400378,1,30.077578,True,True,1.430511474609375e-06
3324,90.79345930699492,1,38.6718,True,True,1.430511474609375e-06
3325,90.82476756899268,1,31.166002,True,True,1.430511474609375e-06
3326,90.8552162059932,1,30.3547,True,True,1.430511474609375e-06
3327,90.88561702700099,1,30.320281,True,True,1.430511474609375e-06
3328,90.91024638900126,1,24.556598,True,True,1.430511474609375e-06
3329,90.94003669399535,1,29.72138,True,True,1.430511474609375e-06
3330,90.96994715700566,1,29.847983,True,True,1.430511474609375e-06
3331,90.99571864699828,1,25.708321,True,True,1.430511474609375e-06
3332,91.02471528599563,1,28.932336,True,True,1.430511474609375e-06
3333,91.04443385699415,1,19.583819,True,True,1.430511474609375e-06
3334,91.062948382998,1,18.435619,True,True,1.430511474609375e-06
3335,91.08096561700222,1,17.958036,True,True,1.430511474609375e-06
3336,91.09956321999198,1,18.532355,True,True,1.430511474609375e-06
3337,91.11778543899709,1,18.160339,True,True,1.430511474609375e-06
3338,91.1362717459997,1,18.421651,True,True,1.430511474609375e-06
3339,91.1545676849928,1,18.167229,True,True,1.430511474609375e-06
3340,91.17269716599549,1,18.045011,True,True,1.430511474609375e-06
3341,91.1907725869969,1,18.019812,True,True,1.430511474609375e-06
3342,91.20945075400232,1,18.621061,True,True,1.430511474609375e-06
3343,91.23837399399781,1,28.859467,True,True,1.430511474609375e-06
3344,91.27760211599525,1,39.11274,True,True,1.430511474609375e-06
3345,91.30848362500547,1,30.71583,True,True,1.430511474609375e-06
3346,91.33903914899565,1,30.453996,True,True,1.430511474609375e-06
3347,91.3690579200047,1,29.932859,True,True,1.430511474609375e-06
3348,91.39340381900547,1,24.271479,True,True,1.430511474609375e-06
3349,91.42448533799325,1,31.017636,True,True,1.430511474609375e-06
3350,91.45462697499897,1,30.047597,True,True,1.430511474609375e-06
3351,91.48013414800516,1,25.429997,True,True,1.430511474609375e-06
3352,91.50978072600265,1,29.578746,True,True,1.430511474609375e-06
3353,91.54015048099973,1,30.293861,True,True,1.430511474609375e-06
3354,91.56985316099599,1,29.636051,True,True,1.430511474609375e-06
3355,91.59395940200193,1,24.043518,True,True,1.430511474609375e-06
3356,91.62383409700124,1,29.804739,True,True,1.430511474609375e-06
3357,91.65374029899249,1,29.815423,True,True,1.430511474609375e-06
3358,91.6790420699981,1,25.217622,True,True,1.430511474609375e-06
3359,91.72416584999883,1,45.057884,True,True,1.430511474609375e-06
3360,91.75430394099385,1,30.009486,True,True,1.430511474609375e-06
3361,91.79311841299932,1,38.712796,True,True,1.430511474609375e-06
3362,91.8252455680049,1,31.982363,True,True,1.430511474609375e-06
3363,91.85502850999183,1,29.689511,True,True,1.430511474609375e-06
3364,91.88042947299255,1,25.325467,True,True,1.430511474609375e-06
3365,91.90939639699354,1,28.894519,True,True,1.430511474609375e-06
3366,91.94277762899583,1,33.313206,True,True,1.430511474609375e-06
3367,91.97598235499754,1,33.064399,True,True,1.430511474609375e-06
3368,92.00665707100416,1,30.570977,True,True,1.430511474609375e-06
3369,92.03171818199917,1,24.980445,True,True,1.430511474609375e-06
3370,92.05051630700473,1,18.726926,True,True,1.430511474609375e-06
3371,92.06865874100185,1,18.075378,True,True,1.430511474609375e-06
3372,92.0866183629987,1,17.899477,True,True,1.430511474609375e-06
3373,92.10475134200533,1,18.070013,True,True,1.430511474609375e-06
3374,92.12290890299482,1,18.098861,True,True,1.430511474609375e-06
3375,92.14148504199693,1,18.521672,True,True,1.430511474609375e-06
3376,92.15956360800192,1,18.020822,True,True,1.430511474609375e-06
3377,92.17767008500232,1,18.050622,True,True,1.430511474609375e-06
3378,92.19573492600466,1,18.015075,True,True,1.430511474609375e-06
3379,92.21379621999222,1,18.007398,True,True,1.430511474609375e-06
3380,92.24353857300594,1,29.684794,True,True,1.430511474609375e-06
3381,92.289687476994,1,46.055396,True,True,1.430511474609375e-06
3382,92.31984751300479,1,30.011844,True,True,1.430511474609375e-06
3383,92.34512794099282,1,25.188368,True,True,1.430511474609375e-06
3384,92.37434293900151,1,29.139438,True,True,1.430511474609375e-06
3385,92.40414891799446,1,29.736461,True,True,1.430511474609375e-06
3386,92.42914959100017,1,24.934207,True,True,1.430511474609375e-06
3387,92.4584580679948,1,29.230215,True,True,1.430511474609375e-06
3388,92.48820093199902,1,29.677033,True,True,1.430511474609375e-06
3389,92.5135374859965,1,25.268321,True,True,1.430511474609375e-06
3390,92.54291216899583,1,29.312577,True,True,1.430511474609375e-06
3391,92.57251004700083,1,29.531027,True,True,1.430511474609375e-06
3392,92.60263350199966,1,30.055756,True,True,1.430511474609375e-06
3393,92.62830868500168,1,25.556823,True,True,1.430511474609375e-06
3394,92.65739561899682,1,29.004915,True,True,1.430511474609375e-06
3395,92.68812566300039,1,30.641055,True,True,1.430511474609375e-06
3396,92.7130206139991,1,24.82269,True,True,1.430511474609375e-06
3397,92.74239240799216,1,29.30769,True,True,1.430511474609375e-06
3398,92.77585663799255,1,33.394175,True,True,1.430511474609375e-06
3399,92.81362668599468,1,37.627443,True,True,1.430511474609375e-06
3400,92.84244201600086,1,28.687635,True,True,1.430511474609375e-06
3401,92.8724027099961,1,29.87851,True,True,1.430511474609375e-06
3402,92.90284095199604,1,30.363521,True,True,1.430511474609375e-06
3403,92.92709108800045,1,24.182268,True,True,1.430511474609375e-06
3404,92.95702395099215,1,29.86579,True,True,1.430511474609375e-06
3405,92.98664694499166,1,29.544066,True,True,1.430511474609375e-06
3406,93.01145043800352,1,24.733623,True,True,1.430511474609375e-06
3407,93.03543235600227,1,23.919963,True,True,1.430511474609375e-06
3408,93.0542674150056,1,18.766446,True,True,1.430511474609375e-06
3409,93.07279094700061,1,18.395387,True,True,1.430511474609375e-06
3410,93.09142181600328,1,18.538352,True,True,1.430511474609375e-06
3411,93.10984883700439,1,18.340687,True,True,1.430511474609375e-06
3412,93.12860718500451,1,18.680562,True,True,1.430511474609375e-06
3413,93.14684068100178,1,18.165791,True,True,1.430511474609375e-06
3414,93.16482367100252,1,17.917934,True,True,1.430511474609375e-06
3415,93.18291652499465,1,18.027726,True,True,1.430511474609375e-06
3416,93.20100268100214,1,17.962507,True,True,1.430511474609375e-06
3417,93.22509626600367,1,24.024861,True,True,1.430511474609375e-06
3418,93.25753996499407,1,32.342731,True,True,1.430511474609375e-06
3419,93.30073919000279,1,42.974374,True,True,1.430511474609375e-06
3420,93.32606219800073,1,25.172889,True,True,1.430511474609375e-06
3421,93.35488908899424,1,28.710847,True,True,1.430511474609375e-06
3422,93.40153441399161,1,46.544178,True,True,1.430511474609375e-06
3423,93.43145326399826,1,29.771442,True,True,1.430511474609375e-06
3424,93.45710840000538,1,25.571512,True,True,1.430511474609375e-06
3425,93.48616216199298,1,28.981422,True,True,1.430511474609375e-06
3426,93.51662044000113,1,30.381382,True,True,1.430511474609375e-06
3427,93.54174647800392,1,25.054817,True,True,1.430511474609375e-06
3428,93.57099314099469,1,29.184159,True,True,1.430511474609375e-06
3429,93.60090561999823,1,29.836798,True,True,1.430511474609375e-06
3430,93.63117389500258,1,30.17605,True,True,1.430511474609375e-06
3431,93.65670033899369,1,25.446589,True,True,1.430511474609375e-06
3432,93.6854067719978,1,28.61368,True,True,1.430511474609375e-06
3433,93.71543065800506,1,29.947741,True,True,1.430511474609375e-06
3434,93.74098479399981,1,25.484063,True,True,1.430511474609375e-06
3435,93.77404861300602,1,32.994274,True,True,1.430511474609375e-06
3436,93.81741107499693,1,43.219286,True,True,1.430511474609375e-06
3437,93.84754128400527,1,30.010648,True,True,1.430511474609375e-06
3438,93.87187450399506,1,24.249465,True,True,1.430511474609375e-06
3439,93.90152558899717,1,29.580121,True,True,1.430511474609375e-06
3440,93.93224337999709,1,30.652854,True,True,1.430511474609375e-06
3441,93.95723532499687,1,24.926015,True,True,1.430511474609375e-06
3442,93.98625497799367,1,28.954435,True,True,1.430511474609375e-06
3443,94.0161144809972,1,29.79367,True,True,1.430511474609375e-06
3444,94.05067979199521,1,34.49918,True,True,1.430511474609375e-06
3445,94.06973690800078,1,18.934651,True,True,1.430511474609375e-06
3446,94.08808780400432,1,18.279824,True,True,1.430511474609375e-06
3447,94.10614530800376,1,17.983795,True,True,1.430511474609375e-06
3448,94.12428015099431,1,18.059121,True,True,1.430511474609375e-06
3449,94.14272702099697,1,18.383416,True,True,1.430511474609375e-06
3450,94.16087831200275,1,18.087011,True,True,1.430511474609375e-06
3451,94.179162660992,1,18.226139,True,True,1.430511474609375e-06
3452,94.1973557750025,1,18.135072,True,True,1.430511474609375e-06
3453,94.21579255899996,1,18.318759,True,True,1.430511474609375e-06
3454,94.24055849100114,1,24.652639,True,True,1.430511474609375e-06
3455,94.28689870800008,1,46.245832,True,True,1.430511474609375e-06
3456,94.31619559400133,1,29.14471,True,True,1.430511474609375e-06
3457,94.3458744380041,1,29.473302,True,True,1.430511474609375e-06
3458,94.37623808499484,1,30.259475,True,True,1.430511474609375e-06
3459,94.40138428899809,1,25.064785,True,True,1.430511474609375e-06
3460,94.4311080280022,1,29.658121,True,True,1.430511474609375e-06
3461,94.46073320999858,1,29.55511,True,True,1.430511474609375e-06
3462,94.48593381600222,1,25.129633,True,True,1.430511474609375e-06
3463,94.51493033199222,1,28.930142,True,True,1.430511474609375e-06
3464,94.54468048899435,1,29.683681,True,True,1.430511474609375e-06
3465,94.57479696399241,1,30.051034,True,True,1.430511474609375e-06
3466,94.59860462599318,1,23.743643,True,True,1.430511474609375e-06
3467,94.62907524099865,1,30.400613,True,True,1.430511474609375e-06
3468,94.66194660699693,1,32.80698,True,True,1.430511474609375e-06
3469,94.7114409939968,1,49.371051,True,True,1.430511474609375e-06
3470,94.74158886300575,1,30.021635,True,True,1.430511474609375e-06
3471,94.76681594799447,1,25.140329,True,True,1.430511474609375e-06
3472,94.81213972000114,1,45.244777,True,True,1.430511474609375e-06
3473,94.84208381500503,1,29.793132,True,True,1.430511474609375e-06
3474,94.86609689099714,1,23.910935,True,True,1.430511474609375e-06
3475,94.8958706400008,1,29.658781,True,True,1.430511474609375e-06
3476,94.92635909300589,1,30.402228,True,True,1.430511474609375e-06
3477,94.95145649100596,1,24.986228,True,True,1.430511474609375e-06
3478,94.98054054200475,1,28.989002,True,True,1.430511474609375e-06
3479,95.01019730900589,1,29.574173,True,True,1.430511474609375e-06
3480,95.04113246699853,1,24.536227,True,True,1.430511474609375e-06
3481,95.05946626899822,1,18.243193,True,True,1.430511474609375e-06
3482,95.07742433599196,1,17.888259,True,True,1.430511474609375e-06
3483,95.09539327099628,1,17.910875,True,True,1.430511474609375e-06
3484,95.11377879799693,1,18.325308,True,True,1.430511474609375e-06
3485,95.13170455300133,1,17.87117,True,True,1.430511474609375e-06
3486,95.15002483500575,1,18.260286,True,True,1.430511474609375e-06
3487,95.16819677699823,1,18.113266,True,True,1.430511474609375e-06
3488,95.18617645700579,1,17.923638,True,True,1.430511474609375e-06
3489,95.20420173599268,1,17.972663,True,True,1.430511474609375e-06
3490,95.22702027100604,1,22.760898,True,True,1.430511474609375e-06
3491,95.25273034199199,1,25.631592,True,True,1.430511474609375e-06
3492,95.29881582700182,1,46.007343,True,True,1.430511474609375e-06
3493,95.32766943400202,1,28.701123,True,True,1.430511474609375e-06
3494,95.35804277900024,1,30.275082,True,True,1.430511474609375e-06
3495,95.38791073100583,1,29.779539,True,True,1.430511474609375e-06
3496,95.41310689099191,1,25.112628,True,True,1.430511474609375e-06
3497,95.44194752900512,1,28.754287,True,True,1.430511474609375e-06
3498,95.4721815350058,1,30.157137,True,True,1.430511474609375e-06
3499,95.50248702299723,1,30.23304,True,True,1.430511474609375e-06
3500,95.526737830005,1,24.173538,True,True,1.430511474609375e-06
3501,95.57300555400434,1,46.19235,True,True,1.430511474609375e-06
3502,95.60299957200186,1,29.857182,True,True,1.430511474609375e-06
3503,95.62731295899721,1,24.220472,True,True,1.430511474609375e-06
3504,95.65739343299356,1,30.00268,True,True,1.430511474609375e-06
3505,95.68765366700245,1,30.167109,True,True,1.430511474609375e-06
3506,95.71298045199364,1,25.246219,True,True,1.430511474609375e-06
3507,95.74183306499617,1,28.782076,True,True,1.430511474609375e-06
3508,95.77511095200316,1,33.203936,True,True,1.430511474609375e-06
3509,95.81283706400427,1,37.575298,True,True,1.430511474609375e-06
3510,95.84170712900232,1,28.742013,True,True,1.430511474609375e-06
3511,95.87184945700574,1,30.058334,True,True,1.430511474609375e-06
3512,95.90205845299351,1,30.1283,True,True,1.430511474609375e-06
3513,95.92612295999425,1,23.993315,True,True,1.430511474609375e-06
3514,95.95640141899639,1,30.204399,True,True,1.430511474609375e-06
3515,95.98603475900018,1,29.54686,True,True,1.430511474609375e-06
3516,96.01022956099769,1,24.124683,True,True,1.430511474609375e-06
3517,96.03529850300401,1,24.997186,True,True,1.430511474609375e-06
3518,96.0543381430034,1,18.909249,True,True,1.430511474609375e-06
3519,96.07236191300035,1,17.938941,True,True,1.430511474609375e-06
3520,96.0907336579985,1,18.314345,True,True,1.430511474609375e-06
3521,96.10899881299702,1,18.203495,True,True,1.430511474609375e-06
3522,96.12698473500495,1,17.929085,True,True,1.430511474609375e-06
3523,96.14544896400184,1,18.406634,True,True,1.430511474609375e-06
3524,96.16408499400131,1,18.506557,True,True,1.430511474609375e-06
3525,96.18255102299736,1,18.366089,True,True,1.430511474609375e-06
3526,96.20086948499375,1,18.243687,True,True,1.430511474609375e-06
3527,96.22489313400001,1,23.96075,True,True,1.430511474609375e-06
3528,96.25417961200583,1,29.197768,True,True,1.430511474609375e-06
3529,96.30032082500111,1,46.053048,True,True,1.430511474609375e-06
3530,96.32593509700382,1,25.459131,True,True,1.430511474609375e-06
3531,96.3554924659984,1,29.458683,True,True,1.430511474609375e-06
3532,96.40092066899524,1,45.343579,True,True,1.430511474609375e-06
3533,96.42625696299365,1,25.211539,True,True,1.430511474609375e-06
3534,96.45537999400403,1,29.020191,True,True,1.430511474609375e-06
3535,96.48577308899257,1,30.300262,True,True,1.430511474609375e-06
3536,96.51531326900295,1,29.460085,True,True,1.430511474609375e-06
3537,96.54037268100365,1,24.987566,True,True,1.430511474609375e-06
3538,96.56893857999239,1,28.495059,True,True,1.430511474609375e-06
3539,96.59901181299938,1,30.005007,True,True,1.430511474609375e-06
3540,96.62421816699498,1,25.142344,True,True,1.430511474609375e-06
3541,96.65288068700465,1,28.598918,True,True,1.430511474609375e-06
3542,96.68369521999557,1,30.742603,True,True,1.430511474609375e-06
3543,96.70887231199595,1,25.110117,True,True,1.430511474609375e-06
3544,96.73751528600405,1,28.572225,True,True,1.430511474609375e-06
3545,96.76704850699753,1,29.468192,True,True,1.430511474609375e-06
3546,96.80812632999732,1,40.994887,True,True,1.430511474609375e-06
3547,96.83749787299894,1,29.2321,True,True,1.430511474609375e-06
3548,96.86748079600511,1,29.895077,True,True,1.430511474609375e-06
3549,96.8972492019966,1,29.693103,True,True,1.430511474609375e-06
3550,96.9214936990029,1,24.171693,True,True,1.430511474609375e-06
3551,96.95131092600059,1,29.746068,True,True,1.430511474609375e-06
3552,96.98129511000297,1,29.909744,True,True,1.430511474609375e-06
3553,97.00504959699174,1,23.694104,True,True,1.430511474609375e-06
3554,97.03558572600014,1,30.476218,True,True,1.430511474609375e-06
3555,97.05475542400382,1,19.106293,True,True,1.430511474609375e-06
3556,97.07277589700243,1,17.966667,True,True,1.430511474609375e-06
3557,97.09081616999174,1,17.985258,True,True,1.430511474609375e-06
3558,97.10915764399397,1,18.283391,True,True,1.430511474609375e-06
3559,97.12733344899607,1,18.116108,True,True,1.430511474609375e-06
3560,97.14555160100281,1,18.164166,True,True,1.430511474609375e-06
3561,97.1634916280018,1,17.883727,True,True,1.430511474609375e-06
3562,97.18156575999456,1,18.021018,True,True,1.430511474609375e-06
3563,97.19985513799475,1,18.234866,True,True,1.430511474609375e-06
3564,97.21776138700079,1,17.854419,True,True,1.430511474609375e-06
3565,97.24223624699516,1,24.425494,True,True,1.430511474609375e-06
3566,97.27761809299409,1,35.309926,True,True,1.430511474609375e-06
3567,97.31827141299436,1,40.535495,True,True,1.430511474609375e-06
3568,97.3475869679969,1,29.166221,True,True,1.430511474609375e-06
3569,97.37738174600236,1,29.681357,True,True,1.430511474609375e-06
3570,97.4023666849971,1,24.90702,True,True,1.430511474609375e-06
3571,97.43105953700433,1,28.624324,True,True,1.430511474609375e-06
3572,97.46118816599483,1,30.058761,True,True,1.430511474609375e-06
3573,97.49150917099905,1,30.251075,True,True,1.430511474609375e-06
3574,97.51550535700517,1,23.927607,True,True,1.430511474609375e-06
3575,97.54612037299376,1,30.544944,True,True,1.430511474609375e-06
3576,97.57566050899914,1,29.472278,True,True,1.430511474609375e-06
3577,97.59979772899533,1,24.068412,True,True,1.430511474609375e-06
3578,97.63000808999641,1,30.149137,True,True,1.430511474609375e-06
3579,97.65981530600402,1,29.745631,True,True,1.430511474609375e-06
3580,97.68569570999534,1,25.793738,True,True,1.430511474609375e-06
3581,97.71439144399483,1,28.617575,True,True,1.430511474609375e-06
3582,97.74452976199973,1,30.065923,True,True,1.430511474609375e-06
3583,97.7834079900058,1,38.807973,True,True,1.430511474609375e-06
3584,97.81444680200366,1,30.780999,True,True,1.430511474609375e-06
3585,97.84457489999477,1,30.026397,True,True,1.430511474609375e-06
3586,97.87517027500144,1,30.514879,True,True,1.430511474609375e-06
3587,97.89933302400459,1,24.084019,True,True,1.430511474609375e-06
3588,97.92950257599296,1,30.094471,True,True,1.430511474609375e-06
3589,97.95935582299717,1,29.784866,True,True,1.430511474609375e-06
3590,97.98414197500097,1,24.715111,True,True,1.430511474609375e-06
3591,98.01277135699638,1,28.565198,True,True,1.430511474609375e-06
3592,98.03788953699404,1,25.05449,True,True,1.430511474609375e-06
3593,98.05612161199679,1,18.166567,True,True,1.430511474609375e-06
3594,98.07405335099611,1,17.872675,True,True,1.430511474609375e-06
3595,98.09202860799269,1,17.9259,True,True,1.430511474609375e-06
3596,98.11010433800402,1,18.028395,True,True,1.430511474609375e-06
3597,98.1280523280002,1,17.897466,True,True,1.430511474609375e-06
3598,98.14609086199198,1,17.991473,True,True,1.430511474609375e-06
3599,98.16406386699236,1,17.924699,True,True,1.430511474609375e-06
3600,98.18190662699635,1,17.798623,True,True,1.430511474609375e-06
3601,98.20010317899869,1,18.102478,True,True,1.430511474609375e-06
3602,98.21811449999223,1,17.956358,True,True,1.430511474609375e-06
3603,98.24846554400574,1,30.297455,True,True,1.430511474609375e-06
3604,98.27773975400487,1,29.183609,True,True,1.430511474609375e-06
3605,98.33338999799162,1,55.573565,True,True,1.430511474609375e-06
3606,98.36280035799427,1,29.258292,True,True,1.430511474609375e-06
3607,98.3928500309994,1,29.95795,True,True,1.430511474609375e-06
3608,98.42287085599673,1,29.945486,True,True,1.430511474609375e-06
3609,98.44751611900574,1,24.566541,True,True,1.430511474609375e-06
3610,98.47690005500044,1,29.315385,True,True,1.430511474609375e-06
3611,98.50647604100232,1,29.506497,True,True,1.430511474609375e-06
3612,98.5315623869974,1,25.016162,True,True,1.430511474609375e-06
3613,98.56090833900089,1,29.28036,True,True,1.430511474609375e-06
3614,98.59108691799338,1,30.112097,True,True,1.430511474609375e-06
3615,98.62117577499885,1,30.023311,True,True,1.430511474609375e-06
3616,98.64542350999545,1,24.179803,True,True,1.430511474609375e-06
3617,98.67605679000553,1,30.542284,True,True,1.430511474609375e-06
3618,98.70591249500285,1,29.779473,True,True,1.430511474609375e-06
3619,98.73087121099525,1,24.891697,True,True,1.430511474609375e-06
3620,98.7602994129993,1,29.361577,True,True,1.430511474609375e-06
3621,98.80593360999774,1,45.56235,True,True,1.430511474609375e-06
3622,98.8311595480045,1,25.075356,True,True,1.430511474609375e-06
3623,98.86004545699689,1,28.790454,True,True,1.430511474609375e-06
3624,98.89020018199517,1,30.03598,True,True,1.430511474609375e-06
3625,98.91495847199985,1,24.674489,True,True,1.430511474609375e-06
3626,98.94455322000431,1,29.529301,True,True,1.430511474609375e-06
3627,98.97427692600468,1,29.662074,True,True,1.430511474609375e-06
3628,98.9993863839918,1,25.042885,True,True,1.430511474609375e-06
3629,99.02816631799215,1,28.713804,True,True,1.430511474609375e-06
3630,99.04706370500207,1,18.828167,True,True,1.430511474609375e-06
3631,99.06523861999449,1,18.112226,True,True,1.430511474609375e-06
3632,99.08339509599318,1,18.102714,True,True,1.430511474609375e-06
3633,99.10172028299712,1,18.275136,True,True,1.430511474609375e-06
3634,99.11996839700441,1,18.196891,True,True,1.430511474609375e-06
3635,99.13788639000268,1,17.871441,True,True,1.430511474609375e-06
3636,99.15615009699832,1,18.216662,True,True,1.430511474609375e-06
3637,99.17438382300315,1,18.181512,True,True,1.430511474609375e-06
3638,99.19261862299754,1,18.178413,True,True,1.430511474609375e-06
3639,99.21125018699968,1,18.522741,True,True,1.430511474609375e-06
3640,99.2405754289939,1,29.211761,True,True,1.430511474609375e-06
3641,99.27058012199996,1,29.905688,True,True,1.430511474609375e-06
3642,99.31174078400363,1,41.08292,True,True,1.430511474609375e-06
3643,99.34160273900488,1,29.704296,True,True,1.430511474609375e-06
3644,99.37170812800468,1,29.890891,True,True,1.430511474609375e-06
3645,99.40193623599771,1,30.114278,True,True,1.430511474609375e-06
3646,99.42750258499291,1,25.476997,True,True,1.430511474609375e-06
3647,99.45618501800345,1,28.614002,True,True,1.430511474609375e-06
3648,99.48600990399427,1,29.756919,True,True,1.430511474609375e-06
3649,99.51109071199608,1,25.019684,True,True,1.430511474609375e-06
3650,99.54057852100232,1,29.427576,True,True,1.430511474609375e-06
3651,99.57038410899986,1,29.743095,True,True,1.430511474609375e-06
3652,99.59558939799899,1,25.140709,True,True,1.430511474609375e-06
3653,99.62466948200017,1,29.016578,True,True,1.430511474609375e-06
3654,99.65473005999229,1,29.995808,True,True,1.430511474609375e-06
3655,99.68540282300091,1,30.594138,True,True,1.430511474609375e-06
3656,99.71032714699686,1,24.857503,True,True,1.430511474609375e-06
3657,99.73952909400396,1,29.13752,True,True,1.430511474609375e-06
3658,99.77221613000438,1,32.616584,True,True,1.430511474609375e-06
3659,99.81132676199195,1,38.875964,True,True,1.430511474609375e-06
3660,99.84072036300495,1,29.258488,True,True,1.430511474609375e-06
3661,99.87175870400097,1,30.953368,True,True,1.430511474609375e-06
3662,99.90159821600537,1,29.76651,True,True,1.430511474609375e-06
3663,99.9263002469961,1,24.636547,True,True,1.430511474609375e-06
3664,99.95530266799324,1,28.938885,True,True,1.430511474609375e-06
3665,99.99153822900553,1,36.173319,True,True,1.430511474609375e-06
3666,100.02366487799736,1,31.983649,True,True,1.430511474609375e-06
3667,100.06044944099267,1,18.800586,True,True,1.430511474609375e-06
3668,100.07850378200237,1,17.958241,True,True,1.430511474609375e-06
3669,100.09714213399275,1,18.553777,True,True,1.430511474609375e-06
3670,100.11537035299989,1,18.156291,True,True,1.430511474609375e-06
3671,100.13355983099609,1,18.127282,True,True,1.430511474609375e-06
3672,100.15151329399669,1,17.891245,True,True,1.430511474609375e-06
3673,100.16953735900461,1,17.967542,True,True,1.430511474609375e-06
3674,100.18783279700438,1,18.239517,True,True,1.430511474609375e-06
3675,100.2058018539974,1,17.90908,True,True,1.430511474609375e-06
3676,100.22380108600191,1,17.94034,True,True,1.430511474609375e-06
3677,100.25271928300208,1,28.862608,True,True,1.430511474609375e-06
3678,100.28288814199914,1,30.078483,True,True,1.430511474609375e-06
3679,100.32946432000608,1,46.491867,True,True,1.430511474609375e-06
3680,100.3548797580006,1,25.267624,True,True,1.430511474609375e-06
3681,100.38449364400003,1,29.518313,True,True,1.430511474609375e-06
3682,100.41446753000491,1,29.897476,True,True,1.430511474609375e-06
3683,100.44031322900264,1,25.770955,True,True,1.430511474609375e-06
3684,100.4692926669959,1,28.885747,True,True,1.430511474609375e-06
3685,100.49929644100484,1,29.92107,True,True,1.430511474609375e-06
3686,100.52936771199165,1,29.98095,True,True,1.430511474609375e-06
3687,100.55488283900195,1,25.437478,True,True,1.430511474609375e-06
3688,100.58377945399843,1,28.821886,True,True,1.430511474609375e-06
3689,100.61336879199371,1,29.520669,True,True,1.430511474609375e-06
3690,100.6527997230005,1,39.352264,True,True,1.430511474609375e-06
3691,100.68282459299371,1,29.890347,True,True,1.430511474609375e-06
3692,100.71338271000423,1,30.474144,True,True,1.430511474609375e-06
3693,100.73823858100513,1,24.78512,True,True,1.430511474609375e-06
3694,100.7694328679936,1,31.129321,True,True,1.430511474609375e-06
3695,100.81435751299432,1,44.797747,True,True,1.430511474609375e-06
3696,100.83949213300366,1,25.000358,True,True,1.430511474609375e-06
3697,100.86883933999343,1,29.263539,True,True,1.430511474609375e-06
3698,100.89949457900366,1,30.579526,True,True,1.430511474609375e-06
3699,100.92909898600192,1,29.53332,True,True,1.430511474609375e-06
3700,100.9544410410017,1,25.272563,True,True,1.430511474609375e-06
3701,100.98329684299824,1,28.78782,True,True,1.430511474609375e-06
3702,101.01321118300257,1,29.849864,True,True,1.430511474609375e-06
3703,101.03833943800419,1,25.064661,True,True,1.430511474609375e-06
3704,101.05695993300469,1,18.497682,True,True,1.430511474609375e-06
3705,101.07550085399998,1,18.444431,True,True,1.430511474609375e-06
3706,101.09374546799518,1,18.178796,True,True,1.430511474609375e-06
3707,101.11204148600518,1,18.232473,True,True,1.430511474609375e-06
3708,101.13039806000597,1,18.296576,True,True,1.430511474609375e-06
3709,101.14858712400019,1,18.133892,True,True,1.430511474609375e-06
3710,101.16714779799804,1,18.453642,True,True,1.430511474609375e-06
3711,101.18536639500235,1,18.110514,True,True,1.430511474609375e-06
3712,101.2035920710041,1,18.150316,True,True,1.430511474609375e-06
3713,101.2216313950048,1,17.975362,True,True,1.430511474609375e-06
3714,101.25194680200366,1,30.255669,True,True,1.430511474609375e-06
3715,101.28097071999218,1,28.923983,True,True,1.430511474609375e-06
3716,101.34131233100197,1,60.264593,True,True,1.430511474609375e-06
3717,101.36644822900416,1,24.981971,True,True,1.430511474609375e-06
3718,101.39577630499844,1,29.23527,True,True,1.430511474609375e-06
3719,101.42562709499907,1,29.772113,True,True,1.430511474609375e-06
3720,101.45090822399652,1,25.2066,True,True,1.430511474609375e-06
3721,101.48019453699817,1,29.208483,True,True,1.430511474609375e-06
3722,101.51006687499466,1,29.7803,True,True,1.430511474609375e-06
3723,101.53536007799266,1,25.219632,True,True,1.430511474609375e-06
3724,101.56426852100412,1,28.831896,True,True,1.430511474609375e-06
3725,101.59410420199856,1,29.767124,True,True,1.430511474609375e-06
3726,101.6241727710003,1,30.005863,True,True,1.430511474609375e-06
3727,101.6489805040037,1,24.73808,True,True,1.430511474609375e-06
3728,101.67776362299628,1,28.7078,True,True,1.430511474609375e-06
3729,101.70844047500577,1,30.603458,True,True,1.430511474609375e-06
3730,101.73317022499396,1,24.665986,True,True,1.430511474609375e-06
3731,101.76216104900232,1,28.926442,True,True,1.430511474609375e-06
3732,101.8076079839957,1,45.363167,True,True,1.430511474609375e-06
3733,101.83317747499677,1,25.414495,True,True,1.430511474609375e-06
3734,101.86285458499333,1,29.586559,True,True,1.430511474609375e-06
3735,101.89231780299451,1,29.388926,True,True,1.430511474609375e-06
3736,101.92240443099581,1,30.013351,True,True,1.430511474609375e-06
3737,101.9469431519974,1,24.472132,True,True,1.430511474609375e-06
3738,101.97674939800345,1,29.739366,True,True,1.430511474609375e-06
3739,102.00682191699161,1,30.005002,True,True,1.430511474609375e-06
3740,102.03210464199947,1,25.218731,True,True,1.430511474609375e-06
3741,102.05026506699505,1,18.098713,True,True,1.430511474609375e-06
3742,102.0683542350016,1,18.031544,True,True,1.430511474609375e-06
3743,102.08657791800215,1,18.156778,True,True,1.430511474609375e-06
3744,102.10484109200479,1,18.203705,True,True,1.430511474609375e-06
3745,102.12297128100181,1,18.073507,True,True,1.430511474609375e-06
3746,102.15106005700363,1,28.028582,True,True,1.430511474609375e-06
3747,102.16952690399194,1,18.369104,True,True,1.430511474609375e-06
3748,102.1879348319926,1,18.33754,True,True,1.430511474609375e-06
3749,102.20587477600202,1,17.878802,True,True,1.430511474609375e-06
3750,102.22936682599538,1,23.435565,True,True,1.430511474609375e-06
3751,102.25924813299207,1,29.805394,True,True,1.430511474609375e-06
3752,102.28456185899267,1,25.227764,True,True,1.430511474609375e-06
3753,102.32978474399715,1,45.139015,True,True,1.430511474609375e-06
3754,102.36022996400425,1,30.298426,True,True,1.430511474609375e-06
3755,102.39100701999268,1,30.684466,True,True,1.430511474609375e-06
3756,102.41576888400596,1,24.684015,True,True,1.430511474609375e-06
3757,102.44444650200603,1,28.607069,True,True,1.430511474609375e-06
3758,102.47463981399778,1,30.114318,True,True,1.430511474609375e-06
3759,102.50016938999761,1,25.456552,True,True,1.430511474609375e-06
3760,102.52943584100285,1,29.196594,True,True,1.430511474609375e-06
3761,102.55976281200128,1,30.259274,True,True,1.430511474609375e-06
3762,102.58920657000272,1,29.38124,True,True,1.430511474609375e-06
3763,102.61363032000372,1,24.358013,True,True,1.430511474609375e-06
3764,102.64400226599537,1,30.300623,True,True,1.430511474609375e-06
3765,102.67384934099391,1,29.781162,True,True,1.430511474609375e-06
3766,102.69883173999551,1,24.909074,True,True,1.430511474609375e-06
3767,102.72816150999279,1,29.264515,True,True,1.430511474609375e-06
3768,102.75806820800062,1,29.840707,True,True,1.430511474609375e-06
3769,102.7983239650057,1,40.183344,True,True,1.430511474609375e-06
3770,102.82780007099791,1,29.2084,True,True,1.430511474609375e-06
3771,102.857698006992,1,29.807769,True,True,1.430511474609375e-06
3772,102.88286385699757,1,25.08775,True,True,1.430511474609375e-06
3773,102.91148202700424,1,28.548533,True,True,1.430511474609375e-06
3774,102.94164205099514,1,30.088638,True,True,1.430511474609375e-06
3775,102.96704892900016,1,25.335315,True,True,1.430511474609375e-06
3776,103.01101321999158,1,43.895379,True,True,1.430511474609375e-06
3777,103.0363752580015,1,25.248698,True,True,1.430511474609375e-06
3778,103.05477624099876,1,18.322703,True,True,1.430511474609375e-06
3779,103.07278712499829,1,17.945971,True,True,1.430511474609375e-06
3780,103.09075087099336,1,17.905994,True,True,1.430511474609375e-06
3781,103.10875552499783,1,17.932003,True,True,1.430511474609375e-06
3782,103.12677395000355,1,17.959294,True,True,1.430511474609375e-06
3783,103.14509706399986,1,18.261543,True,True,1.430511474609375e-06
3784,103.16314125599456,1,17.988079,True,True,1.430511474609375e-06
3785,103.18108192400541,1,17.886759,True,True,1.430511474609375e-06
3786,103.19902007299243,1,17.886173,True,True,1.430511474609375e-06
3787,103.21707373700337,1,17.959833,True,True,1.430511474609375e-06
3788,103.24686141399434,1,29.718744,True,True,1.430511474609375e-06
3789,103.27738710500125,1,30.438491,True,True,1.430511474609375e-06
3790,103.30949010199402,1,32.022348,True,True,1.430511474609375e-06
3791,103.35352190199774,1,43.882236,True,True,1.430511474609375e-06
3792,103.37928999999713,1,25.625483,True,True,1.430511474609375e-06
3793,103.40761620199191,1,28.23382,True,True,1.430511474609375e-06
3794,103.437393840999,1,29.703327,True,True,1.430511474609375e-06
3795,103.4626512840041,1,25.187268,True,True,1.430511474609375e-06
3796,103.49198366100609,1,29.262737,True,True,1.430511474609375e-06
3797,103.52215835099923,1,30.097602,True,True,1.430511474609375e-06
3798,103.55270619200019,1,30.472437,True,True,1.430511474609375e-06
3799,103.57814226999471,1,25.318005,True,True,1.430511474609375e-06
3800,103.60739343200112,1,29.11668,True,True,1.430511474609375e-06
3801,103.63770150599885,1,30.18622,True,True,1.430511474609375e-06
3802,103.6682279289962,1,30.442761,True,True,1.430511474609375e-06
3803,103.69234960999165,1,24.044709,True,True,1.430511474609375e-06
3804,103.72233689299901,1,29.928041,True,True,1.430511474609375e-06
3805,103.75251659999776,1,30.112407,True,True,1.430511474609375e-06
3806,103.79146035500162,1,38.870217,True,True,1.430511474609375e-06
3807,103.82288562899339,1,31.283229,True,True,1.430511474609375e-06
3808,103.853605641998,1,30.624728,True,True,1.430511474609375e-06
3809,103.878292125999,1,24.604863,True,True,1.430511474609375e-06
3810,103.90722784900572,1,28.867315,True,True,1.430511474609375e-06
3811,103.9371102330042,1,29.810543,True,True,1.430511474609375e-06
3812,103.9621595810022,1,24.963919,True,True,1.430511474609375e-06
3813,103.99084226800187,1,28.607113,True,True,1.430511474609375e-06
3814,104.02091798999754,1,30.002199,True,True,1.430511474609375e-06
3815,104.0457589449943,1,24.770893,True,True,1.430511474609375e-06
3816,104.06432017299812,1,18.493318,True,True,1.430511474609375e-06
3817,104.08228245899954,1,17.908114,True,True,1.430511474609375e-06
3818,104.10052505800559,1,18.183768,True,True,1.430511474609375e-06
3819,104.11873473899323,1,18.156629,True,True,1.430511474609375e-06
3820,104.13709240499884,1,18.290651,True,True,1.430511474609375e-06
3821,104.15533871400112,1,18.180348,True,True,1.430511474609375e-06
3822,104.17355487500026,1,18.152489,True,True,1.430511474609375e-06
3823,104.19170354800008,1,18.096421,True,True,1.430511474609375e-06
3824,104.21051247499418,1,18.753853,True,True,1.430511474609375e-06
3825,104.22905301800347,1,18.419439,True,True,1.430511474609375e-06
3826,104.25967500900151,1,30.504401,True,True,1.430511474609375e-06
3827,104.28974826500053,1,29.978906,True,True,1.430511474609375e-06
3828,104.32270990399411,1,32.871434,True,True,1.430511474609375e-06
3829,104.36578957000165,1,42.885141,True,True,1.430511474609375e-06
3830,104.39603364899813,1,30.0924,True,True,1.430511474609375e-06
3831,104.42023670200433,1,24.109463,True,True,1.430511474609375e-06
3832,104.45026975800283,1,29.961866,True,True,1.430511474609375e-06
3833,104.48025937400234,1,29.915429,True,True,1.430511474609375e-06
3834,104.5055425939936,1,25.215827,True,True,1.430511474609375e-06
3835,104.53423838499293,1,28.629476,True,True,1.430511474609375e-06
3836,104.56435323499318,1,30.04499,True,True,1.430511474609375e-06
3837,104.59009064399288,1,25.6603,True,True,1.430511474609375e-06
3838,104.61911102599697,1,28.928076,True,True,1.430511474609375e-06
3839,104.64958055999887,1,30.358344,True,True,1.430511474609375e-06
3840,104.6791987799952,1,29.52504,True,True,1.430511474609375e-06
3841,104.70335091299785,1,24.07835,True,True,1.430511474609375e-06
3842,104.73351619999448,1,30.092341,True,True,1.430511474609375e-06
3843,104.76352234500519,1,29.930254,True,True,1.430511474609375e-06
3844,104.80469220499799,1,41.056425,True,True,1.430511474609375e-06
3845,104.83409574300458,1,29.1398,True,True,1.430511474609375e-06
3846,104.86458634000155,1,30.399755,True,True,1.430511474609375e-06
3847,104.88935802500055,1,24.691897,True,True,1.430511474609375e-06
3848,104.93401812699449,1,44.590113,True,True,1.430511474609375e-06
3849,104.96459083999798,1,30.439764,True,True,1.430511474609375e-06
3850,104.9896124030056,1,24.920418,True,True,1.430511474609375e-06
3851,105.01877934399818,1,29.087016,True,True,1.430511474609375e-06
3852,105.05140728500555,1,19.432921,True,True,1.430511474609375e-06
3853,105.06978400300432,1,18.288435,True,True,1.430511474609375e-06
3854,105.08815795999544,1,18.309435,True,True,1.430511474609375e-06
3855,105.10644891999254,1,18.231817,True,True,1.430511474609375e-06
3856,105.12532494000334,1,18.81236,True,True,1.430511474609375e-06
3857,105.14351104600064,1,18.126042,True,True,1.430511474609375e-06
3858,105.1614170660032,1,17.851147,True,True,1.430511474609375e-06
3859,105.17971897299867,1,18.248268,True,True,1.430511474609375e-06
3860,105.19787339799223,1,18.087387,True,True,1.430511474609375e-06
3861,105.21587098100281,1,17.938761,True,True,1.430511474609375e-06
3862,105.24015404199599,1,24.220845,True,True,1.430511474609375e-06
3863,105.27548899699468,1,35.24845,True,True,1.430511474609375e-06
3864,105.30084929800068,1,25.257227,True,True,1.430511474609375e-06
3865,105.34535793299438,1,44.416205,True,True,1.430511474609375e-06
3866,105.37563266100187,1,30.124554,True,True,1.430511474609375e-06
3867,105.4062843349966,1,30.555993,True,True,1.430511474609375e-06
3868,105.43033598299371,1,23.978209,True,True,1.430511474609375e-06
3869,105.46039556199685,1,29.988253,True,True,1.430511474609375e-06
3870,105.49075247099972,1,30.238563,True,True,1.430511474609375e-06
3871,105.51618885499192,1,25.350443,True,True,1.430511474609375e-06
3872,105.54495356199914,1,28.70052,True,True,1.430511474609375e-06
3873,105.57464844899368,1,29.623601,True,True,1.430511474609375e-06
3874,105.6005363620061,1,25.823937,True,True,1.430511474609375e-06
3875,105.63019020599313,1,29.558856,True,True,1.430511474609375e-06
3876,105.660080843998,1,29.81815,True,True,1.430511474609375e-06
3877,105.69056136999279,1,30.401655,True,True,1.430511474609375e-06
3878,105.7158020909992,1,25.166613,True,True,1.430511474609375e-06
3879,105.74441535799997,1,28.554746,True,True,1.430511474609375e-06
3880,105.79072957199242,1,46.243652,True,True,1.430511474609375e-06
3881,105.81612832300016,1,25.247832,True,True,1.430511474609375e-06
3882,105.84504459500022,1,28.835281,True,True,1.430511474609375e-06
3883,105.87501547299325,1,29.87685,True,True,1.430511474609375e-06
3884,105.90097350100405,1,25.881578,True,True,1.430511474609375e-06
3885,105.93009898600576,1,29.05674,True,True,1.430511474609375e-06
3886,105.96051179200003,1,30.348556,True,True,1.430511474609375e-06
3887,105.99101065400464,1,30.413824,True,True,1.430511474609375e-06
3888,106.01594986399869,1,24.863708,True,True,1.430511474609375e-06
3889,106.04016862399294,1,24.14186,True,True,1.430511474609375e-06
3890,106.05851283899392,1,18.213316,True,True,1.430511474609375e-06
3891,106.07673961900582,1,18.150769,True,True,1.430511474609375e-06
3892,106.09570238299784,1,18.901941,True,True,1.430511474609375e-06
3893,106.11374994200014,1,17.975925,True,True,1.430511474609375e-06
3894,106.13199628000439,1,18.186682,True,True,1.430511474609375e-06
3895,106.15054971499194,1,18.485174,True,True,1.430511474609375e-06
3896,106.16902619300527,1,18.348211,True,True,1.430511474609375e-06
3897,106.18763100600336,1,18.516194,True,True,1.430511474609375e-06
3898,106.20579758199165,1,18.098052,True,True,1.430511474609375e-06
3899,106.22895959799644,1,23.105177,True,True,1.430511474609375e-06
3900,106.2588220040052,1,29.787081,True,True,1.430511474609375e-06
3901,106.28441031600232,1,25.522146,True,True,1.430511474609375e-06
3902,106.31415379300597,1,29.670876,True,True,1.430511474609375e-06
3903,106.35987007900258,1,45.638115,True,True,1.430511474609375e-06
3904,106.38578917999985,1,25.773772,True,True,1.430511474609375e-06
3905,106.41474754799856,1,28.856224,True,True,1.430511474609375e-06
3906,106.44486355499248,1,30.022019,True,True,1.430511474609375e-06
3907,106.47470390799572,1,29.756505,True,True,1.430511474609375e-06
3908,106.5002603699977,1,25.48623,True,True,1.430511474609375e-06
3909,106.52952697199362,1,29.187654,True,True,1.430511474609375e-06
3910,106.55963397299638,1,30.026948,True,True,1.430511474609375e-06
3911,106.60041891399305,1,40.703978,True,True,1.430511474609375e-06
3912,106.62879006500589,1,28.245904,True,True,1.430511474609375e-06
3913,106.65922617699835,1,30.351138,True,True,1.430511474609375e-06
3914,106.68982252999558,1,30.518099,True,True,1.430511474609375e-06
3915,106.71400624400121,1,24.107336,True,True,1.430511474609375e-06
3916,106.74399802800326,1,29.931488,True,True,1.430511474609375e-06
3917,106.77705739700468,1,32.987919,True,True,1.430511474609375e-06
3918,106.81651931500528,1,39.306718,True,True,1.430511474609375e-06
3919,106.84541682500276,1,28.775316,True,True,1.430511474609375e-06
3920,106.87565667499439,1,30.156162,True,True,1.430511474609375e-06
3921,106.90667337499326,1,30.935769,True,True,1.430511474609375e-06
3922,106.93057464700541,1,23.826423,True,True,1.430511474609375e-06
3923,106.96112785200239,1,30.49029,True,True,1.430511474609375e-06
3924,106.99137676600367,1,30.182045,True,True,1.430511474609375e-06
3925,107.01666358299553,1,25.220242,True,True,1.430511474609375e-06
3926,107.04057559100329,1,23.851515,True,True,1.430511474609375e-06
3927,107.05923972699384,1,18.595934,True,True,1.430511474609375e-06
3928,107.07724242599215,1,17.948664,True,True,1.430511474609375e-06
3929,107.09548866799742,1,18.190059,True,True,1.430511474609375e-06
3930,107.11371075900388,1,18.171318,True,True,1.430511474609375e-06
3931,107.13173417799408,1,17.972057,True,True,1.430511474609375e-06
3932,107.14965740700427,1,17.875119,True,True,1.430511474609375e-06
3933,107.16759150099824,1,17.882787,True,True,1.430511474609375e-06
3934,107.18618139099272,1,18.54368,True,True,1.430511474609375e-06
3935,107.20445925999957,1,18.229156,True,True,1.430511474609375e-06
3936,107.22734900200157,1,22.831263,True,True,1.430511474609375e-06
3937,107.26478155999212,1,37.367981,True,True,1.430511474609375e-06
3938,107.29656000400428,1,31.637935,True,True,1.430511474609375e-06
3939,107.32704389799619,1,30.39196,True,True,1.430511474609375e-06
3940,107.37384072199347,1,46.71126,True,True,1.430511474609375e-06
3941,107.39899691200117,1,25.010053,True,True,1.430511474609375e-06
3942,107.42858469299972,1,29.502957,True,True,1.430511474609375e-06
3943,107.45897704700474,1,30.315967,True,True,1.430511474609375e-06
3944,107.48902287600504,1,29.969599,True,True,1.430511474609375e-06
3945,107.51301473799685,1,23.924174,True,True,1.430511474609375e-06
3946,107.54268416900595,1,29.604906,True,True,1.430511474609375e-06
3947,107.56865159599693,1,25.903639,True,True,1.430511474609375e-06
3948,107.5971323519916,1,28.410702,True,True,1.430511474609375e-06
3949,107.62707922600384,1,29.887122,True,True,1.430511474609375e-06
3950,107.6578129529953,1,30.666909,True,True,1.430511474609375e-06
3951,107.68341565100127,1,25.513714,True,True,1.430511474609375e-06
3952,107.71246036999219,1,28.971395,True,True,1.430511474609375e-06
3953,107.74284807199729,1,30.326586,True,True,1.430511474609375e-06
3954,107.77853247500025,1,35.622277,True,True,1.430511474609375e-06
3955,107.813124488006,1,34.436502,True,True,1.430511474609375e-06
3956,107.84379337400605,1,30.561115,True,True,1.430511474609375e-06
3957,107.8741842390009,1,30.320575,True,True,1.430511474609375e-06
3958,107.91109958100424,1,36.834537,True,True,1.430511474609375e-06
3959,107.94495717500104,1,33.732592,True,True,1.430511474609375e-06
3960,107.97501728999487,1,29.955953,True,True,1.430511474609375e-06
3961,107.99973360699369,1,24.637564,True,True,1.430511474609375e-06
3962,108.02946260299359,1,29.657095,True,True,1.430511474609375e-06
3963,108.04882543100393,1,19.267604,True,True,1.430511474609375e-06
3964,108.06690142200387,1,18.003706,True,True,1.430511474609375e-06
3965,108.0849874150008,1,18.027594,True,True,1.430511474609375e-06
3966,108.1034789349942,1,18.431646,True,True,1.430511474609375e-06
3967,108.1218388779962,1,18.300422,True,True,1.430511474609375e-06
3968,108.14014202399994,1,18.231772,True,True,1.430511474609375e-06
3969,108.15838391899888,1,18.184935,True,True,1.430511474609375e-06
3970,108.1767751169973,1,18.336146,True,True,1.430511474609375e-06
3971,108.1947693139955,1,17.940264,True,True,1.430511474609375e-06
3972,108.2135197489988,1,18.65198,True,True,1.430511474609375e-06
3973,108.24253298499389,1,28.932156,True,True,1.430511474609375e-06
3974,108.26799522500369,1,25.358907,True,True,1.430511474609375e-06
3975,108.29731268199976,1,29.240861,True,True,1.430511474609375e-06
3976,108.3278970609972,1,30.500563,True,True,1.430511474609375e-06
3977,108.36899136399734,1,40.990453,True,True,1.430511474609375e-06
3978,108.39745317399502,1,28.299683,True,True,1.430511474609375e-06
3979,108.42783262500598,1,30.277723,True,True,1.430511474609375e-06
3980,108.45830321199901,1,30.376369,True,True,1.430511474609375e-06
3981,108.48385515100381,1,25.471816,True,True,1.430511474609375e-06
3982,108.51290280499961,1,28.963544,True,True,1.430511474609375e-06
3983,108.54295314400224,1,29.968624,True,True,1.430511474609375e-06
3984,108.56776678599999,1,24.731115,True,True,1.430511474609375e-06
3985,108.59685032599373,1,29.014289,True,True,1.430511474609375e-06
3986,108.62722084899724,1,30.30208,True,True,1.430511474609375e-06
3987,108.65717396599939,1,29.867017,True,True,1.430511474609375e-06
3988,108.68253875500523,1,25.288554,True,True,1.430511474609375e-06
3989,108.71141108499432,1,28.803848,True,True,1.430511474609375e-06
3990,108.74410006499966,1,32.616576,True,True,1.430511474609375e-06
3991,108.79695313099364,1,52.728541,True,True,1.430511474609375e-06
3992,108.82719994700165,1,30.092922,True,True,1.430511474609375e-06
3993,108.8578723630053,1,30.582322,True,True,1.430511474609375e-06
3994,108.88338724199275,1,25.436968,True,True,1.430511474609375e-06
3995,108.91251247699256,1,29.060261,True,True,1.430511474609375e-06
3996,108.9420890219917,1,29.499787,True,True,1.430511474609375e-06
3997,108.96772346099897,1,25.564901,True,True,1.430511474609375e-06
3998,108.99710283700551,1,29.297416,True,True,1.430511474609375e-06
3999,109.02712587600399,1,29.954893,True,True,1.430511474609375e-06
4000,109.04642685799627,1,19.232351,True,True,1.430511474609375e-06
4001,109.06536786200013,1,18.877421,True,True,1.430511474609375e-06
4002,109.08342260299833,1,17.99631,True,True,1.430511474609375e-06
4003,109.10159636699245,1,18.113815,True,True,1.430511474609375e-06
4004,109.1199763189943,1,18.313424,True,True,1.430511474609375e-06
4005,109.13812518499617,1,18.08702,True,True,1.430511474609375e-06
4006,109.15646460300195,1,18.280833,True,True,1.430511474609375e-06
4007,109.17468814799213,1,18.161518,True,True,1.430511474609375e-06
4008,109.19270405299903,1,17.962538,True,True,1.430511474609375e-06
4009,109.21094191999873,1,18.174152,True,True,1.430511474609375e-06
4010,109.23522003399557,1,24.14419,True,True,1.430511474609375e-06
4011,109.26618033100385,1,30.861625,True,True,1.430511474609375e-06
4012,109.2952587990003,1,28.994169,True,True,1.430511474609375e-06
4013,109.32023511599982,1,24.901568,True,True,1.430511474609375e-06
4014,109.36577480800042,1,45.417809,True,True,1.430511474609375e-06
4015,109.39505309099331,1,29.129262,True,True,1.430511474609375e-06
4016,109.42572530699545,1,30.581585,True,True,1.430511474609375e-06
4017,109.45108462199278,1,25.283308,True,True,1.430511474609375e-06
4018,109.47988188499585,1,28.729338,True,True,1.430511474609375e-06
4019,109.51016900899413,1,30.220907,True,True,1.430511474609375e-06
4020,109.54634778799664,1,36.11197,True,True,1.430511474609375e-06
4021,109.5764418089966,1,29.954036,True,True,1.430511474609375e-06
4022,109.61721096899419,1,40.656716,True,True,1.430511474609375e-06
4023,109.64639180799713,1,29.050651,True,True,1.430511474609375e-06
4024,109.67616782900586,1,29.668141,True,True,1.430511474609375e-06
4025,109.70180876000086,1,25.552352,True,True,1.430511474609375e-06
4026,109.73101869800303,1,29.107594,True,True,1.430511474609375e-06
4027,109.76088631099265,1,29.786612,True,True,1.430511474609375e-06
4028,109.80185417199391,1,40.876989,True,True,1.430511474609375e-06
4029,109.83053651099908,1,28.527817,True,True,1.430511474609375e-06
4030,109.86067819400341,1,30.04926,True,True,1.430511474609375e-06
4031,109.8918225219968,1,31.067368,True,True,1.430511474609375e-06
4032,109.91680210499908,1,24.885221,True,True,1.430511474609375e-06
4033,109.94595873399521,1,29.067797,True,True,1.430511474609375e-06
4034,109.97644149900589,1,30.402387,True,True,1.430511474609375e-06
4035,110.00656470199465,1,30.035334,True,True,1.430511474609375e-06
4036,110.04171926699928,1,19.908817,True,True,1.430511474609375e-06
4037,110.06039488800161,1,18.573744,True,True,1.430511474609375e-06
4038,110.0785119409993,1,18.041815,True,True,1.430511474609375e-06
4039,110.09718150799745,1,18.6094,True,True,1.430511474609375e-06
4040,110.11529839200375,1,18.034862,True,True,1.430511474609375e-06
4041,110.13354329299182,1,18.177527,True,True,1.430511474609375e-06
4042,110.15183059500123,1,18.222709,True,True,1.430511474609375e-06
4043,110.1699027709983,1,18.004155,True,True,1.430511474609375e-06
4044,110.18847549200291,1,18.514977,True,True,1.430511474609375e-06
4045,110.20682645800116,1,18.276834,True,True,1.430511474609375e-06
4046,110.22972337900137,1,22.834156,True,True,1.430511474609375e-06
4047,110.26042681900435,1,30.627051,True,True,1.430511474609375e-06
4048,110.2854144879966,1,24.913633,True,True,1.430511474609375e-06
4049,110.31477182399249,1,29.264117,True,True,1.430511474609375e-06
4050,110.34509023099963,1,30.189373,True,True,1.430511474609375e-06
4051,110.39078244600387,1,45.598029,True,True,1.430511474609375e-06
4052,110.41590269199514,1,24.973995,True,True,1.430511474609375e-06
4053,110.44457326199336,1,28.577315,True,True,1.430511474609375e-06
4054,110.47466542899201,1,30.018766,True,True,1.430511474609375e-06
4055,110.49927626100543,1,24.538073,True,True,1.430511474609375e-06
4056,110.52915871600271,1,29.810244,True,True,1.430511474609375e-06
4057,110.55913052499818,1,29.89993,True,True,1.430511474609375e-06
4058,110.58926495599735,1,30.060197,True,True,1.430511474609375e-06
4059,110.6134402250027,1,24.113253,True,True,1.430511474609375e-06
4060,110.64401700500457,1,30.512539,True,True,1.430511474609375e-06
4061,110.66878665299737,1,24.69207,True,True,1.430511474609375e-06
4062,110.69784605399764,1,28.971332,True,True,1.430511474609375e-06
4063,110.72753381599614,1,29.603038,True,True,1.430511474609375e-06
4064,110.75733264899463,1,29.719741,True,True,1.430511474609375e-06
4065,110.7979058619967,1,40.493935,True,True,1.430511474609375e-06
4066,110.82783703299356,1,29.778146,True,True,1.430511474609375e-06
4067,110.85758920499939,1,29.64839,True,True,1.430511474609375e-06
4068,110.88257815199904,1,24.905765,True,True,1.430511474609375e-06
4069,110.91148922899447,1,28.842066,True,True,1.430511474609375e-06
4070,110.94173419699655,1,30.173864,True,True,1.430511474609375e-06
4071,110.96644502600248,1,24.639218,True,True,1.430511474609375e-06
4072,110.99601852499472,1,29.511352,True,True,1.430511474609375e-06
4073,111.02634984000179,1,30.256962,True,True,1.430511474609375e-06
4074,111.04584480599442,1,19.372208,True,True,1.430511474609375e-06
4075,111.06402781199722,1,18.100573,True,True,1.430511474609375e-06
4076,111.0822874919977,1,18.200903,True,True,1.430511474609375e-06
4077,111.10063327399257,1,18.293002,True,True,1.430511474609375e-06
4078,111.11887275299523,1,18.168498,True,True,1.430511474609375e-06
4079,111.13724176499818,1,18.307807,True,True,1.430511474609375e-06
4080,111.15596758699394,1,18.615458,True,True,1.430511474609375e-06
4081,111.1743077699939,1,18.23493,True,True,1.430511474609375e-06
4082,111.19244102299854,1,18.064899,True,True,1.430511474609375e-06
4083,111.21072791700135,1,18.219848,True,True,1.430511474609375e-06
4084,111.23520972399274,1,24.421405,True,True,1.430511474609375e-06
4085,111.27058666199446,1,35.275336,True,True,1.430511474609375e-06
4086,111.29577510200033,1,25.07864,True,True,1.430511474609375e-06
4087,111.3245273539942,1,28.648677,True,True,1.430511474609375e-06
4088,111.3580973920034,1,33.475659,True,True,1.430511474609375e-06
4089,111.39610076999816,1,37.852885,True,True,1.430511474609375e-06
4090,111.42495118899387,1,28.722383,True,True,1.430511474609375e-06
4091,111.45519570499891,1,30.14952,True,True,1.430511474609375e-06
4092,111.48542509399704,1,30.133282,True,True,1.430511474609375e-06
4093,111.52206639799988,1,36.561221,True,True,1.430511474609375e-06
4094,111.55531011200219,1,33.113494,True,True,1.430511474609375e-06
4095,111.5852967450046,1,29.88457,True,True,1.430511474609375e-06
4096,111.61025723800412,1,24.882867,True,True,1.430511474609375e-06
4097,111.63913397700526,1,28.804255,True,True,1.430511474609375e-06
4098,111.66959084599512,1,30.388886,True,True,1.430511474609375e-06
4099,111.69947068000329,1,29.795377,True,True,1.430511474609375e-06
4100,111.72387086300296,1,24.320304,True,True,1.430511474609375e-06
4101,111.7542979800055,1,30.358287,True,True,1.430511474609375e-06
4102,111.78496151699801,1,30.592117,True,True,1.430511474609375e-06
4103,111.82631100100116,1,41.236896,True,True,1.430511474609375e-06
4104,111.85495279700262,1,28.536015,True,True,1.430511474609375e-06
4105,111.88485095600481,1,29.820431,True,True,1.430511474609375e-06
4106,111.90953596000327,1,24.610859,True,True,1.430511474609375e-06
4107,111.93892437800241,1,29.325076,True,True,1.430511474609375e-06
4108,111.96859194699209,1,29.600058,True,True,1.430511474609375e-06
4109,111.99375503699412,1,25.097156,True,True,1.430511474609375e-06
4110,112.02315444499254,1,29.328594,True,True,1.430511474609375e-06
4111,112.04813149900292,1,24.905969,True,True,1.430511474609375e-06
4112,112.06698384899937,1,18.782858,True,True,1.430511474609375e-06
4113,112.08531350499834,1,18.272671,True,True,1.430511474609375e-06
4114,112.1037018729985,1,18.317424,True,True,1.430511474609375e-06
4115,112.1217163340043,1,17.950567,True,True,1.430511474609375e-06
4116,112.13983939199534,1,18.055881,True,True,1.430511474609375e-06
4117,112.15820928999165,1,18.251228,True,True,1.430511474609375e-06
4118,112.1765483640047,1,18.234112,True,True,1.430511474609375e-06
4119,112.19482162799977,1,18.198001,True,True,1.430511474609375e-06
4120,112.21283320599468,1,17.949132,True,True,1.430511474609375e-06
4121,112.23625009000534,1,23.356249,True,True,1.430511474609375e-06
4122,112.26132591099304,1,24.997904,True,True,1.430511474609375e-06
4123,112.29673515800096,1,35.330552,True,True,1.430511474609375e-06
4124,112.32178283399844,1,24.940006,True,True,1.430511474609375e-06
4125,112.35268633399392,1,30.801394,True,True,1.430511474609375e-06
4126,112.39723317499738,1,44.428478,True,True,1.430511474609375e-06
4127,112.42234200199891,1,24.997943,True,True,1.430511474609375e-06
4128,112.45166972199513,1,29.246269,True,True,1.430511474609375e-06
4129,112.48142945099971,1,29.687118,True,True,1.430511474609375e-06
4130,112.51147109200247,1,29.962018,True,True,1.430511474609375e-06
4131,112.53587249999691,1,24.330047,True,True,1.430511474609375e-06
4132,112.56603257800452,1,30.093991,True,True,1.430511474609375e-06
4133,112.5959573470027,1,29.857919,True,True,1.430511474609375e-06
4134,112.6213485920016,1,25.319611,True,True,1.430511474609375e-06
4135,112.66194722699584,1,40.529629,True,True,1.430511474609375e-06
4136,112.68612413300434,1,24.029283,True,True,1.430511474609375e-06
4137,112.7162291160057,1,30.011976,True,True,1.430511474609375e-06
4138,112.74676218199602,1,30.449192,True,True,1.430511474609375e-06
4139,112.78514926599746,1,38.311513,True,True,1.430511474609375e-06
4140,112.817016083005,1,31.714623,True,True,1.430511474609375e-06
4141,112.8474100369931,1,30.291806,True,True,1.430511474609375e-06
4142,112.87240174600447,1,24.913162,True,True,1.430511474609375e-06
4143,112.9013479569985,1,28.872143,True,True,1.430511474609375e-06
4144,112.93170347699197,1,30.279491,True,True,1.430511474609375e-06
4145,112.96145164000336,1,29.674012,True,True,1.430511474609375e-06
4146,112.98617781599751,1,24.651564,True,True,1.430511474609375e-06
4147,113.01593639800558,1,29.692147,True,True,1.430511474609375e-06
4148,113.04066800800501,1,24.66571,True,True,1.430511474609375e-06
4149,113.05930933900527,1,18.568337,True,True,1.430511474609375e-06
4150,113.07753442900139,1,18.168231,True,True,1.430511474609375e-06
4151,113.09557333799603,1,17.987277,True,True,1.430511474609375e-06
4152,113.1135605849995,1,17.926482,True,True,1.430511474609375e-06
4153,113.13152750099835,1,17.907017,True,True,1.430511474609375e-06
4154,113.14971399299975,1,18.124877,True,True,1.430511474609375e-06
4155,113.16802886899677,1,18.249129,True,True,1.430511474609375e-06
4156,113.19372729699535,1,25.598787,True,True,1.430511474609375e-06
4157,113.21538340799452,1,21.550459,True,True,1.430511474609375e-06
4158,113.23923192199436,1,23.768056,True,True,1.430511474609375e-06
4159,113.26940498799377,1,30.090855,True,True,1.430511474609375e-06
4160,113.29350599000463,1,24.029478,True,True,1.430511474609375e-06
4161,113.32230607399833,1,28.7216,True,True,1.430511474609375e-06
4162,113.35252848100208,1,30.144575,True,True,1.430511474609375e-06
4163,113.3914319530013,1,38.816986,True,True,1.430511474609375e-06
4164,113.42245535999245,1,30.879643,True,True,1.430511474609375e-06
4165,113.45252517399786,1,29.969441,True,True,1.430511474609375e-06
4166,113.47804495500168,1,25.439249,True,True,1.430511474609375e-06
4167,113.50651325499348,1,28.399806,True,True,1.430511474609375e-06
4168,113.5366726909997,1,30.084971,True,True,1.430511474609375e-06
4169,113.56686236200039,1,30.117232,True,True,1.430511474609375e-06
4170,113.59093711699825,1,24.004028,True,True,1.430511474609375e-06
4171,113.62146133599163,1,30.460831,True,True,1.430511474609375e-06
4172,113.65130675799446,1,29.779482,True,True,1.430511474609375e-06
4173,113.6764763109968,1,25.082914,True,True,1.430511474609375e-06
4174,113.70578436899814,1,29.231448,True,True,1.430511474609375e-06
4175,113.73553137900308,1,29.672541,True,True,1.430511474609375e-06
4176,113.76090394699713,1,25.297011,True,True,1.430511474609375e-06
4177,113.80636783900263,1,45.396956,True,True,1.430511474609375e-06
4178,113.83667466200131,1,30.155949,True,True,1.430511474609375e-06
4179,113.87756491500477,1,40.7908,True,True,1.430511474609375e-06
4180,113.90603460400598,1,28.350881,True,True,1.430511474609375e-06
4181,113.93667049299984,1,30.554895,True,True,1.430511474609375e-06
4182,113.96143673500046,1,24.695596,True,True,1.430511474609375e-06
4183,113.99032644199906,1,28.826103,True,True,1.430511474609375e-06
4184,114.01992105800309,1,29.527788,True,True,1.430511474609375e-06
4185,114.04526065099344,1,25.275373,True,True,1.430511474609375e-06
4186,114.06368780200137,1,18.365605,True,True,1.430511474609375e-06
4187,114.08236163700349,1,18.613008,True,True,1.430511474609375e-06
4188,114.10060917399824,1,18.184182,True,True,1.430511474609375e-06
4189,114.11855815599847,1,17.881994,True,True,1.430511474609375e-06
4190,114.1367706979945,1,18.15551,True,True,1.430511474609375e-06
4191,114.15539610099222,1,18.559638,True,True,1.430511474609375e-06
4192,114.17344994700397,1,17.981532,True,True,1.430511474609375e-06
4193,114.19182456699491,1,18.304398,True,True,1.430511474609375e-06
4194,114.21017488499638,1,18.226965,True,True,1.430511474609375e-06
4195,114.22846631800348,1,18.208288,True,True,1.430511474609375e-06
4196,114.25924102100544,1,30.698286,True,True,1.430511474609375e-06
4197,114.28910422799527,1,29.767338,True,True,1.430511474609375e-06
4198,114.31927713200275,1,30.062667,True,True,1.430511474609375e-06
4199,114.34932438799297,1,29.918394,True,True,1.430511474609375e-06
4200,114.3955688970018,1,46.151177,True,True,1.430511474609375e-06
4201,114.42116513400106,1,25.446159,True,True,1.430511474609375e-06
4202,114.45017395800096,1,28.924792,True,True,1.430511474609375e-06
4203,114.48106930899667,1,30.811135,True,True,1.430511474609375e-06
4204,114.51825022599951,1,37.049042,True,True,1.430511474609375e-06
4205,114.55162816699885,1,33.254631,True,True,1.430511474609375e-06
4206,114.58237869899312,1,30.645174,True,True,1.430511474609375e-06
4207,114.61227916200005,1,29.822971,True,True,1.430511474609375e-06
4208,114.63765884499298,1,25.300679,True,True,1.430511474609375e-06
4209,114.6667525840021,1,29.023247,True,True,1.430511474609375e-06
4210,114.697298700994,1,30.473344,True,True,1.430511474609375e-06
4211,114.72231750500214,1,24.952014,True,True,1.430511474609375e-06
4212,114.75133011699654,1,28.943567,True,True,1.430511474609375e-06
4213,114.79716043299413,1,45.759342,True,True,1.430511474609375e-06
4214,114.82737082800304,1,30.067407,True,True,1.430511474609375e-06
4215,114.85161372700532,1,24.154645,True,True,1.430511474609375e-06
4216,114.88199789299688,1,30.309568,True,True,1.430511474609375e-06
4217,114.91262713399192,1,30.517297,True,True,1.430511474609375e-06
4218,114.93743100199208,1,24.722425,True,True,1.430511474609375e-06
4219,114.96620495000388,1,28.707359,True,True,1.430511474609375e-06
4220,114.99683264200576,1,30.559534,True,True,1.430511474609375e-06
4221,115.02162200500607,1,24.723104,True,True,1.430511474609375e-06
4222,115.05458125700534,1,19.725261,True,True,1.430511474609375e-06
4223,115.07254423199629,1,17.872515,True,True,1.430511474609375e-06
4224,115.09086078300606,1,18.243876,True,True,1.430511474609375e-06
4225,115.10887459499645,1,17.936587,True,True,1.430511474609375e-06
4226,115.12689653500274,1,17.954435,True,True,1.430511474609375e-06
4227,115.14551114100323,1,18.545375,True,True,1.430511474609375e-06
4228,115.16376062999188,1,18.184217,True,True,1.430511474609375e-06
4229,115.18164834300114,1,17.827444,True,True,1.430511474609375e-06
4230,115.19973668099556,1,18.035324,True,True,1.430511474609375e-06
4231,115.21772133499326,1,17.926715,True,True,1.430511474609375e-06
4232,115.24804661699454,1,30.267958,True,True,1.430511474609375e-06
4233,115.27709267599857,1,28.955858,True,True,1.430511474609375e-06
4234,115.30681039599585,1,29.641868,True,True,1.430511474609375e-06
4235,115.33213671999692,1,25.239826,True,True,1.430511474609375e-06
4236,115.39228389700293,1,60.066637,True,True,1.430511474609375e-06
4237,115.41759154900501,1,25.153476,True,True,1.430511474609375e-06
4238,115.44699463600409,1,29.299802,True,True,1.430511474609375e-06
4239,115.47672320599668,1,29.641594,True,True,1.430511474609375e-06
4240,115.50625199600472,1,29.445742,True,True,1.430511474609375e-06
4241,115.53175659199769,1,25.422079,True,True,1.430511474609375e-06
4242,115.56071887099824,1,28.883146,True,True,1.430511474609375e-06
4243,115.59060564100218,1,29.812975,True,True,1.430511474609375e-06
4244,115.61610828200355,1,25.41004,True,True,1.430511474609375e-06
4245,115.64575243399304,1,29.564785,True,True,1.430511474609375e-06
4246,115.67535534199851,1,29.528012,True,True,1.430511474609375e-06
4247,115.70049398600531,1,25.07282,True,True,1.430511474609375e-06
4248,115.72965734900208,1,29.09891,True,True,1.430511474609375e-06
4249,115.75949196099828,1,29.767806,True,True,1.430511474609375e-06
4250,115.80015697899216,1,40.592699,True,True,1.430511474609375e-06
4251,115.82881748399814,1,28.504308,True,True,1.430511474609375e-06
4252,115.8588349759957,1,29.936233,True,True,1.430511474609375e-06
4253,115.8838239129982,1,24.916388,True,True,1.430511474609375e-06
4254,115.91291186399758,1,29.01471,True,True,1.430511474609375e-06
4255,115.94316016099765,1,30.173022,True,True,1.430511474609375e-06
4256,115.9727455079992,1,29.511194,True,True,1.430511474609375e-06
4257,115.99686949700117,1,24.059291,True,True,1.430511474609375e-06
4258,116.02645096099877,1,29.514444,True,True,1.430511474609375e-06
4259,116.04653260200575,1,19.999811,True,True,1.430511474609375e-06
4260,116.0647512949945,1,18.112851,True,True,1.430511474609375e-06
4261,116.08285524700477,1,18.026504,True,True,1.430511474609375e-06
4262,116.10098748399469,1,18.072894,True,True,1.430511474609375e-06
4263,116.1190028150013,1,17.950335,True,True,1.430511474609375e-06
4264,116.1375359060039,1,18.473081,True,True,1.430511474609375e-06
4265,116.15588431300421,1,18.289001,True,True,1.430511474609375e-06
4266,116.17423063400201,1,18.221983,True,True,1.430511474609375e-06
4267,116.199588442003,1,25.270599,True,True,1.430511474609375e-06
4268,116.22587539699452,1,26.200348,True,True,1.430511474609375e-06
4269,116.25669313399703,1,30.713828,True,True,1.430511474609375e-06
4270,116.28108231999795,1,24.279662,True,True,1.430511474609375e-06
4271,116.31135148399335,1,30.192892,True,True,1.430511474609375e-06
4272,116.33574453600158,1,24.298397,True,True,1.430511474609375e-06
4273,116.36584107599629,1,30.015307,True,True,1.430511474609375e-06
4274,116.41200211299292,1,46.078124,True,True,1.430511474609375e-06
4275,116.43712261799374,1,24.977249,True,True,1.430511474609375e-06
4276,116.46619265900517,1,28.976269,True,True,1.430511474609375e-06
4277,116.49585906800348,1,29.592926,True,True,1.430511474609375e-06
4278,116.52071944400086,1,24.791508,True,True,1.430511474609375e-06
4279,116.5492305259977,1,28.443865,True,True,1.430511474609375e-06
4280,116.57922682499338,1,29.924612,True,True,1.430511474609375e-06
4281,116.60451950700372,1,25.227469,True,True,1.430511474609375e-06
4282,116.63333203000366,1,28.746871,True,True,1.430511474609375e-06
4283,116.66344149400538,1,30.042467,True,True,1.430511474609375e-06
4284,116.69382137799403,1,30.294049,True,True,1.430511474609375e-06
4285,116.7180277860025,1,24.137212,True,True,1.430511474609375e-06
4286,116.74791733500024,1,29.819973,True,True,1.430511474609375e-06
4287,116.78945865199785,1,41.465307,True,True,1.430511474609375e-06
4288,116.81870136599173,1,29.090582,True,True,1.430511474609375e-06
4289,116.84856867000053,1,29.767071,True,True,1.430511474609375e-06
4290,116.87927432400465,1,30.623437,True,True,1.430511474609375e-06
4291,116.90432767799939,1,24.983985,True,True,1.430511474609375e-06
4292,116.93356071300514,1,29.164744,True,True,1.430511474609375e-06
4293,116.96325656400586,1,29.618272,True,True,1.430511474609375e-06
4294,116.9939180109941,1,30.590138,True,True,1.430511474609375e-06
4295,117.01812210799835,1,24.135301,True,True,1.430511474609375e-06
4296,117.04413523900439,1,25.94072,True,True,1.430511474609375e-06
4297,117.06224638600543,1,18.043532,True,True,1.430511474609375e-06
4298,117.08019155799411,1,17.885724,True,True,1.430511474609375e-06
4299,117.09869637299562,1,18.44499,True,True,1.430511474609375e-06
4300,117.11690901999827,1,18.151212,True,True,1.430511474609375e-06
4301,117.13498027800233,1,18.010052,True,True,1.430511474609375e-06
4302,117.15306213399163,1,18.024093,True,True,1.430511474609375e-06
4303,117.17107524600578,1,17.951263,True,True,1.430511474609375e-06
4304,117.18960647299537,1,18.472473,True,True,1.430511474609375e-06
4305,117.20758548399317,1,17.909002,True,True,1.430511474609375e-06
4306,117.23065580999537,1,23.012851,True,True,1.430511474609375e-06
4307,117.25519361600163,1,24.421666,True,True,1.430511474609375e-06
4308,117.28511574800359,1,29.853122,True,True,1.430511474609375e-06
4309,117.31362876099593,1,28.407234,True,True,1.430511474609375e-06
4310,117.34333582100226,1,29.604788,True,True,1.430511474609375e-06
4311,117.37414451599761,1,30.710744,True,True,1.430511474609375e-06
4312,117.41295404899574,1,38.716085,True,True,1.430511474609375e-06
4313,117.4441679839947,1,31.07657,True,True,1.430511474609375e-06
4314,117.4743606819975,1,30.102452,True,True,1.430511474609375e-06
4315,117.4990864769934,1,24.649772,True,True,1.430511474609375e-06
4316,117.52856401499594,1,29.406655,True,True,1.430511474609375e-06
4317,117.55842238900368,1,29.782286,True,True,1.430511474609375e-06
4318,117.58340884800418,1,24.919943,True,True,1.430511474609375e-06
4319,117.61287308800092,1,29.401398,True,True,1.430511474609375e-06
4320,117.64289531200484,1,29.957099,True,True,1.430511474609375e-06
4321,117.67285354099295,1,29.890145,True,True,1.430511474609375e-06
4322,117.69815398300125,1,25.230625,True,True,1.430511474609375e-06
4323,117.72679855499882,1,28.577404,True,True,1.430511474609375e-06
4324,117.75684451199777,1,29.976641,True,True,1.430511474609375e-06
4325,117.79731735600217,1,40.397496,True,True,1.430511474609375e-06
4326,117.8269625989924,1,29.352094,True,True,1.430511474609375e-06
4327,117.85653376599657,1,29.480916,True,True,1.430511474609375e-06
4328,117.88156249100575,1,24.957326,True,True,1.430511474609375e-06
4329,117.91031067600125,1,28.681767,True,True,1.430511474609375e-06
4330,117.94109740300337,1,30.716204,True,True,1.430511474609375e-06
4331,117.9659974249953,1,24.826716,True,True,1.430511474609375e-06
4332,117.9948600140051,1,28.794875,True,True,1.430511474609375e-06
4333,118.0244545530004,1,29.531708,True,True,1.430511474609375e-06
4334,118.04362598599982,1,19.110533,True,True,1.430511474609375e-06
4335,118.06171361799352,1,18.027597,True,True,1.430511474609375e-06
4336,118.07995856199705,1,18.193279,True,True,1.430511474609375e-06
4337,118.09800589400402,1,17.994933,True,True,1.430511474609375e-06
4338,118.12298622599337,1,24.910517,True,True,1.430511474609375e-06
4339,118.14418077199662,1,21.111478,True,True,1.430511474609375e-06
4340,118.16279072299949,1,18.53834,True,True,1.430511474609375e-06
4341,118.18108276599378,1,18.234188,True,True,1.430511474609375e-06
4342,118.19908898799622,1,17.904975,True,True,1.430511474609375e-06
4343,118.21717228999478,1,18.015311,True,True,1.430511474609375e-06
4344,118.24666015799448,1,29.418695,True,True,1.430511474609375e-06
4345,118.27723956400587,1,30.491807,True,True,1.430511474609375e-06
4346,118.30722968099872,1,29.922353,True,True,1.430511474609375e-06
4347,118.33223369100597,1,24.919276,True,True,1.430511474609375e-06
4348,118.36147498700302,1,29.165478,True,True,1.430511474609375e-06
4349,118.40693744899181,1,45.385527,True,True,1.430511474609375e-06
4350,118.43250441999407,1,25.414009,True,True,1.430511474609375e-06
4351,118.46233735900023,1,29.747779,True,True,1.430511474609375e-06
4352,118.49214899000071,1,29.739857,True,True,1.430511474609375e-06
4353,118.52276997399167,1,30.554816,True,True,1.430511474609375e-06
4354,118.54695489199366,1,24.115818,True,True,1.430511474609375e-06
4355,118.57644624399836,1,29.423527,True,True,1.430511474609375e-06
4356,118.60697543800052,1,30.442286,True,True,1.430511474609375e-06
4357,118.63200307400257,1,24.937173,True,True,1.430511474609375e-06
4358,118.66148551300284,1,29.402394,True,True,1.430511474609375e-06
4359,118.69170015900454,1,30.097692,True,True,1.430511474609375e-06
4360,118.72194587500417,1,30.163046,True,True,1.430511474609375e-06
4361,118.74689424999815,1,24.873744,True,True,1.430511474609375e-06
4362,118.79294656400452,1,45.977832,True,True,1.430511474609375e-06
4363,118.82305520999944,1,29.964186,True,True,1.430511474609375e-06
4364,118.84864878699591,1,25.497625,True,True,1.430511474609375e-06
4365,118.87778905600135,1,29.044476,True,True,1.430511474609375e-06
4366,118.90831377099676,1,30.441603,True,True,1.430511474609375e-06
4367,118.93333266099216,1,24.940111,True,True,1.430511474609375e-06
4368,118.96262907699565,1,29.218276,True,True,1.430511474609375e-06
4369,118.9924988529965,1,29.793905,True,True,1.430511474609375e-06
4370,119.02298940300534,1,30.419736,True,True,1.430511474609375e-06
4371,119.04221234899887,1,19.143344,True,True,1.430511474609375e-06
4372,119.06054541400226,1,18.270407,True,True,1.430511474609375e-06
4373,119.07853631899343,1,17.92654,True,True,1.430511474609375e-06
4374,119.09661264299939,1,18.018967,True,True,1.430511474609375e-06
4375,119.11514354399696,1,18.465147,True,True,1.430511474609375e-06
4376,119.13329540099949,1,18.091439,True,True,1.430511474609375e-06
4377,119.15133690400398,1,17.982196,True,True,1.430511474609375e-06
4378,119.16939546799404,1,18.001989,True,True,1.430511474609375e-06
4379,119.1878490329982,1,18.400296,True,True,1.430511474609375e-06
4380,119.20623384800274,1,18.300338,True,True,1.430511474609375e-06
4381,119.23062600199773,1,24.266556,True,True,1.430511474609375e-06
4382,119.26094199399813,1,30.221045,True,True,1.430511474609375e-06
4383,119.29014820199518,1,29.123669,True,True,1.430511474609375e-06
4384,119.32053898299637,1,30.302112,True,True,1.430511474609375e-06
4385,119.35117905499646,1,30.504512,True,True,1.430511474609375e-06
4386,119.37592840999423,1,24.641672,True,True,1.430511474609375e-06
4387,119.4209600549948,1,44.947255,True,True,1.430511474609375e-06
4388,119.45206360500015,1,30.956909,True,True,1.430511474609375e-06
4389,119.47691856199526,1,24.767028,True,True,1.430511474609375e-06
4390,119.50628396199318,1,29.288818,True,True,1.430511474609375e-06
4391,119.53614410599403,1,29.789729,True,True,1.430511474609375e-06
4392,119.5659711210028,1,29.754605,True,True,1.430511474609375e-06
4393,119.59005775299738,1,24.018562,True,True,1.430511474609375e-06
4394,119.62073195999255,1,30.60712,True,True,1.430511474609375e-06
4395,119.65054342900112,1,29.740454,True,True,1.430511474609375e-06
4396,119.67617115499161,1,25.53968,True,True,1.430511474609375e-06
4397,119.70475726400036,1,28.511605,True,True,1.430511474609375e-06
4398,119.73461932899954,1,29.79119,True,True,1.430511474609375e-06
4399,119.75942547900195,1,24.734194,True,True,1.430511474609375e-06
4400,119.819494166004,1,60.003363,True,True,1.430511474609375e-06
4401,119.84988885499479,1,30.244152,True,True,1.430511474609375e-06
4402,119.87395243899664,1,23.972694,True,True,1.430511474609375e-06
4403,119.904439756996,1,30.403536,True,True,1.430511474609375e-06
4404,119.93429140199441,1,29.781674,True,True,1.430511474609375e-06
4405,119.95924875700439,1,24.886194,True,True,1.430511474609375e-06
4406,119.98781560700445,1,28.50371,True,True,1.430511474609375e-06
4407,120.01801067500492,2,30.126326,True,True,1.430511474609375e-06
4408,120.0529500059929,2,21.552137,True,True,1.430511474609375e-06
4409,120.07123435700487,2,18.174451,True,True,1.430511474609375e-06
4410,120.08934823800519,2,18.036732,True,True,1.430511474609375e-06
4411,120.10735272099555,2,17.931149,True,True,1.430511474609375e-06
4412,120.12543824699242,2,18.020065,True,True,1.430511474609375e-06
4413,120.1438484560058,2,18.348404,True,True,1.430511474609375e-06
4414,120.16182298499916,2,17.909006,True,True,1.430511474609375e-06
4415,120.17984435899416,2,17.964867,True,True,1.430511474609375e-06
4416,120.198115392006,2,18.207967,True,True,1.430511474609375e-06
4417,120.21606924300431,2,17.891902,True,True,1.430511474609375e-06
4418,120.2405851759977,2,24.455921,True,True,1.430511474609375e-06
4419,120.2705143320054,2,29.85063,True,True,1.430511474609375e-06
4420,120.29929945500044,2,28.706069,True,True,1.430511474609375e-06
4421,120.3296303209936,2,30.255485,True,True,1.430511474609375e-06
4422,120.3543755379942,2,24.656089,True,True,1.430511474609375e-06
4423,120.38390141099808,2,29.449667,True,True,1.430511474609375e-06
4424,120.4302282199933,2,46.250256,True,True,1.430511474609375e-06
4425,120.46727710700361,2,36.898424,True,True,1.430511474609375e-06
4426,120.50061717900098,2,33.212982,True,True,1.430511474609375e-06
4427,120.53158617699228,2,30.867651,True,True,1.430511474609375e-06
4428,120.56153574500058,2,29.860673,True,True,1.430511474609375e-06
4429,120.58659614699718,2,24.980545,True,True,1.430511474609375e-06
4430,120.61591212300118,2,29.239154,True,True,1.430511474609375e-06
4431,120.64620371899218,2,30.189593,True,True,1.430511474609375e-06
4432,120.67645124299452,2,30.170931,True,True,1.430511474609375e-06
4433,120.70113028099877,2,24.613196,True,True,1.430511474609375e-06
4434,120.73089533299208,2,29.695953,True,True,1.430511474609375e-06
4435,120.76085784799943,2,29.895675,True,True,1.430511474609375e-06
4436,120.80138188200362,2,40.453786,True,True,1.430511474609375e-06
4437,120.83183310899767,2,30.307188,True,True,1.430511474609375e-06
4438,120.8616373219993,2,29.707942,True,True,1.430511474609375e-06
4439,120.88653258599516,2,24.81692,True,True,1.430511474609375e-06
4440,120.91554566199193,2,28.944427,True,True,1.430511474609375e-06
4441,120.94591245500487,2,30.285221,True,True,1.430511474609375e-06
4442,120.97086703499372,2,24.885498,True,True,1.430511474609375e-06
4443,121.0006271470047,2,29.694862,True,True,1.430511474609375e-06
4444,121.03063696999743,2,29.939062,True,True,1.430511474609375e-06
4445,121.04991483000049,2,19.153156,True,True,1.430511474609375e-06
4446,121.06846950799809,2,18.447096,True,True,1.430511474609375e-06
4447,121.08654131999356,2,17.997817,True,True,1.430511474609375e-06
4448,121.11233721900498,2,25.728945,True,True,1.430511474609375e-06
4449,121.13357044800068,2,21.143811,True,True,1.430511474609375e-06
4450,121.15222069500305,2,18.578219,True,True,1.430511474609375e-06
4451,121.17076151899528,2,18.403533,True,True,1.430511474609375e-06
4452,121.18879662100517,2,17.945575,True,True,1.430511474609375e-06
4453,121.20747179200407,2,18.606587,True,True,1.430511474609375e-06
4454,121.23047765600495,2,22.946508,True,True,1.430511474609375e-06
4455,121.25603835900256,2,25.485831,True,True,1.430511474609375e-06
4456,121.28473265199864,2,28.626734,True,True,1.430511474609375e-06
4457,121.31643693899969,2,31.643089,True,True,1.430511474609375e-06
4458,121.34666122800263,2,30.105995,True,True,1.430511474609375e-06
4459,121.3773622699955,2,30.601771,True,True,1.430511474609375e-06
4460,121.40453592600534,2,27.09116,True,True,1.430511474609375e-06
4461,121.4478500700061,2,43.184084,True,True,1.430511474609375e-06
4462,121.47826432100555,2,30.274007,True,True,1.430511474609375e-06
4463,121.50332460699428,2,24.971568,True,True,1.430511474609375e-06
4464,121.53236614099296,2,28.967962,True,True,1.430511474609375e-06
4465,121.56307473100605,2,30.629583,True,True,1.430511474609375e-06
4466,121.58780832699267,2,24.663852,True,True,1.430511474609375e-06
4467,121.6173122189939,2,29.430724,True,True,1.430511474609375e-06
4468,121.64739386399742,2,30.00154,True,True,1.430511474609375e-06
4469,121.6769034339959,2,29.419289,True,True,1.430511474609375e-06
4470,121.70122224799707,2,24.241368,True,True,1.430511474609375e-06
4471,121.7316163200012,2,30.325346,True,True,1.430511474609375e-06
4472,121.76163757800532,2,29.937948,True,True,1.430511474609375e-06
4473,121.80225860599603,2,40.543618,True,True,1.430511474609375e-06
4474,121.83226677299535,2,29.835106,True,True,1.430511474609375e-06
4475,121.86223624099512,2,29.8722,True,True,1.430511474609375e-06
4476,121.88780870000483,2,25.481763,True,True,1.430511474609375e-06
4477,121.9171936979983,2,29.311786,True,True,1.430511474609375e-06
4478,121.9506593059923,2,33.392079,True,True,1.430511474609375e-06
4479,121.98856047200388,2,37.766906,True,True,1.430511474609375e-06
4480,122.01812312100083,2,29.429097,True,True,1.430511474609375e-06
4481,122.04323241399834,2,25.015986,True,True,1.430511474609375e-06
4482,122.06256525999925,2,19.246127,True,True,1.430511474609375e-06
4483,122.08068267500494,2,18.045393,True,True,1.430511474609375e-06
4484,122.09882790700067,2,18.082567,True,True,1.430511474609375e-06
4485,122.1175448760041,2,18.649076,True,True,1.430511474609375e-06
4486,122.13549518800573,2,17.891016,True,True,1.430511474609375e-06
4487,122.15355362200353,2,17.996226,True,True,1.430511474609375e-06
4488,122.17204858700279,2,18.433225,True,True,1.430511474609375e-06
4489,122.18997646600474,2,17.873233,True,True,1.430511474609375e-06
4490,122.2079740199988,2,17.942714,True,True,1.430511474609375e-06
4491,122.23136356800387,2,23.33777,True,True,1.430511474609375e-06
4492,122.2616969679948,2,30.269968,True,True,1.430511474609375e-06
4493,122.28561030399578,2,23.82829,True,True,1.430511474609375e-06
4494,122.31540173399844,2,29.722737,True,True,1.430511474609375e-06
4495,122.34493330599798,2,29.454982,True,True,1.430511474609375e-06
4496,122.37069663699367,2,25.690646,True,True,1.430511474609375e-06
4497,122.3997080699919,2,28.935573,True,True,1.430511474609375e-06
4498,122.45098539699393,2,51.179104,True,True,1.430511474609375e-06
4499,122.48147427500226,2,30.331566,True,True,1.430511474609375e-06
4500,122.51123367200489,2,29.669019,True,True,1.430511474609375e-06
4501,122.53684184199665,2,25.528396,True,True,1.430511474609375e-06
4502,122.56639176599856,2,29.479993,True,True,1.430511474609375e-06
4503,122.59621234500082,2,29.753639,True,True,1.430511474609375e-06
4504,122.62143965899304,2,25.154603,True,True,1.430511474609375e-06
4505,122.65066818399646,2,29.16705,True,True,1.430511474609375e-06
4506,122.68133772499277,2,30.575557,True,True,1.430511474609375e-06
4507,122.71114474900241,2,29.730592,True,True,1.430511474609375e-06
4508,122.7366926179966,2,25.475569,True,True,1.430511474609375e-06
4509,122.76540498300164,2,28.643015,True,True,1.430511474609375e-06
4510,122.82264127999952,2,57.168146,True,True,1.430511474609375e-06
4511,122.85206570499577,2,29.270082,True,True,1.430511474609375e-06
4512,122.88166301000456,2,29.494527,True,True,1.430511474609375e-06
4513,122.91194656200241,2,30.189734,True,True,1.430511474609375e-06
4514,122.93654929100012,2,24.515263,True,True,1.430511474609375e-06
4515,122.96617612699629,2,29.54409,True,True,1.430511474609375e-06
4516,122.99637412599986,2,30.121433,True,True,1.430511474609375e-06
4517,123.02187467999465,2,25.422007,True,True,1.430511474609375e-06
4518,123.045474878003,2,23.532594,True,True,1.430511474609375e-06
4519,123.06346786000358,2,17.932307,True,True,1.430511474609375e-06
4520,123.08155374000489,2,18.028932,True,True,1.430511474609375e-06
4521,123.10043826200126,2,18.8307,True,True,1.430511474609375e-06
4522,123.11875994800357,2,18.257761,True,True,1.430511474609375e-06
4523,123.13680249699974,2,17.985386,True,True,1.430511474609375e-06
4524,123.15477379900403,2,17.912999,True,True,1.430511474609375e-06
4525,123.1729302330059,2,18.102778,True,True,1.430511474609375e-06
4526,123.19157923500461,2,18.588873,True,True,1.430511474609375e-06
4527,123.20983452399378,2,18.198857,True,True,1.430511474609375e-06
4528,123.23286598800041,2,22.932159,True,True,1.430511474609375e-06
4529,123.26336932000413,2,30.413261,True,True,1.430511474609375e-06
4530,123.28884308499983,2,25.394597,True,True,1.430511474609375e-06
4531,123.31825773400487,2,29.337783,True,True,1.430511474609375e-06
4532,123.34821023599943,2,29.878269,True,True,1.430511474609375e-06
4533,123.37843631800206,2,30.149264,True,True,1.430511474609375e-06
4534,123.40444045400363,2,25.916806,True,True,1.430511474609375e-06
4535,123.44782551599201,2,43.305075,True,True,1.430511474609375e-06
4536,123.47919010299665,2,31.24439,True,True,1.430511474609375e-06
4537,123.50448163200053,2,25.202793,True,True,1.430511474609375e-06
4538,123.5334416609985,2,28.881641,True,True,1.430511474609375e-06
4539,123.56376413299586,2,30.248445,True,True,1.430511474609375e-06
4540,123.59441899599915,2,30.582316,True,True,1.430511474609375e-06
4541,123.6184570829937,2,23.967229,True,True,1.430511474609375e-06
4542,123.64829479600303,2,29.77798,True,True,1.430511474609375e-06
4543,123.67830789300206,2,29.940404,True,True,1.430511474609375e-06
4544,123.70384588900197,2,25.469385,True,True,1.430511474609375e-06
4545,123.7324433150061,2,28.531177,True,True,1.430511474609375e-06
4546,123.76282775300206,2,30.315126,True,True,1.430511474609375e-06
4547,123.80348821899679,2,40.592591,True,True,1.430511474609375e-06
4548,123.83259112799715,2,28.959557,True,True,1.430511474609375e-06
4549,123.8626137389947,2,29.921748,True,True,1.430511474609375e-06
4550,123.88776609000342,2,25.073611,True,True,1.430511474609375e-06
4551,123.91678318999766,2,28.950792,True,True,1.430511474609375e-06
4552,123.94663672300521,2,29.763058,True,True,1.430511474609375e-06
4553,123.97196574100235,2,25.245937,True,True,1.430511474609375e-06
4554,124.0010310630023,2,28.98884,True,True,1.430511474609375e-06
4555,124.03124576099799,2,30.140977,True,True,1.430511474609375e-06
4556,124.05027654700098,2,18.95927,True,True,1.430511474609375e-06
4557,124.0684566879936,2,18.117566,True,True,1.430511474609375e-06
4558,124.08642451200285,2,17.912084,True,True,1.430511474609375e-06
4559,124.10460950099514,2,18.126576,True,True,1.430511474609375e-06
4560,124.12296652900113,2,18.289713,True,True,1.430511474609375e-06
4561,124.14099424399319,2,17.96547,True,True,1.430511474609375e-06
4562,124.15910049500235,2,18.045225,True,True,1.430511474609375e-06
4563,124.17733165499521,2,18.174909,True,True,1.430511474609375e-06
4564,124.1955730250047,2,18.184261,True,True,1.430511474609375e-06
4565,124.21381838100206,2,18.174701,True,True,1.430511474609375e-06
4566,124.23824279400287,2,24.334189,True,True,1.430511474609375e-06
4567,124.2740380680043,2,35.65945,True,True,1.430511474609375e-06
4568,124.29905185400276,2,24.907139,True,True,1.430511474609375e-06
4569,124.32845735699811,2,29.323029,True,True,1.430511474609375e-06
4570,124.35858989300323,2,30.029265,True,True,1.430511474609375e-06
4571,124.38407305500004,2,25.353259,True,True,1.430511474609375e-06
4572,124.4132655190042,2,29.108495,True,True,1.430511474609375e-06
4573,124.45952262799256,2,46.184645,True,True,1.430511474609375e-06
4574,124.48991912699421,2,30.253555,True,True,1.430511474609375e-06
4575,124.51549056399381,2,25.487262,True,True,1.430511474609375e-06
4576,124.54417049999756,2,28.60185,True,True,1.430511474609375e-06
4577,124.57449288900534,2,30.246815,True,True,1.430511474609375e-06
4578,124.59993066100287,2,25.365889,True,True,1.430511474609375e-06
4579,124.62877558199398,2,28.77423,True,True,1.430511474609375e-06
4580,124.66161016799742,2,32.765432,True,True,1.430511474609375e-06
4581,124.69473176100291,2,32.991237,True,True,1.430511474609375e-06
4582,124.74084019899601,2,46.006254,True,True,1.430511474609375e-06
4583,124.7658280320029,2,24.858989,True,True,1.430511474609375e-06
4584,124.81097949099785,2,45.05969,True,True,1.430511474609375e-06
4585,124.84107985900482,2,29.95667,True,True,1.430511474609375e-06
4586,124.86634831699484,2,25.179304,True,True,1.430511474609375e-06
4587,124.89511285000481,2,28.689129,True,True,1.430511474609375e-06
4588,124.92550757700519,2,30.325102,True,True,1.430511474609375e-06
4589,124.95089543399808,2,25.317416,True,True,1.430511474609375e-06
4590,124.97991350099619,2,28.947904,True,True,1.430511474609375e-06
4591,125.01025930700416,2,30.280656,True,True,1.430511474609375e-06
4592,125.04103422099433,2,19.487413,True,True,1.430511474609375e-06
4593,125.05957191600464,2,18.449473,True,True,1.430511474609375e-06
4594,125.07773716800148,2,18.103668,True,True,1.430511474609375e-06
4595,125.09574508000514,2,17.951155,True,True,1.430511474609375e-06
4596,125.11390716700407,2,18.103684,True,True,1.430511474609375e-06
4597,125.13187641100376,2,17.91272,True,True,1.430511474609375e-06
4598,125.15000842500012,2,18.058632,True,True,1.430511474609375e-06
4599,125.16838125500362,2,18.309122,True,True,1.430511474609375e-06
4600,125.18632849700225,2,17.888956,True,True,1.430511474609375e-06
4601,125.2043716420012,2,17.979272,True,True,1.430511474609375e-06
4602,125.22875950399612,2,24.329828,True,True,1.430511474609375e-06
4603,125.25788331399963,2,29.044147,True,True,1.430511474609375e-06
4604,125.2879664380016,2,30.000095,True,True,1.430511474609375e-06
4605,125.3178486389952,2,29.80535,True,True,1.430511474609375e-06
4606,125.34214691100351,2,24.200796,True,True,1.430511474609375e-06
4607,125.37178116799623,2,29.566037,True,True,1.430511474609375e-06
4608,125.40240002400242,2,30.543125,True,True,1.430511474609375e-06
4609,125.44130858700373,2,38.835216,True,True,1.430511474609375e-06
4610,125.47283952799626,2,31.385985,True,True,1.430511474609375e-06
4611,125.5026417850022,2,29.720052,True,True,1.430511474609375e-06
4612,125.52769830399484,2,24.987288,True,True,1.430511474609375e-06
4613,125.55643854700611,2,28.682007,True,True,1.430511474609375e-06
4614,125.58656012099527,2,30.053839,True,True,1.430511474609375e-06
4615,125.61186127300607,2,25.243196,True,True,1.430511474609375e-06
4616,125.64074214900029,2,28.823505,True,True,1.430511474609375e-06
4617,125.67080982000334,2,30.008558,True,True,1.430511474609375e-06
4618,125.69585984099831,2,24.977004,True,True,1.430511474609375e-06
4619,125.72485299200343,2,28.923479,True,True,1.430511474609375e-06
4620,125.75476849000552,2,29.851287,True,True,1.430511474609375e-06
4621,125.79575618699891,2,40.928608,True,True,1.430511474609375e-06
4622,125.82452371300315,2,28.628387,True,True,1.430511474609375e-06
4623,125.85539915600384,2,30.789373,True,True,1.430511474609375e-06
4624,125.88493033900158,2,29.463206,True,True,1.430511474609375e-06
4625,125.90899398000329,2,23.998411,True,True,1.430511474609375e-06
4626,125.93900345200382,2,29.947899,True,True,1.430511474609375e-06
4627,125.96883465000428,2,29.738463,True,True,1.430511474609375e-06
4628,125.99430409399793,2,25.396407,True,True,1.430511474609375e-06
4629,126.02354908699635,2,29.177073,True,True,1.430511474609375e-06
4630,126.04881528600527,2,25.149133,True,True,1.430511474609375e-06
4631,126.06758031700156,2,18.65023,True,True,1.430511474609375e-06
4632,126.08586153600481,2,18.206491,True,True,1.430511474609375e-06
4633,126.10392326000147,2,18.000512,True,True,1.430511474609375e-06
4634,126.12189715600107,2,17.91566,True,True,1.430511474609375e-06
4635,126.14052000800439,2,18.561312,True,True,1.430511474609375e-06
4636,126.15933350799605,2,18.706776,True,True,1.430511474609375e-06
4637,126.17751124300412,2,18.066936,True,True,1.430511474609375e-06
4638,126.19557156399242,2,17.990071,True,True,1.430511474609375e-06
4639,126.213571262997,2,17.943808,True,True,1.430511474609375e-06
4640,126.23634864299675,2,22.724405,True,True,1.430511474609375e-06
4641,126.26200675900327,2,25.571529,True,True,1.430511474609375e-06
4642,126.29158374200051,2,29.505387,True,True,1.430511474609375e-06
4643,126.32065398100531,2,28.996121,True,True,1.430511474609375e-06
4644,126.35064537200378,2,29.905517,True,True,1.430511474609375e-06
4645,126.38340553600574,2,32.669433,True,True,1.430511474609375e-06
4646,126.42078084099921,2,37.245909,True,True,1.430511474609375e-06
4647,126.4667088809947,2,45.738082,True,True,1.430511474609375e-06
4648,126.497009661005,2,30.162923,True,True,1.430511474609375e-06
4649,126.52251556300325,2,25.413592,True,True,1.430511474609375e-06
4650,126.55160884499492,2,29.011656,True,True,1.430511474609375e-06
4651,126.58165804500459,2,29.968793,True,True,1.430511474609375e-06
4652,126.6065650669916,2,24.838739,True,True,1.430511474609375e-06
4653,126.63568633999967,2,29.05778,True,True,1.430511474609375e-06
4654,126.66523857199354,2,29.481743,True,True,1.430511474609375e-06
4655,126.69535360600275,2,30.038061,True,True,1.430511474609375e-06
4656,126.7191313039948,2,23.713567,True,True,1.430511474609375e-06
4657,126.74925558100222,2,30.057105,True,True,1.430511474609375e-06
4658,126.79584603599505,2,46.523037,True,True,1.430511474609375e-06
4659,126.82030367400148,2,24.310222,True,True,1.430511474609375e-06
4660,126.85047177599336,2,30.083433,True,True,1.430511474609375e-06
4661,126.88040843700583,2,29.861365,True,True,1.430511474609375e-06
4662,126.90617122600088,2,25.690153,True,True,1.430511474609375e-06
4663,126.93488348099345,2,28.64376,True,True,1.430511474609375e-06
4664,126.9651578359917,2,30.208712,True,True,1.430511474609375e-06
4665,126.9948293799971,2,29.603533,True,True,1.430511474609375e-06
4666,127.01915762499266,2,24.265525,True,True,1.430511474609375e-06
4667,127.04636803999892,2,27.142393,True,True,1.430511474609375e-06
4668,127.06936035900435,2,22.895138,True,True,1.430511474609375e-06
4669,127.09087067999644,2,21.436105,True,True,1.430511474609375e-06
4670,127.10938064599759,2,18.440827,True,True,1.430511474609375e-06
4671,127.12735565399635,2,17.913442,True,True,1.430511474609375e-06
4672,127.14534472799278,2,17.926435,True,True,1.430511474609375e-06
4673,127.16369661799399,2,18.296605,True,True,1.430511474609375e-06
4674,127.18170503400324,2,17.950351,True,True,1.430511474609375e-06
4675,127.19970318999549,2,17.945631,True,True,1.430511474609375e-06
4676,127.2176314840035,2,17.868113,True,True,1.430511474609375e-06
4677,127.24725067199324,2,29.560955,True,True,1.430511474609375e-06
4678,127.2773587910051,2,30.015308,True,True,1.430511474609375e-06
4679,127.30244468599267,2,25.007406,True,True,1.430511474609375e-06
4680,127.33177210499707,2,29.26195,True,True,1.430511474609375e-06
4681,127.3612894879916,2,29.44857,True,True,1.430511474609375e-06
4682,127.39191044200561,2,30.557612,True,True,1.430511474609375e-06
4683,127.41664897299779,2,24.679483,True,True,1.430511474609375e-06
4684,127.4614578979963,2,44.744006,True,True,1.430511474609375e-06
4685,127.49193809200369,2,30.326255,True,True,1.430511474609375e-06
4686,127.51742803699744,2,25.377321,True,True,1.430511474609375e-06
4687,127.54649916299968,2,28.998769,True,True,1.430511474609375e-06
4688,127.57693625999673,2,30.368188,True,True,1.430511474609375e-06
4689,127.60196428799827,2,24.957851,True,True,1.430511474609375e-06
4690,127.63057724499959,2,28.546022,True,True,1.430511474609375e-06
4691,127.66227793399594,2,31.636388,True,True,1.430511474609375e-06
4692,127.6929110649944,2,30.478422,True,True,1.430511474609375e-06
4693,127.7300557760027,2,37.028459,True,True,1.430511474609375e-06
4694,127.76351065600466,2,33.330958,True,True,1.430511474609375e-06
4695,127.80961521000427,2,45.987643,True,True,1.430511474609375e-06
4696,127.84005156699277,2,30.280989,True,True,1.430511474609375e-06
4697,127.86455982699408,2,24.398031,True,True,1.430511474609375e-06
4698,127.89436375700461,2,29.723757,True,True,1.430511474609375e-06
4699,127.92432992899558,2,29.893225,True,True,1.430511474609375e-06
4700,127.94980586599559,2,25.401927,True,True,1.430511474609375e-06
4701,127.97856443999626,2,28.690775,True,True,1.430511474609375e-06
4702,128.00937263399828,2,30.743485,True,True,1.430511474609375e-06
4703,128.03449404600542,2,25.056926,True,True,1.430511474609375e-06
4704,128.05311786499806,2,18.563303,True,True,1.430511474609375e-06
4705,128.07113523999578,2,17.959528,True,True,1.430511474609375e-06
4706,128.08943721400283,2,18.250761,True,True,1.430511474609375e-06
4707,128.10747114599508,2,17.966685,True,True,1.430511474609375e-06
4708,128.12556453299476,2,18.031275,True,True,1.430511474609375e-06
4709,128.1436135440017,2,17.987718,True,True,1.430511474609375e-06
4710,128.1616012720042,2,17.926213,True,True,1.430511474609375e-06
4711,128.18009332699876,2,18.439471,True,True,1.430511474609375e-06
4712,128.19833978399402,2,18.152219,True,True,1.430511474609375e-06
4713,128.2164985099953,2,18.088366,True,True,1.430511474609375e-06
4714,128.24643155299418,2,29.874036,True,True,1.430511474609375e-06
4715,128.2760587149969,2,29.533357,True,True,1.430511474609375e-06
4716,128.30609705799725,2,29.965701,True,True,1.430511474609375e-06
4717,128.33667784699355,2,30.491762,True,True,1.430511474609375e-06
4718,128.36198241400416,2,25.2192,True,True,1.430511474609375e-06
4719,128.3906181600032,2,28.562726,True,True,1.430511474609375e-06
4720,128.4207167269924,2,30.023321,True,True,1.430511474609375e-06
4721,128.459805830993,2,39.020625,True,True,1.430511474609375e-06
4722,128.49098831499577,2,31.033915,True,True,1.430511474609375e-06
4723,128.52088553700014,2,29.802173,True,True,1.430511474609375e-06
4724,128.5579491739918,2,36.991961,True,True,1.430511474609375e-06
4725,128.5911382070044,2,33.060324,True,True,1.430511474609375e-06
4726,128.6218253679981,2,30.552477,True,True,1.430511474609375e-06
4727,128.65207345499948,2,30.147238,True,True,1.430511474609375e-06
4728,128.67617431399412,2,24.022274,True,True,1.430511474609375e-06
4729,128.70611765999638,2,29.87792,True,True,1.430511474609375e-06
4730,128.73694820799574,2,30.76017,True,True,1.430511474609375e-06
4731,128.76191210499383,2,24.894796,True,True,1.430511474609375e-06
4732,128.80707907599572,2,45.102448,True,True,1.430511474609375e-06
4733,128.83708544800174,2,29.872209,True,True,1.430511474609375e-06
4734,128.86225738299254,2,25.082552,True,True,1.430511474609375e-06
4735,128.89165109700116,2,29.317292,True,True,1.430511474609375e-06
4736,128.9214967250009,2,29.771726,True,True,1.430511474609375e-06
4737,128.95181969099212,2,30.254669,True,True,1.430511474609375e-06
4738,128.9760041230038,2,24.117167,True,True,1.430511474609375e-06
4739,129.00592001300538,2,29.844684,True,True,1.430511474609375e-06
4740,129.03643943900533,2,30.44265,True,True,1.430511474609375e-06
4741,129.05542433699884,2,18.908742,True,True,1.430511474609375e-06
4742,129.0741856599925,2,18.693329,True,True,1.430511474609375e-06
4743,129.09226331800164,2,18.016942,True,True,1.430511474609375e-06
4744,129.11035413200443,2,18.026845,True,True,1.430511474609375e-06
4745,129.12865912700363,2,18.249148,True,True,1.430511474609375e-06
4746,129.14666191600554,2,17.937266,True,True,1.430511474609375e-06
4747,129.1646472220018,2,17.913011,True,True,1.430511474609375e-06
4748,129.1826305029972,2,17.919779,True,True,1.430511474609375e-06
4749,129.20089146999817,2,18.191625,True,True,1.430511474609375e-06
4750,129.21953352900164,2,18.514955,True,True,1.430511474609375e-06
4751,129.2433499059989,2,23.728259,True,True,1.430511474609375e-06
4752,129.27390701200056,2,30.466815,True,True,1.430511474609375e-06
4753,129.30313063200447,2,29.137979,True,True,1.430511474609375e-06
4754,129.3337717319955,2,30.554964,True,True,1.430511474609375e-06
4755,129.36393708099786,2,30.042449,True,True,1.430511474609375e-06
4756,129.4006505080033,2,36.606215,True,True,1.430511474609375e-06
4757,129.43377324100584,2,32.995743,True,True,1.430511474609375e-06
4758,129.47985005899682,2,45.977269,True,True,1.430511474609375e-06
4759,129.50413954400574,2,24.150877,True,True,1.430511474609375e-06
4760,129.5342599900032,2,30.030322,True,True,1.430511474609375e-06
4761,129.5637698710052,2,29.432001,True,True,1.430511474609375e-06
4762,129.58877486099664,2,24.936513,True,True,1.430511474609375e-06
4763,129.6176832159981,2,28.846303,True,True,1.430511474609375e-06
4764,129.64773378199607,2,29.981725,True,True,1.430511474609375e-06
4765,129.67261581600178,2,24.813436,True,True,1.430511474609375e-06
4766,129.7013714259956,2,28.693004,True,True,1.430511474609375e-06
4767,129.73207000699767,2,30.630312,True,True,1.430511474609375e-06
4768,129.75712295300036,2,24.968957,True,True,1.430511474609375e-06
4769,129.8022091390012,2,45.01435,True,True,1.430511474609375e-06
4770,129.8325421280024,2,30.195656,True,True,1.430511474609375e-06
4771,129.86244240299857,2,29.811824,True,True,1.430511474609375e-06
4772,129.88678140299453,2,24.260525,True,True,1.430511474609375e-06
4773,129.91642565200164,2,29.574186,True,True,1.430511474609375e-06
4774,129.9463170329982,2,29.823398,True,True,1.430511474609375e-06
4775,129.97088261500176,2,24.492822,True,True,1.430511474609375e-06
4776,130.00056644399592,2,29.620577,True,True,1.430511474609375e-06
4777,130.0378819960024,2,24.540751,True,True,1.430511474609375e-06
4778,130.05685483799607,2,18.884919,True,True,1.430511474609375e-06
4779,130.07520924900018,2,18.281078,True,True,1.430511474609375e-06
4780,130.0932415809948,2,17.961751,True,True,1.430511474609375e-06
4781,130.11124204899534,2,17.928694,True,True,1.430511474609375e-06
4782,130.12971526899491,2,18.403688,True,True,1.430511474609375e-06
4783,130.1480152479926,2,18.23516,True,True,1.430511474609375e-06
4784,130.16615928900137,2,18.082434,True,True,1.430511474609375e-06
4785,130.18418961499992,2,17.973999,True,True,1.430511474609375e-06
4786,130.20223312199232,2,17.981288,True,True,1.430511474609375e-06
4787,130.2205358909996,2,18.243933,True,True,1.430511474609375e-06
4788,130.2504942480009,2,29.899786,True,True,1.430511474609375e-06
4789,130.27991932700388,2,29.331539,True,True,1.430511474609375e-06
4790,130.30978214999777,2,29.781191,True,True,1.430511474609375e-06
4791,130.33495934099483,2,25.085568,True,True,1.430511474609375e-06
4792,130.3639571800013,2,28.904025,True,True,1.430511474609375e-06
4793,130.3935614170041,2,29.522802,True,True,1.430511474609375e-06
4794,130.41861210999195,2,24.983143,True,True,1.430511474609375e-06
4795,130.4483381559985,2,29.653924,True,True,1.430511474609375e-06
4796,130.49848528500297,2,50.076743,True,True,1.430511474609375e-06
4797,130.5287641689938,2,30.038217,True,True,1.430511474609375e-06
4798,130.55893339500471,2,30.076029,True,True,1.430511474609375e-06
4799,130.58410012999957,2,25.07719,True,True,1.430511474609375e-06
4800,130.61300132899487,2,28.833587,True,True,1.430511474609375e-06
4801,130.64316529300413,2,30.091668,True,True,1.430511474609375e-06
4802,130.6738091619918,2,30.576212,True,True,1.430511474609375e-06
4803,130.6977856750018,2,23.904948,True,True,1.430511474609375e-06
4804,130.7279109730007,2,30.062579,True,True,1.430511474609375e-06
4805,130.7587477039924,2,30.769979,True,True,1.430511474609375e-06
4806,130.79849641300098,2,39.68068,True,True,1.430511474609375e-06
4807,130.82850236400554,2,29.862675,True,True,1.430511474609375e-06
4808,130.85909476499364,2,30.494197,True,True,1.430511474609375e-06
4809,130.883960207997,2,24.787013,True,True,1.430511474609375e-06
4810,130.91345120999904,2,29.419247,True,True,1.430511474609375e-06
4811,130.94313191900437,2,29.61102,True,True,1.430511474609375e-06
4812,130.97373274399433,2,30.526623,True,True,1.430511474609375e-06
4813,130.99759855799493,2,23.796166,True,True,1.430511474609375e-06
4814,131.02821160299936,2,30.545334,True,True,1.430511474609375e-06
4815,131.0475768460019,2,19.2316,True,True,1.430511474609375e-06
4816,131.06580958400446,2,18.152369,True,True,1.430511474609375e-06
4817,131.08421909199387,2,18.351681,True,True,1.430511474609375e-06
4818,131.10227774799569,2,17.999947,True,True,1.430511474609375e-06
4819,131.12063847899844,2,18.297254,True,True,1.430511474609375e-06
4820,131.13951120199636,2,18.770575,True,True,1.430511474609375e-06
4821,131.15781099400192,2,18.16709,True,True,1.430511474609375e-06
4822,131.17601248099527,2,18.122394,True,True,1.430511474609375e-06
4823,131.19397537599434,2,17.907727,True,True,1.430511474609375e-06
4824,131.21206173299288,2,18.030813,True,True,1.430511474609375e-06
4825,131.2361932710046,2,24.076658,True,True,1.430511474609375e-06
4826,131.2716826830001,2,35.39063,True,True,1.430511474609375e-06
4827,131.29702558499412,2,25.232391,True,True,1.430511474609375e-06
4828,131.342361256,2,45.237659,True,True,1.430511474609375e-06
4829,131.37299491900194,2,30.47222,True,True,1.430511474609375e-06
4830,131.39832086900424,2,25.191047,True,True,1.430511474609375e-06
4831,131.42808002899983,2,29.659249,True,True,1.430511474609375e-06
4832,131.4629935289995,2,34.819385,True,True,1.430511474609375e-06
4833,131.50270280799305,2,39.54386,True,True,1.430511474609375e-06
4834,131.5278497399995,2,25.017071,True,True,1.430511474609375e-06
4835,131.55673977300467,2,28.80292,True,True,1.430511474609375e-06
4836,131.58700792900345,2,30.176909,True,True,1.430511474609375e-06
4837,131.61171104799723,2,24.630959,True,True,1.430511474609375e-06
4838,131.64112443299382,2,29.341805,True,True,1.430511474609375e-06
4839,131.67096689100435,2,29.770721,True,True,1.430511474609375e-06
4840,131.69626450499345,2,25.190595,True,True,1.430511474609375e-06
4841,131.72513138499926,2,28.782707,True,True,1.430511474609375e-06
4842,131.75495056000364,2,29.743207,True,True,1.430511474609375e-06
4843,131.79385661199922,2,38.821994,True,True,1.430511474609375e-06
4844,131.82468586199684,2,30.650278,True,True,1.430511474609375e-06
4845,131.85642364100204,2,31.591692,True,True,1.430511474609375e-06
4846,131.8878128649958,2,31.239779,True,True,1.430511474609375e-06
4847,131.91937894800503,2,31.424709,True,True,1.430511474609375e-06
4848,131.94646792700223,2,26.940343,True,True,1.430511474609375e-06
4849,131.9759342710022,2,29.329351,True,True,1.430511474609375e-06
4850,132.00639791900176,2,30.362767,True,True,1.430511474609375e-06
4851,132.03646393900272,2,29.985324,True,True,1.430511474609375e-06
4852,132.05584998699487,2,19.317581,True,True,1.430511474609375e-06
4853,132.07384207900031,2,17.930265,True,True,1.430511474609375e-06
4854,132.09192679000262,2,18.028406,True,True,1.430511474609375e-06
4855,132.1102338030032,2,18.256718,True,True,1.430511474609375e-06
4856,132.12847561499802,2,18.192387,True,True,1.430511474609375e-06
4857,132.14653793499747,2,18.008782,True,True,1.430511474609375e-06
4858,132.16456513499725,2,17.973997,True,True,1.430511474609375e-06
4859,132.1828119559941,2,18.19932,True,True,1.430511474609375e-06
4860,132.20087367699307,2,18.006683,True,True,1.430511474609375e-06
4861,132.21908477200486,2,18.102477,True,True,1.430511474609375e-06
4862,132.2432985149935,2,24.138607,True,True,1.430511474609375e-06
4863,132.27368067399948,2,30.309038,True,True,1.430511474609375e-06
4864,132.30277509499865,2,29.027913,True,True,1.430511474609375e-06
4865,132.33246866399713,2,29.605262,True,True,1.430511474609375e-06
4866,132.35740406300465,2,24.854948,True,True,1.430511474609375e-06
4867,132.38617101799173,2,28.694408,True,True,1.430511474609375e-06
4868,132.41630502000044,2,30.066806,True,True,1.430511474609375e-06
4869,132.4419821699994,2,25.615366,True,True,1.430511474609375e-06
4870,132.47493047299213,2,32.86543,True,True,1.430511474609375e-06
4871,132.51767633200507,2,42.576603,True,True,1.430511474609375e-06
4872,132.542875507992,2,25.060244,True,True,1.430511474609375e-06
4873,132.57226895799977,2,29.287076,True,True,1.430511474609375e-06
4874,132.60235656399163,2,30.000345,True,True,1.430511474609375e-06
4875,132.63218541299284,2,29.741059,True,True,1.430511474609375e-06
4876,132.65793848400062,2,25.669021,True,True,1.430511474609375e-06
4877,132.68693353500566,2,28.913708,True,True,1.430511474609375e-06
4878,132.71694560800097,2,29.92277,True,True,1.430511474609375e-06
4879,132.74241060200438,2,25.367778,True,True,1.430511474609375e-06
4880,132.77628735300095,2,33.804051,True,True,1.430511474609375e-06
4881,132.81947661700542,2,43.041608,True,True,1.430511474609375e-06
4882,132.84955855700537,2,29.943525,True,True,1.430511474609375e-06
4883,132.87462438100192,2,24.984847,True,True,1.430511474609375e-06
4884,132.90389013699314,2,29.177472,True,True,1.430511474609375e-06
4885,132.9337214230036,2,29.747025,True,True,1.430511474609375e-06
4886,132.96438864899392,2,30.58683,True,True,1.430511474609375e-06
4887,133.00388296699384,2,39.350034,True,True,1.430511474609375e-06
4888,133.03733168999315,2,33.299056,True,True,1.430511474609375e-06
4889,133.05656550999265,2,19.111128,True,True,1.430511474609375e-06
4890,133.07476781400328,2,18.131124,True,True,1.430511474609375e-06
4891,133.09312821899948,2,18.289915,True,True,1.430511474609375e-06
4892,133.11137473500276,2,18.169422,True,True,1.430511474609375e-06
4893,133.12949942299747,2,18.0559,True,True,1.430511474609375e-06
4894,133.14751201099716,2,17.954742,True,True,1.430511474609375e-06
4895,133.1655201609974,2,17.942245,True,True,1.430511474609375e-06
4896,133.18348184099887,2,17.908418,True,True,1.430511474609375e-06
4897,133.20152109800256,2,17.935556,True,True,1.430511474609375e-06
4898,133.2199049250048,2,18.312111,True,True,1.430511474609375e-06
4899,133.2446862969955,2,24.67735,True,True,1.430511474609375e-06
4900,133.28124556900002,2,36.419365,True,True,1.430511474609375e-06
4901,133.31340272899251,2,32.000117,True,True,1.430511474609375e-06
4902,133.34520374999556,2,31.648204,True,True,1.430511474609375e-06
4903,133.376406839001,2,31.055744,True,True,1.430511474609375e-06
4904,133.40194108699507,2,25.408916,True,True,1.430511474609375e-06
4905,133.4309590000048,2,28.934204,True,True,1.430511474609375e-06
4906,133.46077734099526,2,29.751678,True,True,1.430511474609375e-06
4907,133.50058031799563,2,39.720904,True,True,1.430511474609375e-06
4908,133.53061551900464,2,29.87643,True,True,1.430511474609375e-06
4909,133.56084844199358,2,30.147854,True,True,1.430511474609375e-06
4910,133.58708906600077,2,26.130169,True,True,1.430511474609375e-06
4911,133.61659478499496,2,29.376816,True,True,1.430511474609375e-06
4912,133.64977297300356,2,33.056719,True,True,1.430511474609375e-06
4913,133.69310779900115,2,43.193363,True,True,1.430511474609375e-06
4914,133.7188866439974,2,25.658406,True,True,1.430511474609375e-06
4915,133.74787384200317,2,28.898501,True,True,1.430511474609375e-06
4916,133.79375871400407,2,45.809147,True,True,1.430511474609375e-06
4917,133.81868871599727,2,24.781904,True,True,1.430511474609375e-06
4918,133.8501080319984,2,31.153373,True,True,1.430511474609375e-06
4919,133.88042339299864,2,30.169903,True,True,1.430511474609375e-06
4920,133.9113826279936,2,30.826325,True,True,1.430511474609375e-06
4921,133.94249708899588,2,30.977523,True,True,1.430511474609375e-06
4922,133.96733537199907,2,24.702845,True,True,1.430511474609375e-06
4923,133.9973900670011,2,29.911437,True,True,1.430511474609375e-06
4924,134.02822194900364,2,30.692461,True,True,1.430511474609375e-06
4925,134.04833521500404,2,19.974124,True,True,1.430511474609375e-06
4926,134.06676327600144,2,18.294309,True,True,1.430511474609375e-06
4927,134.0853167210007,2,18.452936,True,True,1.430511474609375e-06
4928,134.10396825800126,2,18.545819,True,True,1.430511474609375e-06
4929,134.12201949099835,2,17.968172,True,True,1.430511474609375e-06
4930,134.14007675700122,2,17.989322,True,True,1.430511474609375e-06
4931,134.15805646999797,2,17.923749,True,True,1.430511474609375e-06
4932,134.17609951000486,2,17.982767,True,True,1.430511474609375e-06
4933,134.19422545999987,2,18.072327,True,True,1.430511474609375e-06
4934,134.21258135300013,2,18.26254,True,True,1.430511474609375e-06
4935,134.23698446400522,2,24.295077,True,True,1.430511474609375e-06
4936,134.27235800299968,2,35.290085,True,True,1.430511474609375e-06
4937,134.2976473000017,2,25.190492,True,True,1.430511474609375e-06
4938,134.34146987499844,2,43.729806,True,True,1.430511474609375e-06
4939,134.3717130330042,2,30.093347,True,True,1.430511474609375e-06
4940,134.3968363150052,2,25.03269,True,True,1.430511474609375e-06
4941,134.42656992099364,2,29.662092,True,True,1.430511474609375e-06
4942,134.45622173599259,2,29.57359,True,True,1.430511474609375e-06
4943,134.48652154000592,2,30.225846,True,True,1.430511474609375e-06
4944,134.52612948199385,2,39.515982,True,True,1.430511474609375e-06
4945,134.55584273100249,2,29.621402,True,True,1.430511474609375e-06
4946,134.58589477199712,2,29.969623,True,True,1.430511474609375e-06
4947,134.61053976099356,2,24.577795,True,True,1.430511474609375e-06
4948,134.64058957599627,2,29.985377,True,True,1.430511474609375e-06
4949,134.67071213999589,2,30.057131,True,True,1.430511474609375e-06
4950,134.6958875470009,2,25.083818,True,True,1.430511474609375e-06
4951,134.7244567680027,2,28.498384,True,True,1.430511474609375e-06
4952,134.75447334500495,2,29.950386,True,True,1.430511474609375e-06
4953,134.78568373099552,2,31.147832,True,True,1.430511474609375e-06
4954,134.82554839800287,2,39.75576,True,True,1.430511474609375e-06
4955,134.85531282999727,2,29.669247,True,True,1.430511474609375e-06
4956,134.8807220680028,2,25.329001,True,True,1.430511474609375e-06
4957,134.90929463600332,2,28.500693,True,True,1.430511474609375e-06
4958,134.93924062700535,2,29.875216,True,True,1.430511474609375e-06
4959,134.96953660799772,2,30.230359,True,True,1.430511474609375e-06
4960,134.9936175699986,2,24.017512,True,True,1.430511474609375e-06
4961,135.02336759999162,2,29.681409,True,True,1.430511474609375e-06
