iteration,elapsed_s,window_index,latency_ms,finite,correct,max_abs_error
1,0.02485620800871402,0,24.850409,True,True,1.430511474609375e-06
2,0.04352842696243897,0,18.55779,True,True,1.430511474609375e-06
3,0.062244531989563257,0,18.643067,True,True,1.430511474609375e-06
4,0.08093716501025483,0,18.611618,True,True,1.430511474609375e-06
5,0.09933397499844432,0,18.325491,True,True,1.430511474609375e-06
6,0.11766966397408396,0,18.268451,True,True,1.430511474609375e-06
7,0.13617004599655047,0,18.446605,True,True,1.430511474609375e-06
8,0.15450591396074742,0,18.270919,True,True,1.430511474609375e-06
9,0.17301535297883675,0,18.453582,True,True,1.430511474609375e-06
10,0.1914815729833208,0,18.407606,True,True,1.430511474609375e-06
11,0.20978595298947766,0,18.248687,True,True,1.430511474609375e-06
12,0.22816257196245715,0,18.315032,True,True,1.430511474609375e-06
13,0.2490360930096358,0,20.818302,True,True,1.430511474609375e-06
14,0.2764933739672415,0,27.372517,True,True,1.430511474609375e-06
15,0.2959130789968185,0,19.318288,True,True,1.430511474609375e-06
16,0.31440580397611484,0,18.428044,True,True,1.430511474609375e-06
17,0.3327283789985813,0,18.270142,True,True,1.430511474609375e-06
18,0.3511087779770605,0,18.308272,True,True,1.430511474609375e-06
19,0.36966144398320466,0,18.496034,True,True,1.430511474609375e-06
20,0.38795027998276055,0,18.229542,True,True,1.430511474609375e-06
21,0.4065147259971127,0,18.505296,True,True,1.430511474609375e-06
22,0.4249626339878887,0,18.38647,True,True,1.430511474609375e-06
23,0.44329847098561004,0,18.275115,True,True,1.430511474609375e-06
24,0.4615741969901137,0,18.219937,True,True,1.430511474609375e-06
25,0.4803645230131224,0,18.736095,True,True,1.430511474609375e-06
26,0.50348168797791,0,23.058648,True,True,1.430511474609375e-06
27,0.5317237619892694,0,28.173976,True,True,1.430511474609375e-06
28,0.551395696005784,0,19.556042,True,True,1.430511474609375e-06
29,0.569902426970657,0,18.429249,True,True,1.430511474609375e-06
30,0.5886359050055034,0,18.671939,True,True,1.430511474609375e-06
31,0.6069967069779523,0,18.303536,True,True,1.430511474609375e-06
32,0.6252752110012807,0,18.2247,True,True,1.430511474609375e-06
33,0.6436672949930653,0,18.336685,True,True,1.430511474609375e-06
34,0.6620050590136088,0,18.285714,True,True,1.430511474609375e-06
35,0.6804040090064518,0,18.346761,True,True,1.430511474609375e-06
36,0.6988076539710164,0,18.34445,True,True,1.430511474609375e-06
37,0.7171409219736233,0,18.275586,True,True,1.430511474609375e-06
38,0.7355783859966323,0,18.385063,True,True,1.430511474609375e-06
39,0.7539811469614506,0,18.345354,True,True,1.430511474609375e-06
40,0.7723504799650982,0,18.317192,True,True,1.430511474609375e-06
41,0.7907794289640151,0,18.369759,True,True,1.430511474609375e-06
42,0.8092158219660632,0,18.368278,True,True,1.430511474609375e-06
43,0.8277818189817481,0,18.504986,True,True,1.430511474609375e-06
44,0.8461019920068793,0,18.257959,True,True,1.430511474609375e-06
45,0.8644439000054263,0,18.27963,True,True,1.430511474609375e-06
46,0.8829038859694265,0,18.40234,True,True,1.430511474609375e-06
47,0.90132323699072,0,18.358376,True,True,1.430511474609375e-06
48,0.9196825049584731,0,18.286837,True,True,1.430511474609375e-06
49,0.9383719270117581,0,18.628487,True,True,1.430511474609375e-06
50,0.9567465339787304,0,18.310046,True,True,1.430511474609375e-06
51,0.9750975840142928,0,18.283735,True,True,1.430511474609375e-06
52,0.9935550839873031,0,18.396529,True,True,1.430511474609375e-06
53,1.0119318079669029,0,18.321706,True,True,1.430511474609375e-06
54,1.0302028500009328,0,18.205624,True,True,1.430511474609375e-06
55,1.0485462410142645,0,18.287513,True,True,1.430511474609375e-06
56,1.0670138289569877,0,18.407238,True,True,1.430511474609375e-06
57,1.0981331639923155,0,31.062133,True,True,1.430511474609375e-06
58,1.1199226689641364,0,21.704109,True,True,1.430511474609375e-06
59,1.1384285549866036,0,18.441607,True,True,1.430511474609375e-06
60,1.156723941967357,0,18.233031,True,True,1.430511474609375e-06
61,1.1750893619609997,0,18.312174,True,True,1.430511474609375e-06
62,1.1934857220039703,0,18.339304,True,True,1.430511474609375e-06
63,1.2118958499631844,0,18.361143,True,True,1.430511474609375e-06
64,1.2302604530123062,0,18.310647,True,True,1.430511474609375e-06
65,1.2509917169809341,0,20.679404,True,True,1.430511474609375e-06
66,1.2788775279768743,0,27.796324,True,True,1.430511474609375e-06
67,1.2974132189992815,0,18.446416,True,True,1.430511474609375e-06
68,1.3159045779611915,0,18.415543,True,True,1.430511474609375e-06
69,1.3342476459802128,0,18.285051,True,True,1.430511474609375e-06
70,1.3527049149852246,0,18.396544,True,True,1.430511474609375e-06
71,1.3709991149953566,0,18.235373,True,True,1.430511474609375e-06
72,1.3892027380061336,0,18.14726,True,True,1.430511474609375e-06
73,1.4075548579567112,0,18.299769,True,True,1.430511474609375e-06
74,1.4259022310143337,0,18.298095,True,True,1.430511474609375e-06
75,1.444331867969595,0,18.377474,True,True,1.430511474609375e-06
76,1.4629068049835041,0,18.517556,True,True,1.430511474609375e-06
77,1.4811497319606133,0,18.191191,True,True,1.430511474609375e-06
78,1.499484942003619,0,18.276403,True,True,1.430511474609375e-06
79,1.52131769398693,0,21.771862,True,True,1.430511474609375e-06
80,1.5483122320147231,0,26.897075,True,True,1.430511474609375e-06
81,1.5671188739943318,0,18.720102,True,True,1.430511474609375e-06
82,1.5854360299999826,0,18.261179,True,True,1.430511474609375e-06
83,1.6038022529683076,0,18.31554,True,True,1.430511474609375e-06
84,1.622007516969461,0,18.158715,True,True,1.430511474609375e-06
85,1.6403027949854732,0,18.249687,True,True,1.430511474609375e-06
86,1.6587507659569383,0,18.401927,True,True,1.430511474609375e-06
87,1.6770016190130264,0,18.205482,True,True,1.430511474609375e-06
88,1.695930273970589,0,18.879931,True,True,1.430511474609375e-06
89,1.7178919769939966,0,21.896579,True,True,1.430511474609375e-06
90,1.7363635940128006,0,18.407153,True,True,1.430511474609375e-06
91,1.7547404399956577,0,18.326399,True,True,1.430511474609375e-06
92,1.7730975529993884,0,18.311626,True,True,1.430511474609375e-06
93,1.7915511300088838,0,18.402681,True,True,1.430511474609375e-06
94,1.8098368530045263,0,18.236287,True,True,1.430511474609375e-06
95,1.8282291140058078,0,18.338079,True,True,1.430511474609375e-06
96,1.846494444005657,0,18.202665,True,True,1.430511474609375e-06
97,1.8649326589656994,0,18.385058,True,True,1.430511474609375e-06
98,1.883515091962181,0,18.525361,True,True,1.430511474609375e-06
99,1.9018727779621258,0,18.297904,True,True,1.430511474609375e-06
100,1.9204007280059159,0,18.434764,True,True,1.430511474609375e-06
101,1.9388448059908114,0,18.385285,True,True,1.430511474609375e-06
102,1.957284317992162,0,18.370624,True,True,1.430511474609375e-06
103,1.9756298459833488,0,18.2835,True,True,1.430511474609375e-06
104,1.9938917820109054,0,18.208838,True,True,1.430511474609375e-06
105,2.0125739710056223,0,18.627356,True,True,1.430511474609375e-06
106,2.030801557993982,0,18.173099,True,True,1.430511474609375e-06
107,2.049181789974682,0,18.325892,True,True,1.430511474609375e-06
108,2.0677749349852093,0,18.54325,True,True,1.430511474609375e-06
109,2.086043322982732,0,18.211369,True,True,1.430511474609375e-06
110,2.104415229987353,0,18.321808,True,True,1.430511474609375e-06
111,2.123135942965746,0,18.673669,True,True,1.430511474609375e-06
112,2.1414842479862273,0,18.301835,True,True,1.430511474609375e-06
113,2.1599243999808095,0,18.395769,True,True,1.430511474609375e-06
114,2.1783877129782923,0,18.414931,True,True,1.430511474609375e-06
115,2.196726132009644,0,18.293809,True,True,1.430511474609375e-06
116,2.214980527991429,0,18.205025,True,True,1.430511474609375e-06
117,2.233535795006901,0,18.509882,True,True,1.430511474609375e-06
118,2.2555821670102887,0,21.999031,True,True,1.430511474609375e-06
119,2.282561411964707,0,26.875938,True,True,1.430511474609375e-06
120,2.3015783189912327,0,18.933843,True,True,1.430511474609375e-06
121,2.322963582002558,0,21.325012,True,True,1.430511474609375e-06
122,2.3420004450017586,0,18.972686,True,True,1.430511474609375e-06
123,2.3603397489641793,0,18.273382,True,True,1.430511474609375e-06
124,2.3787951819831505,0,18.401902,True,True,1.430511474609375e-06
125,2.3971873549744487,0,18.33124,True,True,1.430511474609375e-06
126,2.4154850660124794,0,18.248708,True,True,1.430511474609375e-06
127,2.433874735957943,0,18.337318,True,True,1.430511474609375e-06
128,2.452377556997817,0,18.449634,True,True,1.430511474609375e-06
129,2.4707722750026733,0,18.344107,True,True,1.430511474609375e-06
130,2.4891281009768136,0,18.300541,True,True,1.430511474609375e-06
131,2.5076886839815415,0,18.50853,True,True,1.430511474609375e-06
132,2.537062832969241,0,29.323286,True,True,1.430511474609375e-06
133,2.556155956990551,0,18.982628,True,True,1.430511474609375e-06
134,2.574766275996808,0,18.540608,True,True,1.430511474609375e-06
135,2.5931400359841064,0,18.313934,True,True,1.430511474609375e-06
136,2.611565894971136,0,18.372345,True,True,1.430511474609375e-06
137,2.629929099988658,0,18.305412,True,True,1.430511474609375e-06
138,2.6481725450139493,0,18.195666,True,True,1.430511474609375e-06
139,2.666592708963435,0,18.373732,True,True,1.430511474609375e-06
140,2.6849152079666965,0,18.274662,True,True,1.430511474609375e-06
141,2.703297700965777,0,18.312836,True,True,1.430511474609375e-06
142,2.7220384789980017,0,18.668704,True,True,1.430511474609375e-06
143,2.740310031978879,0,18.218302,True,True,1.430511474609375e-06
144,2.7586381809669547,0,18.276544,True,True,1.430511474609375e-06
145,2.788244316005148,0,29.552352,True,True,1.430511474609375e-06
146,2.8067751869675703,0,18.453743,True,True,1.430511474609375e-06
147,2.8251944619696587,0,18.359635,True,True,1.430511474609375e-06
148,2.8437344859703444,0,18.485437,True,True,1.430511474609375e-06
149,2.8621050129877403,0,18.318614,True,True,1.430511474609375e-06
150,2.8804038490052335,0,18.247398,True,True,1.430511474609375e-06
151,2.901421821967233,0,20.963611,True,True,1.430511474609375e-06
152,2.922870324982796,0,21.363737,True,True,1.430511474609375e-06
153,2.941271741001401,0,18.341758,True,True,1.430511474609375e-06
154,2.959788377978839,0,18.449204,True,True,1.430511474609375e-06
155,2.9781854109605774,0,18.343041,True,True,1.430511474609375e-06
156,2.996441596013028,0,18.206952,True,True,1.430511474609375e-06
157,3.0148668909678236,0,18.377148,True,True,1.430511474609375e-06
158,3.03325350797968,0,18.334569,True,True,1.430511474609375e-06
159,3.0515122059732676,0,18.209111,True,True,1.430511474609375e-06
160,3.0701062649604864,0,18.543442,True,True,1.430511474609375e-06
161,3.0884219160070643,0,18.259333,True,True,1.430511474609375e-06
162,3.1067170909955166,0,18.250192,True,True,1.430511474609375e-06
163,3.1251958119682968,0,18.430119,True,True,1.430511474609375e-06
164,3.1435160089749843,0,18.27173,True,True,1.430511474609375e-06
165,3.1618048259988427,0,18.243314,True,True,1.430511474609375e-06
166,3.1801672619767487,0,18.314267,True,True,1.430511474609375e-06
167,3.1984585389727727,0,18.249267,True,True,1.430511474609375e-06
168,3.2166883909958415,0,18.180406,True,True,1.430511474609375e-06
169,3.235112618014682,0,18.371389,True,True,1.430511474609375e-06
170,3.253520008001942,0,18.359466,True,True,1.430511474609375e-06
171,3.2778414170024917,0,24.269201,True,True,1.430511474609375e-06
172,3.301812544988934,0,23.859433,True,True,1.430511474609375e-06
173,3.3202526019886136,0,18.374487,True,True,1.430511474609375e-06
174,3.3386672050110064,0,18.363648,True,True,1.430511474609375e-06
175,3.3570039559854195,0,18.272097,True,True,1.430511474609375e-06
176,3.375686115003191,0,18.622639,True,True,1.430511474609375e-06
177,3.394392304995563,0,18.598191,True,True,1.430511474609375e-06
178,3.4130698009976186,0,18.580433,True,True,1.430511474609375e-06
179,3.442273296008352,0,29.139936,True,True,1.430511474609375e-06
180,3.46072708099382,0,18.362556,True,True,1.430511474609375e-06
181,3.479235215985682,0,18.445412,True,True,1.430511474609375e-06
182,3.4987982799648307,0,19.493623,True,True,1.430511474609375e-06
183,3.5321991659584455,0,33.282391,True,True,1.430511474609375e-06
184,3.5528761000023223,0,20.558606,True,True,1.430511474609375e-06
185,3.571488323970698,0,18.53584,True,True,1.430511474609375e-06
186,3.589883639011532,0,18.32388,True,True,1.430511474609375e-06
187,3.6083598000113852,0,18.409856,True,True,1.430511474609375e-06
188,3.626648828969337,0,18.235341,True,True,1.430511474609375e-06
189,3.6449275169870816,0,18.230068,True,True,1.430511474609375e-06
190,3.6632050469634123,0,18.228962,True,True,1.430511474609375e-06
191,3.6814961140044034,0,18.245407,True,True,1.430511474609375e-06
192,3.6997727649868466,0,18.226044,True,True,1.430511474609375e-06
193,3.718123228987679,0,18.297139,True,True,1.430511474609375e-06
194,3.736491415009368,0,18.315671,True,True,1.430511474609375e-06
195,3.7546994669828564,0,18.155075,True,True,1.430511474609375e-06
196,3.7734980760142207,0,18.752338,True,True,1.430511474609375e-06
197,3.7918798769824207,0,18.330586,True,True,1.430511474609375e-06
198,3.8101675529615022,0,18.236131,True,True,1.430511474609375e-06
199,3.828577034000773,0,18.359894,True,True,1.430511474609375e-06
200,3.846828272973653,0,18.200437,True,True,1.430511474609375e-06
201,3.865080929012038,0,18.200859,True,True,1.430511474609375e-06
202,3.88370029698126,0,18.569459,True,True,1.430511474609375e-06
203,3.9021284109912813,0,18.365549,True,True,1.430511474609375e-06
204,3.9203663090011105,0,18.164569,True,True,1.430511474609375e-06
205,3.938810058985837,0,18.388053,True,True,1.430511474609375e-06
206,3.957193879992701,0,18.333482,True,True,1.430511474609375e-06
207,3.975491240969859,0,18.247769,True,True,1.430511474609375e-06
208,3.994047492975369,0,18.501454,True,True,1.430511474609375e-06
209,4.012268861988559,0,18.167481,True,True,1.430511474609375e-06
210,4.0305985159939155,0,18.278827,True,True,1.430511474609375e-06
211,4.049035272968467,0,18.384857,True,True,1.430511474609375e-06
212,4.06725824897876,0,18.170683,True,True,1.430511474609375e-06
213,4.09574816696113,0,28.429972,True,True,1.430511474609375e-06
214,4.116981446975842,0,21.158768,True,True,1.430511474609375e-06
215,4.138588430010714,0,21.550006,True,True,1.430511474609375e-06
216,4.156988892995287,0,18.338173,True,True,1.430511474609375e-06
217,4.1752810619655065,0,18.244421,True,True,1.430511474609375e-06
218,4.193648268992547,0,18.318745,True,True,1.430511474609375e-06
219,4.2123835269594565,0,18.687997,True,True,1.430511474609375e-06
220,4.230792425980326,0,18.363697,True,True,1.430511474609375e-06
221,4.249159486964345,0,18.322558,True,True,1.430511474609375e-06
222,4.271113661990967,0,21.902478,True,True,1.430511474609375e-06
223,4.2976429389673285,0,26.423674,True,True,1.430511474609375e-06
224,4.316427817975637,0,18.708821,True,True,1.430511474609375e-06
225,4.334973638993688,0,18.488537,True,True,1.430511474609375e-06
226,4.353345498966519,0,18.312177,True,True,1.430511474609375e-06
227,4.371673818968702,0,18.280048,True,True,1.430511474609375e-06
228,4.389959447958972,0,18.22824,True,True,1.430511474609375e-06
229,4.408215397968888,0,18.207032,True,True,1.430511474609375e-06
230,4.4271419029682875,0,18.877583,True,True,1.430511474609375e-06
231,4.445414408983197,0,18.219513,True,True,1.430511474609375e-06
232,4.463776224991307,0,18.309393,True,True,1.430511474609375e-06
233,4.482163976994343,0,18.336619,True,True,1.430511474609375e-06
234,4.500444375968073,0,18.227666,True,True,1.430511474609375e-06
235,4.522475044010207,0,21.969926,True,True,1.430511474609375e-06
236,4.549620485980995,0,27.059577,True,True,1.430511474609375e-06
237,4.568264864967205,0,18.562365,True,True,1.430511474609375e-06
238,4.586802273988724,0,18.46867,True,True,1.430511474609375e-06
239,4.6051019440055825,0,18.238274,True,True,1.430511474609375e-06
240,4.62333834200399,0,18.187466,True,True,1.430511474609375e-06
241,4.6416660319664516,0,18.281698,True,True,1.430511474609375e-06
242,4.660034021013416,0,18.323482,True,True,1.430511474609375e-06
243,4.678345258987974,0,18.267621,True,True,1.430511474609375e-06
244,4.69680142600555,0,18.409251,True,True,1.430511474609375e-06
245,4.718999939970672,0,22.138305,True,True,1.430511474609375e-06
246,4.737349339993671,0,18.29432,True,True,1.430511474609375e-06
247,4.756063008971978,0,18.666723,True,True,1.430511474609375e-06
248,4.774376610992476,0,18.264177,True,True,1.430511474609375e-06
249,4.792717706004623,0,18.286605,True,True,1.430511474609375e-06
250,4.811109028989449,0,18.343515,True,True,1.430511474609375e-06
251,4.829454171995167,0,18.294513,True,True,1.430511474609375e-06
252,4.8479622839950025,0,18.454451,True,True,1.430511474609375e-06
253,4.8666216869605705,0,18.548573,True,True,1.430511474609375e-06
254,4.885050056967884,0,18.363617,True,True,1.430511474609375e-06
255,4.903530318988487,0,18.418251,True,True,1.430511474609375e-06
256,4.931812128983438,0,28.206235,True,True,1.430511474609375e-06
257,4.950452514982317,0,18.557507,True,True,1.430511474609375e-06
258,4.9690741510130465,0,18.559901,True,True,1.430511474609375e-06
259,4.987419880984817,0,18.287985,True,True,1.430511474609375e-06
260,5.005720751010813,0,18.245333,True,True,1.430511474609375e-06
261,5.0242049919907,0,18.425655,True,True,1.430511474609375e-06
262,5.042595870967489,0,18.337621,True,True,1.430511474609375e-06
263,5.061012077960186,0,18.368053,True,True,1.430511474609375e-06
264,5.079692229977809,0,18.627855,True,True,1.430511474609375e-06
265,5.09798692597542,0,18.240802,True,True,1.430511474609375e-06
266,5.1162992210011,0,18.261784,True,True,1.430511474609375e-06
267,5.134860187012237,0,18.515092,True,True,1.430511474609375e-06
268,5.153244415007066,0,18.338498,True,True,1.430511474609375e-06
269,5.171512322966009,0,18.219885,True,True,1.430511474609375e-06
270,5.189845974964555,0,18.286508,True,True,1.430511474609375e-06
271,5.208125539997127,0,18.230459,True,True,1.430511474609375e-06
272,5.226459358993452,0,18.288586,True,True,1.430511474609375e-06
273,5.245056974992622,0,18.55089,True,True,1.430511474609375e-06
274,5.265698145958595,0,20.591548,True,True,1.430511474609375e-06
275,5.2917244309792295,0,25.956082,True,True,1.430511474609375e-06
276,5.317469762987457,0,25.653083,True,True,1.430511474609375e-06
277,5.335984200995881,0,18.440396,True,True,1.430511474609375e-06
278,5.354419812967535,0,18.37226,True,True,1.430511474609375e-06
279,5.37334649899276,0,18.8743,True,True,1.430511474609375e-06
280,5.391721157007851,0,18.320784,True,True,1.430511474609375e-06
281,5.410033188003581,0,18.256967,True,True,1.430511474609375e-06
282,5.428532298014034,0,18.453064,True,True,1.430511474609375e-06
283,5.446790530986618,0,18.20829,True,True,1.430511474609375e-06
284,5.46505266596796,0,18.213206,True,True,1.430511474609375e-06
285,5.48374130501179,0,18.637165,True,True,1.430511474609375e-06
286,5.501990555960219,0,18.191234,True,True,1.430511474609375e-06
287,5.5312720949877985,0,29.226694,True,True,1.430511474609375e-06
288,5.550095046986826,0,18.72382,True,True,1.430511474609375e-06
289,5.568523916997947,0,18.353722,True,True,1.430511474609375e-06
290,5.586960727989208,0,18.365345,True,True,1.430511474609375e-06
291,5.605682644993067,0,18.666709,True,True,1.430511474609375e-06
292,5.624009040009696,0,18.267421,True,True,1.430511474609375e-06
293,5.642283305001911,0,18.224743,True,True,1.430511474609375e-06
294,5.660844035970513,0,18.511676,True,True,1.430511474609375e-06
295,5.679127031005919,0,18.233465,True,True,1.430511474609375e-06
296,5.697364104969893,0,18.18995,True,True,1.430511474609375e-06
297,5.71594558598008,0,18.529087,True,True,1.430511474609375e-06
298,5.734236630960368,0,18.230517,True,True,1.430511474609375e-06
299,5.752536470012274,0,18.252636,True,True,1.430511474609375e-06
300,5.781506157014519,0,28.922778,True,True,1.430511474609375e-06
301,5.799953211972024,0,18.347749,True,True,1.430511474609375e-06
302,5.81825688900426,0,18.245652,True,True,1.430511474609375e-06
303,5.837016736972146,0,18.711859,True,True,1.430511474609375e-06
304,5.8553184869815595,0,18.24925,True,True,1.430511474609375e-06
305,5.87343963800231,0,18.078546,True,True,1.430511474609375e-06
306,5.891879011003766,0,18.39126,True,True,1.430511474609375e-06
307,5.9131209590123035,0,21.182251,True,True,1.430511474609375e-06
308,5.935171435994562,0,21.965958,True,True,1.430511474609375e-06
309,5.953584381961264,0,18.343764,True,True,1.430511474609375e-06
310,5.971836991957389,0,18.196523,True,True,1.430511474609375e-06
311,5.990179968008306,0,18.285963,True,True,1.430511474609375e-06
312,6.008379001985304,0,18.148274,True,True,1.430511474609375e-06
313,6.0271760009927675,0,18.738955,True,True,1.430511474609375e-06
314,6.046107744972687,0,18.877597,True,True,1.430511474609375e-06
315,6.067509670974687,0,21.325404,True,True,1.430511474609375e-06
316,6.085952449997421,0,18.38545,True,True,1.430511474609375e-06
317,6.104147483012639,0,18.133835,True,True,1.430511474609375e-06
318,6.122657764004543,0,18.453274,True,True,1.430511474609375e-06
319,6.140945710998494,0,18.213928,True,True,1.430511474609375e-06
320,6.1594587749568745,0,18.462818,True,True,1.430511474609375e-06
321,6.177729140967131,0,18.217198,True,True,1.430511474609375e-06
322,6.195962978003081,0,18.183774,True,True,1.430511474609375e-06
323,6.214939454977866,0,18.926394,True,True,1.430511474609375e-06
324,6.233816385967657,0,18.761507,True,True,1.430511474609375e-06
325,6.25248677196214,0,18.565627,True,True,1.430511474609375e-06
326,6.2710798679618165,0,18.484366,True,True,1.430511474609375e-06
327,6.299357761978172,0,28.208513,True,True,1.430511474609375e-06
328,6.319587335980032,0,20.129439,True,True,1.430511474609375e-06
329,6.338050318998285,0,18.398308,True,True,1.430511474609375e-06
330,6.35626032698201,0,18.152047,True,True,1.430511474609375e-06
331,6.374497887969483,0,18.185884,True,True,1.430511474609375e-06
332,6.392766067001503,0,18.213445,True,True,1.430511474609375e-06
333,6.410980167973321,0,18.166694,True,True,1.430511474609375e-06
334,6.429349188983906,0,18.317389,True,True,1.430511474609375e-06
335,6.447555079997983,0,18.157343,True,True,1.430511474609375e-06
336,6.465794668998569,0,18.179033,True,True,1.430511474609375e-06
337,6.484440849977545,0,18.593439,True,True,1.430511474609375e-06
338,6.502687230997253,0,18.178832,True,True,1.430511474609375e-06
339,6.5356547519913875,0,32.912141,True,True,1.430511474609375e-06
340,6.556371603976004,0,20.580684,True,True,1.430511474609375e-06
341,6.574837439984549,0,18.389395,True,True,1.430511474609375e-06
342,6.593205660989042,0,18.294683,True,True,1.430511474609375e-06
343,6.612231498002075,0,18.952875,True,True,1.430511474609375e-06
344,6.6306590819731355,0,18.319751,True,True,1.430511474609375e-06
345,6.648989717010409,0,18.266296,True,True,1.430511474609375e-06
346,6.667497716960497,0,18.451651,True,True,1.430511474609375e-06
347,6.685702428978402,0,18.151997,True,True,1.430511474609375e-06
348,6.703927336959168,0,18.153125,True,True,1.430511474609375e-06
349,6.722662643995136,0,18.678881,True,True,1.430511474609375e-06
350,6.741255257977173,0,18.481104,True,True,1.430511474609375e-06
351,6.759582299971953,0,18.249768,True,True,1.430511474609375e-06
352,6.778210209973622,0,18.57177,True,True,1.430511474609375e-06
353,6.796682927000802,0,18.413772,True,True,1.430511474609375e-06
354,6.8148725659702905,0,18.135004,True,True,1.430511474609375e-06
355,6.833437132008839,0,18.507839,True,True,1.430511474609375e-06
356,6.851615512976423,0,18.122208,True,True,1.430511474609375e-06
357,6.8697813709732145,0,18.117182,True,True,1.430511474609375e-06
358,6.88836566300597,0,18.533695,True,True,1.430511474609375e-06
359,6.906581882969476,0,18.161286,True,True,1.430511474609375e-06
360,6.924850845010951,0,18.203129,True,True,1.430511474609375e-06
361,6.943726005963981,0,18.817046,True,True,1.430511474609375e-06
362,6.962168021011166,0,18.349164,True,True,1.430511474609375e-06
363,6.9805433609872125,0,18.302776,True,True,1.430511474609375e-06
364,6.9988768749753945,0,18.267131,True,True,1.430511474609375e-06
365,7.017170334002003,0,18.226717,True,True,1.430511474609375e-06
366,7.036125433980487,0,18.890175,True,True,1.430511474609375e-06
367,7.054357732005883,0,18.168919,True,True,1.430511474609375e-06
368,7.072530876961537,0,18.116782,True,True,1.430511474609375e-06
369,7.090871861961205,0,18.276098,True,True,1.430511474609375e-06
370,7.110505785967689,0,19.576573,True,True,1.430511474609375e-06
371,7.132478885992896,0,21.900074,True,True,1.430511474609375e-06
372,7.150623493012972,0,18.086441,True,True,1.430511474609375e-06
373,7.168933542969171,0,18.255045,True,True,1.430511474609375e-06
374,7.187964492011815,0,18.951048,True,True,1.430511474609375e-06
375,7.2061725669773296,0,18.145608,True,True,1.430511474609375e-06
376,7.224434721982107,0,18.204175,True,True,1.430511474609375e-06
377,7.243222954974044,0,18.73343,True,True,1.430511474609375e-06
378,7.261462614987977,0,18.174898,True,True,1.430511474609375e-06
379,7.281915724975988,0,20.394024,True,True,1.430511474609375e-06
380,7.310121788003016,0,28.133419,True,True,1.430511474609375e-06
381,7.328537938010413,0,18.318076,True,True,1.430511474609375e-06
382,7.346868932014331,0,18.257407,True,True,1.430511474609375e-06
383,7.365487762959674,0,18.553945,True,True,1.430511474609375e-06
384,7.383656736987177,0,18.105818,True,True,1.430511474609375e-06
385,7.401861736958381,0,18.137832,True,True,1.430511474609375e-06
386,7.420188620977569,0,18.26839,True,True,1.430511474609375e-06
387,7.438421777973417,0,18.1629,True,True,1.430511474609375e-06
388,7.457266899989918,0,18.784388,True,True,1.430511474609375e-06
389,7.4754891080083326,0,18.149019,True,True,1.430511474609375e-06
390,7.493796393973753,0,18.243831,True,True,1.430511474609375e-06
391,7.5142199249821715,0,20.354381,True,True,1.430511474609375e-06
392,7.540219318994787,0,25.927096,True,True,1.430511474609375e-06
393,7.560596744006034,0,20.277222,True,True,1.430511474609375e-06
394,7.579107704979833,0,18.442392,True,True,1.430511474609375e-06
395,7.597474428010173,0,18.290038,True,True,1.430511474609375e-06
396,7.616200440970715,0,18.66443,True,True,1.430511474609375e-06
397,7.634388514969032,0,18.131539,True,True,1.430511474609375e-06
398,7.652584507013671,0,18.145895,True,True,1.430511474609375e-06
399,7.6710229169693775,0,18.389223,True,True,1.430511474609375e-06
400,7.699603416956961,0,28.525193,True,True,1.430511474609375e-06
401,7.724160329962615,0,24.453916,True,True,1.430511474609375e-06
402,7.742561127990484,0,18.327296,True,True,1.430511474609375e-06
403,7.7607627749675885,0,18.148573,True,True,1.430511474609375e-06
404,7.779440562007949,0,18.623718,True,True,1.430511474609375e-06
405,7.7977166720083915,0,18.212144,True,True,1.430511474609375e-06
406,7.815881748974789,0,18.111334,True,True,1.430511474609375e-06
407,7.83413092099363,0,18.200747,True,True,1.430511474609375e-06
408,7.85339970595669,0,19.204095,True,True,1.430511474609375e-06
409,7.8722087210044265,0,18.740448,True,True,1.430511474609375e-06
410,7.890487357974052,0,18.218633,True,True,1.430511474609375e-06
411,7.908792882983107,0,18.247821,True,True,1.430511474609375e-06
412,7.9272067319834605,0,18.334739,True,True,1.430511474609375e-06
413,7.945999461982865,0,18.733399,True,True,1.430511474609375e-06
414,7.964926440967247,0,18.850709,True,True,1.430511474609375e-06
415,7.983300181978848,0,18.312846,True,True,1.430511474609375e-06
416,8.001504121988546,0,18.152691,True,True,1.430511474609375e-06
417,8.020076892978977,0,18.521848,True,True,1.430511474609375e-06
418,8.038221127993893,0,18.084368,True,True,1.430511474609375e-06
419,8.056937641988043,0,18.665574,True,True,1.430511474609375e-06
420,8.075515475007705,0,18.523682,True,True,1.430511474609375e-06
421,8.09372019598959,0,18.148913,True,True,1.430511474609375e-06
422,8.111943049996626,0,18.169865,True,True,1.430511474609375e-06
423,8.13021316198865,0,18.218834,True,True,1.430511474609375e-06
424,8.148974130977876,0,18.715901,True,True,1.430511474609375e-06
425,8.167644297995139,0,18.61084,True,True,1.430511474609375e-06
426,8.185999607958365,0,18.299228,True,True,1.430511474609375e-06
427,8.204273500014096,0,18.226988,True,True,1.430511474609375e-06
428,8.222760169999674,0,18.437872,True,True,1.430511474609375e-06
429,8.241304541006684,0,18.49449,True,True,1.430511474609375e-06
430,8.259554332995322,0,18.201692,True,True,1.430511474609375e-06
431,8.278523585991934,0,18.919138,True,True,1.430511474609375e-06
432,8.306542525999248,0,27.947912,True,True,1.430511474609375e-06
433,8.330460289958864,0,23.841457,True,True,1.430511474609375e-06
434,8.348942421958782,0,18.408616,True,True,1.430511474609375e-06
435,8.367208357958589,0,18.200945,True,True,1.430511474609375e-06
436,8.385679680970497,0,18.410525,True,True,1.430511474609375e-06
437,8.403918388008606,0,18.18401,True,True,1.430511474609375e-06
438,8.42318353796145,0,19.211665,True,True,1.430511474609375e-06
439,8.441543305991217,0,18.300934,True,True,1.430511474609375e-06
440,8.459783497964963,0,18.190268,True,True,1.430511474609375e-06
441,8.47829116199864,0,18.447964,True,True,1.430511474609375e-06
442,8.496687351958826,0,18.342883,True,True,1.430511474609375e-06
443,8.518820277997293,0,22.073452,True,True,1.430511474609375e-06
444,8.545563255960587,0,26.65713,True,True,1.430511474609375e-06
445,8.56397332897177,0,18.316174,True,True,1.430511474609375e-06
446,8.582418590958696,0,18.380082,True,True,1.430511474609375e-06
447,8.601323601964395,0,18.833366,True,True,1.430511474609375e-06
448,8.620111403986812,0,18.734673,True,True,1.430511474609375e-06
449,8.638421409996226,0,18.250224,True,True,1.430511474609375e-06
450,8.656941344961524,0,18.473465,True,True,1.430511474609375e-06
451,8.675183381012175,0,18.192038,True,True,1.430511474609375e-06
452,8.69343421398662,0,18.198707,True,True,1.430511474609375e-06
453,8.712867614987772,0,19.358367,True,True,1.430511474609375e-06
454,8.731218322995119,0,18.287948,True,True,1.430511474609375e-06
455,8.749487282999326,0,18.210741,True,True,1.430511474609375e-06
456,8.768010489002336,0,18.470992,True,True,1.430511474609375e-06
457,8.786142530967481,0,18.078406,True,True,1.430511474609375e-06
458,8.80437870498281,0,18.18677,True,True,1.430511474609375e-06
459,8.823253709997516,0,18.827049,True,True,1.430511474609375e-06
460,8.841540951980278,0,18.23653,True,True,1.430511474609375e-06
461,8.860517241002526,0,18.92793,True,True,1.430511474609375e-06
462,8.87898887495976,0,18.418074,True,True,1.430511474609375e-06
463,8.897305279970169,0,18.267296,True,True,1.430511474609375e-06
464,8.919695444987155,0,22.33423,True,True,1.430511474609375e-06
465,8.938224913959857,0,18.469259,True,True,1.430511474609375e-06
466,8.956615181989037,0,18.338254,True,True,1.430511474609375e-06
467,8.97578334796708,0,19.098459,True,True,1.430511474609375e-06
468,8.994393236003816,0,18.505846,True,True,1.430511474609375e-06
469,9.013144176977221,0,18.681843,True,True,1.430511474609375e-06
470,9.032081143988762,0,18.879738,True,True,1.430511474609375e-06
471,9.050432420975994,0,18.297731,True,True,1.430511474609375e-06
472,9.068723756005056,0,18.236194,True,True,1.430511474609375e-06
473,9.087315684009809,0,18.533435,True,True,1.430511474609375e-06
474,9.105837841983885,0,18.415562,True,True,1.430511474609375e-06
475,9.124962815956678,0,19.061002,True,True,1.430511474609375e-06
476,9.14320711500477,0,18.194015,True,True,1.430511474609375e-06
477,9.161379135970492,0,18.120394,True,True,1.430511474609375e-06
478,9.179602394986432,0,18.173901,True,True,1.430511474609375e-06
479,9.197865074966103,0,18.214739,True,True,1.430511474609375e-06
480,9.21722311998019,0,19.296703,True,True,1.430511474609375e-06
481,9.235496733977925,0,18.224735,True,True,1.430511474609375e-06
482,9.253759190964047,0,18.213966,True,True,1.430511474609375e-06
483,9.272683384013362,0,18.870395,True,True,1.430511474609375e-06
484,9.291109134966973,0,18.377133,True,True,1.430511474609375e-06
485,9.321359741967171,0,30.188534,True,True,1.430511474609375e-06
486,9.339868595008738,0,18.412138,True,True,1.430511474609375e-06
487,9.358126838982571,0,18.188793,True,True,1.430511474609375e-06
488,9.386939808959141,0,28.747647,True,True,1.430511474609375e-06
489,9.405376868962776,0,18.338481,True,True,1.430511474609375e-06
490,9.423654187005013,0,18.209526,True,True,1.430511474609375e-06
491,9.442031966987997,0,18.323095,True,True,1.430511474609375e-06
492,9.460262433975004,0,18.181814,True,True,1.430511474609375e-06
493,9.479560870968271,0,19.247197,True,True,1.430511474609375e-06
494,9.497918158012908,0,18.298611,True,True,1.430511474609375e-06
495,9.519488503981847,0,21.514796,True,True,1.430511474609375e-06
496,9.546360926004127,0,26.787601,True,True,1.430511474609375e-06
497,9.564743358991109,0,18.298911,True,True,1.430511474609375e-06
498,9.583455123996828,0,18.648816,True,True,1.430511474609375e-06
499,9.602158577006776,0,18.634919,True,True,1.430511474609375e-06
500,9.620327284967061,0,18.11627,True,True,1.430511474609375e-06
501,9.638499582011718,0,18.120681,True,True,1.430511474609375e-06
502,9.656698901962955,0,18.150485,True,True,1.430511474609375e-06
503,9.675383273977786,0,18.634165,True,True,1.430511474609375e-06
504,9.693880626989994,0,18.446389,True,True,1.430511474609375e-06
505,9.712088010972366,0,18.146814,True,True,1.430511474609375e-06
506,9.730345132004004,0,18.209701,True,True,1.430511474609375e-06
507,9.749219279969111,0,18.826778,True,True,1.430511474609375e-06
508,9.767981141980272,0,18.712766,True,True,1.430511474609375e-06
509,9.786111523979343,0,18.080233,True,True,1.430511474609375e-06
510,9.804691622965038,0,18.526417,True,True,1.430511474609375e-06
511,9.82295444200281,0,18.20498,True,True,1.430511474609375e-06
512,9.841861805994995,0,18.846652,True,True,1.430511474609375e-06
513,9.860224044998176,0,18.297707,True,True,1.430511474609375e-06
514,9.879101776983589,0,18.825807,True,True,1.430511474609375e-06
515,9.897622145013884,0,18.462328,True,True,1.430511474609375e-06
516,9.915866781957448,0,18.17304,True,True,1.430511474609375e-06
517,9.934432425012346,0,18.498244,True,True,1.430511474609375e-06
518,9.952674328989815,0,18.177114,True,True,1.430511474609375e-06
519,9.971363605989609,0,18.626133,True,True,1.430511474609375e-06
520,9.990276374970563,0,18.851731,True,True,1.430511474609375e-06
521,10.008648274990264,0,18.310262,True,True,1.430511474609375e-06
522,10.03698508196976,0,28.277036,True,True,1.430511474609375e-06
523,10.055659878998995,0,18.586995,True,True,1.430511474609375e-06
524,10.073928444995545,0,18.203587,True,True,1.430511474609375e-06
525,10.092400569992606,0,18.401436,True,True,1.430511474609375e-06
526,10.11841157899471,0,25.915686,True,True,1.430511474609375e-06
527,10.136922358011361,0,18.431167,True,True,1.430511474609375e-06
528,10.155532425967976,0,18.544436,True,True,1.430511474609375e-06
529,10.173757497977931,0,18.159983,True,True,1.430511474609375e-06
530,10.192131835967302,0,18.318826,True,True,1.430511474609375e-06
531,10.211154653981794,0,18.948571,True,True,1.430511474609375e-06
532,10.229527328978293,0,18.307789,True,True,1.430511474609375e-06
533,10.247702074993867,0,18.114068,True,True,1.430511474609375e-06
534,10.266556860995479,0,18.799138,True,True,1.430511474609375e-06
535,10.284803846967407,0,18.185331,True,True,1.430511474609375e-06
536,10.309570385958068,0,24.714242,True,True,1.430511474609375e-06
537,10.333249369985424,0,23.564786,True,True,1.430511474609375e-06
538,10.351866029959638,0,18.544322,True,True,1.430511474609375e-06
539,10.3701462399913,0,18.20822,True,True,1.430511474609375e-06
540,10.388511260971427,0,18.299427,True,True,1.430511474609375e-06
541,10.407881971972529,0,19.305733,True,True,1.430511474609375e-06
542,10.42627633101074,0,18.31525,True,True,1.430511474609375e-06
543,10.444519697979558,0,18.179642,True,True,1.430511474609375e-06
544,10.46300552698085,0,18.424992,True,True,1.430511474609375e-06
545,10.481229231983889,0,18.164547,True,True,1.430511474609375e-06
546,10.500479762966279,0,19.189212,True,True,1.430511474609375e-06
547,10.522035178961232,0,21.477482,True,True,1.430511474609375e-06
548,10.549319796962664,0,27.206646,True,True,1.430511474609375e-06
549,10.567780811979901,0,18.367173,True,True,1.430511474609375e-06
550,10.586013652966358,0,18.171881,True,True,1.430511474609375e-06
551,10.60507124796277,0,18.996503,True,True,1.430511474609375e-06
552,10.623318446974736,0,18.180489,True,True,1.430511474609375e-06
553,10.641764133004472,0,18.397844,True,True,1.430511474609375e-06
554,10.660023500968236,0,18.21498,True,True,1.430511474609375e-06
555,10.67824069201015,0,18.170368,True,True,1.430511474609375e-06
556,10.707945060974453,0,29.654871,True,True,1.430511474609375e-06
557,10.72642972698668,0,18.405008,True,True,1.430511474609375e-06
558,10.744694969966076,0,18.192247,True,True,1.430511474609375e-06
559,10.763262551976368,0,18.517627,True,True,1.430511474609375e-06
560,10.781428152986336,0,18.119095,True,True,1.430511474609375e-06
561,10.80018670798745,0,18.704205,True,True,1.430511474609375e-06
562,10.818770774989389,0,18.536562,True,True,1.430511474609375e-06
563,10.83698166301474,0,18.157486,True,True,1.430511474609375e-06
564,10.855204774998128,0,18.173259,True,True,1.430511474609375e-06
565,10.873627468012273,0,18.376021,True,True,1.430511474609375e-06
566,10.892421047959942,0,18.746611,True,True,1.430511474609375e-06
567,10.91085738496622,0,18.3657,True,True,1.430511474609375e-06
568,10.929315753979608,0,18.387844,True,True,1.430511474609375e-06
569,10.947544950991869,0,18.176378,True,True,1.430511474609375e-06
570,10.9660737249651,0,18.480009,True,True,1.430511474609375e-06
571,10.984325230005197,0,18.20555,True,True,1.430511474609375e-06
572,11.002449191990308,0,18.06834,True,True,1.430511474609375e-06
573,11.021264682000037,0,18.76431,True,True,1.430511474609375e-06
574,11.039478340011556,0,18.156345,True,True,1.430511474609375e-06
575,11.057613798999228,0,18.084721,True,True,1.430511474609375e-06
576,11.076154680980835,0,18.495168,True,True,1.430511474609375e-06
577,11.09438731300179,0,18.167082,True,True,1.430511474609375e-06
578,11.112614422978368,0,18.174105,True,True,1.430511474609375e-06
579,11.131381451967172,0,18.719812,True,True,1.430511474609375e-06
580,11.149516945995856,0,18.092432,True,True,1.430511474609375e-06
581,11.167643118009437,0,18.083117,True,True,1.430511474609375e-06
582,11.185876308998559,0,18.190496,True,True,1.430511474609375e-06
583,11.204104436968919,0,18.182105,True,True,1.430511474609375e-06
584,11.222809844010044,0,18.664319,True,True,1.430511474609375e-06
585,11.24099511699751,0,18.133752,True,True,1.430511474609375e-06
586,11.25933776696911,0,18.294602,True,True,1.430511474609375e-06
587,11.277795400004834,0,18.409429,True,True,1.430511474609375e-06
588,11.297914486960508,0,20.075038,True,True,1.430511474609375e-06
589,11.324609223986045,0,26.634662,True,True,1.430511474609375e-06
590,11.344860608980525,0,20.164528,True,True,1.430511474609375e-06
591,11.363267624983564,0,18.336674,True,True,1.430511474609375e-06
592,11.381470913998783,0,18.146045,True,True,1.430511474609375e-06
593,11.399967047967948,0,18.443977,True,True,1.430511474609375e-06
594,11.418162143963855,0,18.140156,True,True,1.430511474609375e-06
595,11.436380042985547,0,18.172771,True,True,1.430511474609375e-06
596,11.454698460991494,0,18.269658,True,True,1.430511474609375e-06
597,11.472902185982093,0,18.157717,True,True,1.430511474609375e-06
598,11.49158696399536,0,18.63536,True,True,1.430511474609375e-06
599,11.509828166977968,0,18.197352,True,True,1.430511474609375e-06
600,11.548586537013762,0,38.710449,True,True,1.430511474609375e-06
601,11.567249160958454,0,18.532585,True,True,1.430511474609375e-06
602,11.58582633297192,0,18.497733,True,True,1.430511474609375e-06
603,11.604280022962485,0,18.390067,True,True,1.430511474609375e-06
604,11.623032382980455,0,18.645426,True,True,1.430511474609375e-06
605,11.641487376007717,0,18.36832,True,True,1.430511474609375e-06
606,11.659690116008278,0,18.14903,True,True,1.430511474609375e-06
607,11.678411239990965,0,18.672805,True,True,1.430511474609375e-06
608,11.696650772006251,0,18.190562,True,True,1.430511474609375e-06
609,11.715154686011374,0,18.439302,True,True,1.430511474609375e-06
610,11.73432949295966,0,19.093939,True,True,1.430511474609375e-06
611,11.752771939965896,0,18.347417,True,True,1.430511474609375e-06
612,11.771040813997388,0,18.208936,True,True,1.430511474609375e-06
613,11.789909666986205,0,18.813047,True,True,1.430511474609375e-06
614,11.808045190991834,0,18.082497,True,True,1.430511474609375e-06
615,11.826177045004442,0,18.086851,True,True,1.430511474609375e-06
616,11.84511316899443,0,18.883118,True,True,1.430511474609375e-06
617,11.863445535011124,0,18.26697,True,True,1.430511474609375e-06
618,11.88175068498822,0,18.246548,True,True,1.430511474609375e-06
619,11.900136773008853,0,18.333316,True,True,1.430511474609375e-06
620,11.918373802967835,0,18.164484,True,True,1.430511474609375e-06
621,11.93689812097,0,18.471036,True,True,1.430511474609375e-06
622,11.955210722982883,0,18.220495,True,True,1.430511474609375e-06
623,11.973436299012974,0,18.166558,True,True,1.430511474609375e-06
624,11.991814320965204,0,18.32305,True,True,1.430511474609375e-06
625,12.010028782009613,0,18.162335,True,True,1.430511474609375e-06
626,12.02886895998381,0,18.795036,True,True,1.430511474609375e-06
627,12.04701387800742,0,18.088465,True,True,1.430511474609375e-06
628,12.065261970972642,0,18.192259,True,True,1.430511474609375e-06
629,12.08353837497998,0,18.226376,True,True,1.430511474609375e-06
630,12.101756604970433,0,18.166503,True,True,1.430511474609375e-06
631,12.120846960984636,0,19.039734,True,True,1.430511474609375e-06
632,12.138999690010678,0,18.100885,True,True,1.430511474609375e-06
633,12.157183251983952,0,18.135461,True,True,1.430511474609375e-06
634,12.17540296597872,0,18.17423,True,True,1.430511474609375e-06
635,12.193688571976963,0,18.237232,True,True,1.430511474609375e-06
636,12.212584620981943,0,18.852852,True,True,1.430511474609375e-06
637,12.230708279996179,0,18.077561,True,True,1.430511474609375e-06
638,12.24893747200258,0,18.184298,True,True,1.430511474609375e-06
639,12.267320885963272,0,18.337126,True,True,1.430511474609375e-06
640,12.285571073996834,0,18.208893,True,True,1.430511474609375e-06
641,12.303712675988209,0,18.09572,True,True,1.430511474609375e-06
642,12.332039339991752,0,28.276745,True,True,1.430511474609375e-06
643,12.35243652999634,0,20.298836,True,True,1.430511474609375e-06
644,12.380444487964269,0,27.934036,True,True,1.430511474609375e-06
645,12.39947481296258,0,18.956754,True,True,1.430511474609375e-06
646,12.417750592983793,0,18.221415,True,True,1.430511474609375e-06
647,12.436092888005078,0,18.294855,True,True,1.430511474609375e-06
648,12.45433050696738,0,18.185141,True,True,1.430511474609375e-06
649,12.472518102964386,0,18.136408,True,True,1.430511474609375e-06
650,12.491310279001482,0,18.742052,True,True,1.430511474609375e-06
651,12.509540751983877,0,18.181675,True,True,1.430511474609375e-06
652,12.539730680000503,0,30.140261,True,True,1.430511474609375e-06
653,12.55826195399277,0,18.42942,True,True,1.430511474609375e-06
654,12.576604589005001,0,18.26885,True,True,1.430511474609375e-06
655,12.594938314985484,0,18.277177,True,True,1.430511474609375e-06
656,12.61309480597265,0,18.100834,True,True,1.430511474609375e-06
657,12.631747020990588,0,18.606835,True,True,1.430511474609375e-06
658,12.649830324982759,0,18.035081,True,True,1.430511474609375e-06
659,12.66795660101343,0,18.078715,True,True,1.430511474609375e-06
660,12.68621950095985,0,18.21533,True,True,1.430511474609375e-06
661,12.704327152983751,0,18.052999,True,True,1.430511474609375e-06
662,12.723224918008782,0,18.846696,True,True,1.430511474609375e-06
663,12.741514238005038,0,18.238543,True,True,1.430511474609375e-06
664,12.759827782982029,0,18.266043,True,True,1.430511474609375e-06
665,12.77810286701424,0,18.228832,True,True,1.430511474609375e-06
666,12.796282708994113,0,18.126066,True,True,1.430511474609375e-06
667,12.814940532960463,0,18.609549,True,True,1.430511474609375e-06
668,12.833100077987183,0,18.112529,True,True,1.430511474609375e-06
669,12.851247849001084,0,18.095199,True,True,1.430511474609375e-06
670,12.869761879963335,0,18.462116,True,True,1.430511474609375e-06
671,12.887937010964379,0,18.128724,True,True,1.430511474609375e-06
672,12.906514883972704,0,18.524997,True,True,1.430511474609375e-06
673,12.924715861969162,0,18.138176,True,True,1.430511474609375e-06
674,12.942949894990306,0,18.182389,True,True,1.430511474609375e-06
675,12.961583519005217,0,18.579269,True,True,1.430511474609375e-06
676,12.979947354004253,0,18.31219,True,True,1.430511474609375e-06
677,12.99812106101308,0,18.119839,True,True,1.430511474609375e-06
678,13.016418922983576,0,18.250134,True,True,1.430511474609375e-06
679,13.03467169997748,0,18.202269,True,True,1.430511474609375e-06
680,13.05335532699246,0,18.636358,True,True,1.430511474609375e-06
681,13.071497800992802,0,18.091844,True,True,1.430511474609375e-06
682,13.08982669695979,0,18.272886,True,True,1.430511474609375e-06
683,13.10831707000034,0,18.432683,True,True,1.430511474609375e-06
684,13.126663576986175,0,18.298037,True,True,1.430511474609375e-06
685,13.145335439010523,0,18.619878,True,True,1.430511474609375e-06
686,13.163499371963553,0,18.12058,True,True,1.430511474609375e-06
687,13.181684728013352,0,18.139179,True,True,1.430511474609375e-06
688,13.199915414967109,0,18.184755,True,True,1.430511474609375e-06
689,13.218098193989135,0,18.138848,True,True,1.430511474609375e-06
690,13.23666570300702,0,18.516482,True,True,1.430511474609375e-06
691,13.254815525957383,0,18.105658,True,True,1.430511474609375e-06
692,13.273092751973309,0,18.233805,True,True,1.430511474609375e-06
693,13.291520049970131,0,18.379031,True,True,1.430511474609375e-06
694,13.30971108697122,0,18.150173,True,True,1.430511474609375e-06
695,13.338544373982586,0,28.783263,True,True,1.430511474609375e-06
696,13.35856199299451,0,19.917062,True,True,1.430511474609375e-06
697,13.37684913299745,0,18.226036,True,True,1.430511474609375e-06
698,13.395802230981644,0,18.89753,True,True,1.430511474609375e-06
699,13.414114461978897,0,18.263817,True,True,1.430511474609375e-06
700,13.432327031972818,0,18.159434,True,True,1.430511474609375e-06
701,13.450977790984325,0,18.601084,True,True,1.430511474609375e-06
702,13.469114950974472,0,18.085868,True,True,1.430511474609375e-06
703,13.487241733004339,0,18.074783,True,True,1.430511474609375e-06
704,13.50568146497244,0,18.3909,True,True,1.430511474609375e-06
705,13.533395597012714,0,27.666032,True,True,1.430511474609375e-06
706,13.554224004969,0,20.729394,True,True,1.430511474609375e-06
707,13.572580993990414,0,18.290151,True,True,1.430511474609375e-06
708,13.590718785999343,0,18.077079,True,True,1.430511474609375e-06
709,13.609364517964423,0,18.586061,True,True,1.430511474609375e-06
710,13.627557408995926,0,18.14483,True,True,1.430511474609375e-06
711,13.64563854096923,0,18.03191,True,True,1.430511474609375e-06
712,13.664098656969145,0,18.411904,True,True,1.430511474609375e-06
713,13.682305780996103,0,18.157773,True,True,1.430511474609375e-06
714,13.700649714970496,0,18.299131,True,True,1.430511474609375e-06
715,13.718894321995322,0,18.187168,True,True,1.430511474609375e-06
716,13.737089876958635,0,18.142666,True,True,1.430511474609375e-06
717,13.7556946479599,0,18.55605,True,True,1.430511474609375e-06
718,13.773863461974543,0,18.123122,True,True,1.430511474609375e-06
719,13.792071770993061,0,18.150808,True,True,1.430511474609375e-06
720,13.810458750987891,0,18.336991,True,True,1.430511474609375e-06
721,13.828608898969833,0,18.093578,True,True,1.430511474609375e-06
722,13.846840980986599,0,18.187194,True,True,1.430511474609375e-06
723,13.865241305960808,0,18.350748,True,True,1.430511474609375e-06
724,13.883415994001552,0,18.126591,True,True,1.430511474609375e-06
725,13.901796926977113,0,18.333161,True,True,1.430511474609375e-06
726,13.920342310972046,0,18.462489,True,True,1.430511474609375e-06
727,13.938811797997914,0,18.38467,True,True,1.430511474609375e-06
728,13.95787126396317,0,18.980395,True,True,1.430511474609375e-06
729,13.97610715799965,0,18.177512,True,True,1.430511474609375e-06
730,13.994195253006183,0,18.041389,True,True,1.430511474609375e-06
731,14.012939770007506,0,18.694711,True,True,1.430511474609375e-06
732,14.031052575970534,0,18.060475,True,True,1.430511474609375e-06
733,14.049497714964673,0,18.379147,True,True,1.430511474609375e-06
734,14.068091813998763,0,18.482414,True,True,1.430511474609375e-06
735,14.086272517975885,0,18.11657,True,True,1.430511474609375e-06
736,14.105088801996317,0,18.759876,True,True,1.430511474609375e-06
737,14.123144346987829,0,18.008836,True,True,1.430511474609375e-06
738,14.141338153975084,0,18.145651,True,True,1.430511474609375e-06
739,14.159732642991003,0,18.351599,True,True,1.430511474609375e-06
740,14.178013841970824,0,18.23328,True,True,1.430511474609375e-06
741,14.196147256006952,0,18.088123,True,True,1.430511474609375e-06
742,14.214481570990756,0,18.287912,True,True,1.430511474609375e-06
743,14.232740635983646,0,18.214027,True,True,1.430511474609375e-06
744,14.251467917987611,0,18.680812,True,True,1.430511474609375e-06
745,14.269604460976552,0,18.094666,True,True,1.430511474609375e-06
746,14.298163475003093,0,28.512955,True,True,1.430511474609375e-06
747,14.3196376679698,0,21.389032,True,True,1.430511474609375e-06
748,14.347124302003067,0,27.409381,True,True,1.430511474609375e-06
749,14.365744602982886,0,18.534338,True,True,1.430511474609375e-06
750,14.38407535100123,0,18.27541,True,True,1.430511474609375e-06
751,14.402317747008055,0,18.18549,True,True,1.430511474609375e-06
752,14.420611449982971,0,18.246537,True,True,1.430511474609375e-06
753,14.439037229982205,0,18.376817,True,True,1.430511474609375e-06
754,14.457608926983085,0,18.521986,True,True,1.430511474609375e-06
755,14.47578415099997,0,18.125702,True,True,1.430511474609375e-06
756,14.493885188014247,0,18.051911,True,True,1.430511474609375e-06
757,14.514254701964092,0,20.323436,True,True,1.430511474609375e-06
758,14.540315790975,0,26.007783,True,True,1.430511474609375e-06
759,14.56088186998386,0,20.471844,True,True,1.430511474609375e-06
760,14.579298659984488,0,18.357035,True,True,1.430511474609375e-06
761,14.597505413985346,0,18.151121,True,True,1.430511474609375e-06
762,14.615801631007344,0,18.241726,True,True,1.430511474609375e-06
763,14.633971054980066,0,18.122241,True,True,1.430511474609375e-06
764,14.652477164985612,0,18.460956,True,True,1.430511474609375e-06
765,14.670646682963707,0,18.127328,True,True,1.430511474609375e-06
766,14.688780878961552,0,18.0915,True,True,1.430511474609375e-06
767,14.70712343195919,0,18.290238,True,True,1.430511474609375e-06
768,14.725372865970712,0,18.2005,True,True,1.430511474609375e-06
769,14.74416455096798,0,18.724223,True,True,1.430511474609375e-06
770,14.762535349989776,0,18.320377,True,True,1.430511474609375e-06
771,14.780772313009948,0,18.19137,True,True,1.430511474609375e-06
772,14.799125279008877,0,18.303298,True,True,1.430511474609375e-06
773,14.817511064000428,0,18.337715,True,True,1.430511474609375e-06
774,14.835880506958347,0,18.325845,True,True,1.430511474609375e-06
775,14.854324518993963,0,18.391045,True,True,1.430511474609375e-06
776,14.872923513001297,0,18.548225,True,True,1.430511474609375e-06
777,14.891230821958743,0,18.258133,True,True,1.430511474609375e-06
778,14.90971722296672,0,18.435153,True,True,1.430511474609375e-06
779,14.928573976969346,0,18.786933,True,True,1.430511474609375e-06
780,14.9469466219889,0,18.3174,True,True,1.430511474609375e-06
781,14.965262455982156,0,18.263686,True,True,1.430511474609375e-06
782,14.98384790198179,0,18.533795,True,True,1.430511474609375e-06
783,15.00221846497152,0,18.320287,True,True,1.430511474609375e-06
784,15.020379719964694,0,18.113845,True,True,1.430511474609375e-06
785,15.038830061967019,0,18.399238,True,True,1.430511474609375e-06
786,15.057441777957138,0,18.55591,True,True,1.430511474609375e-06
787,15.075558951008134,0,18.070535,True,True,1.430511474609375e-06
788,15.093691303976811,0,18.082947,True,True,1.430511474609375e-06
789,15.112208694976289,0,18.4681,True,True,1.430511474609375e-06
790,15.13058880897006,0,18.330987,True,True,1.430511474609375e-06
791,15.148946125002112,0,18.308685,True,True,1.430511474609375e-06
792,15.167713921982795,0,18.724778,True,True,1.430511474609375e-06
793,15.186069515999407,0,18.310886,True,True,1.430511474609375e-06
794,15.20453433401417,0,18.417837,True,True,1.430511474609375e-06
795,15.223009542969521,0,18.430644,True,True,1.430511474609375e-06
796,15.241402163985185,0,18.34334,True,True,1.430511474609375e-06
797,15.259745639981702,0,18.299065,True,True,1.430511474609375e-06
798,15.278280698985327,0,18.489671,True,True,1.430511474609375e-06
799,15.296611644967925,0,18.287494,True,True,1.430511474609375e-06
800,15.315004658012185,0,18.345968,True,True,1.430511474609375e-06
801,15.33666352997534,0,21.610927,True,True,1.430511474609375e-06
802,15.36371839500498,0,26.96247,True,True,1.430511474609375e-06
803,15.382553158968221,0,18.753523,True,True,1.430511474609375e-06
804,15.401034184964374,0,18.41488,True,True,1.430511474609375e-06
805,15.4194001199794,0,18.309431,True,True,1.430511474609375e-06
806,15.437773844983894,0,18.328035,True,True,1.430511474609375e-06
807,15.456635675975122,0,18.812435,True,True,1.430511474609375e-06
808,15.47500079497695,0,18.31334,True,True,1.430511474609375e-06
809,15.493424838990904,0,18.375418,True,True,1.430511474609375e-06
810,15.513980365998577,0,20.499967,True,True,1.430511474609375e-06
811,15.540266771975439,0,26.229887,True,True,1.430511474609375e-06
812,15.560522626969032,0,20.160431,True,True,1.430511474609375e-06
813,15.579039160977118,0,18.451615,True,True,1.430511474609375e-06
814,15.59736618300667,0,18.269477,True,True,1.430511474609375e-06
815,15.615917194983922,0,18.496951,True,True,1.430511474609375e-06
816,15.634596710966434,0,18.632403,True,True,1.430511474609375e-06
817,15.652952697011642,0,18.306682,True,True,1.430511474609375e-06
818,15.671325829986017,0,18.318242,True,True,1.430511474609375e-06
819,15.689629124011844,0,18.258254,True,True,1.430511474609375e-06
820,15.708236714999657,0,18.557717,True,True,1.430511474609375e-06
821,15.726611624006182,0,18.320348,True,True,1.430511474609375e-06
822,15.744911392976064,0,18.251128,True,True,1.430511474609375e-06
823,15.763321912963875,0,18.361988,True,True,1.430511474609375e-06
824,15.781622967973817,0,18.252025,True,True,1.430511474609375e-06
825,15.799801213957835,0,18.131351,True,True,1.430511474609375e-06
826,15.818170702958014,0,18.316224,True,True,1.430511474609375e-06
827,15.836547661980148,0,18.328937,True,True,1.430511474609375e-06
828,15.854770080011804,0,18.165561,True,True,1.430511474609375e-06
829,15.873251467011869,0,18.385368,True,True,1.430511474609375e-06
830,15.891813885013107,0,18.502402,True,True,1.430511474609375e-06
831,15.916747940995265,0,24.875811,True,True,1.430511474609375e-06
832,15.935892678971868,0,19.058528,True,True,1.430511474609375e-06
833,15.954259524994995,0,18.31077,True,True,1.430511474609375e-06
834,15.98368661198765,0,29.369337,True,True,1.430511474609375e-06
835,16.002243536000606,0,18.469545,True,True,1.430511474609375e-06
836,16.02056240296224,0,18.259322,True,True,1.430511474609375e-06
837,16.038931117975153,0,18.315965,True,True,1.430511474609375e-06
838,16.05731146497419,0,18.323975,True,True,1.430511474609375e-06
839,16.075784104003105,0,18.422443,True,True,1.430511474609375e-06
840,16.094166505965404,0,18.336073,True,True,1.430511474609375e-06
841,16.112773920001928,0,18.551144,True,True,1.430511474609375e-06
842,16.131234548985958,0,18.415597,True,True,1.430511474609375e-06
843,16.149641565978527,0,18.358702,True,True,1.430511474609375e-06
844,16.168616253999062,0,18.923528,True,True,1.430511474609375e-06
845,16.187129403988365,0,18.465563,True,True,1.430511474609375e-06
846,16.205554932006635,0,18.374508,True,True,1.430511474609375e-06
847,16.224004432966467,0,18.40153,True,True,1.430511474609375e-06
848,16.24235077999765,0,18.301641,True,True,1.430511474609375e-06
849,16.26081329700537,0,18.419274,True,True,1.430511474609375e-06
850,16.27923300297698,0,18.375671,True,True,1.430511474609375e-06
851,16.297699817980174,0,18.425253,True,True,1.430511474609375e-06
852,16.316032970964443,0,18.285591,True,True,1.430511474609375e-06
853,16.33783664397197,0,21.754917,True,True,1.430511474609375e-06
854,16.365053201967385,0,27.115135,True,True,1.430511474609375e-06
855,16.3836608909769,0,18.523864,True,True,1.430511474609375e-06
856,16.402375686971936,0,18.645039,True,True,1.430511474609375e-06
857,16.420764509006403,0,18.334659,True,True,1.430511474609375e-06
858,16.43912645796081,0,18.314986,True,True,1.430511474609375e-06
859,16.45752273197286,0,18.347384,True,True,1.430511474609375e-06
860,16.47589426796185,0,18.323347,True,True,1.430511474609375e-06
861,16.494572511990555,0,18.624494,True,True,1.430511474609375e-06
862,16.51524865697138,0,20.624591,True,True,1.430511474609375e-06
863,16.54194738395745,0,26.641255,True,True,1.430511474609375e-06
864,16.56221550196642,0,20.14895,True,True,1.430511474609375e-06
865,16.58064649597509,0,18.363702,True,True,1.430511474609375e-06
866,16.59927596000489,0,18.577041,True,True,1.430511474609375e-06
867,16.617636127979495,0,18.304838,True,True,1.430511474609375e-06
868,16.646073018957395,0,28.385284,True,True,1.430511474609375e-06
869,16.664855796960182,0,18.676671,True,True,1.430511474609375e-06
870,16.683597198978532,0,18.655636,True,True,1.430511474609375e-06
871,16.70222332299454,0,18.56421,True,True,1.430511474609375e-06
872,16.720697225013282,0,18.41595,True,True,1.430511474609375e-06
873,16.739214172994252,0,18.461714,True,True,1.430511474609375e-06
874,16.757606214960106,0,18.341779,True,True,1.430511474609375e-06
875,16.77609656297136,0,18.445809,True,True,1.430511474609375e-06
876,16.794280069996603,0,18.138797,True,True,1.430511474609375e-06
877,16.812451262958348,0,18.113888,True,True,1.430511474609375e-06
878,16.831091528991237,0,18.592497,True,True,1.430511474609375e-06
879,16.849448781984393,0,18.309579,True,True,1.430511474609375e-06
880,16.867979108006693,0,18.475278,True,True,1.430511474609375e-06
881,16.88684570096666,0,18.792973,True,True,1.430511474609375e-06
882,16.905331518966705,0,18.431161,True,True,1.430511474609375e-06
883,16.924002513987944,0,18.583346,True,True,1.430511474609375e-06
884,16.942392392957117,0,18.329925,True,True,1.430511474609375e-06
885,16.96099231299013,0,18.540558,True,True,1.430511474609375e-06
886,16.97939509898424,0,18.345348,True,True,1.430511474609375e-06
887,16.997686332964804,0,18.220949,True,True,1.430511474609375e-06
888,17.01594422000926,0,18.205577,True,True,1.430511474609375e-06
889,17.034285886969883,0,18.287721,True,True,1.430511474609375e-06
890,17.052758911973797,0,18.419598,True,True,1.430511474609375e-06
891,17.071112075995188,0,18.309418,True,True,1.430511474609375e-06
892,17.089714202971663,0,18.554504,True,True,1.430511474609375e-06
893,17.108068702975288,0,18.305411,True,True,1.430511474609375e-06
894,17.126405974966474,0,18.291359,True,True,1.430511474609375e-06
895,17.14519064698834,0,18.73744,True,True,1.430511474609375e-06
896,17.163570094970055,0,18.333725,True,True,1.430511474609375e-06
897,17.1819549939828,0,18.339969,True,True,1.430511474609375e-06
898,17.20037615299225,0,18.376745,True,True,1.430511474609375e-06
899,17.21891219500685,0,18.492409,True,True,1.430511474609375e-06
900,17.23731158999726,0,18.356554,True,True,1.430511474609375e-06
901,17.255685087002348,0,18.329428,True,True,1.430511474609375e-06
902,17.274217870959546,0,18.488458,True,True,1.430511474609375e-06
903,17.302553337998688,0,28.292008,True,True,1.430511474609375e-06
904,17.32152199500706,0,18.894284,True,True,1.430511474609375e-06
905,17.35102482000366,0,29.438981,True,True,1.430511474609375e-06
906,17.370304705982562,0,19.173091,True,True,1.430511474609375e-06
907,17.38878564100014,0,18.419682,True,True,1.430511474609375e-06
908,17.40717548696557,0,18.332331,True,True,1.430511474609375e-06
909,17.42548097798135,0,18.254282,True,True,1.430511474609375e-06
910,17.44355505396379,0,18.026911,True,True,1.430511474609375e-06
911,17.461875989974942,0,18.272471,True,True,1.430511474609375e-06
912,17.48024705698481,0,18.324838,True,True,1.430511474609375e-06
913,17.49863759399159,0,18.331204,True,True,1.430511474609375e-06
914,17.520277219999116,0,21.584604,True,True,1.430511474609375e-06
915,17.547105700999964,0,26.751543,True,True,1.430511474609375e-06
916,17.56579686095938,0,18.607507,True,True,1.430511474609375e-06
917,17.584336080006324,0,18.47613,True,True,1.430511474609375e-06
918,17.602690783969592,0,18.297131,True,True,1.430511474609375e-06
919,17.62090319400886,0,18.163408,True,True,1.430511474609375e-06
920,17.63919460598845,0,18.24295,True,True,1.430511474609375e-06
921,17.657500471977983,0,18.256392,True,True,1.430511474609375e-06
922,17.675785210973118,0,18.238771,True,True,1.430511474609375e-06
923,17.6941040349775,0,18.269207,True,True,1.430511474609375e-06
924,17.71252114896197,0,18.368135,True,True,1.430511474609375e-06
925,17.730578173999675,0,18.003353,True,True,1.430511474609375e-06
926,17.74889507901389,0,18.267513,True,True,1.430511474609375e-06
927,17.76695365901105,0,18.008016,True,True,1.430511474609375e-06
928,17.785245740960818,0,18.245653,True,True,1.430511474609375e-06
929,17.803718461014796,0,18.420472,True,True,1.430511474609375e-06
930,17.822018365957774,0,18.251797,True,True,1.430511474609375e-06
931,17.840296273992863,0,18.232299,True,True,1.430511474609375e-06
932,17.85903365595732,0,18.68492,True,True,1.430511474609375e-06
933,17.877358015975915,0,18.281065,True,True,1.430511474609375e-06
934,17.89558163296897,0,18.170068,True,True,1.430511474609375e-06
935,17.91412914695684,0,18.485215,True,True,1.430511474609375e-06
936,17.932391042995732,0,18.213912,True,True,1.430511474609375e-06
937,17.950700913963374,0,18.260648,True,True,1.430511474609375e-06
938,17.969567994005047,0,18.817076,True,True,1.430511474609375e-06
939,17.987876738014165,0,18.260584,True,True,1.430511474609375e-06
940,18.00627082696883,0,18.348567,True,True,1.430511474609375e-06
941,18.024690533988178,0,18.368503,True,True,1.430511474609375e-06
942,18.043067378981505,0,18.319436,True,True,1.430511474609375e-06
943,18.061557105975226,0,18.442368,True,True,1.430511474609375e-06
944,18.07993001799332,0,18.323884,True,True,1.430511474609375e-06
945,18.0985165029997,0,18.537155,True,True,1.430511474609375e-06
946,18.116796987014823,0,18.228254,True,True,1.430511474609375e-06
947,18.145221457991283,0,28.376332,True,True,1.430511474609375e-06
948,18.163781218987424,0,18.486316,True,True,1.430511474609375e-06
949,18.182233252970036,0,18.397601,True,True,1.430511474609375e-06
950,18.20067350496538,0,18.386452,True,True,1.430511474609375e-06
951,18.21921194397146,0,18.481845,True,True,1.430511474609375e-06
952,18.23763319099089,0,18.367318,True,True,1.430511474609375e-06
953,18.255960899987258,0,18.282165,True,True,1.430511474609375e-06
954,18.274862563004717,0,18.856904,True,True,1.430511474609375e-06
955,18.293266010994557,0,18.358581,True,True,1.430511474609375e-06
956,18.31161998095922,0,18.309426,True,True,1.430511474609375e-06
957,18.330190130975097,0,18.522981,True,True,1.430511474609375e-06
958,18.351262410986237,0,21.017344,True,True,1.430511474609375e-06
959,18.378927544981707,0,27.558387,True,True,1.430511474609375e-06
960,18.397533750976436,0,18.500375,True,True,1.430511474609375e-06
961,18.41593117598677,0,18.334212,True,True,1.430511474609375e-06
962,18.434407748980448,0,18.425916,True,True,1.430511474609375e-06
963,18.45290291501442,0,18.44292,True,True,1.430511474609375e-06
964,18.47131257195724,0,18.35878,True,True,1.430511474609375e-06
965,18.489709143992513,0,18.345553,True,True,1.430511474609375e-06
966,18.50856335001299,0,18.805173,True,True,1.430511474609375e-06
967,18.536601322994102,0,27.98585,True,True,1.430511474609375e-06
968,18.557240346970502,0,20.540154,True,True,1.430511474609375e-06
969,18.575774297991302,0,18.468709,True,True,1.430511474609375e-06
970,18.594132967991754,0,18.301697,True,True,1.430511474609375e-06
971,18.61253147700336,0,18.344823,True,True,1.430511474609375e-06
972,18.630918001988903,0,18.340359,True,True,1.430511474609375e-06
973,18.649151682970114,0,18.188552,True,True,1.430511474609375e-06
974,18.66758721898077,0,18.391539,True,True,1.430511474609375e-06
975,18.686460246972274,0,18.829898,True,True,1.430511474609375e-06
976,18.704930572013836,0,18.426527,True,True,1.430511474609375e-06
977,18.7233063649619,0,18.322277,True,True,1.430511474609375e-06
978,18.741830037964974,0,18.466975,True,True,1.430511474609375e-06
979,18.760302787006367,0,18.414694,True,True,1.430511474609375e-06
980,18.77865714300424,0,18.300887,True,True,1.430511474609375e-06
981,18.79711086896714,0,18.403212,True,True,1.430511474609375e-06
982,18.815643551992252,0,18.474575,True,True,1.430511474609375e-06
983,18.833990954968613,0,18.289328,True,True,1.430511474609375e-06
984,18.852355499984697,0,18.314761,True,True,1.430511474609375e-06
985,18.87075968098361,0,18.353917,True,True,1.430511474609375e-06
986,18.889365139009897,0,18.522544,True,True,1.430511474609375e-06
987,18.90805847698357,0,18.603495,True,True,1.430511474609375e-06
988,18.92648702999577,0,18.362927,True,True,1.430511474609375e-06
989,18.944857769005466,0,18.319547,True,True,1.430511474609375e-06
990,18.968399550009053,0,23.487244,True,True,1.430511474609375e-06
991,18.99144889099989,0,22.942736,True,True,1.430511474609375e-06
992,19.010270939965267,0,18.738036,True,True,1.430511474609375e-06
993,19.029114981996827,0,18.751409,True,True,1.430511474609375e-06
994,19.048031299957074,0,18.837174,True,True,1.430511474609375e-06
995,19.066792552010156,0,18.659152,True,True,1.430511474609375e-06
996,19.085581379011273,0,18.716901,True,True,1.430511474609375e-06
997,19.10420267598238,0,18.562122,True,True,1.430511474609375e-06
998,19.122840342985,0,18.563287,True,True,1.430511474609375e-06
999,19.141396555001847,0,18.502078,True,True,1.430511474609375e-06
1000,19.160553100984544,0,19.082289,True,True,1.430511474609375e-06
1001,19.17899862397462,0,18.392136,True,True,1.430511474609375e-06
1002,19.197533642989583,0,18.481997,True,True,1.430511474609375e-06
1003,19.216031835007016,0,18.439449,True,True,1.430511474609375e-06
1004,19.234596149995923,0,18.507597,True,True,1.430511474609375e-06
1005,19.252961515972856,0,18.312095,True,True,1.430511474609375e-06
1006,19.271376993972808,0,18.359936,True,True,1.430511474609375e-06
1007,19.28970839601243,0,18.280604,True,True,1.430511474609375e-06
1008,19.307846597977914,0,18.085628,True,True,1.430511474609375e-06
1009,19.326272603997495,0,18.380945,True,True,1.430511474609375e-06
1010,19.344719373970293,0,18.40316,True,True,1.430511474609375e-06
1011,19.375206278986298,0,30.420686,True,True,1.430511474609375e-06
1012,19.39390058099525,0,18.595985,True,True,1.430511474609375e-06
1013,19.412379395973403,0,18.412477,True,True,1.430511474609375e-06
1014,19.430837461957708,0,18.400787,True,True,1.430511474609375e-06
1015,19.449234441970475,0,18.348663,True,True,1.430511474609375e-06
1016,19.46761901199352,0,18.336014,True,True,1.430511474609375e-06
1017,19.485740534961224,0,18.067983,True,True,1.430511474609375e-06
1018,19.50409739499446,0,18.302946,True,True,1.430511474609375e-06
1019,19.53203661198495,0,27.890065,True,True,1.430511474609375e-06
1020,19.552406500966754,0,20.271363,True,True,1.430511474609375e-06
1021,19.570913330011535,0,18.434798,True,True,1.430511474609375e-06
1022,19.589350107009523,0,18.379778,True,True,1.430511474609375e-06
1023,19.607772609975655,0,18.370202,True,True,1.430511474609375e-06
1024,19.626377998967655,0,18.552988,True,True,1.430511474609375e-06
1025,19.64461964397924,0,18.195193,True,True,1.430511474609375e-06
1026,19.662975238985382,0,18.310566,True,True,1.430511474609375e-06
1027,19.68173155497061,0,18.70206,True,True,1.430511474609375e-06
1028,19.699975651979912,0,18.198947,True,True,1.430511474609375e-06
1029,19.718283791968133,0,18.259249,True,True,1.430511474609375e-06
1030,19.736570740991738,0,18.21247,True,True,1.430511474609375e-06
1031,19.754880692984443,0,18.258276,True,True,1.430511474609375e-06
1032,19.773197074013297,0,18.26893,True,True,1.430511474609375e-06
1033,19.791698901972268,0,18.456698,True,True,1.430511474609375e-06
1034,19.810237878002226,0,18.482608,True,True,1.430511474609375e-06
1035,19.828566979966126,0,18.279236,True,True,1.430511474609375e-06
1036,19.846959533984773,0,18.344943,True,True,1.430511474609375e-06
1037,19.865353580971714,0,18.334218,True,True,1.430511474609375e-06
1038,19.883654895995278,0,18.249518,True,True,1.430511474609375e-06
1039,19.902081793989055,0,18.37305,True,True,1.430511474609375e-06
1040,19.92089703801321,0,18.738853,True,True,1.430511474609375e-06
1041,19.939251847972628,0,18.294021,True,True,1.430511474609375e-06
1042,19.957591649959795,0,18.289821,True,True,1.430511474609375e-06
1043,19.976143520965707,0,18.500435,True,True,1.430511474609375e-06
1044,19.99458528298419,0,18.386026,True,True,1.430511474609375e-06
1045,20.012923694972415,0,18.289641,True,True,1.430511474609375e-06
1046,20.031488532957155,0,18.518825,True,True,1.430511474609375e-06
1047,20.05025561299408,0,18.720895,True,True,1.430511474609375e-06
1048,20.068676130962558,0,18.370697,True,True,1.430511474609375e-06
1049,20.086977034981828,0,18.254416,True,True,1.430511474609375e-06
1050,20.105335669999477,0,18.310723,True,True,1.430511474609375e-06
1051,20.12387458299054,0,18.49263,True,True,1.430511474609375e-06
1052,20.142268266004976,0,18.338536,True,True,1.430511474609375e-06
1053,20.160859132010955,0,18.542517,True,True,1.430511474609375e-06
1054,20.17921914695762,0,18.314325,True,True,1.430511474609375e-06
1055,20.197638076962903,0,18.372482,True,True,1.430511474609375e-06
1056,20.21590535400901,0,18.222825,True,True,1.430511474609375e-06
1057,20.23429891897831,0,18.345954,True,True,1.430511474609375e-06
1058,20.252706806000788,0,18.364512,True,True,1.430511474609375e-06
1059,20.27102060499601,0,18.271456,True,True,1.430511474609375e-06
1060,20.28945579699939,0,18.392378,True,True,1.430511474609375e-06
1061,20.30781837197719,0,18.319242,True,True,1.430511474609375e-06
1062,20.32623775297543,0,18.372546,True,True,1.430511474609375e-06
1063,20.34535135095939,0,19.067522,True,True,1.430511474609375e-06
1064,20.37339481798699,0,27.974188,True,True,1.430511474609375e-06
1065,20.393670041987207,0,20.176832,True,True,1.430511474609375e-06
1066,20.412410216988064,0,18.679587,True,True,1.430511474609375e-06
1067,20.430828947981354,0,18.368861,True,True,1.430511474609375e-06
1068,20.449092519003898,0,18.217841,True,True,1.430511474609375e-06
1069,20.468055156001355,0,18.918082,True,True,1.430511474609375e-06
1070,20.48647721199086,0,18.36488,True,True,1.430511474609375e-06
1071,20.504753633984365,0,18.226839,True,True,1.430511474609375e-06
1072,20.534753652988,0,29.944928,True,True,1.430511474609375e-06
1073,20.553417654009536,0,18.560827,True,True,1.430511474609375e-06
1074,20.571921986993402,0,18.434669,True,True,1.430511474609375e-06
1075,20.590804303996265,0,18.824232,True,True,1.430511474609375e-06
1076,20.609141396998893,0,18.284795,True,True,1.430511474609375e-06
1077,20.627572799974587,0,18.385026,True,True,1.430511474609375e-06
1078,20.645921059011016,0,18.301188,True,True,1.430511474609375e-06
1079,20.664285958977416,0,18.320008,True,True,1.430511474609375e-06
1080,20.68263440299779,0,18.30524,True,True,1.430511474609375e-06
1081,20.700965066964272,0,18.283335,True,True,1.430511474609375e-06
1082,20.71960485400632,0,18.597813,True,True,1.430511474609375e-06
1083,20.73796133400174,0,18.305515,True,True,1.430511474609375e-06
1084,20.756460156000685,0,18.45091,True,True,1.430511474609375e-06
1085,20.775413808005396,0,18.886384,True,True,1.430511474609375e-06
1086,20.793832664960064,0,18.37108,True,True,1.430511474609375e-06
1087,20.812460054003168,0,18.571653,True,True,1.430511474609375e-06
1088,20.830857003980782,0,18.339225,True,True,1.430511474609375e-06
1089,20.84945181297371,0,18.545043,True,True,1.430511474609375e-06
1090,20.867627554980572,0,18.118639,True,True,1.430511474609375e-06
1091,20.896072431001812,0,28.394355,True,True,1.430511474609375e-06
1092,20.914899798983242,0,18.739013,True,True,1.430511474609375e-06
1093,20.933340762974694,0,18.38043,True,True,1.430511474609375e-06
1094,20.951933818985708,0,18.535037,True,True,1.430511474609375e-06
1095,20.971075829002075,0,19.082872,True,True,1.430511474609375e-06
1096,20.98945780599024,0,18.331332,True,True,1.430511474609375e-06
1097,21.00788950000424,0,18.381327,True,True,1.430511474609375e-06
1098,21.026039096002933,0,18.096501,True,True,1.430511474609375e-06
1099,21.044443785969634,0,18.351988,True,True,1.430511474609375e-06
1100,21.0628288469743,0,18.335958,True,True,1.430511474609375e-06
1101,21.08123497001361,0,18.355429,True,True,1.430511474609375e-06
1102,21.09981380496174,0,18.531555,True,True,1.430511474609375e-06
1103,21.118397673009895,0,18.528865,True,True,1.430511474609375e-06
1104,21.13684801198542,0,18.400743,True,True,1.430511474609375e-06
1105,21.155259476974607,0,18.36697,True,True,1.430511474609375e-06
1106,21.173674611956812,0,18.37357,True,True,1.430511474609375e-06
1107,21.19215128698852,0,18.434651,True,True,1.430511474609375e-06
1108,21.21028053900227,0,18.081415,True,True,1.430511474609375e-06
1109,21.22872782399645,0,18.400267,True,True,1.430511474609375e-06
1110,21.24708824796835,0,18.316116,True,True,1.430511474609375e-06
1111,21.265494143008254,0,18.361266,True,True,1.430511474609375e-06
1112,21.28392871998949,0,18.382884,True,True,1.430511474609375e-06
1113,21.302379594999366,0,18.402945,True,True,1.430511474609375e-06
1114,21.320767828961834,0,18.346177,True,True,1.430511474609375e-06
1115,21.339195889013354,0,18.380922,True,True,1.430511474609375e-06
1116,21.358246415969916,0,18.998181,True,True,1.430511474609375e-06
1117,21.38630535796983,0,28.000962,True,True,1.430511474609375e-06
1118,21.406883999006823,0,20.470522,True,True,1.430511474609375e-06
1119,21.425430624978617,0,18.479374,True,True,1.430511474609375e-06
1120,21.443802989961114,0,18.319101,True,True,1.430511474609375e-06
1121,21.46221147698816,0,18.360027,True,True,1.430511474609375e-06
1122,21.48071637796238,0,18.453861,True,True,1.430511474609375e-06
1123,21.499120119959116,0,18.353064,True,True,1.430511474609375e-06
1124,21.52115997299552,0,21.982889,True,True,1.430511474609375e-06
1125,21.548128211987205,0,26.860898,True,True,1.430511474609375e-06
1126,21.566796922008507,0,18.564813,True,True,1.430511474609375e-06
1127,21.585466038959567,0,18.597872,True,True,1.430511474609375e-06
1128,21.603758457000367,0,18.229327,True,True,1.430511474609375e-06
1129,21.62230050598737,0,18.484257,True,True,1.430511474609375e-06
1130,21.640993333014194,0,18.631391,True,True,1.430511474609375e-06
1131,21.659691701992415,0,18.610795,True,True,1.430511474609375e-06
1132,21.67807179997908,0,18.285523,True,True,1.430511474609375e-06
1133,21.696390441968106,0,18.260921,True,True,1.430511474609375e-06
1134,21.715018349001184,0,18.576742,True,True,1.430511474609375e-06
1135,21.733414774993435,0,18.332348,True,True,1.430511474609375e-06
1136,21.75152657396393,0,18.059965,True,True,1.430511474609375e-06
1137,21.76980187796289,0,18.228113,True,True,1.430511474609375e-06
1138,21.788092446979135,0,18.24043,True,True,1.430511474609375e-06
1139,21.806462186970748,0,18.31599,True,True,1.430511474609375e-06
1140,21.82477885996923,0,18.266125,True,True,1.430511474609375e-06
1141,21.843255314975977,0,18.429006,True,True,1.430511474609375e-06
1142,21.86165777599672,0,18.348682,True,True,1.430511474609375e-06
1143,21.879947000998072,0,18.242223,True,True,1.430511474609375e-06
1144,21.898462215962354,0,18.4696,True,True,1.430511474609375e-06
1145,21.91690396500053,0,18.361108,True,True,1.430511474609375e-06
1146,21.93538147601066,0,18.421094,True,True,1.430511474609375e-06
1147,21.953769419982564,0,18.334114,True,True,1.430511474609375e-06
1148,21.97216504800599,0,18.340183,True,True,1.430511474609375e-06
1149,21.990546597982757,0,18.325804,True,True,1.430511474609375e-06
1150,22.009544706961606,0,18.945114,True,True,1.430511474609375e-06
1151,22.027923802961595,0,18.332326,True,True,1.430511474609375e-06
1152,22.04628041398246,0,18.302546,True,True,1.430511474609375e-06
1153,22.064638689975254,0,18.307146,True,True,1.430511474609375e-06
1154,22.083222205983475,0,18.535345,True,True,1.430511474609375e-06
1155,22.101538619957864,0,18.272614,True,True,1.430511474609375e-06
1156,22.12010747101158,0,18.511817,True,True,1.430511474609375e-06
1157,22.13813181396108,0,17.975148,True,True,1.430511474609375e-06
1158,22.156472345988732,0,18.291135,True,True,1.430511474609375e-06
1159,22.174947795982007,0,18.430198,True,True,1.430511474609375e-06
1160,22.19324631401105,0,18.255206,True,True,1.430511474609375e-06
1161,22.211698445957154,0,18.405557,True,True,1.430511474609375e-06
1162,22.23013484600233,0,18.394356,True,True,1.430511474609375e-06
1163,22.248572386975866,0,18.3921,True,True,1.430511474609375e-06
1164,22.266580255993176,0,17.965376,True,True,1.430511474609375e-06
1165,22.284719654009677,0,18.096993,True,True,1.430511474609375e-06
1166,22.303413835004903,0,18.644694,True,True,1.430511474609375e-06
1167,22.321730077965185,0,18.2692,True,True,1.430511474609375e-06
1168,22.340173697972205,0,18.400633,True,True,1.430511474609375e-06
1169,22.35892457095906,0,18.69584,True,True,1.430511474609375e-06
1170,22.387211704975925,0,28.226477,True,True,1.430511474609375e-06
1171,22.407643668993842,0,20.328052,True,True,1.430511474609375e-06
1172,22.426116044982336,0,18.41101,True,True,1.430511474609375e-06
1173,22.444570911000483,0,18.403744,True,True,1.430511474609375e-06
1174,22.462831218959764,0,18.210069,True,True,1.430511474609375e-06
1175,22.481406786013395,0,18.527291,True,True,1.430511474609375e-06
1176,22.499679551983718,0,18.215648,True,True,1.430511474609375e-06
1177,22.52121581096435,0,21.478059,True,True,1.430511474609375e-06
1178,22.548088503011968,0,26.776731,True,True,1.430511474609375e-06
1179,22.573201127001084,0,25.027104,True,True,1.430511474609375e-06
1180,22.59542040299857,0,22.137481,True,True,1.430511474609375e-06
1181,22.614020856970455,0,18.53146,True,True,1.430511474609375e-06
1182,22.63245607697172,0,18.378662,True,True,1.430511474609375e-06
1183,22.65096443897346,0,18.456403,True,True,1.430511474609375e-06
1184,22.669404413958546,0,18.394607,True,True,1.430511474609375e-06
1185,22.687835299002472,0,18.379983,True,True,1.430511474609375e-06
1186,22.706337490992155,0,18.445314,True,True,1.430511474609375e-06
1187,22.724852831976023,0,18.471174,True,True,1.430511474609375e-06
1188,22.743226789985783,0,18.308209,True,True,1.430511474609375e-06
1189,22.761364843987394,0,18.073595,True,True,1.430511474609375e-06
1190,22.779680475010537,0,18.266549,True,True,1.430511474609375e-06
1191,22.797891872993205,0,18.165728,True,True,1.430511474609375e-06
1192,22.81623704195954,0,18.291339,True,True,1.430511474609375e-06
1193,22.83485273696715,0,18.561914,True,True,1.430511474609375e-06
1194,22.854458812973462,0,19.558593,True,True,1.430511474609375e-06
1195,22.87312420399394,0,18.589223,True,True,1.430511474609375e-06
1196,22.89159740699688,0,18.418537,True,True,1.430511474609375e-06
1197,22.91024890798144,0,18.602014,True,True,1.430511474609375e-06
1198,22.928777744004037,0,18.453263,True,True,1.430511474609375e-06
1199,22.948238056967966,0,19.404391,True,True,1.430511474609375e-06
1200,22.96828104800079,0,19.986432,True,True,1.430511474609375e-06
1201,22.987780459981877,0,19.376402,True,True,1.430511474609375e-06
1202,23.00718269596109,0,19.266936,True,True,1.430511474609375e-06
1203,23.02591610199306,0,18.630409,True,True,1.430511474609375e-06
1204,23.04463943897281,0,18.657402,True,True,1.430511474609375e-06
1205,23.063122441002633,0,18.432015,True,True,1.430511474609375e-06
1206,23.082114962977357,0,18.941934,True,True,1.430511474609375e-06
1207,23.100516728009097,0,18.35591,True,True,1.430511474609375e-06
1208,23.119099517993163,0,18.533764,True,True,1.430511474609375e-06
1209,23.137502786994446,0,18.353541,True,True,1.430511474609375e-06
1210,23.156488779000938,0,18.939531,True,True,1.430511474609375e-06
1211,23.174877759010997,0,18.33656,True,True,1.430511474609375e-06
1212,23.193269926006906,0,18.343262,True,True,1.430511474609375e-06
1213,23.211846005986445,0,18.529075,True,True,1.430511474609375e-06
1214,23.239859670982696,0,27.959471,True,True,1.430511474609375e-06
1215,23.258959946979303,0,19.026226,True,True,1.430511474609375e-06
1216,23.27741568896454,0,18.403501,True,True,1.430511474609375e-06
1217,23.295870976988226,0,18.403628,True,True,1.430511474609375e-06
1218,23.31423778599128,0,18.312777,True,True,1.430511474609375e-06
1219,23.33305852697231,0,18.769655,True,True,1.430511474609375e-06
1220,23.35142265696777,0,18.308035,True,True,1.430511474609375e-06
1221,23.381203831988387,0,29.714025,True,True,1.430511474609375e-06
1222,23.399993695958983,0,18.681047,True,True,1.430511474609375e-06
1223,23.41857413901016,0,18.511748,True,True,1.430511474609375e-06
1224,23.437375715991948,0,18.750098,True,True,1.430511474609375e-06
1225,23.455791857966688,0,18.365926,True,True,1.430511474609375e-06
1226,23.474022053997032,0,18.183,True,True,1.430511474609375e-06
1227,23.49225823499728,0,18.175642,True,True,1.430511474609375e-06
1228,23.510904960974585,0,18.595358,True,True,1.430511474609375e-06
1229,23.540367512963712,0,29.408469,True,True,1.430511474609375e-06
1230,23.559118227974977,0,18.65453,True,True,1.430511474609375e-06
1231,23.577620730968192,0,18.436817,True,True,1.430511474609375e-06
1232,23.59582170896465,0,18.140694,True,True,1.430511474609375e-06
1233,23.614123183011543,0,18.251105,True,True,1.430511474609375e-06
1234,23.633136491989717,0,18.965005,True,True,1.430511474609375e-06
1235,23.651628893974703,0,18.423415,True,True,1.430511474609375e-06
1236,23.669905101996846,0,18.226463,True,True,1.430511474609375e-06
1237,23.688458088960033,0,18.50493,True,True,1.430511474609375e-06
1238,23.706608615990262,0,18.103456,True,True,1.430511474609375e-06
1239,23.724921988963615,0,18.270862,True,True,1.430511474609375e-06
1240,23.74395219096914,0,18.976736,True,True,1.430511474609375e-06
1241,23.762315628991928,0,18.313524,True,True,1.430511474609375e-06
1242,23.780746426957194,0,18.378508,True,True,1.430511474609375e-06
1243,23.7994249429903,0,18.629962,True,True,1.430511474609375e-06
1244,23.818081929988693,0,18.597642,True,True,1.430511474609375e-06
1245,23.83736298995791,0,19.174123,True,True,1.430511474609375e-06
1246,23.856007397989742,0,18.576747,True,True,1.430511474609375e-06
1247,23.874573109962512,0,18.509747,True,True,1.430511474609375e-06
1248,23.90262943797279,0,28.008107,True,True,1.430511474609375e-06
1249,23.92098181898473,0,18.26794,True,True,1.430511474609375e-06
1250,23.939611669979058,0,18.562707,True,True,1.430511474609375e-06
1251,23.958380187978037,0,18.665951,True,True,1.430511474609375e-06
1252,23.97674008598551,0,18.292297,True,True,1.430511474609375e-06
1253,23.995603187999222,0,18.80747,True,True,1.430511474609375e-06
1254,24.01429191499483,0,18.627445,True,True,1.430511474609375e-06
1255,24.032800671004225,0,18.454691,True,True,1.430511474609375e-06
1256,24.05120937997708,0,18.348184,True,True,1.430511474609375e-06
1257,24.070003521977924,0,18.740016,True,True,1.430511474609375e-06
1258,24.08815973100718,0,18.103891,True,True,1.430511474609375e-06
1259,24.106908794958144,0,18.693271,True,True,1.430511474609375e-06
1260,24.125350996968336,0,18.390326,True,True,1.430511474609375e-06
1261,24.14389098196989,0,18.483062,True,True,1.430511474609375e-06
1262,24.162224811967462,0,18.285829,True,True,1.430511474609375e-06
1263,24.180748767976183,0,18.474382,True,True,1.430511474609375e-06
1264,24.19976135599427,0,18.962619,True,True,1.430511474609375e-06
1265,24.21809195599053,0,18.280776,True,True,1.430511474609375e-06
1266,24.236548456014134,0,18.411656,True,True,1.430511474609375e-06
1267,24.255185268993955,0,18.592929,True,True,1.430511474609375e-06
1268,24.27353495400166,0,18.303657,True,True,1.430511474609375e-06
1269,24.29233366198605,0,18.756352,True,True,1.430511474609375e-06
1270,24.31119401199976,0,18.814269,True,True,1.430511474609375e-06
1271,24.329588935011998,0,18.353022,True,True,1.430511474609375e-06
1272,24.347934644960333,0,18.295896,True,True,1.430511474609375e-06
1273,24.366481815988664,0,18.493271,True,True,1.430511474609375e-06
1274,24.391456238983665,0,24.889772,True,True,1.430511474609375e-06
1275,24.414735492959153,0,23.168607,True,True,1.430511474609375e-06
1276,24.433331360982265,0,18.523089,True,True,1.430511474609375e-06
1277,24.451694137998857,0,18.305337,True,True,1.430511474609375e-06
1278,24.470135167997796,0,18.384808,True,True,1.430511474609375e-06
1279,24.489192334003747,0,18.993206,True,True,1.430511474609375e-06
1280,24.50760614295723,0,18.355193,True,True,1.430511474609375e-06
1281,24.53693357895827,0,29.278441,True,True,1.430511474609375e-06
1282,24.555732239969075,0,18.690388,True,True,1.430511474609375e-06
1283,24.574368303001393,0,18.563633,True,True,1.430511474609375e-06
1284,24.593338697974104,0,18.912756,True,True,1.430511474609375e-06
1285,24.612045160960406,0,18.652734,True,True,1.430511474609375e-06
1286,24.630448804993648,0,18.356618,True,True,1.430511474609375e-06
1287,24.648750600987114,0,18.25203,True,True,1.430511474609375e-06
1288,24.667268035002053,0,18.473791,True,True,1.430511474609375e-06
1289,24.68560496898135,0,18.295771,True,True,1.430511474609375e-06
1290,24.704463863978162,0,18.816204,True,True,1.430511474609375e-06
1291,24.723014155984856,0,18.505819,True,True,1.430511474609375e-06
1292,24.751292253960855,0,28.21193,True,True,1.430511474609375e-06
1293,24.769832135993056,0,18.474779,True,True,1.430511474609375e-06
1294,24.78809880296467,0,18.209942,True,True,1.430511474609375e-06
1295,24.80631422495935,0,18.157607,True,True,1.430511474609375e-06
1296,24.825054259970784,0,18.68739,True,True,1.430511474609375e-06
1297,24.843985135958064,0,18.879883,True,True,1.430511474609375e-06
1298,24.8625724039739,0,18.529333,True,True,1.430511474609375e-06
1299,24.88108486600686,0,18.459085,True,True,1.430511474609375e-06
1300,24.899594801012427,0,18.453321,True,True,1.430511474609375e-06
1301,24.91802642599214,0,18.360458,True,True,1.430511474609375e-06
1302,24.93738785700407,0,19.305196,True,True,1.430511474609375e-06
1303,24.955882850976195,0,18.444088,True,True,1.430511474609375e-06
1304,24.974237526999786,0,18.30259,True,True,1.430511474609375e-06
1305,24.992774465004914,0,18.483725,True,True,1.430511474609375e-06
1306,25.011304720013868,0,18.474535,True,True,1.430511474609375e-06
1307,25.030171317979693,0,18.818152,True,True,1.430511474609375e-06
1308,25.048691484960727,0,18.463153,True,True,1.430511474609375e-06
1309,25.06712655897718,0,18.377467,True,True,1.430511474609375e-06
1310,25.08554953499697,0,18.376597,True,True,1.430511474609375e-06
1311,25.10396475897869,0,18.369217,True,True,1.430511474609375e-06
1312,25.122586801007856,0,18.571817,True,True,1.430511474609375e-06
1313,25.14151561795734,0,18.876457,True,True,1.430511474609375e-06
1314,25.1599249879946,0,18.364348,True,True,1.430511474609375e-06
1315,25.178431860986166,0,18.463286,True,True,1.430511474609375e-06
1316,25.196774728014134,0,18.292768,True,True,1.430511474609375e-06
1317,25.21509013295872,0,18.269554,True,True,1.430511474609375e-06
1318,25.233940469974186,0,18.807853,True,True,1.430511474609375e-06
1319,25.25219846901018,0,18.211607,True,True,1.430511474609375e-06
1320,25.270535388961434,0,18.294316,True,True,1.430511474609375e-06
1321,25.28883809398394,0,18.25234,True,True,1.430511474609375e-06
1322,25.30735643999651,0,18.47205,True,True,1.430511474609375e-06
1323,25.3256737079937,0,18.275939,True,True,1.430511474609375e-06
1324,25.344492073985748,0,18.774348,True,True,1.430511474609375e-06
1325,25.363219729973935,0,18.675301,True,True,1.430511474609375e-06
1326,25.384230882977135,0,20.947626,True,True,1.430511474609375e-06
1327,25.412289689993486,0,27.961268,True,True,1.430511474609375e-06
1328,25.431404650968034,0,19.034931,True,True,1.430511474609375e-06
1329,25.449919977982063,0,18.455564,True,True,1.430511474609375e-06
1330,25.46849045297131,0,18.51212,True,True,1.430511474609375e-06
1331,25.486879031988792,0,18.328579,True,True,1.430511474609375e-06
1332,25.505233530013356,0,18.302534,True,True,1.430511474609375e-06
1333,25.53516817599302,0,29.879202,True,True,1.430511474609375e-06
1334,25.55381203396246,0,18.542911,True,True,1.430511474609375e-06
1335,25.582421321014408,0,28.542374,True,True,1.430511474609375e-06
1336,25.6010666579823,0,18.556196,True,True,1.430511474609375e-06
1337,25.619501677982043,0,18.375318,True,True,1.430511474609375e-06
1338,25.637932289973833,0,18.381924,True,True,1.430511474609375e-06
1339,25.656202673970256,0,18.22513,True,True,1.430511474609375e-06
1340,25.67506073397817,0,18.814338,True,True,1.430511474609375e-06
1341,25.69349679298466,0,18.381375,True,True,1.430511474609375e-06
1342,25.71204429899808,0,18.502594,True,True,1.430511474609375e-06
1343,25.730463218991645,0,18.372842,True,True,1.430511474609375e-06
1344,25.74888926697895,0,18.375787,True,True,1.430511474609375e-06
1345,25.767569447983988,0,18.62307,True,True,1.430511474609375e-06
1346,25.78658734896453,0,18.96881,True,True,1.430511474609375e-06
1347,25.804898387985304,0,18.266368,True,True,1.430511474609375e-06
1348,25.823279926960822,0,18.332583,True,True,1.430511474609375e-06
1349,25.841813754988834,0,18.48981,True,True,1.430511474609375e-06
1350,25.860377308970783,0,18.496057,True,True,1.430511474609375e-06
1351,25.885854797961656,0,25.409585,True,True,1.430511474609375e-06
1352,25.904508561012335,0,18.587179,True,True,1.430511474609375e-06
1353,25.922970813990105,0,18.39019,True,True,1.430511474609375e-06
1354,25.94132401497336,0,18.302408,True,True,1.430511474609375e-06
1355,25.959910086996388,0,18.534156,True,True,1.430511474609375e-06
1356,25.97874018800212,0,18.783799,True,True,1.430511474609375e-06
1357,25.99724309897283,0,18.44682,True,True,1.430511474609375e-06
1358,26.016274719964713,0,18.983826,True,True,1.430511474609375e-06
1359,26.03474216599716,0,18.420903,True,True,1.430511474609375e-06
1360,26.053248543990776,0,18.450426,True,True,1.430511474609375e-06
1361,26.071697369974572,0,18.397084,True,True,1.430511474609375e-06
1362,26.0906345769763,0,18.884604,True,True,1.430511474609375e-06
1363,26.109120823966805,0,18.435084,True,True,1.430511474609375e-06
1364,26.12757191597484,0,18.40304,True,True,1.430511474609375e-06
1365,26.146014872996602,0,18.392342,True,True,1.430511474609375e-06
1366,26.164328668965027,0,18.266646,True,True,1.430511474609375e-06
1367,26.183239590958692,0,18.866856,True,True,1.430511474609375e-06
1368,26.201559219975024,0,18.274525,True,True,1.430511474609375e-06
1369,26.219932000967674,0,18.331017,True,True,1.430511474609375e-06
1370,26.23830128496047,0,18.328273,True,True,1.430511474609375e-06
1371,26.25683922600001,0,18.494042,True,True,1.430511474609375e-06
1372,26.27578009699937,0,18.898632,True,True,1.430511474609375e-06
1373,26.294225841003936,0,18.399644,True,True,1.430511474609375e-06
1374,26.31324405601481,0,18.970514,True,True,1.430511474609375e-06
1375,26.331710867001675,0,18.417215,True,True,1.430511474609375e-06
1376,26.350212046992965,0,18.452189,True,True,1.430511474609375e-06
1377,26.368688970978837,0,18.417423,True,True,1.430511474609375e-06
1378,26.398784380988218,0,30.041685,True,True,1.430511474609375e-06
1379,26.417546098004095,0,18.648919,True,True,1.430511474609375e-06
1380,26.436107281013392,0,18.497361,True,True,1.430511474609375e-06
1381,26.45450830698246,0,18.34207,True,True,1.430511474609375e-06
1382,26.472920030995738,0,18.360306,True,True,1.430511474609375e-06
1383,26.491773209010717,0,18.788483,True,True,1.430511474609375e-06
1384,26.51087717997143,0,19.034992,True,True,1.430511474609375e-06
1385,26.54055813199375,0,29.59464,True,True,1.430511474609375e-06
1386,26.559667637979146,0,18.996096,True,True,1.430511474609375e-06
1387,26.57863472198369,0,18.905596,True,True,1.430511474609375e-06
1388,26.597128367982805,0,18.41971,True,True,1.430511474609375e-06
1389,26.615663887991104,0,18.470626,True,True,1.430511474609375e-06
1390,26.63403151195962,0,18.319373,True,True,1.430511474609375e-06
1391,26.6527324669878,0,18.642828,True,True,1.430511474609375e-06
1392,26.6713415759732,0,18.509903,True,True,1.430511474609375e-06
1393,26.690281623974442,0,18.87641,True,True,1.430511474609375e-06
1394,26.708932040957734,0,18.586594,True,True,1.430511474609375e-06
1395,26.72740948398132,0,18.426296,True,True,1.430511474609375e-06
1396,26.74590887798695,0,18.442831,True,True,1.430511474609375e-06
1397,26.764304996002465,0,18.337439,True,True,1.430511474609375e-06
1398,26.783171067014337,0,18.814423,True,True,1.430511474609375e-06
1399,26.801829753967468,0,18.59739,True,True,1.430511474609375e-06
1400,26.82022147299722,0,18.335299,True,True,1.430511474609375e-06
1401,26.838651581958402,0,18.377544,True,True,1.430511474609375e-06
1402,26.857685136958025,0,18.97781,True,True,1.430511474609375e-06
1403,26.876724331988953,0,18.979884,True,True,1.430511474609375e-06
1404,26.895202338986564,0,18.424304,True,True,1.430511474609375e-06
1405,26.9135676290025,0,18.301935,True,True,1.430511474609375e-06
1406,26.931944853975438,0,18.3174,True,True,1.430511474609375e-06
1407,26.950061707000714,0,18.063688,True,True,1.430511474609375e-06
1408,26.968721847981215,0,18.610583,True,True,1.430511474609375e-06
1409,26.98785878997296,0,19.061063,True,True,1.430511474609375e-06
1410,27.006388331006747,0,18.459901,True,True,1.430511474609375e-06
1411,27.024935204011854,0,18.493522,True,True,1.430511474609375e-06
1412,27.043327049002983,0,18.343871,True,True,1.430511474609375e-06
1413,27.061804143013433,0,18.417859,True,True,1.430511474609375e-06
1414,27.08129254396772,0,19.43627,True,True,1.430511474609375e-06
1415,27.09978182800114,0,18.42604,True,True,1.430511474609375e-06
1416,27.11815375101287,0,18.319011,True,True,1.430511474609375e-06
1417,27.136626821011305,0,18.424648,True,True,1.430511474609375e-06
1418,27.155076704977546,0,18.398353,True,True,1.430511474609375e-06
1419,27.173499430005904,0,18.373163,True,True,1.430511474609375e-06
1420,27.19248362595681,0,18.929249,True,True,1.430511474609375e-06
1421,27.210935039969627,0,18.39879,True,True,1.430511474609375e-06
1422,27.22924116801005,0,18.25823,True,True,1.430511474609375e-06
1423,27.247717961960007,0,18.430152,True,True,1.430511474609375e-06
1424,27.266040269983932,0,18.276049,True,True,1.430511474609375e-06
1425,27.285003086959478,0,18.919517,True,True,1.430511474609375e-06
1426,27.303512251004577,0,18.450962,True,True,1.430511474609375e-06
1427,27.321839244978037,0,18.280916,True,True,1.430511474609375e-06
1428,27.340241888014134,0,18.355543,True,True,1.430511474609375e-06
1429,27.358676331990864,0,18.380015,True,True,1.430511474609375e-06
1430,27.377762809977867,0,19.037099,True,True,1.430511474609375e-06
1431,27.39833734300919,0,20.501645,True,True,1.430511474609375e-06
1432,27.426308263966348,0,27.892219,True,True,1.430511474609375e-06
1433,27.445044938998763,0,18.630535,True,True,1.430511474609375e-06
1434,27.46356682397891,0,18.459748,True,True,1.430511474609375e-06
1435,27.482086959993467,0,18.462825,True,True,1.430511474609375e-06
1436,27.511351083987392,0,29.189837,True,True,1.430511474609375e-06
1437,27.541774733981583,0,30.32228,True,True,1.430511474609375e-06
1438,27.56063818198163,0,18.752769,True,True,1.430511474609375e-06
1439,27.579083937976975,0,18.374436,True,True,1.430511474609375e-06
1440,27.597573296981864,0,18.432625,True,True,1.430511474609375e-06
1441,27.61598508100724,0,18.35677,True,True,1.430511474609375e-06
1442,27.634356160007883,0,18.324168,True,True,1.430511474609375e-06
1443,27.652707922970876,0,18.303554,True,True,1.430511474609375e-06
1444,27.671128107002005,0,18.37417,True,True,1.430511474609375e-06
1445,27.68936107296031,0,18.185285,True,True,1.430511474609375e-06
1446,27.707474864961114,0,18.071994,True,True,1.430511474609375e-06
1447,27.725789799005724,0,18.272285,True,True,1.430511474609375e-06
1448,27.74417157797143,0,18.323042,True,True,1.430511474609375e-06
1449,27.76248925999971,0,18.268131,True,True,1.430511474609375e-06
1450,27.78087386698462,0,18.337315,True,True,1.430511474609375e-06
1451,27.799286041990854,0,18.367267,True,True,1.430511474609375e-06
1452,27.817635532992426,0,18.294299,True,True,1.430511474609375e-06
1453,27.836075046972837,0,18.388153,True,True,1.430511474609375e-06
1454,27.854701897013,0,18.572431,True,True,1.430511474609375e-06
1455,27.873018168960698,0,18.265872,True,True,1.430511474609375e-06
1456,27.89139886398334,0,18.330978,True,True,1.430511474609375e-06
1457,27.915852645004634,0,24.40337,True,True,1.430511474609375e-06
1458,27.934480967989657,0,18.520584,True,True,1.430511474609375e-06
1459,27.953038849984296,0,18.495749,True,True,1.430511474609375e-06
1460,27.971485388989095,0,18.391763,True,True,1.430511474609375e-06
1461,27.989949630980846,0,18.408268,True,True,1.430511474609375e-06
1462,28.008835274958983,0,18.82723,True,True,1.430511474609375e-06
1463,28.027247633959632,0,18.36545,True,True,1.430511474609375e-06
1464,28.045366895967163,0,18.056798,True,True,1.430511474609375e-06
1465,28.063526323996484,0,18.103506,True,True,1.430511474609375e-06
1466,28.081791375007015,0,18.217281,True,True,1.430511474609375e-06
1467,28.099950714968145,0,18.107831,True,True,1.430511474609375e-06
1468,28.120718115998898,0,20.716025,True,True,1.430511474609375e-06
1469,28.13890476495726,0,18.141251,True,True,1.430511474609375e-06
1470,28.157025838969275,0,18.070618,True,True,1.430511474609375e-06
1471,28.17595856700791,0,18.885541,True,True,1.430511474609375e-06
1472,28.19434155296767,0,18.333336,True,True,1.430511474609375e-06
1473,28.21271745400736,0,18.328448,True,True,1.430511474609375e-06
1474,28.231061600963585,0,18.293641,True,True,1.430511474609375e-06
1475,28.24967656598892,0,18.561516,True,True,1.430511474609375e-06
1476,28.267989558982663,0,18.262798,True,True,1.430511474609375e-06
1477,28.286319701001048,0,18.285165,True,True,1.430511474609375e-06
1478,28.305233213002793,0,18.870531,True,True,1.430511474609375e-06
1479,28.32370621501468,0,18.429596,True,True,1.430511474609375e-06
1480,28.34226058697095,0,18.503203,True,True,1.430511474609375e-06
1481,28.36078493198147,0,18.455757,True,True,1.430511474609375e-06
1482,28.379436154966243,0,18.592431,True,True,1.430511474609375e-06
1483,28.40028355398681,0,20.7726,True,True,1.430511474609375e-06
1484,28.428314696007874,0,27.959659,True,True,1.430511474609375e-06
1485,28.446822819008958,0,18.423311,True,True,1.430511474609375e-06
1486,28.465113640995696,0,18.222793,True,True,1.430511474609375e-06
1487,28.48375028796727,0,18.579632,True,True,1.430511474609375e-06
1488,28.502110247965902,0,18.295551,True,True,1.430511474609375e-06
1489,28.526139307999983,0,23.975394,True,True,1.430511474609375e-06
1490,28.55044761800673,0,24.219957,True,True,1.430511474609375e-06
1491,28.568996055983007,0,18.464375,True,True,1.430511474609375e-06
1492,28.58752750296844,0,18.464035,True,True,1.430511474609375e-06
1493,28.6062470949837,0,18.659792,True,True,1.430511474609375e-06
1494,28.624607531994116,0,18.307524,True,True,1.430511474609375e-06
1495,28.643004621961154,0,18.346817,True,True,1.430511474609375e-06
1496,28.661381119978614,0,18.327835,True,True,1.430511474609375e-06
1497,28.679827697982546,0,18.400423,True,True,1.430511474609375e-06
1498,28.698194366996177,0,18.32261,True,True,1.430511474609375e-06
1499,28.716668444976676,0,18.428147,True,True,1.430511474609375e-06
1500,28.735213054984342,0,18.492241,True,True,1.430511474609375e-06
1501,28.753583314013667,0,18.314899,True,True,1.430511474609375e-06
1502,28.77180495997891,0,18.170589,True,True,1.430511474609375e-06
1503,28.79022973496467,0,18.373002,True,True,1.430511474609375e-06
1504,28.80875983199803,0,18.479506,True,True,1.430511474609375e-06
1505,28.827201123989653,0,18.389713,True,True,1.430511474609375e-06
1506,28.84575636900263,0,18.485645,True,True,1.430511474609375e-06
1507,28.864184296980966,0,18.332203,True,True,1.430511474609375e-06
1508,28.8824478139868,0,18.19558,True,True,1.430511474609375e-06
1509,28.90104592195712,0,18.543034,True,True,1.430511474609375e-06
1510,28.919637884013355,0,18.518036,True,True,1.430511474609375e-06
1511,28.93804006598657,0,18.341083,True,True,1.430511474609375e-06
1512,28.957082409004215,0,18.990325,True,True,1.430511474609375e-06
1513,28.975758967979345,0,18.568419,True,True,1.430511474609375e-06
1514,28.994360525975935,0,18.519858,True,True,1.430511474609375e-06
1515,29.012753763003275,0,18.334508,True,True,1.430511474609375e-06
1516,29.03096554800868,0,18.159479,True,True,1.430511474609375e-06
1517,29.049220199987758,0,18.198103,True,True,1.430511474609375e-06
1518,29.06762594799511,0,18.354788,True,True,1.430511474609375e-06
1519,29.086077313986607,0,18.404211,True,True,1.430511474609375e-06
1520,29.104338050005026,0,18.211388,True,True,1.430511474609375e-06
1521,29.12307430297369,0,18.683814,True,True,1.430511474609375e-06
1522,29.14144259301247,0,18.320146,True,True,1.430511474609375e-06
1523,29.159754602995235,0,18.255991,True,True,1.430511474609375e-06
1524,29.1892926049768,0,29.491948,True,True,1.430511474609375e-06
1525,29.20786936400691,0,18.494568,True,True,1.430511474609375e-06
1526,29.2264469639631,0,18.515809,True,True,1.430511474609375e-06
1527,29.244950513006188,0,18.450427,True,True,1.430511474609375e-06
1528,29.26337938796496,0,18.379046,True,True,1.430511474609375e-06
1529,29.28181603801204,0,18.390729,True,True,1.430511474609375e-06
1530,29.30016958300257,0,18.305331,True,True,1.430511474609375e-06
1531,29.318613567971624,0,18.401637,True,True,1.430511474609375e-06
1532,29.336940373992547,0,18.284038,True,True,1.430511474609375e-06
1533,29.355386387964245,0,18.398099,True,True,1.430511474609375e-06
1534,29.373801999958232,0,18.368676,True,True,1.430511474609375e-06
1535,29.392213509010617,0,18.35722,True,True,1.430511474609375e-06
1536,29.420456363994163,0,28.185009,True,True,1.430511474609375e-06
1537,29.440639720996842,0,20.080476,True,True,1.430511474609375e-06
1538,29.459221113997046,0,18.514123,True,True,1.430511474609375e-06
1539,29.47775125800399,0,18.470724,True,True,1.430511474609375e-06
1540,29.496213288977742,0,18.40147,True,True,1.430511474609375e-06
1541,29.517083610000554,0,20.81357,True,True,1.430511474609375e-06
1542,29.545401606999803,0,28.237857,True,True,1.430511474609375e-06
1543,29.56404453900177,0,18.555225,True,True,1.430511474609375e-06
1544,29.582610820012633,0,18.501183,True,True,1.430511474609375e-06
1545,29.601030132966116,0,18.349397,True,True,1.430511474609375e-06
1546,29.619366082013585,0,18.283095,True,True,1.430511474609375e-06
1547,29.63765303697437,0,18.235447,True,True,1.430511474609375e-06
1548,29.656065193994436,0,18.360039,True,True,1.430511474609375e-06
1549,29.674341478967108,0,18.23081,True,True,1.430511474609375e-06
1550,29.69268465001369,0,18.293876,True,True,1.430511474609375e-06
1551,29.711088388983626,0,18.358054,True,True,1.430511474609375e-06
1552,29.729523736983538,0,18.389071,True,True,1.430511474609375e-06
1553,29.747903097013477,0,18.326352,True,True,1.430511474609375e-06
1554,29.76619903196115,0,18.246757,True,True,1.430511474609375e-06
1555,29.784556967963,0,18.310947,True,True,1.430511474609375e-06
1556,29.802948228956666,0,18.345055,True,True,1.430511474609375e-06
1557,29.821345357981045,0,18.346812,True,True,1.430511474609375e-06
1558,29.849972753960174,0,28.578867,True,True,1.430511474609375e-06
1559,29.868542181968223,0,18.472875,True,True,1.430511474609375e-06
1560,29.886936007998884,0,18.333678,True,True,1.430511474609375e-06
1561,29.905405328958295,0,18.417649,True,True,1.430511474609375e-06
1562,29.92388451396255,0,18.415404,True,True,1.430511474609375e-06
1563,29.942228294967208,0,18.2944,True,True,1.430511474609375e-06
1564,29.960725868004374,0,18.448768,True,True,1.430511474609375e-06
1565,29.97910245100502,0,18.317642,True,True,1.430511474609375e-06
1566,29.997484801977407,0,18.324588,True,True,1.430511474609375e-06
1567,30.015870066999923,0,18.331596,True,True,1.430511474609375e-06
1568,30.034628063964192,0,18.708294,True,True,1.430511474609375e-06
1569,30.053122673009057,0,18.436944,True,True,1.430511474609375e-06
1570,30.071433475008234,0,18.260542,True,True,1.430511474609375e-06
1571,30.08987680496648,0,18.39531,True,True,1.430511474609375e-06
1572,30.10826474695932,0,18.338949,True,True,1.430511474609375e-06
1573,30.126584318000823,0,18.268078,True,True,1.430511474609375e-06
1574,30.144986627972685,0,18.35777,True,True,1.430511474609375e-06
1575,30.163505740987603,0,18.47337,True,True,1.430511474609375e-06
1576,30.181942291965242,0,18.390988,True,True,1.430511474609375e-06
1577,30.200365273980424,0,18.37535,True,True,1.430511474609375e-06
1578,30.21933223697124,0,18.916761,True,True,1.430511474609375e-06
1579,30.237688154971693,0,18.310871,True,True,1.430511474609375e-06
1580,30.2560739069595,0,18.344642,True,True,1.430511474609375e-06
1581,30.27448727400042,0,18.36921,True,True,1.430511474609375e-06
1582,30.292983023973648,0,18.454038,True,True,1.430511474609375e-06
1583,30.311381448991597,0,18.347734,True,True,1.430511474609375e-06
1584,30.32965102698654,0,18.225895,True,True,1.430511474609375e-06
1585,30.348233714990783,0,18.539524,True,True,1.430511474609375e-06
1586,30.36671406700043,0,18.420487,True,True,1.430511474609375e-06
1587,30.38524537300691,0,18.476858,True,True,1.430511474609375e-06
1588,30.413283417990897,0,27.983621,True,True,1.430511474609375e-06
1589,30.433466043963563,0,20.076417,True,True,1.430511474609375e-06
1590,30.452141031972133,0,18.606156,True,True,1.430511474609375e-06
1591,30.47060254198732,0,18.404169,True,True,1.430511474609375e-06
1592,30.496022653998807,0,25.359876,True,True,1.430511474609375e-06
1593,30.523606714967173,0,27.489211,True,True,1.430511474609375e-06
1594,30.548154301010072,0,24.426852,True,True,1.430511474609375e-06
1595,30.566875126969535,0,18.643209,True,True,1.430511474609375e-06
1596,30.585254215984605,0,18.308645,True,True,1.430511474609375e-06
1597,30.603659009968396,0,18.346982,True,True,1.430511474609375e-06
1598,30.62225429096725,0,18.542895,True,True,1.430511474609375e-06
1599,30.640725452976767,0,18.42373,True,True,1.430511474609375e-06
1600,30.659156663983595,0,18.380296,True,True,1.430511474609375e-06
1601,30.677493960014544,0,18.288262,True,True,1.430511474609375e-06
1602,30.6959040259826,0,18.36184,True,True,1.430511474609375e-06
1603,30.714275158010423,0,18.327285,True,True,1.430511474609375e-06
1604,30.733138267009053,0,18.815658,True,True,1.430511474609375e-06
1605,30.751603467972018,0,18.407041,True,True,1.430511474609375e-06
1606,30.769901852007024,0,18.237864,True,True,1.430511474609375e-06
1607,30.788287303003017,0,18.333523,True,True,1.430511474609375e-06
1608,30.806767339992803,0,18.432969,True,True,1.430511474609375e-06
1609,30.82525029196404,0,18.428434,True,True,1.430511474609375e-06
1610,30.843648422975093,0,18.345837,True,True,1.430511474609375e-06
1611,30.861796659999527,0,18.101623,True,True,1.430511474609375e-06
1612,30.880095948989037,0,18.247269,True,True,1.430511474609375e-06
1613,30.89838560100179,0,18.242239,True,True,1.430511474609375e-06
1614,30.916720144974533,0,18.280096,True,True,1.430511474609375e-06
1615,30.93517986300867,0,18.406907,True,True,1.430511474609375e-06
1616,30.95353773998795,0,18.306564,True,True,1.430511474609375e-06
1617,30.972023782960605,0,18.433474,True,True,1.430511474609375e-06
1618,30.99036899599014,0,18.292905,True,True,1.430511474609375e-06
1619,31.009172355988994,0,18.750739,True,True,1.430511474609375e-06
1620,31.027476713003125,0,18.257518,True,True,1.430511474609375e-06
1621,31.045922355959192,0,18.399712,True,True,1.430511474609375e-06
1622,31.064433302963153,0,18.451291,True,True,1.430511474609375e-06
1623,31.08274680998875,0,18.262677,True,True,1.430511474609375e-06
1624,31.10114447696833,0,18.351756,True,True,1.430511474609375e-06
1625,31.11953333800193,0,18.339166,True,True,1.430511474609375e-06
1626,31.138158049958292,0,18.577392,True,True,1.430511474609375e-06
1627,31.15657365496736,0,18.369052,True,True,1.430511474609375e-06
1628,31.174892504001036,0,18.274865,True,True,1.430511474609375e-06
1629,31.19335623900406,0,18.420027,True,True,1.430511474609375e-06
1630,31.211706581001636,0,18.303125,True,True,1.430511474609375e-06
1631,31.230036051012576,0,18.284381,True,True,1.430511474609375e-06
1632,31.24842241796432,0,18.341709,True,True,1.430511474609375e-06
1633,31.266685549984686,0,18.218018,True,True,1.430511474609375e-06
1634,31.285060491005424,0,18.327966,True,True,1.430511474609375e-06
1635,31.303662149992306,0,18.555047,True,True,1.430511474609375e-06
1636,31.322026771958917,0,18.320913,True,True,1.430511474609375e-06
1637,31.350298326986376,0,28.225307,True,True,1.430511474609375e-06
1638,31.369078173011076,0,18.682934,True,True,1.430511474609375e-06
1639,31.38760453701252,0,18.458803,True,True,1.430511474609375e-06
1640,31.406032637984026,0,18.372006,True,True,1.430511474609375e-06
1641,31.43621842301218,0,30.130289,True,True,1.430511474609375e-06
1642,31.454902019002475,0,18.582523,True,True,1.430511474609375e-06
1643,31.473394121974707,0,18.430305,True,True,1.430511474609375e-06
1644,31.49203284899704,0,18.574244,True,True,1.430511474609375e-06
1645,31.510585105977952,0,18.497968,True,True,1.430511474609375e-06
1646,31.541136676969472,0,30.451069,True,True,1.430511474609375e-06
1647,31.55987501196796,0,18.62378,True,True,1.430511474609375e-06
1648,31.57826841098722,0,18.321481,True,True,1.430511474609375e-06
1649,31.596582845959347,0,18.253048,True,True,1.430511474609375e-06
1650,31.61515559896361,0,18.51592,True,True,1.430511474609375e-06
1651,31.63380947697442,0,18.599951,True,True,1.430511474609375e-06
1652,31.65248278796207,0,18.563307,True,True,1.430511474609375e-06
1653,31.67116361198714,0,18.612711,True,True,1.430511474609375e-06
1654,31.68964033696102,0,18.418449,True,True,1.430511474609375e-06
1655,31.708141469978727,0,18.442644,True,True,1.430511474609375e-06
1656,31.72689170896774,0,18.698451,True,True,1.430511474609375e-06
1657,31.745217702002265,0,18.271505,True,True,1.430511474609375e-06
1658,31.76357424200978,0,18.304935,True,True,1.430511474609375e-06
1659,31.782041747996118,0,18.415967,True,True,1.430511474609375e-06
1660,31.80040857801214,0,18.320541,True,True,1.430511474609375e-06
1661,31.818686184997205,0,18.226511,True,True,1.430511474609375e-06
1662,31.836965889960993,0,18.230813,True,True,1.430511474609375e-06
1663,31.855630080972333,0,18.617687,True,True,1.430511474609375e-06
1664,31.87399531598203,0,18.313888,True,True,1.430511474609375e-06
1665,31.892314533994067,0,18.26477,True,True,1.430511474609375e-06
1666,31.911265840986744,0,18.900825,True,True,1.430511474609375e-06
1667,31.92977540596621,0,18.418178,True,True,1.430511474609375e-06
1668,31.94806006998988,0,18.227021,True,True,1.430511474609375e-06
1669,31.966483938973397,0,18.372435,True,True,1.430511474609375e-06
1670,31.985068983980455,0,18.524444,True,True,1.430511474609375e-06
1671,32.00336818996584,0,18.250501,True,True,1.430511474609375e-06
1672,32.021757462993264,0,18.334263,True,True,1.430511474609375e-06
1673,32.04059007199248,0,18.78437,True,True,1.430511474609375e-06
1674,32.05871431401465,0,18.069133,True,True,1.430511474609375e-06
1675,32.0768119909917,0,18.049907,True,True,1.430511474609375e-06
1676,32.09524869796587,0,18.388742,True,True,1.430511474609375e-06
1677,32.113655034976546,0,18.358648,True,True,1.430511474609375e-06
1678,32.131690563983284,0,17.985835,True,True,1.430511474609375e-06
1679,32.14996621297905,0,18.22679,True,True,1.430511474609375e-06
1680,32.1777463129838,0,27.735467,True,True,1.430511474609375e-06
1681,32.196381783986,0,18.560718,True,True,1.430511474609375e-06
1682,32.215411384997424,0,18.970903,True,True,1.430511474609375e-06
1683,32.233718763978686,0,18.25972,True,True,1.430511474609375e-06
1684,32.2522191570024,0,18.451767,True,True,1.430511474609375e-06
1685,32.27077460900182,0,18.510894,True,True,1.430511474609375e-06
1686,32.28915020998102,0,18.324726,True,True,1.430511474609375e-06
1687,32.30748328898335,0,18.286808,True,True,1.430511474609375e-06
1688,32.32581646798644,0,18.29147,True,True,1.430511474609375e-06
1689,32.3443975179689,0,18.535312,True,True,1.430511474609375e-06
1690,32.36277392797638,0,18.324336,True,True,1.430511474609375e-06
1691,32.38125305296853,0,18.423917,True,True,1.430511474609375e-06
1692,32.39999969297787,0,18.697888,True,True,1.430511474609375e-06
1693,32.42451715900097,0,24.457294,True,True,1.430511474609375e-06
1694,32.44919666496571,0,24.57639,True,True,1.430511474609375e-06
1695,32.46775737096323,0,18.494303,True,True,1.430511474609375e-06
1696,32.4864599169814,0,18.64265,True,True,1.430511474609375e-06
1697,32.50479305698536,0,18.270229,True,True,1.430511474609375e-06
1698,32.53293687599944,0,28.092098,True,True,1.430511474609375e-06
1699,32.55333011195762,0,20.289504,True,True,1.430511474609375e-06
1700,32.571860147989355,0,18.4609,True,True,1.430511474609375e-06
1701,32.59041526296642,0,18.491851,True,True,1.430511474609375e-06
1702,32.60885471600341,0,18.379299,True,True,1.430511474609375e-06
1703,32.6272957129986,0,18.389812,True,True,1.430511474609375e-06
1704,32.64553198200883,0,18.190429,True,True,1.430511474609375e-06
1705,32.663789145997725,0,18.211831,True,True,1.430511474609375e-06
1706,32.681954691011924,0,18.11883,True,True,1.430511474609375e-06
1707,32.70017431100132,0,18.165536,True,True,1.430511474609375e-06
1708,32.71861685300246,0,18.398042,True,True,1.430511474609375e-06
1709,32.737016499973834,0,18.354251,True,True,1.430511474609375e-06
1710,32.755485598987434,0,18.417717,True,True,1.430511474609375e-06
1711,32.774100592010655,0,18.563891,True,True,1.430511474609375e-06
1712,32.79242760600755,0,18.28118,True,True,1.430511474609375e-06
1713,32.8110091839917,0,18.537079,True,True,1.430511474609375e-06
1714,32.82970879500499,0,18.640264,True,True,1.430511474609375e-06
1715,32.84811909898417,0,18.362954,True,True,1.430511474609375e-06
1716,32.866485361999366,0,18.319579,True,True,1.430511474609375e-06
1717,32.884846113971435,0,18.305817,True,True,1.430511474609375e-06
1718,32.903391886968166,0,18.49295,True,True,1.430511474609375e-06
1719,32.92176971398294,0,18.318266,True,True,1.430511474609375e-06
1720,32.94018621800933,0,18.362067,True,True,1.430511474609375e-06
1721,32.95907473296393,0,18.843016,True,True,1.430511474609375e-06
1722,32.977488168980926,0,18.363804,True,True,1.430511474609375e-06
1723,32.99585872300668,0,18.316513,True,True,1.430511474609375e-06
1724,33.014114943973254,0,18.208663,True,True,1.430511474609375e-06
1725,33.03271014499478,0,18.54699,True,True,1.430511474609375e-06
1726,33.05100851797033,0,18.248569,True,True,1.430511474609375e-06
1727,33.06936228496488,0,18.300155,True,True,1.430511474609375e-06
1728,33.0880721739959,0,18.661258,True,True,1.430511474609375e-06
1729,33.10635103500681,0,18.234777,True,True,1.430511474609375e-06
1730,33.12482986197574,0,18.426106,True,True,1.430511474609375e-06
1731,33.143340465961955,0,18.461365,True,True,1.430511474609375e-06
1732,33.16187260200968,0,18.487919,True,True,1.430511474609375e-06
1733,33.18022086896235,0,18.304994,True,True,1.430511474609375e-06
1734,33.198532930982765,0,18.26909,True,True,1.430511474609375e-06
1735,33.217077041976154,0,18.496919,True,True,1.430511474609375e-06
1736,33.235405591956805,0,18.277847,True,True,1.430511474609375e-06
1737,33.25353755598189,0,18.084997,True,True,1.430511474609375e-06
1738,33.27198050299194,0,18.397217,True,True,1.430511474609375e-06
1739,33.29053155600559,0,18.49885,True,True,1.430511474609375e-06
1740,33.30885095195845,0,18.275435,True,True,1.430511474609375e-06
1741,33.32718294596998,0,18.282644,True,True,1.430511474609375e-06
1742,33.345434631977696,0,18.207811,True,True,1.430511474609375e-06
1743,33.36362566601019,0,18.142023,True,True,1.430511474609375e-06
1744,33.38212231796933,0,18.450331,True,True,1.430511474609375e-06
1745,33.40051694196882,0,18.347083,True,True,1.430511474609375e-06
1746,33.41889786696993,0,18.336334,True,True,1.430511474609375e-06
1747,33.44365655997535,0,24.706066,True,True,1.430511474609375e-06
1748,33.467589620966464,0,23.821667,True,True,1.430511474609375e-06
1749,33.486087175959256,0,18.430532,True,True,1.430511474609375e-06
1750,33.504784733988345,0,18.637895,True,True,1.430511474609375e-06
1751,33.53449094097596,0,29.65635,True,True,1.430511474609375e-06
1752,33.55325561895734,0,18.664968,True,True,1.430511474609375e-06
1753,33.571719599014614,0,18.396289,True,True,1.430511474609375e-06
1754,33.590216943994164,0,18.441337,True,True,1.430511474609375e-06
1755,33.60864120000042,0,18.369895,True,True,1.430511474609375e-06
1756,33.627112437970936,0,18.415565,True,True,1.430511474609375e-06
1757,33.64551706198836,0,18.355747,True,True,1.430511474609375e-06
1758,33.663918529986404,0,18.356458,True,True,1.430511474609375e-06
1759,33.682384004991036,0,18.419977,True,True,1.430511474609375e-06
1760,33.70092751795892,0,18.483707,True,True,1.430511474609375e-06
1761,33.71923927398166,0,18.262301,True,True,1.430511474609375e-06
1762,33.737650986004155,0,18.362942,True,True,1.430511474609375e-06
1763,33.756018686981406,0,18.311389,True,True,1.430511474609375e-06
1764,33.77462432300672,0,18.551123,True,True,1.430511474609375e-06
1765,33.792937733000144,0,18.262584,True,True,1.430511474609375e-06
1766,33.81159624498105,0,18.610081,True,True,1.430511474609375e-06
1767,33.830694072996266,0,18.98586,True,True,1.430511474609375e-06
1768,33.84921662398847,0,18.451765,True,True,1.430511474609375e-06
1769,33.867481201014016,0,18.210492,True,True,1.430511474609375e-06
1770,33.88589341001352,0,18.361175,True,True,1.430511474609375e-06
1771,33.90436570701422,0,18.417858,True,True,1.430511474609375e-06
1772,33.92295182496309,0,18.527901,True,True,1.430511474609375e-06
1773,33.94168514199555,0,18.636992,True,True,1.430511474609375e-06
1774,33.960182457987685,0,18.397903,True,True,1.430511474609375e-06
1775,33.978645997995045,0,18.399545,True,True,1.430511474609375e-06
1776,33.99700622999808,0,18.294121,True,True,1.430511474609375e-06
1777,34.01553989498643,0,18.481629,True,True,1.430511474609375e-06
1778,34.03391248296248,0,18.319184,True,True,1.430511474609375e-06
1779,34.052292189968284,0,18.331952,True,True,1.430511474609375e-06
1780,34.070909060013946,0,18.56099,True,True,1.430511474609375e-06
1781,34.09903199301334,0,28.06621,True,True,1.430511474609375e-06
1782,34.118031685997266,0,18.915169,True,True,1.430511474609375e-06
1783,34.136509006959386,0,18.409645,True,True,1.430511474609375e-06
1784,34.15485437796451,0,18.284971,True,True,1.430511474609375e-06
1785,34.1734921229654,0,18.588871,True,True,1.430511474609375e-06
1786,34.19186024396913,0,18.317235,True,True,1.430511474609375e-06
1787,34.21041001396952,0,18.502691,True,True,1.430511474609375e-06
1788,34.22871747799218,0,18.25854,True,True,1.430511474609375e-06
1789,34.24706609098939,0,18.301285,True,True,1.430511474609375e-06
1790,34.26544497197028,0,18.332018,True,True,1.430511474609375e-06
1791,34.28373579896288,0,18.247346,True,True,1.430511474609375e-06
1792,34.30219678598223,0,18.420663,True,True,1.430511474609375e-06
1793,34.32047778001288,0,18.237678,True,True,1.430511474609375e-06
1794,34.33904071600409,0,18.521015,True,True,1.430511474609375e-06
1795,34.357453060976695,0,18.359473,True,True,1.430511474609375e-06
1796,34.37589506799122,0,18.391158,True,True,1.430511474609375e-06
1797,34.39426120696589,0,18.316346,True,True,1.430511474609375e-06
1798,34.41294285899494,0,18.634049,True,True,1.430511474609375e-06
1799,34.43385358998785,0,20.85964,True,True,1.430511474609375e-06
1800,34.46187912300229,0,27.935649,True,True,1.430511474609375e-06
1801,34.48054350196617,0,18.582681,True,True,1.430511474609375e-06
1802,34.49908884201432,0,18.486028,True,True,1.430511474609375e-06
1803,34.52363097300986,0,24.487686,True,True,1.430511474609375e-06
1804,34.54739183495985,0,23.660144,True,True,1.430511474609375e-06
1805,34.566106393991504,0,18.651891,True,True,1.430511474609375e-06
1806,34.584752007969655,0,18.578656,True,True,1.430511474609375e-06
1807,34.60312747198623,0,18.318964,True,True,1.430511474609375e-06
1808,34.62145123898517,0,18.272888,True,True,1.430511474609375e-06
1809,34.6399875949719,0,18.490508,True,True,1.430511474609375e-06
1810,34.658270913001616,0,18.238724,True,True,1.430511474609375e-06
1811,34.67665132699767,0,18.334459,True,True,1.430511474609375e-06
1812,34.694990663963836,0,18.296684,True,True,1.430511474609375e-06
1813,34.71328829601407,0,18.249575,True,True,1.430511474609375e-06
1814,34.73175029398408,0,18.416774,True,True,1.430511474609375e-06
1815,34.75048997096019,0,18.68711,True,True,1.430511474609375e-06
1816,34.76898406399414,0,18.424809,True,True,1.430511474609375e-06
1817,34.78725338797085,0,18.217966,True,True,1.430511474609375e-06
1818,34.805849085969385,0,18.542415,True,True,1.430511474609375e-06
1819,34.82429564296035,0,18.384969,True,True,1.430511474609375e-06
1820,34.84265034797136,0,18.305393,True,True,1.430511474609375e-06
1821,34.861085462966,0,18.385713,True,True,1.430511474609375e-06
1822,34.87944691599114,0,18.311047,True,True,1.430511474609375e-06
1823,34.898087751993444,0,18.576888,True,True,1.430511474609375e-06
1824,34.91656256100396,0,18.410744,True,True,1.430511474609375e-06
1825,34.93488456995692,0,18.258313,True,True,1.430511474609375e-06
1826,34.95334861200536,0,18.412628,True,True,1.430511474609375e-06
1827,34.97169579396723,0,18.297918,True,True,1.430511474609375e-06
1828,34.99026710400358,0,18.523947,True,True,1.430511474609375e-06
1829,35.008747345011216,0,18.43262,True,True,1.430511474609375e-06
1830,35.027026168012526,0,18.231382,True,True,1.430511474609375e-06
1831,35.045211086981,0,18.140885,True,True,1.430511474609375e-06
1832,35.06338767398847,0,18.130414,True,True,1.430511474609375e-06
1833,35.0820290009724,0,18.59759,True,True,1.430511474609375e-06
1834,35.10048876196379,0,18.391275,True,True,1.430511474609375e-06
1835,35.11863538797479,0,18.09444,True,True,1.430511474609375e-06
1836,35.13678896595957,0,18.0935,True,True,1.430511474609375e-06
1837,35.15520119399298,0,18.360361,True,True,1.430511474609375e-06
1838,35.17371296195779,0,18.461768,True,True,1.430511474609375e-06
1839,35.192018218978774,0,18.259727,True,True,1.430511474609375e-06
1840,35.21072679100325,0,18.665508,True,True,1.430511474609375e-06
1841,35.229123377008364,0,18.353303,True,True,1.430511474609375e-06
1842,35.24743493000278,0,18.268406,True,True,1.430511474609375e-06
1843,35.26599869399797,0,18.517208,True,True,1.430511474609375e-06
1844,35.28430664999178,0,18.261739,True,True,1.430511474609375e-06
1845,35.302613299980294,0,18.26425,True,True,1.430511474609375e-06
1846,35.32101142697502,0,18.355904,True,True,1.430511474609375e-06
1847,35.3393382980139,0,18.284064,True,True,1.430511474609375e-06
1848,35.35772797797108,0,18.340903,True,True,1.430511474609375e-06
1849,35.37604309001472,0,18.265536,True,True,1.430511474609375e-06
1850,35.39460974698886,0,18.517474,True,True,1.430511474609375e-06
1851,35.4129835239728,0,18.330619,True,True,1.430511474609375e-06
1852,35.43378542497521,0,20.758213,True,True,1.430511474609375e-06
1853,35.460160699964035,0,26.295484,True,True,1.430511474609375e-06
1854,35.48040272196522,0,20.15579,True,True,1.430511474609375e-06
1855,35.49916246597422,0,18.701113,True,True,1.430511474609375e-06
1856,35.52090305701131,0,21.68032,True,True,1.430511474609375e-06
1857,35.547796038968954,0,26.80561,True,True,1.430511474609375e-06
1858,35.56637286499608,0,18.499327,True,True,1.430511474609375e-06
1859,35.58484848996159,0,18.41236,True,True,1.430511474609375e-06
1860,35.60299059195677,0,18.085283,True,True,1.430511474609375e-06
1861,35.621136870002374,0,18.093806,True,True,1.430511474609375e-06
1862,35.63961548201041,0,18.431538,True,True,1.430511474609375e-06
1863,35.657953638001345,0,18.292723,True,True,1.430511474609375e-06
1864,35.67635849700309,0,18.356879,True,True,1.430511474609375e-06
1865,35.69518074498046,0,18.774547,True,True,1.430511474609375e-06
1866,35.71369736199267,0,18.466342,True,True,1.430511474609375e-06
1867,35.732200842001475,0,18.454217,True,True,1.430511474609375e-06
1868,35.75061862397706,0,18.358191,True,True,1.430511474609375e-06
1869,35.77845966699533,0,27.790681,True,True,1.430511474609375e-06
1870,35.79706836096011,0,18.519523,True,True,1.430511474609375e-06
1871,35.81571944698226,0,18.594431,True,True,1.430511474609375e-06
1872,35.83411007496761,0,18.328622,True,True,1.430511474609375e-06
1873,35.85268436896149,0,18.521944,True,True,1.430511474609375e-06
1874,35.8717175690108,0,18.935636,True,True,1.430511474609375e-06
1875,35.89027474698378,0,18.489374,True,True,1.430511474609375e-06
1876,35.908721134008374,0,18.39063,True,True,1.430511474609375e-06
1877,35.92711430898635,0,18.333518,True,True,1.430511474609375e-06
1878,35.94550893898122,0,18.337641,True,True,1.430511474609375e-06
1879,35.96384672797285,0,18.286971,True,True,1.430511474609375e-06
1880,35.98224741598824,0,18.353624,True,True,1.430511474609375e-06
1881,36.001135547005106,0,18.827751,True,True,1.430511474609375e-06
1882,36.019484841963276,0,18.295552,True,True,1.430511474609375e-06
1883,36.037837968964595,0,18.304551,True,True,1.430511474609375e-06
1884,36.05617518699728,0,18.284608,True,True,1.430511474609375e-06
1885,36.07462886697613,0,18.403562,True,True,1.430511474609375e-06
1886,36.093044421984814,0,18.366264,True,True,1.430511474609375e-06
1887,36.11144605698064,0,18.350871,True,True,1.430511474609375e-06
1888,36.13018551695859,0,18.678326,True,True,1.430511474609375e-06
1889,36.14870006300043,0,18.467427,True,True,1.430511474609375e-06
1890,36.167083411011845,0,18.330092,True,True,1.430511474609375e-06
1891,36.1854259519605,0,18.291698,True,True,1.430511474609375e-06
1892,36.20394115900854,0,18.465152,True,True,1.430511474609375e-06
1893,36.22244027297711,0,18.457709,True,True,1.430511474609375e-06
1894,36.24083924299339,0,18.347383,True,True,1.430511474609375e-06
1895,36.259719163994305,0,18.826468,True,True,1.430511474609375e-06
1896,36.27778387599392,0,18.014797,True,True,1.430511474609375e-06
1897,36.29596549796406,0,18.13581,True,True,1.430511474609375e-06
1898,36.314665891986806,0,18.654576,True,True,1.430511474609375e-06
1899,36.333016537013464,0,18.307716,True,True,1.430511474609375e-06
1900,36.35149526398163,0,18.424087,True,True,1.430511474609375e-06
1901,36.37034357700031,0,18.795574,True,True,1.430511474609375e-06
1902,36.38876080501359,0,18.356294,True,True,1.430511474609375e-06
1903,36.40715824801009,0,18.347833,True,True,1.430511474609375e-06
1904,36.42563984397566,0,18.431768,True,True,1.430511474609375e-06
1905,36.46475885401014,0,39.055783,True,True,1.430511474609375e-06
1906,36.48354394501075,0,18.655239,True,True,1.430511474609375e-06
1907,36.502036587975454,0,18.412657,True,True,1.430511474609375e-06
1908,36.53059216099791,0,28.488096,True,True,1.430511474609375e-06
1909,36.55107802996645,0,20.365115,True,True,1.430511474609375e-06
1910,36.56986996799242,0,18.712612,True,True,1.430511474609375e-06
1911,36.58823517500423,0,18.30348,True,True,1.430511474609375e-06
1912,36.60668175597675,0,18.391724,True,True,1.430511474609375e-06
1913,36.625235560000874,0,18.493538,True,True,1.430511474609375e-06
1914,36.64414731197758,0,18.839653,True,True,1.430511474609375e-06
1915,36.66283773101168,0,18.589604,True,True,1.430511474609375e-06
1916,36.681198102014605,0,18.295346,True,True,1.430511474609375e-06
1917,36.69968191499356,0,18.430563,True,True,1.430511474609375e-06
1918,36.71793672296917,0,18.20004,True,True,1.430511474609375e-06
1919,36.73636149801314,0,18.377559,True,True,1.430511474609375e-06
1920,36.755053683009464,0,18.635304,True,True,1.430511474609375e-06
1921,36.77342091698665,0,18.312706,True,True,1.430511474609375e-06
1922,36.79182509199018,0,18.355765,True,True,1.430511474609375e-06
1923,36.81011830299394,0,18.245813,True,True,1.430511474609375e-06
1924,36.82902250596089,0,18.84779,True,True,1.430511474609375e-06
1925,36.84744821698405,0,18.372048,True,True,1.430511474609375e-06
1926,36.865586356958374,0,18.075551,True,True,1.430511474609375e-06
1927,36.883932525001,0,18.289976,True,True,1.430511474609375e-06
1928,36.902424880012404,0,18.441069,True,True,1.430511474609375e-06
1929,36.9208978319657,0,18.411219,True,True,1.430511474609375e-06
1930,36.939233928977046,0,18.283413,True,True,1.430511474609375e-06
1931,36.958086344006006,0,18.798525,True,True,1.430511474609375e-06
1932,36.976526569982525,0,18.385479,True,True,1.430511474609375e-06
1933,36.994927271967754,0,18.326175,True,True,1.430511474609375e-06
1934,37.013418068992905,0,18.430906,True,True,1.430511474609375e-06
1935,37.03199342195876,0,18.506606,True,True,1.430511474609375e-06
1936,37.05045289697591,0,18.408282,True,True,1.430511474609375e-06
1937,37.06883427698631,0,18.320818,True,True,1.430511474609375e-06
1938,37.090140916989185,0,21.247199,True,True,1.430511474609375e-06
1939,37.11505462200148,0,24.837608,True,True,1.430511474609375e-06
1940,37.133574456966016,0,18.443123,True,True,1.430511474609375e-06
1941,37.1521332829725,0,18.505415,True,True,1.430511474609375e-06
1942,37.17051172297215,0,18.32828,True,True,1.430511474609375e-06
1943,37.188993003976066,0,18.430833,True,True,1.430511474609375e-06
1944,37.20756423700368,0,18.521168,True,True,1.430511474609375e-06
1945,37.22591470798943,0,18.30425,True,True,1.430511474609375e-06
1946,37.244381314958446,0,18.421131,True,True,1.430511474609375e-06
1947,37.26308288396103,0,18.655569,True,True,1.430511474609375e-06
1948,37.28154293698026,0,18.410022,True,True,1.430511474609375e-06
1949,37.29998272197554,0,18.395764,True,True,1.430511474609375e-06
1950,37.318320463004056,0,18.294521,True,True,1.430511474609375e-06
1951,37.336819975986145,0,18.457968,True,True,1.430511474609375e-06
1952,37.35520202800399,0,18.333011,True,True,1.430511474609375e-06
1953,37.37360893498408,0,18.357443,True,True,1.430511474609375e-06
1954,37.39237576897722,0,18.717489,True,True,1.430511474609375e-06
1955,37.41080858296482,0,18.38128,True,True,1.430511474609375e-06
1956,37.42916527099442,0,18.312411,True,True,1.430511474609375e-06
1957,37.45035920001101,0,21.142009,True,True,1.430511474609375e-06
1958,37.47736163297668,0,26.90259,True,True,1.430511474609375e-06
1959,37.49629687599372,0,18.847665,True,True,1.430511474609375e-06
1960,37.51750701497076,0,21.141758,True,True,1.430511474609375e-06
1961,37.54494184895884,0,27.356191,True,True,1.430511474609375e-06
1962,37.56360587896779,0,18.573074,True,True,1.430511474609375e-06
1963,37.582174253999256,0,18.507454,True,True,1.430511474609375e-06
1964,37.6006664679735,0,18.427639,True,True,1.430511474609375e-06
1965,37.6190374949947,0,18.317656,True,True,1.430511474609375e-06
1966,37.637418566970155,0,18.332036,True,True,1.430511474609375e-06
1967,37.65581314195879,0,18.338503,True,True,1.430511474609375e-06
1968,37.67430895299185,0,18.443481,True,True,1.430511474609375e-06
1969,37.69276078499388,0,18.402563,True,True,1.430511474609375e-06
1970,37.71113497397164,0,18.321118,True,True,1.430511474609375e-06
1971,37.729955607966986,0,18.770314,True,True,1.430511474609375e-06
1972,37.74840179900639,0,18.39496,True,True,1.430511474609375e-06
1973,37.76689385098871,0,18.436595,True,True,1.430511474609375e-06
1974,37.785315826011356,0,18.37455,True,True,1.430511474609375e-06
1975,37.803852574958,0,18.48713,True,True,1.430511474609375e-06
1976,37.82228111696895,0,18.369642,True,True,1.430511474609375e-06
1977,37.84064709400991,0,18.314071,True,True,1.430511474609375e-06
1978,37.86036400595913,0,19.664161,True,True,1.430511474609375e-06
1979,37.87899588199798,0,18.552565,True,True,1.430511474609375e-06
1980,37.897495733981486,0,18.436733,True,True,1.430511474609375e-06
1981,37.916525532957166,0,18.963765,True,True,1.430511474609375e-06
1982,37.944856269983575,0,28.24651,True,True,1.430511474609375e-06
1983,37.963526678970084,0,18.583612,True,True,1.430511474609375e-06
1984,37.98187490197597,0,18.288048,True,True,1.430511474609375e-06
1985,38.00021856901003,0,18.278969,True,True,1.430511474609375e-06
1986,38.01885679695988,0,18.584655,True,True,1.430511474609375e-06
1987,38.03790811798535,0,18.99806,True,True,1.430511474609375e-06
1988,38.05637225700775,0,18.410117,True,True,1.430511474609375e-06
1989,38.075291721965186,0,18.859224,True,True,1.430511474609375e-06
1990,38.09371555096004,0,18.365411,True,True,1.430511474609375e-06
1991,38.112131450965535,0,18.362513,True,True,1.430511474609375e-06
1992,38.13041164597962,0,18.224856,True,True,1.430511474609375e-06
1993,38.14900902699446,0,18.547719,True,True,1.430511474609375e-06
1994,38.16741325496696,0,18.348873,True,True,1.430511474609375e-06
1995,38.18567392497789,0,18.213734,True,True,1.430511474609375e-06
1996,38.204308499989565,0,18.588032,True,True,1.430511474609375e-06
1997,38.222671449999325,0,18.315862,True,True,1.430511474609375e-06
1998,38.2415511009749,0,18.823577,True,True,1.430511474609375e-06
1999,38.26003194501391,0,18.425459,True,True,1.430511474609375e-06
2000,38.278534067969304,0,18.45153,True,True,1.430511474609375e-06
2001,38.297136592969764,0,18.551268,True,True,1.430511474609375e-06
2002,38.315552445012145,0,18.363476,True,True,1.430511474609375e-06
2003,38.335044328996446,0,19.446934,True,True,1.430511474609375e-06
2004,38.353486281994265,0,18.38502,True,True,1.430511474609375e-06
2005,38.37188558699563,0,18.344916,True,True,1.430511474609375e-06
2006,38.39039520797087,0,18.450164,True,True,1.430511474609375e-06
2007,38.408991437987424,0,18.54657,True,True,1.430511474609375e-06
2008,38.427401849010494,0,18.352295,True,True,1.430511474609375e-06
2009,38.44835108995903,0,20.898933,True,True,1.430511474609375e-06
2010,38.4766364810057,0,28.204799,True,True,1.430511474609375e-06
2011,38.49532645998988,0,18.599031,True,True,1.430511474609375e-06
2012,38.516007702972274,0,20.61158,True,True,1.430511474609375e-06
2013,38.543993881961796,0,27.925996,True,True,1.430511474609375e-06
2014,38.56257455400191,0,18.482884,True,True,1.430511474609375e-06
2015,38.58107930095866,0,18.435524,True,True,1.430511474609375e-06
2016,38.59943171299528,0,18.287793,True,True,1.430511474609375e-06
2017,38.61786876997212,0,18.382897,True,True,1.430511474609375e-06
2018,38.63670292799361,0,18.783463,True,True,1.430511474609375e-06
2019,38.655087933002505,0,18.329048,True,True,1.430511474609375e-06
2020,38.67372236197116,0,18.588213,True,True,1.430511474609375e-06
2021,38.692055368970614,0,18.285032,True,True,1.430511474609375e-06
2022,38.7104916080134,0,18.386958,True,True,1.430511474609375e-06
2023,38.72958002897212,0,19.03653,True,True,1.430511474609375e-06
2024,38.74841381300939,0,18.779147,True,True,1.430511474609375e-06
2025,38.76709606900113,0,18.605956,True,True,1.430511474609375e-06
2026,38.79559035296552,0,28.41847,True,True,1.430511474609375e-06
2027,38.81420415401226,0,18.551214,True,True,1.430511474609375e-06
2028,38.83273977099452,0,18.470959,True,True,1.430511474609375e-06
2029,38.85133589396719,0,18.520776,True,True,1.430511474609375e-06
2030,38.87019244796829,0,18.765883,True,True,1.430511474609375e-06
2031,38.88904709799681,0,18.792865,True,True,1.430511474609375e-06
2032,38.90763681096723,0,18.538363,True,True,1.430511474609375e-06
2033,38.92668006796157,0,18.995769,True,True,1.430511474609375e-06
2034,38.94512299099006,0,18.386302,True,True,1.430511474609375e-06
2035,38.963817759999074,0,18.633275,True,True,1.430511474609375e-06
2036,38.98310147697339,0,19.177154,True,True,1.430511474609375e-06
2037,39.00197262997972,0,18.799021,True,True,1.430511474609375e-06
2038,39.020364379975945,0,18.334754,True,True,1.430511474609375e-06
2039,39.038755460991524,0,18.336544,True,True,1.430511474609375e-06
2040,39.057663707993925,0,18.863157,True,True,1.430511474609375e-06
2041,39.076425359991845,0,18.706502,True,True,1.430511474609375e-06
2042,39.09494471497601,0,18.459927,True,True,1.430511474609375e-06
2043,39.11325377400499,0,18.258361,True,True,1.430511474609375e-06
2044,39.131733540969435,0,18.427056,True,True,1.430511474609375e-06
2045,39.14986293797847,0,18.083124,True,True,1.430511474609375e-06
2046,39.16852647898486,0,18.61556,True,True,1.430511474609375e-06
2047,39.18735412397655,0,18.780627,True,True,1.430511474609375e-06
2048,39.20575480797561,0,18.345037,True,True,1.430511474609375e-06
2049,39.224166867963504,0,18.362479,True,True,1.430511474609375e-06
2050,39.242631856992375,0,18.418551,True,True,1.430511474609375e-06
2051,39.26097777899122,0,18.300971,True,True,1.430511474609375e-06
2052,39.27997682400746,0,18.953732,True,True,1.430511474609375e-06
2053,39.298443814972416,0,18.416011,True,True,1.430511474609375e-06
2054,39.3168958669994,0,18.405078,True,True,1.430511474609375e-06
2055,39.335257668979466,0,18.312494,True,True,1.430511474609375e-06
2056,39.35393274598755,0,18.625715,True,True,1.430511474609375e-06
2057,39.37239283800591,0,18.407315,True,True,1.430511474609375e-06
2058,39.39091553800972,0,18.471797,True,True,1.430511474609375e-06
2059,39.40936273901025,0,18.392224,True,True,1.430511474609375e-06
2060,39.427931499958504,0,18.525218,True,True,1.430511474609375e-06
2061,39.44845033995807,0,20.471707,True,True,1.430511474609375e-06
2062,39.477273216994945,0,28.739395,True,True,1.430511474609375e-06
2063,39.49593969696434,0,18.560936,True,True,1.430511474609375e-06
2064,39.51667471596738,0,20.66351,True,True,1.430511474609375e-06
2065,39.544967271969654,0,28.219534,True,True,1.430511474609375e-06
2066,39.56369547196664,0,18.625156,True,True,1.430511474609375e-06
2067,39.58268135698745,0,18.918046,True,True,1.430511474609375e-06
2068,39.60130013397429,0,18.552541,True,True,1.430511474609375e-06
2069,39.61998420901364,0,18.626007,True,True,1.430511474609375e-06
2070,39.6383961669635,0,18.362411,True,True,1.430511474609375e-06
2071,39.656836151960306,0,18.388373,True,True,1.430511474609375e-06
2072,39.67618469998706,0,19.300962,True,True,1.430511474609375e-06
2073,39.694562693010084,0,18.328932,True,True,1.430511474609375e-06
2074,39.71300775196869,0,18.396468,True,True,1.430511474609375e-06
2075,39.73141557601048,0,18.362053,True,True,1.430511474609375e-06
2076,39.75012668600539,0,18.660839,True,True,1.430511474609375e-06
2077,39.76855837699259,0,18.362499,True,True,1.430511474609375e-06
2078,39.787526680971496,0,18.919802,True,True,1.430511474609375e-06
2079,39.806482821004465,0,18.89828,True,True,1.430511474609375e-06
2080,39.82487033796497,0,18.334152,True,True,1.430511474609375e-06
2081,39.84317283000564,0,18.248237,True,True,1.430511474609375e-06
2082,39.86146744596772,0,18.242379,True,True,1.430511474609375e-06
2083,39.88026887696469,0,18.744709,True,True,1.430511474609375e-06
2084,39.89878122101072,0,18.449773,True,True,1.430511474609375e-06
2085,39.917244652984664,0,18.398278,True,True,1.430511474609375e-06
2086,39.93550206400687,0,18.206797,True,True,1.430511474609375e-06
2087,39.953728271008,0,18.171051,True,True,1.430511474609375e-06
2088,39.972240089962725,0,18.459622,True,True,1.430511474609375e-06
2089,39.996832066972274,0,24.513647,True,True,1.430511474609375e-06
2090,40.016009958984796,0,19.092883,True,True,1.430511474609375e-06
2091,40.034681109013036,0,18.609239,True,True,1.430511474609375e-06
2092,40.05316965497332,0,18.433002,True,True,1.430511474609375e-06
2093,40.07146259798901,0,18.235333,True,True,1.430511474609375e-06
2094,40.090078173961956,0,18.555426,True,True,1.430511474609375e-06
2095,40.10862592700869,0,18.497664,True,True,1.430511474609375e-06
2096,40.127169621002395,0,18.493819,True,True,1.430511474609375e-06
2097,40.14558720198693,0,18.356259,True,True,1.430511474609375e-06
2098,40.16401005501393,0,18.366512,True,True,1.430511474609375e-06
2099,40.183249879977666,0,19.178537,True,True,1.430511474609375e-06
2100,40.20162986696232,0,18.326442,True,True,1.430511474609375e-06
2101,40.220013895013835,0,18.329929,True,True,1.430511474609375e-06
2102,40.238839219964575,0,18.772835,True,True,1.430511474609375e-06
2103,40.25711089198012,0,18.222873,True,True,1.430511474609375e-06
2104,40.27552444196772,0,18.368458,True,True,1.430511474609375e-06
2105,40.293936475995,0,18.364635,True,True,1.430511474609375e-06
2106,40.31254710198846,0,18.558861,True,True,1.430511474609375e-06
2107,40.33081812795717,0,18.223607,True,True,1.430511474609375e-06
2108,40.34924333798699,0,18.373464,True,True,1.430511474609375e-06
2109,40.368044378992636,0,18.745758,True,True,1.430511474609375e-06
2110,40.38691254099831,0,18.815943,True,True,1.430511474609375e-06
2111,40.40535506996093,0,18.385056,True,True,1.430511474609375e-06
2112,40.42377310997108,0,18.364227,True,True,1.430511474609375e-06
2113,40.442088576965034,0,18.269336,True,True,1.430511474609375e-06
2114,40.46054575999733,0,18.403815,True,True,1.430511474609375e-06
2115,40.49067283596378,0,30.069363,True,True,1.430511474609375e-06
2116,40.50936715799617,0,18.583005,True,True,1.430511474609375e-06
2117,40.539497691963334,0,30.058242,True,True,1.430511474609375e-06
2118,40.55829112796346,0,18.692809,True,True,1.430511474609375e-06
2119,40.577212887990754,0,18.854448,True,True,1.430511474609375e-06
2120,40.595712173962966,0,18.436041,True,True,1.430511474609375e-06
2121,40.61433227796806,0,18.557262,True,True,1.430511474609375e-06
2122,40.63265418499941,0,18.274665,True,True,1.430511474609375e-06
2123,40.651081365998834,0,18.378033,True,True,1.430511474609375e-06
2124,40.66938326100353,0,18.258013,True,True,1.430511474609375e-06
2125,40.68832239101175,0,18.889451,True,True,1.430511474609375e-06
2126,40.71748991496861,0,29.099909,True,True,1.430511474609375e-06
2127,40.736048616003245,0,18.498956,True,True,1.430511474609375e-06
2128,40.75460793101229,0,18.49517,True,True,1.430511474609375e-06
2129,40.77301159099443,0,18.352794,True,True,1.430511474609375e-06
2130,40.79149410396349,0,18.431036,True,True,1.430511474609375e-06
2131,40.81019600498257,0,18.650861,True,True,1.430511474609375e-06
2132,40.828437771997415,0,18.18474,True,True,1.430511474609375e-06
2133,40.84709345200099,0,18.589297,True,True,1.430511474609375e-06
2134,40.86539911397267,0,18.251488,True,True,1.430511474609375e-06
2135,40.88386660098331,0,18.419274,True,True,1.430511474609375e-06
2136,40.90278451796621,0,18.857066,True,True,1.430511474609375e-06
2137,40.92139432998374,0,18.534003,True,True,1.430511474609375e-06
2138,40.93988786695991,0,18.433005,True,True,1.430511474609375e-06
2139,40.95847030199366,0,18.527774,True,True,1.430511474609375e-06
2140,40.97692805400584,0,18.407738,True,True,1.430511474609375e-06
2141,40.995385471964255,0,18.399599,True,True,1.430511474609375e-06
2142,41.01371799397748,0,18.280721,True,True,1.430511474609375e-06
2143,41.03213196800789,0,18.36705,True,True,1.430511474609375e-06
2144,41.05012626800453,0,17.946017,True,True,1.430511474609375e-06
2145,41.068442127958406,0,18.261914,True,True,1.430511474609375e-06
2146,41.08679350197781,0,18.292387,True,True,1.430511474609375e-06
2147,41.10517195198918,0,18.328001,True,True,1.430511474609375e-06
2148,41.123497707012575,0,18.277157,True,True,1.430511474609375e-06
2149,41.141970379976556,0,18.418757,True,True,1.430511474609375e-06
2150,41.160393863974605,0,18.377118,True,True,1.430511474609375e-06
2151,41.17870987096103,0,18.26942,True,True,1.430511474609375e-06
2152,41.197173710970674,0,18.417754,True,True,1.430511474609375e-06
2153,41.21525893697981,0,18.039799,True,True,1.430511474609375e-06
2154,41.233435724978335,0,18.130681,True,True,1.430511474609375e-06
2155,41.25203994696494,0,18.55283,True,True,1.430511474609375e-06
2156,41.27032473497093,0,18.241348,True,True,1.430511474609375e-06
2157,41.28875400801189,0,18.385914,True,True,1.430511474609375e-06
2158,41.30752463400131,0,18.725007,True,True,1.430511474609375e-06
2159,41.32582963700406,0,18.259705,True,True,1.430511474609375e-06
2160,41.34398293698905,0,18.112983,True,True,1.430511474609375e-06
2161,41.36221757699968,0,18.182033,True,True,1.430511474609375e-06
2162,41.380824794992805,0,18.560537,True,True,1.430511474609375e-06
2163,41.39917265198892,0,18.298308,True,True,1.430511474609375e-06
2164,41.41756830498343,0,18.338204,True,True,1.430511474609375e-06
2165,41.43639707798138,0,18.776704,True,True,1.430511474609375e-06
2166,41.45475879800506,0,18.311192,True,True,1.430511474609375e-06
2167,41.48284343298292,0,28.035734,True,True,1.430511474609375e-06
2168,41.5033422599663,0,20.386242,True,True,1.430511474609375e-06
2169,41.53353260201402,0,30.126452,True,True,1.430511474609375e-06
2170,41.55258153995965,0,18.934426,True,True,1.430511474609375e-06
2171,41.57171249797102,0,19.026231,True,True,1.430511474609375e-06
2172,41.59060178598156,0,18.770455,True,True,1.430511474609375e-06
2173,41.609121629968286,0,18.431804,True,True,1.430511474609375e-06
2174,41.627565241011325,0,18.384126,True,True,1.430511474609375e-06
2175,41.64607081800932,0,18.452032,True,True,1.430511474609375e-06
2176,41.664631153980736,0,18.508499,True,True,1.430511474609375e-06
2177,41.683306203980464,0,18.615283,True,True,1.430511474609375e-06
2178,41.70206631097244,0,18.648708,True,True,1.430511474609375e-06
2179,41.720685832959134,0,18.554925,True,True,1.430511474609375e-06
2180,41.73907060798956,0,18.337263,True,True,1.430511474609375e-06
2181,41.75741110398667,0,18.274766,True,True,1.430511474609375e-06
2182,41.77595656301128,0,18.487691,True,True,1.430511474609375e-06
2183,41.794533568958286,0,18.52336,True,True,1.430511474609375e-06
2184,41.81281316600507,0,18.230012,True,True,1.430511474609375e-06
2185,41.8312166769756,0,18.344499,True,True,1.430511474609375e-06
2186,41.849574846972246,0,18.306467,True,True,1.430511474609375e-06
2187,41.86795073800022,0,18.326485,True,True,1.430511474609375e-06
2188,41.88640184595715,0,18.398608,True,True,1.430511474609375e-06
2189,41.90568314900156,0,19.224596,True,True,1.430511474609375e-06
2190,41.92468588100746,0,18.881201,True,True,1.430511474609375e-06
2191,41.943798234977294,0,19.001309,True,True,1.430511474609375e-06
2192,41.96226809697691,0,18.404958,True,True,1.430511474609375e-06
2193,41.980420614010654,0,18.100568,True,True,1.430511474609375e-06
2194,41.998657003976405,0,18.177974,True,True,1.430511474609375e-06
2195,42.016863800992724,0,18.139037,True,True,1.430511474609375e-06
2196,42.03503229201306,0,18.107599,True,True,1.430511474609375e-06
2197,42.053643103979994,0,18.556092,True,True,1.430511474609375e-06
2198,42.072096324991435,0,18.397325,True,True,1.430511474609375e-06
2199,42.0906085500028,0,18.462652,True,True,1.430511474609375e-06
2200,42.10907825198956,0,18.418434,True,True,1.430511474609375e-06
2201,42.12738108698977,0,18.25737,True,True,1.430511474609375e-06
2202,42.1457362609799,0,18.299059,True,True,1.430511474609375e-06
2203,42.16414663899923,0,18.363128,True,True,1.430511474609375e-06
2204,42.18254277401138,0,18.342627,True,True,1.430511474609375e-06
2205,42.20093630399788,0,18.347205,True,True,1.430511474609375e-06
2206,42.2193683719961,0,18.382554,True,True,1.430511474609375e-06
2207,42.23767994297668,0,18.265545,True,True,1.430511474609375e-06
2208,42.255900276999455,0,18.175941,True,True,1.430511474609375e-06
2209,42.274283041013405,0,18.338408,True,True,1.430511474609375e-06
2210,42.2926601759973,0,18.333484,True,True,1.430511474609375e-06
2211,42.31095837499015,0,18.256908,True,True,1.430511474609375e-06
2212,42.32934822700918,0,18.34528,True,True,1.430511474609375e-06
2213,42.347466008970514,0,18.074038,True,True,1.430511474609375e-06
2214,42.36579448299017,0,18.265816,True,True,1.430511474609375e-06
2215,42.394049144000746,0,28.194793,True,True,1.430511474609375e-06
2216,42.412661616981495,0,18.519406,True,True,1.430511474609375e-06
2217,42.43084534996888,0,18.125183,True,True,1.430511474609375e-06
2218,42.449378180957865,0,18.47919,True,True,1.430511474609375e-06
2219,42.47125005396083,0,21.806551,True,True,1.430511474609375e-06
2220,42.49872649600729,0,27.367684,True,True,1.430511474609375e-06
2221,42.52046229597181,0,21.651408,True,True,1.430511474609375e-06
2222,42.5474111349904,0,26.861003,True,True,1.430511474609375e-06
2223,42.56602845800808,0,18.523259,True,True,1.430511474609375e-06
2224,42.584549118008,0,18.449396,True,True,1.430511474609375e-06
2225,42.60310754500097,0,18.496338,True,True,1.430511474609375e-06
2226,42.621563711960334,0,18.401961,True,True,1.430511474609375e-06
2227,42.63981820596382,0,18.203606,True,True,1.430511474609375e-06
2228,42.658147163980175,0,18.281256,True,True,1.430511474609375e-06
2229,42.676506916002836,0,18.313834,True,True,1.430511474609375e-06
2230,42.69497373397462,0,18.42086,True,True,1.430511474609375e-06
2231,42.71337156399386,0,18.34217,True,True,1.430511474609375e-06
2232,42.73160428198753,0,18.18269,True,True,1.430511474609375e-06
2233,42.749977575964294,0,18.325816,True,True,1.430511474609375e-06
2234,42.76860207901336,0,18.564134,True,True,1.430511474609375e-06
2235,42.787133864010684,0,18.452198,True,True,1.430511474609375e-06
2236,42.80559397098841,0,18.400525,True,True,1.430511474609375e-06
2237,42.82400918699568,0,18.359677,True,True,1.430511474609375e-06
2238,42.84260421898216,0,18.533899,True,True,1.430511474609375e-06
2239,42.86078709497815,0,18.128714,True,True,1.430511474609375e-06
2240,42.878952880972065,0,18.108705,True,True,1.430511474609375e-06
2241,42.89716541301459,0,18.154346,True,True,1.430511474609375e-06
2242,42.91544115997385,0,18.221182,True,True,1.430511474609375e-06
2243,42.93383941898355,0,18.344669,True,True,1.430511474609375e-06
2244,42.952143275993876,0,18.248908,True,True,1.430511474609375e-06
2245,42.97019751300104,0,18.003598,True,True,1.430511474609375e-06
2246,42.98859865497798,0,18.350355,True,True,1.430511474609375e-06
2247,43.00684339099098,0,18.188697,True,True,1.430511474609375e-06
2248,43.0250236709835,0,18.130138,True,True,1.430511474609375e-06
2249,43.05406354001025,0,28.99005,True,True,1.430511474609375e-06
2250,43.072640710975975,0,18.489604,True,True,1.430511474609375e-06
2251,43.09118965396192,0,18.489921,True,True,1.430511474609375e-06
2252,43.10976993798977,0,18.522723,True,True,1.430511474609375e-06
2253,43.12830772000598,0,18.484112,True,True,1.430511474609375e-06
2254,43.14677012799075,0,18.402961,True,True,1.430511474609375e-06
2255,43.16516218899051,0,18.347898,True,True,1.430511474609375e-06
2256,43.18353710399242,0,18.328402,True,True,1.430511474609375e-06
2257,43.201869687996805,0,18.284502,True,True,1.430511474609375e-06
2258,43.22039870597655,0,18.479888,True,True,1.430511474609375e-06
2259,43.23888280399842,0,18.432783,True,True,1.430511474609375e-06
2260,43.25732552795671,0,18.395021,True,True,1.430511474609375e-06
2261,43.275740223005414,0,18.366375,True,True,1.430511474609375e-06
2262,43.29464937699959,0,18.860469,True,True,1.430511474609375e-06
2263,43.31315015797736,0,18.451306,True,True,1.430511474609375e-06
2264,43.33155716699548,0,18.364823,True,True,1.430511474609375e-06
2265,43.350150818994734,0,18.546318,True,True,1.430511474609375e-06
2266,43.36846188100753,0,18.250895,True,True,1.430511474609375e-06
2267,43.38686260697432,0,18.346886,True,True,1.430511474609375e-06
2268,43.40531992196338,0,18.398175,True,True,1.430511474609375e-06
2269,43.42366218898678,0,18.293941,True,True,1.430511474609375e-06
2270,43.442192566988524,0,18.479895,True,True,1.430511474609375e-06
2271,43.46069298801012,0,18.452874,True,True,1.430511474609375e-06
2272,43.48123347898945,0,20.491322,True,True,1.430511474609375e-06
2273,43.50919858698035,0,27.88196,True,True,1.430511474609375e-06
2274,43.53877917199861,0,29.478234,True,True,1.430511474609375e-06
2275,43.557645300985314,0,18.764819,True,True,1.430511474609375e-06
2276,43.576168278988916,0,18.453746,True,True,1.430511474609375e-06
2277,43.594583395984955,0,18.353392,True,True,1.430511474609375e-06
2278,43.61309222900309,0,18.452526,True,True,1.430511474609375e-06
2279,43.631429378991015,0,18.283989,True,True,1.430511474609375e-06
2280,43.64975089899963,0,18.272461,True,True,1.430511474609375e-06
2281,43.66815658600535,0,18.358701,True,True,1.430511474609375e-06
2282,43.68664861697471,0,18.445805,True,True,1.430511474609375e-06
2283,43.71473894000519,0,28.040489,True,True,1.430511474609375e-06
2284,43.73340082896175,0,18.579574,True,True,1.430511474609375e-06
2285,43.751915844972245,0,18.454567,True,True,1.430511474609375e-06
2286,43.770364751981106,0,18.388371,True,True,1.430511474609375e-06
2287,43.789103897986934,0,18.68661,True,True,1.430511474609375e-06
2288,43.80724204296712,0,18.084749,True,True,1.430511474609375e-06
2289,43.82556594599737,0,18.272793,True,True,1.430511474609375e-06
2290,43.843775886984076,0,18.144742,True,True,1.430511474609375e-06
2291,43.86237322399393,0,18.544134,True,True,1.430511474609375e-06
2292,43.88111697998829,0,18.632937,True,True,1.430511474609375e-06
2293,43.899841087986715,0,18.650867,True,True,1.430511474609375e-06
2294,43.9183335689595,0,18.420778,True,True,1.430511474609375e-06
2295,43.936858350003604,0,18.472127,True,True,1.430511474609375e-06
2296,43.95525427500252,0,18.339592,True,True,1.430511474609375e-06
2297,43.97371947095962,0,18.414903,True,True,1.430511474609375e-06
2298,43.99254230799852,0,18.737374,True,True,1.430511474609375e-06
2299,44.011042920988984,0,18.39971,True,True,1.430511474609375e-06
2300,44.02947754401248,0,18.371445,True,True,1.430511474609375e-06
2301,44.048277458990924,0,18.748301,True,True,1.430511474609375e-06
2302,44.06644103798317,0,18.111562,True,True,1.430511474609375e-06
2303,44.08479409298161,0,18.30165,True,True,1.430511474609375e-06
2304,44.10302997898543,0,18.185564,True,True,1.430511474609375e-06
2305,44.121165872958954,0,18.083139,True,True,1.430511474609375e-06
2306,44.13950916600879,0,18.294622,True,True,1.430511474609375e-06
2307,44.15786372899311,0,18.306688,True,True,1.430511474609375e-06
2308,44.1762669319869,0,18.358626,True,True,1.430511474609375e-06
2309,44.1946468600072,0,18.332188,True,True,1.430511474609375e-06
2310,44.213042969990056,0,18.352455,True,True,1.430511474609375e-06
2311,44.23137847398175,0,18.292211,True,True,1.430511474609375e-06
2312,44.24989137996454,0,18.466224,True,True,1.430511474609375e-06
2313,44.26818314800039,0,18.249795,True,True,1.430511474609375e-06
2314,44.286482032970525,0,18.258064,True,True,1.430511474609375e-06
2315,44.30471288599074,0,18.189268,True,True,1.430511474609375e-06
2316,44.32295575796161,0,18.192808,True,True,1.430511474609375e-06
2317,44.34136501298053,0,18.359636,True,True,1.430511474609375e-06
2318,44.35979102097917,0,18.374286,True,True,1.430511474609375e-06
2319,44.37813492497662,0,18.288718,True,True,1.430511474609375e-06
2320,44.39681462600129,0,18.627966,True,True,1.430511474609375e-06
2321,44.41521604300942,0,18.347179,True,True,1.430511474609375e-06
2322,44.43354634498246,0,18.280603,True,True,1.430511474609375e-06
2323,44.45205793896457,0,18.463594,True,True,1.430511474609375e-06
2324,44.4703831920051,0,18.279136,True,True,1.430511474609375e-06
2325,44.49880368600134,0,28.362232,True,True,1.430511474609375e-06
2326,44.52847760997247,0,29.56584,True,True,1.430511474609375e-06
2327,44.55784542899346,0,29.261294,True,True,1.430511474609375e-06
2328,44.57635977701284,0,18.432255,True,True,1.430511474609375e-06
2329,44.594983725983184,0,18.561668,True,True,1.430511474609375e-06
2330,44.61356268898817,0,18.523089,True,True,1.430511474609375e-06
2331,44.63192477601115,0,18.308593,True,True,1.430511474609375e-06
2332,44.65040337498067,0,18.429812,True,True,1.430511474609375e-06
2333,44.66863828198984,0,18.187699,True,True,1.430511474609375e-06
2334,44.686772103013936,0,18.090735,True,True,1.430511474609375e-06
2335,44.7050495200092,0,18.233376,True,True,1.430511474609375e-06
2336,44.72342105099233,0,18.32608,True,True,1.430511474609375e-06
2337,44.74182201898657,0,18.357058,True,True,1.430511474609375e-06
2338,44.760257060988806,0,18.382566,True,True,1.430511474609375e-06
2339,44.7786465229583,0,18.3372,True,True,1.430511474609375e-06
2340,44.79693024297012,0,18.237844,True,True,1.430511474609375e-06
2341,44.81540189299267,0,18.428753,True,True,1.430511474609375e-06
2342,44.83422746701399,0,18.771447,True,True,1.430511474609375e-06
2343,44.8526148229721,0,18.328745,True,True,1.430511474609375e-06
2344,44.87103307095822,0,18.371027,True,True,1.430511474609375e-06
2345,44.88947926700348,0,18.394087,True,True,1.430511474609375e-06
2346,44.90797444200143,0,18.442687,True,True,1.430511474609375e-06
2347,44.926616104959976,0,18.566094,True,True,1.430511474609375e-06
2348,44.945593523967545,0,18.918678,True,True,1.430511474609375e-06
2349,44.964012078009546,0,18.367804,True,True,1.430511474609375e-06
2350,44.98257980099879,0,18.519811,True,True,1.430511474609375e-06
2351,45.00109508796595,0,18.452209,True,True,1.430511474609375e-06
2352,45.019546338997316,0,18.397772,True,True,1.430511474609375e-06
2353,45.03788244898897,0,18.2895,True,True,1.430511474609375e-06
2354,45.05628554197028,0,18.353606,True,True,1.430511474609375e-06
2355,45.074817373009864,0,18.476489,True,True,1.430511474609375e-06
2356,45.09335373796057,0,18.481161,True,True,1.430511474609375e-06
2357,45.11170848197071,0,18.308343,True,True,1.430511474609375e-06
2358,45.13013211399084,0,18.376015,True,True,1.430511474609375e-06
2359,45.14855023199925,0,18.364797,True,True,1.430511474609375e-06
2360,45.167062950960826,0,18.465708,True,True,1.430511474609375e-06
2361,45.185937782982364,0,18.827817,True,True,1.430511474609375e-06
2362,45.20440356398467,0,18.421634,True,True,1.430511474609375e-06
2363,45.222721980011556,0,18.268641,True,True,1.430511474609375e-06
2364,45.24117210396798,0,18.40324,True,True,1.430511474609375e-06
2365,45.25949776498601,0,18.281218,True,True,1.430511474609375e-06
2366,45.278036099975,0,18.496801,True,True,1.430511474609375e-06
2367,45.29642232396873,0,18.341565,True,True,1.430511474609375e-06
2368,45.31487587199081,0,18.408712,True,True,1.430511474609375e-06
2369,45.33329361100914,0,18.373921,True,True,1.430511474609375e-06
2370,45.35191167099401,0,18.557116,True,True,1.430511474609375e-06
2371,45.3703869029996,0,18.417413,True,True,1.430511474609375e-06
2372,45.398020258988254,0,27.557407,True,True,1.430511474609375e-06
2373,45.41657115297858,0,18.476005,True,True,1.430511474609375e-06
2374,45.43500504596159,0,18.381052,True,True,1.430511474609375e-06
2375,45.45344817597652,0,18.392549,True,True,1.430511474609375e-06
2376,45.47183136397507,0,18.334558,True,True,1.430511474609375e-06
2377,45.50143194996053,0,29.540864,True,True,1.430511474609375e-06
2378,45.531171957962215,0,29.62812,True,True,1.430511474609375e-06
2379,45.55010333401151,0,18.829969,True,True,1.430511474609375e-06
2380,45.568640885991044,0,18.457889,True,True,1.430511474609375e-06
2381,45.58704226400005,0,18.336635,True,True,1.430511474609375e-06
2382,45.60543389397208,0,18.334143,True,True,1.430511474609375e-06
2383,45.62377934198594,0,18.292301,True,True,1.430511474609375e-06
2384,45.6421215509763,0,18.296459,True,True,1.430511474609375e-06
2385,45.66061644896399,0,18.440908,True,True,1.430511474609375e-06
2386,45.67897628201172,0,18.310541,True,True,1.430511474609375e-06
2387,45.697336120996624,0,18.310779,True,True,1.430511474609375e-06
2388,45.71569735900266,0,18.305792,True,True,1.430511474609375e-06
2389,45.73422876599943,0,18.480894,True,True,1.430511474609375e-06
2390,45.75261116301408,0,18.336611,True,True,1.430511474609375e-06
2391,45.770989596960135,0,18.323854,True,True,1.430511474609375e-06
2392,45.78939397900831,0,18.349272,True,True,1.430511474609375e-06
2393,45.807915651006624,0,18.474687,True,True,1.430511474609375e-06
2394,45.82627273298567,0,18.306268,True,True,1.430511474609375e-06
2395,45.844689128978644,0,18.362434,True,True,1.430511474609375e-06
2396,45.86305203899974,0,18.313745,True,True,1.430511474609375e-06
2397,45.881347524991725,0,18.246544,True,True,1.430511474609375e-06
2398,45.90044424100779,0,19.042976,True,True,1.430511474609375e-06
2399,45.9252593999845,0,24.706815,True,True,1.430511474609375e-06
2400,45.94385441095801,0,18.512962,True,True,1.430511474609375e-06
2401,45.96277971199015,0,18.866651,True,True,1.430511474609375e-06
2402,45.98130017798394,0,18.468807,True,True,1.430511474609375e-06
2403,45.999786423984915,0,18.424919,True,True,1.430511474609375e-06
2404,46.0183918979601,0,18.54418,True,True,1.430511474609375e-06
2405,46.03674938896438,0,18.297258,True,True,1.430511474609375e-06
2406,46.055141805962194,0,18.338593,True,True,1.430511474609375e-06
2407,46.07365505897906,0,18.463196,True,True,1.430511474609375e-06
2408,46.09213318297407,0,18.416545,True,True,1.430511474609375e-06
2409,46.11051705799764,0,18.332159,True,True,1.430511474609375e-06
2410,46.12890915299067,0,18.340262,True,True,1.430511474609375e-06
2411,46.14735544897849,0,18.389072,True,True,1.430511474609375e-06
2412,46.1657040650025,0,18.301876,True,True,1.430511474609375e-06
2413,46.18408665800234,0,18.331034,True,True,1.430511474609375e-06
2414,46.20269602397457,0,18.56048,True,True,1.430511474609375e-06
2415,46.22109930898296,0,18.356231,True,True,1.430511474609375e-06
2416,46.23952320998069,0,18.376075,True,True,1.430511474609375e-06
2417,46.2579691989813,0,18.397789,True,True,1.430511474609375e-06
2418,46.276342005003244,0,18.326922,True,True,1.430511474609375e-06
2419,46.29498980101198,0,18.543195,True,True,1.430511474609375e-06
2420,46.313672214979306,0,18.601579,True,True,1.430511474609375e-06
2421,46.332348449970596,0,18.602574,True,True,1.430511474609375e-06
2422,46.3510197539581,0,18.58542,True,True,1.430511474609375e-06
2423,46.369572071009316,0,18.488289,True,True,1.430511474609375e-06
2424,46.38809813099215,0,18.440871,True,True,1.430511474609375e-06
2425,46.40672047098633,0,18.543317,True,True,1.430511474609375e-06
2426,46.425232851994224,0,18.457223,True,True,1.430511474609375e-06
2427,46.44366359600099,0,18.379724,True,True,1.430511474609375e-06
2428,46.46216244198149,0,18.447146,True,True,1.430511474609375e-06
2429,46.480576066998765,0,18.365437,True,True,1.430511474609375e-06
2430,46.50176931498572,0,21.125604,True,True,1.430511474609375e-06
2431,46.53842888696818,0,36.56652,True,True,1.430511474609375e-06
2432,46.55915285501396,0,20.583207,True,True,1.430511474609375e-06
2433,46.57780674600508,0,18.544032,True,True,1.430511474609375e-06
2434,46.596650886000134,0,18.771636,True,True,1.430511474609375e-06
2435,46.61503313598223,0,18.321979,True,True,1.430511474609375e-06
2436,46.63346008898225,0,18.364284,True,True,1.430511474609375e-06
2437,46.651937027985696,0,18.422776,True,True,1.430511474609375e-06
2438,46.670663586002775,0,18.669193,True,True,1.430511474609375e-06
2439,46.68926728400402,0,18.492552,True,True,1.430511474609375e-06
2440,46.707812812994234,0,18.470495,True,True,1.430511474609375e-06
2441,46.72647944197524,0,18.612584,True,True,1.430511474609375e-06
2442,46.744876661978196,0,18.342654,True,True,1.430511474609375e-06
2443,46.763372718996834,0,18.437785,True,True,1.430511474609375e-06
2444,46.78196580801159,0,18.514798,True,True,1.430511474609375e-06
2445,46.800427499983925,0,18.397191,True,True,1.430511474609375e-06
2446,46.818890508962795,0,18.408725,True,True,1.430511474609375e-06
2447,46.83753269899171,0,18.54621,True,True,1.430511474609375e-06
2448,46.85594283195678,0,18.343704,True,True,1.430511474609375e-06
2449,46.8743094530073,0,18.300174,True,True,1.430511474609375e-06
2450,46.89284767000936,0,18.483678,True,True,1.430511474609375e-06
2451,46.91145653795684,0,18.537078,True,True,1.430511474609375e-06
2452,46.93007734097773,0,18.533138,True,True,1.430511474609375e-06
2453,46.94896920595784,0,18.820893,True,True,1.430511474609375e-06
2454,46.96744897298049,0,18.424098,True,True,1.430511474609375e-06
2455,46.9859071939718,0,18.393369,True,True,1.430511474609375e-06
2456,47.00428793998435,0,18.323839,True,True,1.430511474609375e-06
2457,47.022900329960976,0,18.556878,True,True,1.430511474609375e-06
2458,47.041217984980904,0,18.261993,True,True,1.430511474609375e-06
2459,47.05966819898458,0,18.386954,True,True,1.430511474609375e-06
2460,47.07803427998442,0,18.31218,True,True,1.430511474609375e-06
2461,47.09628345101373,0,18.195036,True,True,1.430511474609375e-06
2462,47.114485586993396,0,18.155162,True,True,1.430511474609375e-06
2463,47.13271943497239,0,18.186808,True,True,1.430511474609375e-06
2464,47.15112679696176,0,18.352756,True,True,1.430511474609375e-06
2465,47.16950411500875,0,18.326279,True,True,1.430511474609375e-06
2466,47.18797913700109,0,18.429191,True,True,1.430511474609375e-06
2467,47.20654204901075,0,18.495628,True,True,1.430511474609375e-06
2468,47.224808732979,0,18.216297,True,True,1.430511474609375e-06
2469,47.243113489006646,0,18.25513,True,True,1.430511474609375e-06
2470,47.26117209997028,0,18.008543,True,True,1.430511474609375e-06
2471,47.27958230295917,0,18.364255,True,True,1.430511474609375e-06
2472,47.308466290996876,0,28.834288,True,True,1.430511474609375e-06
2473,47.32693739596289,0,18.404941,True,True,1.430511474609375e-06
2474,47.34586674795719,0,18.876681,True,True,1.430511474609375e-06
2475,47.364296878979076,0,18.376134,True,True,1.430511474609375e-06
2476,47.38279616297223,0,18.447113,True,True,1.430511474609375e-06
2477,47.4013094319962,0,18.452089,True,True,1.430511474609375e-06
2478,47.41973596997559,0,18.368388,True,True,1.430511474609375e-06
2479,47.438143120962195,0,18.359332,True,True,1.430511474609375e-06
2480,47.4567196519929,0,18.518853,True,True,1.430511474609375e-06
2481,47.475130570004694,0,18.35972,True,True,1.430511474609375e-06
2482,47.49364356097067,0,18.457205,True,True,1.430511474609375e-06
2483,47.52704358898336,0,33.320864,True,True,1.430511474609375e-06
2484,47.55312478396809,0,25.935112,True,True,1.430511474609375e-06
2485,47.571642813971266,0,18.44051,True,True,1.430511474609375e-06
2486,47.590333294996526,0,18.62007,True,True,1.430511474609375e-06
2487,47.608711906010285,0,18.313547,True,True,1.430511474609375e-06
2488,47.627052991010714,0,18.286523,True,True,1.430511474609375e-06
2489,47.64587076700991,0,18.760812,True,True,1.430511474609375e-06
2490,47.66422054596478,0,18.299851,True,True,1.430511474609375e-06
2491,47.68267338699661,0,18.40271,True,True,1.430511474609375e-06
2492,47.70099465100793,0,18.272663,True,True,1.430511474609375e-06
2493,47.719414397957735,0,18.365105,True,True,1.430511474609375e-06
2494,47.7377656379831,0,18.302717,True,True,1.430511474609375e-06
2495,47.75625375198433,0,18.439805,True,True,1.430511474609375e-06
2496,47.774814085976686,0,18.497624,True,True,1.430511474609375e-06
2497,47.79318496299675,0,18.309734,True,True,1.430511474609375e-06
2498,47.81167347100563,0,18.437467,True,True,1.430511474609375e-06
2499,47.830597058986314,0,18.862156,True,True,1.430511474609375e-06
2500,47.84908411098877,0,18.420024,True,True,1.430511474609375e-06
2501,47.867541784013156,0,18.389108,True,True,1.430511474609375e-06
2502,47.88598717196146,0,18.38933,True,True,1.430511474609375e-06
2503,47.90439865196822,0,18.348381,True,True,1.430511474609375e-06
2504,47.92271690699272,0,18.263729,True,True,1.430511474609375e-06
2505,47.94108158600284,0,18.311473,True,True,1.430511474609375e-06
2506,47.95948885701364,0,18.345481,True,True,1.430511474609375e-06
2507,47.9777694089571,0,18.231202,True,True,1.430511474609375e-06
2508,47.996248901006766,0,18.430965,True,True,1.430511474609375e-06
2509,48.01467175397556,0,18.363193,True,True,1.430511474609375e-06
2510,48.03309736796655,0,18.358976,True,True,1.430511474609375e-06
2511,48.051513509999495,0,18.364146,True,True,1.430511474609375e-06
2512,48.07006330497097,0,18.496672,True,True,1.430511474609375e-06
2513,48.088436716992874,0,18.315809,True,True,1.430511474609375e-06
2514,48.106827039970085,0,18.332684,True,True,1.430511474609375e-06
2515,48.12529002997326,0,18.414386,True,True,1.430511474609375e-06
2516,48.14368332200684,0,18.33714,True,True,1.430511474609375e-06
2517,48.16213670995785,0,18.397195,True,True,1.430511474609375e-06
2518,48.18058436596766,0,18.395972,True,True,1.430511474609375e-06
2519,48.198672880011145,0,18.038913,True,True,1.430511474609375e-06
2520,48.216946962988004,0,18.222035,True,True,1.430511474609375e-06
2521,48.235272330988664,0,18.272997,True,True,1.430511474609375e-06
2522,48.25357232999522,0,18.250918,True,True,1.430511474609375e-06
2523,48.27186710201204,0,18.248605,True,True,1.430511474609375e-06
2524,48.29052544495789,0,18.607336,True,True,1.430511474609375e-06
2525,48.30881075299112,0,18.233588,True,True,1.430511474609375e-06
2526,48.32710707100341,0,18.253826,True,True,1.430511474609375e-06
2527,48.34579655696871,0,18.643827,True,True,1.430511474609375e-06
2528,48.364154659968335,0,18.305062,True,True,1.430511474609375e-06
2529,48.38253627700033,0,18.328597,True,True,1.430511474609375e-06
2530,48.400985952001065,0,18.394778,True,True,1.430511474609375e-06
2531,48.41938619100256,0,18.345427,True,True,1.430511474609375e-06
2532,48.437645917991176,0,18.211771,True,True,1.430511474609375e-06
2533,48.45607363397721,0,18.374791,True,True,1.430511474609375e-06
2534,48.474487161962315,0,18.35253,True,True,1.430511474609375e-06
2535,48.49279440997634,0,18.254678,True,True,1.430511474609375e-06
2536,48.5233422589954,0,30.487228,True,True,1.430511474609375e-06
2537,48.55165234598098,0,28.211393,True,True,1.430511474609375e-06
2538,48.57276664499659,0,21.035914,True,True,1.430511474609375e-06
2539,48.591222287970595,0,18.387973,True,True,1.430511474609375e-06
2540,48.60968855099054,0,18.40575,True,True,1.430511474609375e-06
2541,48.62809729896253,0,18.353018,True,True,1.430511474609375e-06
2542,48.64654702501139,0,18.401045,True,True,1.430511474609375e-06
2543,48.66487415099982,0,18.280796,True,True,1.430511474609375e-06
2544,48.683093739964534,0,18.173408,True,True,1.430511474609375e-06
2545,48.701969309011474,0,18.823425,True,True,1.430511474609375e-06
2546,48.720395386975724,0,18.382232,True,True,1.430511474609375e-06
2547,48.738743110967334,0,18.297518,True,True,1.430511474609375e-06
2548,48.75728188297944,0,18.490127,True,True,1.430511474609375e-06
2549,48.775709935987834,0,18.373884,True,True,1.430511474609375e-06
2550,48.7941195499734,0,18.361647,True,True,1.430511474609375e-06
2551,48.812590893008746,0,18.421171,True,True,1.430511474609375e-06
2552,48.83092046499951,0,18.282118,True,True,1.430511474609375e-06
2553,48.849528187012766,0,18.553714,True,True,1.430511474609375e-06
2554,48.86812452599406,0,18.52762,True,True,1.430511474609375e-06
2555,48.88681459496729,0,18.599119,True,True,1.430511474609375e-06
2556,48.905250470968895,0,18.371611,True,True,1.430511474609375e-06
2557,48.92375197698129,0,18.41348,True,True,1.430511474609375e-06
2558,48.94284797,0,19.03066,True,True,1.430511474609375e-06
2559,48.961228399013635,0,18.323466,True,True,1.430511474609375e-06
2560,48.982384648988955,0,21.104069,True,True,1.430511474609375e-06
2561,49.007940333976876,0,25.440864,True,True,1.430511474609375e-06
2562,49.0265892620082,0,18.545773,True,True,1.430511474609375e-06
2563,49.04504070500843,0,18.388582,True,True,1.430511474609375e-06
2564,49.06346807500813,0,18.371391,True,True,1.430511474609375e-06
2565,49.08191977295792,0,18.397268,True,True,1.430511474609375e-06
2566,49.1002782160067,0,18.301562,True,True,1.430511474609375e-06
2567,49.11873603396816,0,18.407225,True,True,1.430511474609375e-06
2568,49.137051722966135,0,18.262826,True,True,1.430511474609375e-06
2569,49.155318328994326,0,18.204,True,True,1.430511474609375e-06
2570,49.17380791797768,0,18.438707,True,True,1.430511474609375e-06
2571,49.192165234009735,0,18.30381,True,True,1.430511474609375e-06
2572,49.21067594998749,0,18.458233,True,True,1.430511474609375e-06
2573,49.2291881449637,0,18.467874,True,True,1.430511474609375e-06
2574,49.247558458009735,0,18.326894,True,True,1.430511474609375e-06
2575,49.26594595296774,0,18.341747,True,True,1.430511474609375e-06
2576,49.28430052899057,0,18.312931,True,True,1.430511474609375e-06
2577,49.302740292972885,0,18.398189,True,True,1.430511474609375e-06
2578,49.32113249698887,0,18.349608,True,True,1.430511474609375e-06
2579,49.33978715300327,0,18.609287,True,True,1.430511474609375e-06
2580,49.35820053296629,0,18.363428,True,True,1.430511474609375e-06
2581,49.37659785297001,0,18.343676,True,True,1.430511474609375e-06
2582,49.3950912419823,0,18.444274,True,True,1.430511474609375e-06
2583,49.413661404978484,0,18.522518,True,True,1.430511474609375e-06
2584,49.432095566007774,0,18.381095,True,True,1.430511474609375e-06
2585,49.45072127896128,0,18.574989,True,True,1.430511474609375e-06
2586,49.46912187797716,0,18.342324,True,True,1.430511474609375e-06
2587,49.48759700701339,0,18.421187,True,True,1.430511474609375e-06
2588,49.50605804997031,0,18.402802,True,True,1.430511474609375e-06
2589,49.53455680096522,0,28.444207,True,True,1.430511474609375e-06
2590,49.55489857797511,0,20.228913,True,True,1.430511474609375e-06
2591,49.57354614295764,0,18.57074,True,True,1.430511474609375e-06
2592,49.59205217199633,0,18.442434,True,True,1.430511474609375e-06
2593,49.61041124199983,0,18.301792,True,True,1.430511474609375e-06
2594,49.628994291997515,0,18.530858,True,True,1.430511474609375e-06
2595,49.65738537098514,0,28.307641,True,True,1.430511474609375e-06
2596,49.675973284989595,0,18.517952,True,True,1.430511474609375e-06
2597,49.69449338398408,0,18.467709,True,True,1.430511474609375e-06
2598,49.71335864299908,0,18.810629,True,True,1.430511474609375e-06
2599,49.731844266992994,0,18.43715,True,True,1.430511474609375e-06
2600,49.75023479497759,0,18.34119,True,True,1.430511474609375e-06
2601,49.768862920987885,0,18.568574,True,True,1.430511474609375e-06
2602,49.78747855196707,0,18.56374,True,True,1.430511474609375e-06
2603,49.80577558797086,0,18.247593,True,True,1.430511474609375e-06
2604,49.82404334197054,0,18.219163,True,True,1.430511474609375e-06
2605,49.843179780000355,0,19.085766,True,True,1.430511474609375e-06
2606,49.8618955819984,0,18.607915,True,True,1.430511474609375e-06
2607,49.8804530960042,0,18.469969,True,True,1.430511474609375e-06
2608,49.89901514496887,0,18.501581,True,True,1.430511474609375e-06
2609,49.91767414397327,0,18.57956,True,True,1.430511474609375e-06
2610,49.936116011987906,0,18.384503,True,True,1.430511474609375e-06
2611,49.9545699779992,0,18.392466,True,True,1.430511474609375e-06
2612,49.97329886199441,0,18.679551,True,True,1.430511474609375e-06
2613,49.99166590900859,0,18.319956,True,True,1.430511474609375e-06
2614,50.010090979980305,0,18.363442,True,True,1.430511474609375e-06
2615,50.02842429798329,0,18.281777,True,True,1.430511474609375e-06
2616,50.04694876197027,0,18.472491,True,True,1.430511474609375e-06
2617,50.06540295900777,0,18.404326,True,True,1.430511474609375e-06
2618,50.08378650597297,0,18.327709,True,True,1.430511474609375e-06
2619,50.1022332420107,0,18.392327,True,True,1.430511474609375e-06
2620,50.120721153973136,0,18.433771,True,True,1.430511474609375e-06
2621,50.13915228197584,0,18.342205,True,True,1.430511474609375e-06
2622,50.15775168500841,0,18.537685,True,True,1.430511474609375e-06
2623,50.17606742097996,0,18.261462,True,True,1.430511474609375e-06
2624,50.19437384296907,0,18.259538,True,True,1.430511474609375e-06
2625,50.21329662197968,0,18.874035,True,True,1.430511474609375e-06
2626,50.231595724995714,0,18.252867,True,True,1.430511474609375e-06
2627,50.25011507095769,0,18.476351,True,True,1.430511474609375e-06
2628,50.268369188008364,0,18.202814,True,True,1.430511474609375e-06
2629,50.28688669897383,0,18.471376,True,True,1.430511474609375e-06
2630,50.31486520799808,0,27.933316,True,True,1.430511474609375e-06
2631,50.33368531498127,0,18.745423,True,True,1.430511474609375e-06
2632,50.35224739398109,0,18.502485,True,True,1.430511474609375e-06
2633,50.370589022990316,0,18.289245,True,True,1.430511474609375e-06
2634,50.38898931996664,0,18.3491,True,True,1.430511474609375e-06
2635,50.40753878100077,0,18.494087,True,True,1.430511474609375e-06
2636,50.42594503599685,0,18.353606,True,True,1.430511474609375e-06
2637,50.44430099497549,0,18.310137,True,True,1.430511474609375e-06
2638,50.46283451595809,0,18.482275,True,True,1.430511474609375e-06
2639,50.48136789596174,0,18.479214,True,True,1.430511474609375e-06
2640,50.49974136298988,0,18.315209,True,True,1.430511474609375e-06
2641,50.524618891009595,0,24.81791,True,True,1.430511474609375e-06
2642,50.54771242698189,0,22.981093,True,True,1.430511474609375e-06
2643,50.56663865497103,0,18.845607,True,True,1.430511474609375e-06
2644,50.585110048006754,0,18.406775,True,True,1.430511474609375e-06
2645,50.603437960962765,0,18.271544,True,True,1.430511474609375e-06
2646,50.62178263900569,0,18.290164,True,True,1.430511474609375e-06
2647,50.640133554989006,0,18.303651,True,True,1.430511474609375e-06
2648,50.65842304896796,0,18.239011,True,True,1.430511474609375e-06
2649,50.67674135201378,0,18.274448,True,True,1.430511474609375e-06
2650,50.69545833097072,0,18.669711,True,True,1.430511474609375e-06
2651,50.71384614496492,0,18.339146,True,True,1.430511474609375e-06
2652,50.73227462096838,0,18.383721,True,True,1.430511474609375e-06
2653,50.750667692977004,0,18.347731,True,True,1.430511474609375e-06
2654,50.76929707499221,0,18.574148,True,True,1.430511474609375e-06
2655,50.78766531398287,0,18.313906,True,True,1.430511474609375e-06
2656,50.80603274900932,0,18.30972,True,True,1.430511474609375e-06
2657,50.82442194200121,0,18.34492,True,True,1.430511474609375e-06
2658,50.842891289968975,0,18.419734,True,True,1.430511474609375e-06
2659,50.86125075200107,0,18.312361,True,True,1.430511474609375e-06
2660,50.879665891989134,0,18.367739,True,True,1.430511474609375e-06
2661,50.89810012897942,0,18.388249,True,True,1.430511474609375e-06
2662,50.91651842696592,0,18.347241,True,True,1.430511474609375e-06
2663,50.935032392968424,0,18.453877,True,True,1.430511474609375e-06
2664,50.95334110996919,0,18.255922,True,True,1.430511474609375e-06
2665,50.971651043975726,0,18.260266,True,True,1.430511474609375e-06
2666,50.9906735830009,0,18.97118,True,True,1.430511474609375e-06
2667,51.00915834598709,0,18.431991,True,True,1.430511474609375e-06
2668,51.02756344596855,0,18.353424,True,True,1.430511474609375e-06
2669,51.0460222089896,0,18.406806,True,True,1.430511474609375e-06
2670,51.06441090197768,0,18.340137,True,True,1.430511474609375e-06
2671,51.08259746298427,0,18.133832,True,True,1.430511474609375e-06
2672,51.101030023011845,0,18.378188,True,True,1.430511474609375e-06
2673,51.11944391595898,0,18.363204,True,True,1.430511474609375e-06
2674,51.147637864982244,0,28.144514,True,True,1.430511474609375e-06
2675,51.166586057981476,0,18.863882,True,True,1.430511474609375e-06
2676,51.18498580896994,0,18.341863,True,True,1.430511474609375e-06
2677,51.20331225398695,0,18.272862,True,True,1.430511474609375e-06
2678,51.22232894797344,0,18.96938,True,True,1.430511474609375e-06
2679,51.24068579101004,0,18.312274,True,True,1.430511474609375e-06
2680,51.25916973897256,0,18.43674,True,True,1.430511474609375e-06
2681,51.27755567897111,0,18.341543,True,True,1.430511474609375e-06
2682,51.296620331006125,0,19.016844,True,True,1.430511474609375e-06
2683,51.31504859495908,0,18.381256,True,True,1.430511474609375e-06
2684,51.333393586974125,0,18.299126,True,True,1.430511474609375e-06
2685,51.35178847797215,0,18.343477,True,True,1.430511474609375e-06
2686,51.369918738957494,0,18.085266,True,True,1.430511474609375e-06
2687,51.388370611995924,0,18.40457,True,True,1.430511474609375e-06
2688,51.407006660010666,0,18.583572,True,True,1.430511474609375e-06
2689,51.42509970697574,0,18.036499,True,True,1.430511474609375e-06
2690,51.44345398998121,0,18.30514,True,True,1.430511474609375e-06
2691,51.46166820899816,0,18.162355,True,True,1.430511474609375e-06
2692,51.480122287990525,0,18.404909,True,True,1.430511474609375e-06
2693,51.49859849800123,0,18.416876,True,True,1.430511474609375e-06
2694,51.520527070970275,0,21.866359,True,True,1.430511474609375e-06
2695,51.547651642991696,0,26.992824,True,True,1.430511474609375e-06
2696,51.56625523796538,0,18.512099,True,True,1.430511474609375e-06
2697,51.584807515959255,0,18.490027,True,True,1.430511474609375e-06
2698,51.60345196799608,0,18.583061,True,True,1.430511474609375e-06
2699,51.62199187400984,0,18.487293,True,True,1.430511474609375e-06
2700,51.640650735993404,0,18.605522,True,True,1.430511474609375e-06
2701,51.659243651956785,0,18.476476,True,True,1.430511474609375e-06
2702,51.678298777958844,0,18.984576,True,True,1.430511474609375e-06
2703,51.69673825998325,0,18.387116,True,True,1.430511474609375e-06
2704,51.71508682798594,0,18.301349,True,True,1.430511474609375e-06
2705,51.73346588999266,0,18.328013,True,True,1.430511474609375e-06
2706,51.75198455399368,0,18.469873,True,True,1.430511474609375e-06
2707,51.770423387002666,0,18.379961,True,True,1.430511474609375e-06
2708,51.78886834898731,0,18.392608,True,True,1.430511474609375e-06
2709,51.80736682895804,0,18.440735,True,True,1.430511474609375e-06
2710,51.82577470695833,0,18.361301,True,True,1.430511474609375e-06
2711,51.844299495976884,0,18.470779,True,True,1.430511474609375e-06
2712,51.86331929999869,0,18.963889,True,True,1.430511474609375e-06
2713,51.88161935796961,0,18.255963,True,True,1.430511474609375e-06
2714,51.9000637329882,0,18.395549,True,True,1.430511474609375e-06
2715,51.918417806969956,0,18.288407,True,True,1.430511474609375e-06
2716,51.93671021895716,0,18.221365,True,True,1.430511474609375e-06
2717,51.95493800996337,0,18.16173,True,True,1.430511474609375e-06
2718,51.98293702700175,0,27.951741,True,True,1.430511474609375e-06
2719,52.00165448099142,0,18.631689,True,True,1.430511474609375e-06
2720,52.01996855996549,0,18.245792,True,True,1.430511474609375e-06
2721,52.03830417798599,0,18.278193,True,True,1.430511474609375e-06
2722,52.05682324600639,0,18.465423,True,True,1.430511474609375e-06
2723,52.07502940198174,0,18.155183,True,True,1.430511474609375e-06
2724,52.093238689994905,0,18.152287,True,True,1.430511474609375e-06
2725,52.11159633996431,0,18.310809,True,True,1.430511474609375e-06
2726,52.13002898095874,0,18.378834,True,True,1.430511474609375e-06
2727,52.148508270969614,0,18.425659,True,True,1.430511474609375e-06
2728,52.16709444799926,0,18.53937,True,True,1.430511474609375e-06
2729,52.18542845395859,0,18.28126,True,True,1.430511474609375e-06
2730,52.2038018470048,0,18.321884,True,True,1.430511474609375e-06
2731,52.222580084984656,0,18.731945,True,True,1.430511474609375e-06
2732,52.240950609964784,0,18.328439,True,True,1.430511474609375e-06
2733,52.25948106497526,0,18.486209,True,True,1.430511474609375e-06
2734,52.27783862501383,0,18.310972,True,True,1.430511474609375e-06
2735,52.296373247983865,0,18.489999,True,True,1.430511474609375e-06
2736,52.31467487197369,0,18.255615,True,True,1.430511474609375e-06
2737,52.33303476095898,0,18.313624,True,True,1.430511474609375e-06
2738,52.35203926399117,0,18.953447,True,True,1.430511474609375e-06
2739,52.370430662005674,0,18.346152,True,True,1.430511474609375e-06
2740,52.38885550800478,0,18.36948,True,True,1.430511474609375e-06
2741,52.40727596200304,0,18.370598,True,True,1.430511474609375e-06
2742,52.42570759297814,0,18.3791,True,True,1.430511474609375e-06
2743,52.44418630801374,0,18.432,True,True,1.430511474609375e-06
2744,52.46262438996928,0,18.386375,True,True,1.430511474609375e-06
2745,52.481171899009496,0,18.498676,True,True,1.430511474609375e-06
2746,52.499542901001405,0,18.306681,True,True,1.430511474609375e-06
2747,52.52139000897296,0,21.790119,True,True,1.430511474609375e-06
2748,52.55953156098258,0,38.045407,True,True,1.430511474609375e-06
2749,52.578434810973704,0,18.768578,True,True,1.430511474609375e-06
2750,52.59702121996088,0,18.509309,True,True,1.430511474609375e-06
2751,52.615408696990926,0,18.321466,True,True,1.430511474609375e-06
2752,52.633925164001994,0,18.460302,True,True,1.430511474609375e-06
2753,52.65221082500648,0,18.23529,True,True,1.430511474609375e-06
2754,52.670577184995636,0,18.319939,True,True,1.430511474609375e-06
2755,52.688639717991464,0,18.014074,True,True,1.430511474609375e-06
2756,52.706932208966464,0,18.245739,True,True,1.430511474609375e-06
2757,52.72567854996305,0,18.644383,True,True,1.430511474609375e-06
2758,52.74403737101238,0,18.29268,True,True,1.430511474609375e-06
2759,52.76262010098435,0,18.529314,True,True,1.430511474609375e-06
2760,52.78139081498375,0,18.707797,True,True,1.430511474609375e-06
2761,52.79982233699411,0,18.377897,True,True,1.430511474609375e-06
2762,52.81828822696116,0,18.418629,True,True,1.430511474609375e-06
2763,52.83698537200689,0,18.638489,True,True,1.430511474609375e-06
2764,52.856284012959804,0,19.229331,True,True,1.430511474609375e-06
2765,52.87472918495769,0,18.363405,True,True,1.430511474609375e-06
2766,52.8932814639993,0,18.496025,True,True,1.430511474609375e-06
2767,52.911956494965125,0,18.608193,True,True,1.430511474609375e-06
2768,52.93041505297879,0,18.378685,True,True,1.430511474609375e-06
2769,52.94927969301352,0,18.812358,True,True,1.430511474609375e-06
2770,52.96832707000431,0,18.991847,True,True,1.430511474609375e-06
2771,52.98675808898406,0,18.382545,True,True,1.430511474609375e-06
2772,53.00516384199727,0,18.339364,True,True,1.430511474609375e-06
2773,53.02371765195858,0,18.499193,True,True,1.430511474609375e-06
2774,53.04289123095805,0,19.11785,True,True,1.430511474609375e-06
2775,53.06121845997404,0,18.278759,True,True,1.430511474609375e-06
2776,53.07976259698626,0,18.491373,True,True,1.430511474609375e-06
2777,53.09867416199995,0,18.834964,True,True,1.430511474609375e-06
2778,53.117083426972385,0,18.357169,True,True,1.430511474609375e-06
2779,53.1354985559592,0,18.366892,True,True,1.430511474609375e-06
2780,53.154525841004215,0,18.970734,True,True,1.430511474609375e-06
2781,53.17296506999992,0,18.386276,True,True,1.430511474609375e-06
2782,53.19128368695965,0,18.274731,True,True,1.430511474609375e-06
2783,53.20981902797939,0,18.488358,True,True,1.430511474609375e-06
2784,53.22835289896466,0,18.474111,True,True,1.430511474609375e-06
2785,53.24745956296101,0,19.057725,True,True,1.430511474609375e-06
2786,53.26589719200274,0,18.385929,True,True,1.430511474609375e-06
2787,53.28466538497014,0,18.718637,True,True,1.430511474609375e-06
2788,53.3031247020117,0,18.415916,True,True,1.430511474609375e-06
2789,53.32152801397024,0,18.356501,True,True,1.430511474609375e-06
2790,53.34020939597394,0,18.634057,True,True,1.430511474609375e-06
2791,53.35895895899739,0,18.697093,True,True,1.430511474609375e-06
2792,53.377318814978935,0,18.310417,True,True,1.430511474609375e-06
2793,53.39579506695736,0,18.426884,True,True,1.430511474609375e-06
2794,53.41458356298972,0,18.728465,True,True,1.430511474609375e-06
2795,53.432941614009906,0,18.310305,True,True,1.430511474609375e-06
2796,53.451869968965184,0,18.876153,True,True,1.430511474609375e-06
2797,53.47030992497457,0,18.385638,True,True,1.430511474609375e-06
2798,53.48890011297772,0,18.537489,True,True,1.430511474609375e-06
2799,53.507356377958786,0,18.409054,True,True,1.430511474609375e-06
2800,53.548213039990515,0,40.80514,True,True,1.430511474609375e-06
2801,53.567092666984536,0,18.741633,True,True,1.430511474609375e-06
2802,53.585698823968414,0,18.526885,True,True,1.430511474609375e-06
2803,53.60430897399783,0,18.521972,True,True,1.430511474609375e-06
2804,53.622840166965034,0,18.476219,True,True,1.430511474609375e-06
2805,53.641722810978536,0,18.828006,True,True,1.430511474609375e-06
2806,53.660161397012416,0,18.384321,True,True,1.430511474609375e-06
2807,53.678543260961305,0,18.332511,True,True,1.430511474609375e-06
2808,53.6969459259999,0,18.350803,True,True,1.430511474609375e-06
2809,53.71553511696402,0,18.531936,True,True,1.430511474609375e-06
2810,53.73397353099426,0,18.385805,True,True,1.430511474609375e-06
2811,53.75312349200249,0,19.098624,True,True,1.430511474609375e-06
2812,53.77212524297647,0,18.934701,True,True,1.430511474609375e-06
2813,53.79059398797108,0,18.408109,True,True,1.430511474609375e-06
2814,53.809230113984086,0,18.583452,True,True,1.430511474609375e-06
2815,53.82818251097342,0,18.859437,True,True,1.430511474609375e-06
2816,53.847562879964244,0,19.276991,True,True,1.430511474609375e-06
2817,53.86605242697988,0,18.424826,True,True,1.430511474609375e-06
2818,53.884484723967034,0,18.378412,True,True,1.430511474609375e-06
2819,53.913040279003326,0,28.507308,True,True,1.430511474609375e-06
2820,53.931841094978154,0,18.709444,True,True,1.430511474609375e-06
2821,53.951130161993206,0,19.194637,True,True,1.430511474609375e-06
2822,53.96975193097023,0,18.521373,True,True,1.430511474609375e-06
2823,53.98825299699092,0,18.433658,True,True,1.430511474609375e-06
2824,54.00739956100006,0,19.088624,True,True,1.430511474609375e-06
2825,54.02581130200997,0,18.349461,True,True,1.430511474609375e-06
2826,54.044374015007634,0,18.503995,True,True,1.430511474609375e-06
2827,54.06281373696402,0,18.389711,True,True,1.430511474609375e-06
2828,54.08152396598598,0,18.635368,True,True,1.430511474609375e-06
2829,54.100379969982896,0,18.796447,True,True,1.430511474609375e-06
2830,54.11880417796783,0,18.372183,True,True,1.430511474609375e-06
2831,54.137686858011875,0,18.833631,True,True,1.430511474609375e-06
2832,54.155981182004325,0,18.24103,True,True,1.430511474609375e-06
2833,54.174293913005386,0,18.267881,True,True,1.430511474609375e-06
2834,54.19268158398336,0,18.345812,True,True,1.430511474609375e-06
2835,54.21199495496694,0,19.266816,True,True,1.430511474609375e-06
2836,54.23039299400989,0,18.350135,True,True,1.430511474609375e-06
2837,54.24875931296265,0,18.317594,True,True,1.430511474609375e-06
2838,54.267094128008466,0,18.291516,True,True,1.430511474609375e-06
2839,54.28564457996981,0,18.497361,True,True,1.430511474609375e-06
2840,54.30458264896879,0,18.892349,True,True,1.430511474609375e-06
2841,54.322889681963716,0,18.260353,True,True,1.430511474609375e-06
2842,54.341132660978474,0,18.196857,True,True,1.430511474609375e-06
2843,54.359480643994175,0,18.292416,True,True,1.430511474609375e-06
2844,54.37792429100955,0,18.391432,True,True,1.430511474609375e-06
2845,54.3962860640022,0,18.308106,True,True,1.430511474609375e-06
2846,54.41483700601384,0,18.502264,True,True,1.430511474609375e-06
2847,54.43369115598034,0,18.799414,True,True,1.430511474609375e-06
2848,54.45224875799613,0,18.500918,True,True,1.430511474609375e-06
2849,54.47063284198521,0,18.331125,True,True,1.430511474609375e-06
2850,54.48917815799359,0,18.460075,True,True,1.430511474609375e-06
2851,54.508062420005444,0,18.823241,True,True,1.430511474609375e-06
2852,54.537692123965826,0,29.567088,True,True,1.430511474609375e-06
2853,54.567531267006416,0,29.731703,True,True,1.430511474609375e-06
2854,54.58681421895744,0,19.174101,True,True,1.430511474609375e-06
2855,54.60575084097218,0,18.869132,True,True,1.430511474609375e-06
2856,54.62416014197515,0,18.350429,True,True,1.430511474609375e-06
2857,54.64253386197379,0,18.325457,True,True,1.430511474609375e-06
2858,54.661173922999296,0,18.590154,True,True,1.430511474609375e-06
2859,54.67958282097243,0,18.35856,True,True,1.430511474609375e-06
2860,54.69880173896672,0,19.151656,True,True,1.430511474609375e-06
2861,54.71763839595951,0,18.768419,True,True,1.430511474609375e-06
2862,54.736022270983085,0,18.334356,True,True,1.430511474609375e-06
2863,54.754331225994974,0,18.258594,True,True,1.430511474609375e-06
2864,54.772727119969204,0,18.339502,True,True,1.430511474609375e-06
2865,54.79139619396301,0,18.605472,True,True,1.430511474609375e-06
2866,54.81028548697941,0,18.832565,True,True,1.430511474609375e-06
2867,54.82874125801027,0,18.403018,True,True,1.430511474609375e-06
2868,54.84748190495884,0,18.685971,True,True,1.430511474609375e-06
2869,54.86588433600264,0,18.350708,True,True,1.430511474609375e-06
2870,54.88428953697439,0,18.353045,True,True,1.430511474609375e-06
2871,54.90350216097431,0,19.159032,True,True,1.430511474609375e-06
2872,54.92211156897247,0,18.543022,True,True,1.430511474609375e-06
2873,54.940516319009475,0,18.355481,True,True,1.430511474609375e-06
2874,54.95896160096163,0,18.393772,True,True,1.430511474609375e-06
2875,54.97742724296404,0,18.417061,True,True,1.430511474609375e-06
2876,54.99624367500655,0,18.769019,True,True,1.430511474609375e-06
2877,55.0147375339875,0,18.435337,True,True,1.430511474609375e-06
2878,55.033549157960806,0,18.762352,True,True,1.430511474609375e-06
2879,55.05200431699632,0,18.400265,True,True,1.430511474609375e-06
2880,55.070302011969034,0,18.247546,True,True,1.430511474609375e-06
2881,55.088662739959545,0,18.306715,True,True,1.430511474609375e-06
2882,55.10760969197145,0,18.888504,True,True,1.430511474609375e-06
2883,55.12613108399091,0,18.473413,True,True,1.430511474609375e-06
2884,55.14458979998017,0,18.410188,True,True,1.430511474609375e-06
2885,55.16311446100008,0,18.469699,True,True,1.430511474609375e-06
2886,55.181451240961906,0,18.278401,True,True,1.430511474609375e-06
2887,55.19989283796167,0,18.39348,True,True,1.430511474609375e-06
2888,55.218144790967926,0,18.204379,True,True,1.430511474609375e-06
2889,55.23657515796367,0,18.385113,True,True,1.430511474609375e-06
2890,55.254642284009606,0,18.021364,True,True,1.430511474609375e-06
2891,55.27295611100271,0,18.269865,True,True,1.430511474609375e-06
2892,55.2912076410139,0,18.211088,True,True,1.430511474609375e-06
2893,55.30992176401196,0,18.672729,True,True,1.430511474609375e-06
2894,55.32847938296618,0,18.515504,True,True,1.430511474609375e-06
2895,55.34697654400952,0,18.452982,True,True,1.430511474609375e-06
2896,55.36547589499969,0,18.436339,True,True,1.430511474609375e-06
2897,55.38396377599565,0,18.429415,True,True,1.430511474609375e-06
2898,55.403069379972294,0,19.049904,True,True,1.430511474609375e-06
2899,55.42155777500011,0,18.435315,True,True,1.430511474609375e-06
2900,55.43994929798646,0,18.348783,True,True,1.430511474609375e-06
2901,55.45849856501445,0,18.498642,True,True,1.430511474609375e-06
2902,55.47668886097381,0,18.146509,True,True,1.430511474609375e-06
2903,55.49570318299811,0,18.959687,True,True,1.430511474609375e-06
2904,55.51653631700901,0,20.772153,True,True,1.430511474609375e-06
2905,55.542880980996415,0,26.290012,True,True,1.430511474609375e-06
2906,55.57202322996454,0,29.021823,True,True,1.430511474609375e-06
2907,55.60224926099181,0,30.112244,True,True,1.430511474609375e-06
2908,55.62083630799316,0,18.499949,True,True,1.430511474609375e-06
2909,55.63945288897958,0,18.556389,True,True,1.430511474609375e-06
2910,55.65818715898786,0,18.683242,True,True,1.430511474609375e-06
2911,55.67702887800988,0,18.795084,True,True,1.430511474609375e-06
2912,55.69549121399177,0,18.411895,True,True,1.430511474609375e-06
2913,55.713903829979245,0,18.365275,True,True,1.430511474609375e-06
2914,55.732567111961544,0,18.614025,True,True,1.430511474609375e-06
2915,55.75095459999284,0,18.341698,True,True,1.430511474609375e-06
2916,55.76935814798344,0,18.35745,True,True,1.430511474609375e-06
2917,55.788898984959815,0,19.478964,True,True,1.430511474609375e-06
2918,55.80741941696033,0,18.461706,True,True,1.430511474609375e-06
2919,55.82586544496007,0,18.398714,True,True,1.430511474609375e-06
2920,55.84447520697722,0,18.544947,True,True,1.430511474609375e-06
2921,55.86305252701277,0,18.521643,True,True,1.430511474609375e-06
2922,55.88188560097478,0,18.778845,True,True,1.430511474609375e-06
2923,55.900422729959246,0,18.474336,True,True,1.430511474609375e-06
2924,55.919351011980325,0,18.846563,True,True,1.430511474609375e-06
2925,55.93776796199381,0,18.363306,True,True,1.430511474609375e-06
2926,55.956183217000216,0,18.368992,True,True,1.430511474609375e-06
2927,55.97454916097922,0,18.319495,True,True,1.430511474609375e-06
2928,55.99313297000481,0,18.538714,True,True,1.430511474609375e-06
2929,56.01154525997117,0,18.360185,True,True,1.430511474609375e-06
2930,56.02996571199037,0,18.370803,True,True,1.430511474609375e-06
2931,56.048567947000265,0,18.559122,True,True,1.430511474609375e-06
2932,56.06694080599118,0,18.327219,True,True,1.430511474609375e-06
2933,56.085900267004035,0,18.910428,True,True,1.430511474609375e-06
2934,56.10509154800093,0,19.129839,True,True,1.430511474609375e-06
2935,56.12344483996276,0,18.30084,True,True,1.430511474609375e-06
2936,56.14189271698706,0,18.396581,True,True,1.430511474609375e-06
2937,56.16036371799419,0,18.422553,True,True,1.430511474609375e-06
2938,56.17934189096559,0,18.932666,True,True,1.430511474609375e-06
2939,56.19787778996397,0,18.487894,True,True,1.430511474609375e-06
2940,56.21613080200041,0,18.201433,True,True,1.430511474609375e-06
2941,56.24118927400559,0,25.011232,True,True,1.430511474609375e-06
2942,56.26274289097637,0,21.472444,True,True,1.430511474609375e-06
2943,56.28173111501383,0,18.928501,True,True,1.430511474609375e-06
2944,56.30019323196029,0,18.411892,True,True,1.430511474609375e-06
2945,56.318584408960305,0,18.345735,True,True,1.430511474609375e-06
2946,56.33753641101066,0,18.904799,True,True,1.430511474609375e-06
2947,56.355963328969665,0,18.367818,True,True,1.430511474609375e-06
2948,56.37454794096993,0,18.536349,True,True,1.430511474609375e-06
2949,56.40096892899601,0,26.342152,True,True,1.430511474609375e-06
2950,56.419452309957705,0,18.413599,True,True,1.430511474609375e-06
2951,56.437687986996025,0,18.180275,True,True,1.430511474609375e-06
2952,56.45586903899675,0,18.129234,True,True,1.430511474609375e-06
2953,56.47434633196099,0,18.423164,True,True,1.430511474609375e-06
2954,56.49345527600963,0,19.057379,True,True,1.430511474609375e-06
2955,56.51455658697523,0,20.984353,True,True,1.430511474609375e-06
2956,56.540919379971456,0,26.255481,True,True,1.430511474609375e-06
2957,56.572459449991584,0,31.441414,True,True,1.430511474609375e-06
2958,56.59170685999561,0,19.133545,True,True,1.430511474609375e-06
2959,56.61055577197112,0,18.777443,True,True,1.430511474609375e-06
2960,56.62939063797239,0,18.729812,True,True,1.430511474609375e-06
2961,56.64801125600934,0,18.530856,True,True,1.430511474609375e-06
2962,56.66635418898659,0,18.287558,True,True,1.430511474609375e-06
2963,56.68535185797373,0,18.94975,True,True,1.430511474609375e-06
2964,56.70365242398111,0,18.248401,True,True,1.430511474609375e-06
2965,56.72200040699681,0,18.304762,True,True,1.430511474609375e-06
2966,56.74056418001419,0,18.515933,True,True,1.430511474609375e-06
2967,56.758789683983196,0,18.176138,True,True,1.430511474609375e-06
2968,56.777221428987104,0,18.376293,True,True,1.430511474609375e-06
2969,56.79564913298236,0,18.373526,True,True,1.430511474609375e-06
2970,56.813994052005,0,18.290152,True,True,1.430511474609375e-06
2971,56.83233087696135,0,18.289604,True,True,1.430511474609375e-06
2972,56.850835106975865,0,18.448179,True,True,1.430511474609375e-06
2973,56.8690317569999,0,18.141551,True,True,1.430511474609375e-06
2974,56.88800080597866,0,18.921568,True,True,1.430511474609375e-06
2975,56.91726978600491,0,29.219672,True,True,1.430511474609375e-06
2976,56.93624260899378,0,18.863541,True,True,1.430511474609375e-06
2977,56.95477926399326,0,18.471509,True,True,1.430511474609375e-06
2978,56.97337176295696,0,18.536223,True,True,1.430511474609375e-06
2979,56.991735528979916,0,18.304703,True,True,1.430511474609375e-06
2980,57.01110477000475,0,19.315083,True,True,1.430511474609375e-06
2981,57.02955258497968,0,18.380387,True,True,1.430511474609375e-06
2982,57.04803996998817,0,18.433092,True,True,1.430511474609375e-06
2983,57.066692993976176,0,18.599194,True,True,1.430511474609375e-06
2984,57.08512552100001,0,18.382479,True,True,1.430511474609375e-06
2985,57.10398221795913,0,18.792374,True,True,1.430511474609375e-06
2986,57.12251822499093,0,18.474718,True,True,1.430511474609375e-06
2987,57.140779459965415,0,18.209536,True,True,1.430511474609375e-06
2988,57.15902419795748,0,18.191256,True,True,1.430511474609375e-06
2989,57.17749291099608,0,18.420791,True,True,1.430511474609375e-06
2990,57.19607505999738,0,18.53181,True,True,1.430511474609375e-06
2991,57.21440023201285,0,18.274162,True,True,1.430511474609375e-06
2992,57.23337239300599,0,18.927371,True,True,1.430511474609375e-06
2993,57.25150100997416,0,18.080704,True,True,1.430511474609375e-06
2994,57.26968924998073,0,18.140979,True,True,1.430511474609375e-06
2995,57.28788534901105,0,18.149354,True,True,1.430511474609375e-06
2996,57.30647000001045,0,18.542583,True,True,1.430511474609375e-06
2997,57.32530513795791,0,18.791744,True,True,1.430511474609375e-06
2998,57.343688044988085,0,18.340204,True,True,1.430511474609375e-06
2999,57.36193508701399,0,18.191881,True,True,1.430511474609375e-06
3000,57.38019702897873,0,18.210089,True,True,1.430511474609375e-06
3001,57.39903080597287,0,18.766909,True,True,1.430511474609375e-06
3002,57.41741427499801,0,18.330445,True,True,1.430511474609375e-06
3003,57.436190533975605,0,18.721965,True,True,1.430511474609375e-06
3004,57.45468893699581,0,18.437464,True,True,1.430511474609375e-06
3005,57.473053472000174,0,18.315883,True,True,1.430511474609375e-06
3006,57.49140137201175,0,18.29257,True,True,1.430511474609375e-06
3007,57.51008537900634,0,18.629991,True,True,1.430511474609375e-06
3008,57.53980214695912,0,29.660207,True,True,1.430511474609375e-06
3009,57.55854143196484,0,18.636038,True,True,1.430511474609375e-06
3010,57.58824008295778,0,29.626915,True,True,1.430511474609375e-06
3011,57.606948094966356,0,18.604434,True,True,1.430511474609375e-06
3012,57.62557193997782,0,18.554385,True,True,1.430511474609375e-06
3013,57.64397634897614,0,18.330102,True,True,1.430511474609375e-06
3014,57.66222810099134,0,18.198654,True,True,1.430511474609375e-06
3015,57.68048010196071,0,18.204424,True,True,1.430511474609375e-06
3016,57.69864957296522,0,18.122706,True,True,1.430511474609375e-06
3017,57.71681663399795,0,18.117428,True,True,1.430511474609375e-06
3018,57.74440450198017,0,27.542158,True,True,1.430511474609375e-06
3019,57.76293607597472,0,18.448888,True,True,1.430511474609375e-06
3020,57.78146500396542,0,18.46755,True,True,1.430511474609375e-06
3021,57.79999743797816,0,18.469805,True,True,1.430511474609375e-06
3022,57.8184170529712,0,18.368405,True,True,1.430511474609375e-06
3023,57.83700650196988,0,18.538737,True,True,1.430511474609375e-06
3024,57.85550351196434,0,18.426322,True,True,1.430511474609375e-06
3025,57.873918491008226,0,18.354736,True,True,1.430511474609375e-06
3026,57.8925723489956,0,18.60333,True,True,1.430511474609375e-06
3027,57.917659667960834,0,25.034007,True,True,1.430511474609375e-06
3028,57.93624457495753,0,18.504453,True,True,1.430511474609375e-06
3029,57.955086959002074,0,18.790579,True,True,1.430511474609375e-06
3030,57.973465277988,0,18.322857,True,True,1.430511474609375e-06
3031,57.992005074978806,0,18.486541,True,True,1.430511474609375e-06
3032,58.010417755984236,0,18.356978,True,True,1.430511474609375e-06
3033,58.029022449976765,0,18.540456,True,True,1.430511474609375e-06
3034,58.047278637008276,0,18.205709,True,True,1.430511474609375e-06
3035,58.0656233659829,0,18.291257,True,True,1.430511474609375e-06
3036,58.084056223975495,0,18.384561,True,True,1.430511474609375e-06
3037,58.10219945397694,0,18.086975,True,True,1.430511474609375e-06
3038,58.120598854962736,0,18.34845,True,True,1.430511474609375e-06
3039,58.139014237967785,0,18.362806,True,True,1.430511474609375e-06
3040,58.157481716014445,0,18.409765,True,True,1.430511474609375e-06
3041,58.17590993596241,0,18.378451,True,True,1.430511474609375e-06
3042,58.19426433701301,0,18.303115,True,True,1.430511474609375e-06
3043,58.21247476799181,0,18.157765,True,True,1.430511474609375e-06
3044,58.230991682969034,0,18.464046,True,True,1.430511474609375e-06
3045,58.24938806996215,0,18.344334,True,True,1.430511474609375e-06
3046,58.26777541596675,0,18.340057,True,True,1.430511474609375e-06
3047,58.28656219597906,0,18.73947,True,True,1.430511474609375e-06
3048,58.304846278973855,0,18.241647,True,True,1.430511474609375e-06
3049,58.32317792996764,0,18.289478,True,True,1.430511474609375e-06
3050,58.34160976001294,0,18.386007,True,True,1.430511474609375e-06
3051,58.36003336799331,0,18.373438,True,True,1.430511474609375e-06
3052,58.3782877229969,0,18.2039,True,True,1.430511474609375e-06
3053,58.39730101497844,0,18.961162,True,True,1.430511474609375e-06
3054,58.41568815900246,0,18.331258,True,True,1.430511474609375e-06
3055,58.434014722006395,0,18.279704,True,True,1.430511474609375e-06
3056,58.4525253289612,0,18.458896,True,True,1.430511474609375e-06
3057,58.471178689971566,0,18.568848,True,True,1.430511474609375e-06
3058,58.48960101901321,0,18.357696,True,True,1.430511474609375e-06
3059,58.508026357972994,0,18.373615,True,True,1.430511474609375e-06
3060,58.536950654990505,0,28.874279,True,True,1.430511474609375e-06
3061,58.55724136601202,0,20.183574,True,True,1.430511474609375e-06
3062,58.597995159972925,0,40.680224,True,True,1.430511474609375e-06
3063,58.61678238597233,0,18.650932,True,True,1.430511474609375e-06
3064,58.63530827296199,0,18.452149,True,True,1.430511474609375e-06
3065,58.65411897096783,0,18.750142,True,True,1.430511474609375e-06
3066,58.67243013298139,0,18.254619,True,True,1.430511474609375e-06
3067,58.6908884869772,0,18.401924,True,True,1.430511474609375e-06
3068,58.70916352799395,0,18.215387,True,True,1.430511474609375e-06
3069,58.72748899896396,0,18.277031,True,True,1.430511474609375e-06
3070,58.745825644989964,0,18.289085,True,True,1.430511474609375e-06
3071,58.76430120400619,0,18.426794,True,True,1.430511474609375e-06
3072,58.78272153699072,0,18.365977,True,True,1.430511474609375e-06
3073,58.80119879898848,0,18.40129,True,True,1.430511474609375e-06
3074,58.81976175500313,0,18.5076,True,True,1.430511474609375e-06
3075,58.83817244798411,0,18.356532,True,True,1.430511474609375e-06
3076,58.8570185189601,0,18.789802,True,True,1.430511474609375e-06
3077,58.87559132697061,0,18.459918,True,True,1.430511474609375e-06
3078,58.89415765501326,0,18.504598,True,True,1.430511474609375e-06
3079,58.91278843401233,0,18.551892,True,True,1.430511474609375e-06
3080,58.931304421974346,0,18.448571,True,True,1.430511474609375e-06
3081,58.949545659997966,0,18.187884,True,True,1.430511474609375e-06
3082,58.96800754399737,0,18.408056,True,True,1.430511474609375e-06
3083,58.9868986979709,0,18.799142,True,True,1.430511474609375e-06
3084,59.00544792000437,0,18.433442,True,True,1.430511474609375e-06
3085,59.024132661987096,0,18.612675,True,True,1.430511474609375e-06
3086,59.042625533009414,0,18.434789,True,True,1.430511474609375e-06
3087,59.060957162990235,0,18.285688,True,True,1.430511474609375e-06
3088,59.07943125499878,0,18.427929,True,True,1.430511474609375e-06
3089,59.09781370201381,0,18.331483,True,True,1.430511474609375e-06
3090,59.11618711898336,0,18.32165,True,True,1.430511474609375e-06
3091,59.13466131698806,0,18.427441,True,True,1.430511474609375e-06
3092,59.15303721098462,0,18.327517,True,True,1.430511474609375e-06
3093,59.17151042196201,0,18.411707,True,True,1.430511474609375e-06
3094,59.18992152798455,0,18.361338,True,True,1.430511474609375e-06
3095,59.20835413900204,0,18.382951,True,True,1.430511474609375e-06
3096,59.22665354597848,0,18.253241,True,True,1.430511474609375e-06
3097,59.24501925898949,0,18.315681,True,True,1.430511474609375e-06
3098,59.26322527497541,0,18.159693,True,True,1.430511474609375e-06
3099,59.28153926099185,0,18.26772,True,True,1.430511474609375e-06
3100,59.29999428597512,0,18.408741,True,True,1.430511474609375e-06
3101,59.31842808396323,0,18.389572,True,True,1.430511474609375e-06
3102,59.33681586000603,0,18.344492,True,True,1.430511474609375e-06
3103,59.355251341999974,0,18.383387,True,True,1.430511474609375e-06
3104,59.37365000596037,0,18.349892,True,True,1.430511474609375e-06
3105,59.39220467797713,0,18.497351,True,True,1.430511474609375e-06
3106,59.41075732797617,0,18.496579,True,True,1.430511474609375e-06
3107,59.42917207296705,0,18.354933,True,True,1.430511474609375e-06
3108,59.44752663798863,0,18.307568,True,True,1.430511474609375e-06
3109,59.4663475889829,0,18.765731,True,True,1.430511474609375e-06
3110,59.484806341002695,0,18.403963,True,True,1.430511474609375e-06
3111,59.50311976100784,0,18.264141,True,True,1.430511474609375e-06
3112,59.533190908958204,0,30.019737,True,True,1.430511474609375e-06
3113,59.55196547199739,0,18.660432,True,True,1.430511474609375e-06
3114,59.581989984959364,0,29.959595,True,True,1.430511474609375e-06
3115,59.60081347299274,0,18.71152,True,True,1.430511474609375e-06
3116,59.619246872956865,0,18.369236,True,True,1.430511474609375e-06
3117,59.637904841976706,0,18.610475,True,True,1.430511474609375e-06
3118,59.65625362796709,0,18.299002,True,True,1.430511474609375e-06
3119,59.674601048987824,0,18.300923,True,True,1.430511474609375e-06
3120,59.693012694013305,0,18.362807,True,True,1.430511474609375e-06
3121,59.71130736998748,0,18.242799,True,True,1.430511474609375e-06
3122,59.72979759197915,0,18.444135,True,True,1.430511474609375e-06
3123,59.74810346600134,0,18.254585,True,True,1.430511474609375e-06
3124,59.76673286501318,0,18.584779,True,True,1.430511474609375e-06
3125,59.7850925209932,0,18.303808,True,True,1.430511474609375e-06
3126,59.80317632498918,0,18.036154,True,True,1.430511474609375e-06
3127,59.82149375398876,0,18.271935,True,True,1.430511474609375e-06
3128,59.839843054011,0,18.306076,True,True,1.430511474609375e-06
3129,59.85801900201477,0,18.125031,True,True,1.430511474609375e-06
3130,59.87652816897025,0,18.460262,True,True,1.430511474609375e-06
3131,59.894659735960886,0,18.081065,True,True,1.430511474609375e-06
3132,59.91361570096342,0,18.88643,True,True,1.430511474609375e-06
3133,59.93213348201243,0,18.461086,True,True,1.430511474609375e-06
3134,59.95051413500914,0,18.327196,True,True,1.430511474609375e-06
3135,59.96900302096037,0,18.438653,True,True,1.430511474609375e-06
3136,59.9873427709681,0,18.295785,True,True,1.430511474609375e-06
3137,60.005749853968155,1,18.35571,True,True,1.430511474609375e-06
3138,60.031972550961655,1,26.165779,True,True,1.430511474609375e-06
3139,60.05065116100013,1,18.577852,True,True,1.430511474609375e-06
3140,60.06916721398011,1,18.452099,True,True,1.430511474609375e-06
3141,60.08768532000249,1,18.462939,True,True,1.430511474609375e-06
3142,60.10617562296102,1,18.42902,True,True,1.430511474609375e-06
3143,60.1243700979976,1,18.144403,True,True,1.430511474609375e-06
3144,60.14266544900602,1,18.24827,True,True,1.430511474609375e-06
3145,60.160821297962684,1,18.101352,True,True,1.430511474609375e-06
3146,60.17955105897272,1,18.680532,True,True,1.430511474609375e-06
3147,60.19791903998703,1,18.320796,True,True,1.430511474609375e-06
3148,60.21630936296424,1,18.341747,True,True,1.430511474609375e-06
3149,60.2347800770076,1,18.424552,True,True,1.430511474609375e-06
3150,60.25314156798413,1,18.313792,True,True,1.430511474609375e-06
3151,60.271482890995685,1,18.294687,True,True,1.430511474609375e-06
3152,60.28982097801054,1,18.295615,True,True,1.430511474609375e-06
3153,60.308304467995185,1,18.440558,True,True,1.430511474609375e-06
3154,60.32684192497982,1,18.490975,True,True,1.430511474609375e-06
3155,60.345310123986565,1,18.423153,True,True,1.430511474609375e-06
3156,60.36385242501274,1,18.493335,True,True,1.430511474609375e-06
3157,60.382288280001376,1,18.386663,True,True,1.430511474609375e-06
3158,60.40070076199481,1,18.35195,True,True,1.430511474609375e-06
3159,60.41955998499179,1,18.804813,True,True,1.430511474609375e-06
3160,60.437984153977595,1,18.374864,True,True,1.430511474609375e-06
3161,60.456433327984996,1,18.401041,True,True,1.430511474609375e-06
3162,60.47502850496676,1,18.548403,True,True,1.430511474609375e-06
3163,60.49352076998912,1,18.439107,True,True,1.430511474609375e-06
3164,60.532617027987726,1,39.014708,True,True,1.430511474609375e-06
3165,60.553126410988625,1,20.379143,True,True,1.430511474609375e-06
3166,60.57167928299168,1,18.475816,True,True,1.430511474609375e-06
3167,60.60005371196894,1,28.293179,True,True,1.430511474609375e-06
3168,60.62575077096699,1,25.583438,True,True,1.430511474609375e-06
3169,60.64430815697415,1,18.486462,True,True,1.430511474609375e-06
3170,60.6629669929971,1,18.600591,True,True,1.430511474609375e-06
3171,60.6814193619648,1,18.402076,True,True,1.430511474609375e-06
3172,60.69986212596996,1,18.381942,True,True,1.430511474609375e-06
3173,60.71865120099392,1,18.74344,True,True,1.430511474609375e-06
3174,60.736989881959744,1,18.289742,True,True,1.430511474609375e-06
3175,60.755311517976224,1,18.272975,True,True,1.430511474609375e-06
3176,60.773802812967915,1,18.446506,True,True,1.430511474609375e-06
3177,60.79222335899249,1,18.361726,True,True,1.430511474609375e-06
3178,60.810549494985025,1,18.279009,True,True,1.430511474609375e-06
3179,60.829055316979066,1,18.460954,True,True,1.430511474609375e-06
3180,60.847385808010586,1,18.277038,True,True,1.430511474609375e-06
3181,60.86580263497308,1,18.365158,True,True,1.430511474609375e-06
3182,60.88405438995687,1,18.20175,True,True,1.430511474609375e-06
3183,60.90227122500073,1,18.170202,True,True,1.430511474609375e-06
3184,60.92072565900162,1,18.377083,True,True,1.430511474609375e-06
3185,60.938902298978064,1,18.124777,True,True,1.430511474609375e-06
3186,60.95762443495914,1,18.672531,True,True,1.430511474609375e-06
3187,60.9759929139982,1,18.31362,True,True,1.430511474609375e-06
3188,60.99434132000897,1,18.303153,True,True,1.430511474609375e-06
3189,61.012871535960585,1,18.475564,True,True,1.430511474609375e-06
3190,61.03156257898081,1,18.62234,True,True,1.430511474609375e-06
3191,61.05025286000455,1,18.584678,True,True,1.430511474609375e-06
3192,61.06865161197493,1,18.34235,True,True,1.430511474609375e-06
3193,61.087101557990536,1,18.405852,True,True,1.430511474609375e-06
3194,61.10561782098375,1,18.462544,True,True,1.430511474609375e-06
3195,61.12402275996283,1,18.355321,True,True,1.430511474609375e-06
3196,61.14258664200315,1,18.513336,True,True,1.430511474609375e-06
3197,61.161136737966444,1,18.439612,True,True,1.430511474609375e-06
3198,61.179771217983216,1,18.558702,True,True,1.430511474609375e-06
3199,61.198246593005024,1,18.423262,True,True,1.430511474609375e-06
3200,61.21754497999791,1,19.251017,True,True,1.430511474609375e-06
3201,61.23962773598032,1,22.023663,True,True,1.430511474609375e-06
3202,61.25800071796402,1,18.322168,True,True,1.430511474609375e-06
3203,61.27646793500753,1,18.415246,True,True,1.430511474609375e-06
3204,61.29493251896929,1,18.417389,True,True,1.430511474609375e-06
3205,61.313148398010526,1,18.170762,True,True,1.430511474609375e-06
3206,61.33130155998515,1,18.110657,True,True,1.430511474609375e-06
3207,61.349601906957105,1,18.248954,True,True,1.430511474609375e-06
3208,61.36800753197167,1,18.352677,True,True,1.430511474609375e-06
3209,61.38633687701076,1,18.280884,True,True,1.430511474609375e-06
3210,61.40474661998451,1,18.359173,True,True,1.430511474609375e-06
3211,61.423090244003106,1,18.298724,True,True,1.430511474609375e-06
3212,61.44137390499236,1,18.241139,True,True,1.430511474609375e-06
3213,61.459937474981416,1,18.516334,True,True,1.430511474609375e-06
3214,61.47821152297547,1,18.229064,True,True,1.430511474609375e-06
3215,61.49637155898381,1,18.110423,True,True,1.430511474609375e-06
3216,61.51817731501069,1,21.748939,True,True,1.430511474609375e-06
3217,61.54501427296782,1,26.723662,True,True,1.430511474609375e-06
3218,61.56382301996928,1,18.71625,True,True,1.430511474609375e-06
3219,61.58574075996876,1,21.851008,True,True,1.430511474609375e-06
3220,61.6123092409689,1,26.450911,True,True,1.430511474609375e-06
3221,61.630723772977944,1,18.329482,True,True,1.430511474609375e-06
3222,61.64911453099921,1,18.329723,True,True,1.430511474609375e-06
3223,61.667247119010426,1,18.081389,True,True,1.430511474609375e-06
3224,61.68548164301319,1,18.186628,True,True,1.430511474609375e-06
3225,61.703822001989465,1,18.296192,True,True,1.430511474609375e-06
3226,61.72211093798978,1,18.244222,True,True,1.430511474609375e-06
3227,61.740475110011175,1,18.319834,True,True,1.430511474609375e-06
3228,61.75888132001273,1,18.358263,True,True,1.430511474609375e-06
3229,61.77738606900675,1,18.456882,True,True,1.430511474609375e-06
3230,61.7960982240038,1,18.601432,True,True,1.430511474609375e-06
3231,61.81607190397335,1,19.906731,True,True,1.430511474609375e-06
3232,61.83787345100427,1,21.712856,True,True,1.430511474609375e-06
3233,61.85704665101366,1,19.061222,True,True,1.430511474609375e-06
3234,61.87597965699388,1,18.818451,True,True,1.430511474609375e-06
3235,61.8947196030058,1,18.656456,True,True,1.430511474609375e-06
3236,61.91357945697382,1,18.770671,True,True,1.430511474609375e-06
3237,61.93218154000351,1,18.498014,True,True,1.430511474609375e-06
3238,61.95064953598194,1,18.393564,True,True,1.430511474609375e-06
3239,61.969160392996855,1,18.443778,True,True,1.430511474609375e-06
3240,61.987558277964126,1,18.340703,True,True,1.430511474609375e-06
3241,62.006008110998664,1,18.391429,True,True,1.430511474609375e-06
3242,62.024563720973674,1,18.49769,True,True,1.430511474609375e-06
3243,62.04313830897445,1,18.509344,True,True,1.430511474609375e-06
3244,62.06157215998974,1,18.377072,True,True,1.430511474609375e-06
3245,62.079987814009655,1,18.353699,True,True,1.430511474609375e-06
3246,62.09860689699417,1,18.556657,True,True,1.430511474609375e-06
3247,62.11705979699036,1,18.391227,True,True,1.430511474609375e-06
3248,62.13555532798637,1,18.440451,True,True,1.430511474609375e-06
3249,62.154567268968094,1,18.93668,True,True,1.430511474609375e-06
3250,62.173148569010664,1,18.510911,True,True,1.430511474609375e-06
3251,62.20174038497498,1,28.51282,True,True,1.430511474609375e-06
3252,62.22057824098738,1,18.750294,True,True,1.430511474609375e-06
3253,62.2390205989941,1,18.375064,True,True,1.430511474609375e-06
3254,62.257443666982,1,18.359887,True,True,1.430511474609375e-06
3255,62.27595909999218,1,18.459644,True,True,1.430511474609375e-06
3256,62.29441443999531,1,18.390138,True,True,1.430511474609375e-06
3257,62.31273677700665,1,18.266516,True,True,1.430511474609375e-06
3258,62.33120537200011,1,18.406195,True,True,1.430511474609375e-06
3259,62.34966533497209,1,18.401238,True,True,1.430511474609375e-06
3260,62.36817865195917,1,18.429768,True,True,1.430511474609375e-06
3261,62.38693969300948,1,18.696401,True,True,1.430511474609375e-06
3262,62.4053065989865,1,18.299484,True,True,1.430511474609375e-06
3263,62.42948209197493,1,24.122406,True,True,1.430511474609375e-06
3264,62.44812733901199,1,18.575413,True,True,1.430511474609375e-06
3265,62.46656084700953,1,18.377056,True,True,1.430511474609375e-06
3266,62.48518651397899,1,18.555307,True,True,1.430511474609375e-06
3267,62.50375671801157,1,18.499131,True,True,1.430511474609375e-06
3268,62.531964113004506,1,28.140003,True,True,1.430511474609375e-06
3269,62.55246656195959,1,20.385358,True,True,1.430511474609375e-06
3270,62.571014410990756,1,18.459888,True,True,1.430511474609375e-06
3271,62.59966905496549,1,28.580887,True,True,1.430511474609375e-06
3272,62.61996069201268,1,20.172518,True,True,1.430511474609375e-06
3273,62.63845215301262,1,18.411334,True,True,1.430511474609375e-06
3274,62.657107261999045,1,18.591322,True,True,1.430511474609375e-06
3275,62.675468757981434,1,18.30534,True,True,1.430511474609375e-06
3276,62.69366365700262,1,18.136342,True,True,1.430511474609375e-06
3277,62.7119068299653,1,18.187935,True,True,1.430511474609375e-06
3278,62.73030028596986,1,18.297927,True,True,1.430511474609375e-06
3279,62.74852134595858,1,18.144833,True,True,1.430511474609375e-06
3280,62.766715242003556,1,18.13342,True,True,1.430511474609375e-06
3281,62.78552669601049,1,18.746605,True,True,1.430511474609375e-06
3282,62.80397733900463,1,18.380551,True,True,1.430511474609375e-06
3283,62.82225178997032,1,18.208382,True,True,1.430511474609375e-06
3284,62.85030310897855,1,27.993175,True,True,1.430511474609375e-06
3285,62.86938804195961,1,18.985328,True,True,1.430511474609375e-06
3286,62.887861426977906,1,18.403847,True,True,1.430511474609375e-06
3287,62.90635844395729,1,18.436702,True,True,1.430511474609375e-06
3288,62.924824758956674,1,18.389673,True,True,1.430511474609375e-06
3289,62.94341299700318,1,18.523952,True,True,1.430511474609375e-06
3290,62.96214550896548,1,18.668302,True,True,1.430511474609375e-06
3291,62.98063181695761,1,18.414796,True,True,1.430511474609375e-06
3292,62.999244036967866,1,18.553362,True,True,1.430511474609375e-06
3293,63.02034246199764,1,21.006849,True,True,1.430511474609375e-06
3294,63.04261404497083,1,22.195364,True,True,1.430511474609375e-06
3295,63.061101433995645,1,18.425439,True,True,1.430511474609375e-06
3296,63.07947925396729,1,18.31688,True,True,1.430511474609375e-06
3297,63.09802060900256,1,18.473473,True,True,1.430511474609375e-06
3298,63.11629637499573,1,18.217904,True,True,1.430511474609375e-06
3299,63.13475277199177,1,18.401539,True,True,1.430511474609375e-06
3300,63.15310314297676,1,18.29811,True,True,1.430511474609375e-06
3301,63.171522056974936,1,18.356713,True,True,1.430511474609375e-06
3302,63.19009665498743,1,18.518153,True,True,1.430511474609375e-06
3303,63.20853850297863,1,18.383292,True,True,1.430511474609375e-06
3304,63.22707123297732,1,18.46297,True,True,1.430511474609375e-06
3305,63.24539056001231,1,18.267882,True,True,1.430511474609375e-06
3306,63.263901213998906,1,18.460522,True,True,1.430511474609375e-06
3307,63.282427947968245,1,18.471171,True,True,1.430511474609375e-06
3308,63.30076069396455,1,18.28,True,True,1.430511474609375e-06
3309,63.31921626400435,1,18.395718,True,True,1.430511474609375e-06
3310,63.33769801596645,1,18.43451,True,True,1.430511474609375e-06
3311,63.356404029007535,1,18.627191,True,True,1.430511474609375e-06
3312,63.37499470997136,1,18.489627,True,True,1.430511474609375e-06
3313,63.393540893972386,1,18.475351,True,True,1.430511474609375e-06
3314,63.41204830497736,1,18.446599,True,True,1.430511474609375e-06
3315,63.43041989201447,1,18.307756,True,True,1.430511474609375e-06
3316,63.449207541008946,1,18.722352,True,True,1.430511474609375e-06
3317,63.46800881496165,1,18.738709,True,True,1.430511474609375e-06
3318,63.486673882987816,1,18.55107,True,True,1.430511474609375e-06
3319,63.51528841099935,1,28.536779,True,True,1.430511474609375e-06
3320,63.54607295797905,1,30.667402,True,True,1.430511474609375e-06
3321,63.56500188796781,1,18.827538,True,True,1.430511474609375e-06
3322,63.583615334006026,1,18.534763,True,True,1.430511474609375e-06
3323,63.612064482003916,1,28.37108,True,True,1.430511474609375e-06
3324,63.637676123995334,1,25.500616,True,True,1.430511474609375e-06
3325,63.656708772003185,1,18.954823,True,True,1.430511474609375e-06
3326,63.67526375997113,1,18.491801,True,True,1.430511474609375e-06
3327,63.69363891100511,1,18.323585,True,True,1.430511474609375e-06
3328,63.71219721698435,1,18.495663,True,True,1.430511474609375e-06
3329,63.7307970529655,1,18.544304,True,True,1.430511474609375e-06
3330,63.74920736200875,1,18.348634,True,True,1.430511474609375e-06
3331,63.76773563196184,1,18.471455,True,True,1.430511474609375e-06
3332,63.78623075899668,1,18.430405,True,True,1.430511474609375e-06
3333,63.80447329697199,1,18.177805,True,True,1.430511474609375e-06
3334,63.8229062060127,1,18.371392,True,True,1.430511474609375e-06
3335,63.84150506800506,1,18.534716,True,True,1.430511474609375e-06
3336,63.859868599975016,1,18.298745,True,True,1.430511474609375e-06
3337,63.87815209897235,1,18.222342,True,True,1.430511474609375e-06
3338,63.89671443996485,1,18.502159,True,True,1.430511474609375e-06
3339,63.91533442499349,1,18.539464,True,True,1.430511474609375e-06
3340,63.93378409795696,1,18.365673,True,True,1.430511474609375e-06
3341,63.95229253999423,1,18.43839,True,True,1.430511474609375e-06
3342,63.97073616198031,1,18.367075,True,True,1.430511474609375e-06
3343,63.98893346899422,1,18.132096,True,True,1.430511474609375e-06
3344,64.0073362760013,1,18.338126,True,True,1.430511474609375e-06
3345,64.02566978195682,1,18.254931,True,True,1.430511474609375e-06
3346,64.04386676300783,1,18.12566,True,True,1.430511474609375e-06
3347,64.06246479897527,1,18.529875,True,True,1.430511474609375e-06
3348,64.08088238397613,1,18.344507,True,True,1.430511474609375e-06
3349,64.09926512598759,1,18.314847,True,True,1.430511474609375e-06
3350,64.11779433797346,1,18.458777,True,True,1.430511474609375e-06
3351,64.13621596700978,1,18.353868,True,True,1.430511474609375e-06
3352,64.15442929498386,1,18.145562,True,True,1.430511474609375e-06
3353,64.17266688600648,1,18.165284,True,True,1.430511474609375e-06
3354,64.19082114100456,1,18.091336,True,True,1.430511474609375e-06
3355,64.2090066850069,1,18.122038,True,True,1.430511474609375e-06
3356,64.23108949000016,1,22.018698,True,True,1.430511474609375e-06
3357,64.24955759500153,1,18.394222,True,True,1.430511474609375e-06
3358,64.26803271297831,1,18.410224,True,True,1.430511474609375e-06
3359,64.28648251399864,1,18.381654,True,True,1.430511474609375e-06
3360,64.30504087498412,1,18.489067,True,True,1.430511474609375e-06
3361,64.32334550196538,1,18.236788,True,True,1.430511474609375e-06
3362,64.34922706801444,1,25.814655,True,True,1.430511474609375e-06
3363,64.37150600401219,1,22.197316,True,True,1.430511474609375e-06
3364,64.3900971809635,1,18.514971,True,True,1.430511474609375e-06
3365,64.40859301498858,1,18.420388,True,True,1.430511474609375e-06
3366,64.42714299197542,1,18.474746,True,True,1.430511474609375e-06
3367,64.44556097697932,1,18.353902,True,True,1.430511474609375e-06
3368,64.4640213259845,1,18.396435,True,True,1.430511474609375e-06
3369,64.48248582100496,1,18.398584,True,True,1.430511474609375e-06
3370,64.5008907779702,1,18.336914,True,True,1.430511474609375e-06
3371,64.52894333796576,1,27.983133,True,True,1.430511474609375e-06
3372,64.54927408596268,1,20.212331,True,True,1.430511474609375e-06
3373,64.56790016399464,1,18.526233,True,True,1.430511474609375e-06
3374,64.58653854299337,1,18.561585,True,True,1.430511474609375e-06
3375,64.61480817897245,1,28.185798,True,True,1.430511474609375e-06
3376,64.63557722198311,1,20.647304,True,True,1.430511474609375e-06
3377,64.65411587600829,1,18.451353,True,True,1.430511474609375e-06
3378,64.67265293898527,1,18.466985,True,True,1.430511474609375e-06
3379,64.69086079898989,1,18.143928,True,True,1.430511474609375e-06
3380,64.70912193699041,1,18.197277,True,True,1.430511474609375e-06
3381,64.72760590998223,1,18.418524,True,True,1.430511474609375e-06
3382,64.74604372796603,1,18.366868,True,True,1.430511474609375e-06
3383,64.76442792697344,1,18.320621,True,True,1.430511474609375e-06
3384,64.7830387490103,1,18.53226,True,True,1.430511474609375e-06
3385,64.80142145301215,1,18.315703,True,True,1.430511474609375e-06
3386,64.82243755896343,1,20.949231,True,True,1.430511474609375e-06
3387,64.84396814997308,1,21.457649,True,True,1.430511474609375e-06
3388,64.86248232499929,1,18.43362,True,True,1.430511474609375e-06
3389,64.88089461997151,1,18.343823,True,True,1.430511474609375e-06
3390,64.89971506100846,1,18.750301,True,True,1.430511474609375e-06
3391,64.91827029600972,1,18.448793,True,True,1.430511474609375e-06
3392,64.93671415897552,1,18.361422,True,True,1.430511474609375e-06
3393,64.95519297895953,1,18.409942,True,True,1.430511474609375e-06
3394,64.97382026299601,1,18.560002,True,True,1.430511474609375e-06
3395,64.99227476597298,1,18.383675,True,True,1.430511474609375e-06
3396,65.01062882196857,1,18.290306,True,True,1.430511474609375e-06
3397,65.02924256998813,1,18.542093,True,True,1.430511474609375e-06
3398,65.04769234696869,1,18.38051,True,True,1.430511474609375e-06
3399,65.06583189498633,1,18.073445,True,True,1.430511474609375e-06
3400,65.08432780799922,1,18.427776,True,True,1.430511474609375e-06
3401,65.1027105349931,1,18.315296,True,True,1.430511474609375e-06
3402,65.1211327619967,1,18.35224,True,True,1.430511474609375e-06
3403,65.13960949500324,1,18.414656,True,True,1.430511474609375e-06
3404,65.15809774398804,1,18.427471,True,True,1.430511474609375e-06
3405,65.17914860200835,1,20.980931,True,True,1.430511474609375e-06
3406,65.20258921198547,1,23.364385,True,True,1.430511474609375e-06
3407,65.2241985250148,1,21.538057,True,True,1.430511474609375e-06
3408,65.24257644399768,1,18.305297,True,True,1.430511474609375e-06
3409,65.26124823797727,1,18.604568,True,True,1.430511474609375e-06
3410,65.27974541898584,1,18.429713,True,True,1.430511474609375e-06
3411,65.29811219900148,1,18.304391,True,True,1.430511474609375e-06
3412,65.31665285397321,1,18.474853,True,True,1.430511474609375e-06
3413,65.33488443098031,1,18.172071,True,True,1.430511474609375e-06
3414,65.35317208699416,1,18.219142,True,True,1.430511474609375e-06
3415,65.37186787300743,1,18.625559,True,True,1.430511474609375e-06
3416,65.39013027801411,1,18.190464,True,True,1.430511474609375e-06
3417,65.40839620196493,1,18.200209,True,True,1.430511474609375e-06
3418,65.43245343997842,1,23.987199,True,True,1.430511474609375e-06
3419,65.4511091579916,1,18.560562,True,True,1.430511474609375e-06
3420,65.46951893495861,1,18.339279,True,True,1.430511474609375e-06
3421,65.48776570201153,1,18.176694,True,True,1.430511474609375e-06
3422,65.50635239400435,1,18.514639,True,True,1.430511474609375e-06
3423,65.53575448598713,1,29.329012,True,True,1.430511474609375e-06
3424,65.55521537095774,1,19.340391,True,True,1.430511474609375e-06
3425,65.57378330198117,1,18.479149,True,True,1.430511474609375e-06
3426,65.59220926597482,1,18.348971,True,True,1.430511474609375e-06
3427,65.62062821601285,1,28.341098,True,True,1.430511474609375e-06
3428,65.64093632996082,1,20.189795,True,True,1.430511474609375e-06
3429,65.65951989096357,1,18.49883,True,True,1.430511474609375e-06
3430,65.6784096310148,1,18.818974,True,True,1.430511474609375e-06
3431,65.69679427699884,1,18.313752,True,True,1.430511474609375e-06
3432,65.71509395499015,1,18.232596,True,True,1.430511474609375e-06
3433,65.73352852399694,1,18.367211,True,True,1.430511474609375e-06
3434,65.75199991598492,1,18.398301,True,True,1.430511474609375e-06
3435,65.77030330896378,1,18.240314,True,True,1.430511474609375e-06
3436,65.7888487050077,1,18.478539,True,True,1.430511474609375e-06
3437,65.80726567498641,1,18.352749,True,True,1.430511474609375e-06
3438,65.82572344900109,1,18.390079,True,True,1.430511474609375e-06
3439,65.84429549699416,1,18.507457,True,True,1.430511474609375e-06
3440,65.8626434779726,1,18.27975,True,True,1.430511474609375e-06
3441,65.88113048201194,1,18.41433,True,True,1.430511474609375e-06
3442,65.89956648997031,1,18.371579,True,True,1.430511474609375e-06
3443,65.91812608001055,1,18.47589,True,True,1.430511474609375e-06
3444,65.93649708497105,1,18.296374,True,True,1.430511474609375e-06
3445,65.95488517195918,1,18.323746,True,True,1.430511474609375e-06
3446,65.97370968700852,1,18.752735,True,True,1.430511474609375e-06
3447,65.99473231501179,1,20.896339,True,True,1.430511474609375e-06
3448,66.01456305099418,1,19.702351,True,True,1.430511474609375e-06
3449,66.03946922096657,1,24.779649,True,True,1.430511474609375e-06
3450,66.06124522496248,1,21.653742,True,True,1.430511474609375e-06
3451,66.08001359197078,1,18.684646,True,True,1.430511474609375e-06
3452,66.0989327809657,1,18.835988,True,True,1.430511474609375e-06
3453,66.11733464198187,1,18.329404,True,True,1.430511474609375e-06
3454,66.13577782199718,1,18.372255,True,True,1.430511474609375e-06
3455,66.15419702499639,1,18.344876,True,True,1.430511474609375e-06
3456,66.17241138697136,1,18.14162,True,True,1.430511474609375e-06
3457,66.19064390100539,1,18.161487,True,True,1.430511474609375e-06
3458,66.20929483900545,1,18.577229,True,True,1.430511474609375e-06
3459,66.22749339899747,1,18.134165,True,True,1.430511474609375e-06
3460,66.24586076597916,1,18.295935,True,True,1.430511474609375e-06
3461,66.26426680898294,1,18.340684,True,True,1.430511474609375e-06
3462,66.28259834600613,1,18.263733,True,True,1.430511474609375e-06
3463,66.3009010470123,1,18.234704,True,True,1.430511474609375e-06
3464,66.31959652499063,1,18.631633,True,True,1.430511474609375e-06
3465,66.33827119698981,1,18.604028,True,True,1.430511474609375e-06
3466,66.3566671719891,1,18.325992,True,True,1.430511474609375e-06
3467,66.37507030897541,1,18.336457,True,True,1.430511474609375e-06
3468,66.39357995497994,1,18.43494,True,True,1.430511474609375e-06
3469,66.41191459796391,1,18.263467,True,True,1.430511474609375e-06
3470,66.430305966991,1,18.325188,True,True,1.430511474609375e-06
3471,66.44910024601268,1,18.723895,True,True,1.430511474609375e-06
3472,66.4675196929602,1,18.347185,True,True,1.430511474609375e-06
3473,66.48592595598893,1,18.342026,True,True,1.430511474609375e-06
3474,66.50460595596815,1,18.610369,True,True,1.430511474609375e-06
3475,66.53235682297964,1,27.67664,True,True,1.430511474609375e-06
3476,66.55323481897358,1,20.75712,True,True,1.430511474609375e-06
3477,66.57207621401176,1,18.721935,True,True,1.430511474609375e-06
3478,66.59060744900489,1,18.431384,True,True,1.430511474609375e-06
3479,66.60935068700928,1,18.664099,True,True,1.430511474609375e-06
3480,66.64244985097321,1,33.020106,True,True,1.430511474609375e-06
3481,66.66135191801004,1,18.749045,True,True,1.430511474609375e-06
3482,66.68017329799477,1,18.73066,True,True,1.430511474609375e-06
3483,66.69877428899053,1,18.485445,True,True,1.430511474609375e-06
3484,66.71778837800957,1,18.927715,True,True,1.430511474609375e-06
3485,66.73613967798883,1,18.274248,True,True,1.430511474609375e-06
3486,66.7545202029869,1,18.316481,True,True,1.430511474609375e-06
3487,66.77307628595736,1,18.488373,True,True,1.430511474609375e-06
3488,66.79129712097347,1,18.144244,True,True,1.430511474609375e-06
3489,66.80962720699608,1,18.240069,True,True,1.430511474609375e-06
3490,66.82791902497411,1,18.215072,True,True,1.430511474609375e-06
3491,66.84619177295826,1,18.197815,True,True,1.430511474609375e-06
3492,66.86492316797376,1,18.656195,True,True,1.430511474609375e-06
3493,66.88323237199802,1,18.235964,True,True,1.430511474609375e-06
3494,66.90176195697859,1,18.458108,True,True,1.430511474609375e-06
3495,66.92025702196406,1,18.407395,True,True,1.430511474609375e-06
3496,66.9390477379784,1,18.720046,True,True,1.430511474609375e-06
3497,66.95730656100204,1,18.191221,True,True,1.430511474609375e-06
3498,66.97571114398306,1,18.331506,True,True,1.430511474609375e-06
3499,66.99488211498829,1,19.084535,True,True,1.430511474609375e-06
3500,67.01331492897589,1,18.361695,True,True,1.430511474609375e-06
3501,67.03173761500511,1,18.335211,True,True,1.430511474609375e-06
3502,67.05013719497947,1,18.329756,True,True,1.430511474609375e-06
3503,67.06868808501167,1,18.477029,True,True,1.430511474609375e-06
3504,67.08695115399314,1,18.197145,True,True,1.430511474609375e-06
3505,67.10812935500871,1,21.088415,True,True,1.430511474609375e-06
3506,67.13402195496019,1,25.805117,True,True,1.430511474609375e-06
3507,67.15251777198864,1,18.413757,True,True,1.430511474609375e-06
3508,67.17156709800474,1,18.971292,True,True,1.430511474609375e-06
3509,67.19002015696606,1,18.38058,True,True,1.430511474609375e-06
3510,67.20848598796874,1,18.394915,True,True,1.430511474609375e-06
3511,67.23295678000432,1,24.401368,True,True,1.430511474609375e-06
3512,67.25141805497697,1,18.385878,True,True,1.430511474609375e-06
3513,67.26981512398925,1,18.328367,True,True,1.430511474609375e-06
3514,67.28811826900346,1,18.231276,True,True,1.430511474609375e-06
3515,67.3067315199878,1,18.549522,True,True,1.430511474609375e-06
3516,67.32505782897351,1,18.261962,True,True,1.430511474609375e-06
3517,67.34346227499191,1,18.341976,True,True,1.430511474609375e-06
3518,67.36250325699802,1,18.966034,True,True,1.430511474609375e-06
3519,67.38106451299973,1,18.490222,True,True,1.430511474609375e-06
3520,67.39964526996482,1,18.504076,True,True,1.430511474609375e-06
3521,67.41810185700888,1,18.382797,True,True,1.430511474609375e-06
3522,67.43665637797676,1,18.485108,True,True,1.430511474609375e-06
3523,67.45513804297661,1,18.412168,True,True,1.430511474609375e-06
3524,67.4735291780089,1,18.314326,True,True,1.430511474609375e-06
3525,67.49242106697056,1,18.819377,True,True,1.430511474609375e-06
3526,67.51083037798526,1,18.339863,True,True,1.430511474609375e-06
3527,67.5407448009937,1,29.836127,True,True,1.430511474609375e-06
3528,67.55940846097656,1,18.548315,True,True,1.430511474609375e-06
3529,67.57783668895718,1,18.341643,True,True,1.430511474609375e-06
3530,67.59635878796689,1,18.447679,True,True,1.430511474609375e-06
3531,67.61716763395816,1,20.727967,True,True,1.430511474609375e-06
3532,67.64500055200187,1,27.739529,True,True,1.430511474609375e-06
3533,67.66367298300611,1,18.582189,True,True,1.430511474609375e-06
3534,67.6820880289888,1,18.349018,True,True,1.430511474609375e-06
3535,67.7005499349907,1,18.40306,True,True,1.430511474609375e-06
3536,67.71903474297142,1,18.429874,True,True,1.430511474609375e-06
3537,67.73745354299899,1,18.366505,True,True,1.430511474609375e-06
3538,67.7559977999772,1,18.488754,True,True,1.430511474609375e-06
3539,67.77442071499536,1,18.36658,True,True,1.430511474609375e-06
3540,67.79305641097017,1,18.561829,True,True,1.430511474609375e-06
3541,67.81138088396983,1,18.258931,True,True,1.430511474609375e-06
3542,67.83438838197617,1,22.951855,True,True,1.430511474609375e-06
3543,67.85412732197437,1,19.676766,True,True,1.430511474609375e-06
3544,67.87281943700509,1,18.594094,True,True,1.430511474609375e-06
3545,67.89138947997708,1,18.506029,True,True,1.430511474609375e-06
3546,67.9102122230106,1,18.76152,True,True,1.430511474609375e-06
3547,67.92876647697994,1,18.459922,True,True,1.430511474609375e-06
3548,67.94764778396348,1,18.81773,True,True,1.430511474609375e-06
3549,67.96629533800296,1,18.581758,True,True,1.430511474609375e-06
3550,67.9847621289664,1,18.410023,True,True,1.430511474609375e-06
3551,68.00311987800524,1,18.30515,True,True,1.430511474609375e-06
3552,68.02153905300656,1,18.359912,True,True,1.430511474609375e-06
3553,68.03983597201295,1,18.241494,True,True,1.430511474609375e-06
3554,68.0586521459627,1,18.75709,True,True,1.430511474609375e-06
3555,68.0771832439932,1,18.466536,True,True,1.430511474609375e-06
3556,68.09564911801135,1,18.410157,True,True,1.430511474609375e-06
3557,68.11416841298342,1,18.453083,True,True,1.430511474609375e-06
3558,68.13281977595761,1,18.590936,True,True,1.430511474609375e-06
3559,68.15188312600367,1,19.007527,True,True,1.430511474609375e-06
3560,68.1703125310014,1,18.356183,True,True,1.430511474609375e-06
3561,68.18880768399686,1,18.430964,True,True,1.430511474609375e-06
3562,68.20721848297399,1,18.351177,True,True,1.430511474609375e-06
3563,68.2255569829722,1,18.281778,True,True,1.430511474609375e-06
3564,68.24442715296755,1,18.818144,True,True,1.430511474609375e-06
3565,68.26277917996049,1,18.283327,True,True,1.430511474609375e-06
3566,68.28101258800598,1,18.177425,True,True,1.430511474609375e-06
3567,68.29980942799011,1,18.741751,True,True,1.430511474609375e-06
3568,68.31816512701334,1,18.306002,True,True,1.430511474609375e-06
3569,68.33662152499892,1,18.403597,True,True,1.430511474609375e-06
3570,68.35562677198322,1,18.948758,True,True,1.430511474609375e-06
3571,68.37405437696725,1,18.364636,True,True,1.430511474609375e-06
3572,68.39247549400898,1,18.360035,True,True,1.430511474609375e-06
3573,68.41093507397454,1,18.405293,True,True,1.430511474609375e-06
3574,68.43323850800516,1,22.244453,True,True,1.430511474609375e-06
3575,68.45175121200737,1,18.436994,True,True,1.430511474609375e-06
3576,68.47060513601173,1,18.797756,True,True,1.430511474609375e-06
3577,68.48901740997098,1,18.357877,True,True,1.430511474609375e-06
3578,68.50747541896999,1,18.398731,True,True,1.430511474609375e-06
3579,68.53785990696633,1,30.323848,True,True,1.430511474609375e-06
3580,68.55671936896397,1,18.745386,True,True,1.430511474609375e-06
3581,68.57531244400889,1,18.519699,True,True,1.430511474609375e-06
3582,68.59372266801074,1,18.346831,True,True,1.430511474609375e-06
3583,68.61430867697345,1,20.524707,True,True,1.430511474609375e-06
3584,68.6417534709908,1,27.357926,True,True,1.430511474609375e-06
3585,68.6604633500101,1,18.616831,True,True,1.430511474609375e-06
3586,68.67885224497877,1,18.321816,True,True,1.430511474609375e-06
3587,68.6972414199845,1,18.333058,True,True,1.430511474609375e-06
3588,68.71575639996445,1,18.461454,True,True,1.430511474609375e-06
3589,68.73459052899852,1,18.783079,True,True,1.430511474609375e-06
3590,68.75303403800353,1,18.381513,True,True,1.430511474609375e-06
3591,68.77159663900966,1,18.509166,True,True,1.430511474609375e-06
3592,68.80040293600177,1,28.742246,True,True,1.430511474609375e-06
3593,68.81905396596994,1,18.545875,True,True,1.430511474609375e-06
3594,68.8376099189627,1,18.489796,True,True,1.430511474609375e-06
3595,68.85607568797423,1,18.40378,True,True,1.430511474609375e-06
3596,68.8746476600063,1,18.50157,True,True,1.430511474609375e-06
3597,68.89393339696107,1,19.221335,True,True,1.430511474609375e-06
3598,68.91264376899926,1,18.593336,True,True,1.430511474609375e-06
3599,68.93122379097622,1,18.501737,True,True,1.430511474609375e-06
3600,68.94963134196587,1,18.347909,True,True,1.430511474609375e-06
3601,68.96783226396656,1,18.145696,True,True,1.430511474609375e-06
3602,68.98694276501192,1,19.050936,True,True,1.430511474609375e-06
3603,69.00566764897667,1,18.670838,True,True,1.430511474609375e-06
3604,69.02451181400102,1,18.734482,True,True,1.430511474609375e-06
3605,69.04940035397885,1,24.789362,True,True,1.430511474609375e-06
3606,69.0680241289665,1,18.536965,True,True,1.430511474609375e-06
3607,69.08642388798762,1,18.334227,True,True,1.430511474609375e-06
3608,69.10491809499217,1,18.431953,True,True,1.430511474609375e-06
3609,69.12333568499889,1,18.359854,True,True,1.430511474609375e-06
3610,69.14236591599183,1,18.974972,True,True,1.430511474609375e-06
3611,69.16097553400323,1,18.554154,True,True,1.430511474609375e-06
3612,69.17927115201019,1,18.239151,True,True,1.430511474609375e-06
3613,69.19773827696918,1,18.41662,True,True,1.430511474609375e-06
3614,69.21614615496946,1,18.352478,True,True,1.430511474609375e-06
3615,69.23519286100054,1,18.995307,True,True,1.430511474609375e-06
3616,69.25340346299345,1,18.156747,True,True,1.430511474609375e-06
3617,69.27158492198214,1,18.127733,True,True,1.430511474609375e-06
3618,69.28977738297544,1,18.139258,True,True,1.430511474609375e-06
3619,69.30808689596597,1,18.25328,True,True,1.430511474609375e-06
3620,69.32640435401117,1,18.268825,True,True,1.430511474609375e-06
3621,69.34550549596315,1,19.046526,True,True,1.430511474609375e-06
3622,69.36401602398837,1,18.439415,True,True,1.430511474609375e-06
3623,69.38249744300265,1,18.422111,True,True,1.430511474609375e-06
3624,69.40074243099662,1,18.183828,True,True,1.430511474609375e-06
3625,69.41913276998093,1,18.338187,True,True,1.430511474609375e-06
3626,69.44084042496979,1,21.650705,True,True,1.430511474609375e-06
3627,69.46725933696143,1,26.330364,True,True,1.430511474609375e-06
3628,69.4863368269871,1,19.002161,True,True,1.430511474609375e-06
3629,69.50474448996829,1,18.349261,True,True,1.430511474609375e-06
3630,69.53432638198137,1,29.521372,True,True,1.430511474609375e-06
3631,69.55366330296965,1,19.220866,True,True,1.430511474609375e-06
3632,69.5722254840075,1,18.484606,True,True,1.430511474609375e-06
3633,69.59093573997961,1,18.648581,True,True,1.430511474609375e-06
3634,69.60937582998304,1,18.378355,True,True,1.430511474609375e-06
3635,69.63586197898258,1,26.425303,True,True,1.430511474609375e-06
3636,69.66284398495918,1,26.876672,True,True,1.430511474609375e-06
3637,69.68130690098042,1,18.37046,True,True,1.430511474609375e-06
3638,69.69983857596526,1,18.468809,True,True,1.430511474609375e-06
3639,69.71829767001327,1,18.402753,True,True,1.430511474609375e-06
3640,69.73745727201458,1,19.106474,True,True,1.430511474609375e-06
3641,69.75586361496244,1,18.350072,True,True,1.430511474609375e-06
3642,69.77401586296037,1,18.103997,True,True,1.430511474609375e-06
3643,69.79232748795766,1,18.253255,True,True,1.430511474609375e-06
3644,69.81088660896057,1,18.502177,True,True,1.430511474609375e-06
3645,69.82951278996188,1,18.576342,True,True,1.430511474609375e-06
3646,69.84790530399187,1,18.338205,True,True,1.430511474609375e-06
3647,69.86622955399798,1,18.26798,True,True,1.430511474609375e-06
3648,69.88443088601343,1,18.149654,True,True,1.430511474609375e-06
3649,69.9029223860125,1,18.436334,True,True,1.430511474609375e-06
3650,69.92125768697588,1,18.259289,True,True,1.430511474609375e-06
3651,69.94031738495687,1,18.998942,True,True,1.430511474609375e-06
3652,69.95889194798656,1,18.514868,True,True,1.430511474609375e-06
3653,69.97734941699309,1,18.392692,True,True,1.430511474609375e-06
3654,69.99586845800513,1,18.462662,True,True,1.430511474609375e-06
3655,70.0144618100021,1,18.5407,True,True,1.430511474609375e-06
3656,70.03323025500868,1,18.70587,True,True,1.430511474609375e-06
3657,70.0517746169935,1,18.476647,True,True,1.430511474609375e-06
3658,70.07024730200646,1,18.414717,True,True,1.430511474609375e-06
3659,70.08864261797862,1,18.343141,True,True,1.430511474609375e-06
3660,70.11729709000792,1,28.596416,True,True,1.430511474609375e-06
3661,70.13587156799622,1,18.474855,True,True,1.430511474609375e-06
3662,70.15460714197252,1,18.667257,True,True,1.430511474609375e-06
3663,70.1733239539899,1,18.645902,True,True,1.430511474609375e-06
3664,70.19180455198511,1,18.428716,True,True,1.430511474609375e-06
3665,70.21087046596222,1,18.995085,True,True,1.430511474609375e-06
3666,70.23547454696381,1,24.541828,True,True,1.430511474609375e-06
3667,70.25413889996707,1,18.597505,True,True,1.430511474609375e-06
3668,70.27257794595789,1,18.383777,True,True,1.430511474609375e-06
3669,70.29416220297571,1,21.52517,True,True,1.430511474609375e-06
3670,70.31625810300466,1,22.008669,True,True,1.430511474609375e-06
3671,70.33475119096693,1,18.420946,True,True,1.430511474609375e-06
3672,70.35314783500507,1,18.335835,True,True,1.430511474609375e-06
3673,70.3717091679573,1,18.50362,True,True,1.430511474609375e-06
3674,70.39027861697832,1,18.510435,True,True,1.430511474609375e-06
3675,70.40877966501284,1,18.436278,True,True,1.430511474609375e-06
3676,70.4274588089902,1,18.600123,True,True,1.430511474609375e-06
3677,70.44566181697883,1,18.139123,True,True,1.430511474609375e-06
3678,70.46417740697507,1,18.455201,True,True,1.430511474609375e-06
3679,70.48250331101008,1,18.269165,True,True,1.430511474609375e-06
3680,70.50112232996617,1,18.555659,True,True,1.430511474609375e-06
3681,70.52966884698253,1,28.476044,True,True,1.430511474609375e-06
3682,70.54937410599086,1,19.591575,True,True,1.430511474609375e-06
3683,70.56800488301087,1,18.549374,True,True,1.430511474609375e-06
3684,70.58737253700383,1,19.294759,True,True,1.430511474609375e-06
3685,70.60585926496424,1,18.419595,True,True,1.430511474609375e-06
3686,70.62436580698704,1,18.447736,True,True,1.430511474609375e-06
3687,70.65410127997166,1,29.675108,True,True,1.430511474609375e-06
3688,70.67275271797553,1,18.5412,True,True,1.430511474609375e-06
3689,70.6916962339892,1,18.876407,True,True,1.430511474609375e-06
3690,70.71020057599526,1,18.441964,True,True,1.430511474609375e-06
3691,70.72868972900324,1,18.437303,True,True,1.430511474609375e-06
3692,70.74718322698027,1,18.436165,True,True,1.430511474609375e-06
3693,70.76552599901333,1,18.28743,True,True,1.430511474609375e-06
3694,70.7844268559711,1,18.846017,True,True,1.430511474609375e-06
3695,70.80293817300117,1,18.443377,True,True,1.430511474609375e-06
3696,70.82137883501127,1,18.348615,True,True,1.430511474609375e-06
3697,70.84653524600435,1,25.092336,True,True,1.430511474609375e-06
3698,70.86510111496318,1,18.497526,True,True,1.430511474609375e-06
3699,70.8835469270125,1,18.389371,True,True,1.430511474609375e-06
3700,70.9022164149792,1,18.602971,True,True,1.430511474609375e-06
3701,70.92075309000211,1,18.45981,True,True,1.430511474609375e-06
3702,70.94204493198777,1,21.21609,True,True,1.430511474609375e-06
3703,70.96859620098257,1,26.46565,True,True,1.430511474609375e-06
3704,70.9871161020128,1,18.445836,True,True,1.430511474609375e-06
3705,71.00555357895792,1,18.378593,True,True,1.430511474609375e-06
3706,71.02424880297622,1,18.641654,True,True,1.430511474609375e-06
3707,71.04261677595787,1,18.315182,True,True,1.430511474609375e-06
3708,71.06095189601183,1,18.282624,True,True,1.430511474609375e-06
3709,71.07933554897318,1,18.329053,True,True,1.430511474609375e-06
3710,71.09776905400213,1,18.382104,True,True,1.430511474609375e-06
3711,71.1161754099885,1,18.344828,True,True,1.430511474609375e-06
3712,71.13474025495816,1,18.504551,True,True,1.430511474609375e-06
3713,71.15308334300062,1,18.290168,True,True,1.430511474609375e-06
3714,71.17147612199187,1,18.332931,True,True,1.430511474609375e-06
3715,71.18992566800443,1,18.393246,True,True,1.430511474609375e-06
3716,71.20803403598256,1,18.052956,True,True,1.430511474609375e-06
3717,71.226292671985,1,18.204761,True,True,1.430511474609375e-06
3718,71.24458110897103,1,18.238174,True,True,1.430511474609375e-06
3719,71.26299404195743,1,18.361571,True,True,1.430511474609375e-06
3720,71.28128249000292,1,18.239524,True,True,1.430511474609375e-06
3721,71.29964172799373,1,18.30733,True,True,1.430511474609375e-06
3722,71.31807006296003,1,18.375009,True,True,1.430511474609375e-06
3723,71.33636978798313,1,18.251244,True,True,1.430511474609375e-06
3724,71.35507166897878,1,18.643633,True,True,1.430511474609375e-06
3725,71.37355668999953,1,18.431901,True,True,1.430511474609375e-06
3726,71.39185138698667,1,18.240866,True,True,1.430511474609375e-06
3727,71.41012539999792,1,18.220472,True,True,1.430511474609375e-06
3728,71.42885923298309,1,18.67772,True,True,1.430511474609375e-06
3729,71.447310782969,1,18.392047,True,True,1.430511474609375e-06
3730,71.46561099699466,1,18.239353,True,True,1.430511474609375e-06
3731,71.48407921701437,1,18.41433,True,True,1.430511474609375e-06
3732,71.50249989196891,1,18.362677,True,True,1.430511474609375e-06
3733,71.53241536696441,1,29.852962,True,True,1.430511474609375e-06
3734,71.55127017799532,1,18.741216,True,True,1.430511474609375e-06
3735,71.56999968696618,1,18.649557,True,True,1.430511474609375e-06
3736,71.58883920201333,1,18.724541,True,True,1.430511474609375e-06
3737,71.60728633595863,1,18.373377,True,True,1.430511474609375e-06
3738,71.6256743199774,1,18.332436,True,True,1.430511474609375e-06
3739,71.65590713900747,1,30.17571,True,True,1.430511474609375e-06
3740,71.67458568996517,1,18.570985,True,True,1.430511474609375e-06
3741,71.69343774497975,1,18.773635,True,True,1.430511474609375e-06
3742,71.71220322197769,1,18.663211,True,True,1.430511474609375e-06
3743,71.73076085100183,1,18.48407,True,True,1.430511474609375e-06
3744,71.74906976701459,1,18.24808,True,True,1.430511474609375e-06
3745,71.76735344500048,1,18.223902,True,True,1.430511474609375e-06
3746,71.79272241098806,1,25.311728,True,True,1.430511474609375e-06
3747,71.8142723289784,1,21.456659,True,True,1.430511474609375e-06
3748,71.8329630229855,1,18.622746,True,True,1.430511474609375e-06
3749,71.85147350496845,1,18.452636,True,True,1.430511474609375e-06
3750,71.87001249700552,1,18.457224,True,True,1.430511474609375e-06
3751,71.88896737399045,1,18.891803,True,True,1.430511474609375e-06
3752,71.90740974998334,1,18.385654,True,True,1.430511474609375e-06
3753,71.92603135196259,1,18.540681,True,True,1.430511474609375e-06
3754,71.9445887740003,1,18.476816,True,True,1.430511474609375e-06
3755,71.96302362898132,1,18.376005,True,True,1.430511474609375e-06
3756,71.98142350197304,1,18.340565,True,True,1.430511474609375e-06
3757,71.99978314701002,1,18.299738,True,True,1.430511474609375e-06
3758,72.0180810209713,1,18.244114,True,True,1.430511474609375e-06
3759,72.03645393298939,1,18.311248,True,True,1.430511474609375e-06
3760,72.05489851598395,1,18.388068,True,True,1.430511474609375e-06
3761,72.07314090896398,1,18.181219,True,True,1.430511474609375e-06
3762,72.09200359595707,1,18.810178,True,True,1.430511474609375e-06
3763,72.11030523997033,1,18.240704,True,True,1.430511474609375e-06
3764,72.12842934799846,1,18.0684,True,True,1.430511474609375e-06
3765,72.14705985999899,1,18.578726,True,True,1.430511474609375e-06
3766,72.16529445699416,1,18.177643,True,True,1.430511474609375e-06
3767,72.18348856596276,1,18.136641,True,True,1.430511474609375e-06
3768,72.20183723501395,1,18.296013,True,True,1.430511474609375e-06
3769,72.21996255096747,1,18.07208,True,True,1.430511474609375e-06
3770,72.23887187900255,1,18.859102,True,True,1.430511474609375e-06
3771,72.25720210396685,1,18.282763,True,True,1.430511474609375e-06
3772,72.27572885697009,1,18.472944,True,True,1.430511474609375e-06
3773,72.29433705698466,1,18.510233,True,True,1.430511474609375e-06
3774,72.31276225100737,1,18.356357,True,True,1.430511474609375e-06
3775,72.33120660897112,1,18.390047,True,True,1.430511474609375e-06
3776,72.3496360820136,1,18.371032,True,True,1.430511474609375e-06
3777,72.36776676698355,1,18.078673,True,True,1.430511474609375e-06
3778,72.3860957439756,1,18.27322,True,True,1.430511474609375e-06
3779,72.40452549699694,1,18.370987,True,True,1.430511474609375e-06
3780,72.42266376398038,1,18.083116,True,True,1.430511474609375e-06
3781,72.44103071995778,1,18.31007,True,True,1.430511474609375e-06
3782,72.45956576400204,1,18.46377,True,True,1.430511474609375e-06
3783,72.47778797900537,1,18.161357,True,True,1.430511474609375e-06
3784,72.4962606879999,1,18.406348,True,True,1.430511474609375e-06
3785,72.51714366697706,1,20.819151,True,True,1.430511474609375e-06
3786,72.5451115629985,1,27.793701,True,True,1.430511474609375e-06
3787,72.56376241898397,1,18.551382,True,True,1.430511474609375e-06
3788,72.5822948339628,1,18.457561,True,True,1.430511474609375e-06
3789,72.60072431899607,1,18.360722,True,True,1.430511474609375e-06
3790,72.6190523210098,1,18.268338,True,True,1.430511474609375e-06
3791,72.63720553799067,1,18.097441,True,True,1.430511474609375e-06
3792,72.66658109397395,1,29.318021,True,True,1.430511474609375e-06
3793,72.68571066000732,1,19.021674,True,True,1.430511474609375e-06
3794,72.70422773098107,1,18.439291,True,True,1.430511474609375e-06
3795,72.72265788196819,1,18.369272,True,True,1.430511474609375e-06
3796,72.74104806198739,1,18.334566,True,True,1.430511474609375e-06
3797,72.75958860100945,1,18.486387,True,True,1.430511474609375e-06
3798,72.77779211796587,1,18.152824,True,True,1.430511474609375e-06
3799,72.79631625197362,1,18.45358,True,True,1.430511474609375e-06
3800,72.81466676300624,1,18.278805,True,True,1.430511474609375e-06
3801,72.8328567139688,1,18.13145,True,True,1.430511474609375e-06
3802,72.85131060000276,1,18.40121,True,True,1.430511474609375e-06
3803,72.86973880097503,1,18.366,True,True,1.430511474609375e-06
3804,72.88800400897162,1,18.209272,True,True,1.430511474609375e-06
3805,72.90643545798957,1,18.37964,True,True,1.430511474609375e-06
3806,72.92500356095843,1,18.493849,True,True,1.430511474609375e-06
3807,72.94333507696865,1,18.270215,True,True,1.430511474609375e-06
3808,72.96190091100289,1,18.510945,True,True,1.430511474609375e-06
3809,72.98032798495842,1,18.369804,True,True,1.430511474609375e-06
3810,72.99845450196881,1,18.072144,True,True,1.430511474609375e-06
3811,73.01673060801113,1,18.220972,True,True,1.430511474609375e-06
3812,73.03522151097422,1,18.436818,True,True,1.430511474609375e-06
3813,73.05353030498372,1,18.25249,True,True,1.430511474609375e-06
3814,73.07161370496033,1,18.032305,True,True,1.430511474609375e-06
3815,73.08979752397863,1,18.13364,True,True,1.430511474609375e-06
3816,73.10800646798452,1,18.152777,True,True,1.430511474609375e-06
3817,73.1267481870018,1,18.677464,True,True,1.430511474609375e-06
3818,73.14513470599195,1,18.330332,True,True,1.430511474609375e-06
3819,73.16348290198948,1,18.297614,True,True,1.430511474609375e-06
3820,73.18204884097213,1,18.51365,True,True,1.430511474609375e-06
3821,73.20035839098273,1,18.257165,True,True,1.430511474609375e-06
3822,73.21876059297938,1,18.347935,True,True,1.430511474609375e-06
3823,73.23686618596548,1,18.049627,True,True,1.430511474609375e-06
3824,73.25507183896843,1,18.152948,True,True,1.430511474609375e-06
3825,73.27350959397154,1,18.38939,True,True,1.430511474609375e-06
3826,73.29156072298065,1,18.001255,True,True,1.430511474609375e-06
3827,73.31000238400884,1,18.391958,True,True,1.430511474609375e-06
3828,73.32820113300113,1,18.145477,True,True,1.430511474609375e-06
3829,73.34656884800643,1,18.319771,True,True,1.430511474609375e-06
3830,73.36481399496552,1,18.187935,True,True,1.430511474609375e-06
3831,73.38295407401165,1,18.086698,True,True,1.430511474609375e-06
3832,73.4015285790083,1,18.516749,True,True,1.430511474609375e-06
3833,73.41967389901401,1,18.093724,True,True,1.430511474609375e-06
3834,73.43800445500528,1,18.277942,True,True,1.430511474609375e-06
3835,73.45633234799607,1,18.272024,True,True,1.430511474609375e-06
3836,73.47446953400504,1,18.082701,True,True,1.430511474609375e-06
3837,73.49316785496194,1,18.649404,True,True,1.430511474609375e-06
3838,73.5114707419998,1,18.243661,True,True,1.430511474609375e-06
3839,73.53963219898287,1,28.093534,True,True,1.430511474609375e-06
3840,73.5599109409959,1,20.17035,True,True,1.430511474609375e-06
3841,73.57839095796226,1,18.414002,True,True,1.430511474609375e-06
3842,73.59728344297037,1,18.829273,True,True,1.430511474609375e-06
3843,73.61561897600768,1,18.275412,True,True,1.430511474609375e-06
3844,73.63408428500406,1,18.41164,True,True,1.430511474609375e-06
3845,73.6633865009644,1,29.244742,True,True,1.430511474609375e-06
3846,73.6820544420043,1,18.560539,True,True,1.430511474609375e-06
3847,73.70314299501479,1,21.019299,True,True,1.430511474609375e-06
3848,73.72588807001011,1,22.670503,True,True,1.430511474609375e-06
3849,73.74756393401185,1,21.616081,True,True,1.430511474609375e-06
3850,73.76606476900633,1,18.433527,True,True,1.430511474609375e-06
3851,73.78453271696344,1,18.410705,True,True,1.430511474609375e-06
3852,73.8028961759992,1,18.304395,True,True,1.430511474609375e-06
3853,73.82135700801155,1,18.403672,True,True,1.430511474609375e-06
3854,73.83962540299399,1,18.210274,True,True,1.430511474609375e-06
3855,73.85792157496326,1,18.244193,True,True,1.430511474609375e-06
3856,73.87637355498737,1,18.391287,True,True,1.430511474609375e-06
3857,73.89481967297615,1,18.393217,True,True,1.430511474609375e-06
3858,73.91353563696612,1,18.626521,True,True,1.430511474609375e-06
3859,73.93232693796745,1,18.677782,True,True,1.430511474609375e-06
3860,73.9505619519623,1,18.162991,True,True,1.430511474609375e-06
3861,73.96874364698306,1,18.127196,True,True,1.430511474609375e-06
3862,73.98755751299905,1,18.758613,True,True,1.430511474609375e-06
3863,74.00593285699142,1,18.318583,True,True,1.430511474609375e-06
3864,74.02456947200699,1,18.581724,True,True,1.430511474609375e-06
3865,74.04327316500712,1,18.588735,True,True,1.430511474609375e-06
3866,74.06189174100291,1,18.532784,True,True,1.430511474609375e-06
3867,74.08023443695856,1,18.27036,True,True,1.430511474609375e-06
3868,74.09890150296269,1,18.598331,True,True,1.430511474609375e-06
3869,74.11747820698656,1,18.501879,True,True,1.430511474609375e-06
3870,74.13560518500162,1,18.056502,True,True,1.430511474609375e-06
3871,74.15400446398417,1,18.331642,True,True,1.430511474609375e-06
3872,74.17258212697925,1,18.505701,True,True,1.430511474609375e-06
3873,74.19090982095804,1,18.257847,True,True,1.430511474609375e-06
