iteration,elapsed_s,window_index,latency_ms,finite,correct,max_abs_error
1,0.04440442597842775,0,44.398923,True,True,1.430511474609375e-06
2,0.07652231198153459,0,31.962861,True,True,1.430511474609375e-06
3,0.10886994798784144,0,32.23311,True,True,1.430511474609375e-06
4,0.1500132399960421,0,41.029397,True,True,1.430511474609375e-06
5,0.1822399899829179,0,32.060551,True,True,1.430511474609375e-06
6,0.213513108988991,0,31.176531,True,True,1.430511474609375e-06
7,0.24539420497603714,0,31.803113,True,True,1.430511474609375e-06
8,0.2856492349819746,0,40.171165,True,True,1.430511474609375e-06
9,0.32689442799892277,0,41.123593,True,True,1.430511474609375e-06
10,0.359019356983481,0,32.003972,True,True,1.430511474609375e-06
11,0.3915132769907359,0,32.405179,True,True,1.430511474609375e-06
12,0.4116813589935191,0,20.07061,True,True,1.430511474609375e-06
13,0.42945889598922804,0,17.715385,True,True,1.430511474609375e-06
14,0.4476780899858568,0,18.167703,True,True,1.430511474609375e-06
15,0.4649568849999923,0,17.228779,True,True,1.430511474609375e-06
16,0.48261197499232367,0,17.602147,True,True,1.430511474609375e-06
17,0.4999371979793068,0,17.279421,True,True,1.430511474609375e-06
18,0.5172542590007652,0,17.274275,True,True,1.430511474609375e-06
19,0.534711521002464,0,17.408501,True,True,1.430511474609375e-06
20,0.5519273849786259,0,17.173943,True,True,1.430511474609375e-06
21,0.5691876209748443,0,17.215904,True,True,1.430511474609375e-06
22,0.5866246669902466,0,17.395037,True,True,1.430511474609375e-06
23,0.6396213449770585,0,52.94441,True,True,1.430511474609375e-06
24,0.6667860559828114,0,27.034466,True,True,1.430511474609375e-06
25,0.6987419909855817,0,31.87754,True,True,1.430511474609375e-06
26,0.7397312929970212,0,40.90987,True,True,1.430511474609375e-06
27,0.776572070986731,0,36.724324,True,True,1.430511474609375e-06
28,0.8123703849851154,0,35.689527,True,True,1.430511474609375e-06
29,0.8486161949986126,0,36.128874,True,True,1.430511474609375e-06
30,0.8903787289746106,0,41.642798,True,True,1.430511474609375e-06
31,0.9233093229995575,0,32.820312,True,True,1.430511474609375e-06
32,0.958987398975296,0,35.57763,True,True,1.430511474609375e-06
33,0.995027824974386,0,35.925129,True,True,1.430511474609375e-06
34,1.0265682619938161,0,31.431404,True,True,1.430511474609375e-06
35,1.060055587993702,0,33.404122,True,True,1.430511474609375e-06
36,1.0924133989901748,0,32.265619,True,True,1.430511474609375e-06
37,1.126750857976731,0,34.239503,True,True,1.430511474609375e-06
38,1.1872714209894184,0,60.401986,True,True,1.430511474609375e-06
39,1.222895916987909,0,35.477382,True,True,1.430511474609375e-06
40,1.2581965439894702,0,35.20251,True,True,1.430511474609375e-06
41,1.2929504279745743,0,34.651921,True,True,1.430511474609375e-06
42,1.328696579003008,0,35.649592,True,True,1.430511474609375e-06
43,1.3703717179887462,0,41.578097,True,True,1.430511474609375e-06
44,1.4013347169966437,0,30.865702,True,True,1.430511474609375e-06
45,1.420906806975836,0,19.481933,True,True,1.430511474609375e-06
46,1.4385762879974209,0,17.603518,True,True,1.430511474609375e-06
47,1.4570122809964232,0,18.380724,True,True,1.430511474609375e-06
48,1.4787344989890698,0,21.664102,True,True,1.430511474609375e-06
49,1.4961945260001812,0,17.403788,True,True,1.430511474609375e-06
50,1.524464710993925,0,28.209068,True,True,1.430511474609375e-06
51,1.5421934469777625,0,17.655933,True,True,1.430511474609375e-06
52,1.5595521889918018,0,17.303983,True,True,1.430511474609375e-06
53,1.5768339819915127,0,17.228032,True,True,1.430511474609375e-06
54,1.622901289985748,0,46.020528,True,True,1.430511474609375e-06
55,1.6503302519849967,0,27.294676,True,True,1.430511474609375e-06
56,1.6826964619976934,0,32.272408,True,True,1.430511474609375e-06
57,1.714373386988882,0,31.57331,True,True,1.430511474609375e-06
58,1.7488443569745868,0,34.38793,True,True,1.430511474609375e-06
59,1.7955349039984867,0,46.581042,True,True,1.430511474609375e-06
60,1.8421847129939124,0,46.538573,True,True,1.430511474609375e-06
61,1.9243791899934877,0,82.045337,True,True,1.430511474609375e-06
62,1.9609407839889172,0,36.424742,True,True,1.430511474609375e-06
63,1.9949473339947872,0,33.874678,True,True,1.430511474609375e-06
64,2.0277285059855785,0,32.663487,True,True,1.430511474609375e-06
65,2.0621427659934852,0,34.292673,True,True,1.430511474609375e-06
66,2.1061504499812145,0,43.907174,True,True,1.430511474609375e-06
67,2.159534687991254,0,53.258811,True,True,1.430511474609375e-06
68,2.192178620985942,0,32.509161,True,True,1.430511474609375e-06
69,2.2242803759872913,0,31.999803,True,True,1.430511474609375e-06
70,2.3150348989875056,0,90.667059,True,True,1.430511474609375e-06
71,2.3342386189906392,0,19.029054,True,True,1.430511474609375e-06
72,2.351713416981511,0,17.393723,True,True,1.430511474609375e-06
73,2.4094496249745134,0,57.677901,True,True,1.430511474609375e-06
74,2.4316519489802886,0,22.090158,True,True,1.430511474609375e-06
75,2.450220653001452,0,18.481532,True,True,1.430511474609375e-06
76,2.4689029439759906,0,18.586721,True,True,1.430511474609375e-06
77,2.4898984449973796,0,20.915277,True,True,1.430511474609375e-06
78,2.5104475839762017,0,20.446331,True,True,1.430511474609375e-06
79,2.530759130982915,0,20.218024,True,True,1.430511474609375e-06
80,2.552407899987884,0,21.569294,True,True,1.430511474609375e-06
81,2.5927499669778626,0,40.24621,True,True,1.430511474609375e-06
82,2.645142331981333,0,52.256726,True,True,1.430511474609375e-06
83,2.682278344000224,0,36.995234,True,True,1.430511474609375e-06
84,2.7230849909828976,0,40.660446,True,True,1.430511474609375e-06
85,2.7602740399888717,0,37.051625,True,True,1.430511474609375e-06
86,2.798153519979678,0,37.747436,True,True,1.430511474609375e-06
87,2.838629787991522,0,40.344684,True,True,1.430511474609375e-06
88,2.871503401984228,0,32.743517,True,True,1.430511474609375e-06
89,2.898668691981584,0,27.035033,True,True,1.430511474609375e-06
90,2.9282616039854474,0,29.510839,True,True,1.430511474609375e-06
91,2.960401781980181,0,32.071513,True,True,1.430511474609375e-06
92,2.992268164001871,0,31.779369,True,True,1.430511474609375e-06
93,3.0246043549850583,0,32.266309,True,True,1.430511474609375e-06
94,3.0570599579950795,0,32.357069,True,True,1.430511474609375e-06
95,3.089081902988255,0,31.939631,True,True,1.430511474609375e-06
96,3.1209542589785997,0,31.789603,True,True,1.430511474609375e-06
97,3.1656166259781457,0,44.567699,True,True,1.430511474609375e-06
98,3.2150518229755107,0,49.304761,True,True,1.430511474609375e-06
99,3.2451891929958947,0,29.998534,True,True,1.430511474609375e-06
100,3.277006560994778,0,31.725333,True,True,1.430511474609375e-06
101,3.3095805599878076,0,32.490791,True,True,1.430511474609375e-06
102,3.34365089298808,0,33.958829,True,True,1.430511474609375e-06
103,3.3781718039826956,0,34.399821,True,True,1.430511474609375e-06
104,3.4071124129986856,0,28.807055,True,True,1.430511474609375e-06
105,3.425801421981305,0,18.578898,True,True,1.430511474609375e-06
106,3.4445814279897604,0,18.699391,True,True,1.430511474609375e-06
107,3.4634273370029405,0,18.767059,True,True,1.430511474609375e-06
108,3.4813403289881535,0,17.845719,True,True,1.430511474609375e-06
109,3.5009251139999833,0,19.515423,True,True,1.430511474609375e-06
110,3.5209819359879475,0,19.987171,True,True,1.430511474609375e-06
111,3.5406552339845803,0,19.603172,True,True,1.430511474609375e-06
112,3.5597191119741183,0,18.999509,True,True,1.430511474609375e-06
113,3.5785108659765683,0,18.727853,True,True,1.430511474609375e-06
114,3.6095356959849596,0,30.964203,True,True,1.430511474609375e-06
115,3.66041820999817,0,50.770469,True,True,1.430511474609375e-06
116,3.695037803001469,0,34.483225,True,True,1.430511474609375e-06
117,3.728819322976051,0,33.659553,True,True,1.430511474609375e-06
118,3.765505350980675,0,36.574637,True,True,1.430511474609375e-06
119,3.7979887789988425,0,32.387204,True,True,1.430511474609375e-06
120,3.8281419629929587,0,30.06703,True,True,1.430511474609375e-06
121,3.877265899995109,0,49.032014,True,True,1.430511474609375e-06
122,3.9094644079741556,0,32.062924,True,True,1.430511474609375e-06
123,3.9412689059972763,0,31.718888,True,True,1.430511474609375e-06
124,3.9740989260026254,0,32.753165,True,True,1.430511474609375e-06
125,4.006719860975863,0,32.513422,True,True,1.430511474609375e-06
126,4.040379548998317,0,33.555327,True,True,1.430511474609375e-06
127,4.073497834993759,0,32.980263,True,True,1.430511474609375e-06
128,4.107560588978231,0,33.96459,True,True,1.430511474609375e-06
129,4.157327520981198,0,49.646093,True,True,1.430511474609375e-06
130,4.190096274978714,0,32.624851,True,True,1.430511474609375e-06
131,4.2226542129938025,0,32.428121,True,True,1.430511474609375e-06
132,4.249558737996267,0,26.819853,True,True,1.430511474609375e-06
133,4.281484122999245,0,31.84338,True,True,1.430511474609375e-06
134,4.311573166982271,0,29.987787,True,True,1.430511474609375e-06
135,4.345489831990562,0,33.827066,True,True,1.430511474609375e-06
136,4.378854210983263,0,33.227867,True,True,1.430511474609375e-06
137,4.405626388994278,0,26.657975,True,True,1.430511474609375e-06
138,4.423460095975315,0,17.741145,True,True,1.430511474609375e-06
139,4.440959444997134,0,17.428195,True,True,1.430511474609375e-06
140,4.458632114983629,0,17.617436,True,True,1.430511474609375e-06
141,4.477521647000685,0,18.830206,True,True,1.430511474609375e-06
142,4.496432428975822,0,18.81966,True,True,1.430511474609375e-06
143,4.526418550987728,0,29.900275,True,True,1.430511474609375e-06
144,4.545897509000497,0,19.367175,True,True,1.430511474609375e-06
145,4.564969148981618,0,18.993599,True,True,1.430511474609375e-06
146,4.583464611991076,0,18.408373,True,True,1.430511474609375e-06
147,4.626048986974638,0,42.486569,True,True,1.430511474609375e-06
148,4.665472064982168,0,39.278481,True,True,1.430511474609375e-06
149,4.698369088990148,0,32.760863,True,True,1.430511474609375e-06
150,4.72888611399685,0,30.38649,True,True,1.430511474609375e-06
151,4.761983474978479,0,32.981168,True,True,1.430511474609375e-06
152,4.794037995976396,0,31.936304,True,True,1.430511474609375e-06
153,4.828024832997471,0,33.883119,True,True,1.430511474609375e-06
154,4.8615120479953475,0,33.375579,True,True,1.430511474609375e-06
155,4.895968058001017,0,34.350972,True,True,1.430511474609375e-06
156,4.931635753979208,0,35.566524,True,True,1.430511474609375e-06
157,4.974070094001945,0,42.319068,True,True,1.430511474609375e-06
158,5.009708950994536,0,35.527294,True,True,1.430511474609375e-06
159,5.044904213980772,0,35.073617,True,True,1.430511474609375e-06
160,5.078824531985447,0,33.799816,True,True,1.430511474609375e-06
161,5.111457025981508,0,32.502168,True,True,1.430511474609375e-06
162,5.160772566974629,0,49.188317,True,True,1.430511474609375e-06
163,5.194779588986421,0,33.871228,True,True,1.430511474609375e-06
164,5.2285619039903395,0,33.657868,True,True,1.430511474609375e-06
165,5.264931802987121,0,36.250117,True,True,1.430511474609375e-06
166,5.304345750977518,0,39.289305,True,True,1.430511474609375e-06
167,5.356566704984289,0,52.091808,True,True,1.430511474609375e-06
168,5.392684583988739,0,35.981031,True,True,1.430511474609375e-06
169,5.413463381002657,0,20.651228,True,True,1.430511474609375e-06
170,5.43284491598024,0,19.290114,True,True,1.430511474609375e-06
171,5.4525275499909185,0,19.613342,True,True,1.430511474609375e-06
172,5.472464981983649,0,19.86383,True,True,1.430511474609375e-06
173,5.493202192999888,0,20.656096,True,True,1.430511474609375e-06
174,5.513610509980936,0,20.32643,True,True,1.430511474609375e-06
175,5.533394550002413,0,19.703154,True,True,1.430511474609375e-06
176,5.55398102698382,0,20.511338,True,True,1.430511474609375e-06
177,5.574202962976415,0,20.139058,True,True,1.430511474609375e-06
178,5.608186575002037,0,33.896882,True,True,1.430511474609375e-06
179,5.657162783987587,0,48.839117,True,True,1.430511474609375e-06
180,5.689465629984625,0,32.154567,True,True,1.430511474609375e-06
181,5.724161231977632,0,34.589621,True,True,1.430511474609375e-06
182,5.761236742982874,0,36.964926,True,True,1.430511474609375e-06
183,5.795027671993012,0,33.665827,True,True,1.430511474609375e-06
184,5.827867813990451,0,32.731247,True,True,1.430511474609375e-06
185,5.860289530974114,0,32.313599,True,True,1.430511474609375e-06
186,5.892283783992752,0,31.906243,True,True,1.430511474609375e-06
187,5.925427595997462,0,33.074469,True,True,1.430511474609375e-06
188,5.961547204002272,0,36.008208,True,True,1.430511474609375e-06
189,6.004893263976555,0,43.22995,True,True,1.430511474609375e-06
190,6.039782003994333,0,34.768929,True,True,1.430511474609375e-06
191,6.073672008002177,0,33.768615,True,True,1.430511474609375e-06
192,6.106646303000161,0,32.866728,True,True,1.430511474609375e-06
193,6.155670796986669,0,48.912428,True,True,1.430511474609375e-06
194,6.194471618975513,0,38.666009,True,True,1.430511474609375e-06
195,6.231864009983838,0,37.267015,True,True,1.430511474609375e-06
196,6.264629424986197,0,32.638678,True,True,1.430511474609375e-06
197,6.295084877987392,0,30.341022,True,True,1.430511474609375e-06
198,6.327531513990834,0,32.348892,True,True,1.430511474609375e-06
199,6.360046603978844,0,32.406127,True,True,1.430511474609375e-06
200,6.392654409981333,0,32.509729,True,True,1.430511474609375e-06
201,6.413307366980007,0,20.553044,True,True,1.430511474609375e-06
202,6.430661186983343,0,17.289391,True,True,1.430511474609375e-06
203,6.44806926799356,0,17.352528,True,True,1.430511474609375e-06
204,6.466115948976949,0,17.994226,True,True,1.430511474609375e-06
205,6.483338617981644,0,17.167502,True,True,1.430511474609375e-06
206,6.500643174978904,0,17.250024,True,True,1.430511474609375e-06
207,6.518140072992537,0,17.443447,True,True,1.430511474609375e-06
208,6.53546318798908,0,17.273059,True,True,1.430511474609375e-06
209,6.552531092980644,0,17.015364,True,True,1.430511474609375e-06
210,6.5701271959987935,0,17.542586,True,True,1.430511474609375e-06
211,6.594957308989251,0,24.776813,True,True,1.430511474609375e-06
212,6.627313092001714,0,32.274821,True,True,1.430511474609375e-06
213,6.676339242985705,0,48.904178,True,True,1.430511474609375e-06
214,6.7066400249896105,0,30.167107,True,True,1.430511474609375e-06
215,6.738710951991379,0,31.959744,True,True,1.430511474609375e-06
216,6.771567390998825,0,32.776455,True,True,1.430511474609375e-06
217,6.804040756978793,0,32.353727,True,True,1.430511474609375e-06
218,6.838591990002897,0,34.464366,True,True,1.430511474609375e-06
219,6.87384903000202,0,35.161944,True,True,1.430511474609375e-06
220,6.905439936002949,0,31.505921,True,True,1.430511474609375e-06
221,6.937666926998645,0,32.159616,True,True,1.430511474609375e-06
222,6.969884670979809,0,32.139057,True,True,1.430511474609375e-06
223,7.002577852981631,0,32.583243,True,True,1.430511474609375e-06
224,7.035150068986695,0,32.464358,True,True,1.430511474609375e-06
225,7.067186503001722,0,31.911705,True,True,1.430511474609375e-06
226,7.099972536001587,0,32.700427,True,True,1.430511474609375e-06
227,7.126976140978513,0,26.906755,True,True,1.430511474609375e-06
228,7.176328965986613,0,49.266842,True,True,1.430511474609375e-06
229,7.206402975978563,0,29.935059,True,True,1.430511474609375e-06
230,7.239290835976135,0,32.799186,True,True,1.430511474609375e-06
231,7.2716820849746,0,32.272046,True,True,1.430511474609375e-06
232,7.304312332998961,0,32.516526,True,True,1.430511474609375e-06
233,7.337353927985532,0,32.935534,True,True,1.430511474609375e-06
234,7.369980083982227,0,32.526548,True,True,1.430511474609375e-06
235,7.40194445499219,0,31.864601,True,True,1.430511474609375e-06
236,7.42209495199495,0,20.065076,True,True,1.430511474609375e-06
237,7.440282180003123,0,18.125943,True,True,1.430511474609375e-06
238,7.4577793719945475,0,17.440124,True,True,1.430511474609375e-06
239,7.475112763990182,0,17.278269,True,True,1.430511474609375e-06
240,7.492391232983209,0,17.226195,True,True,1.430511474609375e-06
241,7.509797440987313,0,17.351636,True,True,1.430511474609375e-06
242,7.5271251469966955,0,17.26867,True,True,1.430511474609375e-06
243,7.54442023098818,0,17.24167,True,True,1.430511474609375e-06
244,7.562029541993979,0,17.560277,True,True,1.430511474609375e-06
245,7.579404434975004,0,17.320573,True,True,1.430511474609375e-06
246,7.601562336989446,0,22.099107,True,True,1.430511474609375e-06
247,7.635739530000137,0,34.089152,True,True,1.430511474609375e-06
248,7.682477762980852,0,46.49179,True,True,1.430511474609375e-06
249,7.714379187993472,0,31.767516,True,True,1.430511474609375e-06
250,7.746575982979266,0,32.082887,True,True,1.430511474609375e-06
251,7.779647021001438,0,32.977518,True,True,1.430511474609375e-06
252,7.811471322987927,0,31.689403,True,True,1.430511474609375e-06
253,7.838545923994388,0,26.993368,True,True,1.430511474609375e-06
254,7.868612205988029,0,29.985235,True,True,1.430511474609375e-06
255,7.90061854198575,0,31.884216,True,True,1.430511474609375e-06
256,7.932338786980836,0,31.609285,True,True,1.430511474609375e-06
257,7.964793787978124,0,32.381871,True,True,1.430511474609375e-06
258,7.9967993019963615,0,31.872077,True,True,1.430511474609375e-06
259,8.02922055797535,0,32.328225,True,True,1.430511474609375e-06
260,8.060948579979595,0,31.635906,True,True,1.430511474609375e-06
261,8.087778189976234,0,26.760705,True,True,1.430511474609375e-06
262,8.139372259000083,0,51.524697,True,True,1.430511474609375e-06
263,8.183789235976292,0,44.276342,True,True,1.430511474609375e-06
264,8.215743740991456,0,31.832284,True,True,1.430511474609375e-06
265,8.247679868974956,0,31.837498,True,True,1.430511474609375e-06
266,8.279738982993877,0,31.985277,True,True,1.430511474609375e-06
267,8.312254583986942,0,32.439484,True,True,1.430511474609375e-06
268,8.339321891980944,0,26.933293,True,True,1.430511474609375e-06
269,8.368786018982064,0,29.3823,True,True,1.430511474609375e-06
270,8.400205717975041,0,31.343712,True,True,1.430511474609375e-06
271,8.420375513989711,0,20.087953,True,True,1.430511474609375e-06
272,8.437749823002378,0,17.307054,True,True,1.430511474609375e-06
273,8.45491319897701,0,17.110248,True,True,1.430511474609375e-06
274,8.472217121976428,0,17.255464,True,True,1.430511474609375e-06
275,8.48936593599501,0,17.089497,True,True,1.430511474609375e-06
276,8.506898610998178,0,17.480179,True,True,1.430511474609375e-06
277,8.524896414979594,0,17.946643,True,True,1.430511474609375e-06
278,8.542116798984352,0,17.166759,True,True,1.430511474609375e-06
279,8.559234221000224,0,17.072168,True,True,1.430511474609375e-06
280,8.576392943999963,0,17.105064,True,True,1.430511474609375e-06
281,8.600835945981089,0,24.394336,True,True,1.430511474609375e-06
282,8.63997319698683,0,39.070554,True,True,1.430511474609375e-06
283,8.679110013996251,0,39.002648,True,True,1.430511474609375e-06
284,8.710643675993197,0,31.413282,True,True,1.430511474609375e-06
285,8.742563503998099,0,31.822487,True,True,1.430511474609375e-06
286,8.774496529978933,0,31.856573,True,True,1.430511474609375e-06
287,8.806172362994403,0,31.599303,True,True,1.430511474609375e-06
288,8.838587451988133,0,32.338676,True,True,1.430511474609375e-06
289,8.865317900985247,0,26.637268,True,True,1.430511474609375e-06
290,8.895318355993368,0,29.922651,True,True,1.430511474609375e-06
291,8.927267307997681,0,31.87817,True,True,1.430511474609375e-06
292,8.95941504399525,0,32.064485,True,True,1.430511474609375e-06
293,8.991328338976018,0,31.807003,True,True,1.430511474609375e-06
294,9.023596319981152,0,32.144884,True,True,1.430511474609375e-06
295,9.056180115992902,0,32.476532,True,True,1.430511474609375e-06
296,9.083204323978862,0,26.934583,True,True,1.430511474609375e-06
297,9.112714503979078,0,29.439692,True,True,1.430511474609375e-06
298,9.161084858991671,0,48.249167,True,True,1.430511474609375e-06
299,9.19312897999771,0,31.909225,True,True,1.430511474609375e-06
300,9.22469884797465,0,31.492661,True,True,1.430511474609375e-06
301,9.256200898002135,0,31.436473,True,True,1.430511474609375e-06
302,9.288430421991507,0,32.153571,True,True,1.430511474609375e-06
303,9.315100391977467,0,26.59055,True,True,1.430511474609375e-06
304,9.345057263999479,0,29.894281,True,True,1.430511474609375e-06
305,9.377281344990479,0,32.15569,True,True,1.430511474609375e-06
306,9.404175998002756,0,26.790997,True,True,1.430511474609375e-06
307,9.422561413986841,0,18.307589,True,True,1.430511474609375e-06
308,9.439774383994518,0,17.149768,True,True,1.430511474609375e-06
309,9.456801487976918,0,16.976189,True,True,1.430511474609375e-06
310,9.474185340979602,0,17.333454,True,True,1.430511474609375e-06
311,9.491337124985876,0,17.108807,True,True,1.430511474609375e-06
312,9.508331269986229,0,16.949025,True,True,1.430511474609375e-06
313,9.52558797399979,0,17.212596,True,True,1.430511474609375e-06
314,9.542703435989097,0,17.073977,True,True,1.430511474609375e-06
315,9.560164246999193,0,17.419717,True,True,1.430511474609375e-06
316,9.578264786978252,0,18.055915,True,True,1.430511474609375e-06
317,9.608295056998031,0,29.977419,True,True,1.430511474609375e-06
318,9.645571440982167,0,37.2053,True,True,1.430511474609375e-06
319,9.688389107002877,0,42.660935,True,True,1.430511474609375e-06
320,9.72033134099911,0,31.823252,True,True,1.430511474609375e-06
321,9.75229537798441,0,31.871814,True,True,1.430511474609375e-06
322,9.77935141097987,0,26.972595,True,True,1.430511474609375e-06
323,9.825580888980767,0,46.122217,True,True,1.430511474609375e-06
324,9.856945520994486,0,31.248605,True,True,1.430511474609375e-06
325,9.888881411985494,0,31.85025,True,True,1.430511474609375e-06
326,9.921218178991694,0,32.255035,True,True,1.430511474609375e-06
327,9.953007128991885,0,31.690598,True,True,1.430511474609375e-06
328,9.985853825986851,0,32.768616,True,True,1.430511474609375e-06
329,10.017469473998062,0,31.521303,True,True,1.430511474609375e-06
330,10.042363292974187,0,24.802361,True,True,1.430511474609375e-06
331,10.073579878982855,0,31.136825,True,True,1.430511474609375e-06
332,10.105221984995296,0,31.571539,True,True,1.430511474609375e-06
333,10.140408187988214,0,35.058534,True,True,1.430511474609375e-06
334,10.186755851987982,0,46.204429,True,True,1.430511474609375e-06
335,10.218662865983788,0,31.790767,True,True,1.430511474609375e-06
336,10.25034114799928,0,31.603888,True,True,1.430511474609375e-06
337,10.275001848989632,0,24.596347,True,True,1.430511474609375e-06
338,10.307477886002744,0,32.419086,True,True,1.430511474609375e-06
339,10.339503930998035,0,31.94666,True,True,1.430511474609375e-06
340,10.37133659797837,0,31.750754,True,True,1.430511474609375e-06
341,10.403806809976231,0,32.400766,True,True,1.430511474609375e-06
342,10.423716528981458,0,19.827118,True,True,1.430511474609375e-06
343,10.450397829001304,0,26.615719,True,True,1.430511474609375e-06
344,10.46862853699713,0,18.145948,True,True,1.430511474609375e-06
345,10.487063559994567,0,18.375973,True,True,1.430511474609375e-06
346,10.504386474000057,0,17.266485,True,True,1.430511474609375e-06
347,10.52243631798774,0,17.987984,True,True,1.430511474609375e-06
348,10.540023816982284,0,17.531309,True,True,1.430511474609375e-06
349,10.557159428979503,0,17.086227,True,True,1.430511474609375e-06
350,10.574277657986386,0,17.068649,True,True,1.430511474609375e-06
351,10.591813488979824,0,17.481338,True,True,1.430511474609375e-06
352,10.623651746980613,0,31.786889,True,True,1.430511474609375e-06
353,10.669763512996724,0,46.000748,True,True,1.430511474609375e-06
354,10.703214982990175,0,33.315395,True,True,1.430511474609375e-06
355,10.734653196996078,0,31.30706,True,True,1.430511474609375e-06
356,10.766767831984907,0,32.018002,True,True,1.430511474609375e-06
357,10.799411663989304,0,32.534511,True,True,1.430511474609375e-06
358,10.832012935978128,0,32.508797,True,True,1.430511474609375e-06
359,10.864074793993495,0,31.974323,True,True,1.430511474609375e-06
360,10.896263994975016,0,32.107668,True,True,1.430511474609375e-06
361,10.922956117981812,0,26.605708,True,True,1.430511474609375e-06
362,10.952470621996326,0,29.45069,True,True,1.430511474609375e-06
363,10.984553285001311,0,31.999135,True,True,1.430511474609375e-06
364,11.016069239994977,0,31.433165,True,True,1.430511474609375e-06
365,11.048144165979465,0,31.991479,True,True,1.430511474609375e-06
366,11.080185628001345,0,31.952861,True,True,1.430511474609375e-06
367,11.123701271979371,0,43.436824,True,True,1.430511474609375e-06
368,11.17038546098047,0,46.564549,True,True,1.430511474609375e-06
369,11.201365718996385,0,30.862121,True,True,1.430511474609375e-06
370,11.233640512975398,0,32.200764,True,True,1.430511474609375e-06
371,11.265632417984307,0,31.903913,True,True,1.430511474609375e-06
372,11.297746256983373,0,32.031134,True,True,1.430511474609375e-06
373,11.330316996987676,0,32.455451,True,True,1.430511474609375e-06
374,11.362137380987406,0,31.729434,True,True,1.430511474609375e-06
375,11.38911190899671,0,26.901902,True,True,1.430511474609375e-06
376,11.413777666981332,0,24.601206,True,True,1.430511474609375e-06
377,11.43155093997484,0,17.712009,True,True,1.430511474609375e-06
378,11.449608894996345,0,18.009869,True,True,1.430511474609375e-06
379,11.466815898980713,0,17.148679,True,True,1.430511474609375e-06
380,11.484570887987502,0,17.702521,True,True,1.430511474609375e-06
381,11.501698553998722,0,17.078102,True,True,1.430511474609375e-06
382,11.518780723999953,0,17.032997,True,True,1.430511474609375e-06
383,11.537245739978971,0,18.414861,True,True,1.430511474609375e-06
384,11.554371637001168,0,17.077324,True,True,1.430511474609375e-06
385,11.571594802982872,0,17.176713,True,True,1.430511474609375e-06
386,11.588868955994258,0,17.227651,True,True,1.430511474609375e-06
387,11.620979504979914,0,32.066025,True,True,1.430511474609375e-06
388,11.669325791997835,0,48.23844,True,True,1.430511474609375e-06
389,11.701146620995132,0,31.684784,True,True,1.430511474609375e-06
390,11.730819594988134,0,29.587675,True,True,1.430511474609375e-06
391,11.762355672981357,0,31.442655,True,True,1.430511474609375e-06
392,11.795508784998674,0,33.074556,True,True,1.430511474609375e-06
393,11.8271285899973,0,31.527678,True,True,1.430511474609375e-06
394,11.859465994988568,0,32.27247,True,True,1.430511474609375e-06
395,11.891750176000642,0,32.197604,True,True,1.430511474609375e-06
396,11.923263025993947,0,31.435884,True,True,1.430511474609375e-06
397,11.964628088986501,0,41.293326,True,True,1.430511474609375e-06
398,11.995915325998794,0,31.16836,True,True,1.430511474609375e-06
399,12.028076870978111,0,32.085084,True,True,1.430511474609375e-06
400,12.060005309991539,0,31.829748,True,True,1.430511474609375e-06
401,12.092220570979407,0,32.140903,True,True,1.430511474609375e-06
402,12.124102094996488,0,31.797675,True,True,1.430511474609375e-06
403,12.167959542974131,0,43.763235,True,True,1.430511474609375e-06
404,12.197562798974104,0,29.470864,True,True,1.430511474609375e-06
405,12.229849463998107,0,32.203345,True,True,1.430511474609375e-06
406,12.26174547499977,0,31.79472,True,True,1.430511474609375e-06
407,12.293400035996456,0,31.575275,True,True,1.430511474609375e-06
408,12.325439950975124,0,31.963089,True,True,1.430511474609375e-06
409,12.35713153600227,0,31.595043,True,True,1.430511474609375e-06
410,12.38444354297826,0,27.240587,True,True,1.430511474609375e-06
411,12.408821961987996,0,24.316763,True,True,1.430511474609375e-06
412,12.427154596982291,0,18.275351,True,True,1.430511474609375e-06
413,12.444270391977625,0,17.066032,True,True,1.430511474609375e-06
414,12.461618961999193,0,17.300807,True,True,1.430511474609375e-06
415,12.479240102984477,0,17.570893,True,True,1.430511474609375e-06
416,12.49653254399891,0,17.21778,True,True,1.430511474609375e-06
417,12.513942181976745,0,17.32141,True,True,1.430511474609375e-06
418,12.531266357982531,0,17.257218,True,True,1.430511474609375e-06
419,12.54846835398348,0,17.149966,True,True,1.430511474609375e-06
420,12.565800052980194,0,17.281105,True,True,1.430511474609375e-06
421,12.582892767997691,0,17.039834,True,True,1.430511474609375e-06
422,12.615593188995263,0,32.65009,True,True,1.430511474609375e-06
423,12.647541949991137,0,31.809126,True,True,1.430511474609375e-06
424,12.697411508997902,0,49.75764,True,True,1.430511474609375e-06
425,12.726668000977952,0,29.112724,True,True,1.430511474609375e-06
426,12.758984082989627,0,32.221968,True,True,1.430511474609375e-06
427,12.808079540001927,0,48.991156,True,True,1.430511474609375e-06
428,12.840135904989438,0,31.927622,True,True,1.430511474609375e-06
429,12.872194388997741,0,31.968965,True,True,1.430511474609375e-06
430,12.90398186998209,0,31.704688,True,True,1.430511474609375e-06
431,12.936353072000202,0,32.297635,True,True,1.430511474609375e-06
432,12.96336298697861,0,26.917488,True,True,1.430511474609375e-06
433,12.995755357987946,0,32.298353,True,True,1.430511474609375e-06
434,13.025906359980581,0,30.054735,True,True,1.430511474609375e-06
435,13.057425551989581,0,31.425331,True,True,1.430511474609375e-06
436,13.0899476139748,0,32.439634,True,True,1.430511474609375e-06
437,13.12179296699469,0,31.748311,True,True,1.430511474609375e-06
438,13.171065590984654,0,49.188182,True,True,1.430511474609375e-06
439,13.203457593976054,0,32.253915,True,True,1.430511474609375e-06
440,13.230110300995875,0,26.576447,True,True,1.430511474609375e-06
441,13.260084533976624,0,29.909876,True,True,1.430511474609375e-06
442,13.290924852975877,0,30.777746,True,True,1.430511474609375e-06
443,13.32303068699548,0,32.044391,True,True,1.430511474609375e-06
444,13.354933573980816,0,31.822328,True,True,1.430511474609375e-06
445,13.386853220988996,0,31.843608,True,True,1.430511474609375e-06
446,13.407396931987023,0,20.47532,True,True,1.430511474609375e-06
447,13.425430490984581,0,17.973428,True,True,1.430511474609375e-06
448,13.442727291985648,0,17.248642,True,True,1.430511474609375e-06
449,13.460362943995278,0,17.586406,True,True,1.430511474609375e-06
450,13.47757999500027,0,17.166327,True,True,1.430511474609375e-06
451,13.494866337976418,0,17.239414,True,True,1.430511474609375e-06
452,13.512328810989857,0,17.411491,True,True,1.430511474609375e-06
453,13.52959020997514,0,17.210711,True,True,1.430511474609375e-06
454,13.546650297997985,0,17.013677,True,True,1.430511474609375e-06
455,13.563939471001504,0,17.228145,True,True,1.430511474609375e-06
456,13.581320433993824,0,17.325303,True,True,1.430511474609375e-06
457,13.61399653297849,0,32.596239,True,True,1.430511474609375e-06
458,13.651705937983934,0,37.592373,True,True,1.430511474609375e-06
459,13.701350747985998,0,49.524027,True,True,1.430511474609375e-06
460,13.733496684988495,0,32.010839,True,True,1.430511474609375e-06
461,13.76539735699771,0,31.797683,True,True,1.430511474609375e-06
462,13.79291094400105,0,27.437487,True,True,1.430511474609375e-06
463,13.82221052699606,0,29.214559,True,True,1.430511474609375e-06
464,13.853044191986555,0,30.754685,True,True,1.430511474609375e-06
465,13.884749085002113,0,31.633091,True,True,1.430511474609375e-06
466,13.917000917979749,0,32.18165,True,True,1.430511474609375e-06
467,13.949407253996469,0,32.310855,True,True,1.430511474609375e-06
468,13.981321933999425,0,31.815723,True,True,1.430511474609375e-06
469,14.013881141989259,0,32.478809,True,True,1.430511474609375e-06
470,14.040795957000228,0,26.776027,True,True,1.430511474609375e-06
471,14.071029393991921,0,30.144744,True,True,1.430511474609375e-06
472,14.103062404989032,0,31.953981,True,True,1.430511474609375e-06
473,14.138752097991528,0,35.591355,True,True,1.430511474609375e-06
474,14.184904555993853,0,46.009019,True,True,1.430511474609375e-06
475,14.2177692510013,0,32.74303,True,True,1.430511474609375e-06
476,14.250504205992911,0,32.629138,True,True,1.430511474609375e-06
477,14.282505741983186,0,31.89916,True,True,1.430511474609375e-06
478,14.315030518977437,0,32.441607,True,True,1.430511474609375e-06
479,14.34211216197582,0,26.985639,True,True,1.430511474609375e-06
480,14.37196465197485,0,29.7727,True,True,1.430511474609375e-06
481,14.403159720997792,0,31.125075,True,True,1.430511474609375e-06
482,14.423047876975033,0,19.814925,True,True,1.430511474609375e-06
483,14.44049932298367,0,17.388814,True,True,1.430511474609375e-06
484,14.45775570999831,0,17.200434,True,True,1.430511474609375e-06
485,14.475061119999737,0,17.251626,True,True,1.430511474609375e-06
486,14.492199925996829,0,17.084489,True,True,1.430511474609375e-06
487,14.510357652994571,0,18.103662,True,True,1.430511474609375e-06
488,14.527691272000084,0,17.283136,True,True,1.430511474609375e-06
489,14.544710032001603,0,16.974096,True,True,1.430511474609375e-06
490,14.562012055976084,0,17.254022,True,True,1.430511474609375e-06
491,14.578983888990479,0,16.924948,True,True,1.430511474609375e-06
492,14.602991647989256,0,23.960078,True,True,1.430511474609375e-06
493,14.632708902994636,0,29.637965,True,True,1.430511474609375e-06
494,14.665213628002675,0,32.421246,True,True,1.430511474609375e-06
495,14.730327950994251,0,64.940143,True,True,1.430511474609375e-06
496,14.76225074499962,0,31.789204,True,True,1.430511474609375e-06
497,14.794998087978456,0,32.653222,True,True,1.430511474609375e-06
498,14.827160814980743,0,32.0445,True,True,1.430511474609375e-06
499,14.854214252991369,0,26.966483,True,True,1.430511474609375e-06
500,14.886543225991772,0,32.239203,True,True,1.430511474609375e-06
501,14.91659689397784,0,29.949386,True,True,1.430511474609375e-06
502,14.949657026998466,0,32.98222,True,True,1.430511474609375e-06
503,14.981351837981492,0,31.594151,True,True,1.430511474609375e-06
504,15.012901960988529,0,31.468674,True,True,1.430511474609375e-06
505,15.045406642981106,0,32.433564,True,True,1.430511474609375e-06
506,15.07798809398082,0,32.496392,True,True,1.430511474609375e-06
507,15.109859681979287,0,31.793978,True,True,1.430511474609375e-06
508,15.144874919002177,0,34.935731,True,True,1.430511474609375e-06
509,15.186266624979908,0,41.270379,True,True,1.430511474609375e-06
510,15.216077163990121,0,29.715803,True,True,1.430511474609375e-06
511,15.24794125999324,0,31.79608,True,True,1.430511474609375e-06
512,15.27984571599518,0,31.824692,True,True,1.430511474609375e-06
513,15.311877392989118,0,31.954463,True,True,1.430511474609375e-06
514,15.34409894698183,0,32.136336,True,True,1.430511474609375e-06
515,15.376179825980216,0,31.996288,True,True,1.430511474609375e-06
516,15.402919791988097,0,26.659253,True,True,1.430511474609375e-06
517,15.421048181975493,0,18.064305,True,True,1.430511474609375e-06
518,15.438263118994655,0,17.159514,True,True,1.430511474609375e-06
519,15.455368558003101,0,17.058449,True,True,1.430511474609375e-06
520,15.472471176995896,0,17.054147,True,True,1.430511474609375e-06
521,15.489624552981695,0,17.109156,True,True,1.430511474609375e-06
522,15.506955502001802,0,17.286664,True,True,1.430511474609375e-06
523,15.524014297989197,0,17.012223,True,True,1.430511474609375e-06
524,15.54135720297927,0,17.295957,True,True,1.430511474609375e-06
525,15.558545363979647,0,17.146307,True,True,1.430511474609375e-06
526,15.575495193974348,0,16.904597,True,True,1.430511474609375e-06
527,15.600392216001637,0,24.8555,True,True,1.430511474609375e-06
528,15.637092738994397,0,36.643704,True,True,1.430511474609375e-06
529,15.67149125499418,0,34.30758,True,True,1.430511474609375e-06
530,15.713160131999757,0,41.529351,True,True,1.430511474609375e-06
531,15.74260197399417,0,29.318225,True,True,1.430511474609375e-06
532,15.774960194976302,0,32.280671,True,True,1.430511474609375e-06
533,15.807257905980805,0,32.216717,True,True,1.430511474609375e-06
534,15.839397326984908,0,32.048544,True,True,1.430511474609375e-06
535,15.871490873978473,0,32.01015,True,True,1.430511474609375e-06
536,15.903580960992258,0,32.013212,True,True,1.430511474609375e-06
537,15.935543364001205,0,31.885948,True,True,1.430511474609375e-06
538,15.962673632981023,0,27.047944,True,True,1.430511474609375e-06
539,15.992482216999633,0,29.744025,True,True,1.430511474609375e-06
540,16.024706212978344,0,32.161722,True,True,1.430511474609375e-06
541,16.056740181986243,0,31.942359,True,True,1.430511474609375e-06
542,16.089192852989072,0,32.364615,True,True,1.430511474609375e-06
543,16.12110431698966,0,31.837103,True,True,1.430511474609375e-06
544,16.16990848799469,0,48.715432,True,True,1.430511474609375e-06
545,16.20185272299568,0,31.814634,True,True,1.430511474609375e-06
546,16.226938431995222,0,25.006657,True,True,1.430511474609375e-06
547,16.259449085977394,0,32.453876,True,True,1.430511474609375e-06
548,16.291492439981084,0,31.966325,True,True,1.430511474609375e-06
549,16.323449119983707,0,31.881279,True,True,1.430511474609375e-06
550,16.355436885001836,0,31.907016,True,True,1.430511474609375e-06
551,16.3942092419893,0,38.669268,True,True,1.430511474609375e-06
552,16.41685326199513,0,22.507633,True,True,1.430511474609375e-06
553,16.434433503978653,0,17.510922,True,True,1.430511474609375e-06
554,16.451681673992425,0,17.193982,True,True,1.430511474609375e-06
555,16.468818692985224,0,17.087008,True,True,1.430511474609375e-06
556,16.485813587001758,0,16.943587,True,True,1.430511474609375e-06
557,16.503095644002315,0,17.23655,True,True,1.430511474609375e-06
558,16.52044601200032,0,17.303537,True,True,1.430511474609375e-06
559,16.537463460001163,0,16.975733,True,True,1.430511474609375e-06
560,16.554543370992178,0,17.035641,True,True,1.430511474609375e-06
561,16.571531625988428,0,16.940977,True,True,1.430511474609375e-06
562,16.596514101984212,0,24.939804,True,True,1.430511474609375e-06
563,16.633582846989157,0,36.999052,True,True,1.430511474609375e-06
564,16.66590122898924,0,32.214911,True,True,1.430511474609375e-06
565,16.715804354986176,0,49.797351,True,True,1.430511474609375e-06
566,16.748710360989207,0,32.771591,True,True,1.430511474609375e-06
567,16.780501585977618,0,31.691109,True,True,1.430511474609375e-06
568,16.80743394998717,0,26.843146,True,True,1.430511474609375e-06
569,16.8371498589986,0,29.644569,True,True,1.430511474609375e-06
570,16.86956055997871,0,32.340389,True,True,1.430511474609375e-06
571,16.902613846003078,0,32.950219,True,True,1.430511474609375e-06
572,16.93411679798737,0,31.412343,True,True,1.430511474609375e-06
573,16.966315047990065,0,32.101327,True,True,1.430511474609375e-06
574,16.999540566001087,0,33.13554,True,True,1.430511474609375e-06
575,17.032011893985327,0,32.335253,True,True,1.430511474609375e-06
576,17.08068665297469,0,48.576121,True,True,1.430511474609375e-06
577,17.10775899598957,0,26.954468,True,True,1.430511474609375e-06
578,17.153338929987513,0,45.490009,True,True,1.430511474609375e-06
579,17.187636898976052,0,34.16539,True,True,1.430511474609375e-06
580,17.219251251983223,0,31.52245,True,True,1.430511474609375e-06
581,17.25142194898217,0,32.095826,True,True,1.430511474609375e-06
582,17.283499206998385,0,31.998292,True,True,1.430511474609375e-06
583,17.31587773998035,0,32.29833,True,True,1.430511474609375e-06
584,17.34842706299969,0,32.473613,True,True,1.430511474609375e-06
585,17.380547370994464,0,32.040712,True,True,1.430511474609375e-06
586,17.4074250679987,0,26.799658,True,True,1.430511474609375e-06
587,17.425506440980826,0,18.020892,True,True,1.430511474609375e-06
588,17.44335430097999,0,17.796082,True,True,1.430511474609375e-06
589,17.460866078996332,0,17.460049,True,True,1.430511474609375e-06
590,17.47824208898237,0,17.319425,True,True,1.430511474609375e-06
591,17.495531539985677,0,17.202094,True,True,1.430511474609375e-06
592,17.51306597198709,0,17.476143,True,True,1.430511474609375e-06
593,17.53002981399186,0,16.917638,True,True,1.430511474609375e-06
594,17.5472784259764,0,17.202837,True,True,1.430511474609375e-06
595,17.564384892990347,0,17.059632,True,True,1.430511474609375e-06
596,17.581498011975782,0,17.071676,True,True,1.430511474609375e-06
597,17.606209208985092,0,24.644969,True,True,1.430511474609375e-06
598,17.64331200098968,0,36.984131,True,True,1.430511474609375e-06
599,17.671201313001802,0,27.771221,True,True,1.430511474609375e-06
600,17.733615036995616,0,62.311951,True,True,1.430511474609375e-06
601,17.764610140002333,0,30.860785,True,True,1.430511474609375e-06
602,17.79728309198981,0,32.568419,True,True,1.430511474609375e-06
603,17.82904740399681,0,31.655685,True,True,1.430511474609375e-06
604,17.860722218989395,0,31.5905,True,True,1.430511474609375e-06
605,17.892547249997733,0,31.749722,True,True,1.430511474609375e-06
606,17.919871584977955,0,27.244364,True,True,1.430511474609375e-06
607,17.94956175898551,0,29.62024,True,True,1.430511474609375e-06
608,17.981644656974822,0,32.009903,True,True,1.430511474609375e-06
609,18.01439291497809,0,32.655958,True,True,1.430511474609375e-06
610,18.04626609297702,0,31.760586,True,True,1.430511474609375e-06
611,18.078671866998775,0,32.318052,True,True,1.430511474609375e-06
612,18.110666583990678,0,31.898424,True,True,1.430511474609375e-06
613,18.159733902983135,0,48.988084,True,True,1.430511474609375e-06
614,18.187468691001413,0,27.601821,True,True,1.430511474609375e-06
615,18.217007717001252,0,29.457675,True,True,1.430511474609375e-06
616,18.24918957200134,0,32.111911,True,True,1.430511474609375e-06
617,18.2814230559743,0,32.143731,True,True,1.430511474609375e-06
618,18.313151529990137,0,31.632083,True,True,1.430511474609375e-06
619,18.34530444900156,0,32.072914,True,True,1.430511474609375e-06
620,18.377529339981265,0,32.118469,True,True,1.430511474609375e-06
621,18.40536199597409,0,27.727648,True,True,1.430511474609375e-06
622,18.42340364700067,0,17.958645,True,True,1.430511474609375e-06
623,18.44088525598636,0,17.421571,True,True,1.430511474609375e-06
624,18.458136633998947,0,17.199122,True,True,1.430511474609375e-06
625,18.475246585992863,0,17.051954,True,True,1.430511474609375e-06
626,18.492576828983147,0,17.276187,True,True,1.430511474609375e-06
627,18.510445751977386,0,17.816055,True,True,1.430511474609375e-06
628,18.527953836979577,0,17.454838,True,True,1.430511474609375e-06
629,18.554840218974277,0,26.837467,True,True,1.430511474609375e-06
630,18.573317378992215,0,18.395281,True,True,1.430511474609375e-06
631,18.595559471985325,0,22.178649,True,True,1.430511474609375e-06
632,18.62081567599671,0,25.173084,True,True,1.430511474609375e-06
633,18.651978163979948,0,31.055095,True,True,1.430511474609375e-06
634,18.686567115975777,0,34.499114,True,True,1.430511474609375e-06
635,18.73335999698611,0,46.526709,True,True,1.430511474609375e-06
636,18.76561928697629,0,32.127121,True,True,1.430511474609375e-06
637,18.792904681991786,0,27.192726,True,True,1.430511474609375e-06
638,18.825003568985267,0,31.986657,True,True,1.430511474609375e-06
639,18.854841909982497,0,29.735016,True,True,1.430511474609375e-06
640,18.887030070996843,0,32.106971,True,True,1.430511474609375e-06
641,18.91951558398432,0,32.386201,True,True,1.430511474609375e-06
642,18.951378618978197,0,31.757185,True,True,1.430511474609375e-06
643,18.98379885198665,0,32.325678,True,True,1.430511474609375e-06
644,19.016486223990796,0,32.582829,True,True,1.430511474609375e-06
645,19.049160617985763,0,32.541762,True,True,1.430511474609375e-06
646,19.082337396976072,0,33.063164,True,True,1.430511474609375e-06
647,19.109512077993713,0,27.04117,True,True,1.430511474609375e-06
648,19.154701990977628,0,45.109247,True,True,1.430511474609375e-06
649,19.18897630900028,0,34.140722,True,True,1.430511474609375e-06
650,19.220185227983166,0,31.108257,True,True,1.430511474609375e-06
651,19.251933077001013,0,31.658588,True,True,1.430511474609375e-06
652,19.2835690889915,0,31.560553,True,True,1.430511474609375e-06
653,19.31535237497883,0,31.709924,True,True,1.430511474609375e-06
654,19.34223180799745,0,26.806548,True,True,1.430511474609375e-06
655,19.371988389990292,0,29.680089,True,True,1.430511474609375e-06
656,19.415736092982115,0,43.673355,True,True,1.430511474609375e-06
657,19.434225004981272,0,18.358582,True,True,1.430511474609375e-06
658,19.451649080001516,0,17.34252,True,True,1.430511474609375e-06
659,19.46993415200268,0,18.206604,True,True,1.430511474609375e-06
660,19.487204496981576,0,17.212855,True,True,1.430511474609375e-06
661,19.504519850976067,0,17.258224,True,True,1.430511474609375e-06
662,19.521728965977672,0,17.157377,True,True,1.430511474609375e-06
663,19.53884817098151,0,17.061493,True,True,1.430511474609375e-06
664,19.555938146979315,0,17.037306,True,True,1.430511474609375e-06
665,19.573245398001745,0,17.255693,True,True,1.430511474609375e-06
666,19.590570229978766,0,17.270594,True,True,1.430511474609375e-06
667,19.62255090699182,0,31.928388,True,True,1.430511474609375e-06
668,19.654952558979858,0,32.286448,True,True,1.430511474609375e-06
669,19.686999759986065,0,31.926514,True,True,1.430511474609375e-06
670,19.73409387699212,0,46.976062,True,True,1.430511474609375e-06
671,19.765212300990243,0,30.979846,True,True,1.430511474609375e-06
672,19.796999106998555,0,31.694941,True,True,1.430511474609375e-06
673,19.82891620398732,0,31.849685,True,True,1.430511474609375e-06
674,19.86129830198479,0,32.294526,True,True,1.430511474609375e-06
675,19.894061639002757,0,32.683968,True,True,1.430511474609375e-06
676,19.920846822002204,0,26.707489,True,True,1.430511474609375e-06
677,19.949960122990888,0,29.046794,True,True,1.430511474609375e-06
678,19.982223576982506,0,32.19015,True,True,1.430511474609375e-06
679,20.014550161984516,0,32.239582,True,True,1.430511474609375e-06
680,20.046765642997343,0,32.125796,True,True,1.430511474609375e-06
681,20.078652617987245,0,31.807585,True,True,1.430511474609375e-06
682,20.110533434984973,0,31.799657,True,True,1.430511474609375e-06
683,20.159249164978974,0,48.621947,True,True,1.430511474609375e-06
684,20.186166870000307,0,26.777249,True,True,1.430511474609375e-06
685,20.216397539974423,0,30.152025,True,True,1.430511474609375e-06
686,20.24905052498798,0,32.585369,True,True,1.430511474609375e-06
687,20.28097019298002,0,31.843354,True,True,1.430511474609375e-06
688,20.313329707976663,0,32.28553,True,True,1.430511474609375e-06
689,20.346019709977554,0,32.616665,True,True,1.430511474609375e-06
690,20.37835568599985,0,32.249829,True,True,1.430511474609375e-06
691,20.405358210991835,0,26.925429,True,True,1.430511474609375e-06
692,20.423452335002366,0,18.025746,True,True,1.430511474609375e-06
693,20.440824849996716,0,17.311295,True,True,1.430511474609375e-06
694,20.457958325976506,0,17.084063,True,True,1.430511474609375e-06
695,20.475238362996606,0,17.233069,True,True,1.430511474609375e-06
696,20.492111395986285,0,16.828115,True,True,1.430511474609375e-06
697,20.509179171989672,0,17.024253,True,True,1.430511474609375e-06
698,20.526191936980467,0,16.969895,True,True,1.430511474609375e-06
699,20.54336002797936,0,17.125555,True,True,1.430511474609375e-06
700,20.560475434002,0,17.051192,True,True,1.430511474609375e-06
701,20.577644070988754,0,17.115007,True,True,1.430511474609375e-06
702,20.601722900988534,0,24.024951,True,True,1.430511474609375e-06
703,20.639374874997884,0,37.594958,True,True,1.430511474609375e-06
704,20.666348931001266,0,26.894967,True,True,1.430511474609375e-06
705,20.698340068978723,0,31.921015,True,True,1.430511474609375e-06
706,20.74495906298398,0,46.527381,True,True,1.430511474609375e-06
707,20.776658884977223,0,31.577494,True,True,1.430511474609375e-06
708,20.809491347987205,0,32.753196,True,True,1.430511474609375e-06
709,20.84204495997983,0,32.465725,True,True,1.430511474609375e-06
710,20.87426784998388,0,32.14262,True,True,1.430511474609375e-06
711,20.907109786989167,0,32.741175,True,True,1.430511474609375e-06
712,20.940007780998712,0,32.787082,True,True,1.430511474609375e-06
713,20.972352705983212,0,32.242162,True,True,1.430511474609375e-06
714,21.00571725697955,0,33.248376,True,True,1.430511474609375e-06
715,21.037677161977626,0,31.822832,True,True,1.430511474609375e-06
716,21.064788966003107,0,27.023709,True,True,1.430511474609375e-06
717,21.093806866992963,0,28.934864,True,True,1.430511474609375e-06
718,21.125905766995857,0,32.036235,True,True,1.430511474609375e-06
719,21.174882183986483,0,48.893397,True,True,1.430511474609375e-06
720,21.20697653098614,0,31.961166,True,True,1.430511474609375e-06
721,21.23912080397713,0,32.064651,True,True,1.430511474609375e-06
722,21.271397689997684,0,32.184315,True,True,1.430511474609375e-06
723,21.29886981198797,0,27.372216,True,True,1.430511474609375e-06
724,21.34503777397913,0,46.09793,True,True,1.430511474609375e-06
725,21.37688504997641,0,31.736588,True,True,1.430511474609375e-06
726,21.404574669984868,0,27.607571,True,True,1.430511474609375e-06
727,21.422024258994497,0,17.382436,True,True,1.430511474609375e-06
728,21.440178107994143,0,18.102292,True,True,1.430511474609375e-06
729,21.45736581098754,0,17.139631,True,True,1.430511474609375e-06
730,21.47445208497811,0,17.041579,True,True,1.430511474609375e-06
731,21.491640758991707,0,17.14223,True,True,1.430511474609375e-06
732,21.508687939000083,0,16.997053,True,True,1.430511474609375e-06
733,21.525716028991155,0,16.984594,True,True,1.430511474609375e-06
734,21.543094066000776,0,17.333223,True,True,1.430511474609375e-06
735,21.56006504499237,0,16.926171,True,True,1.430511474609375e-06
736,21.577325958001893,0,17.214971,True,True,1.430511474609375e-06
737,21.602141430979827,0,24.77177,True,True,1.430511474609375e-06
738,21.63931972597493,0,37.104572,True,True,1.430511474609375e-06
739,21.67152897399501,0,32.07586,True,True,1.430511474609375e-06
740,21.706099112983793,0,34.470309,True,True,1.430511474609375e-06
741,21.752381200989475,0,46.140435,True,True,1.430511474609375e-06
742,21.78457312998944,0,32.057834,True,True,1.430511474609375e-06
743,21.816475574974902,0,31.816342,True,True,1.430511474609375e-06
744,21.843161628989037,0,26.594935,True,True,1.430511474609375e-06
745,21.873212623002473,0,29.970737,True,True,1.430511474609375e-06
746,21.905278877995443,0,31.987277,True,True,1.430511474609375e-06
747,21.938082434993703,0,32.696127,True,True,1.430511474609375e-06
748,21.971119829977397,0,32.895486,True,True,1.430511474609375e-06
749,22.002872410987038,0,31.647487,True,True,1.430511474609375e-06
750,22.034863155975472,0,31.909545,True,True,1.430511474609375e-06
751,22.067355431994656,0,32.409573,True,True,1.430511474609375e-06
752,22.094353485998,0,26.919556,True,True,1.430511474609375e-06
753,22.123364246974234,0,28.939826,True,True,1.430511474609375e-06
754,22.17230426799506,0,48.874952,True,True,1.430511474609375e-06
755,22.204164303984726,0,31.730873,True,True,1.430511474609375e-06
756,22.236244590982096,0,31.996146,True,True,1.430511474609375e-06
757,22.268954659986775,0,32.630178,True,True,1.430511474609375e-06
758,22.30179447500268,0,32.751598,True,True,1.430511474609375e-06
759,22.334117999998853,0,32.23725,True,True,1.430511474609375e-06
760,22.36682733197813,0,32.626058,True,True,1.430511474609375e-06
761,22.39354847697541,0,26.638261,True,True,1.430511474609375e-06
762,22.418156400992302,0,24.544347,True,True,1.430511474609375e-06
763,22.43550291500287,0,17.288036,True,True,1.430511474609375e-06
764,22.452847717999248,0,17.290603,True,True,1.430511474609375e-06
765,22.469962710980326,0,17.057587,True,True,1.430511474609375e-06
766,22.48725018100231,0,17.236141,True,True,1.430511474609375e-06
767,22.504661746992497,0,17.31956,True,True,1.430511474609375e-06
768,22.52202565097832,0,17.272642,True,True,1.430511474609375e-06
769,22.54004438398988,0,17.955259,True,True,1.430511474609375e-06
770,22.557645900000352,0,17.549774,True,True,1.430511474609375e-06
771,22.574856776976958,0,17.158416,True,True,1.430511474609375e-06
772,22.5921829159779,0,17.271732,True,True,1.430511474609375e-06
773,22.623992772976635,0,31.726885,True,True,1.430511474609375e-06
774,22.65591625199886,0,31.808588,True,True,1.430511474609375e-06
775,22.685438411979703,0,29.432281,True,True,1.430511474609375e-06
776,22.734261453995714,0,48.751884,True,True,1.430511474609375e-06
777,22.76642618200276,0,32.022045,True,True,1.430511474609375e-06
778,22.798157613986405,0,31.653618,True,True,1.430511474609375e-06
779,22.83054493900272,0,32.290395,True,True,1.430511474609375e-06
780,22.863495548983337,0,32.861467,True,True,1.430511474609375e-06
781,22.895326468977146,0,31.752213,True,True,1.430511474609375e-06
782,22.927140977990348,0,31.73928,True,True,1.430511474609375e-06
783,22.95204896098585,0,24.829466,True,True,1.430511474609375e-06
784,23.00016448899987,0,48.046082,True,True,1.430511474609375e-06
785,23.032470643986017,0,32.189001,True,True,1.430511474609375e-06
786,23.064298602985218,0,31.718961,True,True,1.430511474609375e-06
787,23.095886464987416,0,31.512722,True,True,1.430511474609375e-06
788,23.127608860988403,0,31.659528,True,True,1.430511474609375e-06
789,23.169952459982596,0,42.253272,True,True,1.430511474609375e-06
790,23.2006967139896,0,30.595386,True,True,1.430511474609375e-06
791,23.23284994799178,0,32.070271,True,True,1.430511474609375e-06
792,23.26466418200289,0,31.685235,True,True,1.430511474609375e-06
793,23.296252637985162,0,31.515158,True,True,1.430511474609375e-06
794,23.328219154995168,0,31.900418,True,True,1.430511474609375e-06
795,23.355655752995517,0,27.350499,True,True,1.430511474609375e-06
796,23.38499114397564,0,29.267689,True,True,1.430511474609375e-06
797,23.41212384897517,0,27.073933,True,True,1.430511474609375e-06
798,23.42963239797973,0,17.447883,True,True,1.430511474609375e-06
799,23.44680123697617,0,17.117419,True,True,1.430511474609375e-06
800,23.46480256097857,0,17.950513,True,True,1.430511474609375e-06
801,23.48213101597503,0,17.277641,True,True,1.430511474609375e-06
802,23.499261238990584,0,17.082732,True,True,1.430511474609375e-06
803,23.516461953986436,0,17.148414,True,True,1.430511474609375e-06
804,23.5333803689864,0,16.869223,True,True,1.430511474609375e-06
805,23.550535077985842,0,17.109383,True,True,1.430511474609375e-06
806,23.567585292999865,0,17.006759,True,True,1.430511474609375e-06
807,23.58490108899423,0,17.270582,True,True,1.430511474609375e-06
808,23.616698434983846,0,31.751658,True,True,1.430511474609375e-06
809,23.663394257979235,0,46.59179,True,True,1.430511474609375e-06
810,23.69446654699277,0,30.938068,True,True,1.430511474609375e-06
811,23.743310125981225,0,48.748865,True,True,1.430511474609375e-06
812,23.77536092698574,0,31.916434,True,True,1.430511474609375e-06
813,23.80804277898278,0,32.600284,True,True,1.430511474609375e-06
814,23.840052382991416,0,31.924148,True,True,1.430511474609375e-06
815,23.87209389198688,0,31.961833,True,True,1.430511474609375e-06
816,23.89903022898943,0,26.853556,True,True,1.430511474609375e-06
817,23.929369243996916,0,30.273327,True,True,1.430511474609375e-06
818,23.961324261996197,0,31.878737,True,True,1.430511474609375e-06
819,23.992834101984045,0,31.412882,True,True,1.430511474609375e-06
820,24.024930396990385,0,32.02477,True,True,1.430511474609375e-06
821,24.056963448994793,0,31.908229,True,True,1.430511474609375e-06
822,24.088967584975762,0,31.896217,True,True,1.430511474609375e-06
823,24.115668565995293,0,26.624092,True,True,1.430511474609375e-06
824,24.162718573992606,0,46.982201,True,True,1.430511474609375e-06
825,24.195371221983805,0,32.517706,True,True,1.430511474609375e-06
826,24.227369708998594,0,31.875521,True,True,1.430511474609375e-06
827,24.259832729992922,0,32.382103,True,True,1.430511474609375e-06
828,24.292196365975542,0,32.266763,True,True,1.430511474609375e-06
829,24.34164319798583,0,49.353616,True,True,1.430511474609375e-06
830,24.373796863976168,0,32.022971,True,True,1.430511474609375e-06
831,24.40079668999533,0,26.916016,True,True,1.430511474609375e-06
832,24.418773932993645,0,17.91115,True,True,1.430511474609375e-06
833,24.435889847984072,0,17.061733,True,True,1.430511474609375e-06
834,24.453323239984456,0,17.380199,True,True,1.430511474609375e-06
835,24.47038428200176,0,17.005579,True,True,1.430511474609375e-06
836,24.487630777002778,0,17.185961,True,True,1.430511474609375e-06
837,24.50499540398596,0,17.287563,True,True,1.430511474609375e-06
838,24.521989556989865,0,16.938767,True,True,1.430511474609375e-06
839,24.539433315978386,0,17.388337,True,True,1.430511474609375e-06
840,24.556461564992787,0,16.976784,True,True,1.430511474609375e-06
841,24.573776703997282,0,17.262453,True,True,1.430511474609375e-06
842,24.598498421983095,0,24.668734,True,True,1.430511474609375e-06
843,24.635891540994635,0,37.323988,True,True,1.430511474609375e-06
844,24.668322810000973,0,32.345276,True,True,1.430511474609375e-06
845,24.70030158298323,0,31.890156,True,True,1.430511474609375e-06
846,24.74439155397704,0,44.001849,True,True,1.430511474609375e-06
847,24.77424257498933,0,29.715237,True,True,1.430511474609375e-06
848,24.80589579397929,0,31.551199,True,True,1.430511474609375e-06
849,24.83789329099818,0,31.929296,True,True,1.430511474609375e-06
850,24.869704331998946,0,31.727955,True,True,1.430511474609375e-06
851,24.90161137797986,0,31.823767,True,True,1.430511474609375e-06
852,24.933657814981416,0,31.971489,True,True,1.430511474609375e-06
853,24.961188482993748,0,27.454171,True,True,1.430511474609375e-06
854,24.99051759397844,0,29.259206,True,True,1.430511474609375e-06
855,25.022476457001176,0,31.89686,True,True,1.430511474609375e-06
856,25.054525599989574,0,31.967946,True,True,1.430511474609375e-06
857,25.086762787977932,0,32.159817,True,True,1.430511474609375e-06
858,25.119602075981675,0,32.766593,True,True,1.430511474609375e-06
859,25.17793429098674,0,58.241336,True,True,1.430511474609375e-06
860,25.197205967997434,0,19.111381,True,True,1.430511474609375e-06
861,25.21475425499375,0,17.456257,True,True,1.430511474609375e-06
862,25.268112776975613,0,53.299126,True,True,1.430511474609375e-06
863,25.300303128984524,0,32.090427,True,True,1.430511474609375e-06
864,25.327187165996293,0,26.808198,True,True,1.430511474609375e-06
865,25.356979030999355,0,29.717459,True,True,1.430511474609375e-06
866,25.389099559979513,0,32.060502,True,True,1.430511474609375e-06
867,25.416070120991208,0,26.89376,True,True,1.430511474609375e-06
868,25.43387309098034,0,17.73916,True,True,1.430511474609375e-06
869,25.45108359400183,0,17.161565,True,True,1.430511474609375e-06
870,25.468398400989827,0,17.252941,True,True,1.430511474609375e-06
871,25.485546661977423,0,17.092854,True,True,1.430511474609375e-06
872,25.502826539974194,0,17.22679,True,True,1.430511474609375e-06
873,25.51995890698163,0,17.084554,True,True,1.430511474609375e-06
874,25.537206540000625,0,17.197443,True,True,1.430511474609375e-06
875,25.554270313994493,0,17.01734,True,True,1.430511474609375e-06
876,25.571787708002375,0,17.46368,True,True,1.430511474609375e-06
877,25.588776599994162,0,16.943629,True,True,1.430511474609375e-06
878,25.618644339992898,0,29.818727,True,True,1.430511474609375e-06
879,25.64997096499428,0,31.244252,True,True,1.430511474609375e-06
880,25.68194834399037,0,31.913276,True,True,1.430511474609375e-06
881,25.714346285996726,0,32.305209,True,True,1.430511474609375e-06
882,25.76386210898636,0,49.416366,True,True,1.430511474609375e-06
883,25.795814322977094,0,31.830361,True,True,1.430511474609375e-06
884,25.827804229978938,0,31.918024,True,True,1.430511474609375e-06
885,25.86035817497759,0,32.479155,True,True,1.430511474609375e-06
886,25.887177027994767,0,26.738089,True,True,1.430511474609375e-06
887,25.916860044002533,0,29.620023,True,True,1.430511474609375e-06
888,25.949438483978156,0,32.480566,True,True,1.430511474609375e-06
889,25.98235296999337,0,32.81045,True,True,1.430511474609375e-06
890,26.030628415988758,0,48.16002,True,True,1.430511474609375e-06
891,26.062502593995305,0,31.756707,True,True,1.430511474609375e-06
892,26.094273848982994,0,31.688038,True,True,1.430511474609375e-06
893,26.126494069001637,0,32.148747,True,True,1.430511474609375e-06
894,26.168824914988363,0,42.236007,True,True,1.430511474609375e-06
895,26.199909274990205,0,30.944779,True,True,1.430511474609375e-06
896,26.231471353996312,0,31.48766,True,True,1.430511474609375e-06
897,26.26360000297427,0,32.068691,True,True,1.430511474609375e-06
898,26.29594668999198,0,32.266948,True,True,1.430511474609375e-06
899,26.328321229986614,0,32.301723,True,True,1.430511474609375e-06
900,26.36023464598111,0,31.832426,True,True,1.430511474609375e-06
901,26.38772261099075,0,27.401312,True,True,1.430511474609375e-06
902,26.41245184498257,0,24.667832,True,True,1.430511474609375e-06
903,26.429817506985273,0,17.312235,True,True,1.430511474609375e-06
904,26.446959836990573,0,17.094372,True,True,1.430511474609375e-06
905,26.46404550797888,0,17.037023,True,True,1.430511474609375e-06
906,26.481376351002837,0,17.278761,True,True,1.430511474609375e-06
907,26.498512790974928,0,17.091729,True,True,1.430511474609375e-06
908,26.515773081977386,0,17.203448,True,True,1.430511474609375e-06
909,26.53280720298062,0,16.975452,True,True,1.430511474609375e-06
910,26.550052920996677,0,17.198885,True,True,1.430511474609375e-06
911,26.567128848982975,0,17.033873,True,True,1.430511474609375e-06
912,26.584283492993563,0,17.106855,True,True,1.430511474609375e-06
913,26.615943598997546,0,31.612252,True,True,1.430511474609375e-06
914,26.645702483976493,0,29.658041,True,True,1.430511474609375e-06
915,26.67787660798058,0,32.107796,True,True,1.430511474609375e-06
916,26.710779914981686,0,32.806283,True,True,1.430511474609375e-06
917,26.759373782988405,0,48.499215,True,True,1.430511474609375e-06
918,26.791320850985358,0,31.812732,True,True,1.430511474609375e-06
919,26.823171954980353,0,31.755046,True,True,1.430511474609375e-06
920,26.850184334994992,0,26.917291,True,True,1.430511474609375e-06
921,26.87911734197405,0,28.850622,True,True,1.430511474609375e-06
922,26.911330297996756,0,32.133623,True,True,1.430511474609375e-06
923,26.94300695398124,0,31.581835,True,True,1.430511474609375e-06
924,26.974825773999328,0,31.737883,True,True,1.430511474609375e-06
925,27.00767494898173,0,32.767373,True,True,1.430511474609375e-06
926,27.040198289992986,0,32.42769,True,True,1.430511474609375e-06
927,27.072041772975354,0,31.738355,True,True,1.430511474609375e-06
928,27.104505309980595,0,32.379918,True,True,1.430511474609375e-06
929,27.12932920199819,0,24.733247,True,True,1.430511474609375e-06
930,27.178676042996813,0,49.280022,True,True,1.430511474609375e-06
931,27.210474829975283,0,31.667847,True,True,1.430511474609375e-06
932,27.241813977976562,0,31.259916,True,True,1.430511474609375e-06
933,27.273843622999266,0,31.962451,True,True,1.430511474609375e-06
934,27.30692612400162,0,32.979489,True,True,1.430511474609375e-06
935,27.339455198001815,0,32.427624,True,True,1.430511474609375e-06
936,27.36663307499839,0,27.074905,True,True,1.430511474609375e-06
937,27.396305654983735,0,29.587601,True,True,1.430511474609375e-06
938,27.415967262000777,0,19.588299,True,True,1.430511474609375e-06
939,27.435564728977624,0,19.514518,True,True,1.430511474609375e-06
940,27.462171238992596,0,26.5136,True,True,1.430511474609375e-06
941,27.47977845897549,0,17.521265,True,True,1.430511474609375e-06
942,27.497642290982185,0,17.795892,True,True,1.430511474609375e-06
943,27.515069024986587,0,17.359876,True,True,1.430511474609375e-06
944,27.53231039197999,0,17.156389,True,True,1.430511474609375e-06
945,27.549465776974102,0,17.096379,True,True,1.430511474609375e-06
946,27.56662203898304,0,17.101283,True,True,1.430511474609375e-06
947,27.583785247989,0,17.109227,True,True,1.430511474609375e-06
948,27.614100162987597,0,30.258062,True,True,1.430511474609375e-06
949,27.646527600998525,0,32.33514,True,True,1.430511474609375e-06
950,27.678661354002543,0,32.003379,True,True,1.430511474609375e-06
951,27.705726208980195,0,26.972324,True,True,1.430511474609375e-06
952,27.74064190898207,0,34.837923,True,True,1.430511474609375e-06
953,27.784464695985662,0,43.685304,True,True,1.430511474609375e-06
954,27.816590855974937,0,32.019897,True,True,1.430511474609375e-06
955,27.848332147987094,0,31.650968,True,True,1.430511474609375e-06
956,27.880092426988995,0,31.686869,True,True,1.430511474609375e-06
957,27.918647124985,0,38.471841,True,True,1.430511474609375e-06
958,27.954721823974978,0,35.963774,True,True,1.430511474609375e-06
959,27.98497786198277,0,30.150134,True,True,1.430511474609375e-06
960,28.016124232002767,0,31.063781,True,True,1.430511474609375e-06
961,28.04774244897999,0,31.516746,True,True,1.430511474609375e-06
962,28.08046011297847,0,32.628006,True,True,1.430511474609375e-06
963,28.112181888980558,0,31.627647,True,True,1.430511474609375e-06
964,28.161550552991685,0,49.272007,True,True,1.430511474609375e-06
965,28.19377402900136,0,32.094215,True,True,1.430511474609375e-06
966,28.221166546980385,0,27.307427,True,True,1.430511474609375e-06
967,28.250868352974067,0,29.634971,True,True,1.430511474609375e-06
968,28.28307753498666,0,32.140119,True,True,1.430511474609375e-06
969,28.315234305977356,0,32.072904,True,True,1.430511474609375e-06
970,28.34723017900251,0,31.915588,True,True,1.430511474609375e-06
971,28.379366927983938,0,32.048689,True,True,1.430511474609375e-06
972,28.406889159989078,0,27.450653,True,True,1.430511474609375e-06
973,28.424759357993025,0,17.809507,True,True,1.430511474609375e-06
974,28.44217850000132,0,17.366822,True,True,1.430511474609375e-06
975,28.459299626993015,0,17.07258,True,True,1.430511474609375e-06
976,28.47663014999125,0,17.277749,True,True,1.430511474609375e-06
977,28.49378536597942,0,17.107393,True,True,1.430511474609375e-06
978,28.511099965980975,0,17.259336,True,True,1.430511474609375e-06
979,28.528216017002705,0,17.066839,True,True,1.430511474609375e-06
980,28.545405550976284,0,17.146353,True,True,1.430511474609375e-06
981,28.56331536898506,0,17.864296,True,True,1.430511474609375e-06
982,28.58080875899759,0,17.442037,True,True,1.430511474609375e-06
983,28.61062840098748,0,29.763686,True,True,1.430511474609375e-06
984,28.643594110995764,0,32.866453,True,True,1.430511474609375e-06
985,28.675959695974598,0,32.253363,True,True,1.430511474609375e-06
986,28.707733691000612,0,31.658406,True,True,1.430511474609375e-06
987,28.75610101298662,0,48.271071,True,True,1.430511474609375e-06
988,28.78817082097521,0,31.932108,True,True,1.430511474609375e-06
989,28.815469811990624,0,27.214598,True,True,1.430511474609375e-06
990,28.845247106975876,0,29.7029,True,True,1.430511474609375e-06
991,28.877751646999968,0,32.425953,True,True,1.430511474609375e-06
992,28.91053915498196,0,32.70104,True,True,1.430511474609375e-06
993,28.942105452995747,0,31.481514,True,True,1.430511474609375e-06
994,28.974231186002726,0,32.052429,True,True,1.430511474609375e-06
995,29.00683971500257,0,32.519311,True,True,1.430511474609375e-06
996,29.03958319898811,0,32.661734,True,True,1.430511474609375e-06
997,29.071772213996155,0,32.055164,True,True,1.430511474609375e-06
998,29.09918769399519,0,27.333478,True,True,1.430511474609375e-06
999,29.128948473982746,0,29.694766,True,True,1.430511474609375e-06
1000,29.178105989994947,0,49.045202,True,True,1.430511474609375e-06
1001,29.210457441979088,0,32.217775,True,True,1.430511474609375e-06
1002,29.242282261984656,0,31.742214,True,True,1.430511474609375e-06
1003,29.274350844993023,0,32.005966,True,True,1.430511474609375e-06
1004,29.30694935299107,0,32.517873,True,True,1.430511474609375e-06
1005,29.339073313982226,0,32.048489,True,True,1.430511474609375e-06
1006,29.371124828991015,0,31.973838,True,True,1.430511474609375e-06
1007,29.396014307974838,0,24.81499,True,True,1.430511474609375e-06
1008,29.41515780298505,0,19.077511,True,True,1.430511474609375e-06
1009,29.432551926001906,0,17.33551,True,True,1.430511474609375e-06
1010,29.44967269297922,0,17.071878,True,True,1.430511474609375e-06
1011,29.466835596977035,0,17.112175,True,True,1.430511474609375e-06
1012,29.483985238999594,0,17.102091,True,True,1.430511474609375e-06
1013,29.501116107974667,0,17.08517,True,True,1.430511474609375e-06
1014,29.51854804897448,0,17.387049,True,True,1.430511474609375e-06
1015,29.535468292975565,0,16.877565,True,True,1.430511474609375e-06
1016,29.552695026999572,0,17.182478,True,True,1.430511474609375e-06
1017,29.569683936977526,0,16.945664,True,True,1.430511474609375e-06
1018,29.610184949997347,0,40.45466,True,True,1.430511474609375e-06
1019,29.6406763799896,0,30.353216,True,True,1.430511474609375e-06
1020,29.672471236001,0,31.702825,True,True,1.430511474609375e-06
1021,29.70437007700093,0,31.798798,True,True,1.430511474609375e-06
1022,29.73597888997756,0,31.513068,True,True,1.430511474609375e-06
1023,29.779895010986365,0,43.829354,True,True,1.430511474609375e-06
1024,29.811085888999514,0,31.058079,True,True,1.430511474609375e-06
1025,29.84341643800144,0,32.241658,True,True,1.430511474609375e-06
1026,29.873321891995147,0,29.796733,True,True,1.430511474609375e-06
1027,29.905639706994407,0,32.232558,True,True,1.430511474609375e-06
1028,29.93807151299552,0,32.336073,True,True,1.430511474609375e-06
1029,29.96983385598287,0,31.666981,True,True,1.430511474609375e-06
1030,30.00205393700162,0,32.135967,True,True,1.430511474609375e-06
1031,30.033891078986926,0,31.739846,True,True,1.430511474609375e-06
1032,30.066069768974558,0,32.097354,True,True,1.430511474609375e-06
1033,30.093652177980402,0,27.503999,True,True,1.430511474609375e-06
1034,30.12282870998024,0,29.108619,True,True,1.430511474609375e-06
1035,30.171392805001233,0,48.499916,True,True,1.430511474609375e-06
1036,30.20328582500224,0,31.76092,True,True,1.430511474609375e-06
1037,30.235896387981484,0,32.531342,True,True,1.430511474609375e-06
1038,30.28472098399652,0,48.731969,True,True,1.430511474609375e-06
1039,30.3169713379757,0,32.13865,True,True,1.430511474609375e-06
1040,30.344055624998873,0,26.984587,True,True,1.430511474609375e-06
1041,30.373576458980097,0,29.44733,True,True,1.430511474609375e-06
1042,30.405489081982523,0,31.847406,True,True,1.430511474609375e-06
1043,30.42542701997445,0,19.854524,True,True,1.430511474609375e-06
1044,30.442505174985854,0,17.019559,True,True,1.430511474609375e-06
1045,30.459855421999237,0,17.299754,True,True,1.430511474609375e-06
1046,30.477146486984566,0,17.233601,True,True,1.430511474609375e-06
1047,30.494142221985385,0,16.94376,True,True,1.430511474609375e-06
1048,30.51169655600097,0,17.502231,True,True,1.430511474609375e-06
1049,30.52882532798685,0,17.083054,True,True,1.430511474609375e-06
1050,30.54592563098413,0,17.058861,True,True,1.430511474609375e-06
1051,30.56414167198818,0,18.168811,True,True,1.430511474609375e-06
1052,30.581460985995363,0,17.271443,True,True,1.430511474609375e-06
1053,30.605639276996953,0,24.132203,True,True,1.430511474609375e-06
1054,30.638143805001164,0,32.432018,True,True,1.430511474609375e-06
1055,30.66822914298973,0,29.990008,True,True,1.430511474609375e-06
1056,30.700056253990624,0,31.739233,True,True,1.430511474609375e-06
1057,30.73202678997768,0,31.879085,True,True,1.430511474609375e-06
1058,30.781308347999584,0,49.191334,True,True,1.430511474609375e-06
1059,30.81341412998154,0,31.972432,True,True,1.430511474609375e-06
1060,30.84536964498693,0,31.855458,True,True,1.430511474609375e-06
1061,30.877203247975558,0,31.758556,True,True,1.430511474609375e-06
1062,30.904319314984605,0,27.053027,True,True,1.430511474609375e-06
1063,30.950142699002754,0,45.741536,True,True,1.430511474609375e-06
1064,30.982292513974244,0,32.034088,True,True,1.430511474609375e-06
1065,31.01418461999856,0,31.796478,True,True,1.430511474609375e-06
1066,31.04604946798645,0,31.783363,True,True,1.430511474609375e-06
1067,31.078716641000938,0,32.594344,True,True,1.430511474609375e-06
1068,31.10555581699009,0,26.744149,True,True,1.430511474609375e-06
1069,31.139816844981397,0,34.183205,True,True,1.430511474609375e-06
1070,31.18418672698317,0,44.228292,True,True,1.430511474609375e-06
1071,31.21658278099494,0,32.280146,True,True,1.430511474609375e-06
1072,31.249126634997083,0,32.456743,True,True,1.430511474609375e-06
1073,31.28117290599039,0,31.96313,True,True,1.430511474609375e-06
1074,31.313303881994216,0,32.048264,True,True,1.430511474609375e-06
1075,31.34573087998433,0,32.346722,True,True,1.430511474609375e-06
1076,31.377858384978026,0,32.047593,True,True,1.430511474609375e-06
1077,31.405293243995402,0,27.349357,True,True,1.430511474609375e-06
1078,31.423134501994355,0,17.775276,True,True,1.430511474609375e-06
1079,31.440540162002435,0,17.351789,True,True,1.430511474609375e-06
1080,31.457649250980467,0,17.064018,True,True,1.430511474609375e-06
1081,31.475056254974334,0,17.356528,True,True,1.430511474609375e-06
1082,31.49224536298425,0,17.141891,True,True,1.430511474609375e-06
1083,31.509587735985406,0,17.297444,True,True,1.430511474609375e-06
1084,31.526839159982046,0,17.203098,True,True,1.430511474609375e-06
1085,31.54392050797469,0,17.038733,True,True,1.430511474609375e-06
1086,31.561322914989432,0,17.359565,True,True,1.430511474609375e-06
1087,31.578429032990243,0,17.064655,True,True,1.430511474609375e-06
1088,31.60361484999885,0,25.143208,True,True,1.430511474609375e-06
1089,31.640887356974417,0,37.211071,True,True,1.430511474609375e-06
1090,31.673042162990896,0,32.057476,True,True,1.430511474609375e-06
1091,31.705824795993976,0,32.687655,True,True,1.430511474609375e-06
1092,31.738344371988205,0,32.421406,True,True,1.430511474609375e-06
1093,31.796699605998583,0,58.268602,True,True,1.430511474609375e-06
1094,31.81574982998427,0,18.891571,True,True,1.430511474609375e-06
1095,31.833293194998987,0,17.450084,True,True,1.430511474609375e-06
1096,31.88965720499982,0,56.28746,True,True,1.430511474609375e-06
1097,31.922281804989325,0,32.494333,True,True,1.430511474609375e-06
1098,31.95419761899393,0,31.825959,True,True,1.430511474609375e-06
1099,31.981647359993076,0,27.379173,True,True,1.430511474609375e-06
1100,32.011462818976725,0,29.747112,True,True,1.430511474609375e-06
1101,32.04318075298215,0,31.651822,True,True,1.430511474609375e-06
1102,32.075389753998024,0,32.130495,True,True,1.430511474609375e-06
1103,32.10750409698812,0,32.029458,True,True,1.430511474609375e-06
1104,32.15628492899123,0,48.703516,True,True,1.430511474609375e-06
1105,32.189015406998806,0,32.596964,True,True,1.430511474609375e-06
1106,32.21614985898486,0,27.048452,True,True,1.430511474609375e-06
1107,32.24826530099381,0,32.030791,True,True,1.430511474609375e-06
1108,32.278832735988544,0,30.467436,True,True,1.430511474609375e-06
1109,32.31000352697447,0,31.07931,True,True,1.430511474609375e-06
1110,32.342490385985,0,32.387615,True,True,1.430511474609375e-06
1111,32.374924274976365,0,32.329199,True,True,1.430511474609375e-06
1112,32.40191819798201,0,26.912757,True,True,1.430511474609375e-06
1113,32.42201715600095,0,20.019029,True,True,1.430511474609375e-06
1114,32.439609093999024,0,17.528735,True,True,1.430511474609375e-06
1115,32.45680833698134,0,17.148822,True,True,1.430511474609375e-06
1116,32.474162318976596,0,17.29655,True,True,1.430511474609375e-06
1117,32.49161796399858,0,17.342631,True,True,1.430511474609375e-06
1118,32.508963653992396,0,17.257399,True,True,1.430511474609375e-06
1119,32.52615370598505,0,17.125181,True,True,1.430511474609375e-06
1120,32.5434974799864,0,17.281282,True,True,1.430511474609375e-06
1121,32.56041481898865,0,16.864803,True,True,1.430511474609375e-06
1122,32.57755400700262,0,17.086059,True,True,1.430511474609375e-06
1123,32.624114477977855,0,46.496674,True,True,1.430511474609375e-06
1124,32.655241127999034,0,30.982018,True,True,1.430511474609375e-06
1125,32.686618388979696,0,31.290498,True,True,1.430511474609375e-06
1126,32.718812093982706,0,32.113456,True,True,1.430511474609375e-06
1127,32.75037511298433,0,31.473146,True,True,1.430511474609375e-06
1128,32.790858845983166,0,40.40955,True,True,1.430511474609375e-06
1129,32.82348922899109,0,32.500978,True,True,1.430511474609375e-06
1130,32.85512818497955,0,31.546869,True,True,1.430511474609375e-06
1131,32.88716556498548,0,31.958192,True,True,1.430511474609375e-06
1132,32.91973698500078,0,32.49421,True,True,1.430511474609375e-06
1133,32.951695066993125,0,31.877432,True,True,1.430511474609375e-06
1134,32.98381404799875,0,32.042886,True,True,1.430511474609375e-06
1135,33.01636659397627,0,32.470408,True,True,1.430511474609375e-06
1136,33.04323023199686,0,26.765505,True,True,1.430511474609375e-06
1137,33.07302388199605,0,29.725136,True,True,1.430511474609375e-06
1138,33.10484091198305,0,31.747827,True,True,1.430511474609375e-06
1139,33.139838932984276,0,34.91565,True,True,1.430511474609375e-06
1140,33.185733702994185,0,45.766934,True,True,1.430511474609375e-06
1141,33.2187815719808,0,32.939328,True,True,1.430511474609375e-06
1142,33.25150686697452,0,32.640009,True,True,1.430511474609375e-06
1143,33.28364982397761,0,32.061245,True,True,1.430511474609375e-06
1144,33.31659490297898,0,32.863133,True,True,1.430511474609375e-06
1145,33.343233837978914,0,26.552434,True,True,1.430511474609375e-06
1146,33.37284772499697,0,29.544057,True,True,1.430511474609375e-06
1147,33.40499116599676,0,32.083859,True,True,1.430511474609375e-06
1148,33.425386146991514,0,20.312099,True,True,1.430511474609375e-06
1149,33.44277297699591,0,17.318644,True,True,1.430511474609375e-06
1150,33.45996307799942,0,17.140436,True,True,1.430511474609375e-06
1151,33.47743612798513,0,17.419402,True,True,1.430511474609375e-06
1152,33.49453062997782,0,17.037942,True,True,1.430511474609375e-06
1153,33.51160311099375,0,17.020292,True,True,1.430511474609375e-06
1154,33.52880207297858,0,17.147205,True,True,1.430511474609375e-06
1155,33.54581153197796,0,16.966196,True,True,1.430511474609375e-06
1156,33.56295751300058,0,17.101437,True,True,1.430511474609375e-06
1157,33.58019860999775,0,17.193491,True,True,1.430511474609375e-06
1158,33.60218008499942,0,21.936485,True,True,1.430511474609375e-06
1159,33.634439540997846,0,32.183648,True,True,1.430511474609375e-06
1160,33.66660040599527,0,32.077386,True,True,1.430511474609375e-06
1161,33.69857031200081,0,31.883421,True,True,1.430511474609375e-06
1162,33.730126854992704,0,31.461859,True,True,1.430511474609375e-06
1163,33.76215323500219,0,31.949592,True,True,1.430511474609375e-06
1164,33.811283727001864,0,49.034899,True,True,1.430511474609375e-06
1165,33.838396541978,0,26.974491,True,True,1.430511474609375e-06
1166,33.86872074598796,0,30.24171,True,True,1.430511474609375e-06
1167,33.90002055399236,0,31.223873,True,True,1.430511474609375e-06
1168,33.93256860098336,0,32.464447,True,True,1.430511474609375e-06
1169,33.96568860000116,0,33.020087,True,True,1.430511474609375e-06
1170,33.99780189298326,0,31.983303,True,True,1.430511474609375e-06
1171,34.030014242976904,0,32.120581,True,True,1.430511474609375e-06
1172,34.061978463985724,0,31.842439,True,True,1.430511474609375e-06
1173,34.08919081700151,0,27.118211,True,True,1.430511474609375e-06
1174,34.12114750398905,0,31.88674,True,True,1.430511474609375e-06
1175,34.168427101976704,0,47.159145,True,True,1.430511474609375e-06
1176,34.20012776198564,0,31.568415,True,True,1.430511474609375e-06
1177,34.23185210599331,0,31.642368,True,True,1.430511474609375e-06
1178,34.26386781697511,0,31.944746,True,True,1.430511474609375e-06
1179,34.2962444779987,0,32.294088,True,True,1.430511474609375e-06
1180,34.32866659297724,0,32.337326,True,True,1.430511474609375e-06
1181,34.3606924469932,0,31.938198,True,True,1.430511474609375e-06
1182,34.385498828982236,0,24.725416,True,True,1.430511474609375e-06
1183,34.411588866991224,0,26.026595,True,True,1.430511474609375e-06
1184,34.42975957598537,0,18.109435,True,True,1.430511474609375e-06
1185,34.4469077049871,0,17.097705,True,True,1.430511474609375e-06
1186,34.46408550700289,0,17.132873,True,True,1.430511474609375e-06
1187,34.48110523397918,0,16.976432,True,True,1.430511474609375e-06
1188,34.49830658498104,0,17.160256,True,True,1.430511474609375e-06
1189,34.525778024981264,0,27.428225,True,True,1.430511474609375e-06
1190,34.544145723979454,0,18.270239,True,True,1.430511474609375e-06
1191,34.56165814900305,0,17.448765,True,True,1.430511474609375e-06
1192,34.57876522699371,0,17.05749,True,True,1.430511474609375e-06
1193,34.60142183498829,0,22.610283,True,True,1.430511474609375e-06
1194,34.633631852979306,0,32.158528,True,True,1.430511474609375e-06
1195,34.665770129999146,0,32.065125,True,True,1.430511474609375e-06
1196,34.697695062001,0,31.850815,True,True,1.430511474609375e-06
1197,34.73053739097668,0,32.762683,True,True,1.430511474609375e-06
1198,34.76312516798498,0,32.50645,True,True,1.430511474609375e-06
1199,34.812375676992815,0,49.1593,True,True,1.430511474609375e-06
1200,34.844426666997606,0,31.919219,True,True,1.430511474609375e-06
1201,34.87107842398109,0,26.569885,True,True,1.430511474609375e-06
1202,34.900556641980074,0,29.412406,True,True,1.430511474609375e-06
1203,34.932597751991125,0,31.983058,True,True,1.430511474609375e-06
1204,34.96457725900109,0,31.895445,True,True,1.430511474609375e-06
1205,34.99678489100188,0,32.119924,True,True,1.430511474609375e-06
1206,35.02925314399181,0,32.391252,True,True,1.430511474609375e-06
1207,35.06172365299426,0,32.36905,True,True,1.430511474609375e-06
1208,35.088726561982185,0,26.918029,True,True,1.430511474609375e-06
1209,35.11771284099086,0,28.913644,True,True,1.430511474609375e-06
1210,35.16688855100074,0,49.1083,True,True,1.430511474609375e-06
1211,35.19891777698649,0,31.899883,True,True,1.430511474609375e-06
1212,35.23185325600207,0,32.858843,True,True,1.430511474609375e-06
1213,35.26400021498557,0,32.063427,True,True,1.430511474609375e-06
1214,35.296118824975565,0,32.032921,True,True,1.430511474609375e-06
1215,35.32824939998682,0,32.05595,True,True,1.430511474609375e-06
1216,35.36054242099635,0,32.20277,True,True,1.430511474609375e-06
1217,35.385299896996,0,24.678718,True,True,1.430511474609375e-06
1218,35.411703737976495,0,26.341376,True,True,1.430511474609375e-06
1219,35.429731668991735,0,17.969244,True,True,1.430511474609375e-06
1220,35.44689682099852,0,17.117076,True,True,1.430511474609375e-06
1221,35.464094508992275,0,17.150841,True,True,1.430511474609375e-06
1222,35.481097669980954,0,16.958053,True,True,1.430511474609375e-06
1223,35.498205943993526,0,17.061207,True,True,1.430511474609375e-06
1224,35.51509994297521,0,16.848943,True,True,1.430511474609375e-06
1225,35.53239850298269,0,17.250876,True,True,1.430511474609375e-06
1226,35.54942387298797,0,16.980744,True,True,1.430511474609375e-06
1227,35.56669983197935,0,17.233986,True,True,1.430511474609375e-06
1228,35.58390939698438,0,17.165599,True,True,1.430511474609375e-06
1229,35.613126421987545,0,29.175468,True,True,1.430511474609375e-06
1230,35.6454401719966,0,32.254539,True,True,1.430511474609375e-06
1231,35.67753228597576,0,32.011506,True,True,1.430511474609375e-06
1232,35.70966745799524,0,32.052372,True,True,1.430511474609375e-06
1233,35.74239005998243,0,32.644465,True,True,1.430511474609375e-06
1234,35.7907726559788,0,48.304329,True,True,1.430511474609375e-06
1235,35.81793476399616,0,27.032008,True,True,1.430511474609375e-06
1236,35.847524935990805,0,29.500401,True,True,1.430511474609375e-06
1237,35.87822588899871,0,30.615219,True,True,1.430511474609375e-06
1238,35.91034113499336,0,32.03574,True,True,1.430511474609375e-06
1239,35.94300199000281,0,32.563868,True,True,1.430511474609375e-06
1240,35.975335622992134,0,32.234511,True,True,1.430511474609375e-06
1241,36.00760350597557,0,32.174804,True,True,1.430511474609375e-06
1242,36.0401891709771,0,32.489958,True,True,1.430511474609375e-06
1243,36.06727650598623,0,26.964017,True,True,1.430511474609375e-06
1244,36.096947095997166,0,29.584312,True,True,1.430511474609375e-06
1245,36.12944637198234,0,32.418344,True,True,1.430511474609375e-06
1246,36.17965223098872,0,50.098737,True,True,1.430511474609375e-06
1247,36.22892943199258,0,49.137624,True,True,1.430511474609375e-06
1248,36.26097759898403,0,31.91893,True,True,1.430511474609375e-06
1249,36.29412380798021,0,33.05777,True,True,1.430511474609375e-06
1250,36.32592488298542,0,31.700263,True,True,1.430511474609375e-06
1251,36.35740439899382,0,31.38869,True,True,1.430511474609375e-06
1252,36.384650784981204,0,27.169282,True,True,1.430511474609375e-06
1253,36.40884161699796,0,24.111998,True,True,1.430511474609375e-06
1254,36.42721336698742,0,18.309456,True,True,1.430511474609375e-06
1255,36.44456123598502,0,17.291496,True,True,1.430511474609375e-06
1256,36.462732020998374,0,18.118172,True,True,1.430511474609375e-06
1257,36.47995293600252,0,17.169981,True,True,1.430511474609375e-06
1258,36.49714111798676,0,17.140177,True,True,1.430511474609375e-06
1259,36.514381401997525,0,17.194747,True,True,1.430511474609375e-06
1260,36.53149689498241,0,17.072842,True,True,1.430511474609375e-06
1261,36.548515899979975,0,16.976424,True,True,1.430511474609375e-06
1262,36.56567201099824,0,17.115212,True,True,1.430511474609375e-06
1263,36.582610892975936,0,16.893593,True,True,1.430511474609375e-06
1264,36.61540164498729,0,32.744948,True,True,1.430511474609375e-06
1265,36.64727522499743,0,31.76934,True,True,1.430511474609375e-06
1266,36.67737626598682,0,30.00637,True,True,1.430511474609375e-06
1267,36.70968045099289,0,32.214843,True,True,1.430511474609375e-06
1268,36.742229183000745,0,32.45577,True,True,1.430511474609375e-06
1269,36.77399972800049,0,31.670974,True,True,1.430511474609375e-06
1270,36.82265429900144,0,48.576584,True,True,1.430511474609375e-06
1271,36.87117114299326,0,48.385847,True,True,1.430511474609375e-06
1272,36.89835635799682,0,27.067225,True,True,1.430511474609375e-06
1273,36.930240874993615,0,31.795075,True,True,1.430511474609375e-06
1274,36.96025872899918,0,29.907763,True,True,1.430511474609375e-06
1275,36.99186539198854,0,31.51427,True,True,1.430511474609375e-06
1276,37.023596741986694,0,31.644857,True,True,1.430511474609375e-06
1277,37.055940730002476,0,32.267672,True,True,1.430511474609375e-06
1278,37.088500319980085,0,32.476427,True,True,1.430511474609375e-06
1279,37.1207187929831,0,32.134426,True,True,1.430511474609375e-06
1280,37.16977570799645,0,48.976349,True,True,1.430511474609375e-06
1281,37.19681264797691,0,26.90795,True,True,1.430511474609375e-06
1282,37.2262702829903,0,29.384156,True,True,1.430511474609375e-06
1283,37.25778995300061,0,31.453434,True,True,1.430511474609375e-06
1284,37.28996330697555,0,32.098882,True,True,1.430511474609375e-06
1285,37.32185995197506,0,31.8207,True,True,1.430511474609375e-06
1286,37.3541751439916,0,32.231326,True,True,1.430511474609375e-06
1287,37.38713144700159,0,32.870268,True,True,1.430511474609375e-06
1288,37.40722834598273,0,20.016953,True,True,1.430511474609375e-06
1289,37.42459158299607,0,17.306874,True,True,1.430511474609375e-06
1290,37.44185470798402,0,17.212664,True,True,1.430511474609375e-06
1291,37.45947939599864,0,17.577095,True,True,1.430511474609375e-06
1292,37.47697141498793,0,17.377969,True,True,1.430511474609375e-06
1293,37.49454786698334,0,17.477857,True,True,1.430511474609375e-06
1294,37.52157204897958,0,26.95182,True,True,1.430511474609375e-06
1295,37.53972058699583,0,18.050889,True,True,1.430511474609375e-06
1296,37.55702033499256,0,17.238377,True,True,1.430511474609375e-06
1297,37.57419844297692,0,17.122417,True,True,1.430511474609375e-06
1298,37.599848710990045,0,25.546116,True,True,1.430511474609375e-06
1299,37.636844697990455,0,36.883442,True,True,1.430511474609375e-06
1300,37.664097055996535,0,27.144081,True,True,1.430511474609375e-06
1301,37.69389389897697,0,29.717235,True,True,1.430511474609375e-06
1302,37.72609775798628,0,32.118662,True,True,1.430511474609375e-06
1303,37.75840130998404,0,32.196718,True,True,1.430511474609375e-06
1304,37.80598032398848,0,47.485649,True,True,1.430511474609375e-06
1305,37.83998266799608,0,33.867548,True,True,1.430511474609375e-06
1306,37.87348183398717,0,33.391828,True,True,1.430511474609375e-06
1307,37.906053106999025,0,32.473405,True,True,1.430511474609375e-06
1308,37.93846889497945,0,32.316362,True,True,1.430511474609375e-06
1309,37.97142731997883,0,32.861664,True,True,1.430511474609375e-06
1310,38.00315741999657,0,31.627894,True,True,1.430511474609375e-06
1311,38.0302714779973,0,27.018665,True,True,1.430511474609375e-06
1312,38.06076597899664,0,30.389094,True,True,1.430511474609375e-06
1313,38.09204250999028,0,31.195281,True,True,1.430511474609375e-06
1314,38.12412161700195,0,31.99761,True,True,1.430511474609375e-06
1315,38.174138312984724,0,49.914902,True,True,1.430511474609375e-06
1316,38.2062665479898,0,31.988552,True,True,1.430511474609375e-06
1317,38.238201909989584,0,31.841484,True,True,1.430511474609375e-06
1318,38.27099264698336,0,32.704396,True,True,1.430511474609375e-06
1319,38.3033314999775,0,32.243106,True,True,1.430511474609375e-06
1320,38.33045768199372,0,27.03203,True,True,1.430511474609375e-06
1321,38.37707173699164,0,46.535491,True,True,1.430511474609375e-06
1322,38.40439207898453,0,27.18272,True,True,1.430511474609375e-06
1323,38.42180183797609,0,17.340582,True,True,1.430511474609375e-06
1324,38.43912382097915,0,17.262433,True,True,1.430511474609375e-06
1325,38.45653160099755,0,17.351721,True,True,1.430511474609375e-06
1326,38.47390025597997,0,17.319105,True,True,1.430511474609375e-06
1327,38.490907842991874,0,16.960356,True,True,1.430511474609375e-06
1328,38.507987144985236,0,17.036307,True,True,1.430511474609375e-06
1329,38.52539952099323,0,17.36436,True,True,1.430511474609375e-06
1330,38.54237561998889,0,16.930426,True,True,1.430511474609375e-06
1331,38.55953779898118,0,17.114587,True,True,1.430511474609375e-06
1332,38.57674541999586,0,17.158055,True,True,1.430511474609375e-06
1333,38.606072878988925,0,29.280513,True,True,1.430511474609375e-06
1334,38.63793844898464,0,31.784958,True,True,1.430511474609375e-06
1335,38.669783241988625,0,31.761365,True,True,1.430511474609375e-06
1336,38.70228808699176,0,32.422813,True,True,1.430511474609375e-06
1337,38.735125532984966,0,32.732434,True,True,1.430511474609375e-06
1338,38.76722001598682,0,32.012443,True,True,1.430511474609375e-06
1339,38.81126095500076,0,43.942543,True,True,1.430511474609375e-06
1340,38.842140264983755,0,30.736056,True,True,1.430511474609375e-06
1341,38.8728883699805,0,30.643154,True,True,1.430511474609375e-06
1342,38.90464856597828,0,31.672677,True,True,1.430511474609375e-06
1343,38.93629887799034,0,31.56409,True,True,1.430511474609375e-06
1344,38.96812414500164,0,31.748719,True,True,1.430511474609375e-06
1345,38.999930867983494,0,31.730886,True,True,1.430511474609375e-06
1346,39.032541135995416,0,32.51451,True,True,1.430511474609375e-06
1347,39.0653445799835,0,32.668655,True,True,1.430511474609375e-06
1348,39.09241017900058,0,26.968742,True,True,1.430511474609375e-06
1349,39.122599978989456,0,30.104132,True,True,1.430511474609375e-06
1350,39.172006130975205,0,49.286459,True,True,1.430511474609375e-06
1351,39.22117108898237,0,49.026901,True,True,1.430511474609375e-06
1352,39.25350271697971,0,32.172722,True,True,1.430511474609375e-06
1353,39.28657846999704,0,32.985986,True,True,1.430511474609375e-06
1354,39.31861946298159,0,31.900779,True,True,1.430511474609375e-06
1355,39.35053007397801,0,31.822258,True,True,1.430511474609375e-06
1356,39.38298231299268,0,32.367552,True,True,1.430511474609375e-06
1357,39.410048419988016,0,26.961799,True,True,1.430511474609375e-06
1358,39.42833260400221,0,18.199482,True,True,1.430511474609375e-06
1359,39.44571130798431,0,17.31778,True,True,1.430511474609375e-06
1360,39.46318870599498,0,17.425918,True,True,1.430511474609375e-06
1361,39.480151658994146,0,16.911814,True,True,1.430511474609375e-06
1362,39.49719741198351,0,16.995963,True,True,1.430511474609375e-06
1363,39.51444259498385,0,17.193813,True,True,1.430511474609375e-06
1364,39.53141875998699,0,16.926232,True,True,1.430511474609375e-06
1365,39.54916870300076,0,17.706916,True,True,1.430511474609375e-06
1366,39.566242942993995,0,17.028077,True,True,1.430511474609375e-06
1367,39.58425362900016,0,17.965051,True,True,1.430511474609375e-06
1368,39.6088101999776,0,24.503742,True,True,1.430511474609375e-06
1369,39.64682041099877,0,37.937864,True,True,1.430511474609375e-06
1370,39.67404743999941,0,27.114251,True,True,1.430511474609375e-06
1371,39.70617448099074,0,32.040936,True,True,1.430511474609375e-06
1372,39.73871749499813,0,32.445253,True,True,1.430511474609375e-06
1373,39.768586489983136,0,29.771718,True,True,1.430511474609375e-06
1374,39.80211168900132,0,33.437145,True,True,1.430511474609375e-06
1375,39.84958755597472,0,47.277463,True,True,1.430511474609375e-06
1376,39.88158706398099,0,31.864528,True,True,1.430511474609375e-06
1377,39.91350825698464,0,31.830069,True,True,1.430511474609375e-06
1378,39.945927071996266,0,32.334913,True,True,1.430511474609375e-06
1379,39.97818411697517,0,32.155729,True,True,1.430511474609375e-06
1380,40.005091266997624,0,26.804381,True,True,1.430511474609375e-06
1381,40.03474020399153,0,29.572854,True,True,1.430511474609375e-06
1382,40.06633663398679,0,31.505535,True,True,1.430511474609375e-06
1383,40.098640777985565,0,32.220167,True,True,1.430511474609375e-06
1384,40.131782482989365,0,33.017679,True,True,1.430511474609375e-06
1385,40.18166503799148,0,49.740694,True,True,1.430511474609375e-06
1386,40.21363575599389,0,31.838786,True,True,1.430511474609375e-06
1387,40.24555599299492,0,31.833819,True,True,1.430511474609375e-06
1388,40.27802225298365,0,32.395026,True,True,1.430511474609375e-06
1389,40.30494082599762,0,26.835195,True,True,1.430511474609375e-06
1390,40.33484947698889,0,29.843016,True,True,1.430511474609375e-06
1391,40.366916123981355,0,31.991606,True,True,1.430511474609375e-06
1392,40.39887698998791,0,31.880025,True,True,1.430511474609375e-06
1393,40.418799962993944,0,19.83366,True,True,1.430511474609375e-06
1394,40.43653966099373,0,17.67748,True,True,1.430511474609375e-06
1395,40.45361664899974,0,17.025923,True,True,1.430511474609375e-06
1396,40.47081253898796,0,17.150976,True,True,1.430511474609375e-06
1397,40.48886003199732,0,18.003098,True,True,1.430511474609375e-06
1398,40.506154087983305,0,17.247947,True,True,1.430511474609375e-06
1399,40.523718868993456,0,17.521804,True,True,1.430511474609375e-06
1400,40.54074237597524,0,16.976488,True,True,1.430511474609375e-06
1401,40.557764172990574,0,16.980621,True,True,1.430511474609375e-06
1402,40.574902096996084,0,17.094885,True,True,1.430511474609375e-06
1403,40.5969093599997,0,21.962761,True,True,1.430511474609375e-06
1404,40.629371677991,0,32.416761,True,True,1.430511474609375e-06
1405,40.662257760996,0,32.8116,True,True,1.430511474609375e-06
1406,40.69477708998602,0,32.427974,True,True,1.430511474609375e-06
1407,40.72662147600204,0,31.76262,True,True,1.430511474609375e-06
1408,40.75864436899428,0,31.942518,True,True,1.430511474609375e-06
1409,40.791142191999825,0,32.415329,True,True,1.430511474609375e-06
1410,40.83959743299056,0,48.368345,True,True,1.430511474609375e-06
1411,40.86672224197537,0,26.994058,True,True,1.430511474609375e-06
1412,40.89598682598444,0,29.186079,True,True,1.430511474609375e-06
1413,40.92774095898494,0,31.689048,True,True,1.430511474609375e-06
1414,40.95960352799739,0,31.783731,True,True,1.430511474609375e-06
1415,40.99185603999649,0,32.174861,True,True,1.430511474609375e-06
1416,41.024509583978215,0,32.57034,True,True,1.430511474609375e-06
1417,41.05689936797717,0,32.285852,True,True,1.430511474609375e-06
1418,41.083919835975394,0,26.934158,True,True,1.430511474609375e-06
1419,41.13005423700088,0,46.065112,True,True,1.430511474609375e-06
1420,41.17888892997871,0,48.709947,True,True,1.430511474609375e-06
1421,41.21084210000117,0,31.822031,True,True,1.430511474609375e-06
1422,41.24310829798924,0,32.182629,True,True,1.430511474609375e-06
1423,41.275935738987755,0,32.742838,True,True,1.430511474609375e-06
1424,41.30795389198465,0,31.936266,True,True,1.430511474609375e-06
1425,41.33985555797699,0,31.824704,True,True,1.430511474609375e-06
1426,41.3665367429785,0,26.597214,True,True,1.430511474609375e-06
1427,41.39599968897528,0,29.399302,True,True,1.430511474609375e-06
1428,41.41637931097648,0,20.319475,True,True,1.430511474609375e-06
1429,41.433826849999605,0,17.386974,True,True,1.430511474609375e-06
1430,41.45116397598758,0,17.289991,True,True,1.430511474609375e-06
1431,41.46827117097564,0,17.061203,True,True,1.430511474609375e-06
1432,41.48547791398596,0,17.152571,True,True,1.430511474609375e-06
1433,41.502476348978234,0,16.955373,True,True,1.430511474609375e-06
1434,41.51965124698472,0,17.131187,True,True,1.430511474609375e-06
1435,41.53758093700162,0,17.887683,True,True,1.430511474609375e-06
1436,41.55509306199383,0,17.466339,True,True,1.430511474609375e-06
1437,41.57330584398005,0,18.16483,True,True,1.430511474609375e-06
1438,41.597620529995766,0,24.265981,True,True,1.430511474609375e-06
1439,41.63517788099125,0,37.503989,True,True,1.430511474609375e-06
1440,41.66181365799275,0,26.552245,True,True,1.430511474609375e-06
1441,41.69169800999225,0,29.822657,True,True,1.430511474609375e-06
1442,41.72431015298935,0,32.550567,True,True,1.430511474609375e-06
1443,41.75620336298016,0,31.820934,True,True,1.430511474609375e-06
1444,41.7879826919816,0,31.698697,True,True,1.430511474609375e-06
1445,41.836803240992595,0,48.742123,True,True,1.430511474609375e-06
1446,41.86900513499859,0,32.065788,True,True,1.430511474609375e-06
1447,41.90144687198335,0,32.357421,True,True,1.430511474609375e-06
1448,41.92814820699277,0,26.61755,True,True,1.430511474609375e-06
1449,41.957999769976595,0,29.778605,True,True,1.430511474609375e-06
1450,41.99060040398035,0,32.537972,True,True,1.430511474609375e-06
1451,42.022263298975304,0,31.584675,True,True,1.430511474609375e-06
1452,42.054754618002335,0,32.39583,True,True,1.430511474609375e-06
1453,42.08770757098682,0,32.866137,True,True,1.430511474609375e-06
1454,42.12007527099922,0,32.283624,True,True,1.430511474609375e-06
1455,42.16884633398149,0,48.68806,True,True,1.430511474609375e-06
1456,42.19602687098086,0,27.053545,True,True,1.430511474609375e-06
1457,42.22539157999563,0,29.285862,True,True,1.430511474609375e-06
1458,42.25744610399124,0,31.991696,True,True,1.430511474609375e-06
1459,42.289751773991156,0,32.222876,True,True,1.430511474609375e-06
1460,42.32238804898225,0,32.555174,True,True,1.430511474609375e-06
1461,42.35452510599862,0,32.057586,True,True,1.430511474609375e-06
1462,42.3874339699978,0,32.830104,True,True,1.430511474609375e-06
1463,42.407608448993415,0,20.097006,True,True,1.430511474609375e-06
1464,42.42484845497529,0,17.178071,True,True,1.430511474609375e-06
1465,42.4420119819988,0,17.112682,True,True,1.430511474609375e-06
1466,42.45948650399805,0,17.42778,True,True,1.430511474609375e-06
1467,42.477794756996445,0,18.230377,True,True,1.430511474609375e-06
1468,42.49546319199726,0,17.558047,True,True,1.430511474609375e-06
1469,42.51320758098154,0,17.668718,True,True,1.430511474609375e-06
1470,42.530423541000346,0,17.158453,True,True,1.430511474609375e-06
1471,42.54748762000236,0,17.016385,True,True,1.430511474609375e-06
1472,42.564673589979066,0,17.131849,True,True,1.430511474609375e-06
1473,42.58200605100137,0,17.280147,True,True,1.430511474609375e-06
1474,42.618835383997066,0,36.714987,True,True,1.430511474609375e-06
1475,42.65212236699881,0,33.151305,True,True,1.430511474609375e-06
1476,42.68388993499684,0,31.652122,True,True,1.430511474609375e-06
1477,42.715902016992914,0,31.919691,True,True,1.430511474609375e-06
1478,42.748697244998766,0,32.721814,True,True,1.430511474609375e-06
1479,42.78075721798814,0,31.978473,True,True,1.430511474609375e-06
1480,42.8295922659745,0,48.750161,True,True,1.430511474609375e-06
1481,42.87067900097463,0,40.939075,True,True,1.430511474609375e-06
1482,42.90240927497507,0,31.621525,True,True,1.430511474609375e-06
1483,42.9343624629837,0,31.862438,True,True,1.430511474609375e-06
1484,42.96717506999266,0,32.736481,True,True,1.430511474609375e-06
1485,42.999394446000224,0,32.091659,True,True,1.430511474609375e-06
1486,43.032437261979794,0,32.948215,True,True,1.430511474609375e-06
1487,43.064654121000785,0,32.101524,True,True,1.430511474609375e-06
1488,43.09160214298754,0,26.874103,True,True,1.430511474609375e-06
1489,43.1215134979866,0,29.801844,True,True,1.430511474609375e-06
1490,43.17012159698061,0,48.525527,True,True,1.430511474609375e-06
1491,43.202139319997514,0,31.884616,True,True,1.430511474609375e-06
1492,43.23498559597647,0,32.768563,True,True,1.430511474609375e-06
1493,43.266570458974456,0,31.494824,True,True,1.430511474609375e-06
1494,43.29870972697972,0,32.070359,True,True,1.430511474609375e-06
1495,43.33128195698373,0,32.490298,True,True,1.430511474609375e-06
1496,43.36267150499043,0,31.30039,True,True,1.430511474609375e-06
1497,43.387467341002775,0,24.723376,True,True,1.430511474609375e-06
1498,43.414370190002955,0,26.841385,True,True,1.430511474609375e-06
1499,43.43236744299065,0,17.932933,True,True,1.430511474609375e-06
1500,43.4596517199825,0,27.2234,True,True,1.430511474609375e-06
1501,43.47807843697956,0,18.327564,True,True,1.430511474609375e-06
1502,43.495446858985815,0,17.291817,True,True,1.430511474609375e-06
1503,43.51349031899008,0,17.984224,True,True,1.430511474609375e-06
1504,43.530992010986665,0,17.440656,True,True,1.430511474609375e-06
1505,43.54892871697666,0,17.887904,True,True,1.430511474609375e-06
1506,43.56628295898554,0,17.298155,True,True,1.430511474609375e-06
1507,43.583515755977714,0,17.17874,True,True,1.430511474609375e-06
1508,43.60859224500018,0,25.014697,True,True,1.430511474609375e-06
1509,43.63865905799321,0,29.982139,True,True,1.430511474609375e-06
1510,43.67142698497628,0,32.677623,True,True,1.430511474609375e-06
1511,43.703824027994415,0,32.293664,True,True,1.430511474609375e-06
1512,43.73606520899921,0,32.14145,True,True,1.430511474609375e-06
1513,43.763072370988084,0,26.921977,True,True,1.430511474609375e-06
1514,43.793060133990366,0,29.917015,True,True,1.430511474609375e-06
1515,43.84047102899058,0,47.336273,True,True,1.430511474609375e-06
1516,43.87462328697438,0,34.018471,True,True,1.430511474609375e-06
1517,43.90803158900235,0,33.294066,True,True,1.430511474609375e-06
1518,43.93994414797635,0,31.815633,True,True,1.430511474609375e-06
1519,43.97171963498113,0,31.69109,True,True,1.430511474609375e-06
1520,44.00431202497566,0,32.484105,True,True,1.430511474609375e-06
1521,44.03733011498116,0,32.881596,True,True,1.430511474609375e-06
1522,44.0692273429886,0,31.794275,True,True,1.430511474609375e-06
1523,44.09605511999689,0,26.764489,True,True,1.430511474609375e-06
1524,44.15937292698072,0,63.255327,True,True,1.430511474609375e-06
1525,44.191336981981294,0,31.824572,True,True,1.430511474609375e-06
1526,44.22395671499544,0,32.530926,True,True,1.430511474609375e-06
1527,44.255854459974216,0,31.814977,True,True,1.430511474609375e-06
1528,44.288093962997664,0,32.151478,True,True,1.430511474609375e-06
1529,44.320942367980024,0,32.774273,True,True,1.430511474609375e-06
1530,44.35292558997753,0,31.898117,True,True,1.430511474609375e-06
1531,44.379857104999246,0,26.860748,True,True,1.430511474609375e-06
1532,44.404840481991414,0,24.919941,True,True,1.430511474609375e-06
1533,44.422120516974246,0,17.223666,True,True,1.430511474609375e-06
1534,44.439282870996976,0,17.114133,True,True,1.430511474609375e-06
1535,44.4567103649897,0,17.376886,True,True,1.430511474609375e-06
1536,44.47369669598993,0,16.919137,True,True,1.430511474609375e-06
1537,44.490905514976475,0,17.156975,True,True,1.430511474609375e-06
1538,44.50798478900106,0,17.023445,True,True,1.430511474609375e-06
1539,44.52622390497709,0,18.185513,True,True,1.430511474609375e-06
1540,44.54345628799638,0,17.186224,True,True,1.430511474609375e-06
1541,44.56060658299248,0,17.104161,True,True,1.430511474609375e-06
1542,44.57811430297443,0,17.457724,True,True,1.430511474609375e-06
1543,44.61004420000245,0,31.879921,True,True,1.430511474609375e-06
1544,44.642485516000306,0,32.325447,True,True,1.430511474609375e-06
1545,44.67223769298289,0,29.638222,True,True,1.430511474609375e-06
1546,44.703524808981456,0,31.184627,True,True,1.430511474609375e-06
1547,44.73482881698874,0,31.22065,True,True,1.430511474609375e-06
1548,44.76711629398051,0,32.214673,True,True,1.430511474609375e-06
1549,44.79881934999139,0,31.616373,True,True,1.430511474609375e-06
1550,44.84258105198387,0,43.689334,True,True,1.430511474609375e-06
1551,44.874390281998785,0,31.673517,True,True,1.430511474609375e-06
1552,44.90424916299526,0,29.765308,True,True,1.430511474609375e-06
1553,44.936063503002515,0,31.729904,True,True,1.430511474609375e-06
1554,44.98432742099976,0,48.180287,True,True,1.430511474609375e-06
1555,45.016298487986205,0,31.839873,True,True,1.430511474609375e-06
1556,45.04825759798405,0,31.875214,True,True,1.430511474609375e-06
1557,45.07472653698642,0,26.383594,True,True,1.430511474609375e-06
1558,45.1044524909812,0,29.658358,True,True,1.430511474609375e-06
1559,45.139598187000956,0,35.079708,True,True,1.430511474609375e-06
1560,45.18501068599289,0,45.272653,True,True,1.430511474609375e-06
1561,45.21694145599031,0,31.81852,True,True,1.430511474609375e-06
1562,45.249203867977485,0,32.187129,True,True,1.430511474609375e-06
1563,45.28201943798922,0,32.72867,True,True,1.430511474609375e-06
1564,45.30893605700112,0,26.834691,True,True,1.430511474609375e-06
1565,45.338583306991495,0,29.575843,True,True,1.430511474609375e-06
1566,45.3711327269848,0,32.479159,True,True,1.430511474609375e-06
1567,45.403198210988194,0,31.989367,True,True,1.430511474609375e-06
1568,45.423050572979264,0,19.77322,True,True,1.430511474609375e-06
1569,45.44059297197964,0,17.484563,True,True,1.430511474609375e-06
1570,45.45857198597514,0,17.931265,True,True,1.430511474609375e-06
1571,45.476098118000664,0,17.467362,True,True,1.430511474609375e-06
1572,45.49338070998783,0,17.235422,True,True,1.430511474609375e-06
1573,45.51047974897665,0,17.053608,True,True,1.430511474609375e-06
1574,45.527824345976114,0,17.296214,True,True,1.430511474609375e-06
1575,45.54583333697519,0,17.947782,True,True,1.430511474609375e-06
1576,45.56323640598566,0,17.346934,True,True,1.430511474609375e-06
1577,45.58036882898887,0,17.085067,True,True,1.430511474609375e-06
1578,45.604910764988745,0,24.492625,True,True,1.430511474609375e-06
1579,45.636828225979116,0,31.846575,True,True,1.430511474609375e-06
1580,45.66585764900083,0,28.933484,True,True,1.430511474609375e-06
1581,45.698100557987345,0,32.171023,True,True,1.430511474609375e-06
1582,45.730252445995575,0,32.057758,True,True,1.430511474609375e-06
1583,45.76233436798793,0,31.993547,True,True,1.430511474609375e-06
1584,45.81074676499702,0,48.333665,True,True,1.430511474609375e-06
1585,45.85955437697703,0,48.678785,True,True,1.430511474609375e-06
1586,45.88700285699451,0,27.321215,True,True,1.430511474609375e-06
1587,45.91906006197678,0,31.983565,True,True,1.430511474609375e-06
1588,45.9489504689991,0,29.794221,True,True,1.430511474609375e-06
1589,45.98121506898315,0,32.18987,True,True,1.430511474609375e-06
1590,46.013502871996025,0,32.184861,True,True,1.430511474609375e-06
1591,46.04592192400014,0,32.312503,True,True,1.430511474609375e-06
1592,46.07823670399375,0,32.230927,True,True,1.430511474609375e-06
1593,46.11014138397877,0,31.818806,True,True,1.430511474609375e-06
1594,46.1590762269916,0,48.851309,True,True,1.430511474609375e-06
1595,46.186416886979714,0,27.208166,True,True,1.430511474609375e-06
1596,46.216069511981914,0,29.577093,True,True,1.430511474609375e-06
1597,46.24806578498101,0,31.93673,True,True,1.430511474609375e-06
1598,46.28046198398806,0,32.318493,True,True,1.430511474609375e-06
1599,46.31277869298356,0,32.245908,True,True,1.430511474609375e-06
1600,46.34488165797666,0,32.024547,True,True,1.430511474609375e-06
1601,46.377116872987244,0,32.147748,True,True,1.430511474609375e-06
1602,46.40429861898883,0,27.098348,True,True,1.430511474609375e-06
1603,46.4223304289917,0,17.962625,True,True,1.430511474609375e-06
1604,46.43945235697902,0,17.064933,True,True,1.430511474609375e-06
1605,46.456744620983955,0,17.245594,True,True,1.430511474609375e-06
1606,46.47386720098439,0,17.072678,True,True,1.430511474609375e-06
1607,46.49121445597848,0,17.288606,True,True,1.430511474609375e-06
1608,46.50859407198732,0,17.321563,True,True,1.430511474609375e-06
1609,46.52582364997943,0,17.180371,True,True,1.430511474609375e-06
1610,46.54363050899701,0,17.759165,True,True,1.430511474609375e-06
1611,46.56091866097995,0,17.241886,True,True,1.430511474609375e-06
1612,46.57793133798987,0,16.95755,True,True,1.430511474609375e-06
1613,46.603035805979744,0,25.057862,True,True,1.430511474609375e-06
1614,46.63984590998734,0,36.732367,True,True,1.430511474609375e-06
1615,46.67204091598978,0,32.107214,True,True,1.430511474609375e-06
1616,46.703777557995636,0,31.645371,True,True,1.430511474609375e-06
1617,46.73026366299018,0,26.413001,True,True,1.430511474609375e-06
1618,46.759709582984215,0,29.379085,True,True,1.430511474609375e-06
1619,46.79207518399926,0,32.304113,True,True,1.430511474609375e-06
1620,46.82415894098813,0,31.999622,True,True,1.430511474609375e-06
1621,46.87257699397742,0,48.321267,True,True,1.430511474609375e-06
1622,46.90467424198869,0,31.95884,True,True,1.430511474609375e-06
1623,46.93703295500018,0,32.275059,True,True,1.430511474609375e-06
1624,46.96896154599381,0,31.846203,True,True,1.430511474609375e-06
1625,46.994463251001434,0,25.417583,True,True,1.430511474609375e-06
1626,47.02574973498122,0,31.222598,True,True,1.430511474609375e-06
1627,47.05854414199712,0,32.704887,True,True,1.430511474609375e-06
1628,47.09050378299435,0,31.873136,True,True,1.430511474609375e-06
1629,47.12293821098865,0,32.354374,True,True,1.430511474609375e-06
1630,47.172615204995964,0,49.59235,True,True,1.430511474609375e-06
1631,47.205564732983476,0,32.817444,True,True,1.430511474609375e-06
1632,47.237917246995494,0,32.261037,True,True,1.430511474609375e-06
1633,47.27019331898191,0,32.197668,True,True,1.430511474609375e-06
1634,47.30265096799121,0,32.376373,True,True,1.430511474609375e-06
1635,47.32759555699886,0,24.862412,True,True,1.430511474609375e-06
1636,47.35924923597486,0,31.585745,True,True,1.430511474609375e-06
1637,47.39199668599758,0,32.658065,True,True,1.430511474609375e-06
1638,47.41203364499961,0,19.957406,True,True,1.430511474609375e-06
1639,47.4292260039947,0,17.130195,True,True,1.430511474609375e-06
1640,47.45786447299179,0,28.585982,True,True,1.430511474609375e-06
1641,47.4792369689967,0,21.250715,True,True,1.430511474609375e-06
1642,47.49693055599346,0,17.573497,True,True,1.430511474609375e-06
1643,47.514399791980395,0,17.398191,True,True,1.430511474609375e-06
1644,47.53135716999532,0,16.900442,True,True,1.430511474609375e-06
1645,47.54944550298387,0,18.036993,True,True,1.430511474609375e-06
1646,47.56731457798742,0,17.81419,True,True,1.430511474609375e-06
1647,47.646742482989794,0,79.311501,True,True,1.430511474609375e-06
1648,47.66688603698276,0,19.998914,True,True,1.430511474609375e-06
1649,47.737878227984766,0,70.874619,True,True,1.430511474609375e-06
1650,47.75853128399467,0,20.509086,True,True,1.430511474609375e-06
1651,47.77609493097407,0,17.477511,True,True,1.430511474609375e-06
1652,47.845630206982605,0,69.47502,True,True,1.430511474609375e-06
1653,47.865945600002306,0,20.124994,True,True,1.430511474609375e-06
1654,47.936754037975334,0,70.676584,True,True,1.430511474609375e-06
1655,47.95628551399568,0,19.387808,True,True,1.430511474609375e-06
1656,47.97368247099803,0,17.316633,True,True,1.430511474609375e-06
1657,48.01951279299101,0,45.770018,True,True,1.430511474609375e-06
1658,48.04664320399752,0,27.010175,True,True,1.430511474609375e-06
1659,48.07638203699025,0,29.655281,True,True,1.430511474609375e-06
1660,48.10826481998083,0,31.806974,True,True,1.430511474609375e-06
1661,48.157432310981676,0,49.066117,True,True,1.430511474609375e-06
1662,48.18958374200156,0,32.015744,True,True,1.430511474609375e-06
1663,48.22589777997928,0,36.232799,True,True,1.430511474609375e-06
1664,48.257575755997095,0,31.576671,True,True,1.430511474609375e-06
1665,48.29059168699314,0,32.949672,True,True,1.430511474609375e-06
1666,48.32256787997903,0,31.892405,True,True,1.430511474609375e-06
1667,48.35469824000029,0,32.050881,True,True,1.430511474609375e-06
1668,48.38688677697792,0,32.110781,True,True,1.430511474609375e-06
1669,48.413493360974826,0,26.524233,True,True,1.430511474609375e-06
1670,48.431440112995915,0,17.883762,True,True,1.430511474609375e-06
1671,48.44897178199608,0,17.478088,True,True,1.430511474609375e-06
1672,48.46641619098955,0,17.383767,True,True,1.430511474609375e-06
1673,48.48344645299949,0,16.969597,True,True,1.430511474609375e-06
1674,48.50068398899748,0,17.1825,True,True,1.430511474609375e-06
1675,48.518172108975705,0,17.432724,True,True,1.430511474609375e-06
1676,48.53517970498069,0,16.957589,True,True,1.430511474609375e-06
1677,48.55234963897965,0,17.120099,True,True,1.430511474609375e-06
1678,48.569258032977814,0,16.85888,True,True,1.430511474609375e-06
1679,48.593749117979314,0,24.440516,True,True,1.430511474609375e-06
1680,48.6253070049861,0,31.480216,True,True,1.430511474609375e-06
1681,48.65547825000249,0,30.081903,True,True,1.430511474609375e-06
1682,48.68703853499028,0,31.475615,True,True,1.430511474609375e-06
1683,48.71876098998473,0,31.631316,True,True,1.430511474609375e-06
1684,48.75177587597864,0,32.933395,True,True,1.430511474609375e-06
1685,48.78403558698483,0,32.172676,True,True,1.430511474609375e-06
1686,48.819222785998136,0,35.104029,True,True,1.430511474609375e-06
1687,48.86855957499938,0,49.236103,True,True,1.430511474609375e-06
1688,48.90057322298526,0,31.880191,True,True,1.430511474609375e-06
1689,48.932426528976066,0,31.77424,True,True,1.430511474609375e-06
1690,48.964437647984596,0,31.941514,True,True,1.430511474609375e-06
1691,48.99179327097954,0,27.28027,True,True,1.430511474609375e-06
1692,49.02185410098173,0,29.984669,True,True,1.430511474609375e-06
1693,49.0555023039924,0,33.521627,True,True,1.430511474609375e-06
1694,49.08736956000212,0,31.763879,True,True,1.430511474609375e-06
1695,49.11973035798292,0,32.293742,True,True,1.430511474609375e-06
1696,49.1691134099965,0,49.305702,True,True,1.430511474609375e-06
1697,49.20112870298908,0,31.881745,True,True,1.430511474609375e-06
1698,49.233890718984185,0,32.67903,True,True,1.430511474609375e-06
1699,49.26644393798779,0,32.471737,True,True,1.430511474609375e-06
1700,49.29857356499997,0,32.055443,True,True,1.430511474609375e-06
1701,49.33093256299617,0,32.278382,True,True,1.430511474609375e-06
1702,49.3558927809936,0,24.879593,True,True,1.430511474609375e-06
1703,49.3869672799774,0,31.004317,True,True,1.430511474609375e-06
1704,49.426118014991516,0,39.069855,True,True,1.430511474609375e-06
1705,49.44451176500297,0,18.278148,True,True,1.430511474609375e-06
1706,49.462312653980916,0,17.722572,True,True,1.430511474609375e-06
1707,49.479489466000814,0,17.116817,True,True,1.430511474609375e-06
1708,49.49665861399262,0,17.106465,True,True,1.430511474609375e-06
1709,49.5137249409745,0,17.009737,True,True,1.430511474609375e-06
1710,49.53097540899762,0,17.192995,True,True,1.430511474609375e-06
1711,49.548016870976426,0,16.99554,True,True,1.430511474609375e-06
1712,49.56523199399817,0,17.164324,True,True,1.430511474609375e-06
1713,49.58228835900081,0,17.007449,True,True,1.430511474609375e-06
1714,49.60706326799118,0,24.720207,True,True,1.430511474609375e-06
1715,49.64444320197799,0,37.301197,True,True,1.430511474609375e-06
1716,49.6716709129978,0,27.134639,True,True,1.430511474609375e-06
1717,49.70390091399895,0,32.145145,True,True,1.430511474609375e-06
1718,49.736195459001465,0,32.199504,True,True,1.430511474609375e-06
1719,49.76650859997608,0,30.178479,True,True,1.430511474609375e-06
1720,49.798685642977944,0,32.103081,True,True,1.430511474609375e-06
1721,49.83109771698946,0,32.331246,True,True,1.430511474609375e-06
1722,49.87996214698069,0,48.764965,True,True,1.430511474609375e-06
1723,49.911982671997976,0,31.883055,True,True,1.430511474609375e-06
1724,49.94392485698336,0,31.853617,True,True,1.430511474609375e-06
1725,49.97132338999654,0,27.315284,True,True,1.430511474609375e-06
1726,50.01120959597756,0,39.806931,True,True,1.430511474609375e-06
1727,50.0440260769974,0,32.685326,True,True,1.430511474609375e-06
1728,50.0884303439816,0,44.29256,True,True,1.430511474609375e-06
1729,50.11925261799479,0,30.701261,True,True,1.430511474609375e-06
1730,50.16657483598101,0,47.230569,True,True,1.430511474609375e-06
1731,50.19808870498673,0,31.378073,True,True,1.430511474609375e-06
1732,50.23097417797544,0,32.796613,True,True,1.430511474609375e-06
1733,50.26297809497919,0,31.883044,True,True,1.430511474609375e-06
1734,50.29483459299081,0,31.776002,True,True,1.430511474609375e-06
1735,50.32713434798643,0,32.221395,True,True,1.430511474609375e-06
1736,50.36012322199531,0,32.87708,True,True,1.430511474609375e-06
1737,50.387146801978815,0,26.919769,True,True,1.430511474609375e-06
1738,50.412170878000325,0,24.942366,True,True,1.430511474609375e-06
1739,50.42946467400179,0,17.230947,True,True,1.430511474609375e-06
1740,50.446787064982345,0,17.266401,True,True,1.430511474609375e-06
1741,50.46388443399337,0,17.047714,True,True,1.430511474609375e-06
1742,50.48115320299985,0,17.2143,True,True,1.430511474609375e-06
1743,50.49819567697705,0,16.990861,True,True,1.430511474609375e-06
1744,50.51651365298312,0,18.264936,True,True,1.430511474609375e-06
1745,50.53402572099003,0,17.435772,True,True,1.430511474609375e-06
1746,50.552177442994434,0,18.094033,True,True,1.430511474609375e-06
1747,50.56986830799724,0,17.642092,True,True,1.430511474609375e-06
1748,50.588132476987084,0,18.199282,True,True,1.430511474609375e-06
1749,50.633303946990054,0,45.091752,True,True,1.430511474609375e-06
1750,50.66499334599939,0,31.554374,True,True,1.430511474609375e-06
1751,50.69545752299018,0,30.364988,True,True,1.430511474609375e-06
1752,50.743764810991706,0,48.199664,True,True,1.430511474609375e-06
1753,50.77557101499406,0,31.675256,True,True,1.430511474609375e-06
1754,50.807612923992565,0,31.952948,True,True,1.430511474609375e-06
1755,50.83920199898421,0,31.500243,True,True,1.430511474609375e-06
1756,50.88315518197487,0,43.853595,True,True,1.430511474609375e-06
1757,50.91226991597796,0,28.97836,True,True,1.430511474609375e-06
1758,50.943617552984506,0,31.263365,True,True,1.430511474609375e-06
1759,50.97601273699547,0,32.329004,True,True,1.430511474609375e-06
1760,51.00791236499208,0,31.819159,True,True,1.430511474609375e-06
1761,51.040391027985606,0,32.38544,True,True,1.430511474609375e-06
1762,51.07301351899514,0,32.485617,True,True,1.430511474609375e-06
1763,51.10490378999384,0,31.818257,True,True,1.430511474609375e-06
1764,51.13186421597493,0,26.872242,True,True,1.430511474609375e-06
1765,51.17871160499635,0,46.753666,True,True,1.430511474609375e-06
1766,51.222017564985435,0,43.166749,True,True,1.430511474609375e-06
1767,51.25392791198101,0,31.809853,True,True,1.430511474609375e-06
1768,51.28063490398927,0,26.62985,True,True,1.430511474609375e-06
1769,51.31079099699855,0,30.089142,True,True,1.430511474609375e-06
1770,51.34327661799034,0,32.417198,True,True,1.430511474609375e-06
1771,51.37519035299192,0,31.817485,True,True,1.430511474609375e-06
1772,51.40202529699309,0,26.753099,True,True,1.430511474609375e-06
1773,51.42006659699837,0,17.967485,True,True,1.430511474609375e-06
1774,51.43719495498226,0,17.071561,True,True,1.430511474609375e-06
1775,51.45438564897631,0,17.143513,True,True,1.430511474609375e-06
1776,51.47139636799693,0,16.959166,True,True,1.430511474609375e-06
1777,51.48861076700268,0,17.1669,True,True,1.430511474609375e-06
1778,51.505840067984536,0,17.178473,True,True,1.430511474609375e-06
1779,51.52286449499661,0,16.972157,True,True,1.430511474609375e-06
1780,51.54041359198163,0,17.504006,True,True,1.430511474609375e-06
1781,51.568026683002245,0,27.567058,True,True,1.430511474609375e-06
1782,51.59336028198595,0,25.234029,True,True,1.430511474609375e-06
1783,51.630074788990896,0,36.625659,True,True,1.430511474609375e-06
1784,51.656976489990484,0,26.807574,True,True,1.430511474609375e-06
1785,51.68709205798223,0,30.032307,True,True,1.430511474609375e-06
1786,51.719990227982635,0,32.822712,True,True,1.430511474609375e-06
1787,51.752238114975626,0,32.154134,True,True,1.430511474609375e-06
1788,51.78380578898941,0,31.483913,True,True,1.430511474609375e-06
1789,51.821433520002756,0,37.560888,True,True,1.430511474609375e-06
1790,51.85741222498473,0,35.890397,True,True,1.430511474609375e-06
1791,51.90237045197864,0,44.82994,True,True,1.430511474609375e-06
1792,51.93562213299447,0,33.1435,True,True,1.430511474609375e-06
1793,51.96840859099757,0,32.681612,True,True,1.430511474609375e-06
1794,52.00013093999587,0,31.621641,True,True,1.430511474609375e-06
