iteration,elapsed_s,window_index,latency_ms,finite,correct,max_abs_error
1,0.025337710976600647,0,25.331178,True,True,1.430511474609375e-06
2,0.044262265029828995,0,18.803202,True,True,1.430511474609375e-06
3,0.06332116603152826,0,18.975806,True,True,1.430511474609375e-06
4,0.08222223102347925,0,18.811513,True,True,1.430511474609375e-06
5,0.10102532600285485,0,18.730833,True,True,1.430511474609375e-06
6,0.12036297097802162,0,19.259639,True,True,1.430511474609375e-06
7,0.13943062798352912,0,19.002924,True,True,1.430511474609375e-06
8,0.1699470509774983,0,30.444123,True,True,1.430511474609375e-06
9,0.18997586000477895,0,19.907406,True,True,1.430511474609375e-06
10,0.22057616501115263,0,30.522902,True,True,1.430511474609375e-06
11,0.24006537802051753,0,19.365113,True,True,1.430511474609375e-06
12,0.25868356198770925,0,18.544677,True,True,1.430511474609375e-06
13,0.27714752900647,0,18.396026,True,True,1.430511474609375e-06
14,0.29552319197682664,0,18.317262,True,True,1.430511474609375e-06
15,0.3142019640072249,0,18.620633,True,True,1.430511474609375e-06
16,0.3330189060070552,0,18.762133,True,True,1.430511474609375e-06
17,0.3510336269973777,0,17.959053,True,True,1.430511474609375e-06
18,0.369391460029874,0,18.3055,True,True,1.430511474609375e-06
19,0.3879459719755687,0,18.505161,True,True,1.430511474609375e-06
20,0.4060168479918502,0,18.021822,True,True,1.430511474609375e-06
21,0.42578403698280454,0,19.723094,True,True,1.430511474609375e-06
22,0.4479389530024491,0,22.104425,True,True,1.430511474609375e-06
23,0.4786222369875759,0,30.60984,True,True,1.430511474609375e-06
24,0.49789533601142466,0,19.188423,True,True,1.430511474609375e-06
25,0.5162859110278077,0,18.327537,True,True,1.430511474609375e-06
26,0.5346408599871211,0,18.294732,True,True,1.430511474609375e-06
27,0.5526313000009395,0,17.938096,True,True,1.430511474609375e-06
28,0.570654513023328,0,17.974799,True,True,1.430511474609375e-06
29,0.5890997049864382,0,18.400009,True,True,1.430511474609375e-06
30,0.6071609919890761,0,18.000911,True,True,1.430511474609375e-06
31,0.6252632819814608,0,18.052454,True,True,1.430511474609375e-06
32,0.6437642370001413,0,18.455262,True,True,1.430511474609375e-06
33,0.6618982080253772,0,18.090176,True,True,1.430511474609375e-06
34,0.6799700550036505,0,18.026102,True,True,1.430511474609375e-06
35,0.6980079039931297,0,17.994034,True,True,1.430511474609375e-06
36,0.716631954011973,0,18.543612,True,True,1.430511474609375e-06
37,0.7353403079905547,0,18.600093,True,True,1.430511474609375e-06
38,0.7541050289873965,0,18.658145,True,True,1.430511474609375e-06
39,0.7725152780185454,0,18.29469,True,True,1.430511474609375e-06
40,0.7907402580021881,0,18.149078,True,True,1.430511474609375e-06
41,0.8092168740113266,0,18.424002,True,True,1.430511474609375e-06
42,0.8272629010025412,0,17.992126,True,True,1.430511474609375e-06
43,0.8452815019991249,0,17.97257,True,True,1.430511474609375e-06
44,0.8640189750003628,0,18.692392,True,True,1.430511474609375e-06
45,0.881942875974346,0,17.877353,True,True,1.430511474609375e-06
46,0.899935687019024,0,17.950409,True,True,1.430511474609375e-06
47,0.9185007580090314,0,18.51653,True,True,1.430511474609375e-06
48,0.9365945719764568,0,18.031026,True,True,1.430511474609375e-06
49,0.9546856639790349,0,18.038914,True,True,1.430511474609375e-06
50,0.9730150229879655,0,18.278775,True,True,1.430511474609375e-06
51,0.9911193180014379,0,18.058034,True,True,1.430511474609375e-06
52,1.0091983979800716,0,18.0319,True,True,1.430511474609375e-06
53,1.030333826027345,0,21.088083,True,True,1.430511474609375e-06
54,1.0515210350276902,0,21.132036,True,True,1.430511474609375e-06
55,1.069665655028075,0,18.091816,True,True,1.430511474609375e-06
56,1.0878143460140564,0,18.097639,True,True,1.430511474609375e-06
57,1.1062487890012562,0,18.379407,True,True,1.430511474609375e-06
58,1.1248311410308816,0,18.526429,True,True,1.430511474609375e-06
59,1.1431050199898891,0,18.218937,True,True,1.430511474609375e-06
60,1.163645044027362,0,20.467812,True,True,1.430511474609375e-06
61,1.1920355450129136,0,28.289023,True,True,1.430511474609375e-06
62,1.2217144509777427,0,29.58945,True,True,1.430511474609375e-06
63,1.2407588600181043,0,18.944449,True,True,1.430511474609375e-06
64,1.2588966860203072,0,18.071739,True,True,1.430511474609375e-06
65,1.2769560239976272,0,18.004019,True,True,1.430511474609375e-06
66,1.305508338031359,0,28.499523,True,True,1.430511474609375e-06
67,1.323913067986723,0,18.331238,True,True,1.430511474609375e-06
68,1.3421130169881508,0,18.136856,True,True,1.430511474609375e-06
69,1.3601154360221699,0,17.952589,True,True,1.430511474609375e-06
70,1.3784444950288162,0,18.282834,True,True,1.430511474609375e-06
71,1.396712618006859,0,18.225521,True,True,1.430511474609375e-06
72,1.4146765529876575,0,17.9127,True,True,1.430511474609375e-06
73,1.4330671349889599,0,18.338381,True,True,1.430511474609375e-06
74,1.451108151988592,0,17.97972,True,True,1.430511474609375e-06
75,1.4690301669761539,0,17.871961,True,True,1.430511474609375e-06
76,1.487370545975864,0,18.294524,True,True,1.430511474609375e-06
77,1.5052886870107614,0,17.858621,True,True,1.430511474609375e-06
78,1.5231909290305339,0,17.855775,True,True,1.430511474609375e-06
79,1.5414924279903062,0,18.252666,True,True,1.430511474609375e-06
80,1.559681516024284,0,18.140832,True,True,1.430511474609375e-06
81,1.577770108007826,0,18.041203,True,True,1.430511474609375e-06
82,1.5963282430311665,0,18.489426,True,True,1.430511474609375e-06
83,1.6144142730045132,0,18.016953,True,True,1.430511474609375e-06
84,1.638701101008337,0,24.232996,True,True,1.430511474609375e-06
85,1.6571322390227579,0,18.372599,True,True,1.430511474609375e-06
86,1.6752485539764166,0,18.073913,True,True,1.430511474609375e-06
87,1.6932706420193426,0,17.974865,True,True,1.430511474609375e-06
88,1.7116958199767396,0,18.382454,True,True,1.430511474609375e-06
89,1.7296749519882724,0,17.937829,True,True,1.430511474609375e-06
90,1.7476497680181637,0,17.928287,True,True,1.430511474609375e-06
91,1.7659792579943314,0,18.284761,True,True,1.430511474609375e-06
92,1.7841578309889883,0,18.137129,True,True,1.430511474609375e-06
93,1.802236385003198,0,18.033353,True,True,1.430511474609375e-06
94,1.820568208990153,0,18.286389,True,True,1.430511474609375e-06
95,1.838756511977408,0,18.140762,True,True,1.430511474609375e-06
96,1.8567959960200824,0,17.98157,True,True,1.430511474609375e-06
97,1.8751858019968495,0,18.342191,True,True,1.430511474609375e-06
98,1.8932239310233854,0,17.995659,True,True,1.430511474609375e-06
99,1.9111697049811482,0,17.897794,True,True,1.430511474609375e-06
100,1.9296436390141025,0,18.432142,True,True,1.430511474609375e-06
101,1.9475355789763853,0,17.851673,True,True,1.430511474609375e-06
102,1.9656302179791965,0,18.050351,True,True,1.430511474609375e-06
103,1.9835643289843574,0,17.889898,True,True,1.430511474609375e-06
104,2.001582511002198,0,17.975438,True,True,1.430511474609375e-06
105,2.01994420401752,0,18.3151,True,True,1.430511474609375e-06
106,2.0379037570091896,0,17.910897,True,True,1.430511474609375e-06
107,2.0560613889829256,0,18.112594,True,True,1.430511474609375e-06
108,2.074438350973651,0,18.331874,True,True,1.430511474609375e-06
109,2.0923785230261274,0,17.895743,True,True,1.430511474609375e-06
110,2.110773401975166,0,18.346242,True,True,1.430511474609375e-06
111,2.129025267029647,0,18.199768,True,True,1.430511474609375e-06
112,2.1471614069887437,0,18.09218,True,True,1.430511474609375e-06
113,2.168804844026454,0,21.598502,True,True,1.430511474609375e-06
114,2.1978159860009328,0,28.900517,True,True,1.430511474609375e-06
115,2.2251449819887057,0,27.200164,True,True,1.430511474609375e-06
116,2.2475800390238874,0,22.332399,True,True,1.430511474609375e-06
117,2.2658604250173084,0,18.204259,True,True,1.430511474609375e-06
118,2.283985734975431,0,18.062214,True,True,1.430511474609375e-06
119,2.3024115299922414,0,18.374492,True,True,1.430511474609375e-06
120,2.3205950019764714,0,18.129671,True,True,1.430511474609375e-06
121,2.3386101680225693,0,17.968384,True,True,1.430511474609375e-06
122,2.356726293975953,0,18.070269,True,True,1.430511474609375e-06
123,2.3746461360133253,0,17.874819,True,True,1.430511474609375e-06
124,2.393023311975412,0,18.331893,True,True,1.430511474609375e-06
125,2.411327163979877,0,18.248751,True,True,1.430511474609375e-06
126,2.4294094479992054,0,18.031526,True,True,1.430511474609375e-06
127,2.4475052690249868,0,18.049051,True,True,1.430511474609375e-06
128,2.4655026129912585,0,17.94831,True,True,1.430511474609375e-06
129,2.4839817250031047,0,18.434898,True,True,1.430511474609375e-06
130,2.5020171719952486,0,17.990756,True,True,1.430511474609375e-06
131,2.520050145976711,0,17.987962,True,True,1.430511474609375e-06
132,2.5383797920076177,0,18.275369,True,True,1.430511474609375e-06
133,2.556391405989416,0,17.967771,True,True,1.430511474609375e-06
134,2.574819765985012,0,18.383748,True,True,1.430511474609375e-06
135,2.5928750190068968,0,18.005071,True,True,1.430511474609375e-06
136,2.6108924719737843,0,17.975715,True,True,1.430511474609375e-06
137,2.6293084109784104,0,18.373915,True,True,1.430511474609375e-06
138,2.647595786023885,0,18.23867,True,True,1.430511474609375e-06
139,2.6655657140072435,0,17.925118,True,True,1.430511474609375e-06
140,2.6835427909973077,0,17.933938,True,True,1.430511474609375e-06
141,2.7016374379745685,0,18.05223,True,True,1.430511474609375e-06
142,2.7196368250297382,0,17.956271,True,True,1.430511474609375e-06
143,2.73865905002458,0,18.979253,True,True,1.430511474609375e-06
144,2.7567855659872293,0,18.062623,True,True,1.430511474609375e-06
145,2.7747110670316033,0,17.872862,True,True,1.430511474609375e-06
146,2.7932087649824098,0,18.454187,True,True,1.430511474609375e-06
147,2.811238551978022,0,17.986099,True,True,1.430511474609375e-06
148,2.830060501990374,0,18.779555,True,True,1.430511474609375e-06
149,2.851300276000984,0,21.176432,True,True,1.430511474609375e-06
150,2.869596524978988,0,18.240504,True,True,1.430511474609375e-06
151,2.8879485679790378,0,18.305574,True,True,1.430511474609375e-06
152,2.906236704031471,0,18.247308,True,True,1.430511474609375e-06
153,2.9243447320186533,0,18.052787,True,True,1.430511474609375e-06
154,2.942349185992498,0,17.95995,True,True,1.430511474609375e-06
155,2.96037799998885,0,17.98315,True,True,1.430511474609375e-06
156,2.978611581027508,0,18.191972,True,True,1.430511474609375e-06
157,2.9967106970143504,0,18.059149,True,True,1.430511474609375e-06
158,3.014816491981037,0,18.050222,True,True,1.430511474609375e-06
159,3.033247223997023,0,18.383759,True,True,1.430511474609375e-06
160,3.0512768540065736,0,17.976199,True,True,1.430511474609375e-06
161,3.069299946015235,0,17.97778,True,True,1.430511474609375e-06
162,3.087637613993138,0,18.291175,True,True,1.430511474609375e-06
163,3.106039731996134,0,18.358209,True,True,1.430511474609375e-06
164,3.1242167489835992,0,18.106684,True,True,1.430511474609375e-06
165,3.142262378009036,0,17.994795,True,True,1.430511474609375e-06
166,3.162416860985104,0,20.092838,True,True,1.430511474609375e-06
167,3.1905489080236293,0,28.030856,True,True,1.430511474609375e-06
168,3.2301957469899207,0,39.548584,True,True,1.430511474609375e-06
169,3.248777383007109,0,18.453718,True,True,1.430511474609375e-06
170,3.267026975983754,0,18.176682,True,True,1.430511474609375e-06
171,3.285298825998325,0,18.211825,True,True,1.430511474609375e-06
172,3.30365154100582,0,18.294702,True,True,1.430511474609375e-06
173,3.3217495640274137,0,18.04931,True,True,1.430511474609375e-06
174,3.339951177011244,0,18.156307,True,True,1.430511474609375e-06
175,3.358013559016399,0,18.010041,True,True,1.430511474609375e-06
176,3.3763397780130617,0,18.279956,True,True,1.430511474609375e-06
177,3.394982928992249,0,18.59251,True,True,1.430511474609375e-06
178,3.413398376025725,0,18.303808,True,True,1.430511474609375e-06
179,3.4381932729738764,0,24.721586,True,True,1.430511474609375e-06
180,3.4563755830167793,0,18.119384,True,True,1.430511474609375e-06
181,3.4745343520189635,0,18.110344,True,True,1.430511474609375e-06
182,3.4927886450313963,0,18.203071,True,True,1.430511474609375e-06
183,3.5111771399970166,0,18.337744,True,True,1.430511474609375e-06
184,3.529935978993308,0,18.658213,True,True,1.430511474609375e-06
185,3.548528489016462,0,18.511434,True,True,1.430511474609375e-06
186,3.5666645169840194,0,18.08144,True,True,1.430511474609375e-06
187,3.584761445003096,0,18.053508,True,True,1.430511474609375e-06
188,3.6030662059783936,0,18.250863,True,True,1.430511474609375e-06
189,3.62123910500668,0,18.127444,True,True,1.430511474609375e-06
190,3.6392595960060135,0,17.976098,True,True,1.430511474609375e-06
191,3.6576064199907705,0,18.302003,True,True,1.430511474609375e-06
192,3.675732399977278,0,18.082286,True,True,1.430511474609375e-06
193,3.6938766629900783,0,18.102556,True,True,1.430511474609375e-06
194,3.712518132990226,0,18.595457,True,True,1.430511474609375e-06
195,3.7305763920303434,0,18.013439,True,True,1.430511474609375e-06
196,3.7487902470165864,0,18.173125,True,True,1.430511474609375e-06
197,3.767129722982645,0,18.298161,True,True,1.430511474609375e-06
198,3.785303419979755,0,18.129159,True,True,1.430511474609375e-06
199,3.803477204986848,0,18.12445,True,True,1.430511474609375e-06
200,3.8219930619816296,0,18.472001,True,True,1.430511474609375e-06
201,3.8401984539814293,0,18.161365,True,True,1.430511474609375e-06
202,3.8583708360092714,0,18.115777,True,True,1.430511474609375e-06
203,3.8770588600309566,0,18.641559,True,True,1.430511474609375e-06
204,3.8950453469878994,0,17.940438,True,True,1.430511474609375e-06
205,3.9132027170271613,0,18.109025,True,True,1.430511474609375e-06
206,3.931592533015646,0,18.344532,True,True,1.430511474609375e-06
207,3.9496360310004093,0,17.998982,True,True,1.430511474609375e-06
208,3.967918999027461,0,18.223002,True,True,1.430511474609375e-06
209,3.9863506060210057,0,18.381068,True,True,1.430511474609375e-06
210,4.004510379978456,0,18.118445,True,True,1.430511474609375e-06
211,4.022682955022901,0,18.125366,True,True,1.430511474609375e-06
212,4.045119837974198,0,22.392326,True,True,1.430511474609375e-06
213,4.063459780008998,0,18.27759,True,True,1.430511474609375e-06
214,4.081627211009618,0,18.121682,True,True,1.430511474609375e-06
215,4.100264487031382,0,18.589334,True,True,1.430511474609375e-06
216,4.11866157798795,0,18.349769,True,True,1.430511474609375e-06
217,4.136857200996019,0,18.136927,True,True,1.430511474609375e-06
218,4.1553241920191795,0,18.423221,True,True,1.430511474609375e-06
219,4.184706158994231,0,29.333112,True,True,1.430511474609375e-06
220,4.213504082988948,0,28.685202,True,True,1.430511474609375e-06
221,4.233521563990507,0,19.902809,True,True,1.430511474609375e-06
222,4.251946187985595,0,18.361584,True,True,1.430511474609375e-06
223,4.270513364986982,0,18.501984,True,True,1.430511474609375e-06
224,4.288680044992361,0,18.112431,True,True,1.430511474609375e-06
225,4.3069789609871805,0,18.242985,True,True,1.430511474609375e-06
226,4.32543925702339,0,18.413974,True,True,1.430511474609375e-06
227,4.343545145995449,0,18.057983,True,True,1.430511474609375e-06
228,4.361683911003638,0,18.07504,True,True,1.430511474609375e-06
229,4.38042832701467,0,18.686413,True,True,1.430511474609375e-06
230,4.398737578012515,0,18.259931,True,True,1.430511474609375e-06
231,4.416867032996379,0,18.077421,True,True,1.430511474609375e-06
232,4.435123145987745,0,18.195164,True,True,1.430511474609375e-06
233,4.453223760006949,0,18.043374,True,True,1.430511474609375e-06
234,4.4713310960214585,0,18.057701,True,True,1.430511474609375e-06
235,4.489757027011365,0,18.376572,True,True,1.430511474609375e-06
236,4.5080432199756615,0,18.238945,True,True,1.430511474609375e-06
237,4.527291778998915,0,19.200798,True,True,1.430511474609375e-06
238,4.5469326979946345,0,19.530992,True,True,1.430511474609375e-06
239,4.565279868023936,0,18.268415,True,True,1.430511474609375e-06
240,4.583477990003303,0,18.13672,True,True,1.430511474609375e-06
241,4.601903449976817,0,18.360977,True,True,1.430511474609375e-06
242,4.620340307999868,0,18.389691,True,True,1.430511474609375e-06
243,4.6393591850064695,0,18.967637,True,True,1.430511474609375e-06
244,4.661247315001674,0,21.838211,True,True,1.430511474609375e-06
245,4.679419205989689,0,18.124376,True,True,1.430511474609375e-06
246,4.697537468979135,0,18.071163,True,True,1.430511474609375e-06
247,4.715761951985769,0,18.180089,True,True,1.430511474609375e-06
248,4.734323474986013,0,18.51734,True,True,1.430511474609375e-06
249,4.75254642800428,0,18.154907,True,True,1.430511474609375e-06
250,4.7711970080272295,0,18.607846,True,True,1.430511474609375e-06
251,4.789503559004515,0,18.264065,True,True,1.430511474609375e-06
252,4.807631133997347,0,18.085668,True,True,1.430511474609375e-06
253,4.8259704720112495,0,18.297955,True,True,1.430511474609375e-06
254,4.84467953001149,0,18.66722,True,True,1.430511474609375e-06
255,4.862991263973527,0,18.246967,True,True,1.430511474609375e-06
256,4.881324828020297,0,18.271987,True,True,1.430511474609375e-06
257,4.906911967031192,0,25.537868,True,True,1.430511474609375e-06
258,4.928463619027752,0,21.48641,True,True,1.430511474609375e-06
259,4.946725873975083,0,18.20824,True,True,1.430511474609375e-06
260,4.964950894005597,0,18.169424,True,True,1.430511474609375e-06
261,4.983369936991949,0,18.370717,True,True,1.430511474609375e-06
262,5.00198935897788,0,18.57578,True,True,1.430511474609375e-06
263,5.020206155022606,0,18.168154,True,True,1.430511474609375e-06
264,5.038706248975359,0,18.454475,True,True,1.430511474609375e-06
265,5.056833704991732,0,18.078271,True,True,1.430511474609375e-06
266,5.074927832989488,0,18.050554,True,True,1.430511474609375e-06
267,5.09309876000043,0,18.12639,True,True,1.430511474609375e-06
268,5.1117769869742915,0,18.637964,True,True,1.430511474609375e-06
269,5.1299692949978635,0,18.139472,True,True,1.430511474609375e-06
270,5.148232645005919,0,18.214723,True,True,1.430511474609375e-06
271,5.166312978020869,0,18.033165,True,True,1.430511474609375e-06
272,5.198488385009114,0,32.115738,True,True,1.430511474609375e-06
273,5.226056474028155,0,27.416626,True,True,1.430511474609375e-06
274,5.2505085350130685,0,24.354889,True,True,1.430511474609375e-06
275,5.268902615993284,0,18.319159,True,True,1.430511474609375e-06
276,5.2871248020092025,0,18.162295,True,True,1.430511474609375e-06
277,5.3055288619943894,0,18.346346,True,True,1.430511474609375e-06
278,5.323704579030164,0,18.123133,True,True,1.430511474609375e-06
279,5.342786251974758,0,19.035003,True,True,1.430511474609375e-06
280,5.36118601198541,0,18.349105,True,True,1.430511474609375e-06
281,5.379367307003122,0,18.135623,True,True,1.430511474609375e-06
282,5.39765126502607,0,18.23483,True,True,1.430511474609375e-06
283,5.415819055982865,0,18.115743,True,True,1.430511474609375e-06
284,5.434461269003805,0,18.590079,True,True,1.430511474609375e-06
285,5.452975537977181,0,18.455571,True,True,1.430511474609375e-06
286,5.4711786360130645,0,18.153718,True,True,1.430511474609375e-06
287,5.489573065016884,0,18.343456,True,True,1.430511474609375e-06
288,5.50787675002357,0,18.255021,True,True,1.430511474609375e-06
289,5.526326388004236,0,18.397278,True,True,1.430511474609375e-06
290,5.54717996600084,0,20.732337,True,True,1.430511474609375e-06
291,5.577031500986777,0,29.72593,True,True,1.430511474609375e-06
292,5.595592288998887,0,18.437617,True,True,1.430511474609375e-06
293,5.614084276021458,0,18.417767,True,True,1.430511474609375e-06
294,5.632434393977746,0,18.29902,True,True,1.430511474609375e-06
295,5.650633958983235,0,18.148512,True,True,1.430511474609375e-06
296,5.669520811003167,0,18.836887,True,True,1.430511474609375e-06
297,5.68781787797343,0,18.241303,True,True,1.430511474609375e-06
298,5.706502627988812,0,18.637699,True,True,1.430511474609375e-06
299,5.724450218025595,0,17.898347,True,True,1.430511474609375e-06
300,5.742378464026842,0,17.88354,True,True,1.430511474609375e-06
301,5.761005859996658,0,18.583956,True,True,1.430511474609375e-06
302,5.779355545993894,0,18.297679,True,True,1.430511474609375e-06
303,5.7975285070133395,0,18.126857,True,True,1.430511474609375e-06
304,5.815729882975575,0,18.155114,True,True,1.430511474609375e-06
305,5.836604283016641,0,20.828751,True,True,1.430511474609375e-06
306,5.8585396480048075,0,21.873527,True,True,1.430511474609375e-06
307,5.876786277978681,0,18.191183,True,True,1.430511474609375e-06
308,5.895014428999275,0,18.181008,True,True,1.430511474609375e-06
309,5.913418203010224,0,18.352684,True,True,1.430511474609375e-06
310,5.931564930011518,0,18.099147,True,True,1.430511474609375e-06
311,5.9503719990025274,0,18.762046,True,True,1.430511474609375e-06
312,5.968664611980785,0,18.235989,True,True,1.430511474609375e-06
313,5.986801206017844,0,18.088979,True,True,1.430511474609375e-06
314,6.005035722977482,0,18.186982,True,True,1.430511474609375e-06
315,6.023306276998483,0,18.224993,True,True,1.430511474609375e-06
316,6.04225471400423,0,18.896744,True,True,1.430511474609375e-06
317,6.0604894700227305,0,18.187764,True,True,1.430511474609375e-06
318,6.078807361016516,0,18.271006,True,True,1.430511474609375e-06
319,6.097015772014856,0,18.163667,True,True,1.430511474609375e-06
320,6.115196908998769,0,18.134638,True,True,1.430511474609375e-06
321,6.133667454996612,0,18.417938,True,True,1.430511474609375e-06
322,6.152443177998066,0,18.723977,True,True,1.430511474609375e-06
323,6.170725385018159,0,18.232289,True,True,1.430511474609375e-06
324,6.207028803997673,0,36.233835,True,True,1.430511474609375e-06
325,6.239857078995556,0,32.671573,True,True,1.430511474609375e-06
326,6.259084557008464,0,19.112924,True,True,1.430511474609375e-06
327,6.277415841002949,0,18.26344,True,True,1.430511474609375e-06
328,6.295739920984488,0,18.259554,True,True,1.430511474609375e-06
329,6.31418849300826,0,18.38859,True,True,1.430511474609375e-06
330,6.332924916991033,0,18.680589,True,True,1.430511474609375e-06
331,6.351190085988492,0,18.206935,True,True,1.430511474609375e-06
332,6.369577529025264,0,18.337365,True,True,1.430511474609375e-06
333,6.387748646026012,0,18.121927,True,True,1.430511474609375e-06
334,6.405884812003933,0,18.089826,True,True,1.430511474609375e-06
335,6.42476024403004,0,18.815365,True,True,1.430511474609375e-06
336,6.449007546005305,0,24.190101,True,True,1.430511474609375e-06
337,6.467374294996262,0,18.297224,True,True,1.430511474609375e-06
338,6.486094610008877,0,18.668871,True,True,1.430511474609375e-06
339,6.504438609001227,0,18.292056,True,True,1.430511474609375e-06
340,6.5230361290159635,0,18.497345,True,True,1.430511474609375e-06
341,6.5423894000123255,0,19.266579,True,True,1.430511474609375e-06
342,6.560690008976962,0,18.236135,True,True,1.430511474609375e-06
343,6.579160600027535,0,18.420484,True,True,1.430511474609375e-06
344,6.59762098302599,0,18.402368,True,True,1.430511474609375e-06
345,6.616215066984296,0,18.512717,True,True,1.430511474609375e-06
346,6.634842951025348,0,18.520846,True,True,1.430511474609375e-06
347,6.65398153901333,0,19.04396,True,True,1.430511474609375e-06
348,6.672596124990378,0,18.551992,True,True,1.430511474609375e-06
349,6.690779507975094,0,18.132843,True,True,1.430511474609375e-06
350,6.708966733014677,0,18.141771,True,True,1.430511474609375e-06
351,6.727418090973515,0,18.410621,True,True,1.430511474609375e-06
352,6.746163082018029,0,18.696176,True,True,1.430511474609375e-06
353,6.764515061979182,0,18.293791,True,True,1.430511474609375e-06
354,6.782608010980766,0,18.046546,True,True,1.430511474609375e-06
355,6.8007427789852954,0,18.089708,True,True,1.430511474609375e-06
356,6.819030072016176,0,18.246157,True,True,1.430511474609375e-06
357,6.8376432749792,0,18.567628,True,True,1.430511474609375e-06
358,6.855702303990256,0,18.00432,True,True,1.430511474609375e-06
359,6.873847500013653,0,18.096471,True,True,1.430511474609375e-06
360,6.891935046995059,0,18.041267,True,True,1.430511474609375e-06
361,6.9100397290312685,0,18.058583,True,True,1.430511474609375e-06
362,6.928130089014303,0,18.046701,True,True,1.430511474609375e-06
363,6.9469347320264205,0,18.755952,True,True,1.430511474609375e-06
364,6.965381010028068,0,18.395915,True,True,1.430511474609375e-06
365,6.983822624024469,0,18.390546,True,True,1.430511474609375e-06
366,7.002005413000006,0,18.134863,True,True,1.430511474609375e-06
367,7.020238441997208,0,18.188448,True,True,1.430511474609375e-06
368,7.039132944017183,0,18.84709,True,True,1.430511474609375e-06
369,7.071476234996226,0,32.281458,True,True,1.430511474609375e-06
370,7.0900037349783815,0,18.43571,True,True,1.430511474609375e-06
371,7.108201459981501,0,18.135084,True,True,1.430511474609375e-06
372,7.126378133019898,0,18.116945,True,True,1.430511474609375e-06
373,7.144564691989217,0,18.132185,True,True,1.430511474609375e-06
374,7.162933284009341,0,18.318439,True,True,1.430511474609375e-06
375,7.184696651005652,0,21.710233,True,True,1.430511474609375e-06
376,7.222745915001724,0,37.932486,True,True,1.430511474609375e-06
377,7.241521553019993,0,18.641101,True,True,1.430511474609375e-06
378,7.260271532984916,0,18.674072,True,True,1.430511474609375e-06
379,7.278588182991371,0,18.249605,True,True,1.430511474609375e-06
380,7.297128471022006,0,18.476832,True,True,1.430511474609375e-06
381,7.3153151620063,0,18.112185,True,True,1.430511474609375e-06
382,7.33366995502729,0,18.299833,True,True,1.430511474609375e-06
383,7.351843515003566,0,18.124693,True,True,1.430511474609375e-06
384,7.370375005004462,0,18.479446,True,True,1.430511474609375e-06
385,7.388738167006522,0,18.31236,True,True,1.430511474609375e-06
386,7.406911164987832,0,18.124913,True,True,1.430511474609375e-06
387,7.425070500001311,0,18.098338,True,True,1.430511474609375e-06
388,7.443203937029466,0,18.076349,True,True,1.430511474609375e-06
389,7.462055249023251,0,18.792182,True,True,1.430511474609375e-06
390,7.480261948017869,0,18.14623,True,True,1.430511474609375e-06
391,7.498375376977492,0,18.062375,True,True,1.430511474609375e-06
392,7.516637085995171,0,18.211692,True,True,1.430511474609375e-06
393,7.534805210016202,0,18.124863,True,True,1.430511474609375e-06
394,7.553259500011336,0,18.407706,True,True,1.430511474609375e-06
395,7.5720896369894035,0,18.779122,True,True,1.430511474609375e-06
396,7.590192974021193,0,18.059245,True,True,1.430511474609375e-06
397,7.608305200992618,0,18.027099,True,True,1.430511474609375e-06
398,7.626452505995985,0,18.084142,True,True,1.430511474609375e-06
399,7.650283619994298,0,23.784074,True,True,1.430511474609375e-06
400,7.668501690030098,0,18.166851,True,True,1.430511474609375e-06
401,7.686651268973947,0,18.103531,True,True,1.430511474609375e-06
402,7.704613636014983,0,17.917252,True,True,1.430511474609375e-06
403,7.722683024010621,0,18.02822,True,True,1.430511474609375e-06
404,7.741072878998239,0,18.347603,True,True,1.430511474609375e-06
405,7.759608720021788,0,18.412393,True,True,1.430511474609375e-06
406,7.778173569007777,0,18.462072,True,True,1.430511474609375e-06
407,7.796775164024439,0,18.49366,True,True,1.430511474609375e-06
408,7.815115015022457,0,18.227682,True,True,1.430511474609375e-06
409,7.833489932992961,0,18.296696,True,True,1.430511474609375e-06
410,7.851778557989746,0,18.227711,True,True,1.430511474609375e-06
411,7.870200801989995,0,18.348772,True,True,1.430511474609375e-06
412,7.888589737005532,0,18.331,True,True,1.430511474609375e-06
413,7.91709531401284,0,28.439039,True,True,1.430511474609375e-06
414,7.935748860996682,0,18.57005,True,True,1.430511474609375e-06
415,7.954067790007684,0,18.257909,True,True,1.430511474609375e-06
416,7.972456677991431,0,18.311672,True,True,1.430511474609375e-06
417,7.990897177020088,0,18.386152,True,True,1.430511474609375e-06
418,8.009020086028613,0,18.062104,True,True,1.430511474609375e-06
419,8.027259393013082,0,18.183786,True,True,1.430511474609375e-06
420,8.04517818900058,0,17.859244,True,True,1.430511474609375e-06
421,8.063175974006299,0,17.943477,True,True,1.430511474609375e-06
422,8.08151462598471,0,18.279896,True,True,1.430511474609375e-06
423,8.099647184018977,0,18.079247,True,True,1.430511474609375e-06
424,8.118002118018921,0,18.300934,True,True,1.430511474609375e-06
425,8.13616405898938,0,18.099198,True,True,1.430511474609375e-06
426,8.154457274009474,0,18.236558,True,True,1.430511474609375e-06
427,8.172755191975739,0,18.224762,True,True,1.430511474609375e-06
428,8.190958118997514,0,18.139685,True,True,1.430511474609375e-06
429,8.221096816007048,0,30.075824,True,True,1.430511474609375e-06
430,8.242220356012695,0,21.009069,True,True,1.430511474609375e-06
431,8.263629187014885,0,21.331812,True,True,1.430511474609375e-06
432,8.281927764008287,0,18.230202,True,True,1.430511474609375e-06
433,8.300362222013064,0,18.367624,True,True,1.430511474609375e-06
434,8.31872455199482,0,18.303767,True,True,1.430511474609375e-06
435,8.336791796027683,0,18.008374,True,True,1.430511474609375e-06
436,8.355020657007117,0,18.173858,True,True,1.430511474609375e-06
437,8.373308276000898,0,18.23491,True,True,1.430511474609375e-06
438,8.391450478986371,0,18.094058,True,True,1.430511474609375e-06
439,8.409710526000708,0,18.207641,True,True,1.430511474609375e-06
440,8.428017440019175,0,18.249997,True,True,1.430511474609375e-06
441,8.446401344030164,0,18.324216,True,True,1.430511474609375e-06
442,8.464791556005366,0,18.330555,True,True,1.430511474609375e-06
443,8.483470297011081,0,18.621029,True,True,1.430511474609375e-06
444,8.501711732998956,0,18.186376,True,True,1.430511474609375e-06
445,8.519902169005945,0,18.128373,True,True,1.430511474609375e-06
446,8.538384700019378,0,18.426013,True,True,1.430511474609375e-06
447,8.556657822977286,0,18.212407,True,True,1.430511474609375e-06
448,8.574903431988787,0,18.177959,True,True,1.430511474609375e-06
449,8.593085335975047,0,18.125714,True,True,1.430511474609375e-06
450,8.611251153983176,0,18.110663,True,True,1.430511474609375e-06
451,8.629467870981898,0,18.164268,True,True,1.430511474609375e-06
452,8.647697872016579,0,18.176851,True,True,1.430511474609375e-06
453,8.665919116989244,0,18.165592,True,True,1.430511474609375e-06
454,8.684059045976028,0,18.087046,True,True,1.430511474609375e-06
455,8.702368698024657,0,18.256201,True,True,1.430511474609375e-06
456,8.720489156024996,0,18.072028,True,True,1.430511474609375e-06
457,8.73862352402648,0,18.08389,True,True,1.430511474609375e-06
458,8.757473151024897,0,18.79717,True,True,1.430511474609375e-06
459,8.775639792031143,0,18.114695,True,True,1.430511474609375e-06
460,8.793836786004249,0,18.142845,True,True,1.430511474609375e-06
461,8.81217829399975,0,18.291058,True,True,1.430511474609375e-06
462,8.830352666031104,0,18.125218,True,True,1.430511474609375e-06
463,8.852436828019563,0,22.032695,True,True,1.430511474609375e-06
464,8.871426662022714,0,18.905047,True,True,1.430511474609375e-06
465,8.88988834200427,0,18.344564,True,True,1.430511474609375e-06
466,8.908229942026082,0,18.269095,True,True,1.430511474609375e-06
467,8.926854536985047,0,18.559787,True,True,1.430511474609375e-06
468,8.945075198018458,0,18.162988,True,True,1.430511474609375e-06
469,8.963248083018698,0,18.114775,True,True,1.430511474609375e-06
470,8.981857540027704,0,18.550311,True,True,1.430511474609375e-06
471,9.000370089022908,0,18.415266,True,True,1.430511474609375e-06
472,9.019026144989766,0,18.555212,True,True,1.430511474609375e-06
473,9.037509817979299,0,18.4157,True,True,1.430511474609375e-06
474,9.055704892030917,0,18.137749,True,True,1.430511474609375e-06
475,9.07378397200955,0,18.033136,True,True,1.430511474609375e-06
476,9.092132864985615,0,18.303632,True,True,1.430511474609375e-06
477,9.110321905987803,0,18.146108,True,True,1.430511474609375e-06
478,9.128554387018085,0,18.171748,True,True,1.430511474609375e-06
479,9.147210702009033,0,18.598405,True,True,1.430511474609375e-06
480,9.165085721004289,0,17.825232,True,True,1.430511474609375e-06
481,9.183212122006807,0,18.079929,True,True,1.430511474609375e-06
482,9.212974117021076,0,29.6996,True,True,1.430511474609375e-06
483,9.231714089983143,0,18.624134,True,True,1.430511474609375e-06
484,9.250112460984383,0,18.329139,True,True,1.430511474609375e-06
485,9.268082525988575,0,17.91482,True,True,1.430511474609375e-06
486,9.286206388031133,0,18.071989,True,True,1.430511474609375e-06
487,9.304280715994537,0,18.016766,True,True,1.430511474609375e-06
488,9.322448801016435,0,18.118927,True,True,1.430511474609375e-06
489,9.340693474980071,0,18.201886,True,True,1.430511474609375e-06
490,9.358755690976977,0,18.017435,True,True,1.430511474609375e-06
491,9.376827112981118,0,18.026714,True,True,1.430511474609375e-06
492,9.395045972021762,0,18.175159,True,True,1.430511474609375e-06
493,9.413209372025449,0,18.11958,True,True,1.430511474609375e-06
494,9.43145428498974,0,18.191142,True,True,1.430511474609375e-06
495,9.450036940979771,0,18.531261,True,True,1.430511474609375e-06
496,9.468316707992926,0,18.221675,True,True,1.430511474609375e-06
497,9.486383065988775,0,18.018486,True,True,1.430511474609375e-06
498,9.504739164025523,0,18.304007,True,True,1.430511474609375e-06
499,9.522830379020888,0,18.03955,True,True,1.430511474609375e-06
500,9.540968875982799,0,18.091782,True,True,1.430511474609375e-06
501,9.55926992901368,0,18.246165,True,True,1.430511474609375e-06
502,9.5774254379794,0,18.108378,True,True,1.430511474609375e-06
503,9.595602458983194,0,18.115634,True,True,1.430511474609375e-06
504,9.61408021103125,0,18.430211,True,True,1.430511474609375e-06
505,9.632251771981828,0,18.127208,True,True,1.430511474609375e-06
506,9.650368935021106,0,18.072707,True,True,1.430511474609375e-06
507,9.668665915029123,0,18.25501,True,True,1.430511474609375e-06
508,9.686800692987163,0,18.090552,True,True,1.430511474609375e-06
509,9.704878203978296,0,18.034419,True,True,1.430511474609375e-06
510,9.723233008000534,0,18.314395,True,True,1.430511474609375e-06
511,9.741253967978992,0,17.979868,True,True,1.430511474609375e-06
512,9.75934947899077,0,18.05179,True,True,1.430511474609375e-06
513,9.777683524007443,0,18.293281,True,True,1.430511474609375e-06
514,9.795745718001854,0,18.018849,True,True,1.430511474609375e-06
515,9.824010092008393,0,28.220456,True,True,1.430511474609375e-06
516,9.842514990014024,0,18.435442,True,True,1.430511474609375e-06
517,9.860832970007323,0,18.260926,True,True,1.430511474609375e-06
518,9.879076913988683,0,18.188168,True,True,1.430511474609375e-06
519,9.896970318979584,0,17.846198,True,True,1.430511474609375e-06
520,9.915061565989163,0,18.049242,True,True,1.430511474609375e-06
521,9.933332554006483,0,18.224254,True,True,1.430511474609375e-06
522,9.951505656004883,0,18.129037,True,True,1.430511474609375e-06
523,9.969447861018125,0,17.893981,True,True,1.430511474609375e-06
524,9.987469093000982,0,17.979294,True,True,1.430511474609375e-06
525,10.005807887006085,0,18.295301,True,True,1.430511474609375e-06
526,10.023946478031576,0,18.088561,True,True,1.430511474609375e-06
527,10.042179107025731,0,18.185914,True,True,1.430511474609375e-06
528,10.060678212030325,0,18.452817,True,True,1.430511474609375e-06
529,10.078823583025951,0,18.094195,True,True,1.430511474609375e-06
530,10.097093659976963,0,18.227053,True,True,1.430511474609375e-06
531,10.115349947998766,0,18.213814,True,True,1.430511474609375e-06
532,10.133576983993407,0,18.179125,True,True,1.430511474609375e-06
533,10.151696513989009,0,18.068909,True,True,1.430511474609375e-06
534,10.170009812980425,0,18.271989,True,True,1.430511474609375e-06
535,10.188188205996994,0,18.136756,True,True,1.430511474609375e-06
536,10.216605426976457,0,28.354765,True,True,1.430511474609375e-06
537,10.236853046983015,0,20.133962,True,True,1.430511474609375e-06
538,10.255174938007258,0,18.25135,True,True,1.430511474609375e-06
539,10.273796982015483,0,18.557372,True,True,1.430511474609375e-06
540,10.291860981029458,0,18.012864,True,True,1.430511474609375e-06
541,10.309781172021758,0,17.866967,True,True,1.430511474609375e-06
542,10.327917465998325,0,18.092491,True,True,1.430511474609375e-06
543,10.345940838975366,0,17.980894,True,True,1.430511474609375e-06
544,10.3641108419979,0,18.12705,True,True,1.430511474609375e-06
545,10.38217685901327,0,18.023989,True,True,1.430511474609375e-06
546,10.400246896024328,0,18.026702,True,True,1.430511474609375e-06
547,10.418448782991618,0,18.151551,True,True,1.430511474609375e-06
548,10.436735923984088,0,18.242562,True,True,1.430511474609375e-06
549,10.454936899011955,0,18.152672,True,True,1.430511474609375e-06
550,10.473038655007258,0,18.047971,True,True,1.430511474609375e-06
551,10.491197135008406,0,18.113915,True,True,1.430511474609375e-06
552,10.50936255097622,0,18.113864,True,True,1.430511474609375e-06
553,10.527468931977637,0,18.051327,True,True,1.430511474609375e-06
554,10.545744376024231,0,18.226233,True,True,1.430511474609375e-06
555,10.564029017987195,0,18.232376,True,True,1.430511474609375e-06
556,10.58228017698275,0,18.206524,True,True,1.430511474609375e-06
557,10.600487784016877,0,18.13091,True,True,1.430511474609375e-06
558,10.618754803028423,0,18.216151,True,True,1.430511474609375e-06
559,10.637048594013322,0,18.247052,True,True,1.430511474609375e-06
560,10.65511625801446,0,18.018349,True,True,1.430511474609375e-06
561,10.673442709026858,0,18.28341,True,True,1.430511474609375e-06
562,10.691803240973968,0,18.3211,True,True,1.430511474609375e-06
563,10.709898065018933,0,18.052183,True,True,1.430511474609375e-06
564,10.728200006007683,0,18.261012,True,True,1.430511474609375e-06
565,10.74633855902357,0,18.097028,True,True,1.430511474609375e-06
566,10.764561310992576,0,18.170972,True,True,1.430511474609375e-06
567,10.782819728017785,0,18.213291,True,True,1.430511474609375e-06
568,10.800940142013133,0,18.079953,True,True,1.430511474609375e-06
569,10.819104738009628,0,18.122977,True,True,1.430511474609375e-06
570,10.837242073030211,0,18.092829,True,True,1.430511474609375e-06
571,10.855232054018416,0,17.949217,True,True,1.430511474609375e-06
572,10.873237205029,0,17.951911,True,True,1.430511474609375e-06
573,10.891433935030364,0,18.150014,True,True,1.430511474609375e-06
574,10.909581059007905,0,18.102239,True,True,1.430511474609375e-06
575,10.927941710979212,0,18.313235,True,True,1.430511474609375e-06
576,10.946260292024817,0,18.271672,True,True,1.430511474609375e-06
577,10.964396436000243,0,18.095429,True,True,1.430511474609375e-06
578,10.982564035977703,0,18.111622,True,True,1.430511474609375e-06
579,11.000802711001597,0,18.197822,True,True,1.430511474609375e-06
580,11.018991536984686,0,18.146658,True,True,1.430511474609375e-06
581,11.03717707801843,0,18.129219,True,True,1.430511474609375e-06
582,11.05512119299965,0,17.892614,True,True,1.430511474609375e-06
583,11.073239834979177,0,18.073906,True,True,1.430511474609375e-06
584,11.09134450397687,0,18.062849,True,True,1.430511474609375e-06
585,11.109386845026165,0,18.00236,True,True,1.430511474609375e-06
586,11.12810447497759,0,18.671645,True,True,1.430511474609375e-06
587,11.146252823993564,0,18.095317,True,True,1.430511474609375e-06
588,11.164257108990569,0,17.959971,True,True,1.430511474609375e-06
589,11.18242447602097,0,18.122101,True,True,1.430511474609375e-06
590,11.203936562000308,0,21.461617,True,True,1.430511474609375e-06
591,11.240034685994033,0,35.983546,True,True,1.430511474609375e-06
592,11.260418654012028,0,20.256892,True,True,1.430511474609375e-06
593,11.27900077297818,0,18.490205,True,True,1.430511474609375e-06
594,11.297791865014005,0,18.719015,True,True,1.430511474609375e-06
595,11.315906078030821,0,18.054558,True,True,1.430511474609375e-06
596,11.334010249993298,0,18.053426,True,True,1.430511474609375e-06
597,11.35234424500959,0,18.286801,True,True,1.430511474609375e-06
598,11.37062361300923,0,18.22652,True,True,1.430511474609375e-06
599,11.388740648981184,0,18.070231,True,True,1.430511474609375e-06
600,11.407263364992104,0,18.473641,True,True,1.430511474609375e-06
601,11.425257034017704,0,17.931969,True,True,1.430511474609375e-06
602,11.443528663017787,0,18.209235,True,True,1.430511474609375e-06
603,11.462202141992748,0,18.575672,True,True,1.430511474609375e-06
604,11.48064839397557,0,18.335344,True,True,1.430511474609375e-06
605,11.509183205023874,0,28.467849,True,True,1.430511474609375e-06
606,11.52751253801398,0,18.261933,True,True,1.430511474609375e-06
607,11.54570167901693,0,18.136131,True,True,1.430511474609375e-06
608,11.564050337998196,0,18.292886,True,True,1.430511474609375e-06
609,11.58256595802959,0,18.424503,True,True,1.430511474609375e-06
610,11.600893824012019,0,18.217948,True,True,1.430511474609375e-06
611,11.618972135998774,0,18.009957,True,True,1.430511474609375e-06
612,11.6370936469757,0,18.073955,True,True,1.430511474609375e-06
613,11.655209216987714,0,18.069942,True,True,1.430511474609375e-06
614,11.673658544023056,0,18.402558,True,True,1.430511474609375e-06
615,11.69159382401267,0,17.884915,True,True,1.430511474609375e-06
616,11.709612275008112,0,17.97535,True,True,1.430511474609375e-06
617,11.727756026026327,0,18.095366,True,True,1.430511474609375e-06
618,11.745932071004063,0,18.128271,True,True,1.430511474609375e-06
619,11.763842865009792,0,17.866165,True,True,1.430511474609375e-06
620,11.781992072006688,0,18.103044,True,True,1.430511474609375e-06
621,11.80015102098696,0,18.11512,True,True,1.430511474609375e-06
622,11.818187087017577,0,17.99298,True,True,1.430511474609375e-06
623,11.836766790016554,0,18.538603,True,True,1.430511474609375e-06
624,11.854834455996752,0,18.022398,True,True,1.430511474609375e-06
625,11.872961822024081,0,18.074387,True,True,1.430511474609375e-06
626,11.891316690016538,0,18.311617,True,True,1.430511474609375e-06
627,11.909697525028605,0,18.335256,True,True,1.430511474609375e-06
628,11.927966155984905,0,18.211253,True,True,1.430511474609375e-06
629,11.946496915013995,0,18.487493,True,True,1.430511474609375e-06
630,11.964703521982301,0,18.162218,True,True,1.430511474609375e-06
631,11.982869259023573,0,18.118174,True,True,1.430511474609375e-06
632,12.00135275098728,0,18.441069,True,True,1.430511474609375e-06
633,12.019570368982386,0,18.176362,True,True,1.430511474609375e-06
634,12.037701133987866,0,18.081864,True,True,1.430511474609375e-06
635,12.056208175024949,0,18.449595,True,True,1.430511474609375e-06
636,12.07433726999443,0,18.077253,True,True,1.430511474609375e-06
637,12.092501034028828,0,18.120705,True,True,1.430511474609375e-06
638,12.111089050013106,0,18.545413,True,True,1.430511474609375e-06
639,12.128997132997029,0,17.856232,True,True,1.430511474609375e-06
640,12.147246368986089,0,18.201625,True,True,1.430511474609375e-06
641,12.175426859001163,0,28.132325,True,True,1.430511474609375e-06
642,12.196473553020041,0,20.956191,True,True,1.430511474609375e-06
643,12.224198136013001,0,27.628937,True,True,1.430511474609375e-06
644,12.254408624023199,0,30.104104,True,True,1.430511474609375e-06
645,12.272977660992183,0,18.455913,True,True,1.430511474609375e-06
646,12.291290285007562,0,18.243296,True,True,1.430511474609375e-06
647,12.3098333220114,0,18.486646,True,True,1.430511474609375e-06
648,12.32787969300989,0,17.9972,True,True,1.430511474609375e-06
649,12.346108491008636,0,18.180378,True,True,1.430511474609375e-06
650,12.364779744006228,0,18.622467,True,True,1.430511474609375e-06
651,12.382824230997358,0,17.997182,True,True,1.430511474609375e-06
652,12.401030061009806,0,18.161511,True,True,1.430511474609375e-06
653,12.419343515997753,0,18.265393,True,True,1.430511474609375e-06
654,12.437505609996151,0,18.109178,True,True,1.430511474609375e-06
655,12.455665907007642,0,18.112503,True,True,1.430511474609375e-06
656,12.47404620499583,0,18.332507,True,True,1.430511474609375e-06
657,12.49226476700278,0,18.169102,True,True,1.430511474609375e-06
658,12.510621592984535,0,18.311966,True,True,1.430511474609375e-06
659,12.52896896499442,0,18.294581,True,True,1.430511474609375e-06
660,12.54714394401526,0,18.127672,True,True,1.430511474609375e-06
661,12.565205588995013,0,18.004261,True,True,1.430511474609375e-06
662,12.583731291000731,0,18.475143,True,True,1.430511474609375e-06
663,12.601953388017137,0,18.162663,True,True,1.430511474609375e-06
664,12.620107049006037,0,18.107839,True,True,1.430511474609375e-06
665,12.638818031991832,0,18.668778,True,True,1.430511474609375e-06
666,12.656938573985826,0,18.077592,True,True,1.430511474609375e-06
667,12.675103323010262,0,18.126201,True,True,1.430511474609375e-06
668,12.693355010997038,0,18.207389,True,True,1.430511474609375e-06
669,12.711397071019746,0,18.002291,True,True,1.430511474609375e-06
670,12.729555069992784,0,18.118558,True,True,1.430511474609375e-06
671,12.747910931007937,0,18.311897,True,True,1.430511474609375e-06
672,12.7659498929861,0,17.992169,True,True,1.430511474609375e-06
673,12.783847098995466,0,17.85263,True,True,1.430511474609375e-06
674,12.801962448982522,0,18.071538,True,True,1.430511474609375e-06
675,12.829534709977452,0,27.530319,True,True,1.430511474609375e-06
676,12.847919841005933,0,18.316578,True,True,1.430511474609375e-06
677,12.866374086996075,0,18.388853,True,True,1.430511474609375e-06
678,12.88475768797798,0,18.326442,True,True,1.430511474609375e-06
679,12.902958747989032,0,18.150027,True,True,1.430511474609375e-06
680,12.921291386999656,0,18.290679,True,True,1.430511474609375e-06
681,12.939490909979213,0,18.151461,True,True,1.430511474609375e-06
682,12.957696115016006,0,18.162066,True,True,1.430511474609375e-06
683,12.975966705998871,0,18.220158,True,True,1.430511474609375e-06
684,12.994130458973814,0,18.12003,True,True,1.430511474609375e-06
685,13.01226004603086,0,18.088972,True,True,1.430511474609375e-06
686,13.030511567019857,0,18.203436,True,True,1.430511474609375e-06
687,13.048742725979537,0,18.187251,True,True,1.430511474609375e-06
688,13.066997141984757,0,18.204841,True,True,1.430511474609375e-06
689,13.085346370004117,0,18.293474,True,True,1.430511474609375e-06
690,13.10347637400264,0,18.084705,True,True,1.430511474609375e-06
691,13.121690824977122,0,18.174311,True,True,1.430511474609375e-06
692,13.1399154959945,0,18.170988,True,True,1.430511474609375e-06
693,13.158043448987883,0,18.0804,True,True,1.430511474609375e-06
694,13.176552282995544,0,18.467818,True,True,1.430511474609375e-06
695,13.197259057022166,0,20.656375,True,True,1.430511474609375e-06
696,13.2252016980201,0,27.826853,True,True,1.430511474609375e-06
697,13.253444799978752,0,28.136357,True,True,1.430511474609375e-06
698,13.273227536003105,0,19.668997,True,True,1.430511474609375e-06
699,13.291574813018087,0,18.283446,True,True,1.430511474609375e-06
700,13.309977079974487,0,18.343701,True,True,1.430511474609375e-06
701,13.328200228977948,0,18.171716,True,True,1.430511474609375e-06
702,13.346293112030253,0,18.047778,True,True,1.430511474609375e-06
703,13.364320905006025,0,17.98135,True,True,1.430511474609375e-06
704,13.382505171990488,0,18.13985,True,True,1.430511474609375e-06
705,13.400586378993466,0,18.037344,True,True,1.430511474609375e-06
706,13.418675564986188,0,18.045064,True,True,1.430511474609375e-06
707,13.436927977018058,0,18.205624,True,True,1.430511474609375e-06
708,13.454972438979894,0,17.994983,True,True,1.430511474609375e-06
709,13.473058221978135,0,18.038088,True,True,1.430511474609375e-06
710,13.491365518013481,0,18.263214,True,True,1.430511474609375e-06
711,13.509450917015783,0,18.044078,True,True,1.430511474609375e-06
712,13.527636653976515,0,18.138826,True,True,1.430511474609375e-06
713,13.546203118981794,0,18.523234,True,True,1.430511474609375e-06
714,13.56434999598423,0,18.092832,True,True,1.430511474609375e-06
715,13.582544072007295,0,18.147256,True,True,1.430511474609375e-06
716,13.600823816028424,0,18.205489,True,True,1.430511474609375e-06
717,13.618895746010821,0,18.015758,True,True,1.430511474609375e-06
718,13.636988178011961,0,18.044082,True,True,1.430511474609375e-06
719,13.664675491978414,0,27.638691,True,True,1.430511474609375e-06
720,13.682947726978455,0,18.212047,True,True,1.430511474609375e-06
721,13.701222367002629,0,18.224946,True,True,1.430511474609375e-06
722,13.719448650022969,0,18.180711,True,True,1.430511474609375e-06
723,13.737708583008498,0,18.218215,True,True,1.430511474609375e-06
724,13.756349325994961,0,18.565184,True,True,1.430511474609375e-06
725,13.774605292011984,0,18.156406,True,True,1.430511474609375e-06
726,13.792797438974958,0,18.131697,True,True,1.430511474609375e-06
727,13.810892669018358,0,18.047643,True,True,1.430511474609375e-06
728,13.828940582985524,0,18.003805,True,True,1.430511474609375e-06
729,13.847041876986623,0,18.059317,True,True,1.430511474609375e-06
730,13.865640493982937,0,18.541168,True,True,1.430511474609375e-06
731,13.884098701004405,0,18.339455,True,True,1.430511474609375e-06
732,13.902215001988225,0,18.048402,True,True,1.430511474609375e-06
733,13.920764349983074,0,18.498807,True,True,1.430511474609375e-06
734,13.938977636978962,0,18.161125,True,True,1.430511474609375e-06
735,13.957083383982535,0,18.058953,True,True,1.430511474609375e-06
736,13.975316615018528,0,18.184512,True,True,1.430511474609375e-06
737,13.993376412021462,0,18.016485,True,True,1.430511474609375e-06
738,14.011573351977859,0,18.153578,True,True,1.430511474609375e-06
739,14.029699569975492,0,18.080356,True,True,1.430511474609375e-06
740,14.047773135011084,0,18.029567,True,True,1.430511474609375e-06
741,14.066003080981318,0,18.183574,True,True,1.430511474609375e-06
742,14.084182986000087,0,18.133592,True,True,1.430511474609375e-06
743,14.102411478001159,0,18.18338,True,True,1.430511474609375e-06
744,14.121263165026903,0,18.809927,True,True,1.430511474609375e-06
745,14.139415181009099,0,18.099075,True,True,1.430511474609375e-06
746,14.157675700029358,0,18.209573,True,True,1.430511474609375e-06
747,14.176041307975538,0,18.314461,True,True,1.430511474609375e-06
748,14.196666345989797,0,20.581096,True,True,1.430511474609375e-06
749,14.224945041991305,0,28.179469,True,True,1.430511474609375e-06
750,14.255037381022703,0,29.991069,True,True,1.430511474609375e-06
751,14.273627167975064,0,18.483064,True,True,1.430511474609375e-06
752,14.291897560004145,0,18.200396,True,True,1.430511474609375e-06
753,14.31013910099864,0,18.184342,True,True,1.430511474609375e-06
754,14.328424827021081,0,18.235251,True,True,1.430511474609375e-06
755,14.346544235013425,0,18.073485,True,True,1.430511474609375e-06
756,14.364594677987043,0,18.005368,True,True,1.430511474609375e-06
757,14.382915828027762,0,18.276685,True,True,1.430511474609375e-06
758,14.400988059991505,0,18.030557,True,True,1.430511474609375e-06
759,14.41909789701458,0,18.066895,True,True,1.430511474609375e-06
760,14.437711019010749,0,18.561328,True,True,1.430511474609375e-06
761,14.455828830017708,0,18.071067,True,True,1.430511474609375e-06
762,14.474007944983896,0,18.131463,True,True,1.430511474609375e-06
763,14.49244074098533,0,18.384694,True,True,1.430511474609375e-06
764,14.520306183025241,0,27.815292,True,True,1.430511474609375e-06
765,14.538749826024286,0,18.355925,True,True,1.430511474609375e-06
766,14.556974928011186,0,18.163867,True,True,1.430511474609375e-06
767,14.57511842000531,0,18.088824,True,True,1.430511474609375e-06
768,14.593465159006882,0,18.300717,True,True,1.430511474609375e-06
769,14.611607963975985,0,18.097953,True,True,1.430511474609375e-06
770,14.62983724201331,0,18.186804,True,True,1.430511474609375e-06
771,14.648447501007468,0,18.570055,True,True,1.430511474609375e-06
772,14.66655029001413,0,18.058917,True,True,1.430511474609375e-06
773,14.684917463979218,0,18.326325,True,True,1.430511474609375e-06
774,14.7034764069831,0,18.517154,True,True,1.430511474609375e-06
775,14.721639472001698,0,18.122275,True,True,1.430511474609375e-06
776,14.739787339000031,0,18.108146,True,True,1.430511474609375e-06
777,14.757763695030008,0,17.936508,True,True,1.430511474609375e-06
778,14.775942075997591,0,18.124799,True,True,1.430511474609375e-06
779,14.794035468017682,0,18.050653,True,True,1.430511474609375e-06
780,14.812142024980858,0,18.063694,True,True,1.430511474609375e-06
781,14.830514146015048,0,18.328655,True,True,1.430511474609375e-06
782,14.84870576299727,0,18.146847,True,True,1.430511474609375e-06
783,14.866845567012206,0,18.091882,True,True,1.430511474609375e-06
784,14.885712614981458,0,18.820227,True,True,1.430511474609375e-06
785,14.903925448015798,0,18.166262,True,True,1.430511474609375e-06
786,14.92219561903039,0,18.22552,True,True,1.430511474609375e-06
787,14.940947983006481,0,18.698486,True,True,1.430511474609375e-06
788,14.959123119013384,0,18.13235,True,True,1.430511474609375e-06
789,14.977504195994698,0,18.328302,True,True,1.430511474609375e-06
790,14.99595778802177,0,18.405138,True,True,1.430511474609375e-06
791,15.01407808897784,0,18.076682,True,True,1.430511474609375e-06
792,15.032171981991269,0,18.046268,True,True,1.430511474609375e-06
793,15.05069350299891,0,18.475757,True,True,1.430511474609375e-06
794,15.068924261024222,0,18.166032,True,True,1.430511474609375e-06
795,15.087078827025834,0,18.104932,True,True,1.430511474609375e-06
796,15.10545012599323,0,18.32736,True,True,1.430511474609375e-06
797,15.123625793028623,0,18.132371,True,True,1.430511474609375e-06
798,15.142044630018063,0,18.361438,True,True,1.430511474609375e-06
799,15.160557852999773,0,18.45728,True,True,1.430511474609375e-06
800,15.178761394985486,0,18.15513,True,True,1.430511474609375e-06
801,15.200273912982084,0,21.456993,True,True,1.430511474609375e-06
802,15.229903300991282,0,29.521638,True,True,1.430511474609375e-06
803,15.25826530699851,0,28.233393,True,True,1.430511474609375e-06
804,15.276636252005119,0,18.275703,True,True,1.430511474609375e-06
805,15.294901827001013,0,18.200097,True,True,1.430511474609375e-06
806,15.31314908200875,0,18.188757,True,True,1.430511474609375e-06
807,15.331314968003426,0,18.116185,True,True,1.430511474609375e-06
808,15.349465649982449,0,18.101143,True,True,1.430511474609375e-06
809,15.367962435993832,0,18.448901,True,True,1.430511474609375e-06
810,15.386103378026746,0,18.091757,True,True,1.430511474609375e-06
811,15.404204641003162,0,18.056376,True,True,1.430511474609375e-06
812,15.422574823023751,0,18.315034,True,True,1.430511474609375e-06
813,15.440752611029893,0,18.123832,True,True,1.430511474609375e-06
814,15.45890450902516,0,18.090984,True,True,1.430511474609375e-06
815,15.477385766978841,0,18.427967,True,True,1.430511474609375e-06
816,15.495422460022382,0,17.990921,True,True,1.430511474609375e-06
817,15.51355026802048,0,18.07913,True,True,1.430511474609375e-06
818,15.532144397031516,0,18.534583,True,True,1.430511474609375e-06
819,15.550303113006521,0,18.10649,True,True,1.430511474609375e-06
820,15.568516843020916,0,18.11607,True,True,1.430511474609375e-06
821,15.586906319018453,0,18.339515,True,True,1.430511474609375e-06
822,15.60482421098277,0,17.859675,True,True,1.430511474609375e-06
823,15.625343067978974,0,20.474868,True,True,1.430511474609375e-06
824,15.646654208016116,0,21.248194,True,True,1.430511474609375e-06
825,15.664802115003113,0,18.092823,True,True,1.430511474609375e-06
826,15.683189778996166,0,18.341263,True,True,1.430511474609375e-06
827,15.701307106995955,0,18.073117,True,True,1.430511474609375e-06
828,15.719284462975338,0,17.931877,True,True,1.430511474609375e-06
829,15.737822314025834,0,18.495721,True,True,1.430511474609375e-06
830,15.755772639997303,0,17.909085,True,True,1.430511474609375e-06
831,15.773748772975523,0,17.928977,True,True,1.430511474609375e-06
832,15.79198861902114,0,18.194227,True,True,1.430511474609375e-06
833,15.810045025020372,0,18.012733,True,True,1.430511474609375e-06
834,15.828365822031628,0,18.279186,True,True,1.430511474609375e-06
835,15.84669594198931,0,18.282834,True,True,1.430511474609375e-06
836,15.864907953015063,0,18.167827,True,True,1.430511474609375e-06
837,15.883217110997066,0,18.254903,True,True,1.430511474609375e-06
838,15.901296637021005,0,18.033694,True,True,1.430511474609375e-06
839,15.919541235023644,0,18.198314,True,True,1.430511474609375e-06
840,15.937762124987785,0,18.174965,True,True,1.430511474609375e-06
841,15.955906638002489,0,18.103867,True,True,1.430511474609375e-06
842,15.974084296030924,0,18.137596,True,True,1.430511474609375e-06
843,15.992505404981785,0,18.372064,True,True,1.430511474609375e-06
844,16.010775892995298,0,18.224238,True,True,1.430511474609375e-06
845,16.02912938501686,0,18.305614,True,True,1.430511474609375e-06
846,16.04767434898531,0,18.492513,True,True,1.430511474609375e-06
847,16.06590733502526,0,18.187275,True,True,1.430511474609375e-06
848,16.084019438014366,0,18.064552,True,True,1.430511474609375e-06
849,16.102700660005212,0,18.639346,True,True,1.430511474609375e-06
850,16.120791502995417,0,18.047697,True,True,1.430511474609375e-06
851,16.13907429599203,0,18.234387,True,True,1.430511474609375e-06
852,16.157638566975947,0,18.508451,True,True,1.430511474609375e-06
853,16.175820515025407,0,18.130848,True,True,1.430511474609375e-06
854,16.196401024004444,0,20.532703,True,True,1.430511474609375e-06
855,16.224082905973773,0,27.587297,True,True,1.430511474609375e-06
856,16.242735198989976,0,18.554722,True,True,1.430511474609375e-06
857,16.272601426986512,0,29.795734,True,True,1.430511474609375e-06
858,16.291009943990503,0,18.307753,True,True,1.430511474609375e-06
859,16.309408191009425,0,18.331177,True,True,1.430511474609375e-06
860,16.327507480978966,0,18.045948,True,True,1.430511474609375e-06
861,16.345477770024445,0,17.921779,True,True,1.430511474609375e-06
862,16.363438986998517,0,17.91861,True,True,1.430511474609375e-06
863,16.381456319009885,0,17.97212,True,True,1.430511474609375e-06
864,16.39951028197538,0,18.011159,True,True,1.430511474609375e-06
865,16.427775709016714,0,28.220521,True,True,1.430511474609375e-06
866,16.446677165979054,0,18.795713,True,True,1.430511474609375e-06
867,16.465197812998667,0,18.412238,True,True,1.430511474609375e-06
868,16.48355550400447,0,18.290471,True,True,1.430511474609375e-06
869,16.50167434301693,0,18.069677,True,True,1.430511474609375e-06
870,16.520132665988058,0,18.412202,True,True,1.430511474609375e-06
871,16.538625335029792,0,18.428621,True,True,1.430511474609375e-06
872,16.557083163992502,0,18.359308,True,True,1.430511474609375e-06
873,16.57593898102641,0,18.748426,True,True,1.430511474609375e-06
874,16.594735331018455,0,18.706226,True,True,1.430511474609375e-06
875,16.613050542015117,0,18.230341,True,True,1.430511474609375e-06
876,16.631458792020567,0,18.358171,True,True,1.430511474609375e-06
877,16.649566670006607,0,18.065169,True,True,1.430511474609375e-06
878,16.667767811974045,0,18.157555,True,True,1.430511474609375e-06
879,16.68608121102443,0,18.27194,True,True,1.430511474609375e-06
880,16.70416267501423,0,18.03694,True,True,1.430511474609375e-06
881,16.72255274298368,0,18.345987,True,True,1.430511474609375e-06
882,16.741018532018643,0,18.423863,True,True,1.430511474609375e-06
883,16.759175978018902,0,18.118528,True,True,1.430511474609375e-06
884,16.777339359978214,0,18.123841,True,True,1.430511474609375e-06
885,16.7955927689909,0,18.209419,True,True,1.430511474609375e-06
886,16.813712660979945,0,18.080416,True,True,1.430511474609375e-06
887,16.831697595014703,0,17.945689,True,True,1.430511474609375e-06
888,16.84984177502338,0,18.100407,True,True,1.430511474609375e-06
889,16.86799948598491,0,18.115961,True,True,1.430511474609375e-06
890,16.886244036024436,0,18.18618,True,True,1.430511474609375e-06
891,16.90457150002476,0,18.27935,True,True,1.430511474609375e-06
892,16.922967673977837,0,18.349274,True,True,1.430511474609375e-06
893,16.94123140798183,0,18.212153,True,True,1.430511474609375e-06
894,16.95967643900076,0,18.39948,True,True,1.430511474609375e-06
895,16.977866410976276,0,18.138541,True,True,1.430511474609375e-06
896,16.99602533201687,0,18.114314,True,True,1.430511474609375e-06
897,17.0140169649967,0,17.94727,True,True,1.430511474609375e-06
898,17.032224103983026,0,18.151646,True,True,1.430511474609375e-06
899,17.050415363977663,0,18.13877,True,True,1.430511474609375e-06
900,17.068580390012357,0,18.114696,True,True,1.430511474609375e-06
901,17.087212956976146,0,18.587917,True,True,1.430511474609375e-06
902,17.105426105030347,0,18.166914,True,True,1.430511474609375e-06
903,17.123599077982362,0,18.127426,True,True,1.430511474609375e-06
904,17.142086148029193,0,18.438153,True,True,1.430511474609375e-06
905,17.160239651973825,0,18.111685,True,True,1.430511474609375e-06
906,17.178443619981408,0,18.159456,True,True,1.430511474609375e-06
907,17.200078717025463,0,21.587801,True,True,1.430511474609375e-06
908,17.226895620988216,0,26.720193,True,True,1.430511474609375e-06
909,17.248366441985127,0,21.373899,True,True,1.430511474609375e-06
910,17.275471522996668,0,27.004003,True,True,1.430511474609375e-06
911,17.294329281023238,0,18.769111,True,True,1.430511474609375e-06
912,17.312728150980547,0,18.329534,True,True,1.430511474609375e-06
913,17.33092060999479,0,18.133431,True,True,1.430511474609375e-06
914,17.349380308995023,0,18.409101,True,True,1.430511474609375e-06
915,17.367524615023285,0,18.099945,True,True,1.430511474609375e-06
916,17.385669164010324,0,18.100294,True,True,1.430511474609375e-06
917,17.403961318021175,0,18.246767,True,True,1.430511474609375e-06
918,17.422182349022478,0,18.178837,True,True,1.430511474609375e-06
919,17.440309843979776,0,18.06056,True,True,1.430511474609375e-06
920,17.458767178002745,0,18.402134,True,True,1.430511474609375e-06
921,17.476860366994515,0,18.042735,True,True,1.430511474609375e-06
922,17.494874706026167,0,17.970158,True,True,1.430511474609375e-06
923,17.51324375299737,0,18.323335,True,True,1.430511474609375e-06
924,17.531208925996907,0,17.920242,True,True,1.430511474609375e-06
925,17.54931375902379,0,18.059999,True,True,1.430511474609375e-06
926,17.5676680720062,0,18.298879,True,True,1.430511474609375e-06
927,17.585863444022834,0,18.148893,True,True,1.430511474609375e-06
928,17.604019157995936,0,18.086333,True,True,1.430511474609375e-06
929,17.622143755026627,0,18.070121,True,True,1.430511474609375e-06
930,17.640241396031342,0,18.056561,True,True,1.430511474609375e-06
931,17.65825937403133,0,17.975499,True,True,1.430511474609375e-06
932,17.676923341001384,0,18.620852,True,True,1.430511474609375e-06
933,17.695065492007416,0,18.094371,True,True,1.430511474609375e-06
934,17.713102305016946,0,17.995139,True,True,1.430511474609375e-06
935,17.731500665016938,0,18.358097,True,True,1.430511474609375e-06
936,17.749462787993252,0,17.915923,True,True,1.430511474609375e-06
937,17.7675413970137,0,18.036932,True,True,1.430511474609375e-06
938,17.78592844400555,0,18.347843,True,True,1.430511474609375e-06
939,17.803962840989698,0,17.994512,True,True,1.430511474609375e-06
940,17.822123060992453,0,18.119411,True,True,1.430511474609375e-06
941,17.84064154000953,0,18.474719,True,True,1.430511474609375e-06
942,17.858737117028795,0,18.053981,True,True,1.430511474609375e-06
943,17.87684146600077,0,18.056829,True,True,1.430511474609375e-06
944,17.895152912999038,0,18.26653,True,True,1.430511474609375e-06
945,17.91332534898538,0,18.127965,True,True,1.430511474609375e-06
946,17.931401706009638,0,18.030622,True,True,1.430511474609375e-06
947,17.94974509201711,0,18.29764,True,True,1.430511474609375e-06
948,17.967741405009292,0,17.955595,True,True,1.430511474609375e-06
949,17.985865750000812,0,18.070318,True,True,1.430511474609375e-06
950,18.00443827698473,0,18.529581,True,True,1.430511474609375e-06
951,18.022463460976724,0,17.980652,True,True,1.430511474609375e-06
952,18.04086941498099,0,18.360136,True,True,1.430511474609375e-06
953,18.059294264006894,0,18.375372,True,True,1.430511474609375e-06
954,18.077448098978493,0,18.101863,True,True,1.430511474609375e-06
955,18.09561337402556,0,18.120487,True,True,1.430511474609375e-06
956,18.123543967027217,0,27.86844,True,True,1.430511474609375e-06
957,18.141956650011707,0,18.323987,True,True,1.430511474609375e-06
958,18.160109027987346,0,18.092904,True,True,1.430511474609375e-06
959,18.178747127007227,0,18.58627,True,True,1.430511474609375e-06
960,18.2003342990065,0,21.536173,True,True,1.430511474609375e-06
961,18.227767859993037,0,27.318259,True,True,1.430511474609375e-06
962,18.24985475797439,0,21.99508,True,True,1.430511474609375e-06
963,18.276925294019748,0,26.966124,True,True,1.430511474609375e-06
964,18.295443349983543,0,18.430185,True,True,1.430511474609375e-06
965,18.313655461010057,0,18.151497,True,True,1.430511474609375e-06
966,18.331979668000713,0,18.273984,True,True,1.430511474609375e-06
967,18.35005612502573,0,18.029945,True,True,1.430511474609375e-06
968,18.368132763018366,0,18.035554,True,True,1.430511474609375e-06
969,18.386581043014303,0,18.404961,True,True,1.430511474609375e-06
970,18.404548534017522,0,17.927268,True,True,1.430511474609375e-06
971,18.422621685022023,0,18.029939,True,True,1.430511474609375e-06
972,18.440980051993392,0,18.30776,True,True,1.430511474609375e-06
973,18.459050723991822,0,18.021366,True,True,1.430511474609375e-06
974,18.477577538986225,0,18.478123,True,True,1.430511474609375e-06
975,18.496186491975095,0,18.563158,True,True,1.430511474609375e-06
976,18.514382431982085,0,18.150419,True,True,1.430511474609375e-06
977,18.53249680600129,0,18.063227,True,True,1.430511474609375e-06
978,18.551063788996544,0,18.525032,True,True,1.430511474609375e-06
979,18.56924063997576,0,18.13315,True,True,1.430511474609375e-06
980,18.587355828029104,0,18.071687,True,True,1.430511474609375e-06
981,18.606305773020722,0,18.905969,True,True,1.430511474609375e-06
982,18.624521909980103,0,18.15184,True,True,1.430511474609375e-06
983,18.642717633978464,0,18.14276,True,True,1.430511474609375e-06
984,18.66099999198923,0,18.237787,True,True,1.430511474609375e-06
985,18.67889285599813,0,17.851917,True,True,1.430511474609375e-06
986,18.697030788986012,0,18.097803,True,True,1.430511474609375e-06
987,18.715173851000145,0,18.096181,True,True,1.430511474609375e-06
988,18.733877771999687,0,18.659735,True,True,1.430511474609375e-06
989,18.75281002902193,0,18.815151,True,True,1.430511474609375e-06
990,18.780872437986545,0,27.992601,True,True,1.430511474609375e-06
991,18.79910661902977,0,18.164572,True,True,1.430511474609375e-06
992,18.817119769984856,0,17.964174,True,True,1.430511474609375e-06
993,18.83536718902178,0,18.20437,True,True,1.430511474609375e-06
994,18.853893254010472,0,18.465569,True,True,1.430511474609375e-06
995,18.87262910598656,0,18.628084,True,True,1.430511474609375e-06
996,18.890954079979565,0,18.254803,True,True,1.430511474609375e-06
997,18.90906991402153,0,18.062134,True,True,1.430511474609375e-06
998,18.92728410899872,0,18.170738,True,True,1.430511474609375e-06
999,18.945439091010485,0,18.110549,True,True,1.430511474609375e-06
1000,18.96357329498278,0,18.087759,True,True,1.430511474609375e-06
1001,18.982078969012946,0,18.451515,True,True,1.430511474609375e-06
1002,19.00018887099577,0,18.062842,True,True,1.430511474609375e-06
1003,19.018392983998638,0,18.162463,True,True,1.430511474609375e-06
1004,19.037192618998233,0,18.751972,True,True,1.430511474609375e-06
1005,19.05533884797478,0,18.097326,True,True,1.430511474609375e-06
1006,19.073492977011483,0,18.110953,True,True,1.430511474609375e-06
1007,19.09186696499819,0,18.327847,True,True,1.430511474609375e-06
1008,19.109989066026174,0,18.079432,True,True,1.430511474609375e-06
1009,19.128110432997346,0,18.07947,True,True,1.430511474609375e-06
1010,19.14646309701493,0,18.307153,True,True,1.430511474609375e-06
1011,19.164381755981594,0,17.874498,True,True,1.430511474609375e-06
1012,19.18249170202762,0,18.065391,True,True,1.430511474609375e-06
1013,19.210818735009525,0,28.279185,True,True,1.430511474609375e-06
1014,19.23163207701873,0,20.7007,True,True,1.430511474609375e-06
1015,19.24979130300926,0,18.089511,True,True,1.430511474609375e-06
1016,19.278055231028702,0,28.210768,True,True,1.430511474609375e-06
1017,19.2978037269786,0,19.640006,True,True,1.430511474609375e-06
1018,19.315799848991446,0,17.930437,True,True,1.430511474609375e-06
1019,19.333926670020446,0,18.076827,True,True,1.430511474609375e-06
1020,19.351912304991856,0,17.937723,True,True,1.430511474609375e-06
1021,19.370259147020988,0,18.303585,True,True,1.430511474609375e-06
1022,19.388565634028055,0,18.258488,True,True,1.430511474609375e-06
1023,19.406693855009507,0,18.087707,True,True,1.430511474609375e-06
1024,19.435059146024287,0,28.320638,True,True,1.430511474609375e-06
1025,19.45350281498395,0,18.349223,True,True,1.430511474609375e-06
1026,19.471753956982866,0,18.190888,True,True,1.430511474609375e-06
1027,19.489908656978514,0,18.104387,True,True,1.430511474609375e-06
1028,19.507992917031515,0,18.037793,True,True,1.430511474609375e-06
1029,19.52723402698757,0,19.19367,True,True,1.430511474609375e-06
1030,19.545962484029587,0,18.663332,True,True,1.430511474609375e-06
1031,19.564181005000137,0,18.16445,True,True,1.430511474609375e-06
1032,19.582419727987144,0,18.190658,True,True,1.430511474609375e-06
1033,19.600990624981932,0,18.499373,True,True,1.430511474609375e-06
1034,19.619188314012717,0,18.137508,True,True,1.430511474609375e-06
1035,19.637724367028568,0,18.488765,True,True,1.430511474609375e-06
1036,19.65607985598035,0,18.311996,True,True,1.430511474609375e-06
1037,19.674143079028,0,18.01688,True,True,1.430511474609375e-06
1038,19.692192500981037,0,18.006291,True,True,1.430511474609375e-06
1039,19.710455255000852,0,18.222075,True,True,1.430511474609375e-06
1040,19.729074937000405,0,18.575523,True,True,1.430511474609375e-06
1041,19.747211857989896,0,18.094568,True,True,1.430511474609375e-06
1042,19.76551971398294,0,18.26729,True,True,1.430511474609375e-06
1043,19.78373016999103,0,18.166327,True,True,1.430511474609375e-06
1044,19.80167589802295,0,17.905441,True,True,1.430511474609375e-06
1045,19.820302377978805,0,18.58465,True,True,1.430511474609375e-06
1046,19.83859165001195,0,18.23863,True,True,1.430511474609375e-06
1047,19.856749076978303,0,18.113286,True,True,1.430511474609375e-06
1048,19.87540291697951,0,18.594441,True,True,1.430511474609375e-06
1049,19.89343028399162,0,17.981421,True,True,1.430511474609375e-06
1050,19.911508962977678,0,18.037336,True,True,1.430511474609375e-06
1051,19.93076800502604,0,19.216826,True,True,1.430511474609375e-06
1052,19.948930136975832,0,18.109331,True,True,1.430511474609375e-06
1053,19.967126553005073,0,18.151406,True,True,1.430511474609375e-06
1054,19.985492893029004,0,18.321361,True,True,1.430511474609375e-06
1055,20.00361700297799,0,18.082053,True,True,1.430511474609375e-06
1056,20.022401363996323,0,18.743469,True,True,1.430511474609375e-06
1057,20.041066252975725,0,18.603486,True,True,1.430511474609375e-06
1058,20.05931799300015,0,18.199615,True,True,1.430511474609375e-06
1059,20.077412765007466,0,18.043829,True,True,1.430511474609375e-06
1060,20.096021078003105,0,18.561051,True,True,1.430511474609375e-06
1061,20.11438739602454,0,18.318442,True,True,1.430511474609375e-06
1062,20.133237178029958,0,18.800156,True,True,1.430511474609375e-06
1063,20.151969794009347,0,18.677808,True,True,1.430511474609375e-06
1064,20.17009109799983,0,18.075001,True,True,1.430511474609375e-06
1065,20.188286425021943,0,18.153188,True,True,1.430511474609375e-06
1066,20.21639898198191,0,28.06179,True,True,1.430511474609375e-06
1067,20.236481812025886,0,19.976821,True,True,1.430511474609375e-06
1068,20.254564928996842,0,18.012879,True,True,1.430511474609375e-06
1069,20.294121313025244,0,39.480691,True,True,1.430511474609375e-06
1070,20.31296964897774,0,18.72413,True,True,1.430511474609375e-06
1071,20.33092353102984,0,17.887322,True,True,1.430511474609375e-06
1072,20.349044648988638,0,18.070281,True,True,1.430511474609375e-06
1073,20.367962640011683,0,18.868529,True,True,1.430511474609375e-06
1074,20.386078512005042,0,18.056045,True,True,1.430511474609375e-06
1075,20.404704135027714,0,18.573764,True,True,1.430511474609375e-06
1076,20.422805366979446,0,18.050674,True,True,1.430511474609375e-06
1077,20.44093222700758,0,18.076667,True,True,1.430511474609375e-06
1078,20.459870889026206,0,18.888041,True,True,1.430511474609375e-06
1079,20.47810790099902,0,18.188036,True,True,1.430511474609375e-06
1080,20.49654013698455,0,18.382888,True,True,1.430511474609375e-06
1081,20.51491068699397,0,18.322563,True,True,1.430511474609375e-06
1082,20.533117127022706,0,18.158717,True,True,1.430511474609375e-06
1083,20.55116558499867,0,18.00139,True,True,1.430511474609375e-06
1084,20.570055120973848,0,18.845507,True,True,1.430511474609375e-06
1085,20.58830437902361,0,18.196846,True,True,1.430511474609375e-06
1086,20.606446782010607,0,18.095433,True,True,1.430511474609375e-06
1087,20.625099507975392,0,18.602566,True,True,1.430511474609375e-06
1088,20.643216427997686,0,18.069832,True,True,1.430511474609375e-06
1089,20.66195742698619,0,18.69562,True,True,1.430511474609375e-06
1090,20.680708051018883,0,18.700453,True,True,1.430511474609375e-06
1091,20.698894418019336,0,18.132594,True,True,1.430511474609375e-06
1092,20.717257060983684,0,18.317781,True,True,1.430511474609375e-06
1093,20.73556371201994,0,18.262985,True,True,1.430511474609375e-06
1094,20.7536793089821,0,18.068119,True,True,1.430511474609375e-06
1095,20.77225704002194,0,18.536917,True,True,1.430511474609375e-06
1096,20.790591889992356,0,18.29007,True,True,1.430511474609375e-06
1097,20.80878247297369,0,18.141536,True,True,1.430511474609375e-06
1098,20.826880328997504,0,18.052803,True,True,1.430511474609375e-06
1099,20.845527330006007,0,18.602831,True,True,1.430511474609375e-06
1100,20.864195730013307,0,18.619863,True,True,1.430511474609375e-06
1101,20.882445420022123,0,18.198299,True,True,1.430511474609375e-06
1102,20.901014672010206,0,18.525477,True,True,1.430511474609375e-06
1103,20.919153125025332,0,18.096766,True,True,1.430511474609375e-06
1104,20.937564100022428,0,18.364012,True,True,1.430511474609375e-06
1105,20.95604103599908,0,18.425382,True,True,1.430511474609375e-06
1106,20.97437434497988,0,18.283563,True,True,1.430511474609375e-06
1107,20.992530504008755,0,18.102122,True,True,1.430511474609375e-06
1108,21.011047867999878,0,18.470147,True,True,1.430511474609375e-06
1109,21.029185955005232,0,18.095427,True,True,1.430511474609375e-06
1110,21.047319023986347,0,18.087105,True,True,1.430511474609375e-06
1111,21.066486446012277,0,19.114594,True,True,1.430511474609375e-06
1112,21.084676449012477,0,18.134331,True,True,1.430511474609375e-06
1113,21.11268967797514,0,27.963321,True,True,1.430511474609375e-06
1114,21.130916308029555,0,18.157166,True,True,1.430511474609375e-06
1115,21.14896734402282,0,17.997153,True,True,1.430511474609375e-06
1116,21.167253184015863,0,18.238703,True,True,1.430511474609375e-06
1117,21.185287762025837,0,17.98547,True,True,1.430511474609375e-06
1118,21.214212091988884,0,28.876127,True,True,1.430511474609375e-06
1119,21.234290955006145,0,19.973184,True,True,1.430511474609375e-06
1120,21.25255155703053,0,18.196498,True,True,1.430511474609375e-06
1121,21.280871585011482,0,28.251144,True,True,1.430511474609375e-06
1122,21.301390194974374,0,20.404835,True,True,1.430511474609375e-06
1123,21.3195093080285,0,18.053649,True,True,1.430511474609375e-06
1124,21.337849670031574,0,18.28853,True,True,1.430511474609375e-06
1125,21.35593806800898,0,18.039374,True,True,1.430511474609375e-06
1126,21.374064436007757,0,18.085174,True,True,1.430511474609375e-06
1127,21.392293646000326,0,18.183059,True,True,1.430511474609375e-06
1128,21.41100883501349,0,18.667381,True,True,1.430511474609375e-06
1129,21.42921013297746,0,18.155672,True,True,1.430511474609375e-06
1130,21.447734500980005,0,18.475546,True,True,1.430511474609375e-06
1131,21.466282861016225,0,18.458819,True,True,1.430511474609375e-06
1132,21.484727411996573,0,18.33703,True,True,1.430511474609375e-06
1133,21.503500671009533,0,18.715308,True,True,1.430511474609375e-06
1134,21.5217227510293,0,18.172149,True,True,1.430511474609375e-06
1135,21.53989019198343,0,18.12034,True,True,1.430511474609375e-06
1136,21.558027362974826,0,18.094384,True,True,1.430511474609375e-06
1137,21.576394949981477,0,18.318325,True,True,1.430511474609375e-06
1138,21.594843425031286,0,18.329587,True,True,1.430511474609375e-06
1139,21.61361527000554,0,18.69255,True,True,1.430511474609375e-06
1140,21.631745630002115,0,18.072777,True,True,1.430511474609375e-06
1141,21.6498477649875,0,18.055224,True,True,1.430511474609375e-06
1142,21.667988826986402,0,18.095543,True,True,1.430511474609375e-06
1143,21.686101483996026,0,18.069406,True,True,1.430511474609375e-06
1144,21.704816046985798,0,18.673272,True,True,1.430511474609375e-06
1145,21.722778521012515,0,17.913177,True,True,1.430511474609375e-06
1146,21.74081380001735,0,17.986768,True,True,1.430511474609375e-06
1147,21.75913264398696,0,18.264816,True,True,1.430511474609375e-06
1148,21.77733829000499,0,18.148448,True,True,1.430511474609375e-06
1149,21.795439238019753,0,18.053817,True,True,1.430511474609375e-06
1150,21.814275879994966,0,18.792264,True,True,1.430511474609375e-06
1151,21.832419795973692,0,18.098307,True,True,1.430511474609375e-06
1152,21.850500487023965,0,18.036083,True,True,1.430511474609375e-06
1153,21.868687102978583,0,18.141955,True,True,1.430511474609375e-06
1154,21.8868738830206,0,18.14244,True,True,1.430511474609375e-06
1155,21.905575983983,0,18.661321,True,True,1.430511474609375e-06
1156,21.92400668398477,0,18.378731,True,True,1.430511474609375e-06
1157,21.94211422902299,0,18.055468,True,True,1.430511474609375e-06
1158,21.960221317014657,0,18.064963,True,True,1.430511474609375e-06
1159,21.978369930002373,0,18.108033,True,True,1.430511474609375e-06
1160,21.99658969702432,0,18.176367,True,True,1.430511474609375e-06
1161,22.01485373399919,0,18.215693,True,True,1.430511474609375e-06
1162,22.03326153702801,0,18.359886,True,True,1.430511474609375e-06
1163,22.05146818497451,0,18.153187,True,True,1.430511474609375e-06
1164,22.069491210975684,0,17.980371,True,True,1.430511474609375e-06
1165,22.08770417398773,0,18.168027,True,True,1.430511474609375e-06
1166,22.10660167899914,0,18.853549,True,True,1.430511474609375e-06
1167,22.124848628998734,0,18.196138,True,True,1.430511474609375e-06
1168,22.14319308899576,0,18.300487,True,True,1.430511474609375e-06
1169,22.16150256898254,0,18.263954,True,True,1.430511474609375e-06
1170,22.17973815498408,0,18.186097,True,True,1.430511474609375e-06
1171,22.201708092004992,0,21.925137,True,True,1.430511474609375e-06
1172,22.228647188981995,0,26.863454,True,True,1.430511474609375e-06
1173,22.24704061000375,0,18.29971,True,True,1.430511474609375e-06
1174,22.265173386025708,0,18.071452,True,True,1.430511474609375e-06
1175,22.293324598984327,0,28.098766,True,True,1.430511474609375e-06
1176,22.31376766198082,0,20.328946,True,True,1.430511474609375e-06
1177,22.332138527999632,0,18.306123,True,True,1.430511474609375e-06
1178,22.35038916801568,0,18.200801,True,True,1.430511474609375e-06
1179,22.368454204988666,0,18.021547,True,True,1.430511474609375e-06
1180,22.38683770498028,0,18.339085,True,True,1.430511474609375e-06
1181,22.405328684020787,0,18.448527,True,True,1.430511474609375e-06
1182,22.423517250979785,0,18.14317,True,True,1.430511474609375e-06
1183,22.44210663199192,0,18.543236,True,True,1.430511474609375e-06
1184,22.460219768981915,0,18.064543,True,True,1.430511474609375e-06
1185,22.478357487998437,0,18.090638,True,True,1.430511474609375e-06
1186,22.496683261997532,0,18.279516,True,True,1.430511474609375e-06
1187,22.514952933008317,0,18.21895,True,True,1.430511474609375e-06
1188,22.53336031298386,0,18.3605,True,True,1.430511474609375e-06
1189,22.55171515297843,0,18.289383,True,True,1.430511474609375e-06
1190,22.56990889197914,0,18.148911,True,True,1.430511474609375e-06
1191,22.588133188022766,0,18.180547,True,True,1.430511474609375e-06
1192,22.60737295198487,0,19.16251,True,True,1.430511474609375e-06
1193,22.625616769015323,0,18.180296,True,True,1.430511474609375e-06
1194,22.643808586988598,0,18.141256,True,True,1.430511474609375e-06
1195,22.662240785022732,0,18.383417,True,True,1.430511474609375e-06
1196,22.680322200991213,0,18.03479,True,True,1.430511474609375e-06
1197,22.698514788993634,0,18.145325,True,True,1.430511474609375e-06
1198,22.71702775300946,0,18.471328,True,True,1.430511474609375e-06
1199,22.7351218709955,0,18.050153,True,True,1.430511474609375e-06
1200,22.753595381975174,0,18.430798,True,True,1.430511474609375e-06
1201,22.772237743018195,0,18.546056,True,True,1.430511474609375e-06
1202,22.790506643999834,0,18.204161,True,True,1.430511474609375e-06
1203,22.80864347500028,0,18.081986,True,True,1.430511474609375e-06
1204,22.826974706025794,0,18.280556,True,True,1.430511474609375e-06
1205,22.845293527992908,0,18.272879,True,True,1.430511474609375e-06
1206,22.863498351012822,0,18.154527,True,True,1.430511474609375e-06
1207,22.881652878015302,0,18.102408,True,True,1.430511474609375e-06
1208,22.899901292985305,0,18.198258,True,True,1.430511474609375e-06
1209,22.918001867015846,0,18.054443,True,True,1.430511474609375e-06
1210,22.93615589698311,0,18.109939,True,True,1.430511474609375e-06
1211,22.954293921997305,0,18.093307,True,True,1.430511474609375e-06
1212,22.972398234996945,0,18.056786,True,True,1.430511474609375e-06
1213,22.99045592499897,0,18.012611,True,True,1.430511474609375e-06
1214,23.008390169998165,0,17.891045,True,True,1.430511474609375e-06
1215,23.036585707974155,0,28.148015,True,True,1.430511474609375e-06
1216,23.055006976006553,0,18.337399,True,True,1.430511474609375e-06
1217,23.073208425019402,0,18.145202,True,True,1.430511474609375e-06
1218,23.091743392986245,0,18.482856,True,True,1.430511474609375e-06
1219,23.109719416999724,0,17.931809,True,True,1.430511474609375e-06
1220,23.12777719501173,0,18.014817,True,True,1.430511474609375e-06
1221,23.146170458989218,0,18.348132,True,True,1.430511474609375e-06
1222,23.16423000197392,0,18.014564,True,True,1.430511474609375e-06
1223,23.182312306016684,0,18.034225,True,True,1.430511474609375e-06
1224,23.21024884900544,0,27.87846,True,True,1.430511474609375e-06
1225,23.230863705975935,0,20.497669,True,True,1.430511474609375e-06
1226,23.249040525988676,0,18.110822,True,True,1.430511474609375e-06
1227,23.267090720997658,0,17.997466,True,True,1.430511474609375e-06
1228,23.295356517017353,0,28.219686,True,True,1.430511474609375e-06
1229,23.31531046802411,0,19.848244,True,True,1.430511474609375e-06
1230,23.333494266029447,0,18.112794,True,True,1.430511474609375e-06
1231,23.352125386008993,0,18.5788,True,True,1.430511474609375e-06
1232,23.3703861850081,0,18.213611,True,True,1.430511474609375e-06
1233,23.388395707996096,0,17.96007,True,True,1.430511474609375e-06
1234,23.406753005983774,0,18.310391,True,True,1.430511474609375e-06
1235,23.424847675021738,0,18.04927,True,True,1.430511474609375e-06
1236,23.442736504017375,0,17.844152,True,True,1.430511474609375e-06
1237,23.461028794990852,0,18.248519,True,True,1.430511474609375e-06
1238,23.47910195897566,0,18.025765,True,True,1.430511474609375e-06
1239,23.49706620402867,0,17.921887,True,True,1.430511474609375e-06
1240,23.515172875020653,0,18.061258,True,True,1.430511474609375e-06
1241,23.533118398976512,0,17.903565,True,True,1.430511474609375e-06
1242,23.551276189973578,0,18.115467,True,True,1.430511474609375e-06
1243,23.56921228900319,0,17.893538,True,True,1.430511474609375e-06
1244,23.58725892700022,0,17.995787,True,True,1.430511474609375e-06
1245,23.605603759002406,0,18.287326,True,True,1.430511474609375e-06
1246,23.623572484997567,0,17.919888,True,True,1.430511474609375e-06
1247,23.6417982269777,0,18.179036,True,True,1.430511474609375e-06
1248,23.659940460987855,0,18.093405,True,True,1.430511474609375e-06
1249,23.677887759986334,0,17.903975,True,True,1.430511474609375e-06
1250,23.696403188980184,0,18.474841,True,True,1.430511474609375e-06
1251,23.71452604001388,0,18.073375,True,True,1.430511474609375e-06
1252,23.732875153014902,0,18.261141,True,True,1.430511474609375e-06
1253,23.751073941006325,0,18.110458,True,True,1.430511474609375e-06
1254,23.769094164017588,0,17.963974,True,True,1.430511474609375e-06
1255,23.78735327697359,0,18.215378,True,True,1.430511474609375e-06
1256,23.805299941974226,0,17.903537,True,True,1.430511474609375e-06
1257,23.823258200020064,0,17.915588,True,True,1.430511474609375e-06
1258,23.841797613014933,0,18.488706,True,True,1.430511474609375e-06
1259,23.860045918030664,0,18.147737,True,True,1.430511474609375e-06
1260,23.878007897001226,0,17.904144,True,True,1.430511474609375e-06
1261,23.89673453202704,0,18.677202,True,True,1.430511474609375e-06
1262,23.914714255020954,0,17.934771,True,True,1.430511474609375e-06
1263,23.932727920997422,0,17.969221,True,True,1.430511474609375e-06
1264,23.95106335397577,0,18.288867,True,True,1.430511474609375e-06
1265,23.968971738999244,0,17.866587,True,True,1.430511474609375e-06
1266,23.987384248990566,0,18.370566,True,True,1.430511474609375e-06
1267,24.00555737898685,0,18.132954,True,True,1.430511474609375e-06
1268,24.02346637501614,0,17.867026,True,True,1.430511474609375e-06
1269,24.042113700008485,0,18.60434,True,True,1.430511474609375e-06
1270,24.06010707002133,0,17.951792,True,True,1.430511474609375e-06
1271,24.07816398801515,0,18.013344,True,True,1.430511474609375e-06
1272,24.096123379014898,0,17.91781,True,True,1.430511474609375e-06
1273,24.114081047999207,0,17.914106,True,True,1.430511474609375e-06
1274,24.132708751014434,0,18.584053,True,True,1.430511474609375e-06
1275,24.150640224979725,0,17.885103,True,True,1.430511474609375e-06
1276,24.168689029989764,0,18.002772,True,True,1.430511474609375e-06
1277,24.186631836986635,0,17.899712,True,True,1.430511474609375e-06
1278,24.214669769979082,0,27.994356,True,True,1.430511474609375e-06
1279,24.234818433993496,0,20.04327,True,True,1.430511474609375e-06
1280,24.253003110992722,0,18.119398,True,True,1.430511474609375e-06
1281,24.271441739983857,0,18.388788,True,True,1.430511474609375e-06
1282,24.300722529005725,0,29.222929,True,True,1.430511474609375e-06
1283,24.319757302000653,0,18.932037,True,True,1.430511474609375e-06
1284,24.337910162983462,0,18.085783,True,True,1.430511474609375e-06
1285,24.35585648700362,0,17.89702,True,True,1.430511474609375e-06
1286,24.374062352988403,0,18.160425,True,True,1.430511474609375e-06
1287,24.391996462014504,0,17.890215,True,True,1.430511474609375e-06
1288,24.410518323013093,0,18.47935,True,True,1.430511474609375e-06
1289,24.428435769979842,0,17.872671,True,True,1.430511474609375e-06
1290,24.446408696006984,0,17.930109,True,True,1.430511474609375e-06
1291,24.46485671098344,0,18.403757,True,True,1.430511474609375e-06
1292,24.482825573999435,0,17.924228,True,True,1.430511474609375e-06
1293,24.500888468988705,0,18.020032,True,True,1.430511474609375e-06
1294,24.51886698900489,0,17.936661,True,True,1.430511474609375e-06
1295,24.536828030017205,0,17.918449,True,True,1.430511474609375e-06
1296,24.555063667008653,0,18.193131,True,True,1.430511474609375e-06
1297,24.572978780022822,0,17.870743,True,True,1.430511474609375e-06
1298,24.59114184702048,0,18.11849,True,True,1.430511474609375e-06
1299,24.60923773702234,0,18.031016,True,True,1.430511474609375e-06
1300,24.62724784697639,0,17.96279,True,True,1.430511474609375e-06
1301,24.64548643300077,0,18.195655,True,True,1.430511474609375e-06
1302,24.66345790599007,0,17.930256,True,True,1.430511474609375e-06
1303,24.681411509984173,0,17.912748,True,True,1.430511474609375e-06
1304,24.709388836985454,0,27.934682,True,True,1.430511474609375e-06
1305,24.72769289201824,0,18.224269,True,True,1.430511474609375e-06
1306,24.745984865992796,0,18.236772,True,True,1.430511474609375e-06
1307,24.76404011202976,0,18.010205,True,True,1.430511474609375e-06
1308,24.782019721984398,0,17.935647,True,True,1.430511474609375e-06
1309,24.800306661985815,0,18.245084,True,True,1.430511474609375e-06
1310,24.8183324909769,0,17.979641,True,True,1.430511474609375e-06
1311,24.836731703020632,0,18.357323,True,True,1.430511474609375e-06
1312,24.854767112992704,0,17.991202,True,True,1.430511474609375e-06
1313,24.872787291998975,0,17.979594,True,True,1.430511474609375e-06
1314,24.89114336797502,0,18.312065,True,True,1.430511474609375e-06
1315,24.909153754008003,0,17.966175,True,True,1.430511474609375e-06
1316,24.92708654497983,0,17.890232,True,True,1.430511474609375e-06
1317,24.945539961976465,0,18.410043,True,True,1.430511474609375e-06
1318,24.96383403701475,0,18.252433,True,True,1.430511474609375e-06
1319,24.981901274004485,0,18.020939,True,True,1.430511474609375e-06
1320,25.00029589800397,0,18.348382,True,True,1.430511474609375e-06
1321,25.018241983023472,0,17.899326,True,True,1.430511474609375e-06
1322,25.036434397974517,0,18.149655,True,True,1.430511474609375e-06
1323,25.05484029703075,0,18.363324,True,True,1.430511474609375e-06
1324,25.072896264027804,0,18.011256,True,True,1.430511474609375e-06
1325,25.09092445502756,0,17.982475,True,True,1.430511474609375e-06
1326,25.109363376977853,0,18.389512,True,True,1.430511474609375e-06
1327,25.127281129010953,0,17.873917,True,True,1.430511474609375e-06
1328,25.145282264973503,0,17.95996,True,True,1.430511474609375e-06
1329,25.163544540992007,0,18.219843,True,True,1.430511474609375e-06
1330,25.18159197003115,0,18.001244,True,True,1.430511474609375e-06
1331,25.209688010974787,0,28.049584,True,True,1.430511474609375e-06
1332,25.22979450999992,0,19.993933,True,True,1.430511474609375e-06
1333,25.24793753202539,0,18.082238,True,True,1.430511474609375e-06
1334,25.26641598698916,0,18.430504,True,True,1.430511474609375e-06
1335,25.284508395998273,0,18.045724,True,True,1.430511474609375e-06
1336,25.31257522001397,0,28.019252,True,True,1.430511474609375e-06
1337,25.332546513003763,0,19.864255,True,True,1.430511474609375e-06
1338,25.35066870402079,0,18.060962,True,True,1.430511474609375e-06
1339,25.37903190898942,0,28.302653,True,True,1.430511474609375e-06
1340,25.397247968998272,0,18.138227,True,True,1.430511474609375e-06
1341,25.41529365500901,0,17.994512,True,True,1.430511474609375e-06
1342,25.433615310990717,0,18.263807,True,True,1.430511474609375e-06
1343,25.451594194979407,0,17.930779,True,True,1.430511474609375e-06
1344,25.469482752028853,0,17.844643,True,True,1.430511474609375e-06
1345,25.487848027027212,0,18.321728,True,True,1.430511474609375e-06
1346,25.505990058998577,0,18.096432,True,True,1.430511474609375e-06
1347,25.524014052993152,0,17.979596,True,True,1.430511474609375e-06
1348,25.542244391981512,0,18.185587,True,True,1.430511474609375e-06
1349,25.56015422003111,0,17.867958,True,True,1.430511474609375e-06
1350,25.578586250019725,0,18.387166,True,True,1.430511474609375e-06
1351,25.596661847026553,0,18.007641,True,True,1.430511474609375e-06
1352,25.61467693198938,0,17.957456,True,True,1.430511474609375e-06
1353,25.63295359699987,0,18.227132,True,True,1.430511474609375e-06
1354,25.650840979011264,0,17.843924,True,True,1.430511474609375e-06
1355,25.66876620199764,0,17.88382,True,True,1.430511474609375e-06
1356,25.686889888020232,0,18.081227,True,True,1.430511474609375e-06
1357,25.704804999986663,0,17.869781,True,True,1.430511474609375e-06
1358,25.72311925899703,0,18.270328,True,True,1.430511474609375e-06
1359,25.74110808299156,0,17.943851,True,True,1.430511474609375e-06
1360,25.759111232997384,0,17.960332,True,True,1.430511474609375e-06
1361,25.7774453680031,0,18.2926,True,True,1.430511474609375e-06
1362,25.795440431975294,0,17.950167,True,True,1.430511474609375e-06
1363,25.813883538998198,0,18.400338,True,True,1.430511474609375e-06
1364,25.831795299018268,0,17.869522,True,True,1.430511474609375e-06
1365,25.849851797975134,0,18.013519,True,True,1.430511474609375e-06
1366,25.868173843016848,0,18.274574,True,True,1.430511474609375e-06
1367,25.88624256598996,0,18.0214,True,True,1.430511474609375e-06
1368,25.90410692599835,0,17.821192,True,True,1.430511474609375e-06
1369,25.922168973018415,0,18.021053,True,True,1.430511474609375e-06
1370,25.940181544981897,0,17.967742,True,True,1.430511474609375e-06
1371,25.958366297010798,0,18.143843,True,True,1.430511474609375e-06
1372,25.976460594974924,0,18.050288,True,True,1.430511474609375e-06
1373,25.994304326013662,0,17.802051,True,True,1.430511474609375e-06
1374,26.01275572302984,0,18.406315,True,True,1.430511474609375e-06
1375,26.040601651009638,0,27.803735,True,True,1.430511474609375e-06
1376,26.05921529501211,0,18.540031,True,True,1.430511474609375e-06
1377,26.077378984016832,0,18.107732,True,True,1.430511474609375e-06
1378,26.095313674013596,0,17.889355,True,True,1.430511474609375e-06
1379,26.11367519001942,0,18.313944,True,True,1.430511474609375e-06
1380,26.131625643000007,0,17.904644,True,True,1.430511474609375e-06
1381,26.14962141099386,0,17.95589,True,True,1.430511474609375e-06
1382,26.167933472024743,0,18.268403,True,True,1.430511474609375e-06
1383,26.18590350600425,0,17.927359,True,True,1.430511474609375e-06
1384,26.215783234976698,0,29.8326,True,True,1.430511474609375e-06
1385,26.234104497998487,0,18.209213,True,True,1.430511474609375e-06
1386,26.252356141980272,0,18.188918,True,True,1.430511474609375e-06
1387,26.27082833799068,0,18.421089,True,True,1.430511474609375e-06
1388,26.288978876022156,0,18.100512,True,True,1.430511474609375e-06
1389,26.317607424978632,0,28.574984,True,True,1.430511474609375e-06
1390,26.337697556009516,0,19.975011,True,True,1.430511474609375e-06
1391,26.35589054803131,0,18.123152,True,True,1.430511474609375e-06
1392,26.374293114989996,0,18.353822,True,True,1.430511474609375e-06
1393,26.392275833000895,0,17.913206,True,True,1.430511474609375e-06
1394,26.410532789013814,0,18.205966,True,True,1.430511474609375e-06
1395,26.428940828016493,0,18.329519,True,True,1.430511474609375e-06
1396,26.44752702099504,0,18.503413,True,True,1.430511474609375e-06
1397,26.466170436993707,0,18.584987,True,True,1.430511474609375e-06
1398,26.48414534999756,0,17.928829,True,True,1.430511474609375e-06
1399,26.502146180020645,0,17.95551,True,True,1.430511474609375e-06
1400,26.520409677992575,0,18.220554,True,True,1.430511474609375e-06
1401,26.538696912990417,0,18.238765,True,True,1.430511474609375e-06
1402,26.556901249976363,0,18.100015,True,True,1.430511474609375e-06
1403,26.575271092995536,0,18.302753,True,True,1.430511474609375e-06
1404,26.593244826013688,0,17.919037,True,True,1.430511474609375e-06
1405,26.611187272006646,0,17.893997,True,True,1.430511474609375e-06
1406,26.629506006021984,0,18.27195,True,True,1.430511474609375e-06
1407,26.647411864018068,0,17.860861,True,True,1.430511474609375e-06
1408,26.66541610902641,0,17.959646,True,True,1.430511474609375e-06
1409,26.68372986698523,0,18.267368,True,True,1.430511474609375e-06
1410,26.701636434008833,0,17.866134,True,True,1.430511474609375e-06
1411,26.719720534980297,0,18.040374,True,True,1.430511474609375e-06
1412,26.737778200011235,0,18.015444,True,True,1.430511474609375e-06
1413,26.75580408901442,0,17.986612,True,True,1.430511474609375e-06
1414,26.774645512981806,0,18.799869,True,True,1.430511474609375e-06
1415,26.79272587801097,0,18.023371,True,True,1.430511474609375e-06
1416,26.810668277030345,0,17.898189,True,True,1.430511474609375e-06
1417,26.828933026001323,0,18.223261,True,True,1.430511474609375e-06
1418,26.847030894015916,0,18.057779,True,True,1.430511474609375e-06
1419,26.875430206011515,0,28.35277,True,True,1.430511474609375e-06
1420,26.893688946031034,0,18.182449,True,True,1.430511474609375e-06
1421,26.912029366008937,0,18.283985,True,True,1.430511474609375e-06
1422,26.930589311989024,0,18.507942,True,True,1.430511474609375e-06
1423,26.948795340023935,0,18.155129,True,True,1.430511474609375e-06
1424,26.966813809005544,0,17.973943,True,True,1.430511474609375e-06
1425,26.984908176993486,0,18.049522,True,True,1.430511474609375e-06
1426,27.002955018018838,0,18.003079,True,True,1.430511474609375e-06
1427,27.021317214006558,0,18.318955,True,True,1.430511474609375e-06
1428,27.039526302018203,0,18.168069,True,True,1.430511474609375e-06
1429,27.057584484980907,0,18.012806,True,True,1.430511474609375e-06
1430,27.07591199898161,0,18.281729,True,True,1.430511474609375e-06
1431,27.09394017100567,0,17.980275,True,True,1.430511474609375e-06
1432,27.112000841996633,0,18.018851,True,True,1.430511474609375e-06
1433,27.13038481300464,0,18.343979,True,True,1.430511474609375e-06
1434,27.148380979022477,0,17.953323,True,True,1.430511474609375e-06
1435,27.166276590025518,0,17.84888,True,True,1.430511474609375e-06
1436,27.1846264040214,0,18.308803,True,True,1.430511474609375e-06
1437,27.20963290601503,0,24.959713,True,True,1.430511474609375e-06
1438,27.23419346800074,0,24.448494,True,True,1.430511474609375e-06
1439,27.25236187002156,0,18.102732,True,True,1.430511474609375e-06
1440,27.27034625201486,0,17.93768,True,True,1.430511474609375e-06
1441,27.288631407020148,0,18.241227,True,True,1.430511474609375e-06
1442,27.313004922005348,0,24.321447,True,True,1.430511474609375e-06
1443,27.337223112990614,0,24.123147,True,True,1.430511474609375e-06
1444,27.355540379008744,0,18.252805,True,True,1.430511474609375e-06
1445,27.373494261992164,0,17.89946,True,True,1.430511474609375e-06
1446,27.392065185005777,0,18.525668,True,True,1.430511474609375e-06
1447,27.41000408999389,0,17.887586,True,True,1.430511474609375e-06
1448,27.428003665991127,0,17.955158,True,True,1.430511474609375e-06
1449,27.44637631502701,0,18.330473,True,True,1.430511474609375e-06
1450,27.464422437013127,0,18.001138,True,True,1.430511474609375e-06
1451,27.482398073014338,0,17.928572,True,True,1.430511474609375e-06
1452,27.500750122009777,0,18.310546,True,True,1.430511474609375e-06
1453,27.51869955402799,0,17.906442,True,True,1.430511474609375e-06
1454,27.53671180998208,0,17.969024,True,True,1.430511474609375e-06
1455,27.555006822978612,0,18.254972,True,True,1.430511474609375e-06
1456,27.573075248976238,0,18.027935,True,True,1.430511474609375e-06
1457,27.59133931499673,0,18.222453,True,True,1.430511474609375e-06
1458,27.60979675198905,0,18.387222,True,True,1.430511474609375e-06
1459,27.62767936399905,0,17.827432,True,True,1.430511474609375e-06
1460,27.64557103603147,0,17.848251,True,True,1.430511474609375e-06
1461,27.663926674984396,0,18.311951,True,True,1.430511474609375e-06
1462,27.681849621003494,0,17.880652,True,True,1.430511474609375e-06
1463,27.709967073984444,0,28.074103,True,True,1.430511474609375e-06
1464,27.728470304980874,0,18.422179,True,True,1.430511474609375e-06
1465,27.74657798098633,0,18.050651,True,True,1.430511474609375e-06
1466,27.764751387992874,0,18.127329,True,True,1.430511474609375e-06
1467,27.78321019199211,0,18.417793,True,True,1.430511474609375e-06
1468,27.801452053012326,0,18.199044,True,True,1.430511474609375e-06
1469,27.819429690018296,0,17.935229,True,True,1.430511474609375e-06
1470,27.83763467799872,0,18.16433,True,True,1.430511474609375e-06
1471,27.855617141991388,0,17.94184,True,True,1.430511474609375e-06
1472,27.874026975012384,0,18.368388,True,True,1.430511474609375e-06
1473,27.89227682299679,0,18.207681,True,True,1.430511474609375e-06
1474,27.910225654020905,0,17.905281,True,True,1.430511474609375e-06
1475,27.928246808995027,0,17.976098,True,True,1.430511474609375e-06
1476,27.94654332997743,0,18.250528,True,True,1.430511474609375e-06
1477,27.964580006024335,0,17.992358,True,True,1.430511474609375e-06
1478,27.98266550799599,0,18.040596,True,True,1.430511474609375e-06
1479,28.00086845603073,0,18.159604,True,True,1.430511474609375e-06
1480,28.018888205988333,0,17.97831,True,True,1.430511474609375e-06
1481,28.037558545009233,0,18.630301,True,True,1.430511474609375e-06
1482,28.055639303987846,0,18.035623,True,True,1.430511474609375e-06
1483,28.07377506699413,0,18.08983,True,True,1.430511474609375e-06
1484,28.092184441979043,0,18.364089,True,True,1.430511474609375e-06
1485,28.110253095976077,0,18.024514,True,True,1.430511474609375e-06
1486,28.12819414999103,0,17.899115,True,True,1.430511474609375e-06
1487,28.14650743600214,0,18.268764,True,True,1.430511474609375e-06
1488,28.16455504402984,0,17.998773,True,True,1.430511474609375e-06
1489,28.182911525014788,0,18.302395,True,True,1.430511474609375e-06
1490,28.207601668022107,0,24.646276,True,True,1.430511474609375e-06
1491,28.232355037005618,0,24.646454,True,True,1.430511474609375e-06
1492,28.250617572979536,0,18.19528,True,True,1.430511474609375e-06
1493,28.268588459002785,0,17.920842,True,True,1.430511474609375e-06
1494,28.287017336988356,0,18.381182,True,True,1.430511474609375e-06
1495,28.31491943198489,0,27.850685,True,True,1.430511474609375e-06
1496,28.335270946030505,0,20.243062,True,True,1.430511474609375e-06
1497,28.353405667992774,0,18.074055,True,True,1.430511474609375e-06
1498,28.37133526301477,0,17.880838,True,True,1.430511474609375e-06
1499,28.38943899102742,0,18.058288,True,True,1.430511474609375e-06
1500,28.407311633985955,0,17.830701,True,True,1.430511474609375e-06
1501,28.42561894399114,0,18.263056,True,True,1.430511474609375e-06
1502,28.443694422021508,0,18.030133,True,True,1.430511474609375e-06
1503,28.46185428497847,0,18.11752,True,True,1.430511474609375e-06
1504,28.480231967987493,0,18.330598,True,True,1.430511474609375e-06
1505,28.498247774026822,0,17.970138,True,True,1.430511474609375e-06
1506,28.51620438299142,0,17.915132,True,True,1.430511474609375e-06
1507,28.534935695992317,0,18.688709,True,True,1.430511474609375e-06
1508,28.553139617026318,0,18.091266,True,True,1.430511474609375e-06
1509,28.571270568005275,0,18.065471,True,True,1.430511474609375e-06
1510,28.589750322978944,0,18.4341,True,True,1.430511474609375e-06
1511,28.60774417500943,0,17.925695,True,True,1.430511474609375e-06
1512,28.625934299023356,0,18.132936,True,True,1.430511474609375e-06
1513,28.644025020999834,0,18.042342,True,True,1.430511474609375e-06
1514,28.662297361996025,0,18.227252,True,True,1.430511474609375e-06
1515,28.680906424007844,0,18.510727,True,True,1.430511474609375e-06
1516,28.699012261000462,0,18.032374,True,True,1.430511474609375e-06
1517,28.71695933601586,0,17.899029,True,True,1.430511474609375e-06
1518,28.735304882982746,0,18.299591,True,True,1.430511474609375e-06
1519,28.753308728977572,0,17.957564,True,True,1.430511474609375e-06
1520,28.77122736198362,0,17.874335,True,True,1.430511474609375e-06
1521,28.789820510020945,0,18.541689,True,True,1.430511474609375e-06
1522,28.80800510197878,0,18.084962,True,True,1.430511474609375e-06
1523,28.826074437005445,0,18.015635,True,True,1.430511474609375e-06
1524,28.84404508199077,0,17.928241,True,True,1.430511474609375e-06
1525,28.861943266994786,0,17.852639,True,True,1.430511474609375e-06
1526,28.880503658030648,0,18.518484,True,True,1.430511474609375e-06
1527,28.898438178992365,0,17.891338,True,True,1.430511474609375e-06
1528,28.916389573016204,0,17.906458,True,True,1.430511474609375e-06
1529,28.934750073996838,0,18.317189,True,True,1.430511474609375e-06
1530,28.952832897019107,0,18.028945,True,True,1.430511474609375e-06
1531,28.971106942975894,0,18.229128,True,True,1.430511474609375e-06
1532,28.989302209985908,0,18.152684,True,True,1.430511474609375e-06
1533,29.00726195599418,0,17.911776,True,True,1.430511474609375e-06
1534,29.025389963004272,0,18.085484,True,True,1.430511474609375e-06
1535,29.043367601989303,0,17.932185,True,True,1.430511474609375e-06
1536,29.06161474302644,0,18.201997,True,True,1.430511474609375e-06
1537,29.0795529030147,0,17.890975,True,True,1.430511474609375e-06
1538,29.097578266984783,0,17.981759,True,True,1.430511474609375e-06
1539,29.11577600101009,0,18.156366,True,True,1.430511474609375e-06
1540,29.133712633978575,0,17.893213,True,True,1.430511474609375e-06
1541,29.152019442000892,0,18.264722,True,True,1.430511474609375e-06
1542,29.16997235000599,0,17.912382,True,True,1.430511474609375e-06
1543,29.18788909900468,0,17.876086,True,True,1.430511474609375e-06
1544,29.217527295986656,0,29.587142,True,True,1.430511474609375e-06
1545,29.23584736097837,0,18.207189,True,True,1.430511474609375e-06
1546,29.254021672008093,0,18.114147,True,True,1.430511474609375e-06
1547,29.272508003981784,0,18.43869,True,True,1.430511474609375e-06
1548,29.290616584999952,0,18.061866,True,True,1.430511474609375e-06
1549,29.308613012020942,0,17.951353,True,True,1.430511474609375e-06
1550,29.33849651599303,0,29.821891,True,True,1.430511474609375e-06
1551,29.35701345599955,0,18.404721,True,True,1.430511474609375e-06
1552,29.375138372997753,0,18.065145,True,True,1.430511474609375e-06
1553,29.393313512031455,0,18.124311,True,True,1.430511474609375e-06
1554,29.41127243899973,0,17.912889,True,True,1.430511474609375e-06
1555,29.429350640974008,0,18.03626,True,True,1.430511474609375e-06
1556,29.44737410300877,0,17.981766,True,True,1.430511474609375e-06
1557,29.465401642024517,0,17.978596,True,True,1.430511474609375e-06
1558,29.48363255802542,0,18.177675,True,True,1.430511474609375e-06
1559,29.501576929993462,0,17.898667,True,True,1.430511474609375e-06
1560,29.519444979028776,0,17.82409,True,True,1.430511474609375e-06
1561,29.537530669011176,0,18.042881,True,True,1.430511474609375e-06
1562,29.555514454026707,0,17.939419,True,True,1.430511474609375e-06
1563,29.573699999018572,0,18.144218,True,True,1.430511474609375e-06
1564,29.592105743999127,0,18.364866,True,True,1.430511474609375e-06
1565,29.610156308976002,0,17.986732,True,True,1.430511474609375e-06
1566,29.638528692012187,0,28.31842,True,True,1.430511474609375e-06
1567,29.656707410002127,0,18.087715,True,True,1.430511474609375e-06
1568,29.674731998995412,0,17.967741,True,True,1.430511474609375e-06
1569,29.693096832023002,0,18.320327,True,True,1.430511474609375e-06
1570,29.71102776902262,0,17.886582,True,True,1.430511474609375e-06
1571,29.729075198003557,0,18.000423,True,True,1.430511474609375e-06
1572,29.747106320981402,0,17.990226,True,True,1.430511474609375e-06
1573,29.765017858997453,0,17.869432,True,True,1.430511474609375e-06
1574,29.78342267399421,0,18.359341,True,True,1.430511474609375e-06
1575,29.801731864979956,0,18.259646,True,True,1.430511474609375e-06
1576,29.81982372701168,0,18.047062,True,True,1.430511474609375e-06
1577,29.838219224999193,0,18.354728,True,True,1.430511474609375e-06
1578,29.856179729977157,0,17.918786,True,True,1.430511474609375e-06
1579,29.87420351197943,0,17.980581,True,True,1.430511474609375e-06
1580,29.89225436100969,0,18.012135,True,True,1.430511474609375e-06
1581,29.91024907497922,0,17.952692,True,True,1.430511474609375e-06
1582,29.928411022003274,0,18.119178,True,True,1.430511474609375e-06
1583,29.94648555200547,0,18.033619,True,True,1.430511474609375e-06
1584,29.96471026202198,0,18.180241,True,True,1.430511474609375e-06
1585,29.982672724989243,0,17.922681,True,True,1.430511474609375e-06
1586,30.000753029016778,0,18.039271,True,True,1.430511474609375e-06
1587,30.01897060702322,0,18.17719,True,True,1.430511474609375e-06
1588,30.037232496018987,0,18.220613,True,True,1.430511474609375e-06
1589,30.05549386498751,0,18.215921,True,True,1.430511474609375e-06
1590,30.073597065987997,0,18.060836,True,True,1.430511474609375e-06
1591,30.09161727799801,0,17.975573,True,True,1.430511474609375e-06
1592,30.110051803989336,0,18.391644,True,True,1.430511474609375e-06
1593,30.128082842973527,0,17.990731,True,True,1.430511474609375e-06
1594,30.14603847498074,0,17.914818,True,True,1.430511474609375e-06
1595,30.16446740599349,0,18.382278,True,True,1.430511474609375e-06
1596,30.182453833986074,0,17.941447,True,True,1.430511474609375e-06
1597,30.21243727201363,0,29.932672,True,True,1.430511474609375e-06
1598,30.231291329022497,0,18.737922,True,True,1.430511474609375e-06
1599,30.24965427297866,0,18.293302,True,True,1.430511474609375e-06
1600,30.26775188202737,0,18.048405,True,True,1.430511474609375e-06
1601,30.28568092302885,0,17.883248,True,True,1.430511474609375e-06
1602,30.30404840997653,0,18.321354,True,True,1.430511474609375e-06
1603,30.33331467397511,0,29.214491,True,True,1.430511474609375e-06
1604,30.352092590997927,0,18.663255,True,True,1.430511474609375e-06
1605,30.370211325993296,0,18.059626,True,True,1.430511474609375e-06
1606,30.388166185002774,0,17.907864,True,True,1.430511474609375e-06
1607,30.406553698005155,0,18.341112,True,True,1.430511474609375e-06
1608,30.424476947984658,0,17.877743,True,True,1.430511474609375e-06
1609,30.442360877990723,0,17.842606,True,True,1.430511474609375e-06
1610,30.460679628013168,0,18.277475,True,True,1.430511474609375e-06
1611,30.478640260989778,0,17.918573,True,True,1.430511474609375e-06
1612,30.497132653021254,0,18.4441,True,True,1.430511474609375e-06
1613,30.51509784098016,0,17.92326,True,True,1.430511474609375e-06
1614,30.533002985990606,0,17.863964,True,True,1.430511474609375e-06
1615,30.551496330997907,0,18.451141,True,True,1.430511474609375e-06
1616,30.569428761024028,0,17.890434,True,True,1.430511474609375e-06
1617,30.587508778029587,0,18.035516,True,True,1.430511474609375e-06
1618,30.605950850993395,0,18.360751,True,True,1.430511474609375e-06
1619,30.623900624981616,0,17.891677,True,True,1.430511474609375e-06
1620,30.64190669200616,0,17.959869,True,True,1.430511474609375e-06
1621,30.660093922982924,0,18.136795,True,True,1.430511474609375e-06
1622,30.67813701700652,0,17.996101,True,True,1.430511474609375e-06
1623,30.696661391004454,0,18.482544,True,True,1.430511474609375e-06
1624,30.714707344013732,0,17.999017,True,True,1.430511474609375e-06
1625,30.73273505101679,0,17.982881,True,True,1.430511474609375e-06
1626,30.75111230497714,0,18.333548,True,True,1.430511474609375e-06
1627,30.769152513006702,0,17.997941,True,True,1.430511474609375e-06
1628,30.78711688797921,0,17.91979,True,True,1.430511474609375e-06
1629,30.805421289987862,0,18.258394,True,True,1.430511474609375e-06
1630,30.823373653984163,0,17.912098,True,True,1.430511474609375e-06
1631,30.84135966002941,0,17.945706,True,True,1.430511474609375e-06
1632,30.859653797990177,0,18.250681,True,True,1.430511474609375e-06
1633,30.877602886990644,0,17.908126,True,True,1.430511474609375e-06
1634,30.89569275599206,0,18.049818,True,True,1.430511474609375e-06
1635,30.914078075031284,0,18.338665,True,True,1.430511474609375e-06
1636,30.93205580598442,0,17.936346,True,True,1.430511474609375e-06
1637,30.95006188802654,0,17.96553,True,True,1.430511474609375e-06
1638,30.96848521201173,0,18.378971,True,True,1.430511474609375e-06
1639,30.986573597008828,0,18.046258,True,True,1.430511474609375e-06
1640,31.004604113986716,0,17.981263,True,True,1.430511474609375e-06
1641,31.02265979303047,0,18.010603,True,True,1.430511474609375e-06
1642,31.040664408996236,0,17.960639,True,True,1.430511474609375e-06
1643,31.05898645101115,0,18.279624,True,True,1.430511474609375e-06
1644,31.076913154975045,0,17.881468,True,True,1.430511474609375e-06
1645,31.095104923995677,0,18.149865,True,True,1.430511474609375e-06
1646,31.11346235201927,0,18.311715,True,True,1.430511474609375e-06
1647,31.13146741100354,0,17.959387,True,True,1.430511474609375e-06
1648,31.149444686016068,0,17.93536,True,True,1.430511474609375e-06
1649,31.167871168989222,0,18.386056,True,True,1.430511474609375e-06
1650,31.18581074802205,0,17.894582,True,True,1.430511474609375e-06
1651,31.214359911973588,0,28.503963,True,True,1.430511474609375e-06
1652,31.234870859014336,0,20.396828,True,True,1.430511474609375e-06
1653,31.2532630499918,0,18.323906,True,True,1.430511474609375e-06
1654,31.271429429994896,0,18.110053,True,True,1.430511474609375e-06
1655,31.290095518983435,0,18.612613,True,True,1.430511474609375e-06
1656,31.32969594100723,0,39.548152,True,True,1.430511474609375e-06
1657,31.348615408001933,0,18.782791,True,True,1.430511474609375e-06
1658,31.366777157993056,0,18.095168,True,True,1.430511474609375e-06
1659,31.384895146999042,0,18.061442,True,True,1.430511474609375e-06
1660,31.403066458005924,0,18.120973,True,True,1.430511474609375e-06
1661,31.421347800001968,0,18.194311,True,True,1.430511474609375e-06
1662,31.439974911976606,0,18.544857,True,True,1.430511474609375e-06
1663,31.458015448995866,0,17.972063,True,True,1.430511474609375e-06
1664,31.476121868996415,0,18.052535,True,True,1.430511474609375e-06
1665,31.49410601402633,0,17.929335,True,True,1.430511474609375e-06
1666,31.512080275977496,0,17.923635,True,True,1.430511474609375e-06
1667,31.530717100016773,0,18.583797,True,True,1.430511474609375e-06
1668,31.548843013006262,0,18.017938,True,True,1.430511474609375e-06
1669,31.56683928699931,0,17.93096,True,True,1.430511474609375e-06
1670,31.58529175800504,0,18.405257,True,True,1.430511474609375e-06
1671,31.60350580199156,0,18.138929,True,True,1.430511474609375e-06
1672,31.621585340995807,0,18.020478,True,True,1.430511474609375e-06
1673,31.639796186995227,0,18.157323,True,True,1.430511474609375e-06
1674,31.657772440987173,0,17.93023,True,True,1.430511474609375e-06
1675,31.675996538018808,0,18.181696,True,True,1.430511474609375e-06
1676,31.694005287019536,0,17.966029,True,True,1.430511474609375e-06
1677,31.711998232989572,0,17.949178,True,True,1.430511474609375e-06
1678,31.73024089197861,0,18.197408,True,True,1.430511474609375e-06
1679,31.748209659010172,0,17.924053,True,True,1.430511474609375e-06
1680,31.766135375015438,0,17.883192,True,True,1.430511474609375e-06
1681,31.78412476502126,0,17.948523,True,True,1.430511474609375e-06
1682,31.80207534902729,0,17.90826,True,True,1.430511474609375e-06
1683,31.820080969017,0,17.964354,True,True,1.430511474609375e-06
1684,31.83816458901856,0,18.043354,True,True,1.430511474609375e-06
1685,31.856561773980502,0,18.355615,True,True,1.430511474609375e-06
1686,31.874541229975875,0,17.935406,True,True,1.430511474609375e-06
1687,31.892411629029084,0,17.82628,True,True,1.430511474609375e-06
1688,31.910639907990117,0,18.18587,True,True,1.430511474609375e-06
1689,31.92859841400059,0,17.917023,True,True,1.430511474609375e-06
1690,31.947033406991977,0,18.39176,True,True,1.430511474609375e-06
1691,31.974784952995833,0,27.708761,True,True,1.430511474609375e-06
1692,31.993299878027756,0,18.427493,True,True,1.430511474609375e-06
1693,32.01135698298458,0,17.998069,True,True,1.430511474609375e-06
1694,32.02940725599183,0,18.002512,True,True,1.430511474609375e-06
1695,32.047678151982836,0,18.225674,True,True,1.430511474609375e-06
1696,32.06575928698294,0,18.039551,True,True,1.430511474609375e-06
1697,32.08371942100348,0,17.915283,True,True,1.430511474609375e-06
1698,32.10192436998477,0,18.163831,True,True,1.430511474609375e-06
1699,32.12015656201402,0,18.190848,True,True,1.430511474609375e-06
1700,32.13838893902721,0,18.18687,True,True,1.430511474609375e-06
1701,32.15641809202498,0,17.986864,True,True,1.430511474609375e-06
1702,32.17434707499342,0,17.886956,True,True,1.430511474609375e-06
1703,32.192761990998406,0,18.373561,True,True,1.430511474609375e-06
1704,32.22265986300772,0,29.845279,True,True,1.430511474609375e-06
1705,32.24102945998311,0,18.257704,True,True,1.430511474609375e-06
1706,32.259232503012754,0,18.141222,True,True,1.430511474609375e-06
1707,32.27725762798218,0,17.976915,True,True,1.430511474609375e-06
1708,32.295318273012526,0,18.016988,True,True,1.430511474609375e-06
1709,32.31357115798164,0,18.204245,True,True,1.430511474609375e-06
1710,32.33772318199044,0,24.100734,True,True,1.430511474609375e-06
1711,32.36089974199422,0,23.063481,True,True,1.430511474609375e-06
1712,32.379104487015866,0,18.133299,True,True,1.430511474609375e-06
1713,32.39765392697882,0,18.496724,True,True,1.430511474609375e-06
1714,32.41560121497605,0,17.902412,True,True,1.430511474609375e-06
1715,32.43368838803144,0,18.043826,True,True,1.430511474609375e-06
1716,32.45159907598281,0,17.867877,True,True,1.430511474609375e-06
1717,32.469536093994975,0,17.889571,True,True,1.430511474609375e-06
1718,32.48791230400093,0,18.331511,True,True,1.430511474609375e-06
1719,32.50583291199291,0,17.873719,True,True,1.430511474609375e-06
1720,32.52416659501614,0,18.292917,True,True,1.430511474609375e-06
1721,32.542458132025786,0,18.237361,True,True,1.430511474609375e-06
1722,32.560430973011535,0,17.926504,True,True,1.430511474609375e-06
1723,32.57844530401053,0,17.972235,True,True,1.430511474609375e-06
1724,32.59683044301346,0,18.33773,True,True,1.430511474609375e-06
1725,32.61490015097661,0,18.023478,True,True,1.430511474609375e-06
1726,32.643159457016736,0,28.211817,True,True,1.430511474609375e-06
1727,32.66143620101502,0,18.181681,True,True,1.430511474609375e-06
1728,32.679551457986236,0,18.049629,True,True,1.430511474609375e-06
1729,32.69766431901371,0,18.065264,True,True,1.430511474609375e-06
1730,32.71569930901751,0,17.992024,True,True,1.430511474609375e-06
1731,32.73439848597627,0,18.65356,True,True,1.430511474609375e-06
1732,32.75246764300391,0,18.026874,True,True,1.430511474609375e-06
1733,32.77054451301228,0,18.035766,True,True,1.430511474609375e-06
1734,32.78852455201559,0,17.933432,True,True,1.430511474609375e-06
1735,32.80661636998411,0,18.046256,True,True,1.430511474609375e-06
1736,32.824915217992384,0,18.258827,True,True,1.430511474609375e-06
1737,32.8429505469976,0,17.99475,True,True,1.430511474609375e-06
1738,32.86110278201522,0,18.107058,True,True,1.430511474609375e-06
1739,32.87911149102729,0,17.965423,True,True,1.430511474609375e-06
1740,32.89716623199638,0,18.012186,True,True,1.430511474609375e-06
1741,32.91545397799928,0,18.244676,True,True,1.430511474609375e-06
1742,32.93378351198044,0,18.288077,True,True,1.430511474609375e-06
1743,32.951863633003086,0,18.03602,True,True,1.430511474609375e-06
1744,32.96984428301221,0,17.939238,True,True,1.430511474609375e-06
1745,32.98784728802275,0,17.962542,True,True,1.430511474609375e-06
1746,33.006125329993665,0,18.234917,True,True,1.430511474609375e-06
1747,33.02416255499702,0,17.996196,True,True,1.430511474609375e-06
1748,33.04242172301747,0,18.214372,True,True,1.430511474609375e-06
1749,33.06039158499334,0,17.926174,True,True,1.430511474609375e-06
1750,33.07849835901288,0,18.059419,True,True,1.430511474609375e-06
1751,33.09653683798388,0,17.987486,True,True,1.430511474609375e-06
1752,33.114461402990855,0,17.883518,True,True,1.430511474609375e-06
1753,33.13257498701569,0,18.073362,True,True,1.430511474609375e-06
1754,33.150613226986025,0,17.997517,True,True,1.430511474609375e-06
1755,33.169333834026475,0,18.670973,True,True,1.430511474609375e-06
1756,33.187477615021635,0,18.089425,True,True,1.430511474609375e-06
1757,33.21763644402381,0,30.110316,True,True,1.430511474609375e-06
1758,33.2361787140253,0,18.431254,True,True,1.430511474609375e-06
1759,33.254254988976754,0,18.009774,True,True,1.430511474609375e-06
1760,33.272603404999245,0,18.297337,True,True,1.430511474609375e-06
1761,33.2906163459993,0,17.966666,True,True,1.430511474609375e-06
1762,33.30858420202276,0,17.921783,True,True,1.430511474609375e-06
1763,33.32918713800609,0,20.554991,True,True,1.430511474609375e-06
1764,33.35652144800406,0,27.241894,True,True,1.430511474609375e-06
1765,33.37487042398425,0,18.240966,True,True,1.430511474609375e-06
1766,33.39305875799619,0,18.119935,True,True,1.430511474609375e-06
1767,33.41144098597579,0,18.33285,True,True,1.430511474609375e-06
1768,33.42948594701011,0,17.996191,True,True,1.430511474609375e-06
1769,33.44738351699198,0,17.851439,True,True,1.430511474609375e-06
1770,33.47266147797927,0,25.23483,True,True,1.430511474609375e-06
1771,33.49394438700983,0,21.19721,True,True,1.430511474609375e-06
1772,33.51212768902769,0,18.12196,True,True,1.430511474609375e-06
1773,33.53014899097616,0,17.96797,True,True,1.430511474609375e-06
1774,33.54812846297864,0,17.934413,True,True,1.430511474609375e-06
1775,33.56650118302787,0,18.324572,True,True,1.430511474609375e-06
1776,33.58448190399213,0,17.934319,True,True,1.430511474609375e-06
1777,33.60253821098013,0,18.004741,True,True,1.430511474609375e-06
1778,33.62069617200177,0,18.111378,True,True,1.430511474609375e-06
1779,33.638711049978156,0,17.972909,True,True,1.430511474609375e-06
1780,33.65718168998137,0,18.428804,True,True,1.430511474609375e-06
1781,33.67571938101901,0,18.460613,True,True,1.430511474609375e-06
1782,33.693971547996625,0,18.161675,True,True,1.430511474609375e-06
1783,33.711989886011,0,17.961688,True,True,1.430511474609375e-06
1784,33.72997577302158,0,17.939976,True,True,1.430511474609375e-06
1785,33.748292791016866,0,18.273022,True,True,1.430511474609375e-06
1786,33.76626928901533,0,17.936451,True,True,1.430511474609375e-06
1787,33.78512889100239,0,18.811891,True,True,1.430511474609375e-06
1788,33.80348248803057,0,18.253226,True,True,1.430511474609375e-06
1789,33.82157728099264,0,18.03237,True,True,1.430511474609375e-06
1790,33.83972700597951,0,18.104804,True,True,1.430511474609375e-06
1791,33.85770282801241,0,17.933713,True,True,1.430511474609375e-06
1792,33.87614994798787,0,18.403594,True,True,1.430511474609375e-06
1793,33.89409022399923,0,17.890338,True,True,1.430511474609375e-06
1794,33.91214527899865,0,18.006278,True,True,1.430511474609375e-06
1795,33.9300926909782,0,17.898513,True,True,1.430511474609375e-06
1796,33.948062835028395,0,17.929317,True,True,1.430511474609375e-06
1797,33.96623483701842,0,18.127414,True,True,1.430511474609375e-06
1798,33.98418709402904,0,17.911864,True,True,1.430511474609375e-06
1799,34.00224341498688,0,18.01666,True,True,1.430511474609375e-06
1800,34.02015165198827,0,17.866281,True,True,1.430511474609375e-06
1801,34.03856563701993,0,18.37235,True,True,1.430511474609375e-06
1802,34.056615371024236,0,18.009081,True,True,1.430511474609375e-06
1803,34.07490083400626,0,18.242186,True,True,1.430511474609375e-06
1804,34.093477716029156,0,18.524751,True,True,1.430511474609375e-06
1805,34.11146876501152,0,17.942256,True,True,1.430511474609375e-06
1806,34.12958364299266,0,18.071154,True,True,1.430511474609375e-06
1807,34.14762588700978,0,18.000998,True,True,1.430511474609375e-06
1808,34.1656004540273,0,17.9336,True,True,1.430511474609375e-06
1809,34.183806632994674,0,18.16174,True,True,1.430511474609375e-06
1810,34.21360172302229,0,29.746024,True,True,1.430511474609375e-06
1811,34.23222505801823,0,18.51002,True,True,1.430511474609375e-06
1812,34.250322266016155,0,18.029675,True,True,1.430511474609375e-06
1813,34.26870620500995,0,18.332802,True,True,1.430511474609375e-06
1814,34.28718060901156,0,18.395117,True,True,1.430511474609375e-06
1815,34.3161627780064,0,28.873677,True,True,1.430511474609375e-06
1816,34.33469931798754,0,18.433006,True,True,1.430511474609375e-06
1817,34.365331856999546,0,30.56119,True,True,1.430511474609375e-06
1818,34.38367464899784,0,18.230377,True,True,1.430511474609375e-06
1819,34.40200650203042,0,18.260082,True,True,1.430511474609375e-06
1820,34.42008547898149,0,18.024601,True,True,1.430511474609375e-06
1821,34.43810651602689,0,17.973049,True,True,1.430511474609375e-06
1822,34.456400280003436,0,18.247518,True,True,1.430511474609375e-06
1823,34.474391966999974,0,17.94545,True,True,1.430511474609375e-06
1824,34.49241769697983,0,17.980203,True,True,1.430511474609375e-06
1825,34.51078511902597,0,18.321457,True,True,1.430511474609375e-06
1826,34.52993462397717,0,19.105093,True,True,1.430511474609375e-06
1827,34.54816662200028,0,18.16649,True,True,1.430511474609375e-06
1828,34.56642044300679,0,18.200492,True,True,1.430511474609375e-06
1829,34.58461634302512,0,18.140952,True,True,1.430511474609375e-06
1830,34.602898116980214,0,18.214833,True,True,1.430511474609375e-06
1831,34.620874242973514,0,17.926529,True,True,1.430511474609375e-06
1832,34.639377628976945,0,18.457057,True,True,1.430511474609375e-06
1833,34.657627134991344,0,18.202595,True,True,1.430511474609375e-06
1834,34.67560862097889,0,17.934192,True,True,1.430511474609375e-06
1835,34.69434338697465,0,18.688987,True,True,1.430511474609375e-06
1836,34.71230395202292,0,17.912109,True,True,1.430511474609375e-06
1837,34.73060595599236,0,18.259686,True,True,1.430511474609375e-06
1838,34.7491580999922,0,18.503668,True,True,1.430511474609375e-06
1839,34.767108507978264,0,17.907506,True,True,1.430511474609375e-06
1840,34.785161563020665,0,18.006203,True,True,1.430511474609375e-06
1841,34.80342929501785,0,18.224612,True,True,1.430511474609375e-06
1842,34.82155945600243,0,18.084581,True,True,1.430511474609375e-06
1843,34.8402403590153,0,18.636529,True,True,1.430511474609375e-06
1844,34.8582369700307,0,17.952134,True,True,1.430511474609375e-06
1845,34.876312976994086,0,18.034357,True,True,1.430511474609375e-06
1846,34.894568432995584,0,18.210737,True,True,1.430511474609375e-06
1847,34.912507571978495,0,17.895775,True,True,1.430511474609375e-06
1848,34.93119931803085,0,18.646651,True,True,1.430511474609375e-06
1849,34.94952738197753,0,18.27943,True,True,1.430511474609375e-06
1850,34.96758012397913,0,18.010744,True,True,1.430511474609375e-06
1851,34.986027890990954,0,18.405768,True,True,1.430511474609375e-06
1852,35.00423750601476,0,18.163015,True,True,1.430511474609375e-06
1853,35.02217876602663,0,17.896018,True,True,1.430511474609375e-06
1854,35.04067070398014,0,18.447777,True,True,1.430511474609375e-06
1855,35.058675953012425,0,17.958935,True,True,1.430511474609375e-06
1856,35.07673861901276,0,18.017498,True,True,1.430511474609375e-06
1857,35.094669505022466,0,17.878192,True,True,1.430511474609375e-06
1858,35.11280549300136,0,18.093102,True,True,1.430511474609375e-06
1859,35.13149373297347,0,18.644797,True,True,1.430511474609375e-06
1860,35.149924134020694,0,18.37861,True,True,1.430511474609375e-06
1861,35.16788704402279,0,17.917925,True,True,1.430511474609375e-06
1862,35.186074981000274,0,18.141803,True,True,1.430511474609375e-06
1863,35.215657865977846,0,29.536165,True,True,1.430511474609375e-06
1864,35.23502376500983,0,19.251989,True,True,1.430511474609375e-06
1865,35.25337223801762,0,18.278507,True,True,1.430511474609375e-06
1866,35.27136698801769,0,17.945006,True,True,1.430511474609375e-06
1867,35.289314201974776,0,17.897783,True,True,1.430511474609375e-06
1868,35.30720454198308,0,17.841642,True,True,1.430511474609375e-06
1869,35.32583536201855,0,18.585899,True,True,1.430511474609375e-06
1870,35.34645858500153,0,20.571037,True,True,1.430511474609375e-06
1871,35.37491475400748,0,28.348112,True,True,1.430511474609375e-06
1872,35.393518703000154,0,18.496614,True,True,1.430511474609375e-06
1873,35.411598173028324,0,18.015136,True,True,1.430511474609375e-06
1874,35.430097404983826,0,18.448878,True,True,1.430511474609375e-06
1875,35.44853182701627,0,18.383961,True,True,1.430511474609375e-06
1876,35.46678784198593,0,18.208346,True,True,1.430511474609375e-06
1877,35.48500874300953,0,18.174739,True,True,1.430511474609375e-06
1878,35.503222864994314,0,18.168427,True,True,1.430511474609375e-06
1879,35.52110593498219,0,17.837532,True,True,1.430511474609375e-06
1880,35.53972919797525,0,18.581809,True,True,1.430511474609375e-06
1881,35.55769806797616,0,17.91975,True,True,1.430511474609375e-06
1882,35.5757901960169,0,18.049155,True,True,1.430511474609375e-06
1883,35.59408353100298,0,18.236713,True,True,1.430511474609375e-06
1884,35.612214106018655,0,18.070064,True,True,1.430511474609375e-06
1885,35.631332996010315,0,19.070479,True,True,1.430511474609375e-06
1886,35.64981780498056,0,18.41731,True,True,1.430511474609375e-06
1887,35.66802044498036,0,18.150165,True,True,1.430511474609375e-06
1888,35.68642916501267,0,18.351273,True,True,1.430511474609375e-06
1889,35.70430524199037,0,17.829503,True,True,1.430511474609375e-06
1890,35.72263741999632,0,18.275578,True,True,1.430511474609375e-06
1891,35.7410216180142,0,18.334945,True,True,1.430511474609375e-06
1892,35.75914752599783,0,18.066508,True,True,1.430511474609375e-06
1893,35.77737721899757,0,18.175832,True,True,1.430511474609375e-06
1894,35.79529519600328,0,17.860322,True,True,1.430511474609375e-06
1895,35.813291968021076,0,17.948462,True,True,1.430511474609375e-06
1896,35.83163578697713,0,18.287929,True,True,1.430511474609375e-06
1897,35.84988955099834,0,18.189002,True,True,1.430511474609375e-06
1898,35.86798972601537,0,18.041945,True,True,1.430511474609375e-06
1899,35.88608322001528,0,18.044187,True,True,1.430511474609375e-06
1900,35.90408420399763,0,17.948581,True,True,1.430511474609375e-06
1901,35.922404990997165,0,18.267778,True,True,1.430511474609375e-06
1902,35.94127537700115,0,18.820064,True,True,1.430511474609375e-06
1903,35.95931289199507,0,17.967297,True,True,1.430511474609375e-06
1904,35.977424565004185,0,18.054508,True,True,1.430511474609375e-06
1905,35.995338230975904,0,17.866731,True,True,1.430511474609375e-06
1906,36.013293828000315,0,17.899207,True,True,1.430511474609375e-06
1907,36.03187857900048,0,18.527514,True,True,1.430511474609375e-06
1908,36.050095850019716,0,18.168808,True,True,1.430511474609375e-06
1909,36.06836953602033,0,18.210963,True,True,1.430511474609375e-06
1910,36.08673691301374,0,18.31182,True,True,1.430511474609375e-06
1911,36.104783355025575,0,17.961616,True,True,1.430511474609375e-06
1912,36.122952139005065,0,18.109654,True,True,1.430511474609375e-06
1913,36.14181375701446,0,18.799725,True,True,1.430511474609375e-06
1914,36.16010635701241,0,18.242658,True,True,1.430511474609375e-06
1915,36.17849250900326,0,18.326234,True,True,1.430511474609375e-06
1916,36.20019065903034,0,21.63871,True,True,1.430511474609375e-06
1917,36.23768849699991,0,37.380195,True,True,1.430511474609375e-06
1918,36.256199359020684,0,18.381659,True,True,1.430511474609375e-06
1919,36.274575544986874,0,18.29714,True,True,1.430511474609375e-06
1920,36.292773691006005,0,18.132279,True,True,1.430511474609375e-06
1921,36.311021036992315,0,18.189214,True,True,1.430511474609375e-06
1922,36.329766116978135,0,18.68793,True,True,1.430511474609375e-06
1923,36.35414594702888,0,24.313712,True,True,1.430511474609375e-06
1924,36.37797908100765,0,23.706945,True,True,1.430511474609375e-06
1925,36.396837582986336,0,18.790166,True,True,1.430511474609375e-06
1926,36.41475446498953,0,17.85325,True,True,1.430511474609375e-06
1927,36.433332063024864,0,18.52133,True,True,1.430511474609375e-06
1928,36.45217386202421,0,18.7662,True,True,1.430511474609375e-06
1929,36.47072335402481,0,18.441684,True,True,1.430511474609375e-06
1930,36.48883405799279,0,18.037262,True,True,1.430511474609375e-06
1931,36.50687293399824,0,17.979183,True,True,1.430511474609375e-06
1932,36.52534328098409,0,18.417489,True,True,1.430511474609375e-06
1933,36.54355285898782,0,18.155735,True,True,1.430511474609375e-06
1934,36.56208869302645,0,18.476797,True,True,1.430511474609375e-06
1935,36.58192653401056,0,19.746008,True,True,1.430511474609375e-06
1936,36.60224912298145,0,20.167171,True,True,1.430511474609375e-06
1937,36.62041317898547,0,18.042683,True,True,1.430511474609375e-06
1938,36.63981096999487,0,19.320548,True,True,1.430511474609375e-06
1939,36.65790935099358,0,18.039028,True,True,1.430511474609375e-06
1940,36.675896941975225,0,17.936563,True,True,1.430511474609375e-06
1941,36.69395042199176,0,18.005438,True,True,1.430511474609375e-06
1942,36.71205255499808,0,18.050939,True,True,1.430511474609375e-06
1943,36.73074760497548,0,18.648637,True,True,1.430511474609375e-06
1944,36.74895011802437,0,18.148906,True,True,1.430511474609375e-06
1945,36.76706858200487,0,18.073814,True,True,1.430511474609375e-06
1946,36.785287980979774,0,18.173913,True,True,1.430511474609375e-06
1947,36.80320963001577,0,17.881022,True,True,1.430511474609375e-06
1948,36.82135110202944,0,18.101623,True,True,1.430511474609375e-06
1949,36.839904249995016,0,18.511258,True,True,1.430511474609375e-06
1950,36.8581717510242,0,18.193017,True,True,1.430511474609375e-06
1951,36.8766543000238,0,18.412828,True,True,1.430511474609375e-06
1952,36.89503363298718,0,18.323798,True,True,1.430511474609375e-06
1953,36.913037917984184,0,17.947035,True,True,1.430511474609375e-06
1954,36.93163361499319,0,18.549141,True,True,1.430511474609375e-06
1955,36.94990806997521,0,18.21143,True,True,1.430511474609375e-06
1956,36.96810816199286,0,18.152678,True,True,1.430511474609375e-06
1957,36.9864633330144,0,18.307951,True,True,1.430511474609375e-06
1958,37.00449809100246,0,17.99241,True,True,1.430511474609375e-06
1959,37.022976780019235,0,18.437157,True,True,1.430511474609375e-06
1960,37.04133992700372,0,18.313734,True,True,1.430511474609375e-06
1961,37.05960146099096,0,18.211252,True,True,1.430511474609375e-06
1962,37.0778760240064,0,18.225645,True,True,1.430511474609375e-06
1963,37.09612462198129,0,18.202318,True,True,1.430511474609375e-06
1964,37.11426668101922,0,18.099256,True,True,1.430511474609375e-06
1965,37.13278123899363,0,18.472299,True,True,1.430511474609375e-06
1966,37.151131468010135,0,18.286763,True,True,1.430511474609375e-06
1967,37.169144041021354,0,17.966465,True,True,1.430511474609375e-06
1968,37.1872534090071,0,18.062574,True,True,1.430511474609375e-06
1969,37.2169519099989,0,29.647555,True,True,1.430511474609375e-06
1970,37.236324961995706,0,19.260681,True,True,1.430511474609375e-06
1971,37.25470662198495,0,18.307448,True,True,1.430511474609375e-06
1972,37.272950111015234,0,18.192075,True,True,1.430511474609375e-06
1973,37.291196273989044,0,18.199626,True,True,1.430511474609375e-06
1974,37.3091252130107,0,17.881429,True,True,1.430511474609375e-06
1975,37.32766327902209,0,18.492443,True,True,1.430511474609375e-06
1976,37.346127554017585,0,18.408836,True,True,1.430511474609375e-06
1977,37.37023694999516,0,24.055672,True,True,1.430511474609375e-06
1978,37.393875779001974,0,23.512718,True,True,1.430511474609375e-06
1979,37.412578937015496,0,18.633737,True,True,1.430511474609375e-06
1980,37.431126021023374,0,18.495235,True,True,1.430511474609375e-06
1981,37.449287826020736,0,18.107851,True,True,1.430511474609375e-06
1982,37.46750746801263,0,18.173279,True,True,1.430511474609375e-06
1983,37.48548250301974,0,17.924637,True,True,1.430511474609375e-06
1984,37.50352694001049,0,17.998435,True,True,1.430511474609375e-06
1985,37.52173636801308,0,18.163277,True,True,1.430511474609375e-06
1986,37.540088390000165,0,18.301213,True,True,1.430511474609375e-06
1987,37.55805350700393,0,17.916589,True,True,1.430511474609375e-06
1988,37.57621750299586,0,18.119166,True,True,1.430511474609375e-06
1989,37.59460625902284,0,18.330624,True,True,1.430511474609375e-06
1990,37.6130145000061,0,18.345438,True,True,1.430511474609375e-06
1991,37.6318475669832,0,18.778591,True,True,1.430511474609375e-06
1992,37.65040143497754,0,18.491276,True,True,1.430511474609375e-06
1993,37.66832772997441,0,17.874566,True,True,1.430511474609375e-06
1994,37.68643436499406,0,18.063395,True,True,1.430511474609375e-06
1995,37.7047541050124,0,18.278635,True,True,1.430511474609375e-06
1996,37.72274280100828,0,17.944404,True,True,1.430511474609375e-06
1997,37.740817504993174,0,18.027662,True,True,1.430511474609375e-06
1998,37.758890123979654,0,18.030639,True,True,1.430511474609375e-06
1999,37.776997999986634,0,18.065895,True,True,1.430511474609375e-06
2000,37.795277466997504,0,18.234937,True,True,1.430511474609375e-06
2001,37.81338937499095,0,18.067561,True,True,1.430511474609375e-06
2002,37.83146841498092,0,18.032429,True,True,1.430511474609375e-06
2003,37.84942893200787,0,17.913493,True,True,1.430511474609375e-06
2004,37.86750531499274,0,18.026568,True,True,1.430511474609375e-06
2005,37.88558483298402,0,18.032789,True,True,1.430511474609375e-06
2006,37.91346837102901,0,27.840221,True,True,1.430511474609375e-06
2007,37.932204424985684,0,18.638141,True,True,1.430511474609375e-06
2008,37.95037078199675,0,18.103717,True,True,1.430511474609375e-06
2009,37.96849179198034,0,18.070666,True,True,1.430511474609375e-06
2010,37.98669167398475,0,18.153337,True,True,1.430511474609375e-06
2011,38.00484112399863,0,18.106691,True,True,1.430511474609375e-06
2012,38.02303071698407,0,18.146163,True,True,1.430511474609375e-06
2013,38.04094115801854,0,17.865647,True,True,1.430511474609375e-06
2014,38.058949286991265,0,17.964004,True,True,1.430511474609375e-06
2015,38.07724651199533,0,18.253906,True,True,1.430511474609375e-06
2016,38.095104124979116,0,17.811195,True,True,1.430511474609375e-06
2017,38.11323138902662,0,18.083718,True,True,1.430511474609375e-06
2018,38.13148502900731,0,18.20954,True,True,1.430511474609375e-06
2019,38.149627423030324,0,18.099045,True,True,1.430511474609375e-06
2020,38.16770302597433,0,18.022739,True,True,1.430511474609375e-06
2021,38.185977246030234,0,18.224066,True,True,1.430511474609375e-06
2022,38.21516906499164,0,29.142042,True,True,1.430511474609375e-06
2023,38.23419514799025,0,18.911807,True,True,1.430511474609375e-06
2024,38.25265743600903,0,18.401881,True,True,1.430511474609375e-06
2025,38.27219820400933,0,19.483369,True,True,1.430511474609375e-06
2026,38.291127262986265,0,18.80319,True,True,1.430511474609375e-06
2027,38.31099026702577,0,19.737819,True,True,1.430511474609375e-06
2028,38.33027047797805,0,19.166003,True,True,1.430511474609375e-06
2029,38.34865798801184,0,18.287676,True,True,1.430511474609375e-06
2030,38.37677459802944,0,28.053218,True,True,1.430511474609375e-06
2031,38.39708150899969,0,20.191828,True,True,1.430511474609375e-06
2032,38.415625418012496,0,18.477658,True,True,1.430511474609375e-06
2033,38.43403354898328,0,18.357843,True,True,1.430511474609375e-06
2034,38.45197811402613,0,17.901021,True,True,1.430511474609375e-06
2035,38.47000983398175,0,17.989031,True,True,1.430511474609375e-06
2036,38.488280250981916,0,18.228122,True,True,1.430511474609375e-06
2037,38.50658876099624,0,18.259588,True,True,1.430511474609375e-06
2038,38.52463613601867,0,18.00333,True,True,1.430511474609375e-06
2039,38.54253360303119,0,17.853105,True,True,1.430511474609375e-06
2040,38.57016887300415,0,27.587654,True,True,1.430511474609375e-06
2041,38.5888703839737,0,18.617178,True,True,1.430511474609375e-06
2042,38.607042043993715,0,18.106079,True,True,1.430511474609375e-06
2043,38.62504142697435,0,17.950964,True,True,1.430511474609375e-06
2044,38.64345815900015,0,18.369003,True,True,1.430511474609375e-06
2045,38.66168803302571,0,18.185606,True,True,1.430511474609375e-06
2046,38.6800027230056,0,18.263503,True,True,1.430511474609375e-06
2047,38.69800439599203,0,17.956185,True,True,1.430511474609375e-06
2048,38.71621664898703,0,18.169376,True,True,1.430511474609375e-06
2049,38.73468524398049,0,18.401214,True,True,1.430511474609375e-06
2050,38.75278650800465,0,18.011684,True,True,1.430511474609375e-06
2051,38.770879602991045,0,18.039095,True,True,1.430511474609375e-06
2052,38.78886964300182,0,17.94898,True,True,1.430511474609375e-06
2053,38.807066624984145,0,18.144763,True,True,1.430511474609375e-06
2054,38.82532069197623,0,18.208167,True,True,1.430511474609375e-06
2055,38.843774646986276,0,18.409626,True,True,1.430511474609375e-06
2056,38.86239931802265,0,18.517871,True,True,1.430511474609375e-06
2057,38.88045629998669,0,17.997051,True,True,1.430511474609375e-06
2058,38.89860384701751,0,18.103149,True,True,1.430511474609375e-06
2059,38.916876561008394,0,18.22541,True,True,1.430511474609375e-06
2060,38.93514562200289,0,18.224645,True,True,1.430511474609375e-06
2061,38.953511085011996,0,18.317366,True,True,1.430511474609375e-06
2062,38.97186138498364,0,18.305804,True,True,1.430511474609375e-06
2063,38.989826033997815,0,17.922825,True,True,1.430511474609375e-06
2064,39.00790871097706,0,18.035774,True,True,1.430511474609375e-06
2065,39.02615697903093,0,18.204909,True,True,1.430511474609375e-06
2066,39.044354513986036,0,18.154451,True,True,1.430511474609375e-06
2067,39.062330909015145,0,17.932843,True,True,1.430511474609375e-06
2068,39.08037400897592,0,17.997413,True,True,1.430511474609375e-06
2069,39.09870883100666,0,18.289343,True,True,1.430511474609375e-06
2070,39.11664064502111,0,17.888354,True,True,1.430511474609375e-06
2071,39.13478607899742,0,18.105531,True,True,1.430511474609375e-06
2072,39.152972914977,0,18.143882,True,True,1.430511474609375e-06
2073,39.17112596001243,0,18.112048,True,True,1.430511474609375e-06
2074,39.18980608100537,0,18.634354,True,True,1.430511474609375e-06
2075,39.21965971897589,0,29.801672,True,True,1.430511474609375e-06
2076,39.24754726898391,0,27.773458,True,True,1.430511474609375e-06
2077,39.26611505402252,0,18.493737,True,True,1.430511474609375e-06
2078,39.284180963994004,0,18.013229,True,True,1.430511474609375e-06
2079,39.30229948001215,0,18.069984,True,True,1.430511474609375e-06
2080,39.320584838977084,0,18.239137,True,True,1.430511474609375e-06
2081,39.33878689602716,0,18.154082,True,True,1.430511474609375e-06
2082,39.356724860030226,0,17.890134,True,True,1.430511474609375e-06
2083,39.38666552398354,0,29.888987,True,True,1.430511474609375e-06
2084,39.40519231901271,0,18.426811,True,True,1.430511474609375e-06
2085,39.42350875202101,0,18.258194,True,True,1.430511474609375e-06
2086,39.441416323999874,0,17.860576,True,True,1.430511474609375e-06
2087,39.4595396000077,0,18.076748,True,True,1.430511474609375e-06
2088,39.47751017002156,0,17.927188,True,True,1.430511474609375e-06
2089,39.49540791497566,0,17.854157,True,True,1.430511474609375e-06
2090,39.513463590003084,0,18.012941,True,True,1.430511474609375e-06
2091,39.5317003329983,0,18.196591,True,True,1.430511474609375e-06
2092,39.549612162983976,0,17.87178,True,True,1.430511474609375e-06
2093,39.56764637999004,0,17.994719,True,True,1.430511474609375e-06
2094,39.58559891197365,0,17.909323,True,True,1.430511474609375e-06
2095,39.60397942998679,0,18.323878,True,True,1.430511474609375e-06
2096,39.62221464602044,0,18.189044,True,True,1.430511474609375e-06
2097,39.64035140298074,0,18.091972,True,True,1.430511474609375e-06
2098,39.65850454597967,0,18.111685,True,True,1.430511474609375e-06
2099,39.676808379008435,0,18.263476,True,True,1.430511474609375e-06
2100,39.69466466398444,0,17.81305,True,True,1.430511474609375e-06
2101,39.71269224397838,0,17.977218,True,True,1.430511474609375e-06
2102,39.73090810101712,0,18.168313,True,True,1.430511474609375e-06
2103,39.74901642801706,0,18.05984,True,True,1.430511474609375e-06
2104,39.76704357098788,0,17.985679,True,True,1.430511474609375e-06
2105,39.785094982013106,0,18.010263,True,True,1.430511474609375e-06
2106,39.80321727198316,0,18.077998,True,True,1.430511474609375e-06
2107,39.82107956899563,0,17.818517,True,True,1.430511474609375e-06
2108,39.839092754002195,0,17.971547,True,True,1.430511474609375e-06
2109,39.8572088709916,0,18.07499,True,True,1.430511474609375e-06
2110,39.87529881298542,0,18.050287,True,True,1.430511474609375e-06
2111,39.893410708988085,0,18.066649,True,True,1.430511474609375e-06
2112,39.9113980269758,0,17.947178,True,True,1.430511474609375e-06
2113,39.92931363597745,0,17.870741,True,True,1.430511474609375e-06
2114,39.94736719800858,0,18.010047,True,True,1.430511474609375e-06
2115,39.9655848799739,0,18.169995,True,True,1.430511474609375e-06
2116,39.98348762397654,0,17.858399,True,True,1.430511474609375e-06
2117,40.0015145780053,0,17.982585,True,True,1.430511474609375e-06
2118,40.019703574012965,0,18.148049,True,True,1.430511474609375e-06
2119,40.03759051399538,0,17.836926,True,True,1.430511474609375e-06
2120,40.05566877301317,0,18.034372,True,True,1.430511474609375e-06
2121,40.08361412002705,0,27.899792,True,True,1.430511474609375e-06
2122,40.101737736025825,0,18.032656,True,True,1.430511474609375e-06
2123,40.12001042801421,0,18.21108,True,True,1.430511474609375e-06
2124,40.13803841301706,0,17.980875,True,True,1.430511474609375e-06
2125,40.156029400008265,0,17.948225,True,True,1.430511474609375e-06
2126,40.17423801601399,0,18.165486,True,True,1.430511474609375e-06
2127,40.19245955202496,0,18.177149,True,True,1.430511474609375e-06
2128,40.22218222299125,0,29.670937,True,True,1.430511474609375e-06
2129,40.241000059002545,0,18.715422,True,True,1.430511474609375e-06
2130,40.2593573720078,0,18.294109,True,True,1.430511474609375e-06
2131,40.277602941030636,0,18.192669,True,True,1.430511474609375e-06
2132,40.29574755002977,0,18.097193,True,True,1.430511474609375e-06
2133,40.314187543001026,0,18.396792,True,True,1.430511474609375e-06
2134,40.33226933598053,0,18.032801,True,True,1.430511474609375e-06
2135,40.35030987102073,0,17.999423,True,True,1.430511474609375e-06
2136,40.36826167901745,0,17.9085,True,True,1.430511474609375e-06
2137,40.39618106698617,0,27.873133,True,True,1.430511474609375e-06
2138,40.416478603030555,0,20.19815,True,True,1.430511474609375e-06
2139,40.43453930102987,0,17.999477,True,True,1.430511474609375e-06
2140,40.45273953501601,0,18.146955,True,True,1.430511474609375e-06
2141,40.47068563097855,0,17.893391,True,True,1.430511474609375e-06
2142,40.48858882498462,0,17.858358,True,True,1.430511474609375e-06
2143,40.50661862100242,0,17.983209,True,True,1.430511474609375e-06
2144,40.52464752498781,0,17.984362,True,True,1.430511474609375e-06
2145,40.54286320699612,0,18.151353,True,True,1.430511474609375e-06
2146,40.56107500102371,0,18.130194,True,True,1.430511474609375e-06
2147,40.57935750402976,0,18.227227,True,True,1.430511474609375e-06
2148,40.5975990560255,0,18.174322,True,True,1.430511474609375e-06
2149,40.61575709201861,0,18.105302,True,True,1.430511474609375e-06
2150,40.6339494829881,0,18.145718,True,True,1.430511474609375e-06
2151,40.65204994799569,0,18.058907,True,True,1.430511474609375e-06
2152,40.670752506004646,0,18.662848,True,True,1.430511474609375e-06
2153,40.68897242099047,0,18.172335,True,True,1.430511474609375e-06
2154,40.70710559602594,0,18.092333,True,True,1.430511474609375e-06
2155,40.72505505901063,0,17.904614,True,True,1.430511474609375e-06
2156,40.74313570401864,0,18.035582,True,True,1.430511474609375e-06
2157,40.76107905898243,0,17.903383,True,True,1.430511474609375e-06
2158,40.779158618010115,0,18.036497,True,True,1.430511474609375e-06
2159,40.79728067002725,0,18.080209,True,True,1.430511474609375e-06
2160,40.81540399801452,0,18.083682,True,True,1.430511474609375e-06
2161,40.833696445974056,0,18.2497,True,True,1.430511474609375e-06
2162,40.85173016000772,0,17.990904,True,True,1.430511474609375e-06
2163,40.870007067976985,0,18.233841,True,True,1.430511474609375e-06
2164,40.888215147017036,0,18.160086,True,True,1.430511474609375e-06
2165,40.915944428998046,0,27.685231,True,True,1.430511474609375e-06
2166,40.934688254026696,0,18.6566,True,True,1.430511474609375e-06
2167,40.95280653698137,0,18.063973,True,True,1.430511474609375e-06
2168,40.97092681302456,0,18.075012,True,True,1.430511474609375e-06
2169,40.98885419598082,0,17.884655,True,True,1.430511474609375e-06
2170,41.00701422599377,0,18.119446,True,True,1.430511474609375e-06
2171,41.02513243298745,0,18.07735,True,True,1.430511474609375e-06
2172,41.04306480602827,0,17.890849,True,True,1.430511474609375e-06
2173,41.061064506007824,0,17.959503,True,True,1.430511474609375e-06
2174,41.07907013501972,0,17.962941,True,True,1.430511474609375e-06
2175,41.097118699981365,0,18.006857,True,True,1.430511474609375e-06
2176,41.11537426401628,0,18.209413,True,True,1.430511474609375e-06
2177,41.13330574799329,0,17.890385,True,True,1.430511474609375e-06
2178,41.151622447010595,0,18.271876,True,True,1.430511474609375e-06
2179,41.16979105398059,0,18.124073,True,True,1.430511474609375e-06
2180,41.18806612002663,0,18.230535,True,True,1.430511474609375e-06
2181,41.217966706026345,0,29.853703,True,True,1.430511474609375e-06
2182,41.23655295500066,0,18.481018,True,True,1.430511474609375e-06
2183,41.25489662197651,0,18.281991,True,True,1.430511474609375e-06
2184,41.27308345300844,0,18.126324,True,True,1.430511474609375e-06
2185,41.29100438399473,0,17.868078,True,True,1.430511474609375e-06
2186,41.30912988400087,0,18.077782,True,True,1.430511474609375e-06
2187,41.32725443202071,0,18.079304,True,True,1.430511474609375e-06
2188,41.34524336701725,0,17.945904,True,True,1.430511474609375e-06
2189,41.36339405598119,0,18.103397,True,True,1.430511474609375e-06
2190,41.384796947008,0,21.355182,True,True,1.430511474609375e-06
2191,41.411946006002836,0,27.049713,True,True,1.430511474609375e-06
2192,41.430403770005796,0,18.377847,True,True,1.430511474609375e-06
2193,41.44856671697926,0,18.103869,True,True,1.430511474609375e-06
2194,41.466864725982305,0,18.212053,True,True,1.430511474609375e-06
2195,41.48549520998495,0,18.545905,True,True,1.430511474609375e-06
2196,41.503592239983846,0,18.037273,True,True,1.430511474609375e-06
2197,41.52174824400572,0,18.113092,True,True,1.430511474609375e-06
2198,41.54025411902694,0,18.457905,True,True,1.430511474609375e-06
2199,41.55836907797493,0,18.041837,True,True,1.430511474609375e-06
2200,41.57691231602803,0,18.471892,True,True,1.430511474609375e-06
2201,41.59539124299772,0,18.368411,True,True,1.430511474609375e-06
2202,41.613474094017874,0,18.009165,True,True,1.430511474609375e-06
2203,41.63163919898216,0,18.106114,True,True,1.430511474609375e-06
2204,41.649791677016765,0,18.097373,True,True,1.430511474609375e-06
2205,41.66771746601444,0,17.875744,True,True,1.430511474609375e-06
2206,41.68563423398882,0,17.870201,True,True,1.430511474609375e-06
2207,41.703536202025134,0,17.853286,True,True,1.430511474609375e-06
2208,41.721486727998126,0,17.905291,True,True,1.430511474609375e-06
2209,41.7393628450227,0,17.834321,True,True,1.430511474609375e-06
2210,41.75752804602962,0,18.116965,True,True,1.430511474609375e-06
2211,41.77581205498427,0,18.223445,True,True,1.430511474609375e-06
2212,41.79398131201742,0,18.111298,True,True,1.430511474609375e-06
2213,41.812156716012396,0,18.122905,True,True,1.430511474609375e-06
2214,41.83007055002963,0,17.867305,True,True,1.430511474609375e-06
2215,41.848365726997145,0,18.251199,True,True,1.430511474609375e-06
2216,41.86652589403093,0,18.111005,True,True,1.430511474609375e-06
2217,41.884408358018845,0,17.838265,True,True,1.430511474609375e-06
2218,41.90242699201917,0,17.97488,True,True,1.430511474609375e-06
2219,41.920669197977986,0,18.199111,True,True,1.430511474609375e-06
2220,41.93880404299125,0,18.088945,True,True,1.430511474609375e-06
2221,41.956752124009654,0,17.906547,True,True,1.430511474609375e-06
2222,41.974851840990596,0,18.059189,True,True,1.430511474609375e-06
2223,41.992978773021605,0,18.085993,True,True,1.430511474609375e-06
2224,42.01111693499843,0,18.095882,True,True,1.430511474609375e-06
2225,42.02933780901367,0,18.179608,True,True,1.430511474609375e-06
2226,42.04777531698346,0,18.3959,True,True,1.430511474609375e-06
2227,42.06595808197744,0,18.134823,True,True,1.430511474609375e-06
2228,42.08421623898903,0,18.212338,True,True,1.430511474609375e-06
2229,42.10213560599368,0,17.877203,True,True,1.430511474609375e-06
2230,42.12014387600357,0,17.967898,True,True,1.430511474609375e-06
2231,42.13835988601204,0,18.170748,True,True,1.430511474609375e-06
2232,42.156351210025605,0,17.947549,True,True,1.430511474609375e-06
2233,42.17427868198138,0,17.886828,True,True,1.430511474609375e-06
2234,42.19254615198588,0,18.225077,True,True,1.430511474609375e-06
2235,42.22022870602086,0,27.630115,True,True,1.430511474609375e-06
2236,42.24047611700371,0,20.147703,True,True,1.430511474609375e-06
2237,42.2587778220186,0,18.236608,True,True,1.430511474609375e-06
2238,42.27702917403076,0,18.18935,True,True,1.430511474609375e-06
2239,42.29537361999974,0,18.292317,True,True,1.430511474609375e-06
2240,42.31353125098394,0,18.109896,True,True,1.430511474609375e-06
2241,42.33171425899491,0,18.136873,True,True,1.430511474609375e-06
2242,42.349848870013375,0,18.087016,True,True,1.430511474609375e-06
2243,42.36782171798404,0,17.924302,True,True,1.430511474609375e-06
2244,42.396051631018054,0,28.180192,True,True,1.430511474609375e-06
2245,42.416205284011085,0,20.048321,True,True,1.430511474609375e-06
2246,42.43492008198518,0,18.653675,True,True,1.430511474609375e-06
2247,42.453118444012944,0,18.148279,True,True,1.430511474609375e-06
2248,42.47119880100945,0,18.035848,True,True,1.430511474609375e-06
2249,42.48934699600795,0,18.102936,True,True,1.430511474609375e-06
2250,42.507579528028145,0,18.190617,True,True,1.430511474609375e-06
2251,42.5258188250009,0,18.189153,True,True,1.430511474609375e-06
2252,42.5440633870312,0,18.200472,True,True,1.430511474609375e-06
2253,42.562018934986554,0,17.914365,True,True,1.430511474609375e-06
2254,42.58003588399151,0,17.97752,True,True,1.430511474609375e-06
2255,42.597960370010696,0,17.880423,True,True,1.430511474609375e-06
2256,42.61592898302479,0,17.924723,True,True,1.430511474609375e-06
2257,42.63376900902949,0,17.798549,True,True,1.430511474609375e-06
2258,42.65193937101867,0,18.12759,True,True,1.430511474609375e-06
2259,42.66975221602479,0,17.771885,True,True,1.430511474609375e-06
2260,42.687845173000824,0,18.05033,True,True,1.430511474609375e-06
2261,42.705800288997125,0,17.914783,True,True,1.430511474609375e-06
2262,42.7237245059805,0,17.878521,True,True,1.430511474609375e-06
2263,42.741674678982235,0,17.910069,True,True,1.430511474609375e-06
2264,42.75977937300922,0,18.064132,True,True,1.430511474609375e-06
2265,42.77792144997511,0,18.096972,True,True,1.430511474609375e-06
2266,42.79581641498953,0,17.851446,True,True,1.430511474609375e-06
2267,42.81387587002246,0,18.013438,True,True,1.430511474609375e-06
2268,42.841856988030486,0,27.935797,True,True,1.430511474609375e-06
2269,42.8602327730041,0,18.305791,True,True,1.430511474609375e-06
2270,42.87862807099009,0,18.34446,True,True,1.430511474609375e-06
2271,42.896782397991046,0,18.109295,True,True,1.430511474609375e-06
2272,42.915015384030994,0,18.190024,True,True,1.430511474609375e-06
2273,42.933186479029246,0,18.125845,True,True,1.430511474609375e-06
2274,42.951350367977284,0,18.121914,True,True,1.430511474609375e-06
2275,42.9697411400266,0,18.347408,True,True,1.430511474609375e-06
2276,42.98763971502194,0,17.85676,True,True,1.430511474609375e-06
2277,43.00574782502372,0,18.066941,True,True,1.430511474609375e-06
2278,43.024029683030676,0,18.237931,True,True,1.430511474609375e-06
2279,43.04221638297895,0,18.137103,True,True,1.430511474609375e-06
2280,43.060550194000825,0,18.287847,True,True,1.430511474609375e-06
2281,43.07903142902069,0,18.399753,True,True,1.430511474609375e-06
2282,43.09772955998778,0,18.608831,True,True,1.430511474609375e-06
2283,43.11623382201651,0,18.390119,True,True,1.430511474609375e-06
2284,43.13468953903066,0,18.355215,True,True,1.430511474609375e-06
2285,43.15324165998027,0,18.486699,True,True,1.430511474609375e-06
2286,43.17122819297947,0,17.92769,True,True,1.430511474609375e-06
2287,43.189378908020444,0,18.102523,True,True,1.430511474609375e-06
2288,43.219007910985965,0,29.578936,True,True,1.430511474609375e-06
2289,43.23770101601258,0,18.577727,True,True,1.430511474609375e-06
2290,43.255988348973915,0,18.223855,True,True,1.430511474609375e-06
2291,43.27418685797602,0,18.148506,True,True,1.430511474609375e-06
2292,43.29225842398591,0,18.022716,True,True,1.430511474609375e-06
2293,43.310349385021254,0,18.041276,True,True,1.430511474609375e-06
2294,43.32854675501585,0,18.145948,True,True,1.430511474609375e-06
2295,43.346697312023025,0,18.102381,True,True,1.430511474609375e-06
2296,43.364948927017394,0,18.208102,True,True,1.430511474609375e-06
2297,43.38309792097425,0,18.106256,True,True,1.430511474609375e-06
2298,43.40743645100156,0,24.285007,True,True,1.430511474609375e-06
2299,43.430921919993125,0,23.373947,True,True,1.430511474609375e-06
2300,43.44938786298735,0,18.39743,True,True,1.430511474609375e-06
2301,43.467669902020134,0,18.2264,True,True,1.430511474609375e-06
2302,43.48604114900809,0,18.311905,True,True,1.430511474609375e-06
2303,43.50397763599176,0,17.889168,True,True,1.430511474609375e-06
2304,43.52196672098944,0,17.943985,True,True,1.430511474609375e-06
2305,43.539861491008196,0,17.849974,True,True,1.430511474609375e-06
2306,43.55798164999578,0,18.074382,True,True,1.430511474609375e-06
2307,43.57631392602343,0,18.289708,True,True,1.430511474609375e-06
2308,43.59475777699845,0,18.375106,True,True,1.430511474609375e-06
2309,43.612680250022095,0,17.84956,True,True,1.430511474609375e-06
2310,43.63076925900532,0,18.033457,True,True,1.430511474609375e-06
2311,43.64889890002087,0,18.081771,True,True,1.430511474609375e-06
2312,43.66703390103066,0,18.09349,True,True,1.430511474609375e-06
2313,43.68538774497574,0,18.307152,True,True,1.430511474609375e-06
2314,43.703399213030934,0,17.969666,True,True,1.430511474609375e-06
2315,43.72183758497704,0,18.355135,True,True,1.430511474609375e-06
2316,43.740013881993946,0,18.100724,True,True,1.430511474609375e-06
2317,43.75805495498935,0,17.989647,True,True,1.430511474609375e-06
2318,43.775951126997825,0,17.851326,True,True,1.430511474609375e-06
2319,43.794070173986256,0,18.073076,True,True,1.430511474609375e-06
2320,43.81214164698031,0,18.019864,True,True,1.430511474609375e-06
2321,43.83051069598878,0,18.315522,True,True,1.430511474609375e-06
2322,43.84892433602363,0,18.311875,True,True,1.430511474609375e-06
2323,43.86714585399022,0,18.156731,True,True,1.430511474609375e-06
2324,43.88559843698749,0,18.403092,True,True,1.430511474609375e-06
2325,43.90370848402381,0,18.065918,True,True,1.430511474609375e-06
2326,43.921633079997264,0,17.880411,True,True,1.430511474609375e-06
2327,43.93981646001339,0,18.137138,True,True,1.430511474609375e-06
2328,43.9578715430107,0,18.007674,True,True,1.430511474609375e-06
2329,43.97610105498461,0,18.183116,True,True,1.430511474609375e-06
2330,43.994021816994064,0,17.876606,True,True,1.430511474609375e-06
2331,44.01200493698707,0,17.942452,True,True,1.430511474609375e-06
2332,44.03044865000993,0,18.398589,True,True,1.430511474609375e-06
2333,44.048516262031626,0,18.022333,True,True,1.430511474609375e-06
2334,44.066509787982795,0,17.945364,True,True,1.430511474609375e-06
2335,44.084638232016005,0,18.081624,True,True,1.430511474609375e-06
2336,44.10279452701798,0,18.112569,True,True,1.430511474609375e-06
2337,44.12097284098854,0,18.129811,True,True,1.430511474609375e-06
2338,44.13913597201463,0,18.120751,True,True,1.430511474609375e-06
2339,44.157395711983554,0,18.216101,True,True,1.430511474609375e-06
2340,44.17538489197614,0,17.944965,True,True,1.430511474609375e-06
2341,44.195516458014026,0,20.087257,True,True,1.430511474609375e-06
2342,44.222097471996676,0,26.494328,True,True,1.430511474609375e-06
2343,44.24207446502987,0,19.878119,True,True,1.430511474609375e-06
2344,44.260428827023134,0,18.293988,True,True,1.430511474609375e-06
2345,44.27904542197939,0,18.560146,True,True,1.430511474609375e-06
2346,44.297263582004234,0,18.172983,True,True,1.430511474609375e-06
2347,44.31546948698815,0,18.151607,True,True,1.430511474609375e-06
2348,44.33415265701478,0,18.636021,True,True,1.430511474609375e-06
2349,44.35227340401616,0,18.062478,True,True,1.430511474609375e-06
2350,44.3705732190283,0,18.239198,True,True,1.430511474609375e-06
2351,44.38914870901499,0,18.481261,True,True,1.430511474609375e-06
2352,44.41689938498894,0,27.671253,True,True,1.430511474609375e-06
2353,44.43715393601451,0,20.134013,True,True,1.430511474609375e-06
2354,44.45541687798686,0,18.194659,True,True,1.430511474609375e-06
2355,44.47343455097871,0,17.962246,True,True,1.430511474609375e-06
2356,44.491562362993136,0,18.074485,True,True,1.430511474609375e-06
2357,44.51991698599886,0,28.302051,True,True,1.430511474609375e-06
2358,44.53829927899642,0,18.285417,True,True,1.430511474609375e-06
2359,44.556567208026536,0,18.200089,True,True,1.430511474609375e-06
2360,44.574735680012964,0,18.116999,True,True,1.430511474609375e-06
2361,44.593061906984076,0,18.265362,True,True,1.430511474609375e-06
2362,44.611387866025325,0,18.278878,True,True,1.430511474609375e-06
2363,44.62983947398607,0,18.393313,True,True,1.430511474609375e-06
2364,44.64785030897474,0,17.955447,True,True,1.430511474609375e-06
2365,44.665997352974955,0,18.099981,True,True,1.430511474609375e-06
2366,44.684285465977155,0,18.240683,True,True,1.430511474609375e-06
2367,44.70238312298898,0,18.053687,True,True,1.430511474609375e-06
2368,44.72033453400945,0,17.904482,True,True,1.430511474609375e-06
2369,44.738514859986026,0,18.133566,True,True,1.430511474609375e-06
2370,44.756640881008934,0,18.084402,True,True,1.430511474609375e-06
2371,44.774884985003155,0,18.199439,True,True,1.430511474609375e-06
2372,44.7932087740046,0,18.279236,True,True,1.430511474609375e-06
2373,44.81143816601252,0,18.185099,True,True,1.430511474609375e-06
2374,44.82966986601241,0,18.182899,True,True,1.430511474609375e-06
2375,44.84808373998385,0,18.364889,True,True,1.430511474609375e-06
2376,44.86630120698828,0,18.169758,True,True,1.430511474609375e-06
2377,44.8844485579757,0,18.10043,True,True,1.430511474609375e-06
2378,44.90284416201757,0,18.353959,True,True,1.430511474609375e-06
2379,44.921105856017675,0,18.220664,True,True,1.430511474609375e-06
2380,44.93937843199819,0,18.221477,True,True,1.430511474609375e-06
2381,44.9579185229959,0,18.489008,True,True,1.430511474609375e-06
2382,44.97605106298579,0,18.086125,True,True,1.430511474609375e-06
2383,44.99407616397366,0,17.97876,True,True,1.430511474609375e-06
2384,45.012186487030704,0,18.064277,True,True,1.430511474609375e-06
2385,45.03038337599719,0,18.154109,True,True,1.430511474609375e-06
2386,45.0488841549959,0,18.445976,True,True,1.430511474609375e-06
2387,45.0672003509826,0,18.222301,True,True,1.430511474609375e-06
2388,45.08568387897685,0,18.419566,True,True,1.430511474609375e-06
2389,45.10386283299886,0,18.08395,True,True,1.430511474609375e-06
2390,45.12201112799812,0,18.078935,True,True,1.430511474609375e-06
2391,45.13993276801193,0,17.865726,True,True,1.430511474609375e-06
2392,45.15809109900147,0,18.111474,True,True,1.430511474609375e-06
2393,45.1861869150307,0,28.045161,True,True,1.430511474609375e-06
2394,45.216262616973836,0,29.99859,True,True,1.430511474609375e-06
2395,45.23483816703083,0,18.46269,True,True,1.430511474609375e-06
2396,45.25331116101006,0,18.417222,True,True,1.430511474609375e-06
2397,45.27163582498906,0,18.276749,True,True,1.430511474609375e-06
2398,45.289922183030285,0,18.232451,True,True,1.430511474609375e-06
2399,45.30792696302524,0,17.945652,True,True,1.430511474609375e-06
2400,45.32602024800144,0,18.039964,True,True,1.430511474609375e-06
2401,45.344364491989836,0,18.286214,True,True,1.430511474609375e-06
2402,45.36253393202787,0,18.121224,True,True,1.430511474609375e-06
2403,45.380705140996724,0,18.11801,True,True,1.430511474609375e-06
2404,45.402276109030936,0,21.51649,True,True,1.430511474609375e-06
2405,45.42909771902487,0,26.706685,True,True,1.430511474609375e-06
2406,45.447752150008455,0,18.567177,True,True,1.430511474609375e-06
2407,45.46602107502986,0,18.208208,True,True,1.430511474609375e-06
2408,45.484255856019445,0,18.18593,True,True,1.430511474609375e-06
2409,45.50213127897587,0,17.821581,True,True,1.430511474609375e-06
2410,45.520346226985566,0,18.163722,True,True,1.430511474609375e-06
2411,45.538582662004046,0,18.169914,True,True,1.430511474609375e-06
2412,45.55665040801978,0,18.017152,True,True,1.430511474609375e-06
2413,45.574664135987405,0,17.967195,True,True,1.430511474609375e-06
2414,45.592873525980394,0,18.136949,True,True,1.430511474609375e-06
2415,45.6110912039876,0,18.152218,True,True,1.430511474609375e-06
2416,45.62942849000683,0,18.287341,True,True,1.430511474609375e-06
2417,45.64753302902682,0,18.054734,True,True,1.430511474609375e-06
2418,45.665417593030725,0,17.840293,True,True,1.430511474609375e-06
2419,45.68338997801766,0,17.928315,True,True,1.430511474609375e-06
2420,45.70150655001635,0,18.069993,True,True,1.430511474609375e-06
2421,45.71937875403091,0,17.821986,True,True,1.430511474609375e-06
2422,45.73749093199149,0,18.068432,True,True,1.430511474609375e-06
2423,45.7553760560113,0,17.842721,True,True,1.430511474609375e-06
2424,45.773387424007524,0,17.971417,True,True,1.430511474609375e-06
2425,45.79147239099257,0,18.044617,True,True,1.430511474609375e-06
2426,45.80961262702476,0,18.097955,True,True,1.430511474609375e-06
2427,45.837717164016794,0,28.0631,True,True,1.430511474609375e-06
2428,45.85605304100318,0,18.280257,True,True,1.430511474609375e-06
2429,45.874265198013745,0,18.167284,True,True,1.430511474609375e-06
2430,45.89277748198947,0,18.466895,True,True,1.430511474609375e-06
2431,45.911008592986036,0,18.188178,True,True,1.430511474609375e-06
2432,45.92926961102057,0,18.217386,True,True,1.430511474609375e-06
2433,45.9477476439788,0,18.426074,True,True,1.430511474609375e-06
2434,45.96587360301055,0,18.08045,True,True,1.430511474609375e-06
2435,45.984052887011785,0,18.137845,True,True,1.430511474609375e-06
2436,46.00191684899619,0,17.820759,True,True,1.430511474609375e-06
2437,46.02006940700812,0,18.107971,True,True,1.430511474609375e-06
2438,46.038263881986495,0,18.15471,True,True,1.430511474609375e-06
2439,46.0564245369751,0,18.113331,True,True,1.430511474609375e-06
2440,46.074856035003904,0,18.388444,True,True,1.430511474609375e-06
2441,46.09302814799594,0,18.118584,True,True,1.430511474609375e-06
2442,46.11110712599475,0,18.027264,True,True,1.430511474609375e-06
2443,46.12935295002535,0,18.197285,True,True,1.430511474609375e-06
2444,46.14750385802472,0,18.104034,True,True,1.430511474609375e-06
2445,46.165457763010636,0,17.913192,True,True,1.430511474609375e-06
2446,46.1835049240035,0,18.006641,True,True,1.430511474609375e-06
2447,46.21169889101293,0,28.14776,True,True,1.430511474609375e-06
2448,46.231528497999534,0,19.714292,True,True,1.430511474609375e-06
2449,46.249817630974576,0,18.222273,True,True,1.430511474609375e-06
2450,46.26784592401236,0,17.983657,True,True,1.430511474609375e-06
2451,46.285953686980065,0,18.059224,True,True,1.430511474609375e-06
2452,46.304254046001006,0,18.25,True,True,1.430511474609375e-06
2453,46.322412149980664,0,18.10468,True,True,1.430511474609375e-06
2454,46.34055568301119,0,18.091816,True,True,1.430511474609375e-06
2455,46.358776270004455,0,18.163076,True,True,1.430511474609375e-06
2456,46.376915781002026,0,18.089372,True,True,1.430511474609375e-06
2457,46.397306328988634,0,20.337084,True,True,1.430511474609375e-06
2458,46.42376236402197,0,26.345129,True,True,1.430511474609375e-06
2459,46.444040670001414,0,20.189954,True,True,1.430511474609375e-06
2460,46.462604963977356,0,18.471997,True,True,1.430511474609375e-06
2461,46.48167636699509,0,18.978813,True,True,1.430511474609375e-06
2462,46.50003098399611,0,18.289567,True,True,1.430511474609375e-06
2463,46.517920918995515,0,17.837971,True,True,1.430511474609375e-06
2464,46.53609471098753,0,18.124855,True,True,1.430511474609375e-06
2465,46.55426064803032,0,18.114701,True,True,1.430511474609375e-06
2466,46.57247003598604,0,18.156511,True,True,1.430511474609375e-06
2467,46.590889993996825,0,18.312622,True,True,1.430511474609375e-06
2468,46.609249432978686,0,18.273411,True,True,1.430511474609375e-06
2469,46.62723621801706,0,17.93224,True,True,1.430511474609375e-06
2470,46.64539298100863,0,18.104948,True,True,1.430511474609375e-06
2471,46.67315084300935,0,27.701567,True,True,1.430511474609375e-06
2472,46.691635381022934,0,18.420519,True,True,1.430511474609375e-06
2473,46.709829327999614,0,18.143201,True,True,1.430511474609375e-06
2474,46.7281104560243,0,18.238302,True,True,1.430511474609375e-06
2475,46.74626448901836,0,18.111455,True,True,1.430511474609375e-06
2476,46.76422653597547,0,17.92134,True,True,1.430511474609375e-06
2477,46.78255635802634,0,18.286717,True,True,1.430511474609375e-06
2478,46.800559842027724,0,17.960602,True,True,1.430511474609375e-06
2479,46.81882184703136,0,18.213378,True,True,1.430511474609375e-06
2480,46.83705508901039,0,18.18838,True,True,1.430511474609375e-06
2481,46.85533534898423,0,18.239343,True,True,1.430511474609375e-06
2482,46.87332378100837,0,17.939803,True,True,1.430511474609375e-06
2483,46.89143832301488,0,18.070726,True,True,1.430511474609375e-06
2484,46.909536782011855,0,18.055474,True,True,1.430511474609375e-06
2485,46.927733540011104,0,18.156512,True,True,1.430511474609375e-06
2486,46.946173809003085,0,18.388978,True,True,1.430511474609375e-06
2487,46.9643825829844,0,18.161642,True,True,1.430511474609375e-06
2488,46.98235539498273,0,17.931651,True,True,1.430511474609375e-06
2489,47.00054892501794,0,18.149894,True,True,1.430511474609375e-06
2490,47.0187446839991,0,18.15245,True,True,1.430511474609375e-06
2491,47.036931377020665,0,18.142208,True,True,1.430511474609375e-06
2492,47.05527097498998,0,18.29352,True,True,1.430511474609375e-06
2493,47.07343932503136,0,18.127446,True,True,1.430511474609375e-06
2494,47.0916871529771,0,18.196814,True,True,1.430511474609375e-06
2495,47.110371996997856,0,18.634112,True,True,1.430511474609375e-06
2496,47.12832201097626,0,17.899507,True,True,1.430511474609375e-06
2497,47.14643335802248,0,18.062895,True,True,1.430511474609375e-06
2498,47.16458432399668,0,18.106889,True,True,1.430511474609375e-06
2499,47.18275185697712,0,18.123862,True,True,1.430511474609375e-06
2500,47.21091920300387,0,28.124637,True,True,1.430511474609375e-06
2501,47.23115148401121,0,20.120341,True,True,1.430511474609375e-06
2502,47.249501927988604,0,18.284975,True,True,1.430511474609375e-06
2503,47.26779566297773,0,18.24872,True,True,1.430511474609375e-06
2504,47.2860380000202,0,18.191065,True,True,1.430511474609375e-06
2505,47.30393305502366,0,17.841978,True,True,1.430511474609375e-06
2506,47.32207220897544,0,18.09055,True,True,1.430511474609375e-06
2507,47.34047413698863,0,18.350176,True,True,1.430511474609375e-06
2508,47.35857795400079,0,18.050801,True,True,1.430511474609375e-06
2509,47.37690475402633,0,18.271203,True,True,1.430511474609375e-06
2510,47.395094403997064,0,18.140014,True,True,1.430511474609375e-06
2511,47.41655772400554,0,21.406006,True,True,1.430511474609375e-06
2512,47.4432421370293,0,26.575328,True,True,1.430511474609375e-06
2513,47.46176779700909,0,18.434046,True,True,1.430511474609375e-06
2514,47.48057075997349,0,18.741973,True,True,1.430511474609375e-06
2515,47.49901494401274,0,18.392191,True,True,1.430511474609375e-06
2516,47.52684233000036,0,27.770862,True,True,1.430511474609375e-06
2517,47.545645440986846,0,18.730291,True,True,1.430511474609375e-06
2518,47.56379200797528,0,18.09568,True,True,1.430511474609375e-06
2519,47.58176964300219,0,17.932849,True,True,1.430511474609375e-06
2520,47.599910538992845,0,18.06808,True,True,1.430511474609375e-06
2521,47.61807534098625,0,18.116232,True,True,1.430511474609375e-06
2522,47.636245609028265,0,18.122084,True,True,1.430511474609375e-06
2523,47.65441636397736,0,18.123197,True,True,1.430511474609375e-06
2524,47.6730002789991,0,18.539473,True,True,1.430511474609375e-06
2525,47.69111449102638,0,18.071858,True,True,1.430511474609375e-06
2526,47.70948638400296,0,18.327661,True,True,1.430511474609375e-06
2527,47.72758964099921,0,18.05535,True,True,1.430511474609375e-06
2528,47.74580208398402,0,18.165663,True,True,1.430511474609375e-06
2529,47.76375807099976,0,17.913268,True,True,1.430511474609375e-06
2530,47.78179018798983,0,17.990055,True,True,1.430511474609375e-06
2531,47.80003444402246,0,18.199256,True,True,1.430511474609375e-06
2532,47.81814186502015,0,18.054677,True,True,1.430511474609375e-06
2533,47.83656525902916,0,18.38006,True,True,1.430511474609375e-06
2534,47.85493890201906,0,18.326821,True,True,1.430511474609375e-06
2535,47.872916389023885,0,17.935672,True,True,1.430511474609375e-06
2536,47.890959474025294,0,18.000101,True,True,1.430511474609375e-06
2537,47.908836463000625,0,17.835624,True,True,1.430511474609375e-06
2538,47.92702477501007,0,18.146738,True,True,1.430511474609375e-06
2539,47.94524909200845,0,18.172348,True,True,1.430511474609375e-06
2540,47.963459271006286,0,18.161806,True,True,1.430511474609375e-06
2541,47.98186055599945,0,18.359393,True,True,1.430511474609375e-06
2542,47.99978482601,0,17.880983,True,True,1.430511474609375e-06
2543,48.01793734601233,0,18.103171,True,True,1.430511474609375e-06
2544,48.03607309499057,0,18.089109,True,True,1.430511474609375e-06
2545,48.05402387998765,0,17.90698,True,True,1.430511474609375e-06
2546,48.07223355397582,0,18.166246,True,True,1.430511474609375e-06
2547,48.09040495601948,0,18.122961,True,True,1.430511474609375e-06
2548,48.10870862600859,0,18.253176,True,True,1.430511474609375e-06
2549,48.12701720802579,0,18.263434,True,True,1.430511474609375e-06
2550,48.145089539000764,0,18.02775,True,True,1.430511474609375e-06
2551,48.16336433001561,0,18.228858,True,True,1.430511474609375e-06
2552,48.1815226310282,0,18.112891,True,True,1.430511474609375e-06
2553,48.211248653999064,0,29.680741,True,True,1.430511474609375e-06
2554,48.2300408220035,0,18.673681,True,True,1.430511474609375e-06
2555,48.248417472990695,0,18.311699,True,True,1.430511474609375e-06
2556,48.2666115440079,0,18.147436,True,True,1.430511474609375e-06
2557,48.28493585000979,0,18.262037,True,True,1.430511474609375e-06
2558,48.30318501702277,0,18.19314,True,True,1.430511474609375e-06
2559,48.32126634300221,0,18.029349,True,True,1.430511474609375e-06
2560,48.33967070002109,0,18.35494,True,True,1.430511474609375e-06
2561,48.35801199701382,0,18.295379,True,True,1.430511474609375e-06
2562,48.37623822997557,0,18.178091,True,True,1.430511474609375e-06
2563,48.39485262898961,0,18.56675,True,True,1.430511474609375e-06
2564,48.41548742202576,0,20.567832,True,True,1.430511474609375e-06
2565,48.441528242023196,0,25.937225,True,True,1.430511474609375e-06
2566,48.4615329640219,0,19.919145,True,True,1.430511474609375e-06
2567,48.479893720999826,0,18.30195,True,True,1.430511474609375e-06
2568,48.49827618501149,0,18.329561,True,True,1.430511474609375e-06
2569,48.51643899199553,0,18.113575,True,True,1.430511474609375e-06
2570,48.53471834602533,0,18.228536,True,True,1.430511474609375e-06
2571,48.55287772498559,0,18.113522,True,True,1.430511474609375e-06
2572,48.571093578997534,0,18.166765,True,True,1.430511474609375e-06
2573,48.589359177974984,0,18.219417,True,True,1.430511474609375e-06
2574,48.607416664017364,0,17.972113,True,True,1.430511474609375e-06
2575,48.62556128500728,0,18.08634,True,True,1.430511474609375e-06
2576,48.6438072900055,0,18.192468,True,True,1.430511474609375e-06
2577,48.66200879402459,0,18.153869,True,True,1.430511474609375e-06
2578,48.680143677978776,0,18.090484,True,True,1.430511474609375e-06
2579,48.69805714400718,0,17.867982,True,True,1.430511474609375e-06
2580,48.716101013007574,0,18.002257,True,True,1.430511474609375e-06
2581,48.73440572700929,0,18.255421,True,True,1.430511474609375e-06
2582,48.75307267101016,0,18.567906,True,True,1.430511474609375e-06
2583,48.77111479599262,0,17.984179,True,True,1.430511474609375e-06
2584,48.78930553200189,0,18.144086,True,True,1.430511474609375e-06
2585,48.80717281298712,0,17.822811,True,True,1.430511474609375e-06
2586,48.82520417502383,0,17.984176,True,True,1.430511474609375e-06
2587,48.843919237027876,0,18.672479,True,True,1.430511474609375e-06
2588,48.86249328003032,0,18.486142,True,True,1.430511474609375e-06
2589,48.88111447397387,0,18.547188,True,True,1.430511474609375e-06
2590,48.89929721498629,0,18.132063,True,True,1.430511474609375e-06
2591,48.91718428302556,0,17.832863,True,True,1.430511474609375e-06
2592,48.93526420998387,0,18.033602,True,True,1.430511474609375e-06
2593,48.95316895097494,0,17.852861,True,True,1.430511474609375e-06
2594,48.971254071977455,0,18.03814,True,True,1.430511474609375e-06
2595,48.98914308199892,0,17.843275,True,True,1.430511474609375e-06
2596,49.00711001100717,0,17.919309,True,True,1.430511474609375e-06
2597,49.025104303029366,0,17.948913,True,True,1.430511474609375e-06
2598,49.04317092400743,0,18.023596,True,True,1.430511474609375e-06
2599,49.06122101302026,0,18.005225,True,True,1.430511474609375e-06
2600,49.07937481201952,0,18.083962,True,True,1.430511474609375e-06
2601,49.097651201009285,0,18.225668,True,True,1.430511474609375e-06
2602,49.115849628986325,0,18.142566,True,True,1.430511474609375e-06
2603,49.13376945297932,0,17.870662,True,True,1.430511474609375e-06
2604,49.151827209978364,0,18.010355,True,True,1.430511474609375e-06
2605,49.16993866901612,0,18.067422,True,True,1.430511474609375e-06
2606,49.18785740900785,0,17.873416,True,True,1.430511474609375e-06
2607,49.21645154297585,0,28.547567,True,True,1.430511474609375e-06
2608,49.23655263200635,0,19.989339,True,True,1.430511474609375e-06
2609,49.2552252280293,0,18.598738,True,True,1.430511474609375e-06
2610,49.27340802102117,0,18.129876,True,True,1.430511474609375e-06
2611,49.2914510879782,0,17.993799,True,True,1.430511474609375e-06
2612,49.30963478202466,0,18.137539,True,True,1.430511474609375e-06
2613,49.3277962320135,0,18.109792,True,True,1.430511474609375e-06
2614,49.34602079499746,0,18.173585,True,True,1.430511474609375e-06
2615,49.364237162983045,0,18.162409,True,True,1.430511474609375e-06
2616,49.38235090801027,0,18.062569,True,True,1.430511474609375e-06
2617,49.40047929401044,0,18.07406,True,True,1.430511474609375e-06
2618,49.425021718023345,0,24.48537,True,True,1.430511474609375e-06
2619,49.45779148902511,0,32.650761,True,True,1.430511474609375e-06
2620,49.47646480798721,0,18.591536,True,True,1.430511474609375e-06
2621,49.49469920201227,0,18.163873,True,True,1.430511474609375e-06
2622,49.512737725977786,0,17.979249,True,True,1.430511474609375e-06
2623,49.53210941597354,0,19.303179,True,True,1.430511474609375e-06
2624,49.55066539498512,0,18.453341,True,True,1.430511474609375e-06
2625,49.56893419701373,0,18.205785,True,True,1.430511474609375e-06
2626,49.586925002979115,0,17.936166,True,True,1.430511474609375e-06
2627,49.60526664101053,0,18.239281,True,True,1.430511474609375e-06
2628,49.62392942502629,0,18.595847,True,True,1.430511474609375e-06
2629,49.64213450602256,0,18.151313,True,True,1.430511474609375e-06
2630,49.660069826990366,0,17.886044,True,True,1.430511474609375e-06
2631,49.678173282009084,0,18.053895,True,True,1.430511474609375e-06
2632,49.69628215400735,0,18.066786,True,True,1.430511474609375e-06
2633,49.714185790973715,0,17.863517,True,True,1.430511474609375e-06
2634,49.73282176099019,0,18.591484,True,True,1.430511474609375e-06
2635,49.751155801990535,0,18.281626,True,True,1.430511474609375e-06
2636,49.769354884978384,0,18.153331,True,True,1.430511474609375e-06
2637,49.78744779800763,0,18.052519,True,True,1.430511474609375e-06
2638,49.80527814402012,0,17.789841,True,True,1.430511474609375e-06
2639,49.82397965103155,0,18.655691,True,True,1.430511474609375e-06
2640,49.842092752980534,0,18.065474,True,True,1.430511474609375e-06
2641,49.86013073299546,0,17.991932,True,True,1.430511474609375e-06
2642,49.87844977300847,0,18.275341,True,True,1.430511474609375e-06
2643,49.89662223798223,0,18.130342,True,True,1.430511474609375e-06
2644,49.91470926901093,0,18.045569,True,True,1.430511474609375e-06
2645,49.93363801797386,0,18.880241,True,True,1.430511474609375e-06
2646,49.95189114898676,0,18.18959,True,True,1.430511474609375e-06
2647,49.96980697102845,0,17.865851,True,True,1.430511474609375e-06
2648,49.98817794502247,0,18.323025,True,True,1.430511474609375e-06
2649,50.00642548099859,0,18.19723,True,True,1.430511474609375e-06
2650,50.0250645300257,0,18.592567,True,True,1.430511474609375e-06
2651,50.04346494900528,0,18.352845,True,True,1.430511474609375e-06
2652,50.061654836987145,0,18.142362,True,True,1.430511474609375e-06
2653,50.079891060013324,0,18.187793,True,True,1.430511474609375e-06
2654,50.098325601022225,0,18.388721,True,True,1.430511474609375e-06
2655,50.116429210000206,0,18.058658,True,True,1.430511474609375e-06
2656,50.13496967998799,0,18.490841,True,True,1.430511474609375e-06
2657,50.15311946999282,0,18.096006,True,True,1.430511474609375e-06
2658,50.17130843200721,0,18.143426,True,True,1.430511474609375e-06
2659,50.1892220369773,0,17.870397,True,True,1.430511474609375e-06
2660,50.21946755802492,0,30.199746,True,True,1.430511474609375e-06
2661,50.238099580979906,0,18.515464,True,True,1.430511474609375e-06
2662,50.25612439302495,0,17.958513,True,True,1.430511474609375e-06
2663,50.27429192297859,0,18.116904,True,True,1.430511474609375e-06
2664,50.2922491459758,0,17.905499,True,True,1.430511474609375e-06
2665,50.31028665002668,0,17.990908,True,True,1.430511474609375e-06
2666,50.3293837980018,0,19.050254,True,True,1.430511474609375e-06
2667,50.34760165098123,0,18.16345,True,True,1.430511474609375e-06
2668,50.365849549009,0,18.200136,True,True,1.430511474609375e-06
2669,50.38380888599204,0,17.907492,True,True,1.430511474609375e-06
2670,50.40184909297386,0,17.988285,True,True,1.430511474609375e-06
2671,50.42029693897348,0,18.400607,True,True,1.430511474609375e-06
2672,50.449983838014305,0,29.61256,True,True,1.430511474609375e-06
2673,50.46839256002568,0,18.299006,True,True,1.430511474609375e-06
2674,50.486429832002614,0,17.974297,True,True,1.430511474609375e-06
2675,50.504528625984676,0,18.045103,True,True,1.430511474609375e-06
2676,50.523030181997456,0,18.445615,True,True,1.430511474609375e-06
2677,50.541232380026486,0,18.148882,True,True,1.430511474609375e-06
2678,50.559419849014375,0,18.138956,True,True,1.430511474609375e-06
2679,50.577539817022625,0,18.069876,True,True,1.430511474609375e-06
2680,50.59582818200579,0,18.233869,True,True,1.430511474609375e-06
2681,50.61376093997387,0,17.88237,True,True,1.430511474609375e-06
2682,50.632463291985914,0,18.65192,True,True,1.430511474609375e-06
2683,50.65063014102634,0,18.083968,True,True,1.430511474609375e-06
2684,50.66868505999446,0,17.996356,True,True,1.430511474609375e-06
2685,50.686919731029775,0,18.186189,True,True,1.430511474609375e-06
2686,50.70474484103033,0,17.778365,True,True,1.430511474609375e-06
2687,50.72325208398979,0,18.461764,True,True,1.430511474609375e-06
2688,50.74169769702712,0,18.397538,True,True,1.430511474609375e-06
2689,50.75961298198672,0,17.869601,True,True,1.430511474609375e-06
2690,50.77768482698593,0,18.029086,True,True,1.430511474609375e-06
2691,50.79592171602417,0,18.19471,True,True,1.430511474609375e-06
2692,50.81389328202931,0,17.929014,True,True,1.430511474609375e-06
2693,50.832604390976485,0,18.659658,True,True,1.430511474609375e-06
2694,50.850560651975684,0,17.912462,True,True,1.430511474609375e-06
2695,50.86878130497644,0,18.170615,True,True,1.430511474609375e-06
2696,50.88691756199114,0,18.094065,True,True,1.430511474609375e-06
2697,50.90503159398213,0,18.070403,True,True,1.430511474609375e-06
2698,50.92356280097738,0,18.484403,True,True,1.430511474609375e-06
2699,50.941834293014836,0,18.216005,True,True,1.430511474609375e-06
2700,50.959869271027856,0,17.982004,True,True,1.430511474609375e-06
2701,50.97801402799087,0,18.093232,True,True,1.430511474609375e-06
2702,50.996318620978855,0,18.258772,True,True,1.430511474609375e-06
2703,51.01457553898217,0,18.207749,True,True,1.430511474609375e-06
2704,51.033049325982574,0,18.426821,True,True,1.430511474609375e-06
2705,51.05130110599566,0,18.201827,True,True,1.430511474609375e-06
2706,51.069526089995634,0,18.163527,True,True,1.430511474609375e-06
2707,51.08776704501361,0,18.193502,True,True,1.430511474609375e-06
2708,51.115769769996405,0,27.947106,True,True,1.430511474609375e-06
2709,51.134157060005236,0,18.306344,True,True,1.430511474609375e-06
2710,51.152627521019895,0,18.413683,True,True,1.430511474609375e-06
2711,51.17075328499777,0,18.078128,True,True,1.430511474609375e-06
2712,51.18879198102513,0,17.994541,True,True,1.430511474609375e-06
2713,51.218564001028426,0,29.728313,True,True,1.430511474609375e-06
2714,51.23716109897941,0,18.485752,True,True,1.430511474609375e-06
2715,51.25554363097763,0,18.316086,True,True,1.430511474609375e-06
2716,51.274105948978104,0,18.508546,True,True,1.430511474609375e-06
2717,51.2924799270113,0,18.31406,True,True,1.430511474609375e-06
2718,51.31126219697762,0,18.705001,True,True,1.430511474609375e-06
2719,51.329703530005645,0,18.381742,True,True,1.430511474609375e-06
2720,51.34787585597951,0,18.118519,True,True,1.430511474609375e-06
2721,51.366048755007796,0,18.118074,True,True,1.430511474609375e-06
2722,51.38446728303097,0,18.364552,True,True,1.430511474609375e-06
2723,51.40236113098217,0,17.847375,True,True,1.430511474609375e-06
2724,51.42106166097801,0,18.645491,True,True,1.430511474609375e-06
2725,51.45090519101359,0,29.762118,True,True,1.430511474609375e-06
2726,51.469534909992944,0,18.51626,True,True,1.430511474609375e-06
2727,51.487680416030344,0,18.076966,True,True,1.430511474609375e-06
2728,51.50596227799542,0,18.209209,True,True,1.430511474609375e-06
2729,51.5246465060045,0,18.628875,True,True,1.430511474609375e-06
2730,51.54304319800576,0,18.33059,True,True,1.430511474609375e-06
2731,51.56183516100282,0,18.700567,True,True,1.430511474609375e-06
2732,51.580312656995375,0,18.382325,True,True,1.430511474609375e-06
2733,51.598632614011876,0,18.238468,True,True,1.430511474609375e-06
2734,51.617644969024695,0,18.953338,True,True,1.430511474609375e-06
2735,51.63595834502485,0,18.250285,True,True,1.430511474609375e-06
2736,51.6538649169961,0,17.852852,True,True,1.430511474609375e-06
2737,51.67173396598082,0,17.823213,True,True,1.430511474609375e-06
2738,51.68975781998597,0,17.975092,True,True,1.430511474609375e-06
2739,51.70833296899218,0,18.531112,True,True,1.430511474609375e-06
2740,51.72638733999338,0,18.009587,True,True,1.430511474609375e-06
2741,51.74459422699874,0,18.157711,True,True,1.430511474609375e-06
2742,51.762785067025106,0,18.144659,True,True,1.430511474609375e-06
2743,51.79055245302152,0,27.710972,True,True,1.430511474609375e-06
2744,51.80879239900969,0,18.189162,True,True,1.430511474609375e-06
2745,51.82704553502845,0,18.203132,True,True,1.430511474609375e-06
2746,51.84532791102538,0,18.237226,True,True,1.430511474609375e-06
2747,51.86367070500273,0,18.279983,True,True,1.430511474609375e-06
2748,51.88245983602246,0,18.715567,True,True,1.430511474609375e-06
2749,51.90045692800777,0,17.940634,True,True,1.430511474609375e-06
2750,51.918564839987084,0,18.059355,True,True,1.430511474609375e-06
2751,51.93678783701034,0,18.181448,True,True,1.430511474609375e-06
2752,51.95502997399308,0,18.19106,True,True,1.430511474609375e-06
2753,51.97356537199812,0,18.490946,True,True,1.430511474609375e-06
2754,51.99214771098923,0,18.533964,True,True,1.430511474609375e-06
2755,52.010387247020844,0,18.186608,True,True,1.430511474609375e-06
2756,52.02859402500326,0,18.165306,True,True,1.430511474609375e-06
2757,52.04676550102886,0,18.131321,True,True,1.430511474609375e-06
2758,52.06490335101262,0,18.088627,True,True,1.430511474609375e-06
2759,52.083373714995105,0,18.424516,True,True,1.430511474609375e-06
2760,52.101349678996485,0,17.921509,True,True,1.430511474609375e-06
2761,52.11954137100838,0,18.13923,True,True,1.430511474609375e-06
2762,52.13775643700501,0,18.16485,True,True,1.430511474609375e-06
2763,52.156052185979206,0,18.253795,True,True,1.430511474609375e-06
2764,52.17455165000865,0,18.453844,True,True,1.430511474609375e-06
2765,52.194701734988485,0,20.104422,True,True,1.430511474609375e-06
2766,52.222527667996474,0,27.739859,True,True,1.430511474609375e-06
2767,52.2412410179968,0,18.609692,True,True,1.430511474609375e-06
2768,52.25940768897999,0,18.10434,True,True,1.430511474609375e-06
2769,52.277927349030506,0,18.47366,True,True,1.430511474609375e-06
2770,52.296162285027094,0,18.172563,True,True,1.430511474609375e-06
2771,52.31446052598767,0,18.246194,True,True,1.430511474609375e-06
2772,52.33256795699708,0,18.050357,True,True,1.430511474609375e-06
2773,52.351055188977625,0,18.439288,True,True,1.430511474609375e-06
2774,52.36978774599265,0,18.681793,True,True,1.430511474609375e-06
2775,52.38793406600598,0,18.086207,True,True,1.430511474609375e-06
2776,52.406423359003384,0,18.438147,True,True,1.430511474609375e-06
2777,52.430916085024364,0,24.442765,True,True,1.430511474609375e-06
2778,52.464154674031306,0,33.15404,True,True,1.430511474609375e-06
2779,52.48300647101132,0,18.718745,True,True,1.430511474609375e-06
2780,52.50153935397975,0,18.4575,True,True,1.430511474609375e-06
2781,52.51986230601324,0,18.261867,True,True,1.430511474609375e-06
2782,52.538576463004574,0,18.656987,True,True,1.430511474609375e-06
2783,52.556849555985536,0,18.216838,True,True,1.430511474609375e-06
2784,52.57476586900884,0,17.86498,True,True,1.430511474609375e-06
2785,52.593064872024115,0,18.250238,True,True,1.430511474609375e-06
2786,52.61171558802016,0,18.564575,True,True,1.430511474609375e-06
2787,52.6297875129967,0,18.005676,True,True,1.430511474609375e-06
2788,52.64800060301786,0,18.149264,True,True,1.430511474609375e-06
2789,52.6658741189749,0,17.828218,True,True,1.430511474609375e-06
2790,52.683906886028126,0,17.98844,True,True,1.430511474609375e-06
2791,52.70208240102511,0,18.132812,True,True,1.430511474609375e-06
2792,52.720281073998194,0,18.152439,True,True,1.430511474609375e-06
2793,52.738679060013965,0,18.354735,True,True,1.430511474609375e-06
2794,52.756792554981075,0,18.065002,True,True,1.430511474609375e-06
2795,52.77513554197503,0,18.30116,True,True,1.430511474609375e-06
2796,52.79306627000915,0,17.885699,True,True,1.430511474609375e-06
2797,52.81109277397627,0,17.984031,True,True,1.430511474609375e-06
2798,52.82934669899987,0,18.211763,True,True,1.430511474609375e-06
2799,52.847576152998954,0,18.188556,True,True,1.430511474609375e-06
2800,52.86600288597401,0,18.379857,True,True,1.430511474609375e-06
2801,52.88397491897922,0,17.927151,True,True,1.430511474609375e-06
2802,52.90195297199534,0,17.937554,True,True,1.430511474609375e-06
2803,52.91992167400895,0,17.926337,True,True,1.430511474609375e-06
2804,52.938031392986886,0,18.066536,True,True,1.430511474609375e-06
2805,52.9561634749989,0,18.079646,True,True,1.430511474609375e-06
2806,52.97454978199676,0,18.343252,True,True,1.430511474609375e-06
2807,52.99316216103034,0,18.564329,True,True,1.430511474609375e-06
2808,53.011157931992784,0,17.941801,True,True,1.430511474609375e-06
2809,53.02915633801604,0,17.944684,True,True,1.430511474609375e-06
2810,53.04774169198936,0,18.536201,True,True,1.430511474609375e-06
2811,53.06599284498952,0,18.145726,True,True,1.430511474609375e-06
2812,53.08413507899968,0,18.075349,True,True,1.430511474609375e-06
2813,53.10234942799434,0,18.162758,True,True,1.430511474609375e-06
2814,53.120568282029126,0,18.165902,True,True,1.430511474609375e-06
2815,53.13852219301043,0,17.903949,True,True,1.430511474609375e-06
2816,53.15659509599209,0,18.023436,True,True,1.430511474609375e-06
2817,53.1746553539997,0,18.013421,True,True,1.430511474609375e-06
2818,53.1928524299874,0,18.14648,True,True,1.430511474609375e-06
2819,53.22106062498642,0,28.146796,True,True,1.430511474609375e-06
2820,53.24113183002919,0,19.96134,True,True,1.430511474609375e-06
2821,53.25946715299506,0,18.274861,True,True,1.430511474609375e-06
2822,53.28776829998242,0,28.250938,True,True,1.430511474609375e-06
2823,53.30623931001173,0,18.376981,True,True,1.430511474609375e-06
2824,53.32452680700226,0,18.217533,True,True,1.430511474609375e-06
2825,53.34305409598164,0,18.46997,True,True,1.430511474609375e-06
2826,53.36119420599425,0,18.085247,True,True,1.430511474609375e-06
2827,53.379293857025914,0,18.050185,True,True,1.430511474609375e-06
2828,53.397625270008575,0,18.278686,True,True,1.430511474609375e-06
2829,53.41560014197603,0,17.922084,True,True,1.430511474609375e-06
2830,53.433774329023436,0,18.126137,True,True,1.430511474609375e-06
2831,53.46301071002381,0,29.185273,True,True,1.430511474609375e-06
2832,53.481962676974945,0,18.839237,True,True,1.430511474609375e-06
2833,53.50026974797947,0,18.233233,True,True,1.430511474609375e-06
2834,53.51857977401232,0,18.249626,True,True,1.430511474609375e-06
2835,53.536909879010636,0,18.263144,True,True,1.430511474609375e-06
2836,53.55508782702964,0,18.122121,True,True,1.430511474609375e-06
2837,53.573163226014,0,18.029366,True,True,1.430511474609375e-06
2838,53.59153694898123,0,18.322571,True,True,1.430511474609375e-06
2839,53.60959330899641,0,17.963433,True,True,1.430511474609375e-06
2840,53.62772466999013,0,18.072816,True,True,1.430511474609375e-06
2841,53.64562756201485,0,17.851317,True,True,1.430511474609375e-06
2842,53.66361855599098,0,17.943385,True,True,1.430511474609375e-06
2843,53.681798368983436,0,18.131572,True,True,1.430511474609375e-06
2844,53.69961384800263,0,17.768459,True,True,1.430511474609375e-06
2845,53.71779299998889,0,18.133051,True,True,1.430511474609375e-06
2846,53.73620426899288,0,18.315907,True,True,1.430511474609375e-06
2847,53.75464222300798,0,18.339815,True,True,1.430511474609375e-06
2848,53.772882402001414,0,18.178232,True,True,1.430511474609375e-06
2849,53.79097079398343,0,18.040826,True,True,1.430511474609375e-06
2850,53.80883420398459,0,17.819103,True,True,1.430511474609375e-06
2851,53.827057803981006,0,18.175331,True,True,1.430511474609375e-06
2852,53.84560167201562,0,18.45744,True,True,1.430511474609375e-06
2853,53.86387235799339,0,18.157017,True,True,1.430511474609375e-06
2854,53.88196182297543,0,18.029446,True,True,1.430511474609375e-06
2855,53.89983559498796,0,17.825819,True,True,1.430511474609375e-06
2856,53.9178535270039,0,17.971429,True,True,1.430511474609375e-06
2857,53.935952017025556,0,18.056011,True,True,1.430511474609375e-06
2858,53.953914173995145,0,17.907992,True,True,1.430511474609375e-06
2859,53.97210828401148,0,18.147564,True,True,1.430511474609375e-06
2860,53.9902687779977,0,18.117335,True,True,1.430511474609375e-06
2861,54.00838009198196,0,18.062912,True,True,1.430511474609375e-06
2862,54.02687986003002,0,18.455336,True,True,1.430511474609375e-06
2863,54.04490729101235,0,17.987314,True,True,1.430511474609375e-06
2864,54.0630913740024,0,18.138389,True,True,1.430511474609375e-06
2865,54.08139972703066,0,18.260751,True,True,1.430511474609375e-06
2866,54.09946563199628,0,18.020665,True,True,1.430511474609375e-06
2867,54.127383335027844,0,27.869037,True,True,1.430511474609375e-06
2868,54.14594751200639,0,18.464312,True,True,1.430511474609375e-06
2869,54.16416524501983,0,18.160759,True,True,1.430511474609375e-06
2870,54.18260471301619,0,18.395644,True,True,1.430511474609375e-06
2871,54.21194197097793,0,29.291157,True,True,1.430511474609375e-06
2872,54.23086166300345,0,18.806672,True,True,1.430511474609375e-06
2873,54.24931005301187,0,18.379773,True,True,1.430511474609375e-06
2874,54.26736542099388,0,18.001283,True,True,1.430511474609375e-06
2875,54.28559570002835,0,18.174921,True,True,1.430511474609375e-06
2876,54.30373602401232,0,18.088595,True,True,1.430511474609375e-06
2877,54.32196267298423,0,18.178386,True,True,1.430511474609375e-06
2878,54.34015699301381,0,18.146118,True,True,1.430511474609375e-06
2879,54.35839696100447,0,18.192371,True,True,1.430511474609375e-06
2880,54.37622412201017,0,17.779647,True,True,1.430511474609375e-06
2881,54.39410358801251,0,17.831668,True,True,1.430511474609375e-06
2882,54.41213583701756,0,17.979406,True,True,1.430511474609375e-06
2883,54.43020018801326,0,18.00542,True,True,1.430511474609375e-06
2884,54.451691665977705,0,21.444761,True,True,1.430511474609375e-06
2885,54.478732759016566,0,26.935106,True,True,1.430511474609375e-06
2886,54.49728030001279,0,18.465898,True,True,1.430511474609375e-06
2887,54.51575442100875,0,18.398613,True,True,1.430511474609375e-06
2888,54.534168157028034,0,18.356986,True,True,1.430511474609375e-06
2889,54.5521886270144,0,17.961498,True,True,1.430511474609375e-06
2890,54.5702285009902,0,17.993513,True,True,1.430511474609375e-06
2891,54.588129624025896,0,17.854336,True,True,1.430511474609375e-06
2892,54.60630202299217,0,18.10749,True,True,1.430511474609375e-06
2893,54.62447040900588,0,18.113394,True,True,1.430511474609375e-06
2894,54.64239298901521,0,17.869567,True,True,1.430511474609375e-06
2895,54.660262699006125,0,17.826042,True,True,1.430511474609375e-06
2896,54.67825078801252,0,17.945993,True,True,1.430511474609375e-06
2897,54.69634844502434,0,18.057531,True,True,1.430511474609375e-06
2898,54.71418051701039,0,17.788766,True,True,1.430511474609375e-06
2899,54.73233057599282,0,18.105776,True,True,1.430511474609375e-06
2900,54.750480694987345,0,18.109435,True,True,1.430511474609375e-06
2901,54.768410057993606,0,17.888824,True,True,1.430511474609375e-06
2902,54.786598813021556,0,18.145452,True,True,1.430511474609375e-06
2903,54.804444378009066,0,17.80182,True,True,1.430511474609375e-06
2904,54.82259203499416,0,18.10502,True,True,1.430511474609375e-06
2905,54.840719964005984,0,18.0816,True,True,1.430511474609375e-06
2906,54.85895102197537,0,18.18639,True,True,1.430511474609375e-06
2907,54.87686565303011,0,17.872358,True,True,1.430511474609375e-06
2908,54.89522099902388,0,18.312677,True,True,1.430511474609375e-06
2909,54.91348691901658,0,18.223556,True,True,1.430511474609375e-06
2910,54.93138171901228,0,17.85197,True,True,1.430511474609375e-06
2911,54.94959190301597,0,18.162924,True,True,1.430511474609375e-06
2912,54.96778364799684,0,18.14743,True,True,1.430511474609375e-06
2913,54.98585426801583,0,18.025965,True,True,1.430511474609375e-06
2914,55.00383644597605,0,17.94248,True,True,1.430511474609375e-06
2915,55.02196896501118,0,18.069158,True,True,1.430511474609375e-06
2916,55.039897238020785,0,17.880679,True,True,1.430511474609375e-06
2917,55.05800475098658,0,18.056068,True,True,1.430511474609375e-06
2918,55.07620995200705,0,18.16069,True,True,1.430511474609375e-06
2919,55.09433099301532,0,18.079123,True,True,1.430511474609375e-06
2920,55.11275791598018,0,18.380954,True,True,1.430511474609375e-06
2921,55.1307647729991,0,17.95225,True,True,1.430511474609375e-06
2922,55.14887738699326,0,18.063714,True,True,1.430511474609375e-06
2923,55.16683637199458,0,17.917095,True,True,1.430511474609375e-06
2924,55.18495373200858,0,18.064074,True,True,1.430511474609375e-06
2925,55.21304170700023,0,28.037073,True,True,1.430511474609375e-06
2926,55.23381964903092,0,20.670777,True,True,1.430511474609375e-06
2927,55.25214167602826,0,18.25535,True,True,1.430511474609375e-06
2928,55.27033388603013,0,18.144187,True,True,1.430511474609375e-06
2929,55.288572842022404,0,18.192401,True,True,1.430511474609375e-06
2930,55.30674023198662,0,18.114642,True,True,1.430511474609375e-06
2931,55.32493531500222,0,18.141523,True,True,1.430511474609375e-06
2932,55.34293508698465,0,17.9455,True,True,1.430511474609375e-06
2933,55.3613210900221,0,18.338449,True,True,1.430511474609375e-06
2934,55.37960134597961,0,18.216922,True,True,1.430511474609375e-06
2935,55.397715236002114,0,18.061424,True,True,1.430511474609375e-06
2936,55.416225632012356,0,18.45686,True,True,1.430511474609375e-06
2937,55.43432855402352,0,18.054213,True,True,1.430511474609375e-06
2938,55.45254976802971,0,18.168361,True,True,1.430511474609375e-06
2939,55.48096859699581,0,28.368623,True,True,1.430511474609375e-06
2940,55.5012552299886,0,20.176026,True,True,1.430511474609375e-06
2941,55.51963696401799,0,18.308011,True,True,1.430511474609375e-06
2942,55.53798572602682,0,18.291777,True,True,1.430511474609375e-06
2943,55.55621571600204,0,18.178848,True,True,1.430511474609375e-06
2944,55.57468679302838,0,18.41931,True,True,1.430511474609375e-06
2945,55.592866603983566,0,18.110665,True,True,1.430511474609375e-06
2946,55.61093962698942,0,17.996142,True,True,1.430511474609375e-06
2947,55.628836730029434,0,17.842777,True,True,1.430511474609375e-06
2948,55.6468925899826,0,17.999779,True,True,1.430511474609375e-06
2949,55.664937958004884,0,18.000133,True,True,1.430511474609375e-06
2950,55.682772934029344,0,17.787691,True,True,1.430511474609375e-06
2951,55.70068618800724,0,17.868639,True,True,1.430511474609375e-06
2952,55.71848505799426,0,17.757255,True,True,1.430511474609375e-06
2953,55.73652828502236,0,18.001101,True,True,1.430511474609375e-06
2954,55.754716751980595,0,18.143269,True,True,1.430511474609375e-06
2955,55.77254776301561,0,17.784288,True,True,1.430511474609375e-06
2956,55.790598273975775,0,18.00587,True,True,1.430511474609375e-06
2957,55.808746944007,0,18.103103,True,True,1.430511474609375e-06
2958,55.82666187197901,0,17.86767,True,True,1.430511474609375e-06
2959,55.844870207016356,0,18.164942,True,True,1.430511474609375e-06
2960,55.86270205199253,0,17.787414,True,True,1.430511474609375e-06
2961,55.88069411099423,0,17.950113,True,True,1.430511474609375e-06
2962,55.89858943101717,0,17.847241,True,True,1.430511474609375e-06
2963,55.916678019973915,0,18.046168,True,True,1.430511474609375e-06
2964,55.93474197399337,0,18.022289,True,True,1.430511474609375e-06
2965,55.952760494023096,0,17.958943,True,True,1.430511474609375e-06
2966,55.971134523977526,0,18.324538,True,True,1.430511474609375e-06
2967,55.98909086600179,0,17.909024,True,True,1.430511474609375e-06
2968,56.00728799798526,0,18.15532,True,True,1.430511474609375e-06
2969,56.034950389992446,0,27.61475,True,True,1.430511474609375e-06
2970,56.05366066901479,0,18.619956,True,True,1.430511474609375e-06
2971,56.072063489991706,0,18.331773,True,True,1.430511474609375e-06
2972,56.09036898199702,0,18.25392,True,True,1.430511474609375e-06
2973,56.10842360102106,0,18.006534,True,True,1.430511474609375e-06
2974,56.12649720697664,0,18.023791,True,True,1.430511474609375e-06
2975,56.144727314997,0,18.182886,True,True,1.430511474609375e-06
2976,56.16280271101277,0,18.028811,True,True,1.430511474609375e-06
2977,56.18108997802483,0,18.240026,True,True,1.430511474609375e-06
2978,56.20593300397741,0,24.799424,True,True,1.430511474609375e-06
2979,56.228915661980864,0,22.861532,True,True,1.430511474609375e-06
2980,56.24734639597591,0,18.356328,True,True,1.430511474609375e-06
2981,56.2653800160042,0,17.982687,True,True,1.430511474609375e-06
2982,56.283753908996005,0,18.325835,True,True,1.430511474609375e-06
2983,56.3019251539954,0,18.119538,True,True,1.430511474609375e-06
2984,56.32005770801334,0,18.085737,True,True,1.430511474609375e-06
2985,56.33807205798803,0,17.962084,True,True,1.430511474609375e-06
2986,56.35596739000175,0,17.842857,True,True,1.430511474609375e-06
2987,56.37395832000766,0,17.944782,True,True,1.430511474609375e-06
2988,56.39204190898454,0,18.03202,True,True,1.430511474609375e-06
2989,56.410175120981876,0,18.083207,True,True,1.430511474609375e-06
2990,56.428718740993645,0,18.441633,True,True,1.430511474609375e-06
2991,56.44724922499154,0,18.440851,True,True,1.430511474609375e-06
2992,56.4692497740034,0,21.934339,True,True,1.430511474609375e-06
2993,56.495870713028125,0,26.522407,True,True,1.430511474609375e-06
2994,56.51408836198971,0,18.140781,True,True,1.430511474609375e-06
2995,56.53243599401321,0,18.283607,True,True,1.430511474609375e-06
2996,56.551124910009094,0,18.582236,True,True,1.430511474609375e-06
2997,56.56948243302759,0,18.269412,True,True,1.430511474609375e-06
2998,56.587482457980514,0,17.942406,True,True,1.430511474609375e-06
2999,56.60606630600523,0,18.484917,True,True,1.430511474609375e-06
3000,56.62446922302479,0,18.343972,True,True,1.430511474609375e-06
3001,56.64248800300993,0,17.972999,True,True,1.430511474609375e-06
3002,56.660612323030364,0,18.070983,True,True,1.430511474609375e-06
3003,56.67888813902391,0,18.230638,True,True,1.430511474609375e-06
3004,56.69711604900658,0,18.177711,True,True,1.430511474609375e-06
3005,56.71503187197959,0,17.868599,True,True,1.430511474609375e-06
3006,56.733082375023514,0,18.005799,True,True,1.430511474609375e-06
3007,56.75127179699484,0,18.145064,True,True,1.430511474609375e-06
3008,56.76953472697642,0,18.219468,True,True,1.430511474609375e-06
3009,56.7881465620012,0,18.566075,True,True,1.430511474609375e-06
3010,56.80624305602396,0,18.055161,True,True,1.430511474609375e-06
3011,56.8241561659961,0,17.868806,True,True,1.430511474609375e-06
3012,56.84217352402629,0,17.97752,True,True,1.430511474609375e-06
3013,56.86027968098642,0,18.065061,True,True,1.430511474609375e-06
3014,56.878566436003894,0,18.238914,True,True,1.430511474609375e-06
3015,56.89671716501471,0,18.104171,True,True,1.430511474609375e-06
3016,56.91465525300009,0,17.895687,True,True,1.430511474609375e-06
3017,56.9328344759997,0,18.137717,True,True,1.430511474609375e-06
3018,56.95099178398959,0,18.109995,True,True,1.430511474609375e-06
3019,56.969218916026875,0,18.183333,True,True,1.430511474609375e-06
3020,56.987315998005215,0,18.046211,True,True,1.430511474609375e-06
3021,57.00558781600557,0,18.228045,True,True,1.430511474609375e-06
3022,57.02378259098623,0,18.149399,True,True,1.430511474609375e-06
3023,57.04197246697731,0,18.143973,True,True,1.430511474609375e-06
3024,57.059940855018795,0,17.925455,True,True,1.430511474609375e-06
3025,57.07791452301899,0,17.93144,True,True,1.430511474609375e-06
3026,57.09631694899872,0,18.361048,True,True,1.430511474609375e-06
3027,57.11434897698928,0,17.977773,True,True,1.430511474609375e-06
3028,57.13245920301415,0,18.053079,True,True,1.430511474609375e-06
3029,57.150623049994465,0,18.121181,True,True,1.430511474609375e-06
3030,57.16858174698427,0,17.916278,True,True,1.430511474609375e-06
3031,57.186655852012336,0,18.034592,True,True,1.430511474609375e-06
3032,57.21474946802482,0,28.048662,True,True,1.430511474609375e-06
3033,57.23484637198271,0,19.983689,True,True,1.430511474609375e-06
3034,57.25330188800581,0,18.386409,True,True,1.430511474609375e-06
3035,57.271687532018404,0,18.334381,True,True,1.430511474609375e-06
3036,57.28973684000084,0,18.002525,True,True,1.430511474609375e-06
3037,57.307733239023946,0,17.943655,True,True,1.430511474609375e-06
3038,57.32577193400357,0,17.990035,True,True,1.430511474609375e-06
3039,57.34378503198968,0,17.9618,True,True,1.430511474609375e-06
3040,57.36208994401386,0,18.253174,True,True,1.430511474609375e-06
3041,57.38023459602846,0,18.098572,True,True,1.430511474609375e-06
3042,57.398149568005465,0,17.864784,True,True,1.430511474609375e-06
3043,57.4160999529995,0,17.900403,True,True,1.430511474609375e-06
3044,57.43405930203153,0,17.909348,True,True,1.430511474609375e-06
3045,57.452166236995254,0,18.060622,True,True,1.430511474609375e-06
3046,57.48005154298153,0,27.840387,True,True,1.430511474609375e-06
3047,57.500699332973454,0,20.542483,True,True,1.430511474609375e-06
3048,57.51904649398057,0,18.275841,True,True,1.430511474609375e-06
3049,57.53728778398363,0,18.18541,True,True,1.430511474609375e-06
3050,57.555576018989086,0,18.232077,True,True,1.430511474609375e-06
3051,57.57347981299972,0,17.859206,True,True,1.430511474609375e-06
3052,57.591650579997804,0,18.127913,True,True,1.430511474609375e-06
3053,57.609910607978236,0,18.179998,True,True,1.430511474609375e-06
3054,57.628144731977955,0,18.173032,True,True,1.430511474609375e-06
3055,57.646230517013464,0,18.032842,True,True,1.430511474609375e-06
3056,57.66413576802006,0,17.855201,True,True,1.430511474609375e-06
3057,57.682219693029765,0,18.041375,True,True,1.430511474609375e-06
3058,57.70012979902094,0,17.868898,True,True,1.430511474609375e-06
3059,57.7283353569801,0,28.163322,True,True,1.430511474609375e-06
3060,57.746752028004266,0,18.329163,True,True,1.430511474609375e-06
3061,57.76491638098378,0,18.102661,True,True,1.430511474609375e-06
3062,57.782900669029914,0,17.938866,True,True,1.430511474609375e-06
3063,57.8009988850099,0,18.054832,True,True,1.430511474609375e-06
3064,57.81902091403026,0,17.97795,True,True,1.430511474609375e-06
3065,57.836938110005576,0,17.869308,True,True,1.430511474609375e-06
3066,57.85524239600636,0,18.262166,True,True,1.430511474609375e-06
3067,57.873379243013915,0,18.094572,True,True,1.430511474609375e-06
3068,57.89180621498963,0,18.384267,True,True,1.430511474609375e-06
3069,57.910167620982975,0,18.315144,True,True,1.430511474609375e-06
3070,57.92811129800975,0,17.901231,True,True,1.430511474609375e-06
3071,57.946201127022505,0,18.048145,True,True,1.430511474609375e-06
3072,57.96439778502099,0,18.146522,True,True,1.430511474609375e-06
3073,57.98239034297876,0,17.94688,True,True,1.430511474609375e-06
3074,58.000704667996615,0,18.26896,True,True,1.430511474609375e-06
3075,58.018848614010494,0,18.098702,True,True,1.430511474609375e-06
3076,58.03704264998669,0,18.151031,True,True,1.430511474609375e-06
3077,58.055241303984076,0,18.152826,True,True,1.430511474609375e-06
3078,58.07342397602042,0,18.130908,True,True,1.430511474609375e-06
3079,58.09157145797508,0,18.104859,True,True,1.430511474609375e-06
3080,58.109802412975114,0,18.180064,True,True,1.430511474609375e-06
3081,58.12784338201163,0,17.994505,True,True,1.430511474609375e-06
3082,58.14590209402377,0,17.99997,True,True,1.430511474609375e-06
3083,58.16410004300997,0,18.151386,True,True,1.430511474609375e-06
3084,58.18198766402202,0,17.841292,True,True,1.430511474609375e-06
3085,58.21015298302518,0,28.12091,True,True,1.430511474609375e-06
3086,58.23024830000941,0,19.983027,True,True,1.430511474609375e-06
3087,58.24910016602371,0,18.765025,True,True,1.430511474609375e-06
3088,58.26735824701609,0,18.207142,True,True,1.430511474609375e-06
3089,58.28530073701404,0,17.896997,True,True,1.430511474609375e-06
3090,58.303507565986365,0,18.155506,True,True,1.430511474609375e-06
3091,58.321678170003,0,18.124796,True,True,1.430511474609375e-06
3092,58.33977567002876,0,18.047289,True,True,1.430511474609375e-06
3093,58.35822555102641,0,18.399304,True,True,1.430511474609375e-06
3094,58.386123540985864,0,27.845587,True,True,1.430511474609375e-06
3095,58.404671951022465,0,18.449199,True,True,1.430511474609375e-06
3096,58.42297008697642,0,18.231987,True,True,1.430511474609375e-06
3097,58.44086726900423,0,17.850236,True,True,1.430511474609375e-06
3098,58.45906357001513,0,18.153335,True,True,1.430511474609375e-06
3099,58.48690543399425,0,27.792364,True,True,1.430511474609375e-06
3100,58.50738664099481,0,20.3691,True,True,1.430511474609375e-06
3101,58.5258978990023,0,18.439918,True,True,1.430511474609375e-06
3102,58.54433704301482,0,18.324348,True,True,1.430511474609375e-06
3103,58.56329308601562,0,18.883933,True,True,1.430511474609375e-06
3104,58.58149260299979,0,18.144384,True,True,1.430511474609375e-06
3105,58.59962656197604,0,18.066976,True,True,1.430511474609375e-06
3106,58.61770843801787,0,18.016362,True,True,1.430511474609375e-06
3107,58.63600237201899,0,18.238748,True,True,1.430511474609375e-06
3108,58.653952561027836,0,17.893292,True,True,1.430511474609375e-06
3109,58.67213687999174,0,18.13705,True,True,1.430511474609375e-06
3110,58.69072059902828,0,18.498082,True,True,1.430511474609375e-06
3111,58.70907471800456,0,18.260243,True,True,1.430511474609375e-06
3112,58.72712922998471,0,17.997898,True,True,1.430511474609375e-06
3113,58.745268999016844,0,18.092945,True,True,1.430511474609375e-06
3114,58.763164823001716,0,17.854366,True,True,1.430511474609375e-06
3115,58.78115190000972,0,17.944919,True,True,1.430511474609375e-06
3116,58.79970783699537,0,18.509976,True,True,1.430511474609375e-06
3117,58.81821997102816,0,18.399074,True,True,1.430511474609375e-06
3118,58.83649867697386,0,18.210276,True,True,1.430511474609375e-06
3119,58.8547294359887,0,18.178935,True,True,1.430511474609375e-06
3120,58.87271718401462,0,17.938818,True,True,1.430511474609375e-06
3121,58.890950625995174,0,18.188952,True,True,1.430511474609375e-06
3122,58.9091502460069,0,18.155223,True,True,1.430511474609375e-06
3123,58.92725732299732,0,18.065455,True,True,1.430511474609375e-06
3124,58.945282559026964,0,17.981835,True,True,1.430511474609375e-06
3125,58.963337738998234,0,18.00793,True,True,1.430511474609375e-06
3126,58.98155428800965,0,18.169937,True,True,1.430511474609375e-06
3127,58.999545217026025,0,17.943948,True,True,1.430511474609375e-06
3128,59.01767472398933,0,18.081407,True,True,1.430511474609375e-06
3129,59.04526410397375,0,27.543144,True,True,1.430511474609375e-06
3130,59.06411004398251,0,18.748911,True,True,1.430511474609375e-06
3131,59.08233197097434,0,18.164345,True,True,1.430511474609375e-06
3132,59.10059981001541,0,18.219091,True,True,1.430511474609375e-06
3133,59.11867466499098,0,18.021833,True,True,1.430511474609375e-06
3134,59.137013380008284,0,18.28844,True,True,1.430511474609375e-06
3135,59.15521042601904,0,18.146941,True,True,1.430511474609375e-06
3136,59.17343308997806,0,18.176035,True,True,1.430511474609375e-06
3137,59.191870644979645,0,18.393302,True,True,1.430511474609375e-06
3138,59.22171440703096,0,29.79612,True,True,1.430511474609375e-06
3139,59.240095305023715,0,18.268985,True,True,1.430511474609375e-06
3140,59.2582206960069,0,18.059806,True,True,1.430511474609375e-06
3141,59.27626060001785,0,17.993559,True,True,1.430511474609375e-06
3142,59.29424897901481,0,17.943202,True,True,1.430511474609375e-06
3143,59.31291345297359,0,18.613593,True,True,1.430511474609375e-06
3144,59.331394839973655,0,18.423783,True,True,1.430511474609375e-06
3145,59.34962817898486,0,18.1788,True,True,1.430511474609375e-06
3146,59.36760666500777,0,17.932856,True,True,1.430511474609375e-06
3147,59.38560650398722,0,17.943418,True,True,1.430511474609375e-06
3148,59.403976765985135,0,18.323992,True,True,1.430511474609375e-06
3149,59.42210862599313,0,18.077732,True,True,1.430511474609375e-06
3150,59.44001112203114,0,17.857807,True,True,1.430511474609375e-06
3151,59.45802488498157,0,17.968833,True,True,1.430511474609375e-06
3152,59.47624197200639,0,18.175038,True,True,1.430511474609375e-06
3153,59.504164966987446,0,27.869936,True,True,1.430511474609375e-06
3154,59.52428283501649,0,20.004365,True,True,1.430511474609375e-06
3155,59.54267069901107,0,18.315693,True,True,1.430511474609375e-06
3156,59.56087413697969,0,18.15008,True,True,1.430511474609375e-06
3157,59.57881360902684,0,17.893615,True,True,1.430511474609375e-06
3158,59.59697840100853,0,18.110068,True,True,1.430511474609375e-06
3159,59.61516218702309,0,18.128212,True,True,1.430511474609375e-06
3160,59.633375374018215,0,18.165662,True,True,1.430511474609375e-06
3161,59.651577947020996,0,18.151368,True,True,1.430511474609375e-06
3162,59.66968370397808,0,18.06281,True,True,1.430511474609375e-06
3163,59.687777772021946,0,18.05186,True,True,1.430511474609375e-06
3164,59.70590590703068,0,18.086187,True,True,1.430511474609375e-06
3165,59.72382388799451,0,17.877831,True,True,1.430511474609375e-06
3166,59.74190041102702,0,18.035548,True,True,1.430511474609375e-06
3167,59.7600456289947,0,18.100363,True,True,1.430511474609375e-06
3168,59.77782355900854,0,17.737545,True,True,1.430511474609375e-06
3169,59.795894902024884,0,18.027627,True,True,1.430511474609375e-06
3170,59.814052612986416,0,18.112895,True,True,1.430511474609375e-06
3171,59.832164114981424,0,18.069647,True,True,1.430511474609375e-06
3172,59.85036819498055,0,18.164092,True,True,1.430511474609375e-06
3173,59.87789081799565,0,27.47907,True,True,1.430511474609375e-06
3174,59.89680957503151,0,18.830784,True,True,1.430511474609375e-06
3175,59.91487609501928,0,18.007111,True,True,1.430511474609375e-06
3176,59.93305083399173,0,18.129227,True,True,1.430511474609375e-06
3177,59.95151933399029,0,18.425505,True,True,1.430511474609375e-06
3178,59.96967493800912,0,18.101171,True,True,1.430511474609375e-06
3179,59.98768791399198,0,17.967023,True,True,1.430511474609375e-06
3180,60.00561488699168,1,17.88408,True,True,1.430511474609375e-06
3181,60.03136911097681,1,25.709992,True,True,1.430511474609375e-06
3182,60.049968164996244,1,18.524725,True,True,1.430511474609375e-06
3183,60.06801988999359,1,17.990883,True,True,1.430511474609375e-06
3184,60.086182499013375,1,18.118018,True,True,1.430511474609375e-06
3185,60.104434220003895,1,18.210144,True,True,1.430511474609375e-06
3186,60.122694797988515,1,18.21474,True,True,1.430511474609375e-06
3187,60.1408692059922,1,18.129118,True,True,1.430511474609375e-06
3188,60.159026963985525,1,18.109667,True,True,1.430511474609375e-06
3189,60.17725864198292,1,18.184435,True,True,1.430511474609375e-06
3190,60.19792319397675,1,20.619749,True,True,1.430511474609375e-06
3191,60.22548729501432,1,27.434481,True,True,1.430511474609375e-06
3192,60.24396504502511,1,18.367028,True,True,1.430511474609375e-06
3193,60.26212614797987,1,18.095295,True,True,1.430511474609375e-06
3194,60.28019914898323,1,18.023908,True,True,1.430511474609375e-06
3195,60.29809973901138,1,17.842628,True,True,1.430511474609375e-06
3196,60.31616743502673,1,18.021629,True,True,1.430511474609375e-06
3197,60.33405096101342,1,17.831696,True,True,1.430511474609375e-06
3198,60.35210143402219,1,17.998068,True,True,1.430511474609375e-06
3199,60.370388430019375,1,18.236206,True,True,1.430511474609375e-06
3200,60.38828963902779,1,17.851366,True,True,1.430511474609375e-06
3201,60.40644985198742,1,18.105072,True,True,1.430511474609375e-06
3202,60.424567238020245,1,18.06793,True,True,1.430511474609375e-06
3203,60.44250885897782,1,17.89799,True,True,1.430511474609375e-06
3204,60.460532394994516,1,17.981007,True,True,1.430511474609375e-06
3205,60.48198472399963,1,21.40976,True,True,1.430511474609375e-06
3206,60.507402220973745,1,25.324258,True,True,1.430511474609375e-06
3207,60.52686960500432,1,19.359865,True,True,1.430511474609375e-06
3208,60.54533487500157,1,18.39787,True,True,1.430511474609375e-06
3209,60.56360592698911,1,18.215485,True,True,1.430511474609375e-06
3210,60.58203255402623,1,18.380347,True,True,1.430511474609375e-06
3211,60.600210633012466,1,18.102425,True,True,1.430511474609375e-06
3212,60.61993543099379,1,19.667353,True,True,1.430511474609375e-06
3213,60.64120318199275,1,21.206873,True,True,1.430511474609375e-06
3214,60.65959014801774,1,18.325509,True,True,1.430511474609375e-06
3215,60.67782108101528,1,18.185746,True,True,1.430511474609375e-06
3216,60.69600590202026,1,18.133159,True,True,1.430511474609375e-06
3217,60.72397960501257,1,27.926051,True,True,1.430511474609375e-06
3218,60.74293499201303,1,18.871126,True,True,1.430511474609375e-06
3219,60.76124465401517,1,18.257859,True,True,1.430511474609375e-06
3220,60.77949978597462,1,18.209571,True,True,1.430511474609375e-06
3221,60.797649207001086,1,18.10412,True,True,1.430511474609375e-06
3222,60.81595262000337,1,18.260242,True,True,1.430511474609375e-06
3223,60.833889691974036,1,17.895003,True,True,1.430511474609375e-06
3224,60.85192743700463,1,17.994898,True,True,1.430511474609375e-06
3225,60.870137303019874,1,18.167663,True,True,1.430511474609375e-06
3226,60.88826177699957,1,18.082213,True,True,1.430511474609375e-06
3227,60.90615660598269,1,17.854973,True,True,1.430511474609375e-06
3228,60.924112005974166,1,17.916154,True,True,1.430511474609375e-06
3229,60.941997628018726,1,17.842123,True,True,1.430511474609375e-06
3230,60.96013641398167,1,18.085502,True,True,1.430511474609375e-06
3231,60.97809413599316,1,17.911668,True,True,1.430511474609375e-06
3232,60.996464408992324,1,18.327442,True,True,1.430511474609375e-06
3233,61.014812453999184,1,18.30214,True,True,1.430511474609375e-06
3234,61.033285595010966,1,18.40195,True,True,1.430511474609375e-06
3235,61.05153800197877,1,18.146722,True,True,1.430511474609375e-06
3236,61.06974523997633,1,18.144905,True,True,1.430511474609375e-06
3237,61.08762122201733,1,17.826595,True,True,1.430511474609375e-06
3238,61.105767374974675,1,18.102858,True,True,1.430511474609375e-06
3239,61.12394022999797,1,18.12281,True,True,1.430511474609375e-06
3240,61.14207614498446,1,18.080714,True,True,1.430511474609375e-06
3241,61.16078006097814,1,18.603294,True,True,1.430511474609375e-06
3242,61.1789345840225,1,18.070499,True,True,1.430511474609375e-06
3243,61.200697659980506,1,21.706925,True,True,1.430511474609375e-06
3244,61.232607431011274,1,31.809237,True,True,1.430511474609375e-06
3245,61.25095777801471,1,18.2544,True,True,1.430511474609375e-06
3246,61.269331327988766,1,18.308412,True,True,1.430511474609375e-06
3247,61.28753222100204,1,18.1414,True,True,1.430511474609375e-06
3248,61.30555089900736,1,17.968367,True,True,1.430511474609375e-06
3249,61.32368148601381,1,18.082539,True,True,1.430511474609375e-06
3250,61.34188955597347,1,18.160633,True,True,1.430511474609375e-06
3251,61.359831503010355,1,17.894624,True,True,1.430511474609375e-06
3252,61.37774712301325,1,17.868513,True,True,1.430511474609375e-06
3253,61.3962138480274,1,18.416737,True,True,1.430511474609375e-06
3254,61.41430045902962,1,18.030697,True,True,1.430511474609375e-06
3255,61.43272889702348,1,18.368615,True,True,1.430511474609375e-06
3256,61.45099345501512,1,18.215532,True,True,1.430511474609375e-06
3257,61.469142896996345,1,18.09842,True,True,1.430511474609375e-06
3258,61.49956753401784,1,30.373677,True,True,1.430511474609375e-06
3259,61.51810630300315,1,18.439965,True,True,1.430511474609375e-06
3260,61.53646633902099,1,18.295764,True,True,1.430511474609375e-06
3261,61.55467506701825,1,18.153232,True,True,1.430511474609375e-06
3262,61.572830173012335,1,18.11084,True,True,1.430511474609375e-06
3263,61.59118472301634,1,18.312042,True,True,1.430511474609375e-06
3264,61.60944189899601,1,18.193215,True,True,1.430511474609375e-06
3265,61.62808070902247,1,18.574569,True,True,1.430511474609375e-06
3266,61.646367227018345,1,18.238093,True,True,1.430511474609375e-06
3267,61.664547781983856,1,18.132416,True,True,1.430511474609375e-06
3268,61.6828591270023,1,18.269659,True,True,1.430511474609375e-06
3269,61.70074064901564,1,17.839781,True,True,1.430511474609375e-06
3270,61.71880579798017,1,18.017266,True,True,1.430511474609375e-06
3271,61.73685599101009,1,18.006804,True,True,1.430511474609375e-06
3272,61.75479000201449,1,17.891999,True,True,1.430511474609375e-06
3273,61.77287563600112,1,18.046007,True,True,1.430511474609375e-06
3274,61.79095843201503,1,18.039792,True,True,1.430511474609375e-06
3275,61.80910546297673,1,18.106851,True,True,1.430511474609375e-06
3276,61.831857833021786,1,22.71209,True,True,1.430511474609375e-06
3277,61.850142607989255,1,18.234637,True,True,1.430511474609375e-06
3278,61.868399780010805,1,18.207924,True,True,1.430511474609375e-06
3279,61.886564775020815,1,18.118268,True,True,1.430511474609375e-06
3280,61.904550390027,1,17.94044,True,True,1.430511474609375e-06
3281,61.9225888850051,1,17.994817,True,True,1.430511474609375e-06
3282,61.940767775988206,1,18.137695,True,True,1.430511474609375e-06
3283,61.95891157002188,1,18.094089,True,True,1.430511474609375e-06
3284,61.976878879999276,1,17.920869,True,True,1.430511474609375e-06
3285,61.99503430799814,1,18.114805,True,True,1.430511474609375e-06
3286,62.01314174401341,1,18.063174,True,True,1.430511474609375e-06
3287,62.031136899022385,1,17.951414,True,True,1.430511474609375e-06
3288,62.049249481002335,1,18.068917,True,True,1.430511474609375e-06
3289,62.06749161501648,1,18.193863,True,True,1.430511474609375e-06
3290,62.08555288397474,1,18.015925,True,True,1.430511474609375e-06
3291,62.10378095600754,1,18.186779,True,True,1.430511474609375e-06
3292,62.12210199498804,1,18.277064,True,True,1.430511474609375e-06
3293,62.14051121601369,1,18.35547,True,True,1.430511474609375e-06
3294,62.15859476698097,1,18.031673,True,True,1.430511474609375e-06
3295,62.176742291019764,1,18.10105,True,True,1.430511474609375e-06
3296,62.19737802102463,1,20.592738,True,True,1.430511474609375e-06
3297,62.22519815497799,1,27.742834,True,True,1.430511474609375e-06
3298,62.24365527799819,1,18.357271,True,True,1.430511474609375e-06
3299,62.26179357798537,1,18.074054,True,True,1.430511474609375e-06
3300,62.279777841002215,1,17.939032,True,True,1.430511474609375e-06
3301,62.29817984602414,1,18.35665,True,True,1.430511474609375e-06
3302,62.316232256998774,1,17.995977,True,True,1.430511474609375e-06
3303,62.33425465901382,1,17.967411,True,True,1.430511474609375e-06
3304,62.35221266199369,1,17.907633,True,True,1.430511474609375e-06
3305,62.37024438899243,1,17.983851,True,True,1.430511474609375e-06
3306,62.38846754498081,1,18.17764,True,True,1.430511474609375e-06
3307,62.40639588597696,1,17.879801,True,True,1.430511474609375e-06
3308,62.42894499900285,1,22.498033,True,True,1.430511474609375e-06
3309,62.44732259702869,1,18.31694,True,True,1.430511474609375e-06
3310,62.46546813601162,1,18.098604,True,True,1.430511474609375e-06
3311,62.483735135989264,1,18.223754,True,True,1.430511474609375e-06
3312,62.51156903500669,1,27.785745,True,True,1.430511474609375e-06
3313,62.5324418329983,1,20.760693,True,True,1.430511474609375e-06
3314,62.55090113199549,1,18.379265,True,True,1.430511474609375e-06
3315,62.56886400701478,1,17.90479,True,True,1.430511474609375e-06
3316,62.58707733999472,1,18.165488,True,True,1.430511474609375e-06
3317,62.60515953798313,1,18.032653,True,True,1.430511474609375e-06
3318,62.623199870984536,1,17.989396,True,True,1.430511474609375e-06
3319,62.65163447300438,1,28.378896,True,True,1.430511474609375e-06
3320,62.670079189992975,1,18.337523,True,True,1.430511474609375e-06
3321,62.68833737698151,1,18.192249,True,True,1.430511474609375e-06
3322,62.70650976599427,1,18.124312,True,True,1.430511474609375e-06
3323,62.7245728810085,1,18.021586,True,True,1.430511474609375e-06
3324,62.74252074799733,1,17.903707,True,True,1.430511474609375e-06
3325,62.76063728501322,1,18.071551,True,True,1.430511474609375e-06
3326,62.77882124198368,1,18.139761,True,True,1.430511474609375e-06
3327,62.796674653014634,1,17.81155,True,True,1.430511474609375e-06
3328,62.814716804015916,1,18.000979,True,True,1.430511474609375e-06
3329,62.8327328269952,1,17.970828,True,True,1.430511474609375e-06
3330,62.85069639701396,1,17.916099,True,True,1.430511474609375e-06
3331,62.8686973110307,1,17.959986,True,True,1.430511474609375e-06
3332,62.88665942999069,1,17.918676,True,True,1.430511474609375e-06
3333,62.904966240981594,1,18.263756,True,True,1.430511474609375e-06
3334,62.92325068998616,1,18.238438,True,True,1.430511474609375e-06
3335,62.941287654975895,1,17.993841,True,True,1.430511474609375e-06
3336,62.959352593985386,1,18.017372,True,True,1.430511474609375e-06
3337,62.977390117011964,1,17.990176,True,True,1.430511474609375e-06
3338,62.99564807798015,1,18.214397,True,True,1.430511474609375e-06
3339,63.016517092008144,1,20.821055,True,True,1.430511474609375e-06
3340,63.0379473399953,1,21.369217,True,True,1.430511474609375e-06
3341,63.05642158101546,1,18.428504,True,True,1.430511474609375e-06
3342,63.07442977000028,1,17.957808,True,True,1.430511474609375e-06
3343,63.09267306298716,1,18.198929,True,True,1.430511474609375e-06
3344,63.11089740198804,1,18.183966,True,True,1.430511474609375e-06
3345,63.12909523502458,1,18.150558,True,True,1.430511474609375e-06
3346,63.14739442500286,1,18.254459,True,True,1.430511474609375e-06
3347,63.16563202702673,1,18.17888,True,True,1.430511474609375e-06
3348,63.183778819977306,1,18.100356,True,True,1.430511474609375e-06
3349,63.212317441008054,1,28.490623,True,True,1.430511474609375e-06
3350,63.232693927013315,1,20.267127,True,True,1.430511474609375e-06
3351,63.25106101401616,1,18.294027,True,True,1.430511474609375e-06
3352,63.26951888902113,1,18.40638,True,True,1.430511474609375e-06
3353,63.28767283097841,1,18.109487,True,True,1.430511474609375e-06
3354,63.30593871203018,1,18.216675,True,True,1.430511474609375e-06
3355,63.324687717016786,1,18.685755,True,True,1.430511474609375e-06
3356,63.343131183006335,1,18.341444,True,True,1.430511474609375e-06
3357,63.36107981199166,1,17.889944,True,True,1.430511474609375e-06
3358,63.37906840798678,1,17.937997,True,True,1.430511474609375e-06
3359,63.39741216599941,1,18.290465,True,True,1.430511474609375e-06
3360,63.415586123010144,1,18.118719,True,True,1.430511474609375e-06
3361,63.433913272980135,1,18.272213,True,True,1.430511474609375e-06
3362,63.452457809005864,1,18.440332,True,True,1.430511474609375e-06
3363,63.47071713098558,1,18.183769,True,True,1.430511474609375e-06
3364,63.489014910999686,1,18.241211,True,True,1.430511474609375e-06
3365,63.516926643031184,1,27.858794,True,True,1.430511474609375e-06
3366,63.537389533012174,1,20.354069,True,True,1.430511474609375e-06
3367,63.55584073998034,1,18.381499,True,True,1.430511474609375e-06
3368,63.57414678897476,1,18.247865,True,True,1.430511474609375e-06
3369,63.59249278600328,1,18.299239,True,True,1.430511474609375e-06
3370,63.61077196901897,1,18.213765,True,True,1.430511474609375e-06
3371,63.63278386002639,1,21.950614,True,True,1.430511474609375e-06
3372,63.651033030007966,1,18.188659,True,True,1.430511474609375e-06
3373,63.66925357398577,1,18.168437,True,True,1.430511474609375e-06
3374,63.68780155200511,1,18.502897,True,True,1.430511474609375e-06
3375,63.70573201001389,1,17.889032,True,True,1.430511474609375e-06
3376,63.723859352990985,1,18.081128,True,True,1.430511474609375e-06
3377,63.741982017003465,1,18.071812,True,True,1.430511474609375e-06
3378,63.75999145000242,1,17.968679,True,True,1.430511474609375e-06
3379,63.777983194973785,1,17.94363,True,True,1.430511474609375e-06
3380,63.796215408015996,1,18.191079,True,True,1.430511474609375e-06
3381,63.81431425100891,1,18.057121,True,True,1.430511474609375e-06
3382,63.832561784016434,1,18.204442,True,True,1.430511474609375e-06
3383,63.850807445007376,1,18.204402,True,True,1.430511474609375e-06
3384,63.86900756100658,1,18.1601,True,True,1.430511474609375e-06
3385,63.88716203701915,1,18.111801,True,True,1.430511474609375e-06
3386,63.90556636202382,1,18.363616,True,True,1.430511474609375e-06
3387,63.92343034700025,1,17.820896,True,True,1.430511474609375e-06
3388,63.94158102700021,1,18.105972,True,True,1.430511474609375e-06
3389,63.95975845097564,1,18.130669,True,True,1.430511474609375e-06
3390,63.97796810901491,1,18.158357,True,True,1.430511474609375e-06
3391,63.996100577001926,1,18.084734,True,True,1.430511474609375e-06
3392,64.01407133700559,1,17.927673,True,True,1.430511474609375e-06
3393,64.03237066901056,1,18.250005,True,True,1.430511474609375e-06
3394,64.05052033800166,1,18.106495,True,True,1.430511474609375e-06
3395,64.06879275100073,1,18.227764,True,True,1.430511474609375e-06
3396,64.0869856349891,1,18.140574,True,True,1.430511474609375e-06
3397,64.10545886598993,1,18.422895,True,True,1.430511474609375e-06
3398,64.1237629710231,1,18.252906,True,True,1.430511474609375e-06
3399,64.14211303298362,1,18.298271,True,True,1.430511474609375e-06
3400,64.16015453002183,1,17.989825,True,True,1.430511474609375e-06
3401,64.17825421999441,1,18.053058,True,True,1.430511474609375e-06
3402,64.19969359599054,1,21.394763,True,True,1.430511474609375e-06
3403,64.23042862000875,1,30.645255,True,True,1.430511474609375e-06
3404,64.24897682201117,1,18.454448,True,True,1.430511474609375e-06
3405,64.26724375900812,1,18.202957,True,True,1.430511474609375e-06
3406,64.28539616201306,1,18.104363,True,True,1.430511474609375e-06
3407,64.30348104401492,1,18.034042,True,True,1.430511474609375e-06
3408,64.33209305000491,1,28.548765,True,True,1.430511474609375e-06
3409,64.35058767098235,1,18.415967,True,True,1.430511474609375e-06
3410,64.36893295397749,1,18.28396,True,True,1.430511474609375e-06
3411,64.38714776799316,1,18.164512,True,True,1.430511474609375e-06
3412,64.40535526000895,1,18.157341,True,True,1.430511474609375e-06
3413,64.42370659200242,1,18.302247,True,True,1.430511474609375e-06
3414,64.44205451698508,1,18.294426,True,True,1.430511474609375e-06
3415,64.46006300800946,1,17.960968,True,True,1.430511474609375e-06
3416,64.47818321100203,1,18.077762,True,True,1.430511474609375e-06
3417,64.4988675499917,1,20.642093,True,True,1.430511474609375e-06
3418,64.52723175298888,1,28.248307,True,True,1.430511474609375e-06
3419,64.54600264999317,1,18.657973,True,True,1.430511474609375e-06
3420,64.56438930297736,1,18.312217,True,True,1.430511474609375e-06
3421,64.58310877799522,1,18.6663,True,True,1.430511474609375e-06
3422,64.60150468698703,1,18.321641,True,True,1.430511474609375e-06
3423,64.6196676529944,1,18.105112,True,True,1.430511474609375e-06
3424,64.63840242900187,1,18.683279,True,True,1.430511474609375e-06
3425,64.65651790302945,1,18.063316,True,True,1.430511474609375e-06
3426,64.67478845099686,1,18.222939,True,True,1.430511474609375e-06
3427,64.69299356697593,1,18.155449,True,True,1.430511474609375e-06
3428,64.71111987699987,1,18.080009,True,True,1.430511474609375e-06
3429,64.72991598199587,1,18.750688,True,True,1.430511474609375e-06
3430,64.74797553499229,1,18.015877,True,True,1.430511474609375e-06
3431,64.76629058702383,1,18.275597,True,True,1.430511474609375e-06
3432,64.78420485899551,1,17.841689,True,True,1.430511474609375e-06
3433,64.80217590299435,1,17.927558,True,True,1.430511474609375e-06
3434,64.82336977502564,1,21.148509,True,True,1.430511474609375e-06
3435,64.84471041098004,1,21.281267,True,True,1.430511474609375e-06
3436,64.86316630197689,1,18.402426,True,True,1.430511474609375e-06
3437,64.88142455898924,1,18.212765,True,True,1.430511474609375e-06
3438,64.89959489798639,1,18.130221,True,True,1.430511474609375e-06
3439,64.91764585499186,1,18.009323,True,True,1.430511474609375e-06
3440,64.93631261400878,1,18.625823,True,True,1.430511474609375e-06
3441,64.95470005099196,1,18.338752,True,True,1.430511474609375e-06
3442,64.980597486021,1,25.837655,True,True,1.430511474609375e-06
3443,65.00181018502917,1,21.127236,True,True,1.430511474609375e-06
3444,65.02063908899436,1,18.771117,True,True,1.430511474609375e-06
3445,65.03883918601787,1,18.141931,True,True,1.430511474609375e-06
3446,65.05711107101524,1,18.226593,True,True,1.430511474609375e-06
3447,65.07538022100925,1,18.220195,True,True,1.430511474609375e-06
3448,65.09419223101577,1,18.768345,True,True,1.430511474609375e-06
3449,65.11217744502937,1,17.939152,True,True,1.430511474609375e-06
3450,65.13015192799503,1,17.927627,True,True,1.430511474609375e-06
3451,65.14869586797431,1,18.500242,True,True,1.430511474609375e-06
3452,65.16666097100824,1,17.916065,True,True,1.430511474609375e-06
3453,65.1855210820213,1,18.81411,True,True,1.430511474609375e-06
3454,65.21496248699259,1,29.390894,True,True,1.430511474609375e-06
3455,65.23375087202294,1,18.68154,True,True,1.430511474609375e-06
3456,65.25205410202034,1,18.243137,True,True,1.430511474609375e-06
3457,65.27023530902807,1,18.135332,True,True,1.430511474609375e-06
3458,65.28924448502949,1,18.967681,True,True,1.430511474609375e-06
3459,65.30752217798727,1,18.220352,True,True,1.430511474609375e-06
3460,65.32576649298426,1,18.196386,True,True,1.430511474609375e-06
3461,65.34408950002398,1,18.264634,True,True,1.430511474609375e-06
3462,65.36223295202944,1,18.089332,True,True,1.430511474609375e-06
3463,65.38088306999998,1,18.596438,True,True,1.430511474609375e-06
3464,65.3993088019779,1,18.374315,True,True,1.430511474609375e-06
3465,65.41761358798249,1,18.250621,True,True,1.430511474609375e-06
3466,65.44137068802956,1,23.700634,True,True,1.430511474609375e-06
3467,65.45963752100943,1,18.207947,True,True,1.430511474609375e-06
3468,65.47780595102813,1,18.121132,True,True,1.430511474609375e-06
3469,65.49602383497404,1,18.171078,True,True,1.430511474609375e-06
3470,65.5173447750276,1,21.273024,True,True,1.430511474609375e-06
3471,65.54482621402713,1,27.372948,True,True,1.430511474609375e-06
3472,65.56331478699576,1,18.400438,True,True,1.430511474609375e-06
3473,65.581852933974,1,18.47693,True,True,1.430511474609375e-06
3474,65.59986683598254,1,17.94865,True,True,1.430511474609375e-06
3475,65.61795954499394,1,18.040534,True,True,1.430511474609375e-06
3476,65.63934277999215,1,21.33485,True,True,1.430511474609375e-06
3477,65.66520033997949,1,25.788755,True,True,1.430511474609375e-06
3478,65.68380943499506,1,18.549232,True,True,1.430511474609375e-06
3479,65.7020195160294,1,18.162281,True,True,1.430511474609375e-06
3480,65.7201797789894,1,18.115442,True,True,1.430511474609375e-06
3481,65.73808786203153,1,17.864966,True,True,1.430511474609375e-06
3482,65.75675949599827,1,18.629564,True,True,1.430511474609375e-06
3483,65.77491050999379,1,18.108367,True,True,1.430511474609375e-06
3484,65.79289319302188,1,17.942234,True,True,1.430511474609375e-06
3485,65.81093266501557,1,17.990603,True,True,1.430511474609375e-06
3486,65.82893493800657,1,17.960087,True,True,1.430511474609375e-06
3487,65.84738704300253,1,18.41029,True,True,1.430511474609375e-06
3488,65.86564414598979,1,18.213249,True,True,1.430511474609375e-06
3489,65.88403717300389,1,18.346045,True,True,1.430511474609375e-06
3490,65.90220654400764,1,18.119782,True,True,1.430511474609375e-06
3491,65.92006211500848,1,17.814609,True,True,1.430511474609375e-06
3492,65.93809759098804,1,17.994116,True,True,1.430511474609375e-06
3493,65.95682740898337,1,18.681183,True,True,1.430511474609375e-06
3494,65.97515360102989,1,18.274579,True,True,1.430511474609375e-06
3495,65.9935276589822,1,18.330449,True,True,1.430511474609375e-06
3496,66.0117680230178,1,18.188785,True,True,1.430511474609375e-06
3497,66.0358718750067,1,24.055516,True,True,1.430511474609375e-06
3498,66.05402075900929,1,18.093361,True,True,1.430511474609375e-06
3499,66.0722965769819,1,18.230288,True,True,1.430511474609375e-06
3500,66.09058113500942,1,18.237514,True,True,1.430511474609375e-06
3501,66.10856309800874,1,17.940621,True,True,1.430511474609375e-06
3502,66.12713846802944,1,18.53094,True,True,1.430511474609375e-06
3503,66.14546988200163,1,18.27811,True,True,1.430511474609375e-06
3504,66.16366952401586,1,18.154082,True,True,1.430511474609375e-06
3505,66.18229047500063,1,18.566717,True,True,1.430511474609375e-06
3506,66.21162241901038,1,29.276938,True,True,1.430511474609375e-06
3507,66.23072080599377,1,18.991292,True,True,1.430511474609375e-06
3508,66.24926075502299,1,18.461028,True,True,1.430511474609375e-06
3509,66.26745513197966,1,18.136062,True,True,1.430511474609375e-06
3510,66.28602924098959,1,18.529554,True,True,1.430511474609375e-06
3511,66.30429692700272,1,18.218462,True,True,1.430511474609375e-06
3512,66.32302064303076,1,18.659301,True,True,1.430511474609375e-06
3513,66.3415784239769,1,18.500399,True,True,1.430511474609375e-06
3514,66.35974855301902,1,18.114135,True,True,1.430511474609375e-06
3515,66.37800073699327,1,18.204942,True,True,1.430511474609375e-06
3516,66.39583664498059,1,17.785234,True,True,1.430511474609375e-06
3517,66.41383953101467,1,17.954239,True,True,1.430511474609375e-06
3518,66.43282399402233,1,18.930889,True,True,1.430511474609375e-06
3519,66.45084410201525,1,17.972442,True,True,1.430511474609375e-06
3520,66.47208405099809,1,21.180052,True,True,1.430511474609375e-06
3521,66.49833073600894,1,26.143365,True,True,1.430511474609375e-06
3522,66.527016121021,1,28.608221,True,True,1.430511474609375e-06
3523,66.5465067080222,1,19.369927,True,True,1.430511474609375e-06
3524,66.56485234003048,1,18.277133,True,True,1.430511474609375e-06
3525,66.58408583101118,1,19.164638,True,True,1.430511474609375e-06
3526,66.60275809199084,1,18.558612,True,True,1.430511474609375e-06
3527,66.62712951598223,1,24.288797,True,True,1.430511474609375e-06
3528,66.64552593702683,1,18.327722,True,True,1.430511474609375e-06
3529,66.6637924539973,1,18.211016,True,True,1.430511474609375e-06
3530,66.68177671299782,1,17.938514,True,True,1.430511474609375e-06
3531,66.70009366801241,1,18.269886,True,True,1.430511474609375e-06
3532,66.71832320897374,1,18.183554,True,True,1.430511474609375e-06
3533,66.736964539974,1,18.594407,True,True,1.430511474609375e-06
3534,66.75549986597616,1,18.490919,True,True,1.430511474609375e-06
3535,66.77364948001923,1,18.106107,True,True,1.430511474609375e-06
3536,66.79174222698202,1,18.050551,True,True,1.430511474609375e-06
3537,66.81023897702107,1,18.448211,True,True,1.430511474609375e-06
3538,66.82928886200534,1,18.968245,True,True,1.430511474609375e-06
3539,66.84768190799514,1,18.315964,True,True,1.430511474609375e-06
3540,66.86591308302013,1,18.178476,True,True,1.430511474609375e-06
3541,66.88400618999731,1,18.04478,True,True,1.430511474609375e-06
3542,66.90221236599609,1,18.1635,True,True,1.430511474609375e-06
3543,66.92097110999748,1,18.719394,True,True,1.430511474609375e-06
3544,66.93915979500161,1,18.14388,True,True,1.430511474609375e-06
3545,66.95728641998721,1,18.084029,True,True,1.430511474609375e-06
3546,66.97524058399722,1,17.897299,True,True,1.430511474609375e-06
3547,66.9933958830079,1,18.109097,True,True,1.430511474609375e-06
3548,67.01159367099172,1,18.148479,True,True,1.430511474609375e-06
3549,67.03019392199349,1,18.551122,True,True,1.430511474609375e-06
3550,67.04840231500566,1,18.148689,True,True,1.430511474609375e-06
3551,67.06642465502955,1,17.98086,True,True,1.430511474609375e-06
3552,67.0848077199771,1,18.335123,True,True,1.430511474609375e-06
3553,67.10299300798215,1,18.138868,True,True,1.430511474609375e-06
3554,67.12171027902514,1,18.673929,True,True,1.430511474609375e-06
3555,67.14022323401878,1,18.460879,True,True,1.430511474609375e-06
3556,67.15849064197391,1,18.218257,True,True,1.430511474609375e-06
3557,67.17667590797646,1,18.136911,True,True,1.430511474609375e-06
3558,67.1973055510316,1,20.582713,True,True,1.430511474609375e-06
3559,67.22923845099285,1,31.829177,True,True,1.430511474609375e-06
3560,67.24783975997707,1,18.509331,True,True,1.430511474609375e-06
3561,67.26610413502203,1,18.204834,True,True,1.430511474609375e-06
3562,67.2840935899876,1,17.943026,True,True,1.430511474609375e-06
3563,67.30220630002441,1,18.069346,True,True,1.430511474609375e-06
3564,67.32359306100989,1,21.337489,True,True,1.430511474609375e-06
3565,67.3494552890188,1,25.772779,True,True,1.430511474609375e-06
3566,67.36764645500807,1,18.119551,True,True,1.430511474609375e-06
3567,67.3858818510198,1,18.177003,True,True,1.430511474609375e-06
3568,67.40429482597392,1,18.358362,True,True,1.430511474609375e-06
3569,67.42255449999357,1,18.196113,True,True,1.430511474609375e-06
3570,67.44134054897586,1,18.731521,True,True,1.430511474609375e-06
3571,67.4592143180198,1,17.822047,True,True,1.430511474609375e-06
3572,67.47738383099204,1,18.123745,True,True,1.430511474609375e-06
3573,67.49555043398868,1,18.124744,True,True,1.430511474609375e-06
3574,67.51691202301299,1,21.317296,True,True,1.430511474609375e-06
3575,67.54431249300251,1,27.301194,True,True,1.430511474609375e-06
3576,67.56282358197495,1,18.417896,True,True,1.430511474609375e-06
3577,67.58116744097788,1,18.287123,True,True,1.430511474609375e-06
3578,67.59954418201232,1,18.309629,True,True,1.430511474609375e-06
3579,67.61775560298702,1,18.154864,True,True,1.430511474609375e-06
3580,67.63594859302975,1,18.142398,True,True,1.430511474609375e-06
3581,67.65420668001752,1,18.20758,True,True,1.430511474609375e-06
3582,67.67213882802753,1,17.886647,True,True,1.430511474609375e-06
3583,67.69008382502943,1,17.898756,True,True,1.430511474609375e-06
3584,67.7079889990273,1,17.857999,True,True,1.430511474609375e-06
3585,67.72612930601463,1,18.096224,True,True,1.430511474609375e-06
3586,67.74400317698019,1,17.829314,True,True,1.430511474609375e-06
3587,67.76200300001074,1,17.959996,True,True,1.430511474609375e-06
3588,67.77978935698047,1,17.74632,True,True,1.430511474609375e-06
3589,67.79789510398405,1,18.064033,True,True,1.430511474609375e-06
3590,67.81606774200918,1,18.129921,True,True,1.430511474609375e-06
3591,67.83977275399957,1,23.664451,True,True,1.430511474609375e-06
3592,67.85813858400797,1,18.307092,True,True,1.430511474609375e-06
3593,67.87632406601915,1,18.135914,True,True,1.430511474609375e-06
3594,67.89456942799734,1,18.196678,True,True,1.430511474609375e-06
3595,67.9126872170018,1,18.073864,True,True,1.430511474609375e-06
3596,67.93082339997636,1,18.094582,True,True,1.430511474609375e-06
3597,67.94880704302341,1,17.941031,True,True,1.430511474609375e-06
3598,67.96693435998168,1,18.075315,True,True,1.430511474609375e-06
3599,67.98514822399011,1,18.171153,True,True,1.430511474609375e-06
3600,68.00304157397477,1,17.849737,True,True,1.430511474609375e-06
3601,68.02120234700851,1,18.120247,True,True,1.430511474609375e-06
3602,68.03923830197891,1,17.992195,True,True,1.430511474609375e-06
3603,68.05718334700214,1,17.904241,True,True,1.430511474609375e-06
3604,68.07567424402805,1,18.450525,True,True,1.430511474609375e-06
3605,68.09365083597368,1,17.930238,True,True,1.430511474609375e-06
3606,68.11163770698477,1,17.946343,True,True,1.430511474609375e-06
3607,68.12988253199728,1,18.196525,True,True,1.430511474609375e-06
3608,68.14804908400401,1,18.120709,True,True,1.430511474609375e-06
3609,68.16625025199028,1,18.150442,True,True,1.430511474609375e-06
3610,68.1845268229954,1,18.233458,True,True,1.430511474609375e-06
3611,68.21439529903,1,29.822297,True,True,1.430511474609375e-06
3612,68.23310240899445,1,18.596827,True,True,1.430511474609375e-06
3613,68.25152826798148,1,18.34528,True,True,1.430511474609375e-06
3614,68.26954727602424,1,17.9676,True,True,1.430511474609375e-06
3615,68.28766157501377,1,18.064522,True,True,1.430511474609375e-06
3616,68.30571779201273,1,18.006265,True,True,1.430511474609375e-06
3617,68.32377179898322,1,17.993701,True,True,1.430511474609375e-06
3618,68.34199474501656,1,18.171759,True,True,1.430511474609375e-06
3619,68.36013443901902,1,18.08989,True,True,1.430511474609375e-06
3620,68.37835599499522,1,18.167402,True,True,1.430511474609375e-06
3621,68.3965508309775,1,18.146875,True,True,1.430511474609375e-06
3622,68.4146429770044,1,18.040824,True,True,1.430511474609375e-06
3623,68.43711342097959,1,22.413669,True,True,1.430511474609375e-06
3624,68.45528666803148,1,18.114496,True,True,1.430511474609375e-06
3625,68.47345776599832,1,18.124243,True,True,1.430511474609375e-06
3626,68.49197404802544,1,18.471608,True,True,1.430511474609375e-06
3627,68.51015249197371,1,18.137783,True,True,1.430511474609375e-06
3628,68.53085774899228,1,20.644313,True,True,1.430511474609375e-06
3629,68.55848043703008,1,27.50485,True,True,1.430511474609375e-06
3630,68.57718983502127,1,18.613552,True,True,1.430511474609375e-06
3631,68.59555844101124,1,18.305737,True,True,1.430511474609375e-06
3632,68.61375908297487,1,18.144957,True,True,1.430511474609375e-06
3633,68.63211045600474,1,18.296541,True,True,1.430511474609375e-06
3634,68.65046691900352,1,18.302672,True,True,1.430511474609375e-06
3635,68.66852525499417,1,18.00925,True,True,1.430511474609375e-06
3636,68.68663829698926,1,18.068247,True,True,1.430511474609375e-06
3637,68.70448819402372,1,17.805873,True,True,1.430511474609375e-06
3638,68.72264166898094,1,18.108031,True,True,1.430511474609375e-06
3639,68.74101791100111,1,18.33286,True,True,1.430511474609375e-06
3640,68.75924119801493,1,18.17802,True,True,1.430511474609375e-06
3641,68.77729298401391,1,18.007176,True,True,1.430511474609375e-06
3642,68.79572461202042,1,18.353451,True,True,1.430511474609375e-06
3643,68.8140484499745,1,18.245941,True,True,1.430511474609375e-06
3644,68.83199767302722,1,17.893676,True,True,1.430511474609375e-06
3645,68.85025041300105,1,18.20623,True,True,1.430511474609375e-06
3646,68.86838675098261,1,18.092116,True,True,1.430511474609375e-06
3647,68.88655557698803,1,18.121924,True,True,1.430511474609375e-06
3648,68.90565659297863,1,19.053001,True,True,1.430511474609375e-06
3649,68.92382369103143,1,18.063196,True,True,1.430511474609375e-06
3650,68.94213759398554,1,18.2517,True,True,1.430511474609375e-06
3651,68.9603577000089,1,18.171514,True,True,1.430511474609375e-06
3652,68.9783646829892,1,17.959003,True,True,1.430511474609375e-06
3653,68.99643065797864,1,18.018574,True,True,1.430511474609375e-06
3654,69.01438592898194,1,17.912514,True,True,1.430511474609375e-06
3655,69.0362202450051,1,21.788352,True,True,1.430511474609375e-06
3656,69.05454437201843,1,18.26165,True,True,1.430511474609375e-06
3657,69.07281150197377,1,18.216456,True,True,1.430511474609375e-06
3658,69.09147277800366,1,18.611794,True,True,1.430511474609375e-06
3659,69.10991878900677,1,18.402672,True,True,1.430511474609375e-06
3660,69.12816655798815,1,18.19917,True,True,1.430511474609375e-06
3661,69.14636911300477,1,18.14958,True,True,1.430511474609375e-06
3662,69.16470258502522,1,18.283219,True,True,1.430511474609375e-06
3663,69.18285559001379,1,18.110914,True,True,1.430511474609375e-06
3664,69.21102460898692,1,28.126166,True,True,1.430511474609375e-06
3665,69.23862224898767,1,27.489628,True,True,1.430511474609375e-06
3666,69.26068771397695,1,21.970484,True,True,1.430511474609375e-06
3667,69.27901578199817,1,18.270106,True,True,1.430511474609375e-06
3668,69.29718745098216,1,18.119412,True,True,1.430511474609375e-06
3669,69.31555220298469,1,18.314382,True,True,1.430511474609375e-06
3670,69.33380753098754,1,18.205302,True,True,1.430511474609375e-06
3671,69.35200223198626,1,18.138796,True,True,1.430511474609375e-06
3672,69.370572343003,1,18.520429,True,True,1.430511474609375e-06
3673,69.38880831701681,1,18.182953,True,True,1.430511474609375e-06
3674,69.40704288700363,1,18.180063,True,True,1.430511474609375e-06
3675,69.42534344398882,1,18.249057,True,True,1.430511474609375e-06
3676,69.44334729900584,1,17.951244,True,True,1.430511474609375e-06
3677,69.46150654001394,1,18.113291,True,True,1.430511474609375e-06
3678,69.47976711002411,1,18.215254,True,True,1.430511474609375e-06
3679,69.49781637702836,1,18.008538,True,True,1.430511474609375e-06
3680,69.51600533799501,1,18.147473,True,True,1.430511474609375e-06
3681,69.54390000697458,1,27.838045,True,True,1.430511474609375e-06
3682,69.56412748800358,1,20.111601,True,True,1.430511474609375e-06
3683,69.58277130202623,1,18.576685,True,True,1.430511474609375e-06
3684,69.60101846099133,1,18.179973,True,True,1.430511474609375e-06
3685,69.61895444901893,1,17.885779,True,True,1.430511474609375e-06
3686,69.6431269539753,1,24.12264,True,True,1.430511474609375e-06
3687,69.66151166002965,1,18.321055,True,True,1.430511474609375e-06
3688,69.67978337098612,1,18.221409,True,True,1.430511474609375e-06
3689,69.6977643360151,1,17.933254,True,True,1.430511474609375e-06
3690,69.71571696602041,1,17.905243,True,True,1.430511474609375e-06
3691,69.73397690698039,1,18.211412,True,True,1.430511474609375e-06
3692,69.75196228601271,1,17.940617,True,True,1.430511474609375e-06
3693,69.77004757500254,1,18.044196,True,True,1.430511474609375e-06
3694,69.78816977702081,1,18.079036,True,True,1.430511474609375e-06
3695,69.8063635660219,1,18.150799,True,True,1.430511474609375e-06
3696,69.8241702769883,1,17.763524,True,True,1.430511474609375e-06
3697,69.84228909300873,1,18.074573,True,True,1.430511474609375e-06
3698,69.86026726401178,1,17.935622,True,True,1.430511474609375e-06
3699,69.87833326502005,1,18.021879,True,True,1.430511474609375e-06
3700,69.8966018090141,1,18.223602,True,True,1.430511474609375e-06
3701,69.91456678201212,1,17.919535,True,True,1.430511474609375e-06
3702,69.93277510802727,1,18.161499,True,True,1.430511474609375e-06
3703,69.95068130397703,1,17.865853,True,True,1.430511474609375e-06
3704,69.96890768501908,1,18.17603,True,True,1.430511474609375e-06
3705,69.98740617698058,1,18.444066,True,True,1.430511474609375e-06
3706,70.00562800402986,1,18.173872,True,True,1.430511474609375e-06
3707,70.02362857299158,1,17.956362,True,True,1.430511474609375e-06
3708,70.04168917500647,1,18.014308,True,True,1.430511474609375e-06
3709,70.05991223402089,1,18.181347,True,True,1.430511474609375e-06
3710,70.07797045301413,1,18.015703,True,True,1.430511474609375e-06
3711,70.09615733101964,1,18.137103,True,True,1.430511474609375e-06
3712,70.11443258001236,1,18.226635,True,True,1.430511474609375e-06
3713,70.13252705399645,1,18.048801,True,True,1.430511474609375e-06
3714,70.15051149902865,1,17.936883,True,True,1.430511474609375e-06
3715,70.16859806200955,1,18.034127,True,True,1.430511474609375e-06
3716,70.18678509898018,1,18.142147,True,True,1.430511474609375e-06
3717,70.21487864700612,1,28.0458,True,True,1.430511474609375e-06
3718,70.23787350702332,1,22.881443,True,True,1.430511474609375e-06
3719,70.25637581001502,1,18.41562,True,True,1.430511474609375e-06
3720,70.2742358869873,1,17.802255,True,True,1.430511474609375e-06
3721,70.29240430501522,1,18.118751,True,True,1.430511474609375e-06
3722,70.31068016198697,1,18.225336,True,True,1.430511474609375e-06
3723,70.32885772298323,1,18.113085,True,True,1.430511474609375e-06
3724,70.34715854201932,1,18.245909,True,True,1.430511474609375e-06
3725,70.36528849898605,1,18.077154,True,True,1.430511474609375e-06
3726,70.38329315697774,1,17.955321,True,True,1.430511474609375e-06
3727,70.40146514499793,1,18.122792,True,True,1.430511474609375e-06
3728,70.41954100300791,1,18.020665,True,True,1.430511474609375e-06
3729,70.43754941102816,1,17.954149,True,True,1.430511474609375e-06
3730,70.45621063699946,1,18.612915,True,True,1.430511474609375e-06
3731,70.47427912498824,1,18.022617,True,True,1.430511474609375e-06
3732,70.49231244699331,1,17.988258,True,True,1.430511474609375e-06
3733,70.51031405403046,1,17.954145,True,True,1.430511474609375e-06
3734,70.53110625297995,1,20.727772,True,True,1.430511474609375e-06
3735,70.5588615849847,1,27.622869,True,True,1.430511474609375e-06
3736,70.577487225004,1,18.531291,True,True,1.430511474609375e-06
3737,70.59631495201029,1,18.751504,True,True,1.430511474609375e-06
3738,70.61469689698424,1,18.313052,True,True,1.430511474609375e-06
3739,70.6329604400089,1,18.204051,True,True,1.430511474609375e-06
3740,70.65135327202734,1,18.34305,True,True,1.430511474609375e-06
3741,70.66967556701275,1,18.259256,True,True,1.430511474609375e-06
3742,70.68750132899731,1,17.773179,True,True,1.430511474609375e-06
3743,70.70563628501259,1,18.087267,True,True,1.430511474609375e-06
3744,70.72343490202911,1,17.757309,True,True,1.430511474609375e-06
3745,70.74135103001026,1,17.87349,True,True,1.430511474609375e-06
3746,70.75930880702799,1,17.917329,True,True,1.430511474609375e-06
3747,70.77718428702792,1,17.831854,True,True,1.430511474609375e-06
3748,70.79551047697896,1,18.287281,True,True,1.430511474609375e-06
3749,70.81336226401618,1,17.811664,True,True,1.430511474609375e-06
3750,70.8323782440275,1,18.975963,True,True,1.430511474609375e-06
3751,70.85378013801528,1,21.338483,True,True,1.430511474609375e-06
3752,70.87198332202388,1,18.142396,True,True,1.430511474609375e-06
3753,70.89047116902657,1,18.441902,True,True,1.430511474609375e-06
3754,70.91092430602293,1,20.411631,True,True,1.430511474609375e-06
3755,70.93442660197616,1,23.433487,True,True,1.430511474609375e-06
3756,70.95583987300051,1,21.360386,True,True,1.430511474609375e-06
3757,70.97411192400614,1,18.213293,True,True,1.430511474609375e-06
3758,70.99286514299456,1,18.708351,True,True,1.430511474609375e-06
3759,71.01105300098425,1,18.145051,True,True,1.430511474609375e-06
3760,71.0292959989747,1,18.20159,True,True,1.430511474609375e-06
3761,71.04786138102645,1,18.515206,True,True,1.430511474609375e-06
3762,71.06581759999972,1,17.914107,True,True,1.430511474609375e-06
3763,71.08403423102573,1,18.171203,True,True,1.430511474609375e-06
3764,71.10219082701951,1,18.112215,True,True,1.430511474609375e-06
3765,71.12029574398184,1,18.064564,True,True,1.430511474609375e-06
3766,71.13879674201598,1,18.452194,True,True,1.430511474609375e-06
3767,71.15867224900285,1,19.748299,True,True,1.430511474609375e-06
3768,71.17823757097358,1,19.441022,True,True,1.430511474609375e-06
3769,71.20042440498946,1,22.052942,True,True,1.430511474609375e-06
3770,71.22767133300658,1,27.127352,True,True,1.430511474609375e-06
3771,71.24622197798453,1,18.455952,True,True,1.430511474609375e-06
3772,71.26468166301493,1,18.39544,True,True,1.430511474609375e-06
3773,71.2827181359753,1,17.97563,True,True,1.430511474609375e-06
3774,71.3008305139956,1,18.061922,True,True,1.430511474609375e-06
3775,71.31894137698691,1,18.062603,True,True,1.430511474609375e-06
3776,71.33692300802795,1,17.937519,True,True,1.430511474609375e-06
3777,71.35516132297926,1,18.189462,True,True,1.430511474609375e-06
3778,71.37338683300186,1,18.178194,True,True,1.430511474609375e-06
3779,71.39149880298646,1,18.057338,True,True,1.430511474609375e-06
3780,71.40965888701612,1,18.113015,True,True,1.430511474609375e-06
3781,71.42761516099563,1,17.906101,True,True,1.430511474609375e-06
3782,71.44571553199785,1,18.041868,True,True,1.430511474609375e-06
3783,71.46423402597429,1,18.44425,True,True,1.430511474609375e-06
3784,71.48262315697502,1,18.295746,True,True,1.430511474609375e-06
3785,71.50083347799955,1,18.152111,True,True,1.430511474609375e-06
3786,71.51917017402593,1,18.287858,True,True,1.430511474609375e-06
3787,71.54694551299326,1,27.71653,True,True,1.430511474609375e-06
3788,71.56778817297891,1,20.733896,True,True,1.430511474609375e-06
3789,71.59598189900862,1,28.095856,True,True,1.430511474609375e-06
3790,71.61464832100319,1,18.557335,True,True,1.430511474609375e-06
3791,71.63300400599837,1,18.282491,True,True,1.430511474609375e-06
3792,71.65094378800131,1,17.89239,True,True,1.430511474609375e-06
3793,71.66903130797436,1,18.030918,True,True,1.430511474609375e-06
3794,71.68708629597677,1,18.001013,True,True,1.430511474609375e-06
3795,71.70510406099493,1,17.968766,True,True,1.430511474609375e-06
3796,71.7233013670193,1,18.154222,True,True,1.430511474609375e-06
3797,71.74114880600246,1,17.800296,True,True,1.430511474609375e-06
3798,71.75929102499504,1,18.10228,True,True,1.430511474609375e-06
3799,71.77725661598379,1,17.923339,True,True,1.430511474609375e-06
3800,71.79534739803057,1,18.048949,True,True,1.430511474609375e-06
3801,71.81384485197486,1,18.455168,True,True,1.430511474609375e-06
3802,71.83178622100968,1,17.897315,True,True,1.430511474609375e-06
3803,71.85008183197351,1,18.253192,True,True,1.430511474609375e-06
3804,71.86820065398933,1,18.074935,True,True,1.430511474609375e-06
3805,71.88641592802014,1,18.171733,True,True,1.430511474609375e-06
3806,71.90439534798497,1,17.933859,True,True,1.430511474609375e-06
3807,71.92245739599457,1,18.018709,True,True,1.430511474609375e-06
3808,71.94050899997819,1,18.011917,True,True,1.430511474609375e-06
3809,71.95843037898885,1,17.87694,True,True,1.430511474609375e-06
3810,71.9768370349775,1,18.357786,True,True,1.430511474609375e-06
3811,71.99501111602876,1,18.120971,True,True,1.430511474609375e-06
3812,72.01319894299377,1,18.142422,True,True,1.430511474609375e-06
3813,72.03168635000475,1,18.447962,True,True,1.430511474609375e-06
3814,72.05010875198059,1,18.375921,True,True,1.430511474609375e-06
3815,72.06815144297434,1,17.997732,True,True,1.430511474609375e-06
3816,72.0861872350215,1,17.984845,True,True,1.430511474609375e-06
3817,72.10414644400589,1,17.915541,True,True,1.430511474609375e-06
3818,72.1221981960116,1,18.008794,True,True,1.430511474609375e-06
3819,72.14058304502396,1,18.332559,True,True,1.430511474609375e-06
3820,72.15864131797571,1,18.003772,True,True,1.430511474609375e-06
3821,72.1769471730222,1,18.253136,True,True,1.430511474609375e-06
3822,72.19764025002951,1,20.615486,True,True,1.430511474609375e-06
3823,72.22406029497506,1,26.318903,True,True,1.430511474609375e-06
3824,72.25045825098641,1,26.333256,True,True,1.430511474609375e-06
3825,72.27182602399262,1,21.281918,True,True,1.430511474609375e-06
3826,72.2898849209887,1,17.994919,True,True,1.430511474609375e-06
3827,72.30815330997575,1,18.216411,True,True,1.430511474609375e-06
3828,72.3264854470035,1,18.282009,True,True,1.430511474609375e-06
3829,72.34473439998692,1,18.195071,True,True,1.430511474609375e-06
3830,72.36330609000288,1,18.522711,True,True,1.430511474609375e-06
3831,72.38148754701251,1,18.124161,True,True,1.430511474609375e-06
3832,72.39976146799745,1,18.227401,True,True,1.430511474609375e-06
3833,72.4179579889751,1,18.144853,True,True,1.430511474609375e-06
3834,72.43619137798669,1,18.17658,True,True,1.430511474609375e-06
3835,72.45435932301916,1,18.123665,True,True,1.430511474609375e-06
3836,72.47274177498184,1,18.33553,True,True,1.430511474609375e-06
3837,72.49121389299398,1,18.425335,True,True,1.430511474609375e-06
3838,72.50938920403132,1,18.12697,True,True,1.430511474609375e-06
3839,72.52751145401271,1,18.07853,True,True,1.430511474609375e-06
3840,72.54817244200967,1,20.606876,True,True,1.430511474609375e-06
3841,72.57397615700029,1,25.693347,True,True,1.430511474609375e-06
3842,72.59394418098964,1,19.85935,True,True,1.430511474609375e-06
3843,72.61231587297516,1,18.284906,True,True,1.430511474609375e-06
3844,72.630647108017,1,18.267792,True,True,1.430511474609375e-06
3845,72.64853578200564,1,17.83084,True,True,1.430511474609375e-06
3846,72.66666951699881,1,18.085186,True,True,1.430511474609375e-06
3847,72.68482652999228,1,18.109524,True,True,1.430511474609375e-06
3848,72.70291104598437,1,18.034625,True,True,1.430511474609375e-06
3849,72.721302482998,1,18.343147,True,True,1.430511474609375e-06
3850,72.73934103897773,1,17.990963,True,True,1.430511474609375e-06
3851,72.75778657698538,1,18.401028,True,True,1.430511474609375e-06
3852,72.77625415998045,1,18.421745,True,True,1.430511474609375e-06
3853,72.7941301590181,1,17.831054,True,True,1.430511474609375e-06
3854,72.81223190599121,1,18.060967,True,True,1.430511474609375e-06
3855,72.83003361400915,1,17.760628,True,True,1.430511474609375e-06
3856,72.84817600197857,1,18.101758,True,True,1.430511474609375e-06
3857,72.86629382998217,1,18.074407,True,True,1.430511474609375e-06
3858,72.88439699303126,1,18.06435,True,True,1.430511474609375e-06
3859,72.9028094150126,1,18.373099,True,True,1.430511474609375e-06
3860,72.92092682502698,1,18.074863,True,True,1.430511474609375e-06
3861,72.93912957300199,1,18.159968,True,True,1.430511474609375e-06
3862,72.95745845499914,1,18.284871,True,True,1.430511474609375e-06
3863,72.97567181801423,1,18.166256,True,True,1.430511474609375e-06
3864,72.99381148500834,1,18.094442,True,True,1.430511474609375e-06
3865,73.0116763379774,1,17.822922,True,True,1.430511474609375e-06
3866,73.02983459399547,1,18.11418,True,True,1.430511474609375e-06
3867,73.04797567299102,1,18.090547,True,True,1.430511474609375e-06
3868,73.06598262197804,1,17.962164,True,True,1.430511474609375e-06
3869,73.09477020800114,1,28.717624,True,True,1.430511474609375e-06
3870,73.11313337401953,1,18.294799,True,True,1.430511474609375e-06
3871,73.13158174301498,1,18.389495,True,True,1.430511474609375e-06
3872,73.15043258701917,1,18.796177,True,True,1.430511474609375e-06
3873,73.1686694889795,1,18.177221,True,True,1.430511474609375e-06
3874,73.1868530579959,1,18.1338,True,True,1.430511474609375e-06
3875,73.21616174798692,1,29.262481,True,True,1.430511474609375e-06
3876,73.23494072299218,1,18.673743,True,True,1.430511474609375e-06
3877,73.25336999201681,1,18.358206,True,True,1.430511474609375e-06
3878,73.27141254203161,1,17.987882,True,True,1.430511474609375e-06
3879,73.28948128398042,1,18.021063,True,True,1.430511474609375e-06
3880,73.30788405798376,1,18.356117,True,True,1.430511474609375e-06
3881,73.32597321103094,1,18.021633,True,True,1.430511474609375e-06
3882,73.34401911997702,1,17.984625,True,True,1.430511474609375e-06
3883,73.36276477400679,1,18.690901,True,True,1.430511474609375e-06
3884,73.3809244739823,1,18.108203,True,True,1.430511474609375e-06
3885,73.39909844601061,1,18.124774,True,True,1.430511474609375e-06
3886,73.41743660200154,1,18.286209,True,True,1.430511474609375e-06
3887,73.43555905099493,1,18.066735,True,True,1.430511474609375e-06
3888,73.45371194201289,1,18.102869,True,True,1.430511474609375e-06
3889,73.47200745198643,1,18.25037,True,True,1.430511474609375e-06
3890,73.48994931398192,1,17.897772,True,True,1.430511474609375e-06
3891,73.50800167402485,1,18.010512,True,True,1.430511474609375e-06
3892,73.52620357100386,1,18.158442,True,True,1.430511474609375e-06
3893,73.54642432701075,1,20.171042,True,True,1.430511474609375e-06
3894,73.57293958502123,1,26.412196,True,True,1.430511474609375e-06
3895,73.59311816300033,1,20.084029,True,True,1.430511474609375e-06
3896,73.61153849598486,1,18.33364,True,True,1.430511474609375e-06
3897,73.62996661197394,1,18.366341,True,True,1.430511474609375e-06
3898,73.64789910701802,1,17.879465,True,True,1.430511474609375e-06
3899,73.66591092798626,1,17.968475,True,True,1.430511474609375e-06
3900,73.68424375698669,1,18.284425,True,True,1.430511474609375e-06
3901,73.70256671699462,1,18.278737,True,True,1.430511474609375e-06
3902,73.72068704699632,1,18.075814,True,True,1.430511474609375e-06
3903,73.7386317109922,1,17.900563,True,True,1.430511474609375e-06
3904,73.7568524319795,1,18.172877,True,True,1.430511474609375e-06
3905,73.77504046203103,1,18.078202,True,True,1.430511474609375e-06
3906,73.79324953898322,1,18.141368,True,True,1.430511474609375e-06
3907,73.81132458802313,1,18.023564,True,True,1.430511474609375e-06
3908,73.8294001740287,1,18.027006,True,True,1.430511474609375e-06
3909,73.84761641500518,1,18.172419,True,True,1.430511474609375e-06
3910,73.86587008298375,1,18.201349,True,True,1.430511474609375e-06
3911,73.88432083802763,1,18.364682,True,True,1.430511474609375e-06
3912,73.90289187600138,1,18.463595,True,True,1.430511474609375e-06
3913,73.92856298299739,1,25.603234,True,True,1.430511474609375e-06
3914,73.95010930899298,1,21.465727,True,True,1.430511474609375e-06
3915,73.96833452797728,1,18.167177,True,True,1.430511474609375e-06
3916,73.98659616202349,1,18.20599,True,True,1.430511474609375e-06
3917,74.00491325702751,1,18.270023,True,True,1.430511474609375e-06
3918,74.02306100801798,1,18.103006,True,True,1.430511474609375e-06
3919,74.04146281298017,1,18.353384,True,True,1.430511474609375e-06
3920,74.05992669600528,1,18.415809,True,True,1.430511474609375e-06
3921,74.07821204297943,1,18.241042,True,True,1.430511474609375e-06
3922,74.09638316201745,1,18.127701,True,True,1.430511474609375e-06
3923,74.11508444498759,1,18.660414,True,True,1.430511474609375e-06
3924,74.13320929498877,1,18.082371,True,True,1.430511474609375e-06
3925,74.15141629002756,1,18.15978,True,True,1.430511474609375e-06
3926,74.16994888300542,1,18.485046,True,True,1.430511474609375e-06
3927,74.18813342298381,1,18.137655,True,True,1.430511474609375e-06
3928,74.21797289699316,1,29.79359,True,True,1.430511474609375e-06
3929,74.23664188699331,1,18.56091,True,True,1.430511474609375e-06
3930,74.2549940639874,1,18.276374,True,True,1.430511474609375e-06
3931,74.27291908703046,1,17.868531,True,True,1.430511474609375e-06
3932,74.29101913498016,1,18.04971,True,True,1.430511474609375e-06
3933,74.30909190897364,1,18.029834,True,True,1.430511474609375e-06
3934,74.32727040798636,1,18.124285,True,True,1.430511474609375e-06
3935,74.34527712897398,1,17.943793,True,True,1.430511474609375e-06
3936,74.36333037499571,1,18.00069,True,True,1.430511474609375e-06
3937,74.38151381502394,1,18.12705,True,True,1.430511474609375e-06
3938,74.39968692802358,1,18.120122,True,True,1.430511474609375e-06
3939,74.41756467497908,1,17.827609,True,True,1.430511474609375e-06
3940,74.43577729503158,1,18.161081,True,True,1.430511474609375e-06
3941,74.45361327700084,1,17.786369,True,True,1.430511474609375e-06
3942,74.47162572602974,1,17.96839,True,True,1.430511474609375e-06
3943,74.48991205100901,1,18.24256,True,True,1.430511474609375e-06
3944,74.50800226797583,1,18.046675,True,True,1.430511474609375e-06
3945,74.52605683298316,1,18.011347,True,True,1.430511474609375e-06
3946,74.54638773202896,1,20.27691,True,True,1.430511474609375e-06
3947,74.57295516203158,1,26.469472,True,True,1.430511474609375e-06
3948,74.59308560600039,1,20.033262,True,True,1.430511474609375e-06
3949,74.61170559300808,1,18.553976,True,True,1.430511474609375e-06
3950,74.62999050400686,1,18.236396,True,True,1.430511474609375e-06
3951,74.64815012499457,1,18.102476,True,True,1.430511474609375e-06
3952,74.66621850797674,1,18.0228,True,True,1.430511474609375e-06
3953,74.68422700202791,1,17.95891,True,True,1.430511474609375e-06
3954,74.70233832497615,1,18.065132,True,True,1.430511474609375e-06
3955,74.72025597898755,1,17.874709,True,True,1.430511474609375e-06
3956,74.73841503402218,1,18.117886,True,True,1.430511474609375e-06
3957,74.7565281810239,1,18.073292,True,True,1.430511474609375e-06
3958,74.77442359097768,1,17.851869,True,True,1.430511474609375e-06
3959,74.79240044800099,1,17.933526,True,True,1.430511474609375e-06
3960,74.81021104200045,1,17.77151,True,True,1.430511474609375e-06
3961,74.82829953200417,1,18.047474,True,True,1.430511474609375e-06
3962,74.84654041798785,1,18.197599,True,True,1.430511474609375e-06
3963,74.86460355197778,1,18.017475,True,True,1.430511474609375e-06
3964,74.8830503509962,1,18.402272,True,True,1.430511474609375e-06
3965,74.90089186100522,1,17.80123,True,True,1.430511474609375e-06
3966,74.91916803002823,1,18.235535,True,True,1.430511474609375e-06
3967,74.93742392398417,1,18.209453,True,True,1.430511474609375e-06
3968,74.95549035799922,1,18.023304,True,True,1.430511474609375e-06
3969,74.97400444897357,1,18.469969,True,True,1.430511474609375e-06
3970,74.99211613001535,1,18.062923,True,True,1.430511474609375e-06
3971,75.01019152300432,1,18.028841,True,True,1.430511474609375e-06
3972,75.02818584901979,1,17.951404,True,True,1.430511474609375e-06
3973,75.04619612102397,1,17.962153,True,True,1.430511474609375e-06
3974,75.06420999002876,1,17.969112,True,True,1.430511474609375e-06
3975,75.08235460700234,1,18.102396,True,True,1.430511474609375e-06
3976,75.10045694001019,1,18.051499,True,True,1.430511474609375e-06
3977,75.1186421160237,1,18.140727,True,True,1.430511474609375e-06
3978,75.13696885900572,1,18.282382,True,True,1.430511474609375e-06
3979,75.15551985800266,1,18.500906,True,True,1.430511474609375e-06
3980,75.17372625501594,1,18.155809,True,True,1.430511474609375e-06
3981,75.19165659701684,1,17.888201,True,True,1.430511474609375e-06
3982,75.2202454279759,1,28.53961,True,True,1.430511474609375e-06
3983,75.24044357897947,1,20.087215,True,True,1.430511474609375e-06
3984,75.25884527200833,1,18.323914,True,True,1.430511474609375e-06
3985,75.27738944598241,1,18.48901,True,True,1.430511474609375e-06
3986,75.29561910399934,1,18.183455,True,True,1.430511474609375e-06
3987,75.31363159802277,1,17.964403,True,True,1.430511474609375e-06
3988,75.3317101909779,1,18.027888,True,True,1.430511474609375e-06
3989,75.35007868497632,1,18.317168,True,True,1.430511474609375e-06
3990,75.36822518898407,1,18.099363,True,True,1.430511474609375e-06
3991,75.38615963299526,1,17.881346,True,True,1.430511474609375e-06
3992,75.40425810398301,1,18.04761,True,True,1.430511474609375e-06
3993,75.42241894698236,1,18.102626,True,True,1.430511474609375e-06
3994,75.440446669003,1,17.970818,True,True,1.430511474609375e-06
3995,75.45870034903055,1,18.199483,True,True,1.430511474609375e-06
3996,75.4768236320233,1,18.074012,True,True,1.430511474609375e-06
3997,75.49488487403141,1,18.017124,True,True,1.430511474609375e-06
3998,75.51281399902655,1,17.885512,True,True,1.430511474609375e-06
3999,75.53093945601722,1,18.085352,True,True,1.430511474609375e-06
4000,75.54897310899105,1,17.974146,True,True,1.430511474609375e-06
4001,75.5704859229736,1,21.45188,True,True,1.430511474609375e-06
4002,75.59679441998014,1,26.186907,True,True,1.430511474609375e-06
4003,75.6151859780075,1,18.292421,True,True,1.430511474609375e-06
4004,75.63970642501954,1,24.459927,True,True,1.430511474609375e-06
4005,75.65805475099478,1,18.270969,True,True,1.430511474609375e-06
4006,75.67635112599237,1,18.233723,True,True,1.430511474609375e-06
4007,75.69482398900436,1,18.41518,True,True,1.430511474609375e-06
4008,75.71295223600464,1,18.081668,True,True,1.430511474609375e-06
4009,75.73105334601132,1,18.055499,True,True,1.430511474609375e-06
4010,75.74990159098525,1,18.799392,True,True,1.430511474609375e-06
4011,75.76784752798267,1,17.900311,True,True,1.430511474609375e-06
4012,75.7858582100016,1,17.963857,True,True,1.430511474609375e-06
4013,75.80422710400308,1,18.321684,True,True,1.430511474609375e-06
4014,75.82215730601456,1,17.888444,True,True,1.430511474609375e-06
4015,75.8477121029864,1,25.511549,True,True,1.430511474609375e-06
4016,75.86936586600496,1,21.566266,True,True,1.430511474609375e-06
4017,75.88774945400655,1,18.316896,True,True,1.430511474609375e-06
4018,75.90567882102914,1,17.879424,True,True,1.430511474609375e-06
4019,75.92391934001353,1,18.198523,True,True,1.430511474609375e-06
4020,75.94199066300644,1,18.030796,True,True,1.430511474609375e-06
4021,75.95998025900917,1,17.941643,True,True,1.430511474609375e-06
4022,75.97839160397416,1,18.366349,True,True,1.430511474609375e-06
4023,75.99658434197772,1,18.144559,True,True,1.430511474609375e-06
4024,76.01478667900665,1,18.153622,True,True,1.430511474609375e-06
4025,76.03316275897669,1,18.330497,True,True,1.430511474609375e-06
4026,76.05139864498051,1,18.188049,True,True,1.430511474609375e-06
4027,76.06978599901777,1,18.341183,True,True,1.430511474609375e-06
4028,76.08809007401578,1,18.252084,True,True,1.430511474609375e-06
4029,76.10635623702547,1,18.220593,True,True,1.430511474609375e-06
4030,76.12456623301841,1,18.16695,True,True,1.430511474609375e-06
4031,76.14326014003018,1,18.647115,True,True,1.430511474609375e-06
4032,76.1614287099801,1,18.114576,True,True,1.430511474609375e-06
4033,76.17964535200736,1,18.16279,True,True,1.430511474609375e-06
4034,76.20450072200038,1,24.805214,True,True,1.430511474609375e-06
4035,76.22813289699843,1,23.519304,True,True,1.430511474609375e-06
4036,76.24663416697877,1,18.439298,True,True,1.430511474609375e-06
4037,76.26482125202892,1,18.127348,True,True,1.430511474609375e-06
4038,76.28297931601992,1,18.111633,True,True,1.430511474609375e-06
4039,76.30090804200154,1,17.883147,True,True,1.430511474609375e-06
4040,76.31886302499333,1,17.906031,True,True,1.430511474609375e-06
4041,76.3371343560284,1,18.22363,True,True,1.430511474609375e-06
4042,76.35521406499902,1,18.029603,True,True,1.430511474609375e-06
4043,76.37343497900292,1,18.175858,True,True,1.430511474609375e-06
4044,76.39198886801023,1,18.506449,True,True,1.430511474609375e-06
4045,76.41002099297475,1,17.986683,True,True,1.430511474609375e-06
4046,76.42858038801933,1,18.483564,True,True,1.430511474609375e-06
4047,76.44701186701423,1,18.319518,True,True,1.430511474609375e-06
4048,76.46510839101393,1,18.033434,True,True,1.430511474609375e-06
4049,76.48321302700788,1,18.050577,True,True,1.430511474609375e-06
4050,76.50163200002862,1,18.368826,True,True,1.430511474609375e-06
4051,76.51961111801211,1,17.928877,True,True,1.430511474609375e-06
4052,76.53789278498152,1,18.22723,True,True,1.430511474609375e-06
4053,76.5566048460314,1,18.603718,True,True,1.430511474609375e-06
4054,76.58472600998357,1,28.019565,True,True,1.430511474609375e-06
4055,76.6048946880037,1,20.055555,True,True,1.430511474609375e-06
4056,76.62363306299085,1,18.677294,True,True,1.430511474609375e-06
4057,76.64191075100098,1,18.21936,True,True,1.430511474609375e-06
4058,76.66017268400174,1,18.211328,True,True,1.430511474609375e-06
4059,76.6781162340194,1,17.896083,True,True,1.430511474609375e-06
4060,76.69619280000916,1,18.02607,True,True,1.430511474609375e-06
4061,76.7143800490303,1,18.139944,True,True,1.430511474609375e-06
4062,76.73241483297898,1,17.987932,True,True,1.430511474609375e-06
4063,76.7506969399983,1,18.239389,True,True,1.430511474609375e-06
4064,76.76882103900425,1,18.080627,True,True,1.430511474609375e-06
4065,76.78682725899853,1,17.95988,True,True,1.430511474609375e-06
4066,76.80475911899703,1,17.889589,True,True,1.430511474609375e-06
4067,76.82319113897393,1,18.384969,True,True,1.430511474609375e-06
4068,76.84113169001648,1,17.894389,True,True,1.430511474609375e-06
4069,76.85906859103125,1,17.895101,True,True,1.430511474609375e-06
4070,76.87735424598213,1,18.240765,True,True,1.430511474609375e-06
4071,76.89541450998513,1,18.010638,True,True,1.430511474609375e-06
4072,76.91369606397348,1,18.238621,True,True,1.430511474609375e-06
4073,76.93158853799105,1,17.847449,True,True,1.430511474609375e-06
4074,76.94967226003064,1,18.042307,True,True,1.430511474609375e-06
4075,76.968149325985,1,18.436422,True,True,1.430511474609375e-06
4076,76.98609301098622,1,17.896451,True,True,1.430511474609375e-06
4077,77.00452948902966,1,18.390892,True,True,1.430511474609375e-06
4078,77.02275298500899,1,18.175949,True,True,1.430511474609375e-06
4079,77.04088659700938,1,18.085928,True,True,1.430511474609375e-06
4080,77.05909119499847,1,18.159263,True,True,1.430511474609375e-06
4081,77.07699220097857,1,17.85638,True,True,1.430511474609375e-06
4082,77.0951428450062,1,18.106282,True,True,1.430511474609375e-06
4083,77.11311679001665,1,17.931632,True,True,1.430511474609375e-06
4084,77.13138294703094,1,18.220126,True,True,1.430511474609375e-06
4085,77.14985261298716,1,18.412795,True,True,1.430511474609375e-06
4086,77.16780530899996,1,17.905746,True,True,1.430511474609375e-06
4087,77.18596570700174,1,18.113518,True,True,1.430511474609375e-06
4088,77.21399208199,1,27.974814,True,True,1.430511474609375e-06
4089,77.23456238798099,1,20.467861,True,True,1.430511474609375e-06
4090,77.25304669199977,1,18.413789,True,True,1.430511474609375e-06
4091,77.27127460401971,1,18.171019,True,True,1.430511474609375e-06
4092,77.28920144098811,1,17.87607,True,True,1.430511474609375e-06
4093,77.30719319800846,1,17.943669,True,True,1.430511474609375e-06
4094,77.32540776301175,1,18.163833,True,True,1.430511474609375e-06
4095,77.3433841309743,1,17.926926,True,True,1.430511474609375e-06
4096,77.3619269040064,1,18.493775,True,True,1.430511474609375e-06
4097,77.38016635598615,1,18.189693,True,True,1.430511474609375e-06
4098,77.39831607299857,1,18.096052,True,True,1.430511474609375e-06
4099,77.41657516697887,1,18.201429,True,True,1.430511474609375e-06
4100,77.43473964900477,1,18.111202,True,True,1.430511474609375e-06
4101,77.45293501898414,1,18.146706,True,True,1.430511474609375e-06
4102,77.47116257401649,1,18.175847,True,True,1.430511474609375e-06
4103,77.48922143602977,1,18.011083,True,True,1.430511474609375e-06
4104,77.50753430702025,1,18.267245,True,True,1.430511474609375e-06
4105,77.53566082997713,1,28.070048,True,True,1.430511474609375e-06
4106,77.55427192500792,1,18.50802,True,True,1.430511474609375e-06
4107,77.58463931898586,1,30.297113,True,True,1.430511474609375e-06
4108,77.6033155680052,1,18.559868,True,True,1.430511474609375e-06
4109,77.62170303397579,1,18.32304,True,True,1.430511474609375e-06
4110,77.64016974897822,1,18.415087,True,True,1.430511474609375e-06
4111,77.65812333399663,1,17.909841,True,True,1.430511474609375e-06
4112,77.67628392501501,1,18.111727,True,True,1.430511474609375e-06
4113,77.69447948801098,1,18.139734,True,True,1.430511474609375e-06
4114,77.71264704701025,1,18.122178,True,True,1.430511474609375e-06
4115,77.73079302400583,1,18.098967,True,True,1.430511474609375e-06
4116,77.74869327101624,1,17.854337,True,True,1.430511474609375e-06
4117,77.76671359100146,1,17.97553,True,True,1.430511474609375e-06
4118,77.78461541002616,1,17.86007,True,True,1.430511474609375e-06
4119,77.80321190803079,1,18.553155,True,True,1.430511474609375e-06
4120,77.82120034401305,1,17.945308,True,True,1.430511474609375e-06
4121,77.83922728901962,1,17.980638,True,True,1.430511474609375e-06
4122,77.85750035801902,1,18.224234,True,True,1.430511474609375e-06
4123,77.87559534102911,1,18.050123,True,True,1.430511474609375e-06
4124,77.89375502598705,1,18.115107,True,True,1.430511474609375e-06
4125,77.91162855899893,1,17.831454,True,True,1.430511474609375e-06
4126,77.92957567702979,1,17.904353,True,True,1.430511474609375e-06
4127,77.94751751399599,1,17.898855,True,True,1.430511474609375e-06
4128,77.96537327900296,1,17.810473,True,True,1.430511474609375e-06
4129,77.98348840099061,1,18.064477,True,True,1.430511474609375e-06
4130,78.00147805397864,1,17.940383,True,True,1.430511474609375e-06
4131,78.02001022198237,1,18.48726,True,True,1.430511474609375e-06
4132,78.03837915702024,1,18.323469,True,True,1.430511474609375e-06
4133,78.05650604399852,1,18.078501,True,True,1.430511474609375e-06
4134,78.07468562497525,1,18.135947,True,True,1.430511474609375e-06
4135,78.09280753601342,1,18.072787,True,True,1.430511474609375e-06
4136,78.110954452015,1,18.103427,True,True,1.430511474609375e-06
4137,78.12882575701224,1,17.827461,True,True,1.430511474609375e-06
4138,78.14678304700647,1,17.909962,True,True,1.430511474609375e-06
4139,78.16513569297967,1,18.3,True,True,1.430511474609375e-06
4140,78.19031504797749,1,25.126724,True,True,1.430511474609375e-06
4141,78.22317733202362,1,32.756769,True,True,1.430511474609375e-06
4142,78.24194460897706,1,18.640481,True,True,1.430511474609375e-06
4143,78.26010510302149,1,18.081612,True,True,1.430511474609375e-06
4144,78.2783125769929,1,18.143269,True,True,1.430511474609375e-06
4145,78.2963721450069,1,18.004259,True,True,1.430511474609375e-06
4146,78.31431516102748,1,17.894843,True,True,1.430511474609375e-06
4147,78.33239420602331,1,18.026459,True,True,1.430511474609375e-06
4148,78.3505940019968,1,18.145167,True,True,1.430511474609375e-06
4149,78.36874329199782,1,18.096421,True,True,1.430511474609375e-06
4150,78.38675178197445,1,17.949967,True,True,1.430511474609375e-06
4151,78.40517030301271,1,18.315337,True,True,1.430511474609375e-06
4152,78.42345457198098,1,18.167179,True,True,1.430511474609375e-06
4153,78.44283732998883,1,19.265197,True,True,1.430511474609375e-06
4154,78.46214448602404,1,19.197022,True,True,1.430511474609375e-06
4155,78.48037346597994,1,18.128758,True,True,1.430511474609375e-06
4156,78.49962836701889,1,19.186957,True,True,1.430511474609375e-06
4157,78.51807918702252,1,18.358042,True,True,1.430511474609375e-06
4158,78.53634960699128,1,18.197438,True,True,1.430511474609375e-06
4159,78.55473336699652,1,18.312833,True,True,1.430511474609375e-06
4160,78.57281660701847,1,18.016395,True,True,1.430511474609375e-06
4161,78.60152835800545,1,28.6469,True,True,1.430511474609375e-06
4162,78.62178541300818,1,20.141672,True,True,1.430511474609375e-06
4163,78.64046972099459,1,18.614198,True,True,1.430511474609375e-06
4164,78.65893096901709,1,18.401839,True,True,1.430511474609375e-06
4165,78.67711231397698,1,18.132065,True,True,1.430511474609375e-06
4166,78.6954380950192,1,18.271222,True,True,1.430511474609375e-06
4167,78.7139263220015,1,18.437364,True,True,1.430511474609375e-06
4168,78.73258690797957,1,18.543251,True,True,1.430511474609375e-06
4169,78.75080628402065,1,18.152069,True,True,1.430511474609375e-06
4170,78.7689192420221,1,18.062379,True,True,1.430511474609375e-06
4171,78.78713726397837,1,18.166584,True,True,1.430511474609375e-06
4172,78.80502726102713,1,17.836163,True,True,1.430511474609375e-06
4173,78.82362491602544,1,18.54967,True,True,1.430511474609375e-06
4174,78.8498003759887,1,26.067388,True,True,1.430511474609375e-06
4175,78.8714335130062,1,21.514953,True,True,1.430511474609375e-06
4176,78.88987112097675,1,18.368079,True,True,1.430511474609375e-06
4177,78.90806262998376,1,18.13751,True,True,1.430511474609375e-06
4178,78.92641905602068,1,18.308417,True,True,1.430511474609375e-06
4179,78.94462944898987,1,18.158855,True,True,1.430511474609375e-06
4180,78.9629102940089,1,18.231251,True,True,1.430511474609375e-06
4181,78.98121843597619,1,18.258415,True,True,1.430511474609375e-06
4182,78.99953005398856,1,18.248831,True,True,1.430511474609375e-06
4183,79.01749671902508,1,17.912476,True,True,1.430511474609375e-06
4184,79.03563660301734,1,18.092555,True,True,1.430511474609375e-06
4185,79.05397776298923,1,18.287671,True,True,1.430511474609375e-06
4186,79.07214552297955,1,18.121551,True,True,1.430511474609375e-06
4187,79.09030084201368,1,18.107041,True,True,1.430511474609375e-06
4188,79.10828287299955,1,17.921765,True,True,1.430511474609375e-06
4189,79.126379939029,1,18.050894,True,True,1.430511474609375e-06
4190,79.1444850990083,1,18.054165,True,True,1.430511474609375e-06
4191,79.16259188001277,1,18.055787,True,True,1.430511474609375e-06
4192,79.18093856901396,1,18.294483,True,True,1.430511474609375e-06
4193,79.20911688002525,1,28.128225,True,True,1.430511474609375e-06
4194,79.22945721802535,1,20.233403,True,True,1.430511474609375e-06
4195,79.24789607001003,1,18.376318,True,True,1.430511474609375e-06
4196,79.26617647701642,1,18.221469,True,True,1.430511474609375e-06
4197,79.284459136019,1,18.23071,True,True,1.430511474609375e-06
4198,79.30268831399735,1,18.179668,True,True,1.430511474609375e-06
4199,79.32062694599153,1,17.892827,True,True,1.430511474609375e-06
4200,79.33864424901549,1,17.958334,True,True,1.430511474609375e-06
4201,79.35657645901665,1,17.87791,True,True,1.430511474609375e-06
4202,79.37480245000916,1,18.172742,True,True,1.430511474609375e-06
4203,79.39303750899853,1,18.185346,True,True,1.430511474609375e-06
4204,79.41105451597832,1,17.966528,True,True,1.430511474609375e-06
4205,79.42911348602502,1,18.009943,True,True,1.430511474609375e-06
4206,79.44742767402204,1,18.252441,True,True,1.430511474609375e-06
4207,79.4654049599776,1,17.922742,True,True,1.430511474609375e-06
4208,79.48373626900138,1,18.283862,True,True,1.430511474609375e-06
4209,79.50198816799093,1,18.200764,True,True,1.430511474609375e-06
4210,79.52026000298792,1,18.224158,True,True,1.430511474609375e-06
4211,79.53923160600243,1,18.906904,True,True,1.430511474609375e-06
4212,79.55742684099823,1,18.111264,True,True,1.430511474609375e-06
4213,79.57557487802114,1,18.083496,True,True,1.430511474609375e-06
4214,79.60531273897504,1,29.658825,True,True,1.430511474609375e-06
4215,79.62392814998748,1,18.50153,True,True,1.430511474609375e-06
4216,79.64279058302054,1,18.783862,True,True,1.430511474609375e-06
4217,79.66084082197631,1,17.996622,True,True,1.430511474609375e-06
4218,79.68597726197913,1,25.082097,True,True,1.430511474609375e-06
4219,79.70747729600407,1,21.402749,True,True,1.430511474609375e-06
4220,79.7258528569946,1,18.317927,True,True,1.430511474609375e-06
4221,79.7441233950085,1,18.223917,True,True,1.430511474609375e-06
4222,79.76239143498242,1,18.223077,True,True,1.430511474609375e-06
4223,79.78104819299188,1,18.609417,True,True,1.430511474609375e-06
4224,79.7993464070023,1,18.249807,True,True,1.430511474609375e-06
4225,79.81757158000255,1,18.176217,True,True,1.430511474609375e-06
4226,79.83576649898896,1,18.152007,True,True,1.430511474609375e-06
4227,79.85382230801042,1,18.014101,True,True,1.430511474609375e-06
4228,79.87198088300647,1,18.112906,True,True,1.430511474609375e-06
4229,79.89086334698368,1,18.834832,True,True,1.430511474609375e-06
4230,79.90916700899834,1,18.246487,True,True,1.430511474609375e-06
4231,79.92736198299099,1,18.14709,True,True,1.430511474609375e-06
4232,79.94526243099244,1,17.857148,True,True,1.430511474609375e-06
4233,79.96356268902309,1,18.252513,True,True,1.430511474609375e-06
4234,79.98238261602819,1,18.775923,True,True,1.430511474609375e-06
4235,80.0007109810249,1,18.263386,True,True,1.430511474609375e-06
4236,80.0186211289838,1,17.855616,True,True,1.430511474609375e-06
4237,80.03660449100425,1,17.932818,True,True,1.430511474609375e-06
4238,80.05452890699962,1,17.879675,True,True,1.430511474609375e-06
4239,80.07263324601809,1,18.060024,True,True,1.430511474609375e-06
4240,80.09137767698849,1,18.696876,True,True,1.430511474609375e-06
4241,80.10941160301445,1,17.974885,True,True,1.430511474609375e-06
4242,80.12745802500285,1,17.99971,True,True,1.430511474609375e-06
4243,80.14556465001078,1,18.058922,True,True,1.430511474609375e-06
4244,80.16377424699022,1,18.161545,True,True,1.430511474609375e-06
4245,80.18282020400511,1,19.001051,True,True,1.430511474609375e-06
4246,80.20430336799473,1,21.416645,True,True,1.430511474609375e-06
4247,80.23121324699605,1,26.797259,True,True,1.430511474609375e-06
4248,80.24963387998287,1,18.354372,True,True,1.430511474609375e-06
4249,80.26794756198069,1,18.253051,True,True,1.430511474609375e-06
4250,80.28679102699971,1,18.78857,True,True,1.430511474609375e-06
4251,80.30501215602271,1,18.167925,True,True,1.430511474609375e-06
4252,80.32328225800302,1,18.217083,True,True,1.430511474609375e-06
4253,80.34120244602673,1,17.867886,True,True,1.430511474609375e-06
4254,80.35945058602374,1,18.190623,True,True,1.430511474609375e-06
4255,80.37760786601575,1,18.106944,True,True,1.430511474609375e-06
4256,80.39622759399936,1,18.566403,True,True,1.430511474609375e-06
4257,80.41450731700752,1,18.225019,True,True,1.430511474609375e-06
4258,80.43268730700947,1,18.134077,True,True,1.430511474609375e-06
4259,80.45093649998307,1,18.200514,True,True,1.430511474609375e-06
4260,80.46919206000166,1,18.20319,True,True,1.430511474609375e-06
4261,80.48755445401184,1,18.318561,True,True,1.430511474609375e-06
4262,80.50589890102856,1,18.299804,True,True,1.430511474609375e-06
4263,80.53101129399147,1,25.068085,True,True,1.430511474609375e-06
4264,80.55293564399472,1,21.846926,True,True,1.430511474609375e-06
4265,80.57120509102242,1,18.206369,True,True,1.430511474609375e-06
4266,80.60084108298179,1,29.57528,True,True,1.430511474609375e-06
4267,80.61974861699855,1,18.798367,True,True,1.430511474609375e-06
4268,80.63872452499345,1,18.914615,True,True,1.430511474609375e-06
4269,80.65705470199464,1,18.276703,True,True,1.430511474609375e-06
4270,80.6752267400152,1,18.12562,True,True,1.430511474609375e-06
4271,80.6935359039926,1,18.249111,True,True,1.430511474609375e-06
4272,80.71173183002975,1,18.146222,True,True,1.430511474609375e-06
4273,80.73001966602169,1,18.2431,True,True,1.430511474609375e-06
4274,80.74820871598786,1,18.144952,True,True,1.430511474609375e-06
4275,80.7663466699887,1,18.094901,True,True,1.430511474609375e-06
4276,80.78433820599457,1,17.949503,True,True,1.430511474609375e-06
4277,80.80243948299903,1,18.059953,True,True,1.430511474609375e-06
4278,80.82065124402288,1,18.173108,True,True,1.430511474609375e-06
4279,80.83923721499741,1,18.543467,True,True,1.430511474609375e-06
4280,80.85739808302606,1,18.114068,True,True,1.430511474609375e-06
4281,80.87542494299123,1,17.984563,True,True,1.430511474609375e-06
4282,80.89355255197734,1,18.08302,True,True,1.430511474609375e-06
4283,80.91169905697461,1,18.101592,True,True,1.430511474609375e-06
4284,80.93037917697802,1,18.634822,True,True,1.430511474609375e-06
4285,80.94882398599293,1,18.403419,True,True,1.430511474609375e-06
4286,80.96694294200279,1,18.073029,True,True,1.430511474609375e-06
4287,80.98507339903153,1,18.080645,True,True,1.430511474609375e-06
4288,81.00364891201025,1,18.52572,True,True,1.430511474609375e-06
4289,81.02183751302073,1,18.137039,True,True,1.430511474609375e-06
4290,81.04058579198318,1,18.702703,True,True,1.430511474609375e-06
4291,81.058795673016,1,18.147363,True,True,1.430511474609375e-06
4292,81.07722425402608,1,18.374252,True,True,1.430511474609375e-06
4293,81.09550391999073,1,18.231018,True,True,1.430511474609375e-06
4294,81.11355141899548,1,17.998801,True,True,1.430511474609375e-06
4295,81.13198930898216,1,18.39722,True,True,1.430511474609375e-06
4296,81.1502617620281,1,18.226087,True,True,1.430511474609375e-06
4297,81.16828857798828,1,17.984788,True,True,1.430511474609375e-06
4298,81.18640198098728,1,18.049446,True,True,1.430511474609375e-06
4299,81.2158158380189,1,29.364301,True,True,1.430511474609375e-06
4300,81.23497623897856,1,19.05137,True,True,1.430511474609375e-06
4301,81.25357103702845,1,18.532436,True,True,1.430511474609375e-06
4302,81.27189651300432,1,18.263412,True,True,1.430511474609375e-06
4303,81.29023692302871,1,18.280381,True,True,1.430511474609375e-06
4304,81.30831287201727,1,18.013354,True,True,1.430511474609375e-06
4305,81.32648448797408,1,18.119274,True,True,1.430511474609375e-06
4306,81.34529466397362,1,18.763524,True,True,1.430511474609375e-06
4307,81.36352543602698,1,18.172154,True,True,1.430511474609375e-06
4308,81.38145140599227,1,17.876335,True,True,1.430511474609375e-06
4309,81.39956842397805,1,18.071047,True,True,1.430511474609375e-06
4310,81.41758887300966,1,17.975048,True,True,1.430511474609375e-06
4311,81.43619304301683,1,18.555098,True,True,1.430511474609375e-06
4312,81.45490656502079,1,18.656974,True,True,1.430511474609375e-06
4313,81.47332908201497,1,18.311317,True,True,1.430511474609375e-06
4314,81.49145604402293,1,18.05693,True,True,1.430511474609375e-06
4315,81.50939550303156,1,17.894248,True,True,1.430511474609375e-06
4316,81.52797658502823,1,18.536441,True,True,1.430511474609375e-06
4317,81.54628174501704,1,18.248699,True,True,1.430511474609375e-06
4318,81.5647822219762,1,18.428181,True,True,1.430511474609375e-06
4319,81.58316717401613,1,18.292021,True,True,1.430511474609375e-06
4320,81.61287241103128,1,29.599266,True,True,1.430511474609375e-06
4321,81.63210180000169,1,19.126549,True,True,1.430511474609375e-06
4322,81.6506024490227,1,18.431419,True,True,1.430511474609375e-06
4323,81.6689727770281,1,18.316836,True,True,1.430511474609375e-06
4324,81.68726459302707,1,18.240693,True,True,1.430511474609375e-06
4325,81.70545432099607,1,18.142346,True,True,1.430511474609375e-06
4326,81.72331731201848,1,17.818533,True,True,1.430511474609375e-06
4327,81.7420008010231,1,18.638852,True,True,1.430511474609375e-06
4328,81.76030157000059,1,18.243119,True,True,1.430511474609375e-06
4329,81.77842308703111,1,18.06052,True,True,1.430511474609375e-06
4330,81.79631573503138,1,17.848296,True,True,1.430511474609375e-06
4331,81.81431915599387,1,17.956,True,True,1.430511474609375e-06
4332,81.8325794559787,1,18.212778,True,True,1.430511474609375e-06
4333,81.85106939298566,1,18.441649,True,True,1.430511474609375e-06
4334,81.86906684900168,1,17.94962,True,True,1.430511474609375e-06
4335,81.88727384997765,1,18.163871,True,True,1.430511474609375e-06
4336,81.905448377016,1,18.128315,True,True,1.430511474609375e-06
4337,81.92354427202372,1,18.049993,True,True,1.430511474609375e-06
4338,81.942343584029,1,18.752318,True,True,1.430511474609375e-06
4339,81.96050368400756,1,18.106453,True,True,1.430511474609375e-06
4340,81.97871254599886,1,18.162843,True,True,1.430511474609375e-06
4341,81.99692219001008,1,18.160395,True,True,1.430511474609375e-06
4342,82.0150419449783,1,18.070892,True,True,1.430511474609375e-06
4343,82.03389327798504,1,18.807588,True,True,1.430511474609375e-06
4344,82.05239071202232,1,18.44056,True,True,1.430511474609375e-06
4345,82.07077282498358,1,18.328996,True,True,1.430511474609375e-06
4346,82.08908373501617,1,18.258162,True,True,1.430511474609375e-06
4347,82.1073655129876,1,18.237416,True,True,1.430511474609375e-06
4348,82.12533446698217,1,17.927474,True,True,1.430511474609375e-06
4349,82.14395743701607,1,18.571019,True,True,1.430511474609375e-06
4350,82.16233335703146,1,18.316013,True,True,1.430511474609375e-06
4351,82.18027586798416,1,17.889571,True,True,1.430511474609375e-06
4352,82.2045519920066,1,24.220447,True,True,1.430511474609375e-06
4353,82.22816108498955,1,23.494397,True,True,1.430511474609375e-06
4354,82.2466258740169,1,18.396391,True,True,1.430511474609375e-06
4355,82.26475089299493,1,18.057804,True,True,1.430511474609375e-06
4356,82.28273320099106,1,17.928923,True,True,1.430511474609375e-06
4357,82.30067946598865,1,17.901007,True,True,1.430511474609375e-06
4358,82.31881756900111,1,18.093739,True,True,1.430511474609375e-06
4359,82.33779425499961,1,18.919082,True,True,1.430511474609375e-06
4360,82.35611913801404,1,18.25764,True,True,1.430511474609375e-06
4361,82.37427996698534,1,18.104372,True,True,1.430511474609375e-06
4362,82.39229566999711,1,17.962108,True,True,1.430511474609375e-06
4363,82.41035615297733,1,18.009704,True,True,1.430511474609375e-06
4364,82.42890957702184,1,18.499769,True,True,1.430511474609375e-06
4365,82.4546567099751,1,25.666169,True,True,1.430511474609375e-06
4366,82.47598682699027,1,21.25732,True,True,1.430511474609375e-06
4367,82.49428212299244,1,18.241086,True,True,1.430511474609375e-06
4368,82.51251194399083,1,18.183695,True,True,1.430511474609375e-06
4369,82.53086609300226,1,18.303881,True,True,1.430511474609375e-06
4370,82.54987314000027,1,18.903503,True,True,1.430511474609375e-06
4371,82.56803227000637,1,18.095247,True,True,1.430511474609375e-06
4372,82.58636039501289,1,18.274215,True,True,1.430511474609375e-06
4373,82.61616857000627,1,29.713682,True,True,1.430511474609375e-06
4374,82.63506057602353,1,18.782207,True,True,1.430511474609375e-06
4375,82.65344264998566,1,18.314911,True,True,1.430511474609375e-06
4376,82.67162429401651,1,18.130402,True,True,1.430511474609375e-06
4377,82.68974945199443,1,18.078511,True,True,1.430511474609375e-06
4378,82.70775767898886,1,17.954885,True,True,1.430511474609375e-06
4379,82.72616327699507,1,18.359761,True,True,1.430511474609375e-06
4380,82.74422859202605,1,18.02271,True,True,1.430511474609375e-06
4381,82.76217067200923,1,17.896632,True,True,1.430511474609375e-06
4382,82.78033874800894,1,18.122793,True,True,1.430511474609375e-06
4383,82.79841576999752,1,18.034056,True,True,1.430511474609375e-06
4384,82.81663240300259,1,18.175426,True,True,1.430511474609375e-06
4385,82.8345522339805,1,17.874747,True,True,1.430511474609375e-06
4386,82.85252871998819,1,17.933588,True,True,1.430511474609375e-06
4387,82.87053425202612,1,17.954689,True,True,1.430511474609375e-06
4388,82.88853260799078,1,17.951035,True,True,1.430511474609375e-06
4389,82.90649439097615,1,17.920086,True,True,1.430511474609375e-06
4390,82.92462051101029,1,18.087237,True,True,1.430511474609375e-06
4391,82.94251360802446,1,17.851986,True,True,1.430511474609375e-06
4392,82.96097896900028,1,18.422023,True,True,1.430511474609375e-06
4393,82.97917707200395,1,18.15457,True,True,1.430511474609375e-06
4394,82.99744344101055,1,18.220602,True,True,1.430511474609375e-06
4395,83.01591377798468,1,18.425216,True,True,1.430511474609375e-06
4396,83.03413562400965,1,18.176086,True,True,1.430511474609375e-06
4397,83.0520918390248,1,17.912256,True,True,1.430511474609375e-06
4398,83.07014814898139,1,18.012282,True,True,1.430511474609375e-06
4399,83.08819317497546,1,17.999256,True,True,1.430511474609375e-06
4400,83.1061923620291,1,17.945899,True,True,1.430511474609375e-06
4401,83.12413403502433,1,17.898951,True,True,1.430511474609375e-06
4402,83.14227031701012,1,18.09385,True,True,1.430511474609375e-06
4403,83.16063644201495,1,18.313945,True,True,1.430511474609375e-06
4404,83.17865309101762,1,17.964519,True,True,1.430511474609375e-06
4405,83.20005830097944,1,21.35359,True,True,1.430511474609375e-06
4406,83.22681022301549,1,26.648421,True,True,1.430511474609375e-06
4407,83.24577232199954,1,18.877447,True,True,1.430511474609375e-06
4408,83.26409306999994,1,18.26096,True,True,1.430511474609375e-06
4409,83.28230937902117,1,18.163514,True,True,1.430511474609375e-06
4410,83.30022895598086,1,17.874637,True,True,1.430511474609375e-06
4411,83.31836682499852,1,18.09189,True,True,1.430511474609375e-06
4412,83.33655840001302,1,18.144242,True,True,1.430511474609375e-06
4413,83.35469528997783,1,18.089361,True,True,1.430511474609375e-06
4414,83.37284202198498,1,18.098829,True,True,1.430511474609375e-06
4415,83.39105375600047,1,18.164368,True,True,1.430511474609375e-06
4416,83.40920736797852,1,18.095689,True,True,1.430511474609375e-06
4417,83.42722331301775,1,17.966053,True,True,1.430511474609375e-06
4418,83.44543327699648,1,18.158682,True,True,1.430511474609375e-06
4419,83.46339382097358,1,17.907095,True,True,1.430511474609375e-06
4420,83.48138881800696,1,17.942125,True,True,1.430511474609375e-06
4421,83.49984171398683,1,18.407379,True,True,1.430511474609375e-06
4422,83.51775431400165,1,17.866061,True,True,1.430511474609375e-06
4423,83.53577782702632,1,17.970306,True,True,1.430511474609375e-06
4424,83.55379075900419,1,17.955593,True,True,1.430511474609375e-06
4425,83.57174749602564,1,17.902266,True,True,1.430511474609375e-06
4426,83.59019424999133,1,18.396833,True,True,1.430511474609375e-06
4427,83.61826597200707,1,27.994281,True,True,1.430511474609375e-06
4428,83.63865938899107,1,20.286732,True,True,1.430511474609375e-06
4429,83.65697813499719,1,18.250333,True,True,1.430511474609375e-06
4430,83.67514242697507,1,18.115204,True,True,1.430511474609375e-06
4431,83.69320980802877,1,18.017675,True,True,1.430511474609375e-06
4432,83.71119705500314,1,17.93723,True,True,1.430511474609375e-06
4433,83.7291558990255,1,17.907454,True,True,1.430511474609375e-06
4434,83.74722683697473,1,18.021496,True,True,1.430511474609375e-06
4435,83.76580377097707,1,18.522992,True,True,1.430511474609375e-06
4436,83.78418610297376,1,18.273379,True,True,1.430511474609375e-06
4437,83.80246359901503,1,18.218144,True,True,1.430511474609375e-06
4438,83.82065153098665,1,18.140597,True,True,1.430511474609375e-06
4439,83.83857732900651,1,17.881477,True,True,1.430511474609375e-06
4440,83.85696510999696,1,18.339181,True,True,1.430511474609375e-06
4441,83.87504964898108,1,18.02949,True,True,1.430511474609375e-06
4442,83.89346246398054,1,18.330576,True,True,1.430511474609375e-06
4443,83.91158156900201,1,18.018635,True,True,1.430511474609375e-06
4444,83.92970490601147,1,18.062973,True,True,1.430511474609375e-06
4445,83.94796452397713,1,18.213429,True,True,1.430511474609375e-06
4446,83.96587475697743,1,17.8637,True,True,1.430511474609375e-06
4447,83.98389928601682,1,17.978943,True,True,1.430511474609375e-06
4448,84.00206184497802,1,18.107554,True,True,1.430511474609375e-06
4449,84.02015770901926,1,18.050215,True,True,1.430511474609375e-06
4450,84.03851843200391,1,18.318543,True,True,1.430511474609375e-06
4451,84.05693937803153,1,18.371243,True,True,1.430511474609375e-06
4452,84.07503158302279,1,18.044182,True,True,1.430511474609375e-06
4453,84.09367372200359,1,18.599015,True,True,1.430511474609375e-06
4454,84.11447760998271,1,20.7564,True,True,1.430511474609375e-06
4455,84.14002596400678,1,25.476821,True,True,1.430511474609375e-06
4456,84.15858976502204,1,18.504192,True,True,1.430511474609375e-06
4457,84.17682769801468,1,18.188839,True,True,1.430511474609375e-06
4458,84.19730653002625,1,20.433936,True,True,1.430511474609375e-06
4459,84.22490129002836,1,27.521716,True,True,1.430511474609375e-06
4460,84.24337405001279,1,18.377961,True,True,1.430511474609375e-06
4461,84.2618696350255,1,18.432473,True,True,1.430511474609375e-06
4462,84.28003127302509,1,18.095694,True,True,1.430511474609375e-06
4463,84.29817615798675,1,18.093399,True,True,1.430511474609375e-06
4464,84.31602758698864,1,17.804333,True,True,1.430511474609375e-06
4465,84.33408403903013,1,18.009896,True,True,1.430511474609375e-06
4466,84.3524273679941,1,18.296573,True,True,1.430511474609375e-06
4467,84.3705584499985,1,18.084183,True,True,1.430511474609375e-06
4468,84.38854185002856,1,17.939337,True,True,1.430511474609375e-06
4469,84.40658565197373,1,17.999151,True,True,1.430511474609375e-06
4470,84.42456629901426,1,17.935694,True,True,1.430511474609375e-06
4471,84.44256861001486,1,17.9494,True,True,1.430511474609375e-06
4472,84.46090613899287,1,18.288255,True,True,1.430511474609375e-06
4473,84.47876546997577,1,17.813141,True,True,1.430511474609375e-06
4474,84.4966623079963,1,17.852111,True,True,1.430511474609375e-06
4475,84.51460196299013,1,17.899239,True,True,1.430511474609375e-06
4476,84.53261121897958,1,17.969182,True,True,1.430511474609375e-06
4477,84.55084685701877,1,18.187781,True,True,1.430511474609375e-06
4478,84.56883591797668,1,17.938805,True,True,1.430511474609375e-06
4479,84.58700743102236,1,18.128383,True,True,1.430511474609375e-06
4480,84.61526043497724,1,28.180005,True,True,1.430511474609375e-06
4481,84.63550622301409,1,20.133156,True,True,1.430511474609375e-06
4482,84.65373790997546,1,18.163244,True,True,1.430511474609375e-06
4483,84.67178245901596,1,17.993592,True,True,1.430511474609375e-06
4484,84.69014717102982,1,18.32218,True,True,1.430511474609375e-06
4485,84.70839352998883,1,18.193837,True,True,1.430511474609375e-06
4486,84.7264386540046,1,18.001236,True,True,1.430511474609375e-06
4487,84.74474946601549,1,18.264575,True,True,1.430511474609375e-06
4488,84.76278152200393,1,17.984459,True,True,1.430511474609375e-06
4489,84.78842163900845,1,25.596433,True,True,1.430511474609375e-06
4490,84.80959984601941,1,21.114658,True,True,1.430511474609375e-06
4491,84.82800748001318,1,18.353812,True,True,1.430511474609375e-06
4492,84.84630182298133,1,18.248468,True,True,1.430511474609375e-06
4493,84.86444944201503,1,18.101923,True,True,1.430511474609375e-06
4494,84.88258350698743,1,18.088699,True,True,1.430511474609375e-06
4495,84.90057030500611,1,17.945641,True,True,1.430511474609375e-06
4496,84.91865951102227,1,18.045758,True,True,1.430511474609375e-06
4497,84.93689079099568,1,18.189746,True,True,1.430511474609375e-06
4498,84.95514497597469,1,18.213085,True,True,1.430511474609375e-06
4499,84.97334057302214,1,18.1483,True,True,1.430511474609375e-06
4500,84.99134304298786,1,17.961797,True,True,1.430511474609375e-06
4501,85.00948120898101,1,18.086797,True,True,1.430511474609375e-06
4502,85.02772418298991,1,18.199394,True,True,1.430511474609375e-06
4503,85.04587708599865,1,18.112815,True,True,1.430511474609375e-06
4504,85.06456646602601,1,18.643661,True,True,1.430511474609375e-06
4505,85.08284945000196,1,18.233452,True,True,1.430511474609375e-06
4506,85.10098292399198,1,18.082573,True,True,1.430511474609375e-06
4507,85.11896837601671,1,17.944369,True,True,1.430511474609375e-06
4508,85.13712612201925,1,18.118378,True,True,1.430511474609375e-06
4509,85.15538931300398,1,18.219582,True,True,1.430511474609375e-06
4510,85.17360300198197,1,18.169889,True,True,1.430511474609375e-06
4511,85.19230678997701,1,18.655022,True,True,1.430511474609375e-06
4512,85.22212878102437,1,29.76318,True,True,1.430511474609375e-06
4513,85.24076815199805,1,18.537072,True,True,1.430511474609375e-06
4514,85.25908900698414,1,18.263442,True,True,1.430511474609375e-06
4515,85.27728688000934,1,18.145876,True,True,1.430511474609375e-06
4516,85.29589550098171,1,18.556109,True,True,1.430511474609375e-06
4517,85.31402581802104,1,18.083359,True,True,1.430511474609375e-06
4518,85.33193393301917,1,17.858543,True,True,1.430511474609375e-06
4519,85.35034800402354,1,18.369119,True,True,1.430511474609375e-06
4520,85.36858537100488,1,18.189945,True,True,1.430511474609375e-06
4521,85.38650567299919,1,17.87725,True,True,1.430511474609375e-06
4522,85.40465389698511,1,18.101614,True,True,1.430511474609375e-06
4523,85.42294255597517,1,18.231723,True,True,1.430511474609375e-06
4524,85.44775731099071,1,24.757143,True,True,1.430511474609375e-06
4525,85.4697183209937,1,21.86354,True,True,1.430511474609375e-06
4526,85.48811854497762,1,18.330731,True,True,1.430511474609375e-06
4527,85.50631883001188,1,18.148709,True,True,1.430511474609375e-06
4528,85.52456847100984,1,18.203559,True,True,1.430511474609375e-06
4529,85.54276921402197,1,18.155927,True,True,1.430511474609375e-06
4530,85.56097878300352,1,18.156605,True,True,1.430511474609375e-06
4531,85.5792897149804,1,18.262549,True,True,1.430511474609375e-06
4532,85.59791917703114,1,18.5388,True,True,1.430511474609375e-06
4533,85.62226306000957,1,24.262216,True,True,1.430511474609375e-06
4534,85.64642475900473,1,24.039843,True,True,1.430511474609375e-06
4535,85.66484842798673,1,18.349501,True,True,1.430511474609375e-06
4536,85.68317081901478,1,18.270986,True,True,1.430511474609375e-06
4537,85.701455197006,1,18.234305,True,True,1.430511474609375e-06
4538,85.71964094100986,1,18.137293,True,True,1.430511474609375e-06
4539,85.73775411699899,1,18.067367,True,True,1.430511474609375e-06
4540,85.75571404298535,1,17.91563,True,True,1.430511474609375e-06
4541,85.77374511200469,1,17.991223,True,True,1.430511474609375e-06
4542,85.7918940599775,1,18.106638,True,True,1.430511474609375e-06
4543,85.8099711809773,1,18.03163,True,True,1.430511474609375e-06
4544,85.82836157799466,1,18.348923,True,True,1.430511474609375e-06
4545,85.84645178902429,1,18.042766,True,True,1.430511474609375e-06
4546,85.86456516600447,1,18.063733,True,True,1.430511474609375e-06
4547,85.88334709301125,1,18.736654,True,True,1.430511474609375e-06
4548,85.90144989697728,1,18.055706,True,True,1.430511474609375e-06
4549,85.91957464598818,1,18.079931,True,True,1.430511474609375e-06
4550,85.93773518002126,1,18.119285,True,True,1.430511474609375e-06
4551,85.95566351799062,1,17.885792,True,True,1.430511474609375e-06
4552,85.97387582698138,1,18.163932,True,True,1.430511474609375e-06
4553,85.99207507102983,1,18.153585,True,True,1.430511474609375e-06
4554,86.01007733598817,1,17.955261,True,True,1.430511474609375e-06
4555,86.02819952199934,1,18.07597,True,True,1.430511474609375e-06
4556,86.04637699801242,1,18.132451,True,True,1.430511474609375e-06
4557,86.06425716198282,1,17.831737,True,True,1.430511474609375e-06
4558,86.08258429699345,1,18.280073,True,True,1.430511474609375e-06
4559,86.1005526020308,1,17.912212,True,True,1.430511474609375e-06
4560,86.11856717400951,1,17.970866,True,True,1.430511474609375e-06
4561,86.13669842900708,1,18.089148,True,True,1.430511474609375e-06
4562,86.1546281449846,1,17.885802,True,True,1.430511474609375e-06
4563,86.17270772298798,1,18.036509,True,True,1.430511474609375e-06
4564,86.19090806500753,1,18.152216,True,True,1.430511474609375e-06
4565,86.21915138699114,1,28.193245,True,True,1.430511474609375e-06
4566,86.23914656002307,1,19.887801,True,True,1.430511474609375e-06
4567,86.2574618870276,1,18.247591,True,True,1.430511474609375e-06
4568,86.2825256640208,1,25.00445,True,True,1.430511474609375e-06
4569,86.30409063899424,1,21.484552,True,True,1.430511474609375e-06
4570,86.32231096999021,1,18.162555,True,True,1.430511474609375e-06
4571,86.34055893699406,1,18.197773,True,True,1.430511474609375e-06
4572,86.35900027799653,1,18.393202,True,True,1.430511474609375e-06
4573,86.37702236202313,1,17.969907,True,True,1.430511474609375e-06
4574,86.39517756400164,1,18.109566,True,True,1.430511474609375e-06
4575,86.41344415501226,1,18.214594,True,True,1.430511474609375e-06
4576,86.43197007401614,1,18.455227,True,True,1.430511474609375e-06
4577,86.45015293499455,1,18.077334,True,True,1.430511474609375e-06
4578,86.46832665498368,1,18.110284,True,True,1.430511474609375e-06
4579,86.48644745501224,1,18.071184,True,True,1.430511474609375e-06
4580,86.50454823300242,1,18.055731,True,True,1.430511474609375e-06
4581,86.52275176899275,1,18.156284,True,True,1.430511474609375e-06
4582,86.54108203900978,1,18.285216,True,True,1.430511474609375e-06
4583,86.55978206300642,1,18.60923,True,True,1.430511474609375e-06
4584,86.57777541101677,1,17.913238,True,True,1.430511474609375e-06
4585,86.59583756100619,1,18.003225,True,True,1.430511474609375e-06
4586,86.61796867102385,1,22.069239,True,True,1.430511474609375e-06
4587,86.64476916298736,1,26.694528,True,True,1.430511474609375e-06
4588,86.66340836300515,1,18.54719,True,True,1.430511474609375e-06
4589,86.6816823729896,1,18.203142,True,True,1.430511474609375e-06
4590,86.69965790997958,1,17.924303,True,True,1.430511474609375e-06
4591,86.71774307399755,1,18.040132,True,True,1.430511474609375e-06
4592,86.7357855400187,1,18.000711,True,True,1.430511474609375e-06
4593,86.75393944600364,1,18.111838,True,True,1.430511474609375e-06
4594,86.77248713502195,1,18.503891,True,True,1.430511474609375e-06
4595,86.79049816902261,1,17.968148,True,True,1.430511474609375e-06
4596,86.80853587697493,1,17.993087,True,True,1.430511474609375e-06
4597,86.82673863798846,1,18.159228,True,True,1.430511474609375e-06
4598,86.84470943902852,1,17.930446,True,True,1.430511474609375e-06
4599,86.86277489102213,1,18.025421,True,True,1.430511474609375e-06
4600,86.88104413100518,1,18.221113,True,True,1.430511474609375e-06
4601,86.89890022197505,1,17.809883,True,True,1.430511474609375e-06
4602,86.9169818169903,1,18.041073,True,True,1.430511474609375e-06
4603,86.93511663202662,1,18.095202,True,True,1.430511474609375e-06
4604,86.95313516398892,1,17.979365,True,True,1.430511474609375e-06
4605,86.97108520998154,1,17.911893,True,True,1.430511474609375e-06
4606,86.98926206497708,1,18.13556,True,True,1.430511474609375e-06
4607,87.00765801401576,1,18.349447,True,True,1.430511474609375e-06
4608,87.0258372729877,1,18.129215,True,True,1.430511474609375e-06
4609,87.04399827402085,1,18.120003,True,True,1.430511474609375e-06
4610,87.06208235002123,1,18.038914,True,True,1.430511474609375e-06
4611,87.08013079699595,1,18.004823,True,True,1.430511474609375e-06
4612,87.0982538430253,1,18.079969,True,True,1.430511474609375e-06
4613,87.12301286798902,1,24.710219,True,True,1.430511474609375e-06
4614,87.14494771498721,1,21.875088,True,True,1.430511474609375e-06
4615,87.16337087698048,1,18.361676,True,True,1.430511474609375e-06
4616,87.18148615898099,1,18.062538,True,True,1.430511474609375e-06
4617,87.20953875099076,1,28.000142,True,True,1.430511474609375e-06
4618,87.2299012360163,1,20.261647,True,True,1.430511474609375e-06
4619,87.24823208100861,1,18.271456,True,True,1.430511474609375e-06
4620,87.26644729397958,1,18.169121,True,True,1.430511474609375e-06
4621,87.28488046699204,1,18.380528,True,True,1.430511474609375e-06
4622,87.30310486297822,1,18.181626,True,True,1.430511474609375e-06
4623,87.32103233999806,1,17.882528,True,True,1.430511474609375e-06
4624,87.33912289101863,1,18.041402,True,True,1.430511474609375e-06
4625,87.35735092201503,1,18.182,True,True,1.430511474609375e-06
4626,87.37546626001131,1,18.062692,True,True,1.430511474609375e-06
4627,87.39373902400257,1,18.224944,True,True,1.430511474609375e-06
4628,87.41186218801886,1,18.076619,True,True,1.430511474609375e-06
4629,87.42994657898089,1,18.037252,True,True,1.430511474609375e-06
4630,87.44824132398935,1,18.241311,True,True,1.430511474609375e-06
4631,87.46617642900674,1,17.868224,True,True,1.430511474609375e-06
4632,87.48425953701371,1,18.034861,True,True,1.430511474609375e-06
4633,87.50245880498551,1,18.158625,True,True,1.430511474609375e-06
4634,87.52057058998616,1,18.066325,True,True,1.430511474609375e-06
4635,87.53928673197515,1,18.675724,True,True,1.430511474609375e-06
4636,87.55749340599868,1,18.157683,True,True,1.430511474609375e-06
4637,87.57573831401533,1,18.198746,True,True,1.430511474609375e-06
4638,87.59415720799007,1,18.35465,True,True,1.430511474609375e-06
4639,87.61483248299919,1,20.618683,True,True,1.430511474609375e-06
4640,87.64094377501169,1,26.006826,True,True,1.430511474609375e-06
4641,87.66105288203107,1,20.018967,True,True,1.430511474609375e-06
4642,87.67935449199285,1,18.239203,True,True,1.430511474609375e-06
4643,87.6977749359794,1,18.372462,True,True,1.430511474609375e-06
4644,87.71594966598786,1,18.127186,True,True,1.430511474609375e-06
4645,87.73388684599195,1,17.89429,True,True,1.430511474609375e-06
4646,87.75202903599711,1,18.095056,True,True,1.430511474609375e-06
4647,87.77011430601124,1,18.042186,True,True,1.430511474609375e-06
4648,87.78804640599992,1,17.887962,True,True,1.430511474609375e-06
4649,87.8060840590042,1,17.997588,True,True,1.430511474609375e-06
4650,87.82420790399192,1,18.082231,True,True,1.430511474609375e-06
4651,87.8422336599906,1,17.976584,True,True,1.430511474609375e-06
4652,87.86040353798307,1,18.127468,True,True,1.430511474609375e-06
4653,87.8785712760291,1,18.122617,True,True,1.430511474609375e-06
4654,87.89668261702172,1,18.065332,True,True,1.430511474609375e-06
4655,87.9148077989812,1,18.083872,True,True,1.430511474609375e-06
4656,87.93297974398592,1,18.132013,True,True,1.430511474609375e-06
4657,87.95111318503041,1,18.091544,True,True,1.430511474609375e-06
4658,87.9690421409905,1,17.887629,True,True,1.430511474609375e-06
4659,87.98712663701735,1,18.04467,True,True,1.430511474609375e-06
4660,88.00527982000494,1,18.104669,True,True,1.430511474609375e-06
4661,88.02338413102552,1,18.056648,True,True,1.430511474609375e-06
4662,88.0412465420086,1,17.821042,True,True,1.430511474609375e-06
4663,88.05933169001946,1,18.040962,True,True,1.430511474609375e-06
4664,88.07748800702393,1,18.10759,True,True,1.430511474609375e-06
4665,88.09591029898729,1,18.38102,True,True,1.430511474609375e-06
4666,88.11443808802869,1,18.474455,True,True,1.430511474609375e-06
4667,88.13259299099445,1,18.108986,True,True,1.430511474609375e-06
4668,88.15077721397392,1,18.137259,True,True,1.430511474609375e-06
4669,88.16894480399787,1,18.11723,True,True,1.430511474609375e-06
4670,88.18758560100105,1,18.591071,True,True,1.430511474609375e-06
4671,88.21566809900105,1,28.034565,True,True,1.430511474609375e-06
4672,88.23628074699081,1,20.504203,True,True,1.430511474609375e-06
4673,88.2545637320145,1,18.216208,True,True,1.430511474609375e-06
4674,88.27279141102917,1,18.160174,True,True,1.430511474609375e-06
4675,88.29100229998585,1,18.163514,True,True,1.430511474609375e-06
4676,88.30926856200676,1,18.218119,True,True,1.430511474609375e-06
4677,88.32777172297938,1,18.414568,True,True,1.430511474609375e-06
4678,88.34650387999136,1,18.645142,True,True,1.430511474609375e-06
4679,88.36498244997347,1,18.403398,True,True,1.430511474609375e-06
4680,88.3833175310283,1,18.265373,True,True,1.430511474609375e-06
4681,88.40168315998744,1,18.28487,True,True,1.430511474609375e-06
4682,88.42015635501593,1,18.410612,True,True,1.430511474609375e-06
4683,88.43825135700172,1,18.040736,True,True,1.430511474609375e-06
4684,88.45667712303111,1,18.356977,True,True,1.430511474609375e-06
4685,88.47481714200694,1,18.088995,True,True,1.430511474609375e-06
4686,88.49304362101248,1,18.179447,True,True,1.430511474609375e-06
4687,88.51097440597368,1,17.886714,True,True,1.430511474609375e-06
4688,88.52898632799042,1,17.962639,True,True,1.430511474609375e-06
4689,88.54727262299275,1,18.240566,True,True,1.430511474609375e-06
4690,88.5651936029899,1,17.875521,True,True,1.430511474609375e-06
4691,88.58337406202918,1,18.136221,True,True,1.430511474609375e-06
4692,88.60185493598692,1,18.406899,True,True,1.430511474609375e-06
4693,88.62005344202043,1,18.135802,True,True,1.430511474609375e-06
4694,88.64842949999729,1,28.321725,True,True,1.430511474609375e-06
4695,88.66841971600661,1,19.880443,True,True,1.430511474609375e-06
4696,88.68708544102265,1,18.602659,True,True,1.430511474609375e-06
4697,88.70534786500502,1,18.20961,True,True,1.430511474609375e-06
4698,88.72380180301843,1,18.398704,True,True,1.430511474609375e-06
4699,88.74225733999629,1,18.354799,True,True,1.430511474609375e-06
4700,88.76063192402944,1,18.311825,True,True,1.430511474609375e-06
4701,88.77862867899239,1,17.947332,True,True,1.430511474609375e-06
4702,88.79663882299792,1,17.966413,True,True,1.430511474609375e-06
4703,88.81475772097474,1,18.070775,True,True,1.430511474609375e-06
4704,88.83296714100288,1,18.164346,True,True,1.430511474609375e-06
4705,88.85168825899018,1,18.625356,True,True,1.430511474609375e-06
4706,88.87002335098805,1,18.246379,True,True,1.430511474609375e-06
4707,88.88808132102713,1,18.004244,True,True,1.430511474609375e-06
4708,88.90647844801424,1,18.349298,True,True,1.430511474609375e-06
4709,88.92454050201923,1,18.018395,True,True,1.430511474609375e-06
4710,88.94242928503081,1,17.840745,True,True,1.430511474609375e-06
4711,88.96054507198278,1,18.07242,True,True,1.430511474609375e-06
4712,88.9786185779958,1,18.027999,True,True,1.430511474609375e-06
4713,88.9967997240019,1,18.134865,True,True,1.430511474609375e-06
4714,89.01515872898744,1,18.310723,True,True,1.430511474609375e-06
4715,89.03583312197588,1,20.624944,True,True,1.430511474609375e-06
4716,89.06149227602873,1,25.574978,True,True,1.430511474609375e-06
4717,89.0798299210146,1,18.279366,True,True,1.430511474609375e-06
4718,89.09820156003116,1,18.325102,True,True,1.430511474609375e-06
4719,89.11639058502624,1,18.138997,True,True,1.430511474609375e-06
4720,89.13460890500573,1,18.172556,True,True,1.430511474609375e-06
4721,89.15281496400712,1,18.161496,True,True,1.430511474609375e-06
4722,89.1709140210296,1,18.053593,True,True,1.430511474609375e-06
4723,89.18893769598799,1,17.979516,True,True,1.430511474609375e-06
4724,89.21711054898333,1,28.123889,True,True,1.430511474609375e-06
4725,89.23736075800844,1,20.158685,True,True,1.430511474609375e-06
4726,89.25563336501364,1,18.210959,True,True,1.430511474609375e-06
4727,89.27431072999025,1,18.627273,True,True,1.430511474609375e-06
4728,89.29242971999338,1,18.066293,True,True,1.430511474609375e-06
4729,89.31049987801816,1,18.023423,True,True,1.430511474609375e-06
4730,89.32850287097972,1,17.955965,True,True,1.430511474609375e-06
4731,89.34657602402149,1,18.019711,True,True,1.430511474609375e-06
4732,89.36475562799023,1,18.129593,True,True,1.430511474609375e-06
4733,89.38301128899911,1,18.20439,True,True,1.430511474609375e-06
4734,89.40130367799429,1,18.246717,True,True,1.430511474609375e-06
4735,89.41978222498437,1,18.429631,True,True,1.430511474609375e-06
4736,89.43798145197798,1,18.142807,True,True,1.430511474609375e-06
4737,89.45640924898908,1,18.379021,True,True,1.430511474609375e-06
4738,89.4745963839814,1,18.132939,True,True,1.430511474609375e-06
4739,89.492700221017,1,18.057304,True,True,1.430511474609375e-06
4740,89.51072481099982,1,17.98304,True,True,1.430511474609375e-06
4741,89.5287625460187,1,17.991496,True,True,1.430511474609375e-06
4742,89.54726168100024,1,18.456774,True,True,1.430511474609375e-06
4743,89.56550145201618,1,18.186736,True,True,1.430511474609375e-06
4744,89.58350294001866,1,17.956234,True,True,1.430511474609375e-06
4745,89.60171862202697,1,18.150063,True,True,1.430511474609375e-06
4746,89.61995503300568,1,18.179359,True,True,1.430511474609375e-06
4747,89.6478434309829,1,27.839211,True,True,1.430511474609375e-06
4748,89.66806739202002,1,20.109643,True,True,1.430511474609375e-06
4749,89.68645886302693,1,18.332633,True,True,1.430511474609375e-06
4750,89.70486910000909,1,18.353609,True,True,1.430511474609375e-06
4751,89.72302839101758,1,18.113844,True,True,1.430511474609375e-06
4752,89.74111832201015,1,18.046006,True,True,1.430511474609375e-06
4753,89.75933796400204,1,18.175724,True,True,1.430511474609375e-06
4754,89.77743527601706,1,18.054358,True,True,1.430511474609375e-06
4755,89.79560945002595,1,18.132011,True,True,1.430511474609375e-06
4756,89.81377115799114,1,18.117415,True,True,1.430511474609375e-06
4757,89.83186406898312,1,18.051227,True,True,1.430511474609375e-06
4758,89.85042934399098,1,18.525194,True,True,1.430511474609375e-06
4759,89.8685171569814,1,18.043765,True,True,1.430511474609375e-06
4760,89.88668003003113,1,18.115322,True,True,1.430511474609375e-06
4761,89.90495968301548,1,18.23412,True,True,1.430511474609375e-06
4762,89.92302966100397,1,18.025925,True,True,1.430511474609375e-06
4763,89.94093111500842,1,17.855643,True,True,1.430511474609375e-06
4764,89.95891024498269,1,17.936654,True,True,1.430511474609375e-06
4765,89.97699857101543,1,18.048448,True,True,1.430511474609375e-06
4766,89.99501065199729,1,17.971358,True,True,1.430511474609375e-06
4767,90.01341216498986,1,18.341969,True,True,1.430511474609375e-06
4768,90.03166390501428,1,18.199193,True,True,1.430511474609375e-06
4769,90.04990311601432,1,18.189868,True,True,1.430511474609375e-06
4770,90.06816590600647,1,18.214511,True,True,1.430511474609375e-06
4771,90.08602323400555,1,17.809959,True,True,1.430511474609375e-06
4772,90.10401912900852,1,17.946136,True,True,1.430511474609375e-06
4773,90.12205402797554,1,17.990614,True,True,1.430511474609375e-06
4774,90.14021524001146,1,18.10993,True,True,1.430511474609375e-06
4775,90.15838908700971,1,18.118514,True,True,1.430511474609375e-06
4776,90.17652419902151,1,18.082901,True,True,1.430511474609375e-06
4777,90.19749680400128,1,20.916632,True,True,1.430511474609375e-06
4778,90.22311907197582,1,25.511148,True,True,1.430511474609375e-06
4779,90.24356015701778,1,20.335416,True,True,1.430511474609375e-06
4780,90.26196269300999,1,18.342155,True,True,1.430511474609375e-06
4781,90.2801581780077,1,18.126701,True,True,1.430511474609375e-06
4782,90.29814797197469,1,17.938669,True,True,1.430511474609375e-06
4783,90.31609686702723,1,17.901074,True,True,1.430511474609375e-06
4784,90.33450080902549,1,18.351602,True,True,1.430511474609375e-06
4785,90.35266955697443,1,18.113113,True,True,1.430511474609375e-06
4786,90.37075902498327,1,18.037608,True,True,1.430511474609375e-06
4787,90.3892482239753,1,18.434239,True,True,1.430511474609375e-06
4788,90.40750135300914,1,18.202556,True,True,1.430511474609375e-06
4789,90.42576485098107,1,18.214387,True,True,1.430511474609375e-06
4790,90.44422778399894,1,18.403463,True,True,1.430511474609375e-06
4791,90.46212039497914,1,17.835583,True,True,1.430511474609375e-06
4792,90.48022518999642,1,18.056415,True,True,1.430511474609375e-06
4793,90.4982643899857,1,17.998559,True,True,1.430511474609375e-06
4794,90.51642902899766,1,18.121275,True,True,1.430511474609375e-06
4795,90.53457919100765,1,18.105228,True,True,1.430511474609375e-06
4796,90.55265785899246,1,18.038537,True,True,1.430511474609375e-06
4797,90.57070302200736,1,17.998938,True,True,1.430511474609375e-06
4798,90.58892486098921,1,18.172244,True,True,1.430511474609375e-06
4799,90.6074397439952,1,18.456847,True,True,1.430511474609375e-06
4800,90.62557587301126,1,18.084237,True,True,1.430511474609375e-06
4801,90.65583135001361,1,30.198651,True,True,1.430511474609375e-06
4802,90.67455102800159,1,18.608307,True,True,1.430511474609375e-06
4803,90.69276945001911,1,18.155527,True,True,1.430511474609375e-06
4804,90.71110651601339,1,18.280122,True,True,1.430511474609375e-06
4805,90.73618188302498,1,25.016469,True,True,1.430511474609375e-06
4806,90.75739938102197,1,21.158666,True,True,1.430511474609375e-06
4807,90.77573492802912,1,18.287641,True,True,1.430511474609375e-06
4808,90.79362745501567,1,17.84671,True,True,1.430511474609375e-06
4809,90.81180328299524,1,18.132168,True,True,1.430511474609375e-06
4810,90.82989514799556,1,18.052092,True,True,1.430511474609375e-06
4811,90.84811477101175,1,18.175479,True,True,1.430511474609375e-06
4812,90.86632363300305,1,18.163457,True,True,1.430511474609375e-06
4813,90.88457876403118,1,18.198397,True,True,1.430511474609375e-06
4814,90.90260886301985,1,17.984228,True,True,1.430511474609375e-06
4815,90.92057946900604,1,17.924492,True,True,1.430511474609375e-06
4816,90.93890300299972,1,18.283303,True,True,1.430511474609375e-06
4817,90.95678627101006,1,17.842077,True,True,1.430511474609375e-06
4818,90.97503873199457,1,18.209693,True,True,1.430511474609375e-06
4819,90.99325595499249,1,18.177646,True,True,1.430511474609375e-06
4820,91.01124940201407,1,17.943664,True,True,1.430511474609375e-06
4821,91.029474296025,1,18.168864,True,True,1.430511474609375e-06
4822,91.04770549701061,1,18.185276,True,True,1.430511474609375e-06
4823,91.06587396300165,1,18.114958,True,True,1.430511474609375e-06
4824,91.08408895297907,1,18.170805,True,True,1.430511474609375e-06
4825,91.1022649439983,1,18.129025,True,True,1.430511474609375e-06
4826,91.1206328010303,1,18.322231,True,True,1.430511474609375e-06
4827,91.13878040702548,1,18.10266,True,True,1.430511474609375e-06
4828,91.15673001902178,1,17.903146,True,True,1.430511474609375e-06
4829,91.17501136299688,1,18.236298,True,True,1.430511474609375e-06
4830,91.19520568102598,1,20.14337,True,True,1.430511474609375e-06
4831,91.22322458500275,1,27.946643,True,True,1.430511474609375e-06
4832,91.24183369998354,1,18.500028,True,True,1.430511474609375e-06
4833,91.2602294870303,1,18.329705,True,True,1.430511474609375e-06
4834,91.27855943201575,1,18.261779,True,True,1.430511474609375e-06
4835,91.29667266400065,1,18.064453,True,True,1.430511474609375e-06
4836,91.3147967630066,1,18.076275,True,True,1.430511474609375e-06
4837,91.33294843602926,1,18.106201,True,True,1.430511474609375e-06
4838,91.35142731299857,1,18.426064,True,True,1.430511474609375e-06
4839,91.36981832998572,1,18.34467,True,True,1.430511474609375e-06
4840,91.39501726801973,1,25.137561,True,True,1.430511474609375e-06
4841,91.4166192720295,1,21.508521,True,True,1.430511474609375e-06
4842,91.43528406601399,1,18.586032,True,True,1.430511474609375e-06
4843,91.45417286001612,1,18.781363,True,True,1.430511474609375e-06
4844,91.47247932403116,1,18.242283,True,True,1.430511474609375e-06
4845,91.49059483897872,1,18.067989,True,True,1.430511474609375e-06
4846,91.50913804600714,1,18.495986,True,True,1.430511474609375e-06
4847,91.52722032199381,1,18.037811,True,True,1.430511474609375e-06
4848,91.54547530697891,1,18.212892,True,True,1.430511474609375e-06
4849,91.56401619000826,1,18.422433,True,True,1.430511474609375e-06
4850,91.58261183899594,1,18.527005,True,True,1.430511474609375e-06
4851,91.60090198297985,1,18.221566,True,True,1.430511474609375e-06
4852,91.61887873499654,1,17.923697,True,True,1.430511474609375e-06
4853,91.63697021297412,1,18.043353,True,True,1.430511474609375e-06
4854,91.66630528698443,1,29.279059,True,True,1.430511474609375e-06
4855,91.68484817101853,1,18.424633,True,True,1.430511474609375e-06
4856,91.70318280201172,1,18.276043,True,True,1.430511474609375e-06
4857,91.72138001199346,1,18.147083,True,True,1.430511474609375e-06
4858,91.7398318600026,1,18.408373,True,True,1.430511474609375e-06
4859,91.75792168400949,1,18.046862,True,True,1.430511474609375e-06
4860,91.77571180899395,1,17.748577,True,True,1.430511474609375e-06
4861,91.79380069597391,1,18.044103,True,True,1.430511474609375e-06
4862,91.81192569900304,1,18.082284,True,True,1.430511474609375e-06
4863,91.82999014400411,1,18.024298,True,True,1.430511474609375e-06
4864,91.84850587398978,1,18.476441,True,True,1.430511474609375e-06
4865,91.86659354297444,1,18.04193,True,True,1.430511474609375e-06
4866,91.8847015320207,1,18.064877,True,True,1.430511474609375e-06
4867,91.90295239601983,1,18.208258,True,True,1.430511474609375e-06
4868,91.92085213202517,1,17.854205,True,True,1.430511474609375e-06
4869,91.938817946997,1,17.921877,True,True,1.430511474609375e-06
4870,91.95713164098561,1,18.272202,True,True,1.430511474609375e-06
4871,91.97526229801588,1,18.087182,True,True,1.430511474609375e-06
4872,91.99308398598805,1,17.778817,True,True,1.430511474609375e-06
4873,92.01113714999519,1,18.006473,True,True,1.430511474609375e-06
4874,92.0293209059746,1,18.137606,True,True,1.430511474609375e-06
4875,92.05431191797834,1,24.943276,True,True,1.430511474609375e-06
4876,92.07624222902814,1,21.836815,True,True,1.430511474609375e-06
4877,92.09447752201231,1,18.176043,True,True,1.430511474609375e-06
4878,92.11268136498984,1,18.148921,True,True,1.430511474609375e-06
4879,92.13080925698159,1,18.084526,True,True,1.430511474609375e-06
4880,92.14895241201157,1,18.098633,True,True,1.430511474609375e-06
4881,92.16716488602106,1,18.165814,True,True,1.430511474609375e-06
4882,92.18545018299483,1,18.240589,True,True,1.430511474609375e-06
4883,92.21492375002708,1,29.425947,True,True,1.430511474609375e-06
4884,92.23369847499998,1,18.661965,True,True,1.430511474609375e-06
4885,92.25194804201601,1,18.186943,True,True,1.430511474609375e-06
4886,92.27043869200861,1,18.444269,True,True,1.430511474609375e-06
4887,92.28904134302866,1,18.547079,True,True,1.430511474609375e-06
4888,92.307245101023,1,18.158849,True,True,1.430511474609375e-06
4889,92.32533529301872,1,18.04732,True,True,1.430511474609375e-06
4890,92.34358269401127,1,18.201128,True,True,1.430511474609375e-06
4891,92.36164718301734,1,18.018324,True,True,1.430511474609375e-06
4892,92.3797997480142,1,18.107601,True,True,1.430511474609375e-06
4893,92.39823933999287,1,18.396132,True,True,1.430511474609375e-06
4894,92.41637767502107,1,18.085354,True,True,1.430511474609375e-06
4895,92.43462744599674,1,18.197094,True,True,1.430511474609375e-06
4896,92.45284868997987,1,18.170288,True,True,1.430511474609375e-06
4897,92.4710626010201,1,18.15775,True,True,1.430511474609375e-06
4898,92.48924411903135,1,18.138904,True,True,1.430511474609375e-06
4899,92.5076728920103,1,18.384293,True,True,1.430511474609375e-06
4900,92.52580573299201,1,18.092054,True,True,1.430511474609375e-06
4901,92.54387566098012,1,18.026917,True,True,1.430511474609375e-06
4902,92.5621484380099,1,18.226185,True,True,1.430511474609375e-06
4903,92.58027997298632,1,18.081582,True,True,1.430511474609375e-06
4904,92.59857623599237,1,18.246246,True,True,1.430511474609375e-06
4905,92.61652536602924,1,17.903229,True,True,1.430511474609375e-06
4906,92.63460300402949,1,18.033486,True,True,1.430511474609375e-06
4907,92.66263664199505,1,27.986322,True,True,1.430511474609375e-06
4908,92.68325514200842,1,20.504845,True,True,1.430511474609375e-06
4909,92.70144095399883,1,18.117447,True,True,1.430511474609375e-06
4910,92.7195916310302,1,18.091765,True,True,1.430511474609375e-06
4911,92.73781096801395,1,18.167877,True,True,1.430511474609375e-06
4912,92.75581413100008,1,17.954849,True,True,1.430511474609375e-06
4913,92.77389199199388,1,18.03536,True,True,1.430511474609375e-06
4914,92.79224456101656,1,18.310611,True,True,1.430511474609375e-06
4915,92.81042584200623,1,18.135223,True,True,1.430511474609375e-06
4916,92.82828945398796,1,17.821794,True,True,1.430511474609375e-06
4917,92.84643905097619,1,18.109021,True,True,1.430511474609375e-06
4918,92.86455521697644,1,18.077322,True,True,1.430511474609375e-06
4919,92.89007390197366,1,25.472076,True,True,1.430511474609375e-06
4920,92.9119968690211,1,21.836675,True,True,1.430511474609375e-06
4921,92.93021781102289,1,18.158845,True,True,1.430511474609375e-06
4922,92.94846803002292,1,18.19856,True,True,1.430511474609375e-06
4923,92.9665227389778,1,18.007445,True,True,1.430511474609375e-06
4924,92.98459394800011,1,18.026182,True,True,1.430511474609375e-06
4925,93.00265954399947,1,18.022095,True,True,1.430511474609375e-06
4926,93.02082206303021,1,18.116101,True,True,1.430511474609375e-06
4927,93.0390412969864,1,18.176003,True,True,1.430511474609375e-06
4928,93.0573975580046,1,18.312083,True,True,1.430511474609375e-06
4929,93.07546899700537,1,18.022129,True,True,1.430511474609375e-06
4930,93.09380545199383,1,18.293426,True,True,1.430511474609375e-06
4931,93.11216593300924,1,18.310003,True,True,1.430511474609375e-06
4932,93.13035037898226,1,18.141985,True,True,1.430511474609375e-06
4933,93.14857803302584,1,18.183936,True,True,1.430511474609375e-06
4934,93.16711796203163,1,18.48772,True,True,1.430511474609375e-06
4935,93.18533059902256,1,18.161482,True,True,1.430511474609375e-06
4936,93.21540568198543,1,30.020401,True,True,1.430511474609375e-06
4937,93.23399749898817,1,18.472535,True,True,1.430511474609375e-06
4938,93.25226078002015,1,18.200027,True,True,1.430511474609375e-06
4939,93.27032655000221,1,18.019804,True,True,1.430511474609375e-06
4940,93.28860279498622,1,18.225654,True,True,1.430511474609375e-06
4941,93.30674671399174,1,18.098405,True,True,1.430511474609375e-06
4942,93.32491749699693,1,18.124738,True,True,1.430511474609375e-06
4943,93.34322196099674,1,18.26132,True,True,1.430511474609375e-06
4944,93.36139015300432,1,18.120954,True,True,1.430511474609375e-06
4945,93.37953410798218,1,18.086118,True,True,1.430511474609375e-06
4946,93.39793925202684,1,18.350136,True,True,1.430511474609375e-06
4947,93.4158163809916,1,17.82832,True,True,1.430511474609375e-06
4948,93.43398063699715,1,18.112028,True,True,1.430511474609375e-06
4949,93.45221846899949,1,18.187878,True,True,1.430511474609375e-06
4950,93.4703875000123,1,18.116008,True,True,1.430511474609375e-06
4951,93.48877132002963,1,18.337654,True,True,1.430511474609375e-06
4952,93.50689686398255,1,18.082942,True,True,1.430511474609375e-06
4953,93.52497534803115,1,18.036357,True,True,1.430511474609375e-06
4954,93.54335061099846,1,18.331462,True,True,1.430511474609375e-06
4955,93.56154936598614,1,18.148081,True,True,1.430511474609375e-06
4956,93.57971935300156,1,18.119856,True,True,1.430511474609375e-06
4957,93.59782236197498,1,18.030181,True,True,1.430511474609375e-06
4958,93.61617420602124,1,18.294023,True,True,1.430511474609375e-06
4959,93.63436716102296,1,18.146283,True,True,1.430511474609375e-06
4960,93.66295418399386,1,28.53996,True,True,1.430511474609375e-06
4961,93.68311060097767,1,20.045811,True,True,1.430511474609375e-06
4962,93.70161325403024,1,18.44349,True,True,1.430511474609375e-06
4963,93.7229949790053,1,21.32344,True,True,1.430511474609375e-06
4964,93.748696619994,1,25.588045,True,True,1.430511474609375e-06
4965,93.76683577301446,1,18.065012,True,True,1.430511474609375e-06
4966,93.78498302598018,1,18.096532,True,True,1.430511474609375e-06
4967,93.80314890097361,1,18.123403,True,True,1.430511474609375e-06
4968,93.82123068103101,1,18.040234,True,True,1.430511474609375e-06
4969,93.83964188001119,1,18.365667,True,True,1.430511474609375e-06
4970,93.85807348502567,1,18.32698,True,True,1.430511474609375e-06
4971,93.87628116097767,1,18.145072,True,True,1.430511474609375e-06
4972,93.89435971598141,1,18.0284,True,True,1.430511474609375e-06
4973,93.91269286198076,1,18.286789,True,True,1.430511474609375e-06
4974,93.93085025501205,1,18.108928,True,True,1.430511474609375e-06
4975,93.94895572599489,1,18.063594,True,True,1.430511474609375e-06
4976,93.967470581003,1,18.47078,True,True,1.430511474609375e-06
4977,93.9856126360246,1,18.09544,True,True,1.430511474609375e-06
4978,94.00383801601129,1,18.183206,True,True,1.430511474609375e-06
4979,94.0222417130135,1,18.356123,True,True,1.430511474609375e-06
4980,94.0403913090122,1,18.103187,True,True,1.430511474609375e-06
4981,94.05852657498326,1,18.088482,True,True,1.430511474609375e-06
4982,94.0764921589871,1,17.918811,True,True,1.430511474609375e-06
4983,94.09450982901035,1,17.970675,True,True,1.430511474609375e-06
4984,94.11280470900238,1,18.24798,True,True,1.430511474609375e-06
4985,94.130698545021,1,17.852749,True,True,1.430511474609375e-06
4986,94.14886968600331,1,18.127798,True,True,1.430511474609375e-06
4987,94.16702286299551,1,18.106923,True,True,1.430511474609375e-06
4988,94.18497467198176,1,17.906286,True,True,1.430511474609375e-06
4989,94.21461379597895,1,29.594727,True,True,1.430511474609375e-06
4990,94.23296836402733,1,18.25163,True,True,1.430511474609375e-06
4991,94.25104113301495,1,18.012526,True,True,1.430511474609375e-06
4992,94.26933076197747,1,18.244315,True,True,1.430511474609375e-06
4993,94.2873596670106,1,17.975095,True,True,1.430511474609375e-06
4994,94.30555474600988,1,18.136821,True,True,1.430511474609375e-06
4995,94.32378432201222,1,18.18163,True,True,1.430511474609375e-06
4996,94.34177335799905,1,17.943885,True,True,1.430511474609375e-06
4997,94.35981555702165,1,17.995345,True,True,1.430511474609375e-06
4998,94.37778616300784,1,17.923242,True,True,1.430511474609375e-06
4999,94.39583949802909,1,18.004914,True,True,1.430511474609375e-06
5000,94.41431224497501,1,18.425578,True,True,1.430511474609375e-06
5001,94.43242520000786,1,18.057679,True,True,1.430511474609375e-06
5002,94.45049402600853,1,18.020432,True,True,1.430511474609375e-06
5003,94.46872667898424,1,18.184205,True,True,1.430511474609375e-06
5004,94.48673310998129,1,17.955704,True,True,1.430511474609375e-06
5005,94.50464049400762,1,17.864234,True,True,1.430511474609375e-06
5006,94.52282121998724,1,18.138932,True,True,1.430511474609375e-06
5007,94.54248433402972,1,19.611221,True,True,1.430511474609375e-06
5008,94.5611286329804,1,18.540727,True,True,1.430511474609375e-06
5009,94.57952694501728,1,18.33218,True,True,1.430511474609375e-06
5010,94.59784949902678,1,18.258867,True,True,1.430511474609375e-06
5011,94.61614227498649,1,18.229441,True,True,1.430511474609375e-06
5012,94.6351755229989,1,18.985928,True,True,1.430511474609375e-06
5013,94.65366405202076,1,18.438011,True,True,1.430511474609375e-06
5014,94.6816779380315,1,27.937048,True,True,1.430511474609375e-06
5015,94.70204100501724,1,20.255686,True,True,1.430511474609375e-06
5016,94.72034383600112,1,18.232654,True,True,1.430511474609375e-06
5017,94.73932825599331,1,18.937176,True,True,1.430511474609375e-06
5018,94.75777185999323,1,18.390126,True,True,1.430511474609375e-06
5019,94.77584402501816,1,18.027697,True,True,1.430511474609375e-06
5020,94.79379111301387,1,17.900797,True,True,1.430511474609375e-06
5021,94.81198880402371,1,18.153994,True,True,1.430511474609375e-06
5022,94.83006433601258,1,18.025109,True,True,1.430511474609375e-06
5023,94.8488397100009,1,18.727833,True,True,1.430511474609375e-06
5024,94.86728444497567,1,18.389744,True,True,1.430511474609375e-06
5025,94.88552443898516,1,18.192449,True,True,1.430511474609375e-06
5026,94.90356151002925,1,17.991414,True,True,1.430511474609375e-06
5027,94.92191448598169,1,18.311447,True,True,1.430511474609375e-06
5028,94.94045008899411,1,18.48994,True,True,1.430511474609375e-06
5029,94.95860403601546,1,18.110445,True,True,1.430511474609375e-06
5030,94.97693226800766,1,18.284412,True,True,1.430511474609375e-06
5031,94.99511472100858,1,18.13901,True,True,1.430511474609375e-06
5032,95.01320885599125,1,18.045302,True,True,1.430511474609375e-06
5033,95.03136252902914,1,18.109371,True,True,1.430511474609375e-06
5034,95.0499584369827,1,18.55192,True,True,1.430511474609375e-06
5035,95.06827497202903,1,18.251314,True,True,1.430511474609375e-06
5036,95.08658744202694,1,18.257686,True,True,1.430511474609375e-06
5037,95.10462219198234,1,17.986388,True,True,1.430511474609375e-06
5038,95.12265969801228,1,17.989393,True,True,1.430511474609375e-06
5039,95.14147357601905,1,18.767311,True,True,1.430511474609375e-06
5040,95.15952255501179,1,17.996166,True,True,1.430511474609375e-06
5041,95.17766304803081,1,18.096203,True,True,1.430511474609375e-06
5042,95.19919009000296,1,21.476746,True,True,1.430511474609375e-06
5043,95.22639059799258,1,27.115151,True,True,1.430511474609375e-06
5044,95.24533519201213,1,18.860213,True,True,1.430511474609375e-06
5045,95.26341976597905,1,18.022279,True,True,1.430511474609375e-06
5046,95.28156821400626,1,18.092237,True,True,1.430511474609375e-06
5047,95.2998097250238,1,18.192147,True,True,1.430511474609375e-06
5048,95.31796772300731,1,18.115246,True,True,1.430511474609375e-06
5049,95.33685192302801,1,18.841384,True,True,1.430511474609375e-06
5050,95.35516409901902,1,18.25884,True,True,1.430511474609375e-06
5051,95.37326742400182,1,18.05499,True,True,1.430511474609375e-06
5052,95.39123627799563,1,17.918763,True,True,1.430511474609375e-06
5053,95.40933136601234,1,18.047354,True,True,1.430511474609375e-06
5054,95.42750624602195,1,18.125528,True,True,1.430511474609375e-06
5055,95.44605932198465,1,18.505188,True,True,1.430511474609375e-06
5056,95.46437278902158,1,18.244359,True,True,1.430511474609375e-06
5057,95.48263419402065,1,18.208016,True,True,1.430511474609375e-06
5058,95.50063169101486,1,17.953515,True,True,1.430511474609375e-06
5059,95.51881868200144,1,18.138116,True,True,1.430511474609375e-06
5060,95.53749481600244,1,18.634585,True,True,1.430511474609375e-06
5061,95.5554990459932,1,17.961625,True,True,1.430511474609375e-06
5062,95.57370345498202,1,18.15861,True,True,1.430511474609375e-06
5063,95.59173263103003,1,17.982967,True,True,1.430511474609375e-06
5064,95.60987326101167,1,18.074443,True,True,1.430511474609375e-06
5065,95.62837251398014,1,18.4466,True,True,1.430511474609375e-06
5066,95.65689788601594,1,28.473559,True,True,1.430511474609375e-06
5067,95.68710703600664,1,30.116271,True,True,1.430511474609375e-06
5068,95.70559038600186,1,18.379915,True,True,1.430511474609375e-06
5069,95.72389836498769,1,18.220491,True,True,1.430511474609375e-06
5070,95.7428929710295,1,18.928369,True,True,1.430511474609375e-06
5071,95.76124099799199,1,18.293243,True,True,1.430511474609375e-06
5072,95.77945968700806,1,18.170041,True,True,1.430511474609375e-06
5073,95.7973463020171,1,17.836832,True,True,1.430511474609375e-06
5074,95.81539942102972,1,18.010678,True,True,1.430511474609375e-06
5075,95.83356715302216,1,18.124477,True,True,1.430511474609375e-06
5076,95.85222244501347,1,18.610451,True,True,1.430511474609375e-06
5077,95.87018885399448,1,17.92534,True,True,1.430511474609375e-06
5078,95.8884026830201,1,18.167525,True,True,1.430511474609375e-06
5079,95.90656520501943,1,18.118275,True,True,1.430511474609375e-06
5080,95.92494433798129,1,18.333874,True,True,1.430511474609375e-06
5081,95.9438260460156,1,18.832276,True,True,1.430511474609375e-06
5082,95.96188683802029,1,18.011224,True,True,1.430511474609375e-06
5083,95.97994829202071,1,18.016839,True,True,1.430511474609375e-06
5084,95.99808120401576,1,18.091326,True,True,1.430511474609375e-06
5085,96.01629841898102,1,18.167354,True,True,1.430511474609375e-06
5086,96.03416251199087,1,17.811123,True,True,1.430511474609375e-06
5087,96.052919972979,1,18.712818,True,True,1.430511474609375e-06
5088,96.07121398102026,1,18.233982,True,True,1.430511474609375e-06
5089,96.08931662497343,1,18.054759,True,True,1.430511474609375e-06
5090,96.10725435998756,1,17.893789,True,True,1.430511474609375e-06
5091,96.12538460502401,1,18.084754,True,True,1.430511474609375e-06
5092,96.14336100302171,1,17.93581,True,True,1.430511474609375e-06
5093,96.1612986199907,1,17.893769,True,True,1.430511474609375e-06
5094,96.17924784199568,1,17.895346,True,True,1.430511474609375e-06
5095,96.20061749598244,1,21.322787,True,True,1.430511474609375e-06
5096,96.227216091007,1,26.501268,True,True,1.430511474609375e-06
5097,96.24623171897838,1,18.934889,True,True,1.430511474609375e-06
5098,96.26444168499438,1,18.157711,True,True,1.430511474609375e-06
5099,96.28260735300137,1,18.110778,True,True,1.430511474609375e-06
5100,96.30067228601547,1,18.014957,True,True,1.430511474609375e-06
5101,96.31898348702816,1,18.263537,True,True,1.430511474609375e-06
5102,96.33725726802368,1,18.228309,True,True,1.430511474609375e-06
5103,96.3553696370218,1,18.066312,True,True,1.430511474609375e-06
5104,96.3736409789999,1,18.2306,True,True,1.430511474609375e-06
5105,96.39149840403115,1,17.814304,True,True,1.430511474609375e-06
5106,96.40953032998368,1,17.986876,True,True,1.430511474609375e-06
5107,96.42756061500404,1,17.979027,True,True,1.430511474609375e-06
5108,96.4457838240196,1,18.172147,True,True,1.430511474609375e-06
5109,96.46482858801028,1,18.9317,True,True,1.430511474609375e-06
5110,96.48283914598869,1,17.935663,True,True,1.430511474609375e-06
5111,96.50090688897762,1,18.012033,True,True,1.430511474609375e-06
5112,96.51888679701369,1,17.933232,True,True,1.430511474609375e-06
5113,96.53677219402744,1,17.840648,True,True,1.430511474609375e-06
5114,96.55501807201654,1,18.202466,True,True,1.430511474609375e-06
5115,96.57337929698406,1,18.288157,True,True,1.430511474609375e-06
5116,96.5929408959928,1,19.459467,True,True,1.430511474609375e-06
5117,96.6114831820014,1,18.422661,True,True,1.430511474609375e-06
5118,96.6298098610132,1,18.231825,True,True,1.430511474609375e-06
5119,96.64782002498396,1,17.953284,True,True,1.430511474609375e-06
5120,96.66927327099256,1,21.399318,True,True,1.430511474609375e-06
5121,96.69621607399313,1,26.848638,True,True,1.430511474609375e-06
5122,96.71529507398373,1,18.98682,True,True,1.430511474609375e-06
5123,96.73368152900366,1,18.324315,True,True,1.430511474609375e-06
5124,96.75154780998128,1,17.819534,True,True,1.430511474609375e-06
5125,96.76957650802797,1,17.986023,True,True,1.430511474609375e-06
5126,96.78772004001075,1,18.096964,True,True,1.430511474609375e-06
5127,96.80575181602035,1,17.989503,True,True,1.430511474609375e-06
5128,96.82397595699877,1,18.184105,True,True,1.430511474609375e-06
5129,96.84209377900697,1,18.078471,True,True,1.430511474609375e-06
5130,96.86013553699013,1,17.999762,True,True,1.430511474609375e-06
5131,96.8783785449923,1,18.203391,True,True,1.430511474609375e-06
5132,96.89620812097564,1,17.787719,True,True,1.430511474609375e-06
5133,96.91439309198176,1,18.142364,True,True,1.430511474609375e-06
5134,96.93268973502563,1,18.255065,True,True,1.430511474609375e-06
5135,96.95067935198313,1,17.945704,True,True,1.430511474609375e-06
5136,96.96875756100053,1,18.037774,True,True,1.430511474609375e-06
5137,96.98663677001605,1,17.835208,True,True,1.430511474609375e-06
5138,97.00477524002781,1,18.097815,True,True,1.430511474609375e-06
5139,97.02282315900084,1,18.000892,True,True,1.430511474609375e-06
5140,97.04086758301128,1,17.998623,True,True,1.430511474609375e-06
5141,97.05894039198756,1,18.028271,True,True,1.430511474609375e-06
5142,97.07709750399226,1,18.10885,True,True,1.430511474609375e-06
5143,97.09530085098231,1,18.157381,True,True,1.430511474609375e-06
5144,97.1136069209897,1,18.259341,True,True,1.430511474609375e-06
5145,97.13178926700493,1,18.14292,True,True,1.430511474609375e-06
5146,97.14983611297794,1,18.007604,True,True,1.430511474609375e-06
5147,97.16801519098226,1,18.131641,True,True,1.430511474609375e-06
5148,97.18616507999832,1,18.097368,True,True,1.430511474609375e-06
5149,97.2138263679808,1,27.612737,True,True,1.430511474609375e-06
5150,97.23441757098772,1,20.491504,True,True,1.430511474609375e-06
5151,97.25274842197541,1,18.269576,True,True,1.430511474609375e-06
5152,97.2709915189771,1,18.189994,True,True,1.430511474609375e-06
5153,97.28898612398189,1,17.946295,True,True,1.430511474609375e-06
5154,97.30701141001191,1,17.97674,True,True,1.430511474609375e-06
5155,97.33212869497947,1,25.072554,True,True,1.430511474609375e-06
5156,97.35384836798767,1,21.62399,True,True,1.430511474609375e-06
5157,97.37216003297362,1,18.242337,True,True,1.430511474609375e-06
5158,97.39043406600831,1,18.2201,True,True,1.430511474609375e-06
5159,97.4090808799956,1,18.595394,True,True,1.430511474609375e-06
5160,97.42734992102487,1,18.2129,True,True,1.430511474609375e-06
5161,97.44553345697932,1,18.12759,True,True,1.430511474609375e-06
5162,97.46393494401127,1,18.34007,True,True,1.430511474609375e-06
5163,97.48219928401522,1,18.212721,True,True,1.430511474609375e-06
5164,97.50059830601094,1,18.328027,True,True,1.430511474609375e-06
5165,97.5193200680078,1,18.636779,True,True,1.430511474609375e-06
5166,97.53755498898681,1,18.161699,True,True,1.430511474609375e-06
5167,97.55555967101827,1,17.950775,True,True,1.430511474609375e-06
5168,97.57376986002782,1,18.158567,True,True,1.430511474609375e-06
5169,97.59215970698278,1,18.332292,True,True,1.430511474609375e-06
5170,97.61057284398703,1,18.320872,True,True,1.430511474609375e-06
5171,97.62914187798742,1,18.503371,True,True,1.430511474609375e-06
5172,97.64733500400325,1,18.140493,True,True,1.430511474609375e-06
5173,97.66526802402223,1,17.880734,True,True,1.430511474609375e-06
5174,97.68713168503018,1,21.811285,True,True,1.430511474609375e-06
5175,97.71353760699276,1,26.3064,True,True,1.430511474609375e-06
5176,97.73215708002681,1,18.538207,True,True,1.430511474609375e-06
5177,97.7503834029776,1,18.167905,True,True,1.430511474609375e-06
5178,97.76859026000602,1,18.15454,True,True,1.430511474609375e-06
5179,97.78667399799451,1,18.036261,True,True,1.430511474609375e-06
5180,97.8048892429797,1,18.173683,True,True,1.430511474609375e-06
5181,97.82274482800858,1,17.810789,True,True,1.430511474609375e-06
5182,97.8407901750179,1,17.999593,True,True,1.430511474609375e-06
5183,97.85929690598277,1,18.459312,True,True,1.430511474609375e-06
5184,97.87721041601617,1,17.861968,True,True,1.430511474609375e-06
5185,97.89534937002463,1,18.095649,True,True,1.430511474609375e-06
5186,97.91325017501367,1,17.859793,True,True,1.430511474609375e-06
5187,97.93132835597498,1,18.035053,True,True,1.430511474609375e-06
5188,97.9495206020074,1,18.147274,True,True,1.430511474609375e-06
5189,97.96779805899132,1,18.233627,True,True,1.430511474609375e-06
5190,97.99315120599931,1,25.311734,True,True,1.430511474609375e-06
5191,98.01453469897388,1,21.309579,True,True,1.430511474609375e-06
5192,98.03305955301039,1,18.46087,True,True,1.430511474609375e-06
5193,98.0517341250088,1,18.622068,True,True,1.430511474609375e-06
5194,98.06966499501141,1,17.880464,True,True,1.430511474609375e-06
5195,98.08781421399908,1,18.103873,True,True,1.430511474609375e-06
5196,98.10592420498142,1,18.064631,True,True,1.430511474609375e-06
5197,98.12392344599357,1,17.951514,True,True,1.430511474609375e-06
5198,98.14202443999238,1,18.054862,True,True,1.430511474609375e-06
5199,98.16003627300961,1,17.959679,True,True,1.430511474609375e-06
5200,98.17816282302374,1,18.071818,True,True,1.430511474609375e-06
5201,98.1998715759837,1,21.651621,True,True,1.430511474609375e-06
5202,98.22664199298015,1,26.671021,True,True,1.430511474609375e-06
5203,98.24500197701855,1,18.275758,True,True,1.430511474609375e-06
5204,98.26320846402086,1,18.148962,True,True,1.430511474609375e-06
5205,98.28125994000584,1,17.99995,True,True,1.430511474609375e-06
5206,98.29931606003083,1,18.002799,True,True,1.430511474609375e-06
5207,98.3174677650095,1,18.100888,True,True,1.430511474609375e-06
5208,98.3354879230028,1,17.972413,True,True,1.430511474609375e-06
5209,98.35339935001684,1,17.862792,True,True,1.430511474609375e-06
5210,98.37153067498002,1,18.081472,True,True,1.430511474609375e-06
5211,98.38963323598728,1,18.059146,True,True,1.430511474609375e-06
5212,98.40758719702717,1,17.908105,True,True,1.430511474609375e-06
5213,98.42556385399075,1,17.93001,True,True,1.430511474609375e-06
5214,98.44390430499334,1,18.292621,True,True,1.430511474609375e-06
5215,98.46180040400941,1,17.843762,True,True,1.430511474609375e-06
5216,98.47996449499624,1,18.113869,True,True,1.430511474609375e-06
5217,98.49788753897883,1,17.877519,True,True,1.430511474609375e-06
5218,98.51590816798853,1,17.97933,True,True,1.430511474609375e-06
5219,98.53413155599264,1,18.179058,True,True,1.430511474609375e-06
5220,98.55212425201898,1,17.95303,True,True,1.430511474609375e-06
5221,98.57060656399699,1,18.433992,True,True,1.430511474609375e-06
5222,98.58877422701335,1,18.104861,True,True,1.430511474609375e-06
5223,98.60681675700471,1,17.981102,True,True,1.430511474609375e-06
5224,98.62507431698032,1,18.207526,True,True,1.430511474609375e-06
5225,98.65010644902941,1,24.981699,True,True,1.430511474609375e-06
5226,98.67201324901544,1,21.828781,True,True,1.430511474609375e-06
5227,98.70151166600408,1,29.431863,True,True,1.430511474609375e-06
5228,98.72007196501363,1,18.450563,True,True,1.430511474609375e-06
5229,98.73831308400258,1,18.173253,True,True,1.430511474609375e-06
5230,98.75661669502733,1,18.241643,True,True,1.430511474609375e-06
5231,98.77514387201518,1,18.426898,True,True,1.430511474609375e-06
5232,98.79331503802678,1,18.110883,True,True,1.430511474609375e-06
5233,98.81126296601724,1,17.903415,True,True,1.430511474609375e-06
5234,98.82937209698139,1,18.063538,True,True,1.430511474609375e-06
5235,98.84739765600534,1,17.982224,True,True,1.430511474609375e-06
5236,98.86574208497768,1,18.300945,True,True,1.430511474609375e-06
5237,98.88431507401401,1,18.488277,True,True,1.430511474609375e-06
5238,98.9028148240177,1,18.419176,True,True,1.430511474609375e-06
5239,98.920992860978,1,18.1242,True,True,1.430511474609375e-06
5240,98.93888162699295,1,17.845042,True,True,1.430511474609375e-06
5241,98.95706727198558,1,18.139368,True,True,1.430511474609375e-06
5242,98.97507127700374,1,17.958877,True,True,1.430511474609375e-06
5243,98.99320700700628,1,18.094904,True,True,1.430511474609375e-06
5244,99.01146186102415,1,18.21301,True,True,1.430511474609375e-06
5245,99.02934749500128,1,17.839527,True,True,1.430511474609375e-06
5246,99.04750589397736,1,18.114698,True,True,1.430511474609375e-06
5247,99.06551208801102,1,17.964645,True,True,1.430511474609375e-06
5248,99.08370085002389,1,18.137037,True,True,1.430511474609375e-06
5249,99.10169578599744,1,17.94417,True,True,1.430511474609375e-06
5250,99.11980892799329,1,18.064244,True,True,1.430511474609375e-06
5251,99.13821649597958,1,18.364486,True,True,1.430511474609375e-06
5252,99.15637191501446,1,18.109222,True,True,1.430511474609375e-06
5253,99.17464195698267,1,18.223819,True,True,1.430511474609375e-06
5254,99.19261716998881,1,17.930875,True,True,1.430511474609375e-06
5255,99.22075303597376,1,28.084352,True,True,1.430511474609375e-06
5256,99.2407596569974,1,19.912315,True,True,1.430511474609375e-06
5257,99.25906276702881,1,18.240787,True,True,1.430511474609375e-06
5258,99.27773742802674,1,18.625467,True,True,1.430511474609375e-06
5259,99.29590254998766,1,18.117838,True,True,1.430511474609375e-06
5260,99.31381879397668,1,17.864791,True,True,1.430511474609375e-06
5261,99.33188534103101,1,18.023017,True,True,1.430511474609375e-06
5262,99.35004186199512,1,18.110004,True,True,1.430511474609375e-06
5263,99.36802253499627,1,17.93062,True,True,1.430511474609375e-06
5264,99.38606209203135,1,17.996203,True,True,1.430511474609375e-06
5265,99.40421675698599,1,18.108389,True,True,1.430511474609375e-06
5266,99.42236533400137,1,18.098318,True,True,1.430511474609375e-06
5267,99.44047879398568,1,18.062491,True,True,1.430511474609375e-06
5268,99.45858066203073,1,18.055251,True,True,1.430511474609375e-06
5269,99.47951259399997,1,20.875898,True,True,1.430511474609375e-06
5270,99.50510259199655,1,25.525573,True,True,1.430511474609375e-06
5271,99.52323216502555,1,18.070662,True,True,1.430511474609375e-06
5272,99.54143068799749,1,18.150503,True,True,1.430511474609375e-06
5273,99.55965388898039,1,18.181447,True,True,1.430511474609375e-06
5274,99.57769404503051,1,17.993002,True,True,1.430511474609375e-06
5275,99.59597673203098,1,18.209315,True,True,1.430511474609375e-06
5276,99.61444881599164,1,18.411744,True,True,1.430511474609375e-06
5277,99.63240276498254,1,17.899265,True,True,1.430511474609375e-06
5278,99.65053812402766,1,18.090566,True,True,1.430511474609375e-06
5279,99.66868065099698,1,18.094311,True,True,1.430511474609375e-06
5280,99.69685320497956,1,28.121742,True,True,1.430511474609375e-06
5281,99.7163088080124,1,19.350233,True,True,1.430511474609375e-06
5282,99.73441834200639,1,18.034594,True,True,1.430511474609375e-06
5283,99.75242614699528,1,17.957669,True,True,1.430511474609375e-06
5284,99.77060373598943,1,18.135803,True,True,1.430511474609375e-06
5285,99.78846828098176,1,17.822252,True,True,1.430511474609375e-06
5286,99.80657057400094,1,18.060319,True,True,1.430511474609375e-06
5287,99.82466133899288,1,18.04883,True,True,1.430511474609375e-06
5288,99.84282098797848,1,18.11946,True,True,1.430511474609375e-06
5289,99.86111776897451,1,18.253043,True,True,1.430511474609375e-06
5290,99.87901380698895,1,17.855593,True,True,1.430511474609375e-06
5291,99.89697276899824,1,17.913768,True,True,1.430511474609375e-06
5292,99.91476080199936,1,17.747536,True,True,1.430511474609375e-06
5293,99.93293858802645,1,18.137391,True,True,1.430511474609375e-06
5294,99.95111460599583,1,18.134954,True,True,1.430511474609375e-06
5295,99.9692380449851,1,18.081034,True,True,1.430511474609375e-06
5296,99.98718249797821,1,17.902085,True,True,1.430511474609375e-06
5297,100.00518575398019,1,17.963467,True,True,1.430511474609375e-06
5298,100.02339316101279,1,18.159339,True,True,1.430511474609375e-06
5299,100.04153234203113,1,18.088595,True,True,1.430511474609375e-06
5300,100.0597048830241,1,18.127911,True,True,1.430511474609375e-06
5301,100.07764274900546,1,17.889243,True,True,1.430511474609375e-06
5302,100.09575239400147,1,18.064868,True,True,1.430511474609375e-06
5303,100.11398364900379,1,18.184439,True,True,1.430511474609375e-06
5304,100.13204698998015,1,18.007192,True,True,1.430511474609375e-06
5305,100.1499675019877,1,17.875995,True,True,1.430511474609375e-06
5306,100.1681578209973,1,18.145631,True,True,1.430511474609375e-06
5307,100.1861241540173,1,17.912873,True,True,1.430511474609375e-06
5308,100.21431069698883,1,28.131869,True,True,1.430511474609375e-06
5309,100.23436521197436,1,19.951283,True,True,1.430511474609375e-06
5310,100.25266635901062,1,18.236486,True,True,1.430511474609375e-06
5311,100.2710611600196,1,18.345349,True,True,1.430511474609375e-06
5312,100.28923723998014,1,18.125753,True,True,1.430511474609375e-06
5313,100.30742673802888,1,18.137705,True,True,1.430511474609375e-06
5314,100.33288608200382,1,25.408151,True,True,1.430511474609375e-06
5315,100.35446627199417,1,21.500601,True,True,1.430511474609375e-06
5316,100.37247057800414,1,17.940817,True,True,1.430511474609375e-06
5317,100.39059403800638,1,18.069141,True,True,1.430511474609375e-06
5318,100.40863000199897,1,17.986746,True,True,1.430511474609375e-06
5319,100.42676064098487,1,18.079964,True,True,1.430511474609375e-06
5320,100.4451219359762,1,18.301109,True,True,1.430511474609375e-06
5321,100.4633450860274,1,18.173957,True,True,1.430511474609375e-06
5322,100.48136463802075,1,17.96381,True,True,1.430511474609375e-06
5323,100.4993141820305,1,17.903135,True,True,1.430511474609375e-06
5324,100.51724805298727,1,17.892464,True,True,1.430511474609375e-06
5325,100.53526290098671,1,17.973151,True,True,1.430511474609375e-06
5326,100.55324516899418,1,17.938002,True,True,1.430511474609375e-06
5327,100.5717044339981,1,18.411423,True,True,1.430511474609375e-06
5328,100.58980536001036,1,18.053026,True,True,1.430511474609375e-06
5329,100.60810393700376,1,18.21637,True,True,1.430511474609375e-06
5330,100.62639932602178,1,18.236377,True,True,1.430511474609375e-06
5331,100.64455245801946,1,18.102817,True,True,1.430511474609375e-06
5332,100.66308539401507,1,18.490041,True,True,1.430511474609375e-06
5333,100.68106601701584,1,17.931008,True,True,1.430511474609375e-06
5334,100.70721566001885,1,26.085141,True,True,1.430511474609375e-06
5335,100.72886128199752,1,21.53179,True,True,1.430511474609375e-06
5336,100.7471682120231,1,18.246583,True,True,1.430511474609375e-06
5337,100.76559959398583,1,18.381204,True,True,1.430511474609375e-06
5338,100.78363174997503,1,17.990663,True,True,1.430511474609375e-06
5339,100.80179602903081,1,18.123203,True,True,1.430511474609375e-06
5340,100.81959299900336,1,17.755242,True,True,1.430511474609375e-06
5341,100.83787656802451,1,18.239711,True,True,1.430511474609375e-06
5342,100.85614161600824,1,18.220247,True,True,1.430511474609375e-06
5343,100.87401191401295,1,17.824476,True,True,1.430511474609375e-06
5344,100.89208654797403,1,18.030986,True,True,1.430511474609375e-06
5345,100.91001721500652,1,17.887801,True,True,1.430511474609375e-06
5346,100.92795031197602,1,17.893469,True,True,1.430511474609375e-06
5347,100.94588119600667,1,17.887162,True,True,1.430511474609375e-06
5348,100.96392290201038,1,17.99831,True,True,1.430511474609375e-06
5349,100.9820795719861,1,18.113717,True,True,1.430511474609375e-06
5350,100.99986399401678,1,17.744837,True,True,1.430511474609375e-06
5351,101.01797698700102,1,18.066846,True,True,1.430511474609375e-06
5352,101.03616059897467,1,18.117775,True,True,1.430511474609375e-06
5353,101.05402885901276,1,17.822587,True,True,1.430511474609375e-06
5354,101.0721081509837,1,18.033855,True,True,1.430511474609375e-06
5355,101.08999291301006,1,17.831629,True,True,1.430511474609375e-06
5356,101.10840413998812,1,18.368489,True,True,1.430511474609375e-06
5357,101.12633679201826,1,17.887269,True,True,1.430511474609375e-06
5358,101.14436531398678,1,17.979218,True,True,1.430511474609375e-06
5359,101.1626499639824,1,18.237952,True,True,1.430511474609375e-06
5360,101.18086651200429,1,18.167756,True,True,1.430511474609375e-06
5361,101.20277924399124,1,21.856306,True,True,1.430511474609375e-06
5362,101.22880445199553,1,25.931254,True,True,1.430511474609375e-06
5363,101.24704631301574,1,18.162501,True,True,1.430511474609375e-06
5364,101.26510505698388,1,18.007101,True,True,1.430511474609375e-06
5365,101.28365665499587,1,18.494601,True,True,1.430511474609375e-06
5366,101.30201881699031,1,18.30751,True,True,1.430511474609375e-06
5367,101.32012700597988,1,18.060899,True,True,1.430511474609375e-06
5368,101.33828980498947,1,18.119754,True,True,1.430511474609375e-06
5369,101.35631672898307,1,17.97816,True,True,1.430511474609375e-06
5370,101.3744861559826,1,18.112986,True,True,1.430511474609375e-06
5371,101.39271986298263,1,18.182429,True,True,1.430511474609375e-06
5372,101.41067117400235,1,17.90304,True,True,1.430511474609375e-06
5373,101.42902877001325,1,18.305629,True,True,1.430511474609375e-06
5374,101.44784502801485,1,18.707347,True,True,1.430511474609375e-06
5375,101.46620607201476,1,18.282939,True,True,1.430511474609375e-06
5376,101.48447882803157,1,18.21539,True,True,1.430511474609375e-06
5377,101.50258052599384,1,18.054774,True,True,1.430511474609375e-06
5378,101.52054432901787,1,17.921391,True,True,1.430511474609375e-06
5379,101.53888815001119,1,18.295617,True,True,1.430511474609375e-06
5380,101.55738179100445,1,18.400781,True,True,1.430511474609375e-06
5381,101.5758577529923,1,18.377068,True,True,1.430511474609375e-06
5382,101.59421696397476,1,18.288649,True,True,1.430511474609375e-06
5383,101.61221761797788,1,17.944657,True,True,1.430511474609375e-06
5384,101.63021793501684,1,17.948833,True,True,1.430511474609375e-06
5385,101.64832320599817,1,18.054739,True,True,1.430511474609375e-06
5386,101.66672928899061,1,18.348522,True,True,1.430511474609375e-06
5387,101.68498889298644,1,18.206398,True,True,1.430511474609375e-06
5388,101.7133575869957,1,28.312741,True,True,1.430511474609375e-06
5389,101.73355008102953,1,20.082418,True,True,1.430511474609375e-06
5390,101.7519656260265,1,18.354217,True,True,1.430511474609375e-06
5391,101.7702220280189,1,18.21031,True,True,1.430511474609375e-06
5392,101.78835111402441,1,18.084619,True,True,1.430511474609375e-06
5393,101.80646216502646,1,18.052997,True,True,1.430511474609375e-06
5394,101.82470882398775,1,18.195485,True,True,1.430511474609375e-06
5395,101.84258504002355,1,17.828727,True,True,1.430511474609375e-06
5396,101.86070186801953,1,18.071407,True,True,1.430511474609375e-06
5397,101.87884095800109,1,18.09601,True,True,1.430511474609375e-06
5398,101.8970187989762,1,18.130843,True,True,1.430511474609375e-06
5399,101.9152524759993,1,18.19186,True,True,1.430511474609375e-06
5400,101.9335168080288,1,18.2245,True,True,1.430511474609375e-06
5401,101.95172458002344,1,18.16057,True,True,1.430511474609375e-06
5402,101.97005111398175,1,18.287256,True,True,1.430511474609375e-06
5403,101.98814730299637,1,18.057091,True,True,1.430511474609375e-06
5404,102.00631127302768,1,18.122521,True,True,1.430511474609375e-06
5405,102.0242506940267,1,17.890116,True,True,1.430511474609375e-06
5406,102.04226201400161,1,17.967028,True,True,1.430511474609375e-06
5407,102.06012665299932,1,17.822068,True,True,1.430511474609375e-06
5408,102.07828301901463,1,18.114685,True,True,1.430511474609375e-06
5409,102.09644105902407,1,18.106055,True,True,1.430511474609375e-06
5410,102.11434838199057,1,17.862513,True,True,1.430511474609375e-06
5411,102.13254262000555,1,18.144777,True,True,1.430511474609375e-06
5412,102.15057659498416,1,17.992609,True,True,1.430511474609375e-06
5413,102.16873972897884,1,18.118574,True,True,1.430511474609375e-06
5414,102.18695343798026,1,18.1573,True,True,1.430511474609375e-06
5415,102.21462509699631,1,27.619825,True,True,1.430511474609375e-06
5416,102.23501168598887,1,20.284567,True,True,1.430511474609375e-06
5417,102.26301808602875,1,27.927766,True,True,1.430511474609375e-06
5418,102.28159773198422,1,18.521299,True,True,1.430511474609375e-06
5419,102.29987361497479,1,18.214378,True,True,1.430511474609375e-06
5420,102.31805573101155,1,18.126454,True,True,1.430511474609375e-06
5421,102.33636237197788,1,18.263095,True,True,1.430511474609375e-06
5422,102.3545180070214,1,18.107086,True,True,1.430511474609375e-06
5423,102.37277783098398,1,18.203263,True,True,1.430511474609375e-06
5424,102.39100449997932,1,18.177802,True,True,1.430511474609375e-06
5425,102.40944452199619,1,18.392026,True,True,1.430511474609375e-06
5426,102.42753947997699,1,18.039291,True,True,1.430511474609375e-06
5427,102.44563382602064,1,18.04417,True,True,1.430511474609375e-06
5428,102.46410693402868,1,18.424786,True,True,1.430511474609375e-06
5429,102.4822425749735,1,18.078024,True,True,1.430511474609375e-06
5430,102.50048273801804,1,18.192933,True,True,1.430511474609375e-06
5431,102.5187614139868,1,18.236329,True,True,1.430511474609375e-06
5432,102.53689339198172,1,18.084087,True,True,1.430511474609375e-06
5433,102.55517264601076,1,18.23684,True,True,1.430511474609375e-06
5434,102.57336192799266,1,18.146214,True,True,1.430511474609375e-06
5435,102.59174253302626,1,18.320973,True,True,1.430511474609375e-06
5436,102.60991784802172,1,18.118447,True,True,1.430511474609375e-06
5437,102.62816449900856,1,18.196942,True,True,1.430511474609375e-06
5438,102.64640041801613,1,18.1896,True,True,1.430511474609375e-06
5439,102.66476345801493,1,18.31896,True,True,1.430511474609375e-06
5440,102.6830375129939,1,18.217474,True,True,1.430511474609375e-06
5441,102.71323175297584,1,30.139213,True,True,1.430511474609375e-06
5442,102.73203603201546,1,18.690143,True,True,1.430511474609375e-06
5443,102.75010912399739,1,18.012919,True,True,1.430511474609375e-06
5444,102.76810273097362,1,17.946482,True,True,1.430511474609375e-06
5445,102.78610293002566,1,17.953192,True,True,1.430511474609375e-06
5446,102.80409795598825,1,17.948645,True,True,1.430511474609375e-06
5447,102.8220568280085,1,17.917823,True,True,1.430511474609375e-06
5448,102.84004610602278,1,17.949202,True,True,1.430511474609375e-06
5449,102.85812096798327,1,18.034615,True,True,1.430511474609375e-06
5450,102.87644795002416,1,18.288018,True,True,1.430511474609375e-06
5451,102.89480290102074,1,18.30518,True,True,1.430511474609375e-06
5452,102.91306202497799,1,18.212465,True,True,1.430511474609375e-06
5453,102.9309641889995,1,17.859794,True,True,1.430511474609375e-06
5454,102.94902307499433,1,18.015705,True,True,1.430511474609375e-06
5455,102.96692216902738,1,17.85966,True,True,1.430511474609375e-06
5456,102.9849501500139,1,17.988064,True,True,1.430511474609375e-06
5457,103.00309457298135,1,18.101924,True,True,1.430511474609375e-06
5458,103.02102729602484,1,17.890866,True,True,1.430511474609375e-06
5459,103.03937565902015,1,18.300218,True,True,1.430511474609375e-06
5460,103.05756099498831,1,18.140126,True,True,1.430511474609375e-06
5461,103.07544490299188,1,17.840159,True,True,1.430511474609375e-06
5462,103.09360464400379,1,18.105329,True,True,1.430511474609375e-06
5463,103.11190535500646,1,18.253332,True,True,1.430511474609375e-06
5464,103.1302438940038,1,18.290679,True,True,1.430511474609375e-06
5465,103.14844926202204,1,18.160143,True,True,1.430511474609375e-06
5466,103.16682443197351,1,18.326875,True,True,1.430511474609375e-06
5467,103.18486777698854,1,17.97719,True,True,1.430511474609375e-06
5468,103.21269871201366,1,27.7712,True,True,1.430511474609375e-06
5469,103.2329276939854,1,20.121622,True,True,1.430511474609375e-06
5470,103.25161657598801,1,18.625786,True,True,1.430511474609375e-06
5471,103.27002314402489,1,18.351271,True,True,1.430511474609375e-06
5472,103.28822720999597,1,18.154371,True,True,1.430511474609375e-06
5473,103.30641715502134,1,18.135767,True,True,1.430511474609375e-06
5474,103.3243834010209,1,17.921342,True,True,1.430511474609375e-06
5475,103.34246478899149,1,18.038665,True,True,1.430511474609375e-06
5476,103.36069141502958,1,18.181045,True,True,1.430511474609375e-06
5477,103.37894282798516,1,18.202024,True,True,1.430511474609375e-06
5478,103.39722102798987,1,18.233555,True,True,1.430511474609375e-06
5479,103.41553053900134,1,18.264961,True,True,1.430511474609375e-06
5480,103.4337310109986,1,18.15495,True,True,1.430511474609375e-06
5481,103.45256879198132,1,18.78013,True,True,1.430511474609375e-06
5482,103.47233786800643,1,19.636411,True,True,1.430511474609375e-06
5483,103.4922964660218,1,19.826798,True,True,1.430511474609375e-06
5484,103.51104607799789,1,18.629578,True,True,1.430511474609375e-06
5485,103.52919329202268,1,18.079422,True,True,1.430511474609375e-06
5486,103.54740371799562,1,18.162915,True,True,1.430511474609375e-06
5487,103.56568875699304,1,18.232302,True,True,1.430511474609375e-06
5488,103.58403111697407,1,18.286903,True,True,1.430511474609375e-06
5489,103.60211492999224,1,18.01042,True,True,1.430511474609375e-06
5490,103.62011868302943,1,17.949574,True,True,1.430511474609375e-06
5491,103.6382790239877,1,18.112388,True,True,1.430511474609375e-06
5492,103.6566031340044,1,18.275627,True,True,1.430511474609375e-06
5493,103.67487631202675,1,18.186026,True,True,1.430511474609375e-06
5494,103.69307469000341,1,18.108627,True,True,1.430511474609375e-06
5495,103.71328098501544,1,20.14133,True,True,1.430511474609375e-06
5496,103.74008410400711,1,26.712367,True,True,1.430511474609375e-06
5497,103.76000850199489,1,19.84796,True,True,1.430511474609375e-06
5498,103.77820504299598,1,18.142376,True,True,1.430511474609375e-06
5499,103.79655090800952,1,18.261051,True,True,1.430511474609375e-06
5500,103.81479165999917,1,18.164986,True,True,1.430511474609375e-06
5501,103.83299271698343,1,18.147983,True,True,1.430511474609375e-06
5502,103.8511868310161,1,18.146741,True,True,1.430511474609375e-06
5503,103.86906792898662,1,17.837708,True,True,1.430511474609375e-06
5504,103.88722799898824,1,18.11465,True,True,1.430511474609375e-06
5505,103.90535029902821,1,18.076075,True,True,1.430511474609375e-06
5506,103.9303280999884,1,24.9331,True,True,1.430511474609375e-06
5507,103.95229201600887,1,21.888677,True,True,1.430511474609375e-06
5508,103.9705595250125,1,18.205229,True,True,1.430511474609375e-06
5509,103.988770905009,1,18.161782,True,True,1.430511474609375e-06
5510,104.00701426703017,1,18.200563,True,True,1.430511474609375e-06
5511,104.02522290800698,1,18.156251,True,True,1.430511474609375e-06
5512,104.04354913701536,1,18.277403,True,True,1.430511474609375e-06
5513,104.0614305830095,1,17.832746,True,True,1.430511474609375e-06
5514,104.07960648700828,1,18.132578,True,True,1.430511474609375e-06
5515,104.09785948897479,1,18.199639,True,True,1.430511474609375e-06
5516,104.11584713001503,1,17.942644,True,True,1.430511474609375e-06
5517,104.13402385701193,1,18.128056,True,True,1.430511474609375e-06
5518,104.152037175023,1,17.971713,True,True,1.430511474609375e-06
5519,104.17011763399933,1,18.038275,True,True,1.430511474609375e-06
5520,104.18814600398764,1,17.978968,True,True,1.430511474609375e-06
5521,104.21724430797622,1,29.047331,True,True,1.430511474609375e-06
5522,104.23621143301716,1,18.855544,True,True,1.430511474609375e-06
5523,104.25454021501355,1,18.265466,True,True,1.430511474609375e-06
5524,104.27276996598812,1,18.18241,True,True,1.430511474609375e-06
5525,104.29072734998772,1,17.908336,True,True,1.430511474609375e-06
5526,104.3087345220265,1,17.952276,True,True,1.430511474609375e-06
5527,104.32661533297505,1,17.829839,True,True,1.430511474609375e-06
5528,104.34456965100253,1,17.908064,True,True,1.430511474609375e-06
5529,104.36248463002266,1,17.869869,True,True,1.430511474609375e-06
5530,104.380472438992,1,17.939201,True,True,1.430511474609375e-06
5531,104.39874992199475,1,18.233451,True,True,1.430511474609375e-06
5532,104.41683562501566,1,18.036625,True,True,1.430511474609375e-06
5533,104.43474845902529,1,17.866743,True,True,1.430511474609375e-06
5534,104.4527738619945,1,17.981323,True,True,1.430511474609375e-06
5535,104.47100424702512,1,18.186659,True,True,1.430511474609375e-06
5536,104.4892198399757,1,18.171336,True,True,1.430511474609375e-06
5537,104.50737776001915,1,18.11588,True,True,1.430511474609375e-06
5538,104.52558117598528,1,18.159428,True,True,1.430511474609375e-06
5539,104.54365105199395,1,18.02363,True,True,1.430511474609375e-06
5540,104.56179255701136,1,18.096559,True,True,1.430511474609375e-06
5541,104.5874585689744,1,25.611316,True,True,1.430511474609375e-06
5542,104.60952848999295,1,21.964609,True,True,1.430511474609375e-06
5543,104.62800628697732,1,18.407845,True,True,1.430511474609375e-06
5544,104.64606996299699,1,18.015619,True,True,1.430511474609375e-06
5545,104.66459353303071,1,18.475458,True,True,1.430511474609375e-06
5546,104.68270802800544,1,18.05992,True,True,1.430511474609375e-06
5547,104.70073974702973,1,17.98141,True,True,1.430511474609375e-06
5548,104.72927317302674,1,28.479629,True,True,1.430511474609375e-06
5549,104.74935731798178,1,19.97516,True,True,1.430511474609375e-06
5550,104.76769897498889,1,18.279975,True,True,1.430511474609375e-06
5551,104.78569295600755,1,17.946221,True,True,1.430511474609375e-06
5552,104.80366742698243,1,17.932124,True,True,1.430511474609375e-06
5553,104.8216297160252,1,17.922781,True,True,1.430511474609375e-06
5554,104.83957048802404,1,17.901381,True,True,1.430511474609375e-06
5555,104.85754221200477,1,17.929103,True,True,1.430511474609375e-06
5556,104.87564183300128,1,18.05695,True,True,1.430511474609375e-06
5557,104.8935851349961,1,17.899326,True,True,1.430511474609375e-06
5558,104.91173919098219,1,18.113879,True,True,1.430511474609375e-06
5559,104.92985103098908,1,18.070311,True,True,1.430511474609375e-06
5560,104.94805963500403,1,18.169081,True,True,1.430511474609375e-06
5561,104.96646564803086,1,18.363296,True,True,1.430511474609375e-06
5562,104.9843691320275,1,17.858803,True,True,1.430511474609375e-06
5563,105.00248189701233,1,18.068969,True,True,1.430511474609375e-06
5564,105.02061834302731,1,18.096646,True,True,1.430511474609375e-06
5565,105.0386181009817,1,17.948353,True,True,1.430511474609375e-06
5566,105.05677049001679,1,18.109141,True,True,1.430511474609375e-06
5567,105.07468003197573,1,17.867421,True,True,1.430511474609375e-06
5568,105.09275363199413,1,18.022237,True,True,1.430511474609375e-06
5569,105.1109836199903,1,18.183841,True,True,1.430511474609375e-06
5570,105.1290192240267,1,17.986801,True,True,1.430511474609375e-06
5571,105.1470474859816,1,17.987925,True,True,1.430511474609375e-06
5572,105.16534566198243,1,18.255486,True,True,1.430511474609375e-06
5573,105.18326886999421,1,17.8787,True,True,1.430511474609375e-06
5574,105.20713157497812,1,23.806271,True,True,1.430511474609375e-06
5575,105.23098107101396,1,23.736185,True,True,1.430511474609375e-06
5576,105.25611590401968,1,25.06762,True,True,1.430511474609375e-06
5577,105.2780733879772,1,21.873304,True,True,1.430511474609375e-06
5578,105.29637627501506,1,18.240841,True,True,1.430511474609375e-06
5579,105.3146004070295,1,18.171513,True,True,1.430511474609375e-06
5580,105.33301566698356,1,18.370952,True,True,1.430511474609375e-06
5581,105.3511704489938,1,18.108824,True,True,1.430511474609375e-06
5582,105.36947037099162,1,18.248075,True,True,1.430511474609375e-06
5583,105.3876891899854,1,18.170311,True,True,1.430511474609375e-06
5584,105.4058395770262,1,18.103785,True,True,1.430511474609375e-06
5585,105.42396175401518,1,18.072769,True,True,1.430511474609375e-06
5586,105.44202947698068,1,17.9949,True,True,1.430511474609375e-06
5587,105.46064697101247,1,18.566104,True,True,1.430511474609375e-06
5588,105.47879801900126,1,18.095012,True,True,1.430511474609375e-06
5589,105.49688466399675,1,18.039135,True,True,1.430511474609375e-06
5590,105.51547840499552,1,18.546017,True,True,1.430511474609375e-06
5591,105.53379638498882,1,18.274287,True,True,1.430511474609375e-06
5592,105.55217909999192,1,18.281939,True,True,1.430511474609375e-06
5593,105.5701696940232,1,17.933767,True,True,1.430511474609375e-06
5594,105.58841353998287,1,18.186678,True,True,1.430511474609375e-06
5595,105.60667084902525,1,18.189249,True,True,1.430511474609375e-06
5596,105.62463893101085,1,17.918364,True,True,1.430511474609375e-06
5597,105.64263804501388,1,17.950735,True,True,1.430511474609375e-06
5598,105.66051254997728,1,17.826411,True,True,1.430511474609375e-06
5599,105.67855161702028,1,17.992831,True,True,1.430511474609375e-06
5600,105.69670725200558,1,18.110267,True,True,1.430511474609375e-06
5601,105.71824833098799,1,21.497769,True,True,1.430511474609375e-06
5602,105.74567056901287,1,27.322197,True,True,1.430511474609375e-06
5603,105.76406393200159,1,18.298376,True,True,1.430511474609375e-06
5604,105.78224131499883,1,18.120434,True,True,1.430511474609375e-06
5605,105.80033482500585,1,18.048851,True,True,1.430511474609375e-06
5606,105.81825672701234,1,17.878232,True,True,1.430511474609375e-06
5607,105.83623710798565,1,17.936143,True,True,1.430511474609375e-06
5608,105.85416950000217,1,17.891718,True,True,1.430511474609375e-06
5609,105.87223263300257,1,18.019941,True,True,1.430511474609375e-06
5610,105.89030231302604,1,18.027841,True,True,1.430511474609375e-06
5611,105.90819611999905,1,17.849504,True,True,1.430511474609375e-06
5612,105.9263296109857,1,18.09131,True,True,1.430511474609375e-06
5613,105.94444305100478,1,18.069597,True,True,1.430511474609375e-06
5614,105.9626102889888,1,18.124344,True,True,1.430511474609375e-06
5615,105.98083759099245,1,18.186089,True,True,1.430511474609375e-06
5616,105.99859836598625,1,17.721149,True,True,1.430511474609375e-06
5617,106.01667922100751,1,18.03888,True,True,1.430511474609375e-06
5618,106.03485435101902,1,18.12198,True,True,1.430511474609375e-06
5619,106.053010447009,1,18.11378,True,True,1.430511474609375e-06
5620,106.07125733501744,1,18.201175,True,True,1.430511474609375e-06
5621,106.09600893600145,1,24.701108,True,True,1.430511474609375e-06
5622,106.11771134397713,1,21.604296,True,True,1.430511474609375e-06
5623,106.13600941898767,1,18.230248,True,True,1.430511474609375e-06
5624,106.15421933901962,1,18.159544,True,True,1.430511474609375e-06
5625,106.17255783901783,1,18.293049,True,True,1.430511474609375e-06
5626,106.19079063797835,1,18.181844,True,True,1.430511474609375e-06
5627,106.22065660799854,1,29.816473,True,True,1.430511474609375e-06
5628,106.23910399002489,1,18.337262,True,True,1.430511474609375e-06
5629,106.25744032103103,1,18.274988,True,True,1.430511474609375e-06
5630,106.27545189100783,1,17.960772,True,True,1.430511474609375e-06
5631,106.29351057100575,1,18.011038,True,True,1.430511474609375e-06
5632,106.31140875897836,1,17.845887,True,True,1.430511474609375e-06
5633,106.32929196400801,1,17.837466,True,True,1.430511474609375e-06
5634,106.34715470398078,1,17.816922,True,True,1.430511474609375e-06
5635,106.36519310501171,1,17.990294,True,True,1.430511474609375e-06
5636,106.38330306200078,1,18.064277,True,True,1.430511474609375e-06
5637,106.40115833998425,1,17.806525,True,True,1.430511474609375e-06
5638,106.41928115201881,1,18.073758,True,True,1.430511474609375e-06
5639,106.43777285597753,1,18.424985,True,True,1.430511474609375e-06
5640,106.45582370401826,1,17.954009,True,True,1.430511474609375e-06
5641,106.47395415202482,1,18.060621,True,True,1.430511474609375e-06
5642,106.49204759398708,1,18.044034,True,True,1.430511474609375e-06
5643,106.50992935098475,1,17.839389,True,True,1.430511474609375e-06
5644,106.52800760697573,1,18.031362,True,True,1.430511474609375e-06
5645,106.54610628000228,1,18.057065,True,True,1.430511474609375e-06
5646,106.56432194198715,1,18.169662,True,True,1.430511474609375e-06
5647,106.58256823202828,1,18.155409,True,True,1.430511474609375e-06
5648,106.60094674100401,1,18.287705,True,True,1.430511474609375e-06
5649,106.61910834402079,1,18.104792,True,True,1.430511474609375e-06
5650,106.63702777400613,1,17.867144,True,True,1.430511474609375e-06
5651,106.65517350798473,1,18.097267,True,True,1.430511474609375e-06
5652,106.6732080259826,1,17.990523,True,True,1.430511474609375e-06
5653,106.69142075697891,1,18.162871,True,True,1.430511474609375e-06
5654,106.71198806597386,1,20.518534,True,True,1.430511474609375e-06
5655,106.73804396903142,1,25.961122,True,True,1.430511474609375e-06
5656,106.75824797397945,1,20.10676,True,True,1.430511474609375e-06
5657,106.77655203302857,1,18.238818,True,True,1.430511474609375e-06
5658,106.79477601399412,1,18.173847,True,True,1.430511474609375e-06
5659,106.81296672398457,1,18.14706,True,True,1.430511474609375e-06
5660,106.83107219898375,1,18.064192,True,True,1.430511474609375e-06
5661,106.84931550797774,1,18.200375,True,True,1.430511474609375e-06
5662,106.86756884300848,1,18.204154,True,True,1.430511474609375e-06
5663,106.88576743699377,1,18.155333,True,True,1.430511474609375e-06
5664,106.90412800200284,1,18.310516,True,True,1.430511474609375e-06
5665,106.92895756103098,1,24.780384,True,True,1.430511474609375e-06
5666,106.95079766400158,1,21.763418,True,True,1.430511474609375e-06
5667,106.96912239101948,1,18.272249,True,True,1.430511474609375e-06
5668,106.98744899401208,1,18.283308,True,True,1.430511474609375e-06
5669,107.00590855599148,1,18.416046,True,True,1.430511474609375e-06
5670,107.02408510498935,1,18.133593,True,True,1.430511474609375e-06
5671,107.04209058801644,1,17.96027,True,True,1.430511474609375e-06
5672,107.0601967870025,1,18.060269,True,True,1.430511474609375e-06
5673,107.07853129698196,1,18.292167,True,True,1.430511474609375e-06
5674,107.09675526199862,1,18.146279,True,True,1.430511474609375e-06
5675,107.11506173602538,1,18.254857,True,True,1.430511474609375e-06
5676,107.13323388597928,1,18.120141,True,True,1.430511474609375e-06
5677,107.15138297103113,1,18.103281,True,True,1.430511474609375e-06
5678,107.16983881901251,1,18.415273,True,True,1.430511474609375e-06
5679,107.18799146497622,1,18.108763,True,True,1.430511474609375e-06
5680,107.2178567390074,1,29.814601,True,True,1.430511474609375e-06
5681,107.23643055203138,1,18.464593,True,True,1.430511474609375e-06
5682,107.25478434399702,1,18.293692,True,True,1.430511474609375e-06
5683,107.27317903999938,1,18.347832,True,True,1.430511474609375e-06
5684,107.29134725203039,1,18.125975,True,True,1.430511474609375e-06
5685,107.30962239502696,1,18.223843,True,True,1.430511474609375e-06
5686,107.32754603697686,1,17.873069,True,True,1.430511474609375e-06
5687,107.34553657198558,1,17.94601,True,True,1.430511474609375e-06
5688,107.36368941899855,1,18.104481,True,True,1.430511474609375e-06
5689,107.38175089197466,1,18.017692,True,True,1.430511474609375e-06
5690,107.40014929301105,1,18.350406,True,True,1.430511474609375e-06
5691,107.41830249497434,1,18.097161,True,True,1.430511474609375e-06
5692,107.43641343800118,1,18.059996,True,True,1.430511474609375e-06
5693,107.45427897002082,1,17.817276,True,True,1.430511474609375e-06
5694,107.47242138697766,1,18.095571,True,True,1.430511474609375e-06
5695,107.49065566202626,1,18.179909,True,True,1.430511474609375e-06
5696,107.50904623500537,1,18.344046,True,True,1.430511474609375e-06
5697,107.52740761800669,1,18.310257,True,True,1.430511474609375e-06
5698,107.54560789599782,1,18.156234,True,True,1.430511474609375e-06
5699,107.56346473400481,1,17.815296,True,True,1.430511474609375e-06
5700,107.58156728302129,1,18.057916,True,True,1.430511474609375e-06
5701,107.59991470800014,1,18.27156,True,True,1.430511474609375e-06
5702,107.61811855598353,1,18.14298,True,True,1.430511474609375e-06
5703,107.63609279197408,1,17.921252,True,True,1.430511474609375e-06
5704,107.65408989001298,1,17.951814,True,True,1.430511474609375e-06
5705,107.67210230702767,1,17.96873,True,True,1.430511474609375e-06
5706,107.69024518999504,1,18.082361,True,True,1.430511474609375e-06
5707,107.70856388402171,1,18.269243,True,True,1.430511474609375e-06
5708,107.72659047902562,1,17.979645,True,True,1.430511474609375e-06
5709,107.755140400026,1,28.479586,True,True,1.430511474609375e-06
5710,107.77520915400237,1,19.962458,True,True,1.430511474609375e-06
5711,107.79341883398592,1,18.145615,True,True,1.430511474609375e-06
5712,107.81137222301913,1,17.899912,True,True,1.430511474609375e-06
5713,107.82929472101387,1,17.875885,True,True,1.430511474609375e-06
5714,107.84739033301594,1,18.052333,True,True,1.430511474609375e-06
5715,107.86549861298408,1,18.06407,True,True,1.430511474609375e-06
5716,107.88369094702648,1,18.151594,True,True,1.430511474609375e-06
5717,107.90206041903002,1,18.328597,True,True,1.430511474609375e-06
5718,107.9201987410197,1,18.095708,True,True,1.430511474609375e-06
5719,107.93830631597666,1,18.063365,True,True,1.430511474609375e-06
5720,107.95681737503037,1,18.471272,True,True,1.430511474609375e-06
5721,107.97493856900837,1,18.072937,True,True,1.430511474609375e-06
5722,107.9930877989973,1,18.107561,True,True,1.430511474609375e-06
5723,108.01100065698847,1,17.867042,True,True,1.430511474609375e-06
5724,108.02905333897797,1,18.007615,True,True,1.430511474609375e-06
5725,108.04726070398465,1,18.154217,True,True,1.430511474609375e-06
5726,108.0651984870201,1,17.89587,True,True,1.430511474609375e-06
5727,108.0833369870088,1,18.092998,True,True,1.430511474609375e-06
5728,108.1014214840252,1,18.039004,True,True,1.430511474609375e-06
5729,108.11944163398584,1,17.977699,True,True,1.430511474609375e-06
5730,108.13757577101933,1,18.08846,True,True,1.430511474609375e-06
5731,108.15566263900837,1,18.042728,True,True,1.430511474609375e-06
5732,108.17363564798143,1,17.928959,True,True,1.430511474609375e-06
5733,108.1919736849959,1,18.271271,True,True,1.430511474609375e-06
5734,108.21991455298848,1,27.876316,True,True,1.430511474609375e-06
5735,108.24023463099729,1,20.212087,True,True,1.430511474609375e-06
5736,108.25866460200632,1,18.368958,True,True,1.430511474609375e-06
5737,108.2768938090303,1,18.181414,True,True,1.430511474609375e-06
5738,108.29518653202103,1,18.245911,True,True,1.430511474609375e-06
5739,108.31333432998508,1,18.089409,True,True,1.430511474609375e-06
5740,108.33159903698834,1,18.213524,True,True,1.430511474609375e-06
5741,108.34942444902845,1,17.781791,True,True,1.430511474609375e-06
5742,108.36747836600989,1,18.004857,True,True,1.430511474609375e-06
5743,108.38561473897425,1,18.084532,True,True,1.430511474609375e-06
5744,108.4037983759772,1,18.134229,True,True,1.430511474609375e-06
5745,108.42177592997905,1,17.927597,True,True,1.430511474609375e-06
5746,108.4396890180069,1,17.863613,True,True,1.430511474609375e-06
5747,108.45760256197536,1,17.864578,True,True,1.430511474609375e-06
5748,108.47556733997772,1,17.907369,True,True,1.430511474609375e-06
5749,108.493786402978,1,18.166045,True,True,1.430511474609375e-06
5750,108.511706381978,1,17.875796,True,True,1.430511474609375e-06
5751,108.52972037601285,1,17.973029,True,True,1.430511474609375e-06
5752,108.54795777401887,1,18.193095,True,True,1.430511474609375e-06
5753,108.56583484000294,1,17.830689,True,True,1.430511474609375e-06
5754,108.58401650498854,1,18.129969,True,True,1.430511474609375e-06
5755,108.60247670701938,1,18.403135,True,True,1.430511474609375e-06
5756,108.62064353597816,1,18.113497,True,True,1.430511474609375e-06
5757,108.63859655399574,1,17.897185,True,True,1.430511474609375e-06
5758,108.65671698201913,1,18.071305,True,True,1.430511474609375e-06
5759,108.67530852602795,1,18.544366,True,True,1.430511474609375e-06
5760,108.693757673027,1,18.330044,True,True,1.430511474609375e-06
5761,108.71229405101622,1,18.470407,True,True,1.430511474609375e-06
5762,108.73416003101738,1,21.804902,True,True,1.430511474609375e-06
5763,108.76105229603127,1,26.788011,True,True,1.430511474609375e-06
5764,108.77955037797801,1,18.410614,True,True,1.430511474609375e-06
5765,108.79812380700605,1,18.49432,True,True,1.430511474609375e-06
5766,108.81643785198685,1,18.219093,True,True,1.430511474609375e-06
5767,108.83464819402434,1,18.149078,True,True,1.430511474609375e-06
5768,108.86283281003125,1,28.126398,True,True,1.430511474609375e-06
5769,108.88145948998863,1,18.549465,True,True,1.430511474609375e-06
5770,108.89961578301154,1,18.099558,True,True,1.430511474609375e-06
5771,108.91774846601766,1,18.084488,True,True,1.430511474609375e-06
5772,108.93565916101215,1,17.867064,True,True,1.430511474609375e-06
5773,108.95371635101037,1,18.01566,True,True,1.430511474609375e-06
5774,108.97199709300185,1,18.237817,True,True,1.430511474609375e-06
5775,108.99007957999129,1,18.040131,True,True,1.430511474609375e-06
5776,109.00812995200977,1,18.011364,True,True,1.430511474609375e-06
5777,109.02629899402382,1,18.129936,True,True,1.430511474609375e-06
5778,109.04454445099691,1,18.197568,True,True,1.430511474609375e-06
5779,109.06258844601689,1,17.998684,True,True,1.430511474609375e-06
5780,109.08070474502165,1,18.070722,True,True,1.430511474609375e-06
5781,109.09877684700768,1,18.024126,True,True,1.430511474609375e-06
5782,109.11671264801407,1,17.893205,True,True,1.430511474609375e-06
5783,109.13469760701992,1,17.94208,True,True,1.430511474609375e-06
5784,109.15279135201126,1,18.050187,True,True,1.430511474609375e-06
5785,109.17093642702093,1,18.102684,True,True,1.430511474609375e-06
5786,109.18927448999602,1,18.289574,True,True,1.430511474609375e-06
5787,109.21925176301738,1,29.92594,True,True,1.430511474609375e-06
5788,109.23785423097434,1,18.487582,True,True,1.430511474609375e-06
5789,109.2560819700011,1,18.16378,True,True,1.430511474609375e-06
5790,109.274580436002,1,18.450226,True,True,1.430511474609375e-06
5791,109.29284566902788,1,18.222195,True,True,1.430511474609375e-06
5792,109.31076901999768,1,17.875504,True,True,1.430511474609375e-06
5793,109.32876447500894,1,17.944892,True,True,1.430511474609375e-06
5794,109.34669840999413,1,17.885689,True,True,1.430511474609375e-06
5795,109.36482204997446,1,18.071558,True,True,1.430511474609375e-06
5796,109.38274680799805,1,17.876502,True,True,1.430511474609375e-06
5797,109.40069358301116,1,17.896534,True,True,1.430511474609375e-06
5798,109.41869852202944,1,17.957838,True,True,1.430511474609375e-06
5799,109.43685347499559,1,18.107792,True,True,1.430511474609375e-06
5800,109.45698620402254,1,20.085965,True,True,1.430511474609375e-06
5801,109.47496597701684,1,17.928929,True,True,1.430511474609375e-06
5802,109.49294920102693,1,17.936679,True,True,1.430511474609375e-06
5803,109.51133483898593,1,18.333386,True,True,1.430511474609375e-06
5804,109.53024019300938,1,18.857964,True,True,1.430511474609375e-06
5805,109.5486079530092,1,18.295223,True,True,1.430511474609375e-06
5806,109.56704135198379,1,18.379213,True,True,1.430511474609375e-06
5807,109.58509399002651,1,17.995333,True,True,1.430511474609375e-06
5808,109.60328447597567,1,18.109463,True,True,1.430511474609375e-06
5809,109.62149723502807,1,18.151498,True,True,1.430511474609375e-06
5810,109.6400052770041,1,18.450433,True,True,1.430511474609375e-06
5811,109.65821877401322,1,18.157482,True,True,1.430511474609375e-06
5812,109.67623028502567,1,17.960058,True,True,1.430511474609375e-06
5813,109.69439466000767,1,18.108738,True,True,1.430511474609375e-06
5814,109.71261702600168,1,18.173665,True,True,1.430511474609375e-06
5815,109.73436980799306,1,21.705516,True,True,1.430511474609375e-06
5816,109.7608092679875,1,26.319,True,True,1.430511474609375e-06
5817,109.77917805098696,1,18.286187,True,True,1.430511474609375e-06
5818,109.79802204098087,1,18.783624,True,True,1.430511474609375e-06
5819,109.81617297697812,1,18.104444,True,True,1.430511474609375e-06
5820,109.83472929202253,1,18.511282,True,True,1.430511474609375e-06
5821,109.85294583201176,1,18.162006,True,True,1.430511474609375e-06
5822,109.87109255301766,1,18.096661,True,True,1.430511474609375e-06
5823,109.88899726100499,1,17.863906,True,True,1.430511474609375e-06
5824,109.90717348799808,1,18.133932,True,True,1.430511474609375e-06
5825,109.92557344201487,1,18.358582,True,True,1.430511474609375e-06
5826,109.94402681000065,1,18.39841,True,True,1.430511474609375e-06
5827,109.9622892329935,1,18.211686,True,True,1.430511474609375e-06
5828,109.98049514897866,1,18.161332,True,True,1.430511474609375e-06
5829,109.99836644699099,1,17.829567,True,True,1.430511474609375e-06
5830,110.01640716101974,1,17.997559,True,True,1.430511474609375e-06
5831,110.03504815901397,1,18.591806,True,True,1.430511474609375e-06
5832,110.05325763497967,1,18.157678,True,True,1.430511474609375e-06
5833,110.07123537099687,1,17.929169,True,True,1.430511474609375e-06
5834,110.08926817798056,1,17.990972,True,True,1.430511474609375e-06
5835,110.10717667697463,1,17.860741,True,True,1.430511474609375e-06
5836,110.1254159269738,1,18.197272,True,True,1.430511474609375e-06
5837,110.14401228597853,1,18.54799,True,True,1.430511474609375e-06
5838,110.16217427997617,1,18.106068,True,True,1.430511474609375e-06
5839,110.18013859301573,1,17.919293,True,True,1.430511474609375e-06
5840,110.20159788400633,1,21.394589,True,True,1.430511474609375e-06
5841,110.2286304809968,1,26.91269,True,True,1.430511474609375e-06
5842,110.24699907202739,1,18.284372,True,True,1.430511474609375e-06
5843,110.26503105001757,1,17.97596,True,True,1.430511474609375e-06
5844,110.28304776898585,1,17.970063,True,True,1.430511474609375e-06
5845,110.30124186701141,1,18.14135,True,True,1.430511474609375e-06
5846,110.31930002302397,1,17.982443,True,True,1.430511474609375e-06
5847,110.33799017302226,1,18.628484,True,True,1.430511474609375e-06
5848,110.3562103480217,1,18.172883,True,True,1.430511474609375e-06
5849,110.37407674302813,1,17.815387,True,True,1.430511474609375e-06
5850,110.39251818897901,1,18.390613,True,True,1.430511474609375e-06
5851,110.41047688102117,1,17.905169,True,True,1.430511474609375e-06
5852,110.42889340198599,1,18.361953,True,True,1.430511474609375e-06
5853,110.44695395400049,1,18.009698,True,True,1.430511474609375e-06
5854,110.46505586098647,1,18.049751,True,True,1.430511474609375e-06
5855,110.48334972700104,1,18.235026,True,True,1.430511474609375e-06
5856,110.50143840600504,1,18.037662,True,True,1.430511474609375e-06
5857,110.52238214301178,1,20.894669,True,True,1.430511474609375e-06
5858,110.54830758500611,1,25.856565,True,True,1.430511474609375e-06
5859,110.56686805502977,1,18.485944,True,True,1.430511474609375e-06
5860,110.58520392002538,1,18.284064,True,True,1.430511474609375e-06
5861,110.60319668997545,1,17.93378,True,True,1.430511474609375e-06
5862,110.62139817298157,1,18.151977,True,True,1.430511474609375e-06
5863,110.63993197999662,1,18.480334,True,True,1.430511474609375e-06
5864,110.6580877060187,1,18.097092,True,True,1.430511474609375e-06
5865,110.67649898701347,1,18.355313,True,True,1.430511474609375e-06
5866,110.69493245298509,1,18.382022,True,True,1.430511474609375e-06
5867,110.7132020299905,1,18.215472,True,True,1.430511474609375e-06
5868,110.73113306600135,1,17.885688,True,True,1.430511474609375e-06
5869,110.75984517799225,1,28.647821,True,True,1.430511474609375e-06
5870,110.78001802798826,1,20.061109,True,True,1.430511474609375e-06
5871,110.79838541499339,1,18.306178,True,True,1.430511474609375e-06
5872,110.81640464899829,1,17.961574,True,True,1.430511474609375e-06
5873,110.83493661601096,1,18.4836,True,True,1.430511474609375e-06
5874,110.85331488499651,1,18.328619,True,True,1.430511474609375e-06
5875,110.87141021899879,1,18.041713,True,True,1.430511474609375e-06
5876,110.88940688298317,1,17.947763,True,True,1.430511474609375e-06
5877,110.90741230000276,1,17.951317,True,True,1.430511474609375e-06
5878,110.92541547102155,1,17.959792,True,True,1.430511474609375e-06
5879,110.94418301101541,1,18.726053,True,True,1.430511474609375e-06
5880,110.96236989001045,1,18.145413,True,True,1.430511474609375e-06
5881,110.98058706300799,1,18.173918,True,True,1.430511474609375e-06
5882,110.9986126110307,1,17.979511,True,True,1.430511474609375e-06
5883,111.01651921600569,1,17.864341,True,True,1.430511474609375e-06
5884,111.03515249001794,1,18.584985,True,True,1.430511474609375e-06
5885,111.05339386500418,1,18.188132,True,True,1.430511474609375e-06
5886,111.07156503398437,1,18.11864,True,True,1.430511474609375e-06
5887,111.08981439599302,1,18.203796,True,True,1.430511474609375e-06
5888,111.1082004570053,1,18.332901,True,True,1.430511474609375e-06
5889,111.12620486499509,1,17.961468,True,True,1.430511474609375e-06
5890,111.14494056202238,1,18.680745,True,True,1.430511474609375e-06
5891,111.16319793800358,1,18.212682,True,True,1.430511474609375e-06
5892,111.18832125299377,1,25.075328,True,True,1.430511474609375e-06
5893,111.22124226897722,1,32.806913,True,True,1.430511474609375e-06
5894,111.24022277101176,1,18.825753,True,True,1.430511474609375e-06
5895,111.25819784100167,1,17.915813,True,True,1.430511474609375e-06
5896,111.27634340699296,1,18.083132,True,True,1.430511474609375e-06
5897,111.29526138398796,1,18.851476,True,True,1.430511474609375e-06
5898,111.31351534300484,1,18.15056,True,True,1.430511474609375e-06
5899,111.33164755202597,1,18.070133,True,True,1.430511474609375e-06
5900,111.34962764300872,1,17.926565,True,True,1.430511474609375e-06
5901,111.36796371400123,1,18.283844,True,True,1.430511474609375e-06
5902,111.38658929802477,1,18.565517,True,True,1.430511474609375e-06
5903,111.40511905698804,1,18.460973,True,True,1.430511474609375e-06
5904,111.42381030198885,1,18.580655,True,True,1.430511474609375e-06
5905,111.44247562700184,1,18.566212,True,True,1.430511474609375e-06
5906,111.46065198403085,1,18.111694,True,True,1.430511474609375e-06
5907,111.47875887597911,1,18.050584,True,True,1.430511474609375e-06
5908,111.4976885690121,1,18.876678,True,True,1.430511474609375e-06
5909,111.51577555801487,1,18.02868,True,True,1.430511474609375e-06
5910,111.53425145399524,1,18.422507,True,True,1.430511474609375e-06
5911,111.55274062301032,1,18.38263,True,True,1.430511474609375e-06
5912,111.57097265997436,1,18.171174,True,True,1.430511474609375e-06
5913,111.59036825300427,1,19.340157,True,True,1.430511474609375e-06
5914,111.60891540301964,1,18.465551,True,True,1.430511474609375e-06
5915,111.62742138002068,1,18.446196,True,True,1.430511474609375e-06
5916,111.64586629800033,1,18.389773,True,True,1.430511474609375e-06
5917,111.66389505797997,1,17.981338,True,True,1.430511474609375e-06
5918,111.68190587102436,1,17.96575,True,True,1.430511474609375e-06
5919,111.70078296097927,1,18.822957,True,True,1.430511474609375e-06
5920,111.71902565000346,1,18.188466,True,True,1.430511474609375e-06
5921,111.73721684899647,1,18.144939,True,True,1.430511474609375e-06
5922,111.76753931603162,1,30.26747,True,True,1.430511474609375e-06
5923,111.78666233603144,1,19.007985,True,True,1.430511474609375e-06
5924,111.8051021139836,1,18.367083,True,True,1.430511474609375e-06
5925,111.82332160702208,1,18.166457,True,True,1.430511474609375e-06
5926,111.8439021849772,1,20.534363,True,True,1.430511474609375e-06
5927,111.87012446398148,1,26.158043,True,True,1.430511474609375e-06
5928,111.88852537801722,1,18.327277,True,True,1.430511474609375e-06
5929,111.90677556302398,1,18.19357,True,True,1.430511474609375e-06
5930,111.92500698601361,1,18.181727,True,True,1.430511474609375e-06
5931,111.9429266040097,1,17.873879,True,True,1.430511474609375e-06
5932,111.96163554000668,1,18.666915,True,True,1.430511474609375e-06
5933,111.97995133901713,1,18.26676,True,True,1.430511474609375e-06
5934,111.9981465790188,1,18.149098,True,True,1.430511474609375e-06
5935,112.01633100002073,1,18.138687,True,True,1.430511474609375e-06
5936,112.0346406060271,1,18.268614,True,True,1.430511474609375e-06
5937,112.05322254402563,1,18.533945,True,True,1.430511474609375e-06
5938,112.07157080102479,1,18.289204,True,True,1.430511474609375e-06
5939,112.09001199901104,1,18.390064,True,True,1.430511474609375e-06
5940,112.108368050016,1,18.309133,True,True,1.430511474609375e-06
5941,112.12637661700137,1,17.962674,True,True,1.430511474609375e-06
5942,112.14448358298978,1,18.056708,True,True,1.430511474609375e-06
5943,112.1629322799854,1,18.401582,True,True,1.430511474609375e-06
5944,112.18120943399845,1,18.226996,True,True,1.430511474609375e-06
5945,112.20923504099483,1,27.96205,True,True,1.430511474609375e-06
5946,112.22979595797369,1,20.444823,True,True,1.430511474609375e-06
5947,112.24803299998166,1,18.179045,True,True,1.430511474609375e-06
5948,112.26649108203128,1,18.408008,True,True,1.430511474609375e-06
5949,112.28463697398547,1,18.093892,True,True,1.430511474609375e-06
5950,112.30261551000876,1,17.932641,True,True,1.430511474609375e-06
5951,112.32059743697755,1,17.924868,True,True,1.430511474609375e-06
5952,112.33839758299291,1,17.753721,True,True,1.430511474609375e-06
5953,112.35693335498217,1,18.494147,True,True,1.430511474609375e-06
5954,112.37514036498033,1,18.146512,True,True,1.430511474609375e-06
5955,112.393370795995,1,18.173774,True,True,1.430511474609375e-06
5956,112.41139539697906,1,17.963238,True,True,1.430511474609375e-06
5957,112.42949972499628,1,18.049177,True,True,1.430511474609375e-06
5958,112.44771538901841,1,18.166019,True,True,1.430511474609375e-06
5959,112.4661464120145,1,18.375865,True,True,1.430511474609375e-06
5960,112.48430496000219,1,18.086966,True,True,1.430511474609375e-06
5961,112.50227827398339,1,17.914056,True,True,1.430511474609375e-06
5962,112.52027802402154,1,17.952676,True,True,1.430511474609375e-06
5963,112.5383855610271,1,18.061126,True,True,1.430511474609375e-06
5964,112.55670202500187,1,18.271787,True,True,1.430511474609375e-06
5965,112.57504639099352,1,18.293481,True,True,1.430511474609375e-06
5966,112.59346294897841,1,18.344663,True,True,1.430511474609375e-06
5967,112.61154935602099,1,18.012589,True,True,1.430511474609375e-06
5968,112.62985793000553,1,18.251102,True,True,1.430511474609375e-06
5969,112.6478177930112,1,17.901643,True,True,1.430511474609375e-06
5970,112.66658658802044,1,18.717079,True,True,1.430511474609375e-06
5971,112.69192708999617,1,25.273896,True,True,1.430511474609375e-06
5972,112.71333062101621,1,21.313256,True,True,1.430511474609375e-06
5973,112.73153891501715,1,18.145674,True,True,1.430511474609375e-06
5974,112.75987346697366,1,28.276563,True,True,1.430511474609375e-06
5975,112.78005030599888,1,20.063943,True,True,1.430511474609375e-06
5976,112.79856892098906,1,18.452565,True,True,1.430511474609375e-06
5977,112.81679582898505,1,18.173409,True,True,1.430511474609375e-06
5978,112.83502638601931,1,18.187674,True,True,1.430511474609375e-06
5979,112.85284233797574,1,17.770511,True,True,1.430511474609375e-06
5980,112.87090194399934,1,18.015876,True,True,1.430511474609375e-06
5981,112.88957620499423,1,18.630466,True,True,1.430511474609375e-06
5982,112.9075725270086,1,17.953266,True,True,1.430511474609375e-06
5983,112.92565402801847,1,18.034908,True,True,1.430511474609375e-06
5984,112.94390405499144,1,18.207747,True,True,1.430511474609375e-06
5985,112.96191826299764,1,17.965205,True,True,1.430511474609375e-06
5986,112.98049556202022,1,18.532395,True,True,1.430511474609375e-06
5987,112.99895307898987,1,18.411875,True,True,1.430511474609375e-06
5988,113.01690609200159,1,17.901668,True,True,1.430511474609375e-06
5989,113.03491397300968,1,17.964637,True,True,1.430511474609375e-06
5990,113.05298792797839,1,18.014772,True,True,1.430511474609375e-06
5991,113.07103884097887,1,17.995562,True,True,1.430511474609375e-06
5992,113.09012066398282,1,19.033517,True,True,1.430511474609375e-06
5993,113.10838313301792,1,18.203167,True,True,1.430511474609375e-06
5994,113.12664699897869,1,18.21407,True,True,1.430511474609375e-06
5995,113.14494393899804,1,18.248106,True,True,1.430511474609375e-06
5996,113.1630752729834,1,18.077714,True,True,1.430511474609375e-06
5997,113.18219330499414,1,19.066486,True,True,1.430511474609375e-06
5998,113.2101524270256,1,27.883761,True,True,1.430511474609375e-06
5999,113.23088138899766,1,20.615459,True,True,1.430511474609375e-06
6000,113.24917035299586,1,18.230909,True,True,1.430511474609375e-06
6001,113.26738347799983,1,18.156327,True,True,1.430511474609375e-06
6002,113.28635069599841,1,18.921384,True,True,1.430511474609375e-06
6003,113.30458292702679,1,18.169909,True,True,1.430511474609375e-06
6004,113.32274394697743,1,18.089045,True,True,1.430511474609375e-06
6005,113.34104739601025,1,18.246206,True,True,1.430511474609375e-06
6006,113.35945439100033,1,18.359605,True,True,1.430511474609375e-06
6007,113.37779194000177,1,18.282894,True,True,1.430511474609375e-06
6008,113.39658435201272,1,18.739012,True,True,1.430511474609375e-06
6009,113.41501167201204,1,18.370493,True,True,1.430511474609375e-06
6010,113.43322359898593,1,18.144223,True,True,1.430511474609375e-06
6011,113.45149908802705,1,18.223328,True,True,1.430511474609375e-06
6012,113.46972963202279,1,18.175699,True,True,1.430511474609375e-06
6013,113.48843354999553,1,18.633004,True,True,1.430511474609375e-06
6014,113.50723548501264,1,18.738382,True,True,1.430511474609375e-06
6015,113.52805327501846,1,20.756648,True,True,1.430511474609375e-06
6016,113.55323463398963,1,25.104764,True,True,1.430511474609375e-06
6017,113.57156883599237,1,18.268085,True,True,1.430511474609375e-06
6018,113.58989739598474,1,18.278788,True,True,1.430511474609375e-06
6019,113.60845503699966,1,18.477773,True,True,1.430511474609375e-06
6020,113.62667037599022,1,18.159184,True,True,1.430511474609375e-06
6021,113.64541972300503,1,18.694518,True,True,1.430511474609375e-06
6022,113.66399072197964,1,18.51575,True,True,1.430511474609375e-06
6023,113.68223372497596,1,18.192717,True,True,1.430511474609375e-06
6024,113.70058990997495,1,18.261006,True,True,1.430511474609375e-06
6025,113.71895732101984,1,18.277245,True,True,1.430511474609375e-06
6026,113.7380633970024,1,19.010089,True,True,1.430511474609375e-06
6027,113.75693926698295,1,18.771605,True,True,1.430511474609375e-06
6028,113.78713073098334,1,30.095548,True,True,1.430511474609375e-06
6029,113.80622287502047,1,18.973096,True,True,1.430511474609375e-06
6030,113.82443225802854,1,18.098679,True,True,1.430511474609375e-06
6031,113.8431482539745,1,18.653082,True,True,1.430511474609375e-06
6032,113.86148339899955,1,18.28802,True,True,1.430511474609375e-06
6033,113.87941250699805,1,17.885016,True,True,1.430511474609375e-06
6034,113.89747869700659,1,18.024431,True,True,1.430511474609375e-06
6035,113.91563331597717,1,18.113339,True,True,1.430511474609375e-06
6036,113.93383066402748,1,18.150706,True,True,1.430511474609375e-06
6037,113.95194825797807,1,18.070481,True,True,1.430511474609375e-06
6038,113.97010370297357,1,18.108925,True,True,1.430511474609375e-06
6039,113.98829057603143,1,18.143695,True,True,1.430511474609375e-06
6040,114.00651415600441,1,18.18436,True,True,1.430511474609375e-06
6041,114.02461073198356,1,18.056411,True,True,1.430511474609375e-06
6042,114.04339159902884,1,18.731404,True,True,1.430511474609375e-06
6043,114.06144614698133,1,18.001594,True,True,1.430511474609375e-06
6044,114.07961753598647,1,18.125748,True,True,1.430511474609375e-06
6045,114.09781439497601,1,18.15234,True,True,1.430511474609375e-06
6046,114.11598897201475,1,18.125464,True,True,1.430511474609375e-06
6047,114.13421009702142,1,18.17451,True,True,1.430511474609375e-06
6048,114.15221749298507,1,17.951439,True,True,1.430511474609375e-06
6049,114.17048626899486,1,18.222808,True,True,1.430511474609375e-06
6050,114.18846571299946,1,17.933284,True,True,1.430511474609375e-06
6051,114.2168628469808,1,28.345562,True,True,1.430511474609375e-06
6052,114.23711903300136,1,20.142469,True,True,1.430511474609375e-06
6053,114.25523156899726,1,18.047926,True,True,1.430511474609375e-06
6054,114.27317477302859,1,17.891449,True,True,1.430511474609375e-06
6055,114.29152569302823,1,18.303514,True,True,1.430511474609375e-06
6056,114.30970750702545,1,18.122898,True,True,1.430511474609375e-06
6057,114.3277356090257,1,17.977136,True,True,1.430511474609375e-06
6058,114.34578048600815,1,17.997218,True,True,1.430511474609375e-06
6059,114.36388452799292,1,18.060012,True,True,1.430511474609375e-06
6060,114.38169490703149,1,17.765864,True,True,1.430511474609375e-06
6061,114.39988904399797,1,18.14659,True,True,1.430511474609375e-06
6062,114.41793874901487,1,17.999374,True,True,1.430511474609375e-06
6063,114.43604284198955,1,18.05678,True,True,1.430511474609375e-06
6064,114.4542465939885,1,18.153772,True,True,1.430511474609375e-06
6065,114.47218675899785,1,17.893034,True,True,1.430511474609375e-06
6066,114.49021093698684,1,17.972769,True,True,1.430511474609375e-06
6067,114.50812398700509,1,17.867555,True,True,1.430511474609375e-06
6068,114.5261963820085,1,18.030458,True,True,1.430511474609375e-06
6069,114.54414341202937,1,17.90336,True,True,1.430511474609375e-06
6070,114.5620505179977,1,17.863864,True,True,1.430511474609375e-06
6071,114.58040605101269,1,18.313491,True,True,1.430511474609375e-06
6072,114.59832434298005,1,17.85775,True,True,1.430511474609375e-06
6073,114.61637628800236,1,17.988266,True,True,1.430511474609375e-06
6074,114.63474155397853,1,18.315973,True,True,1.430511474609375e-06
6075,114.65284011198673,1,18.051762,True,True,1.430511474609375e-06
6076,114.67109533102484,1,18.210172,True,True,1.430511474609375e-06
6077,114.68936282600043,1,18.215484,True,True,1.430511474609375e-06
6078,114.70762081100838,1,18.212253,True,True,1.430511474609375e-06
6079,114.72581327799708,1,18.147716,True,True,1.430511474609375e-06
6080,114.74396029597847,1,18.098912,True,True,1.430511474609375e-06
6081,114.76479281601496,1,20.786501,True,True,1.430511474609375e-06
6082,114.79085598798702,1,25.956262,True,True,1.430511474609375e-06
6083,114.81085437699221,1,19.907491,True,True,1.430511474609375e-06
6084,114.82900543801952,1,18.096539,True,True,1.430511474609375e-06
6085,114.8471688660211,1,18.117683,True,True,1.430511474609375e-06
6086,114.86526432697428,1,18.051867,True,True,1.430511474609375e-06
6087,114.8833902470069,1,18.081131,True,True,1.430511474609375e-06
6088,114.90162949502701,1,18.194843,True,True,1.430511474609375e-06
6089,114.91958544199588,1,17.907977,True,True,1.430511474609375e-06
6090,114.93768828699831,1,18.060171,True,True,1.430511474609375e-06
6091,114.95589710597415,1,18.164703,True,True,1.430511474609375e-06
6092,114.97429717797786,1,18.351035,True,True,1.430511474609375e-06
6093,114.99270609102678,1,18.362563,True,True,1.430511474609375e-06
6094,115.01055119198281,1,17.801898,True,True,1.430511474609375e-06
6095,115.02868808398489,1,18.092871,True,True,1.430511474609375e-06
6096,115.04681160999462,1,18.072895,True,True,1.430511474609375e-06
6097,115.06473125302,1,17.874572,True,True,1.430511474609375e-06
6098,115.0828766230261,1,18.102123,True,True,1.430511474609375e-06
6099,115.10099753900431,1,18.075081,True,True,1.430511474609375e-06
6100,115.1190423949738,1,18.001591,True,True,1.430511474609375e-06
6101,115.13709428301081,1,18.010714,True,True,1.430511474609375e-06
6102,115.15536577702733,1,18.22291,True,True,1.430511474609375e-06
6103,115.17382097500376,1,18.408737,True,True,1.430511474609375e-06
6104,115.19211269600783,1,18.226498,True,True,1.430511474609375e-06
6105,115.22020996699575,1,28.029284,True,True,1.430511474609375e-06
6106,115.24032947298838,1,20.012483,True,True,1.430511474609375e-06
6107,115.2584499620134,1,18.055939,True,True,1.430511474609375e-06
6108,115.27645265200408,1,17.955029,True,True,1.430511474609375e-06
6109,115.29457662301138,1,18.079173,True,True,1.430511474609375e-06
6110,115.31286274897866,1,18.233563,True,True,1.430511474609375e-06
6111,115.33102040900849,1,18.111985,True,True,1.430511474609375e-06
6112,115.34923888900084,1,18.167257,True,True,1.430511474609375e-06
6113,115.36740315897623,1,18.121222,True,True,1.430511474609375e-06
6114,115.38556139502907,1,18.109681,True,True,1.430511474609375e-06
6115,115.40414753201185,1,18.52831,True,True,1.430511474609375e-06
6116,115.42236326402053,1,18.158024,True,True,1.430511474609375e-06
6117,115.44305707502645,1,20.644075,True,True,1.430511474609375e-06
6118,115.46885065600509,1,25.697644,True,True,1.430511474609375e-06
6119,115.48729324201122,1,18.367881,True,True,1.430511474609375e-06
6120,115.50553545699222,1,18.186404,True,True,1.430511474609375e-06
6121,115.52343852602644,1,17.858731,True,True,1.430511474609375e-06
6122,115.54167295602383,1,18.19187,True,True,1.430511474609375e-06
6123,115.55982019001385,1,18.098845,True,True,1.430511474609375e-06
6124,115.57843024202157,1,18.56839,True,True,1.430511474609375e-06
6125,115.59700818901183,1,18.491941,True,True,1.430511474609375e-06
6126,115.61505494697485,1,17.97633,True,True,1.430511474609375e-06
6127,115.63321842101868,1,18.105342,True,True,1.430511474609375e-06
6128,115.6515103619895,1,18.238802,True,True,1.430511474609375e-06
6129,115.66988300502999,1,18.327445,True,True,1.430511474609375e-06
6130,115.68795969197527,1,18.027661,True,True,1.430511474609375e-06
6131,115.70617388002574,1,18.172541,True,True,1.430511474609375e-06
6132,115.72437877202174,1,18.163018,True,True,1.430511474609375e-06
6133,115.742566136003,1,18.134569,True,True,1.430511474609375e-06
6134,115.76324682001723,1,20.635485,True,True,1.430511474609375e-06
6135,115.7910294070025,1,27.692843,True,True,1.430511474609375e-06
6136,115.80985267902724,1,18.732856,True,True,1.430511474609375e-06
6137,115.82815155701246,1,18.229781,True,True,1.430511474609375e-06
6138,115.84635002200957,1,18.151701,True,True,1.430511474609375e-06
6139,115.86474662797991,1,18.346212,True,True,1.430511474609375e-06
6140,115.8826870379853,1,17.891447,True,True,1.430511474609375e-06
6141,115.90069173299707,1,17.960003,True,True,1.430511474609375e-06
6142,115.91865627199877,1,17.921764,True,True,1.430511474609375e-06
6143,115.93687663099263,1,18.176289,True,True,1.430511474609375e-06
6144,115.95499381702393,1,18.05609,True,True,1.430511474609375e-06
6145,115.97286878200248,1,17.823119,True,True,1.430511474609375e-06
6146,115.99099965603091,1,18.082655,True,True,1.430511474609375e-06
6147,116.0091392659815,1,18.096865,True,True,1.430511474609375e-06
6148,116.02734384697396,1,18.161195,True,True,1.430511474609375e-06
6149,116.04517136898357,1,17.786525,True,True,1.430511474609375e-06
6150,116.0631523039774,1,17.937001,True,True,1.430511474609375e-06
6151,116.08142069302266,1,18.224189,True,True,1.430511474609375e-06
6152,116.099547935999,1,18.086366,True,True,1.430511474609375e-06
6153,116.11761537799612,1,18.024394,True,True,1.430511474609375e-06
6154,116.13546418800252,1,17.805138,True,True,1.430511474609375e-06
6155,116.15335625701118,1,17.850724,True,True,1.430511474609375e-06
6156,116.17147702199873,1,18.079454,True,True,1.430511474609375e-06
6157,116.18961136002326,1,18.089129,True,True,1.430511474609375e-06
6158,116.21790231700288,1,28.239426,True,True,1.430511474609375e-06
6159,116.23812380299205,1,20.115055,True,True,1.430511474609375e-06
6160,116.25636707001831,1,18.179359,True,True,1.430511474609375e-06
6161,116.2745434520184,1,18.126731,True,True,1.430511474609375e-06
6162,116.29271152097499,1,18.124155,True,True,1.430511474609375e-06
6163,116.31062169698998,1,17.866107,True,True,1.430511474609375e-06
6164,116.32851927197771,1,17.851997,True,True,1.430511474609375e-06
6165,116.34675857500406,1,18.197795,True,True,1.430511474609375e-06
6166,116.36491520598065,1,18.115177,True,True,1.430511474609375e-06
6167,116.38304787897505,1,18.084554,True,True,1.430511474609375e-06
6168,116.40131722099613,1,18.223754,True,True,1.430511474609375e-06
6169,116.41976142500062,1,18.3575,True,True,1.430511474609375e-06
6170,116.437938802992,1,18.089496,True,True,1.430511474609375e-06
6171,116.456010385009,1,18.02154,True,True,1.430511474609375e-06
6172,116.47422666702187,1,18.169152,True,True,1.430511474609375e-06
6173,116.49210661801044,1,17.834552,True,True,1.430511474609375e-06
6174,116.51020772999618,1,18.053977,True,True,1.430511474609375e-06
6175,116.52866882499075,1,18.397502,True,True,1.430511474609375e-06
6176,116.5470465500257,1,18.275777,True,True,1.430511474609375e-06
6177,116.56549010297749,1,18.384247,True,True,1.430511474609375e-06
6178,116.58350357302697,1,17.963467,True,True,1.430511474609375e-06
6179,116.60171381797409,1,18.144129,True,True,1.430511474609375e-06
6180,116.61980906798271,1,18.046948,True,True,1.430511474609375e-06
6181,116.63776721502654,1,17.908431,True,True,1.430511474609375e-06
6182,116.65577248798218,1,17.960437,True,True,1.430511474609375e-06
6183,116.67357073101448,1,17.753384,True,True,1.430511474609375e-06
6184,116.69168990000617,1,18.076016,True,True,1.430511474609375e-06
6185,116.70979330001865,1,18.059651,True,True,1.430511474609375e-06
6186,116.72798154701013,1,18.147076,True,True,1.430511474609375e-06
6187,116.74635696702171,1,18.333598,True,True,1.430511474609375e-06
6188,116.76478557498194,1,18.381919,True,True,1.430511474609375e-06
6189,116.7866637930274,1,21.821586,True,True,1.430511474609375e-06
6190,116.81332748301793,1,26.557809,True,True,1.430511474609375e-06
6191,116.83179278898751,1,18.38865,True,True,1.430511474609375e-06
6192,116.85003246099222,1,18.18912,True,True,1.430511474609375e-06
6193,116.86819372401806,1,18.120236,True,True,1.430511474609375e-06
6194,116.88617290899856,1,17.934467,True,True,1.430511474609375e-06
6195,116.904266714002,1,18.052681,True,True,1.430511474609375e-06
6196,116.92247054399922,1,18.165403,True,True,1.430511474609375e-06
6197,116.94060358899878,1,18.091481,True,True,1.430511474609375e-06
6198,116.95847275701817,1,17.828435,True,True,1.430511474609375e-06
6199,116.97652278002352,1,18.009346,True,True,1.430511474609375e-06
6200,116.99463231401751,1,18.069254,True,True,1.430511474609375e-06
6201,117.0127993929782,1,18.122173,True,True,1.430511474609375e-06
6202,117.0309119130252,1,18.071913,True,True,1.430511474609375e-06
6203,117.04900630400516,1,18.050364,True,True,1.430511474609375e-06
6204,117.06691150797997,1,17.863761,True,True,1.430511474609375e-06
6205,117.08498547697673,1,18.030011,True,True,1.430511474609375e-06
6206,117.10326594801154,1,18.236884,True,True,1.430511474609375e-06
6207,117.12381275597727,1,20.500685,True,True,1.430511474609375e-06
6208,117.14946320001036,1,25.580131,True,True,1.430511474609375e-06
6209,117.16755770298187,1,18.038476,True,True,1.430511474609375e-06
6210,117.18564386101207,1,18.039106,True,True,1.430511474609375e-06
6211,117.21526459301822,1,29.571527,True,True,1.430511474609375e-06
6212,117.23380598897347,1,18.437768,True,True,1.430511474609375e-06
6213,117.25228310498642,1,18.420483,True,True,1.430511474609375e-06
6214,117.27043559600133,1,18.107288,True,True,1.430511474609375e-06
6215,117.28856432501925,1,18.087327,True,True,1.430511474609375e-06
6216,117.30670532298973,1,18.09805,True,True,1.430511474609375e-06
6217,117.32481132197427,1,18.059146,True,True,1.430511474609375e-06
6218,117.34314843901666,1,18.296345,True,True,1.430511474609375e-06
6219,117.36112869298086,1,17.939157,True,True,1.430511474609375e-06
6220,117.37918849202106,1,18.018488,True,True,1.430511474609375e-06
6221,117.39748363400577,1,18.251392,True,True,1.430511474609375e-06
6222,117.4154137870064,1,17.886679,True,True,1.430511474609375e-06
6223,117.43353117402876,1,18.067543,True,True,1.430511474609375e-06
6224,117.45174017403042,1,18.163741,True,True,1.430511474609375e-06
6225,117.46988350199535,1,18.095278,True,True,1.430511474609375e-06
6226,117.4880353549961,1,18.102071,True,True,1.430511474609375e-06
6227,117.5063110460178,1,18.229408,True,True,1.430511474609375e-06
6228,117.52429916197434,1,17.941954,True,True,1.430511474609375e-06
6229,117.54236778698396,1,18.021451,True,True,1.430511474609375e-06
6230,117.56057530798716,1,18.165044,True,True,1.430511474609375e-06
6231,117.57860789599363,1,17.989813,True,True,1.430511474609375e-06
6232,117.59709896397544,1,18.409885,True,True,1.430511474609375e-06
6233,117.61563333898084,1,18.447476,True,True,1.430511474609375e-06
6234,117.63434854400111,1,18.638852,True,True,1.430511474609375e-06
6235,117.65256283798954,1,18.122887,True,True,1.430511474609375e-06
6236,117.67059381201398,1,17.961606,True,True,1.430511474609375e-06
6237,117.68881918798434,1,18.166136,True,True,1.430511474609375e-06
6238,117.70679671998369,1,17.918928,True,True,1.430511474609375e-06
6239,117.72491990198614,1,18.071746,True,True,1.430511474609375e-06
6240,117.74311999999918,1,18.144427,True,True,1.430511474609375e-06
6241,117.76152107201051,1,18.346955,True,True,1.430511474609375e-06
6242,117.79666799498955,1,35.089241,True,True,1.430511474609375e-06
6243,117.8198091390077,1,23.012063,True,True,1.430511474609375e-06
6244,117.83838862099219,1,18.510082,True,True,1.430511474609375e-06
6245,117.85665593802696,1,18.211442,True,True,1.430511474609375e-06
6246,117.87470508000115,1,17.996982,True,True,1.430511474609375e-06
6247,117.89273967198096,1,17.987035,True,True,1.430511474609375e-06
6248,117.91074327501701,1,17.955214,True,True,1.430511474609375e-06
6249,117.92876934702508,1,17.971786,True,True,1.430511474609375e-06
6250,117.94667040498462,1,17.853222,True,True,1.430511474609375e-06
6251,117.96505721198628,1,18.339872,True,True,1.430511474609375e-06
6252,117.98347742197802,1,18.344397,True,True,1.430511474609375e-06
6253,118.00173358002212,1,18.191874,True,True,1.430511474609375e-06
6254,118.01973703800468,1,17.954804,True,True,1.430511474609375e-06
6255,118.03776093601482,1,17.975513,True,True,1.430511474609375e-06
6256,118.0557857939857,1,17.975319,True,True,1.430511474609375e-06
6257,118.07381878601154,1,17.983928,True,True,1.430511474609375e-06
6258,118.09184737497708,1,17.985537,True,True,1.430511474609375e-06
6259,118.10991418501362,1,18.01996,True,True,1.430511474609375e-06
6260,118.12817698199069,1,18.218739,True,True,1.430511474609375e-06
6261,118.14647082902957,1,18.245355,True,True,1.430511474609375e-06
6262,118.16463707201183,1,18.113955,True,True,1.430511474609375e-06
6263,118.18349966098322,1,18.818233,True,True,1.430511474609375e-06
6264,118.2075352310203,1,23.983067,True,True,1.430511474609375e-06
6265,118.23065088398289,1,22.99715,True,True,1.430511474609375e-06
6266,118.2490289650159,1,18.308516,True,True,1.430511474609375e-06
6267,118.26720012002625,1,18.119534,True,True,1.430511474609375e-06
6268,118.28538590902463,1,18.142645,True,True,1.430511474609375e-06
6269,118.30341030401178,1,17.97778,True,True,1.430511474609375e-06
6270,118.32165418198565,1,18.197194,True,True,1.430511474609375e-06
6271,118.33973582199542,1,18.032573,True,True,1.430511474609375e-06
6272,118.35785527603002,1,18.073099,True,True,1.430511474609375e-06
6273,118.37614020198816,1,18.232299,True,True,1.430511474609375e-06
6274,118.394266850024,1,18.079449,True,True,1.430511474609375e-06
6275,118.41244576202007,1,18.134015,True,True,1.430511474609375e-06
6276,118.4304342570249,1,17.93941,True,True,1.430511474609375e-06
6277,118.45596311497502,1,25.476986,True,True,1.430511474609375e-06
6278,118.47746519400971,1,21.407521,True,True,1.430511474609375e-06
6279,118.49585059302626,1,18.315695,True,True,1.430511474609375e-06
6280,118.51433761097724,1,18.432484,True,True,1.430511474609375e-06
6281,118.53247773402836,1,18.091588,True,True,1.430511474609375e-06
6282,118.55073058098787,1,18.20472,True,True,1.430511474609375e-06
6283,118.56864430598216,1,17.871746,True,True,1.430511474609375e-06
6284,118.58688829699531,1,18.200699,True,True,1.430511474609375e-06
6285,118.60528812400298,1,18.33076,True,True,1.430511474609375e-06
6286,118.62350353400689,1,18.15916,True,True,1.430511474609375e-06
6287,118.64156547700986,1,18.016,True,True,1.430511474609375e-06
6288,118.65974227699917,1,18.11907,True,True,1.430511474609375e-06
6289,118.67828804499004,1,18.441907,True,True,1.430511474609375e-06
6290,118.69663735397626,1,18.29025,True,True,1.430511474609375e-06
6291,118.71473473601509,1,18.049752,True,True,1.430511474609375e-06
6292,118.73280450102175,1,18.027422,True,True,1.430511474609375e-06
6293,118.75072322197957,1,17.874202,True,True,1.430511474609375e-06
6294,118.76896995399147,1,18.203746,True,True,1.430511474609375e-06
6295,118.7996556449798,1,30.584397,True,True,1.430511474609375e-06
6296,118.81820413400419,1,18.433275,True,True,1.430511474609375e-06
6297,118.83656130702002,1,18.295772,True,True,1.430511474609375e-06
6298,118.85492861102102,1,18.324168,True,True,1.430511474609375e-06
6299,118.87289708101889,1,17.921733,True,True,1.430511474609375e-06
6300,118.8908676370047,1,17.929625,True,True,1.430511474609375e-06
6301,118.90904872003011,1,18.133521,True,True,1.430511474609375e-06
6302,118.92729103699094,1,18.195546,True,True,1.430511474609375e-06
6303,118.94568444398465,1,18.344913,True,True,1.430511474609375e-06
6304,118.96388646197738,1,18.155698,True,True,1.430511474609375e-06
6305,118.98207960999571,1,18.152259,True,True,1.430511474609375e-06
6306,119.00038913002936,1,18.268582,True,True,1.430511474609375e-06
6307,119.01850790699245,1,18.076484,True,True,1.430511474609375e-06
6308,119.03635051101446,1,17.799852,True,True,1.430511474609375e-06
6309,119.05455416801851,1,18.162346,True,True,1.430511474609375e-06
6310,119.07270906300982,1,18.088787,True,True,1.430511474609375e-06
6311,119.09081876598066,1,18.057759,True,True,1.430511474609375e-06
6312,119.10899820702616,1,18.135217,True,True,1.430511474609375e-06
6313,119.12708756199572,1,18.043485,True,True,1.430511474609375e-06
6314,119.1453320250148,1,18.198761,True,True,1.430511474609375e-06
6315,119.16328774602152,1,17.905515,True,True,1.430511474609375e-06
6316,119.18133460497484,1,18.004863,True,True,1.430511474609375e-06
6317,119.20576333097415,1,24.381282,True,True,1.430511474609375e-06
6318,119.22882498899708,1,22.942268,True,True,1.430511474609375e-06
6319,119.24727788800374,1,18.383589,True,True,1.430511474609375e-06
6320,119.2651850549737,1,17.850641,True,True,1.430511474609375e-06
6321,119.28615090600215,1,20.920286,True,True,1.430511474609375e-06
6322,119.31162296800176,1,25.402751,True,True,1.430511474609375e-06
6323,119.32997818302829,1,18.293412,True,True,1.430511474609375e-06
6324,119.34840881702257,1,18.383681,True,True,1.430511474609375e-06
6325,119.36655145598343,1,18.098092,True,True,1.430511474609375e-06
6326,119.38489356602076,1,18.294389,True,True,1.430511474609375e-06
6327,119.4031161799794,1,18.175696,True,True,1.430511474609375e-06
6328,119.42131893202895,1,18.156637,True,True,1.430511474609375e-06
6329,119.43944872700376,1,18.08319,True,True,1.430511474609375e-06
6330,119.45775093801785,1,18.255968,True,True,1.430511474609375e-06
6331,119.47591328102862,1,18.117308,True,True,1.430511474609375e-06
6332,119.49386857298668,1,17.911415,True,True,1.430511474609375e-06
6333,119.51194292202126,1,18.028064,True,True,1.430511474609375e-06
6334,119.53015843400499,1,18.169606,True,True,1.430511474609375e-06
6335,119.54830452200258,1,18.101448,True,True,1.430511474609375e-06
6336,119.56653704802739,1,18.191065,True,True,1.430511474609375e-06
6337,119.5848059640266,1,18.220129,True,True,1.430511474609375e-06
6338,119.6032383540296,1,18.359458,True,True,1.430511474609375e-06
6339,119.62128824100364,1,17.996956,True,True,1.430511474609375e-06
6340,119.63957092701457,1,18.225453,True,True,1.430511474609375e-06
6341,119.6583547880291,1,18.667584,True,True,1.430511474609375e-06
6342,119.6770164599875,1,18.546812,True,True,1.430511474609375e-06
6343,119.69570288300747,1,18.575983,True,True,1.430511474609375e-06
6344,119.71448004798731,1,18.66625,True,True,1.430511474609375e-06
6345,119.73288033797871,1,18.291641,True,True,1.430511474609375e-06
6346,119.75147953099804,1,18.488142,True,True,1.430511474609375e-06
6347,119.77035237598466,1,18.756239,True,True,1.430511474609375e-06
6348,119.78917055099737,1,18.70519,True,True,1.430511474609375e-06
6349,119.8192836670205,1,29.998804,True,True,1.430511474609375e-06
6350,119.83967312501045,1,20.262847,True,True,1.430511474609375e-06
6351,119.85807668202324,1,18.332844,True,True,1.430511474609375e-06
6352,119.87656914402032,1,18.444905,True,True,1.430511474609375e-06
6353,119.89469235099386,1,18.07558,True,True,1.430511474609375e-06
6354,119.91266973502934,1,17.931748,True,True,1.430511474609375e-06
6355,119.93055602500681,1,17.84319,True,True,1.430511474609375e-06
6356,119.94879180798307,1,18.188426,True,True,1.430511474609375e-06
6357,119.96711959998356,1,18.260173,True,True,1.430511474609375e-06
6358,119.98555418697651,1,18.358277,True,True,1.430511474609375e-06
6359,120.00413751299493,2,18.507631,True,True,1.430511474609375e-06
6360,120.03005226003006,2,25.846782,True,True,1.430511474609375e-06
6361,120.04852889903123,2,18.385747,True,True,1.430511474609375e-06
6362,120.06711080798414,2,18.520979,True,True,1.430511474609375e-06
6363,120.0854415409849,2,18.264813,True,True,1.430511474609375e-06
6364,120.1037763049826,2,18.283803,True,True,1.430511474609375e-06
6365,120.1245905670221,2,20.769003,True,True,1.430511474609375e-06
6366,120.14850575901801,2,23.839743,True,True,1.430511474609375e-06
6367,120.16963390499586,2,21.066605,True,True,1.430511474609375e-06
6368,120.18827644997509,2,18.589159,True,True,1.430511474609375e-06
6369,120.21599787997548,2,27.667807,True,True,1.430511474609375e-06
6370,120.23632317897864,2,20.223295,True,True,1.430511474609375e-06
6371,120.25459760200465,2,18.207665,True,True,1.430511474609375e-06
6372,120.27250249200733,2,17.855316,True,True,1.430511474609375e-06
6373,120.29056738002691,2,18.022199,True,True,1.430511474609375e-06
6374,120.30874098499771,2,18.125933,True,True,1.430511474609375e-06
6375,120.32685692800442,2,18.068071,True,True,1.430511474609375e-06
6376,120.3450716289808,2,18.173009,True,True,1.430511474609375e-06
6377,120.36303524603136,2,17.921924,True,True,1.430511474609375e-06
6378,120.38100496702828,2,17.929376,True,True,1.430511474609375e-06
6379,120.39941789000295,2,18.372667,True,True,1.430511474609375e-06
6380,120.41761748900171,2,18.153327,True,True,1.430511474609375e-06
6381,120.4355045260163,2,17.843845,True,True,1.430511474609375e-06
6382,120.45354196900735,2,17.995541,True,True,1.430511474609375e-06
6383,120.47175360197434,2,18.163712,True,True,1.430511474609375e-06
6384,120.4897706300253,2,17.973699,True,True,1.430511474609375e-06
6385,120.50768238998717,2,17.867763,True,True,1.430511474609375e-06
6386,120.52583793899976,2,18.115261,True,True,1.430511474609375e-06
6387,120.54370647901669,2,17.827766,True,True,1.430511474609375e-06
6388,120.56171541498043,2,17.965501,True,True,1.430511474609375e-06
6389,120.57983467902523,2,18.079452,True,True,1.430511474609375e-06
6390,120.59799208398908,2,18.107238,True,True,1.430511474609375e-06
6391,120.62182172300527,2,23.776117,True,True,1.430511474609375e-06
6392,120.64040252100676,2,18.522337,True,True,1.430511474609375e-06
6393,120.65845288900891,2,17.99641,True,True,1.430511474609375e-06
6394,120.67656725598499,2,18.062823,True,True,1.430511474609375e-06
6395,120.69485451100627,2,18.240009,True,True,1.430511474609375e-06
6396,120.71290921699256,2,18.007225,True,True,1.430511474609375e-06
6397,120.73118741001235,2,18.234203,True,True,1.430511474609375e-06
6398,120.74920699902577,2,17.97857,True,True,1.430511474609375e-06
6399,120.76730483199935,2,18.055063,True,True,1.430511474609375e-06
6400,120.78563192201545,2,18.277393,True,True,1.430511474609375e-06
6401,120.81372064200696,2,28.037849,True,True,1.430511474609375e-06
6402,120.83336384699214,2,19.533497,True,True,1.430511474609375e-06
6403,120.85169107897673,2,18.257495,True,True,1.430511474609375e-06
6404,120.86958195402985,2,17.840556,True,True,1.430511474609375e-06
6405,120.88757378299488,2,17.948214,True,True,1.430511474609375e-06
6406,120.90550517803058,2,17.889757,True,True,1.430511474609375e-06
6407,120.92349432699848,2,17.948606,True,True,1.430511474609375e-06
6408,120.94132612302201,2,17.789019,True,True,1.430511474609375e-06
6409,120.95944273500936,2,18.076282,True,True,1.430511474609375e-06
6410,120.97740115300985,2,17.91515,True,True,1.430511474609375e-06
6411,120.99542377499165,2,17.980497,True,True,1.430511474609375e-06
6412,121.01399613398826,2,18.529017,True,True,1.430511474609375e-06
6413,121.03237372997683,2,18.321153,True,True,1.430511474609375e-06
6414,121.05083362298319,2,18.368493,True,True,1.430511474609375e-06
6415,121.06905946397455,2,18.163811,True,True,1.430511474609375e-06
6416,121.08709817600902,2,17.993804,True,True,1.430511474609375e-06
6417,121.10514565597987,2,17.998905,True,True,1.430511474609375e-06
6418,121.12325179099571,2,18.05486,True,True,1.430511474609375e-06
6419,121.14144504599972,2,18.145288,True,True,1.430511474609375e-06
6420,121.15986717899796,2,18.328078,True,True,1.430511474609375e-06
6421,121.17844891099958,2,18.507298,True,True,1.430511474609375e-06
6422,121.19998991099419,2,21.486463,True,True,1.430511474609375e-06
6423,121.23022549197776,2,30.149138,True,True,1.430511474609375e-06
6424,121.24877746397397,2,18.46706,True,True,1.430511474609375e-06
6425,121.26698627701262,2,18.150149,True,True,1.430511474609375e-06
6426,121.28511301398976,2,18.068229,True,True,1.430511474609375e-06
6427,121.30333916301606,2,18.173766,True,True,1.430511474609375e-06
6428,121.32149177201791,2,18.109095,True,True,1.430511474609375e-06
6429,121.33974904200295,2,18.212097,True,True,1.430511474609375e-06
6430,121.35795465001138,2,18.160079,True,True,1.430511474609375e-06
6431,121.37612715299474,2,18.131028,True,True,1.430511474609375e-06
6432,121.3940862690215,2,17.918182,True,True,1.430511474609375e-06
6433,121.4120732669835,2,17.943401,True,True,1.430511474609375e-06
6434,121.43020910798805,2,18.090895,True,True,1.430511474609375e-06
6435,121.44823905098019,2,17.984277,True,True,1.430511474609375e-06
6436,121.46650953497738,2,18.223406,True,True,1.430511474609375e-06
6437,121.48445611901116,2,17.905871,True,True,1.430511474609375e-06
6438,121.50238022801932,2,17.879281,True,True,1.430511474609375e-06
6439,121.52038407902,2,17.960973,True,True,1.430511474609375e-06
6440,121.53853266499937,2,18.095354,True,True,1.430511474609375e-06
6441,121.55696581403026,2,18.344428,True,True,1.430511474609375e-06
6442,121.57495481899241,2,17.930648,True,True,1.430511474609375e-06
6443,121.59342162800021,2,18.408834,True,True,1.430511474609375e-06
6444,121.61157126101898,2,18.062033,True,True,1.430511474609375e-06
6445,121.62968510203063,2,18.053423,True,True,1.430511474609375e-06
6446,121.64760551298968,2,17.87463,True,True,1.430511474609375e-06
6447,121.66547615802847,2,17.825068,True,True,1.430511474609375e-06
6448,121.68383049598197,2,18.309545,True,True,1.430511474609375e-06
6449,121.7021315760212,2,18.256299,True,True,1.430511474609375e-06
6450,121.72028932499234,2,18.113498,True,True,1.430511474609375e-06
6451,121.73870061303023,2,18.369463,True,True,1.430511474609375e-06
6452,121.75708546797978,2,18.341759,True,True,1.430511474609375e-06
6453,121.77522750297794,2,18.097284,True,True,1.430511474609375e-06
6454,121.79613542999141,2,20.861281,True,True,1.430511474609375e-06
6455,121.82246354297968,2,26.246546,True,True,1.430511474609375e-06
6456,121.84550814999966,2,22.953328,True,True,1.430511474609375e-06
6457,121.86380591301713,2,18.233476,True,True,1.430511474609375e-06
6458,121.88202530698618,2,18.171003,True,True,1.430511474609375e-06
6459,121.89997368201148,2,17.905343,True,True,1.430511474609375e-06
6460,121.91809098498197,2,18.075002,True,True,1.430511474609375e-06
6461,121.93626740097534,2,18.131953,True,True,1.430511474609375e-06
6462,121.95443441101816,2,18.124195,True,True,1.430511474609375e-06
6463,121.97232866002014,2,17.852961,True,True,1.430511474609375e-06
6464,121.9903534729965,2,17.979623,True,True,1.430511474609375e-06
6465,122.0082978369901,2,17.897524,True,True,1.430511474609375e-06
6466,122.02641988097457,2,18.079327,True,True,1.430511474609375e-06
6467,122.0516901939991,2,25.228015,True,True,1.430511474609375e-06
6468,122.07347484800266,2,21.721331,True,True,1.430511474609375e-06
6469,122.09164391102968,2,18.110937,True,True,1.430511474609375e-06
6470,122.10990072099958,2,18.204519,True,True,1.430511474609375e-06
6471,122.12787283799844,2,17.922929,True,True,1.430511474609375e-06
6472,122.14600567397429,2,18.085002,True,True,1.430511474609375e-06
6473,122.16415018902626,2,18.099085,True,True,1.430511474609375e-06
6474,122.1823133630096,2,18.121527,True,True,1.430511474609375e-06
6475,122.2112181460252,2,28.856269,True,True,1.430511474609375e-06
6476,122.23012639698572,2,18.801753,True,True,1.430511474609375e-06
6477,122.24823070201091,2,18.039605,True,True,1.430511474609375e-06
6478,122.26627741497941,2,17.995717,True,True,1.430511474609375e-06
6479,122.28450980602065,2,18.187635,True,True,1.430511474609375e-06
6480,122.30238361598458,2,17.828199,True,True,1.430511474609375e-06
6481,122.32033871102612,2,17.913106,True,True,1.430511474609375e-06
6482,122.33832414197968,2,17.939721,True,True,1.430511474609375e-06
6483,122.35638625000138,2,18.019865,True,True,1.430511474609375e-06
6484,122.37453481199918,2,18.10588,True,True,1.430511474609375e-06
6485,122.39248479099479,2,17.908053,True,True,1.430511474609375e-06
6486,122.41290830500657,2,20.377285,True,True,1.430511474609375e-06
6487,122.43438425997738,2,21.420942,True,True,1.430511474609375e-06
6488,122.45279694598867,2,18.363518,True,True,1.430511474609375e-06
6489,122.47108156402828,2,18.239144,True,True,1.430511474609375e-06
6490,122.48902680701576,2,17.903209,True,True,1.430511474609375e-06
6491,122.50721729599172,2,18.147033,True,True,1.430511474609375e-06
6492,122.52538711199304,2,18.125191,True,True,1.430511474609375e-06
6493,122.54339301702566,2,17.96156,True,True,1.430511474609375e-06
6494,122.56161750800675,2,18.183511,True,True,1.430511474609375e-06
6495,122.57974433997879,2,18.08593,True,True,1.430511474609375e-06
6496,122.59781031601597,2,18.023888,True,True,1.430511474609375e-06
6497,122.61618199700024,2,18.310009,True,True,1.430511474609375e-06
6498,122.63451685500331,2,18.284145,True,True,1.430511474609375e-06
6499,122.65268429502612,2,18.11817,True,True,1.430511474609375e-06
6500,122.6708499849774,2,18.123758,True,True,1.430511474609375e-06
6501,122.68883669702336,2,17.943755,True,True,1.430511474609375e-06
6502,122.7067922920105,2,17.911849,True,True,1.430511474609375e-06
6503,122.72482437000144,2,17.979211,True,True,1.430511474609375e-06
6504,122.74275045399554,2,17.88093,True,True,1.430511474609375e-06
6505,122.76112923701294,2,18.330187,True,True,1.430511474609375e-06
6506,122.77934460202232,2,18.169161,True,True,1.430511474609375e-06
6507,122.79752068402013,2,18.134003,True,True,1.430511474609375e-06
6508,122.82272647699574,2,25.160165,True,True,1.430511474609375e-06
6509,122.84612719598226,2,23.291141,True,True,1.430511474609375e-06
6510,122.86455076700076,2,18.34975,True,True,1.430511474609375e-06
6511,122.88278343400452,2,18.182698,True,True,1.430511474609375e-06
6512,122.90102985798148,2,18.202448,True,True,1.430511474609375e-06
6513,122.91933729802258,2,18.257822,True,True,1.430511474609375e-06
6514,122.93723975599278,2,17.847191,True,True,1.430511474609375e-06
6515,122.95531095500337,2,18.023795,True,True,1.430511474609375e-06
6516,122.9733833859791,2,18.027946,True,True,1.430511474609375e-06
6517,122.99148051202064,2,18.054192,True,True,1.430511474609375e-06
6518,123.00973552803043,2,18.211622,True,True,1.430511474609375e-06
6519,123.03130943502765,2,21.531702,True,True,1.430511474609375e-06
6520,123.04961031198036,2,18.245703,True,True,1.430511474609375e-06
6521,123.06796794000547,2,18.312554,True,True,1.430511474609375e-06
6522,123.0862864300143,2,18.27544,True,True,1.430511474609375e-06
6523,123.10459147498477,2,18.257874,True,True,1.430511474609375e-06
6524,123.1228040609858,2,18.165917,True,True,1.430511474609375e-06
6525,123.14098617399577,2,18.131017,True,True,1.430511474609375e-06
6526,123.15917285502655,2,18.138159,True,True,1.430511474609375e-06
6527,123.1771310439799,2,17.913732,True,True,1.430511474609375e-06
6528,123.19766728300601,2,20.488855,True,True,1.430511474609375e-06
6529,123.22476492001442,2,27.002704,True,True,1.430511474609375e-06
6530,123.24335618998157,2,18.499642,True,True,1.430511474609375e-06
6531,123.26202923699748,2,18.613242,True,True,1.430511474609375e-06
6532,123.28028380702017,2,18.210772,True,True,1.430511474609375e-06
6533,123.29856578703038,2,18.239271,True,True,1.430511474609375e-06
6534,123.31707807898056,2,18.440555,True,True,1.430511474609375e-06
6535,123.33529134100536,2,18.129824,True,True,1.430511474609375e-06
6536,123.35337787802564,2,18.026977,True,True,1.430511474609375e-06
6537,123.37153503397712,2,18.110744,True,True,1.430511474609375e-06
6538,123.38965636002831,2,18.076131,True,True,1.430511474609375e-06
6539,123.40765483601717,2,17.953208,True,True,1.430511474609375e-06
6540,123.42596623202553,2,18.264386,True,True,1.430511474609375e-06
6541,123.44412991497666,2,18.058838,True,True,1.430511474609375e-06
6542,123.46237370400922,2,18.179111,True,True,1.430511474609375e-06
6543,123.48050782998325,2,18.081686,True,True,1.430511474609375e-06
6544,123.49867324100342,2,18.119393,True,True,1.430511474609375e-06
6545,123.51717939297669,2,18.457613,True,True,1.430511474609375e-06
6546,123.53535605501384,2,18.130539,True,True,1.430511474609375e-06
6547,123.5535648399964,2,18.164867,True,True,1.430511474609375e-06
6548,123.57206067000516,2,18.448915,True,True,1.430511474609375e-06
6549,123.59027210698696,2,18.166946,True,True,1.430511474609375e-06
6550,123.60856622102438,2,18.233151,True,True,1.430511474609375e-06
6551,123.63117368001258,2,22.551255,True,True,1.430511474609375e-06
6552,123.64941031002672,2,18.17422,True,True,1.430511474609375e-06
6553,123.6674726170022,2,18.01539,True,True,1.430511474609375e-06
6554,123.68555056501646,2,18.029091,True,True,1.430511474609375e-06
6555,123.70356777898269,2,17.976718,True,True,1.430511474609375e-06
6556,123.72465380298672,2,21.0426,True,True,1.430511474609375e-06
6557,123.74778339202749,2,23.054948,True,True,1.430511474609375e-06
6558,123.76884304499254,2,21.003999,True,True,1.430511474609375e-06
6559,123.78733733098488,2,18.442034,True,True,1.430511474609375e-06
6560,123.8054925900069,2,18.107732,True,True,1.430511474609375e-06
6561,123.83299633202842,2,27.454999,True,True,1.430511474609375e-06
6562,123.8534027839778,2,20.306587,True,True,1.430511474609375e-06
6563,123.87172086798819,2,18.252364,True,True,1.430511474609375e-06
6564,123.88960840000072,2,17.839662,True,True,1.430511474609375e-06
6565,123.9076302020112,2,17.980352,True,True,1.430511474609375e-06
6566,123.92589384398889,2,18.219247,True,True,1.430511474609375e-06
6567,123.94402063498273,2,18.086335,True,True,1.430511474609375e-06
6568,123.96214439399773,2,18.080519,True,True,1.430511474609375e-06
6569,123.98038367001573,2,18.198501,True,True,1.430511474609375e-06
6570,123.99875206599245,2,18.325702,True,True,1.430511474609375e-06
6571,124.01690303097712,2,18.10353,True,True,1.430511474609375e-06
6572,124.03525503602577,2,18.312382,True,True,1.430511474609375e-06
6573,124.05339701398043,2,18.096414,True,True,1.430511474609375e-06
6574,124.07160174497403,2,18.15707,True,True,1.430511474609375e-06
6575,124.08989799203118,2,18.250104,True,True,1.430511474609375e-06
6576,124.10772216302576,2,17.783747,True,True,1.430511474609375e-06
6577,124.12583197298227,2,18.065856,True,True,1.430511474609375e-06
6578,124.14402305200929,2,18.147328,True,True,1.430511474609375e-06
6579,124.16193261701846,2,17.867137,True,True,1.430511474609375e-06
6580,124.18008283298695,2,18.098445,True,True,1.430511474609375e-06
6581,124.20191267400514,2,21.781127,True,True,1.430511474609375e-06
6582,124.23448511603056,2,32.469827,True,True,1.430511474609375e-06
6583,124.25310286600143,2,18.510644,True,True,1.430511474609375e-06
6584,124.27132109302329,2,18.152261,True,True,1.430511474609375e-06
6585,124.28953587199794,2,18.164207,True,True,1.430511474609375e-06
6586,124.30769527400844,2,18.111239,True,True,1.430511474609375e-06
6587,124.32586695201462,2,18.121299,True,True,1.430511474609375e-06
6588,124.3441173590254,2,18.203771,True,True,1.430511474609375e-06
6589,124.3624648770201,2,18.304313,True,True,1.430511474609375e-06
6590,124.38328292802908,2,20.769275,True,True,1.430511474609375e-06
6591,124.40628978400491,2,22.940054,True,True,1.430511474609375e-06
6592,124.42763933201786,2,21.293142,True,True,1.430511474609375e-06
6593,124.44622708501993,2,18.532084,True,True,1.430511474609375e-06
6594,124.46444316703128,2,18.168267,True,True,1.430511474609375e-06
6595,124.48268723097863,2,18.196034,True,True,1.430511474609375e-06
6596,124.50108242302667,2,18.347519,True,True,1.430511474609375e-06
6597,124.5190739799873,2,17.943057,True,True,1.430511474609375e-06
6598,124.5381569719757,2,19.036574,True,True,1.430511474609375e-06
6599,124.5565218559932,2,18.303875,True,True,1.430511474609375e-06
6600,124.57470680697588,2,18.126877,True,True,1.430511474609375e-06
6601,124.59333019901533,2,18.578238,True,True,1.430511474609375e-06
6602,124.6115845220047,2,18.171793,True,True,1.430511474609375e-06
6603,124.63028654502705,2,18.634505,True,True,1.430511474609375e-06
6604,124.64850716100773,2,18.16802,True,True,1.430511474609375e-06
6605,124.66664784302702,2,18.092003,True,True,1.430511474609375e-06
6606,124.68490060698241,2,18.206177,True,True,1.430511474609375e-06
6607,124.7030866050045,2,18.130818,True,True,1.430511474609375e-06
6608,124.7212290809839,2,18.098565,True,True,1.430511474609375e-06
6609,124.73971939698095,2,18.447093,True,True,1.430511474609375e-06
6610,124.75778002903098,2,18.012733,True,True,1.430511474609375e-06
6611,124.77599652699428,2,18.173442,True,True,1.430511474609375e-06
6612,124.7938104380155,2,17.768549,True,True,1.430511474609375e-06
6613,124.81451667001238,2,20.659996,True,True,1.430511474609375e-06
6614,124.8470788570121,2,32.46339,True,True,1.430511474609375e-06
6615,124.86612899799366,2,18.94329,True,True,1.430511474609375e-06
6616,124.88424350897549,2,18.049147,True,True,1.430511474609375e-06
6617,124.902239396004,2,17.941381,True,True,1.430511474609375e-06
6618,124.92075624800054,2,18.470353,True,True,1.430511474609375e-06
6619,124.9390750239836,2,18.266954,True,True,1.430511474609375e-06
6620,124.95726245298283,2,18.138393,True,True,1.430511474609375e-06
6621,124.97549957997398,2,18.191969,True,True,1.430511474609375e-06
6622,124.99343191098887,2,17.88692,True,True,1.430511474609375e-06
6623,125.0116143419873,2,18.138277,True,True,1.430511474609375e-06
6624,125.03024713799823,2,18.586356,True,True,1.430511474609375e-06
6625,125.05548422702122,2,25.189678,True,True,1.430511474609375e-06
6626,125.077475676022,2,21.918781,True,True,1.430511474609375e-06
6627,125.09546591999242,2,17.933226,True,True,1.430511474609375e-06
6628,125.11373058502795,2,18.218339,True,True,1.430511474609375e-06
6629,125.13185640401207,2,18.073624,True,True,1.430511474609375e-06
6630,125.1505641679978,2,18.656753,True,True,1.430511474609375e-06
6631,125.16901654598769,2,18.406799,True,True,1.430511474609375e-06
6632,125.18745025002863,2,18.379043,True,True,1.430511474609375e-06
6633,125.2176056500175,2,30.10098,True,True,1.430511474609375e-06
6634,125.2359526270302,2,18.236045,True,True,1.430511474609375e-06
6635,125.25464103801642,2,18.625488,True,True,1.430511474609375e-06
6636,125.27316272101598,2,18.466213,True,True,1.430511474609375e-06
6637,125.29131056199549,2,18.101678,True,True,1.430511474609375e-06
6638,125.30941166798584,2,18.053268,True,True,1.430511474609375e-06
6639,125.32742472901009,2,17.969999,True,True,1.430511474609375e-06
6640,125.34576720499899,2,18.300074,True,True,1.430511474609375e-06
6641,125.36411605699686,2,18.303112,True,True,1.430511474609375e-06
6642,125.38243334699655,2,18.27355,True,True,1.430511474609375e-06
6643,125.40047362999758,2,17.992439,True,True,1.430511474609375e-06
6644,125.42187334800838,2,21.354933,True,True,1.430511474609375e-06
6645,125.44336422998458,2,21.418499,True,True,1.430511474609375e-06
6646,125.46160527400207,2,18.178251,True,True,1.430511474609375e-06
6647,125.47998246498173,2,18.32414,True,True,1.430511474609375e-06
6648,125.49813088501105,2,18.10287,True,True,1.430511474609375e-06
6649,125.5160571350134,2,17.883521,True,True,1.430511474609375e-06
6650,125.53480909700738,2,18.70734,True,True,1.430511474609375e-06
6651,125.55302684102207,2,18.162467,True,True,1.430511474609375e-06
6652,125.57150786201237,2,18.431004,True,True,1.430511474609375e-06
6653,125.58985893498175,2,18.300836,True,True,1.430511474609375e-06
6654,125.60806325502926,2,18.143285,True,True,1.430511474609375e-06
6655,125.6266720489948,2,18.558651,True,True,1.430511474609375e-06
6656,125.64488017198164,2,18.154157,True,True,1.430511474609375e-06
6657,125.66326686297543,2,18.336051,True,True,1.430511474609375e-06
6658,125.68147131602746,2,18.160418,True,True,1.430511474609375e-06
6659,125.69942020298913,2,17.906608,True,True,1.430511474609375e-06
6660,125.71743008599151,2,17.961543,True,True,1.430511474609375e-06
6661,125.73626603302546,2,18.789386,True,True,1.430511474609375e-06
6662,125.75429611699656,2,17.974294,True,True,1.430511474609375e-06
6663,125.77247790800175,2,18.126392,True,True,1.430511474609375e-06
6664,125.79065980401356,2,18.135309,True,True,1.430511474609375e-06
6665,125.80884093500208,2,18.138198,True,True,1.430511474609375e-06
6666,125.82991791400127,2,21.027159,True,True,1.430511474609375e-06
6667,125.8580347779789,2,28.007923,True,True,1.430511474609375e-06
6668,125.87648797902511,2,18.358727,True,True,1.430511474609375e-06
6669,125.90207464603009,2,25.523132,True,True,1.430511474609375e-06
6670,125.92333040898666,2,21.172164,True,True,1.430511474609375e-06
6671,125.94201581302332,2,18.622736,True,True,1.430511474609375e-06
6672,125.96019223798066,2,18.124901,True,True,1.430511474609375e-06
6673,125.97826668899506,2,18.026034,True,True,1.430511474609375e-06
6674,125.9969830790069,2,18.674536,True,True,1.430511474609375e-06
6675,126.01518349401886,2,18.156319,True,True,1.430511474609375e-06
6676,126.03963686100906,2,24.409643,True,True,1.430511474609375e-06
6677,126.05795991898049,2,18.264752,True,True,1.430511474609375e-06
6678,126.07623108802363,2,18.218259,True,True,1.430511474609375e-06
6679,126.09441441699164,2,18.140616,True,True,1.430511474609375e-06
6680,126.11241019301815,2,17.952626,True,True,1.430511474609375e-06
6681,126.13111251202645,2,18.657613,True,True,1.430511474609375e-06
6682,126.14965898101218,2,18.497298,True,True,1.430511474609375e-06
6683,126.1677133939811,2,18.005415,True,True,1.430511474609375e-06
6684,126.18572081101593,2,17.958724,True,True,1.430511474609375e-06
6685,126.21545884897932,2,29.694488,True,True,1.430511474609375e-06
6686,126.23490716802189,2,19.340329,True,True,1.430511474609375e-06
6687,126.25330790597945,2,18.320783,True,True,1.430511474609375e-06
6688,126.27153865998844,2,18.176729,True,True,1.430511474609375e-06
6689,126.28936983802123,2,17.78374,True,True,1.430511474609375e-06
6690,126.30740269797388,2,17.989767,True,True,1.430511474609375e-06
6691,126.32627228298225,2,18.826276,True,True,1.430511474609375e-06
6692,126.34466407599393,2,18.33708,True,True,1.430511474609375e-06
6693,126.36258125602035,2,17.869498,True,True,1.430511474609375e-06
6694,126.38062981702387,2,18.004544,True,True,1.430511474609375e-06
6695,126.39876756200101,2,18.096986,True,True,1.430511474609375e-06
6696,126.41695434198482,2,18.14112,True,True,1.430511474609375e-06
6697,126.4356034270022,2,18.599128,True,True,1.430511474609375e-06
6698,126.45430505799595,2,18.620763,True,True,1.430511474609375e-06
6699,126.47276024200255,2,18.375888,True,True,1.430511474609375e-06
6700,126.49099453998497,2,18.176759,True,True,1.430511474609375e-06
6701,126.50918938801624,2,18.147362,True,True,1.430511474609375e-06
6702,126.5278094849782,2,18.569394,True,True,1.430511474609375e-06
6703,126.54606514400803,2,18.21018,True,True,1.430511474609375e-06
6704,126.56459161901148,2,18.481373,True,True,1.430511474609375e-06
6705,126.58302664099028,2,18.335063,True,True,1.430511474609375e-06
6706,126.60139185597654,2,18.294112,True,True,1.430511474609375e-06
6707,126.62072437303141,2,19.266484,True,True,1.430511474609375e-06
6708,126.64208134502405,2,21.29594,True,True,1.430511474609375e-06
6709,126.66038658097386,2,18.253729,True,True,1.430511474609375e-06
6710,126.67869337502634,2,18.250281,True,True,1.430511474609375e-06
6711,126.69684166199295,2,18.101858,True,True,1.430511474609375e-06
6712,126.71516888402402,2,18.277986,True,True,1.430511474609375e-06
6713,126.74106074002339,2,25.847598,True,True,1.430511474609375e-06
6714,126.7623170419829,2,21.190548,True,True,1.430511474609375e-06
6715,126.78087634802796,2,18.505272,True,True,1.430511474609375e-06
6716,126.79902876500273,2,18.105205,True,True,1.430511474609375e-06
6717,126.81724573503016,2,18.174495,True,True,1.430511474609375e-06
6718,126.84713101398665,2,29.841684,True,True,1.430511474609375e-06
6719,126.86576625698945,2,18.529233,True,True,1.430511474609375e-06
6720,126.88399419700727,2,18.167334,True,True,1.430511474609375e-06
6721,126.90228682401357,2,18.246043,True,True,1.430511474609375e-06
6722,126.9205195659888,2,18.188312,True,True,1.430511474609375e-06
6723,126.93953660398256,2,18.964314,True,True,1.430511474609375e-06
6724,126.95772598602343,2,18.142068,True,True,1.430511474609375e-06
6725,126.97588886198355,2,18.115365,True,True,1.430511474609375e-06
6726,126.99413549999008,2,18.204741,True,True,1.430511474609375e-06
6727,127.01226906600641,2,18.092759,True,True,1.430511474609375e-06
6728,127.03091337200021,2,18.601304,True,True,1.430511474609375e-06
6729,127.04939499002649,2,18.437682,True,True,1.430511474609375e-06
6730,127.06762448401423,2,18.181535,True,True,1.430511474609375e-06
6731,127.08584567799699,2,18.174239,True,True,1.430511474609375e-06
6732,127.1039167480194,2,18.029569,True,True,1.430511474609375e-06
6733,127.12217840598896,2,18.220373,True,True,1.430511474609375e-06
6734,127.1407812180114,2,18.561688,True,True,1.430511474609375e-06
6735,127.15900753502501,2,18.184797,True,True,1.430511474609375e-06
6736,127.17744395101909,2,18.383088,True,True,1.430511474609375e-06
6737,127.19818610901712,2,20.692706,True,True,1.430511474609375e-06
6738,127.23176427202998,2,33.464808,True,True,1.430511474609375e-06
6739,127.250469385006,2,18.594092,True,True,1.430511474609375e-06
6740,127.26870656700339,2,18.169399,True,True,1.430511474609375e-06
6741,127.28739348897943,2,18.63462,True,True,1.430511474609375e-06
6742,127.30560381402029,2,18.16221,True,True,1.430511474609375e-06
6743,127.32428175699897,2,18.62972,True,True,1.430511474609375e-06
6744,127.34274339699186,2,18.413242,True,True,1.430511474609375e-06
6745,127.3609364060103,2,18.149215,True,True,1.430511474609375e-06
6746,127.3794933410245,2,18.506508,True,True,1.430511474609375e-06
6747,127.39796418597689,2,18.419937,True,True,1.430511474609375e-06
6748,127.41619551897747,2,18.188711,True,True,1.430511474609375e-06
6749,127.43494912300957,2,18.710307,True,True,1.430511474609375e-06
6750,127.45331238600193,2,18.312239,True,True,1.430511474609375e-06
6751,127.471838115016,2,18.472714,True,True,1.430511474609375e-06
6752,127.49006064701825,2,18.175024,True,True,1.430511474609375e-06
6753,127.50813406298403,2,18.025214,True,True,1.430511474609375e-06
6754,127.52667218598071,2,18.488342,True,True,1.430511474609375e-06
6755,127.5449387920089,2,18.221673,True,True,1.430511474609375e-06
6756,127.56304726900999,2,18.067031,True,True,1.430511474609375e-06
6757,127.58150138100609,2,18.411868,True,True,1.430511474609375e-06
6758,127.60007550398586,2,18.498411,True,True,1.430511474609375e-06
6759,127.61831875098869,2,18.186739,True,True,1.430511474609375e-06
6760,127.63677066599485,2,18.403035,True,True,1.430511474609375e-06
6761,127.65497558598872,2,18.159199,True,True,1.430511474609375e-06
6762,127.67289211298339,2,17.868975,True,True,1.430511474609375e-06
6763,127.69100221397821,2,18.067932,True,True,1.430511474609375e-06
6764,127.709153540025,2,18.103543,True,True,1.430511474609375e-06
6765,127.72759098099777,2,18.393059,True,True,1.430511474609375e-06
6766,127.74590194202028,2,18.258118,True,True,1.430511474609375e-06
6767,127.76409443299053,2,18.145071,True,True,1.430511474609375e-06
6768,127.78203614498489,2,17.898505,True,True,1.430511474609375e-06
6769,127.80011572001968,2,18.038359,True,True,1.430511474609375e-06
6770,127.81828586600022,2,18.130134,True,True,1.430511474609375e-06
6771,127.85244291397976,2,34.109598,True,True,1.430511474609375e-06
6772,127.87114021397429,2,18.575902,True,True,1.430511474609375e-06
6773,127.88914879300864,2,17.937941,True,True,1.430511474609375e-06
6774,127.90712685103063,2,17.924768,True,True,1.430511474609375e-06
6775,127.92505633202381,2,17.883811,True,True,1.430511474609375e-06
6776,127.94315044698305,2,18.048814,True,True,1.430511474609375e-06
6777,127.96130444802111,2,18.109424,True,True,1.430511474609375e-06
6778,127.97953377000522,2,18.184401,True,True,1.430511474609375e-06
6779,127.99772840697551,2,18.149912,True,True,1.430511474609375e-06
6780,128.01573568501044,2,17.962105,True,True,1.430511474609375e-06
6781,128.03359299898148,2,17.815206,True,True,1.430511474609375e-06
6782,128.05162653297884,2,17.991373,True,True,1.430511474609375e-06
6783,128.06964147201506,2,17.972017,True,True,1.430511474609375e-06
6784,128.08775591599988,2,18.07063,True,True,1.430511474609375e-06
6785,128.10584952298086,2,18.051417,True,True,1.430511474609375e-06
6786,128.1239362549968,2,18.04513,True,True,1.430511474609375e-06
6787,128.1418141219765,2,17.8356,True,True,1.430511474609375e-06
6788,128.1597994720214,2,17.931593,True,True,1.430511474609375e-06
6789,128.17804553598398,2,18.200049,True,True,1.430511474609375e-06
6790,128.19925405201502,2,21.161535,True,True,1.430511474609375e-06
6791,128.22475793998456,2,25.414261,True,True,1.430511474609375e-06
6792,128.24475698400056,2,19.912213,True,True,1.430511474609375e-06
6793,128.2629384060274,2,18.124408,True,True,1.430511474609375e-06
6794,128.28176540200366,2,18.774812,True,True,1.430511474609375e-06
6795,128.2998950650217,2,18.079665,True,True,1.430511474609375e-06
6796,128.31807776202913,2,18.135319,True,True,1.430511474609375e-06
6797,128.33601388899842,2,17.889633,True,True,1.430511474609375e-06
6798,128.3540993600036,2,18.043833,True,True,1.430511474609375e-06
6799,128.37220134801464,2,18.057727,True,True,1.430511474609375e-06
6800,128.39028628298547,2,18.044841,True,True,1.430511474609375e-06
6801,128.40850783098722,2,18.164209,True,True,1.430511474609375e-06
6802,128.42735663999338,2,18.796669,True,True,1.430511474609375e-06
6803,128.44849286100361,2,21.084434,True,True,1.430511474609375e-06
6804,128.46682383399457,2,18.282805,True,True,1.430511474609375e-06
6805,128.4849929100019,2,18.126421,True,True,1.430511474609375e-06
6806,128.50320059800288,2,18.165465,True,True,1.430511474609375e-06
6807,128.5215831680107,2,18.339411,True,True,1.430511474609375e-06
6808,128.5398495339905,2,18.224535,True,True,1.430511474609375e-06
6809,128.55817831598688,2,18.286138,True,True,1.430511474609375e-06
6810,128.57657886500238,2,18.35206,True,True,1.430511474609375e-06
6811,128.59473599097691,2,18.111442,True,True,1.430511474609375e-06
6812,128.61301343300147,2,18.232941,True,True,1.430511474609375e-06
6813,128.6312360499869,2,18.178233,True,True,1.430511474609375e-06
6814,128.6567258790019,2,25.444832,True,True,1.430511474609375e-06
6815,128.67809562501498,2,21.310491,True,True,1.430511474609375e-06
6816,128.69616866501747,2,18.027225,True,True,1.430511474609375e-06
6817,128.71433500299463,2,18.117571,True,True,1.430511474609375e-06
6818,128.73323488701135,2,18.833666,True,True,1.430511474609375e-06
6819,128.75163459900068,2,18.300435,True,True,1.430511474609375e-06
6820,128.76996796799358,2,18.269535,True,True,1.430511474609375e-06
6821,128.7882544940221,2,18.23435,True,True,1.430511474609375e-06
6822,128.80640233500162,2,18.103724,True,True,1.430511474609375e-06
6823,128.8248255919898,2,18.37844,True,True,1.430511474609375e-06
6824,128.84524403500836,2,20.364585,True,True,1.430511474609375e-06
6825,128.87325451598736,2,27.893267,True,True,1.430511474609375e-06
6826,128.8918479750282,2,18.483827,True,True,1.430511474609375e-06
6827,128.91022839501966,2,18.311668,True,True,1.430511474609375e-06
6828,128.92836557497503,2,18.089373,True,True,1.430511474609375e-06
6829,128.94657982402714,2,18.170027,True,True,1.430511474609375e-06
6830,128.964534534025,2,17.91108,True,True,1.430511474609375e-06
6831,128.98236181901302,2,17.785338,True,True,1.430511474609375e-06
6832,129.00036341202212,2,17.958961,True,True,1.430511474609375e-06
6833,129.01838892197702,2,17.98193,True,True,1.430511474609375e-06
6834,129.04222153301816,2,23.787307,True,True,1.430511474609375e-06
6835,129.06060188700212,2,18.325464,True,True,1.430511474609375e-06
6836,129.07912830100395,2,18.47834,True,True,1.430511474609375e-06
6837,129.09719866100932,2,18.026903,True,True,1.430511474609375e-06
6838,129.11519799003145,2,17.955748,True,True,1.430511474609375e-06
6839,129.13336468301713,2,18.123265,True,True,1.430511474609375e-06
6840,129.15126017597504,2,17.85404,True,True,1.430511474609375e-06
6841,129.16944044700358,2,18.138158,True,True,1.430511474609375e-06
6842,129.18772863200866,2,18.248103,True,True,1.430511474609375e-06
6843,129.21771288802847,2,29.940939,True,True,1.430511474609375e-06
6844,129.23629070300376,2,18.481703,True,True,1.430511474609375e-06
6845,129.25453438598197,2,18.180192,True,True,1.430511474609375e-06
6846,129.2727342370199,2,18.150908,True,True,1.430511474609375e-06
6847,129.29117558698636,2,18.399553,True,True,1.430511474609375e-06
6848,129.30933874100447,2,18.116874,True,True,1.430511474609375e-06
6849,129.32731528801378,2,17.93511,True,True,1.430511474609375e-06
6850,129.345402484003,2,18.038129,True,True,1.430511474609375e-06
6851,129.36354628700064,2,18.099735,True,True,1.430511474609375e-06
6852,129.38165865303017,2,18.070175,True,True,1.430511474609375e-06
6853,129.3997201580205,2,18.021862,True,True,1.430511474609375e-06
6854,129.41771917999722,2,17.956609,True,True,1.430511474609375e-06
6855,129.4359002719866,2,18.136131,True,True,1.430511474609375e-06
6856,129.45408524299273,2,18.142239,True,True,1.430511474609375e-06
6857,129.47221569501562,2,18.088125,True,True,1.430511474609375e-06
6858,129.490398222988,2,18.136221,True,True,1.430511474609375e-06
6859,129.50856605899753,2,18.125176,True,True,1.430511474609375e-06
6860,129.5269765810226,2,18.367499,True,True,1.430511474609375e-06
6861,129.54530203400645,2,18.276202,True,True,1.430511474609375e-06
6862,129.5634899539873,2,18.139451,True,True,1.430511474609375e-06
6863,129.58168517402373,2,18.1539,True,True,1.430511474609375e-06
6864,129.59994934598217,2,18.196289,True,True,1.430511474609375e-06
6865,129.61790943797678,2,17.909331,True,True,1.430511474609375e-06
6866,129.64086316199973,2,22.909299,True,True,1.430511474609375e-06
6867,129.65919845900498,2,18.280754,True,True,1.430511474609375e-06
6868,129.67740551702445,2,18.163761,True,True,1.430511474609375e-06
6869,129.6954250400304,2,17.978343,True,True,1.430511474609375e-06
6870,129.7135484640021,2,18.083178,True,True,1.430511474609375e-06
6871,129.73197568202158,2,18.382129,True,True,1.430511474609375e-06
6872,129.75019173597684,2,18.167204,True,True,1.430511474609375e-06
6873,129.76817654498154,2,17.941357,True,True,1.430511474609375e-06
6874,129.78635138599202,2,18.132269,True,True,1.430511474609375e-06
6875,129.80450623697834,2,18.11303,True,True,1.430511474609375e-06
6876,129.82247554702917,2,17.926016,True,True,1.430511474609375e-06
6877,129.84068555699196,2,18.168486,True,True,1.430511474609375e-06
6878,129.87014789698878,2,29.412757,True,True,1.430511474609375e-06
6879,129.8887995830155,2,18.543364,True,True,1.430511474609375e-06
6880,129.90705984999659,2,18.202475,True,True,1.430511474609375e-06
6881,129.92529850098072,2,18.190763,True,True,1.430511474609375e-06
6882,129.9439793099882,2,18.628142,True,True,1.430511474609375e-06
6883,129.96208455099259,2,18.057914,True,True,1.430511474609375e-06
6884,129.98024892702233,2,18.116893,True,True,1.430511474609375e-06
6885,129.99835175799672,2,18.060966,True,True,1.430511474609375e-06
6886,130.01629150297958,2,17.898134,True,True,1.430511474609375e-06
6887,130.0343083459884,2,17.970524,True,True,1.430511474609375e-06
6888,130.0523332200246,2,17.982774,True,True,1.430511474609375e-06
6889,130.07064549601637,2,18.270749,True,True,1.430511474609375e-06
6890,130.08870258898241,2,18.008532,True,True,1.430511474609375e-06
6891,130.10680283699185,2,18.056058,True,True,1.430511474609375e-06
6892,130.12475577602163,2,17.91091,True,True,1.430511474609375e-06
6893,130.14272119500674,2,17.923082,True,True,1.430511474609375e-06
6894,130.160887207021,2,18.120916,True,True,1.430511474609375e-06
6895,130.17874100600602,2,17.812771,True,True,1.430511474609375e-06
6896,130.19989376998274,2,21.103956,True,True,1.430511474609375e-06
6897,130.22680939600104,2,26.814154,True,True,1.430511474609375e-06
6898,130.24871259601787,2,21.819636,True,True,1.430511474609375e-06
6899,130.26710391801316,2,18.325143,True,True,1.430511474609375e-06
6900,130.28515110799344,2,17.992994,True,True,1.430511474609375e-06
6901,130.30359621101525,2,18.397861,True,True,1.430511474609375e-06
6902,130.32427052600542,2,20.626566,True,True,1.430511474609375e-06
6903,130.35043516702717,2,26.093339,True,True,1.430511474609375e-06
6904,130.36895464902045,2,18.462067,True,True,1.430511474609375e-06
6905,130.3871080550016,2,18.102183,True,True,1.430511474609375e-06
6906,130.40502944297623,2,17.877249,True,True,1.430511474609375e-06
6907,130.4230230510002,2,17.948762,True,True,1.430511474609375e-06
6908,130.4412912389962,2,18.223365,True,True,1.430511474609375e-06
6909,130.45945325098,2,18.119015,True,True,1.430511474609375e-06
6910,130.47755625197897,2,18.058381,True,True,1.430511474609375e-06
6911,130.4958378089941,2,18.24079,True,True,1.430511474609375e-06
6912,130.51396535598906,2,18.08121,True,True,1.430511474609375e-06
6913,130.5321553379763,2,18.147825,True,True,1.430511474609375e-06
6914,130.55038802599302,2,18.191259,True,True,1.430511474609375e-06
6915,130.56855405302485,2,18.124007,True,True,1.430511474609375e-06
6916,130.58683397999266,2,18.230994,True,True,1.430511474609375e-06
6917,130.60482697200496,2,17.920664,True,True,1.430511474609375e-06
6918,130.6229344989988,2,18.05311,True,True,1.430511474609375e-06
6919,130.641077474982,2,18.097272,True,True,1.430511474609375e-06
6920,130.65927244600607,2,18.15121,True,True,1.430511474609375e-06
6921,130.67723903502338,2,17.920147,True,True,1.430511474609375e-06
6922,130.69518501800485,2,17.904613,True,True,1.430511474609375e-06
6923,130.71353916299995,2,18.313952,True,True,1.430511474609375e-06
6924,130.7313909609802,2,17.806186,True,True,1.430511474609375e-06
6925,130.74947207898367,2,18.036878,True,True,1.430511474609375e-06
6926,130.7674213030259,2,17.907497,True,True,1.430511474609375e-06
6927,130.78553194500273,2,18.07124,True,True,1.430511474609375e-06
6928,130.80372709798394,2,18.151178,True,True,1.430511474609375e-06
6929,130.82187855697703,2,18.104297,True,True,1.430511474609375e-06
6930,130.84796409698902,2,26.040297,True,True,1.430511474609375e-06
6931,130.87501595297363,2,26.948584,True,True,1.430511474609375e-06
6932,130.89448938600253,2,19.37179,True,True,1.430511474609375e-06
6933,130.9128768289811,2,18.327385,True,True,1.430511474609375e-06
6934,130.9311997750192,2,18.274693,True,True,1.430511474609375e-06
6935,130.94942441402236,2,18.175889,True,True,1.430511474609375e-06
6936,130.96747153502656,2,18.004324,True,True,1.430511474609375e-06
6937,130.98840898502385,2,20.892708,True,True,1.430511474609375e-06
6938,131.01441785198404,2,25.956584,True,True,1.430511474609375e-06
6939,131.03267815097934,2,18.216826,True,True,1.430511474609375e-06
6940,131.05092312197667,2,18.20467,True,True,1.430511474609375e-06
6941,131.06905199500034,2,18.086515,True,True,1.430511474609375e-06
6942,131.08758809400024,2,18.494103,True,True,1.430511474609375e-06
6943,131.10583956202026,2,18.205433,True,True,1.430511474609375e-06
6944,131.12398704799125,2,18.102024,True,True,1.430511474609375e-06
6945,131.1424254560261,2,18.395798,True,True,1.430511474609375e-06
6946,131.16055913100718,2,18.091803,True,True,1.430511474609375e-06
6947,131.17884911299916,2,18.236277,True,True,1.430511474609375e-06
6948,131.20027023903094,2,21.374985,True,True,1.430511474609375e-06
6949,131.2268056080211,2,26.438236,True,True,1.430511474609375e-06
6950,131.24566111102467,2,18.780008,True,True,1.430511474609375e-06
6951,131.26375502097653,2,18.035373,True,True,1.430511474609375e-06
6952,131.28205086197704,2,18.233536,True,True,1.430511474609375e-06
6953,131.3001013189787,2,17.999874,True,True,1.430511474609375e-06
6954,131.3184225980076,2,18.275002,True,True,1.430511474609375e-06
6955,131.3367205550312,2,18.252745,True,True,1.430511474609375e-06
6956,131.35481253702892,2,18.04387,True,True,1.430511474609375e-06
6957,131.37297927000327,2,18.122004,True,True,1.430511474609375e-06
6958,131.39094116800698,2,17.917034,True,True,1.430511474609375e-06
6959,131.4089273510035,2,17.938641,True,True,1.430511474609375e-06
6960,131.42747912497725,2,18.502306,True,True,1.430511474609375e-06
6961,131.44591303699417,2,18.321916,True,True,1.430511474609375e-06
6962,131.46435090398882,2,18.373795,True,True,1.430511474609375e-06
6963,131.4825861970312,2,18.184643,True,True,1.430511474609375e-06
6964,131.5005160419969,2,17.882262,True,True,1.430511474609375e-06
6965,131.51876803702908,2,18.201854,True,True,1.430511474609375e-06
6966,131.5372577550006,2,18.434218,True,True,1.430511474609375e-06
6967,131.55556174798403,2,18.211239,True,True,1.430511474609375e-06
6968,131.57368006597972,2,18.038066,True,True,1.430511474609375e-06
6969,131.59205273201223,2,18.317589,True,True,1.430511474609375e-06
6970,131.6102542289882,2,18.135939,True,True,1.430511474609375e-06
6971,131.62853063299553,2,18.226656,True,True,1.430511474609375e-06
6972,131.65366165200248,2,25.08469,True,True,1.430511474609375e-06
6973,131.67470311000943,2,20.972937,True,True,1.430511474609375e-06
6974,131.693397318013,2,18.638874,True,True,1.430511474609375e-06
6975,131.7116603309987,2,18.20954,True,True,1.430511474609375e-06
6976,131.72989469597815,2,18.184482,True,True,1.430511474609375e-06
6977,131.748016988975,2,18.07681,True,True,1.430511474609375e-06
6978,131.76594121701783,2,17.879999,True,True,1.430511474609375e-06
6979,131.78415645001223,2,18.172297,True,True,1.430511474609375e-06
6980,131.80228993401397,2,18.089754,True,True,1.430511474609375e-06
6981,131.82010655797785,2,17.77473,True,True,1.430511474609375e-06
6982,131.83827951800777,2,18.131811,True,True,1.430511474609375e-06
6983,131.86807408498134,2,29.745461,True,True,1.430511474609375e-06
6984,131.88680476002628,2,18.621707,True,True,1.430511474609375e-06
6985,131.90521478501614,2,18.348866,True,True,1.430511474609375e-06
6986,131.92336803802755,2,18.104806,True,True,1.430511474609375e-06
6987,131.9413566829753,2,17.94122,True,True,1.430511474609375e-06
6988,131.95941637299256,2,18.016981,True,True,1.430511474609375e-06
6989,131.97753481398104,2,18.072499,True,True,1.430511474609375e-06
6990,131.99598494899692,2,18.407918,True,True,1.430511474609375e-06
6991,132.01424325699918,2,18.209873,True,True,1.430511474609375e-06
6992,132.0323532539769,2,18.068918,True,True,1.430511474609375e-06
6993,132.05045609298395,2,18.060142,True,True,1.430511474609375e-06
6994,132.06845366797643,2,17.954542,True,True,1.430511474609375e-06
6995,132.0864847410121,2,17.98742,True,True,1.430511474609375e-06
6996,132.10457578499336,2,18.050121,True,True,1.430511474609375e-06
6997,132.122491052025,2,17.873592,True,True,1.430511474609375e-06
6998,132.14052366901888,2,17.990099,True,True,1.430511474609375e-06
6999,132.15868087101262,2,18.114864,True,True,1.430511474609375e-06
7000,132.1766842160141,2,17.961086,True,True,1.430511474609375e-06
7001,132.19712108402746,2,20.389142,True,True,1.430511474609375e-06
7002,132.22317477298202,2,25.961045,True,True,1.430511474609375e-06
7003,132.24371587700443,2,20.455731,True,True,1.430511474609375e-06
7004,132.2619898080011,2,18.216734,True,True,1.430511474609375e-06
7005,132.2801013070275,2,18.061448,True,True,1.430511474609375e-06
7006,132.29798303497955,2,17.834578,True,True,1.430511474609375e-06
7007,132.3158863990102,2,17.86113,True,True,1.430511474609375e-06
7008,132.33368116698693,2,17.750349,True,True,1.430511474609375e-06
7009,132.35168709501158,2,17.959743,True,True,1.430511474609375e-06
7010,132.36968238197733,2,17.945329,True,True,1.430511474609375e-06
7011,132.3877292019897,2,18.002879,True,True,1.430511474609375e-06
7012,132.4059295170009,2,18.159015,True,True,1.430511474609375e-06
7013,132.42384860798484,2,17.878334,True,True,1.430511474609375e-06
7014,132.44182684400585,2,17.934267,True,True,1.430511474609375e-06
7015,132.4596834660042,2,17.814185,True,True,1.430511474609375e-06
7016,132.47758310002973,2,17.858376,True,True,1.430511474609375e-06
7017,132.50291707599536,2,25.288544,True,True,1.430511474609375e-06
7018,132.52428030298324,2,21.287291,True,True,1.430511474609375e-06
7019,132.5423222699901,2,17.983409,True,True,1.430511474609375e-06
7020,132.56036796601256,2,17.985185,True,True,1.430511474609375e-06
7021,132.5783554079826,2,17.942186,True,True,1.430511474609375e-06
7022,132.5967639790033,2,18.35457,True,True,1.430511474609375e-06
7023,132.6150751769892,2,18.267526,True,True,1.430511474609375e-06
7024,132.63332452898612,2,18.205235,True,True,1.430511474609375e-06
7025,132.65155816701008,2,18.190513,True,True,1.430511474609375e-06
7026,132.66971251601353,2,18.112021,True,True,1.430511474609375e-06
7027,132.68784335401142,2,18.08407,True,True,1.430511474609375e-06
7028,132.70600978197763,2,18.120935,True,True,1.430511474609375e-06
7029,132.72408788802568,2,18.034533,True,True,1.430511474609375e-06
7030,132.74203779402887,2,17.903622,True,True,1.430511474609375e-06
7031,132.760322001006,2,18.24121,True,True,1.430511474609375e-06
7032,132.7783837519819,2,18.0152,True,True,1.430511474609375e-06
7033,132.79657062498154,2,18.138274,True,True,1.430511474609375e-06
7034,132.81485785800032,2,18.238416,True,True,1.430511474609375e-06
7035,132.83297454199055,2,18.069806,True,True,1.430511474609375e-06
7036,132.85120008001104,2,18.181179,True,True,1.430511474609375e-06
7037,132.87968042399734,2,28.431517,True,True,1.430511474609375e-06
7038,132.90007160202367,2,20.27758,True,True,1.430511474609375e-06
7039,132.9185646760161,2,18.423667,True,True,1.430511474609375e-06
7040,132.93675529502798,2,18.140464,True,True,1.430511474609375e-06
7041,132.95471146900672,2,17.907864,True,True,1.430511474609375e-06
7042,132.97268870298285,2,17.932136,True,True,1.430511474609375e-06
7043,132.9909042000072,2,18.174396,True,True,1.430511474609375e-06
7044,133.00892573600868,2,17.975555,True,True,1.430511474609375e-06
7045,133.02708423900185,2,18.115275,True,True,1.430511474609375e-06
7046,133.04517635400407,2,18.050771,True,True,1.430511474609375e-06
7047,133.06302918802248,2,17.808633,True,True,1.430511474609375e-06
7048,133.08122403000016,2,18.147559,True,True,1.430511474609375e-06
7049,133.09938532899832,2,18.113922,True,True,1.430511474609375e-06
7050,133.117576293007,2,18.14636,True,True,1.430511474609375e-06
7051,133.13601923797978,2,18.39963,True,True,1.430511474609375e-06
7052,133.15426187298726,2,18.194796,True,True,1.430511474609375e-06
7053,133.17236451100325,2,18.044856,True,True,1.430511474609375e-06
7054,133.19034999998985,2,17.938003,True,True,1.430511474609375e-06
7055,133.21854087000247,2,28.138924,True,True,1.430511474609375e-06
7056,133.238648027007,2,19.994916,True,True,1.430511474609375e-06
7057,133.257093437016,2,18.382633,True,True,1.430511474609375e-06
7058,133.27539609500673,2,18.25452,True,True,1.430511474609375e-06
7059,133.29349605500465,2,18.055579,True,True,1.430511474609375e-06
7060,133.31215740501648,2,18.61689,True,True,1.430511474609375e-06
7061,133.33686978498008,2,24.666664,True,True,1.430511474609375e-06
7062,133.3584482599981,2,21.516753,True,True,1.430511474609375e-06
7063,133.3767704690108,2,18.270702,True,True,1.430511474609375e-06
7064,133.39499768300448,2,18.179945,True,True,1.430511474609375e-06
7065,133.41351570002735,2,18.472545,True,True,1.430511474609375e-06
7066,133.4317458550213,2,18.186806,True,True,1.430511474609375e-06
7067,133.44972461898578,2,17.934078,True,True,1.430511474609375e-06
7068,133.46779681002954,2,18.022528,True,True,1.430511474609375e-06
7069,133.4861577770207,2,18.31699,True,True,1.430511474609375e-06
7070,133.50451565202093,2,18.307415,True,True,1.430511474609375e-06
7071,133.52268561901292,2,18.126549,True,True,1.430511474609375e-06
7072,133.54135508701438,2,18.619662,True,True,1.430511474609375e-06
7073,133.55954059102805,2,18.139174,True,True,1.430511474609375e-06
7074,133.57791504298802,2,18.332309,True,True,1.430511474609375e-06
7075,133.59633953298908,2,18.35737,True,True,1.430511474609375e-06
7076,133.61433943698648,2,17.936835,True,True,1.430511474609375e-06
7077,133.63244926498737,2,18.061224,True,True,1.430511474609375e-06
7078,133.65067203197395,2,18.174146,True,True,1.430511474609375e-06
7079,133.66883429599693,2,18.114993,True,True,1.430511474609375e-06
7080,133.68720837699948,2,18.327431,True,True,1.430511474609375e-06
7081,133.7060318890144,2,18.72388,True,True,1.430511474609375e-06
7082,133.7244399409974,2,18.329802,True,True,1.430511474609375e-06
7083,133.74261945998296,2,18.129191,True,True,1.430511474609375e-06
7084,133.7608716399991,2,18.206219,True,True,1.430511474609375e-06
7085,133.77907184598735,2,18.15209,True,True,1.430511474609375e-06
7086,133.79741090501193,2,18.293394,True,True,1.430511474609375e-06
7087,133.81615314999362,2,18.673638,True,True,1.430511474609375e-06
7088,133.83452990301885,2,18.283615,True,True,1.430511474609375e-06
7089,133.85251733497716,2,17.930047,True,True,1.430511474609375e-06
7090,133.8803419530159,2,27.768751,True,True,1.430511474609375e-06
7091,133.90050107997376,2,20.054585,True,True,1.430511474609375e-06
7092,133.91893632197753,2,18.369474,True,True,1.430511474609375e-06
7093,133.93722657498438,2,18.233165,True,True,1.430511474609375e-06
7094,133.95518906600773,2,17.913294,True,True,1.430511474609375e-06
7095,133.9733498209971,2,18.114032,True,True,1.430511474609375e-06
7096,133.99161286797607,2,18.220508,True,True,1.430511474609375e-06
7097,134.0095324140275,2,17.873625,True,True,1.430511474609375e-06
7098,134.02756966702873,2,17.993912,True,True,1.430511474609375e-06
7099,134.0454293990042,2,17.818162,True,True,1.430511474609375e-06
7100,134.06350346002728,2,18.033558,True,True,1.430511474609375e-06
7101,134.08144731202628,2,17.899593,True,True,1.430511474609375e-06
7102,134.09940998797538,2,17.916102,True,True,1.430511474609375e-06
7103,134.11727228102973,2,17.820369,True,True,1.430511474609375e-06
7104,134.1351623699884,2,17.8457,True,True,1.430511474609375e-06
7105,134.15308949397877,2,17.8822,True,True,1.430511474609375e-06
7106,134.17121851001866,2,18.086774,True,True,1.430511474609375e-06
7107,134.1892165769823,2,17.955097,True,True,1.430511474609375e-06
7108,134.2169362839777,2,27.671645,True,True,1.430511474609375e-06
7109,134.23708439600887,2,20.039535,True,True,1.430511474609375e-06
7110,134.25542903598398,2,18.27943,True,True,1.430511474609375e-06
7111,134.27368769497843,2,18.206508,True,True,1.430511474609375e-06
7112,134.2920001820312,2,18.260951,True,True,1.430511474609375e-06
7113,134.3099499340169,2,17.900919,True,True,1.430511474609375e-06
7114,134.32793907198356,2,17.943631,True,True,1.430511474609375e-06
7115,134.34603439102648,2,18.047027,True,True,1.430511474609375e-06
7116,134.36421616800362,2,18.136463,True,True,1.430511474609375e-06
7117,134.38232073298423,2,18.059905,True,True,1.430511474609375e-06
7118,134.40028011502,2,17.91746,True,True,1.430511474609375e-06
7119,134.41832189599518,2,17.996705,True,True,1.430511474609375e-06
7120,134.43651854398195,2,18.149659,True,True,1.430511474609375e-06
7121,134.45488931500586,2,18.326245,True,True,1.430511474609375e-06
7122,134.47310722299153,2,18.168395,True,True,1.430511474609375e-06
7123,134.49122726800852,2,18.072136,True,True,1.430511474609375e-06
7124,134.50936530297622,2,18.090412,True,True,1.430511474609375e-06
7125,134.52734752598917,2,17.935585,True,True,1.430511474609375e-06
7126,134.54534005501773,2,17.94994,True,True,1.430511474609375e-06
7127,134.5632155520143,2,17.833335,True,True,1.430511474609375e-06
7128,134.5810504090041,2,17.793285,True,True,1.430511474609375e-06
7129,134.59897637501126,2,17.882099,True,True,1.430511474609375e-06
7130,134.61712406098377,2,18.105629,True,True,1.430511474609375e-06
7131,134.63504532899242,2,17.877495,True,True,1.430511474609375e-06
7132,134.6531984169851,2,18.107004,True,True,1.430511474609375e-06
7133,134.67151699302485,2,18.272165,True,True,1.430511474609375e-06
7134,134.68973414000357,2,18.170846,True,True,1.430511474609375e-06
7135,134.70790345600108,2,18.127278,True,True,1.430511474609375e-06
7136,134.7263437390211,2,18.395657,True,True,1.430511474609375e-06
7137,134.74455612100428,2,18.156645,True,True,1.430511474609375e-06
7138,134.76270889898296,2,18.107581,True,True,1.430511474609375e-06
7139,134.78071137197549,2,17.962755,True,True,1.430511474609375e-06
7140,134.7985604259884,2,17.806255,True,True,1.430511474609375e-06
7141,134.81651873898227,2,17.913038,True,True,1.430511474609375e-06
7142,134.83461162802996,2,18.04936,True,True,1.430511474609375e-06
7143,134.85246095398907,2,17.807038,True,True,1.430511474609375e-06
7144,134.88077237800462,2,28.268033,True,True,1.430511474609375e-06
7145,134.90123139700154,2,20.354803,True,True,1.430511474609375e-06
7146,134.91938853502506,2,18.098926,True,True,1.430511474609375e-06
7147,134.93756632402074,2,18.124164,True,True,1.430511474609375e-06
7148,134.95593411498703,2,18.306636,True,True,1.430511474609375e-06
7149,134.97407261497574,2,18.092232,True,True,1.430511474609375e-06
7150,134.99217651598155,2,18.062283,True,True,1.430511474609375e-06
7151,135.0104304929846,2,18.214356,True,True,1.430511474609375e-06
7152,135.02845703798812,2,17.985845,True,True,1.430511474609375e-06
7153,135.04628476098878,2,17.785514,True,True,1.430511474609375e-06
7154,135.0643563279882,2,18.030591,True,True,1.430511474609375e-06
7155,135.08249946602155,2,18.099848,True,True,1.430511474609375e-06
7156,135.10097982897423,2,18.419902,True,True,1.430511474609375e-06
7157,135.11931386601645,2,18.280694,True,True,1.430511474609375e-06
7158,135.1375437329989,2,18.183802,True,True,1.430511474609375e-06
7159,135.1555507539888,2,17.960443,True,True,1.430511474609375e-06
7160,135.1735723260208,2,17.980925,True,True,1.430511474609375e-06
7161,135.19182443298632,2,18.207524,True,True,1.430511474609375e-06
7162,135.21970044099726,2,27.825629,True,True,1.430511474609375e-06
7163,135.23991219798336,2,20.104042,True,True,1.430511474609375e-06
7164,135.26517761597643,2,25.195175,True,True,1.430511474609375e-06
7165,135.28708564897534,2,21.828861,True,True,1.430511474609375e-06
7166,135.30545710999286,2,18.31049,True,True,1.430511474609375e-06
7167,135.3236178610241,2,18.109035,True,True,1.430511474609375e-06
7168,135.34189214999788,2,18.231871,True,True,1.430511474609375e-06
7169,135.35982983198483,2,17.887311,True,True,1.430511474609375e-06
7170,135.3778841579915,2,18.009938,True,True,1.430511474609375e-06
7171,135.3961125499918,2,18.185629,True,True,1.430511474609375e-06
7172,135.4140228970209,2,17.869177,True,True,1.430511474609375e-06
7173,135.432160751021,2,18.091942,True,True,1.430511474609375e-06
7174,135.4505051060114,2,18.295256,True,True,1.430511474609375e-06
7175,135.46872256300412,2,18.173352,True,True,1.430511474609375e-06
7176,135.48687144299038,2,18.100046,True,True,1.430511474609375e-06
7177,135.50524193502497,2,18.32355,True,True,1.430511474609375e-06
7178,135.52352308901027,2,18.23669,True,True,1.430511474609375e-06
7179,135.54168962599942,2,18.119785,True,True,1.430511474609375e-06
7180,135.55987709702458,2,18.14131,True,True,1.430511474609375e-06
7181,135.57820003200322,2,18.277119,True,True,1.430511474609375e-06
7182,135.59635697002523,2,18.101308,True,True,1.430511474609375e-06
7183,135.61432187398896,2,17.919726,True,True,1.430511474609375e-06
7184,135.63819073600462,2,23.820708,True,True,1.430511474609375e-06
7185,135.65657465299591,2,18.309096,True,True,1.430511474609375e-06
7186,135.6747798579745,2,18.148048,True,True,1.430511474609375e-06
7187,135.6930163850193,2,18.185573,True,True,1.430511474609375e-06
7188,135.7114395389799,2,18.377723,True,True,1.430511474609375e-06
7189,135.72931330400752,2,17.828636,True,True,1.430511474609375e-06
7190,135.7475287070265,2,18.169959,True,True,1.430511474609375e-06
7191,135.76570460398216,2,18.130249,True,True,1.430511474609375e-06
7192,135.78393080597743,2,18.180831,True,True,1.430511474609375e-06
7193,135.8021874719998,2,18.212978,True,True,1.430511474609375e-06
7194,135.82037089002552,2,18.141353,True,True,1.430511474609375e-06
7195,135.8388383439742,2,18.412151,True,True,1.430511474609375e-06
7196,135.85675921000075,2,17.872292,True,True,1.430511474609375e-06
7197,135.87477483501425,2,17.970591,True,True,1.430511474609375e-06
7198,135.9044368339819,2,29.616581,True,True,1.430511474609375e-06
7199,135.92293398600304,2,18.390202,True,True,1.430511474609375e-06
7200,135.94177126098657,2,18.770843,True,True,1.430511474609375e-06
7201,135.96000348997768,2,18.181009,True,True,1.430511474609375e-06
7202,135.9779617189779,2,17.910521,True,True,1.430511474609375e-06
7203,135.99597565300064,2,17.967976,True,True,1.430511474609375e-06
7204,136.01424123899778,2,18.218714,True,True,1.430511474609375e-06
7205,136.03219588001957,2,17.910013,True,True,1.430511474609375e-06
7206,136.05020332400454,2,17.96214,True,True,1.430511474609375e-06
7207,136.06827334000263,2,18.024872,True,True,1.430511474609375e-06
7208,136.0864450709778,2,18.128834,True,True,1.430511474609375e-06
7209,136.10464288602816,2,18.154023,True,True,1.430511474609375e-06
7210,136.12275778199546,2,18.071372,True,True,1.430511474609375e-06
7211,136.14115007099463,2,18.347425,True,True,1.430511474609375e-06
7212,136.1594496499747,2,18.248845,True,True,1.430511474609375e-06
7213,136.17738832900068,2,17.89105,True,True,1.430511474609375e-06
7214,136.1982331359759,2,20.795046,True,True,1.430511474609375e-06
7215,136.22354943101527,2,25.16794,True,True,1.430511474609375e-06
7216,136.24372079898603,2,20.085693,True,True,1.430511474609375e-06
7217,136.26205743302125,2,18.273759,True,True,1.430511474609375e-06
7218,136.28021269699093,2,18.103059,True,True,1.430511474609375e-06
7219,136.29828512697713,2,18.024872,True,True,1.430511474609375e-06
7220,136.31646813300904,2,18.14009,True,True,1.430511474609375e-06
7221,136.33459880098235,2,18.08542,True,True,1.430511474609375e-06
7222,136.35259099502582,2,17.948508,True,True,1.430511474609375e-06
7223,136.3705185339786,2,17.883115,True,True,1.430511474609375e-06
7224,136.38852419302566,2,17.962377,True,True,1.430511474609375e-06
7225,136.40678292902885,2,18.21559,True,True,1.430511474609375e-06
7226,136.426870263007,2,19.993661,True,True,1.430511474609375e-06
7227,136.44695600302657,2,19.955833,True,True,1.430511474609375e-06
7228,136.46643785299966,2,19.345972,True,True,1.430511474609375e-06
7229,136.4847917840234,2,18.243339,True,True,1.430511474609375e-06
7230,136.50289769598749,2,18.039185,True,True,1.430511474609375e-06
7231,136.52118263900047,2,18.233115,True,True,1.430511474609375e-06
7232,136.53983292001067,2,18.583371,True,True,1.430511474609375e-06
7233,136.55841019400395,2,18.461983,True,True,1.430511474609375e-06
7234,136.57643111102516,2,17.956483,True,True,1.430511474609375e-06
7235,136.5945639780257,2,18.069786,True,True,1.430511474609375e-06
7236,136.61275453300914,2,18.117839,True,True,1.430511474609375e-06
7237,136.63072279299377,2,17.919336,True,True,1.430511474609375e-06
7238,136.64875514997402,2,17.980728,True,True,1.430511474609375e-06
7239,136.66689988801954,2,18.095865,True,True,1.430511474609375e-06
7240,136.68527089897543,2,18.322777,True,True,1.430511474609375e-06
7241,136.70339592697565,2,18.07598,True,True,1.430511474609375e-06
7242,136.72160052298568,2,18.157229,True,True,1.430511474609375e-06
7243,136.73975276999408,2,18.097351,True,True,1.430511474609375e-06
7244,136.7578603589791,2,18.064873,True,True,1.430511474609375e-06
7245,136.7757846590248,2,17.882137,True,True,1.430511474609375e-06
7246,136.79371759900823,2,17.887994,True,True,1.430511474609375e-06
7247,136.8119456919958,2,18.187391,True,True,1.430511474609375e-06
7248,136.82992601499427,2,17.938101,True,True,1.430511474609375e-06
7249,136.84783653501654,2,17.868391,True,True,1.430511474609375e-06
7250,136.8660008609877,2,18.115387,True,True,1.430511474609375e-06
7251,136.88998405600432,2,23.934829,True,True,1.430511474609375e-06
7252,136.91402666299837,2,23.924651,True,True,1.430511474609375e-06
7253,136.93493344500894,2,20.845242,True,True,1.430511474609375e-06
7254,136.96066809102194,2,25.668635,True,True,1.430511474609375e-06
7255,136.9792880039895,2,18.559221,True,True,1.430511474609375e-06
7256,136.99746414198307,2,18.12148,True,True,1.430511474609375e-06
7257,137.01571169798262,2,18.201313,True,True,1.430511474609375e-06
7258,137.03391354699852,2,18.152657,True,True,1.430511474609375e-06
7259,137.0520974029787,2,18.138077,True,True,1.430511474609375e-06
7260,137.07029586099088,2,18.158012,True,True,1.430511474609375e-06
7261,137.0888575030258,2,18.503373,True,True,1.430511474609375e-06
7262,137.10709563997807,2,18.191237,True,True,1.430511474609375e-06
7263,137.12551064998843,2,18.37043,True,True,1.430511474609375e-06
7264,137.1439787290292,2,18.418914,True,True,1.430511474609375e-06
7265,137.16210051102098,2,18.073738,True,True,1.430511474609375e-06
7266,137.1802582750097,2,18.113168,True,True,1.430511474609375e-06
7267,137.2042742689955,2,23.967659,True,True,1.430511474609375e-06
7268,137.22830256499583,2,23.906124,True,True,1.430511474609375e-06
7269,137.24678666499676,2,18.412622,True,True,1.430511474609375e-06
7270,137.26489300501999,2,18.052771,True,True,1.430511474609375e-06
7271,137.28356253297534,2,18.623196,True,True,1.430511474609375e-06
7272,137.30142569501186,2,17.816177,True,True,1.430511474609375e-06
7273,137.31942904600874,2,17.957304,True,True,1.430511474609375e-06
7274,137.33764202002203,2,18.17174,True,True,1.430511474609375e-06
7275,137.3555734049878,2,17.888142,True,True,1.430511474609375e-06
7276,137.37368447700283,2,18.064272,True,True,1.430511474609375e-06
7277,137.39193208498182,2,18.205082,True,True,1.430511474609375e-06
7278,137.410062009003,2,18.083405,True,True,1.430511474609375e-06
7279,137.42832632601494,2,18.215663,True,True,1.430511474609375e-06
7280,137.44690077000996,2,18.524579,True,True,1.430511474609375e-06
7281,137.4650728640263,2,18.126372,True,True,1.430511474609375e-06
7282,137.48320074001094,2,18.081598,True,True,1.430511474609375e-06
7283,137.50113788200542,2,17.882677,True,True,1.430511474609375e-06
7284,137.51916793902637,2,17.983398,True,True,1.430511474609375e-06
7285,137.5373425250291,2,18.124849,True,True,1.430511474609375e-06
7286,137.55539937497815,2,18.004884,True,True,1.430511474609375e-06
7287,137.57353901898023,2,18.097296,True,True,1.430511474609375e-06
7288,137.59836401499342,2,24.783474,True,True,1.430511474609375e-06
7289,137.62026539898943,2,21.826224,True,True,1.430511474609375e-06
7290,137.6387360849767,2,18.418624,True,True,1.430511474609375e-06
7291,137.65690084802918,2,18.103075,True,True,1.430511474609375e-06
7292,137.6750515960157,2,18.104391,True,True,1.430511474609375e-06
7293,137.69324898702325,2,18.147302,True,True,1.430511474609375e-06
7294,137.7114397819969,2,18.140881,True,True,1.430511474609375e-06
7295,137.72968847799348,2,18.205188,True,True,1.430511474609375e-06
7296,137.74784851598088,2,18.114473,True,True,1.430511474609375e-06
7297,137.76594801497413,2,18.053587,True,True,1.430511474609375e-06
7298,137.78425531100947,2,18.265899,True,True,1.430511474609375e-06
7299,137.80249176098732,2,18.191762,True,True,1.430511474609375e-06
7300,137.8206877920311,2,18.146486,True,True,1.430511474609375e-06
7301,137.83866537699942,2,17.936321,True,True,1.430511474609375e-06
7302,137.85674610198475,2,18.03695,True,True,1.430511474609375e-06
7303,137.87504726898624,2,18.259742,True,True,1.430511474609375e-06
7304,137.89336773601826,2,18.27456,True,True,1.430511474609375e-06
7305,137.92180343100335,2,28.385204,True,True,1.430511474609375e-06
7306,137.94188889698125,2,19.980782,True,True,1.430511474609375e-06
7307,137.96015240700217,2,18.202487,True,True,1.430511474609375e-06
7308,137.97845034702914,2,18.243798,True,True,1.430511474609375e-06
7309,137.9965643530013,2,18.069343,True,True,1.430511474609375e-06
7310,138.01474782801233,2,18.134655,True,True,1.430511474609375e-06
7311,138.03296033799415,2,18.170427,True,True,1.430511474609375e-06
7312,138.05107887100894,2,18.074791,True,True,1.430511474609375e-06
7313,138.06939826603048,2,18.280274,True,True,1.430511474609375e-06
7314,138.08742637000978,2,17.980743,True,True,1.430511474609375e-06
7315,138.10552611103049,2,18.051152,True,True,1.430511474609375e-06
7316,138.12372191098984,2,18.147972,True,True,1.430511474609375e-06
7317,138.14162783598294,2,17.859811,True,True,1.430511474609375e-06
7318,138.1597978179925,2,18.120317,True,True,1.430511474609375e-06
7319,138.17794470099034,2,18.099063,True,True,1.430511474609375e-06
7320,138.1989907930256,2,20.996618,True,True,1.430511474609375e-06
7321,138.22402435197728,2,24.944314,True,True,1.430511474609375e-06
7322,138.24407215602696,2,19.958051,True,True,1.430511474609375e-06
7323,138.26995079498738,2,25.79542,True,True,1.430511474609375e-06
7324,138.2913916669786,2,21.364933,True,True,1.430511474609375e-06
7325,138.30945113801863,2,18.000962,True,True,1.430511474609375e-06
7326,138.32747322600335,2,17.971943,True,True,1.430511474609375e-06
7327,138.34586323000258,2,18.343994,True,True,1.430511474609375e-06
7328,138.3638804850052,2,17.967826,True,True,1.430511474609375e-06
7329,138.38201669300906,2,18.089802,True,True,1.430511474609375e-06
7330,138.40011476603104,2,18.050557,True,True,1.430511474609375e-06
7331,138.41823032998946,2,18.071513,True,True,1.430511474609375e-06
7332,138.43612885201583,2,17.854298,True,True,1.430511474609375e-06
7333,138.4541371029918,2,17.966023,True,True,1.430511474609375e-06
7334,138.47209342801943,2,17.909069,True,True,1.430511474609375e-06
7335,138.49015111697372,2,18.014712,True,True,1.430511474609375e-06
7336,138.50852329301415,2,18.327579,True,True,1.430511474609375e-06
7337,138.52671459899284,2,18.131212,True,True,1.430511474609375e-06
7338,138.54490698099835,2,18.140871,True,True,1.430511474609375e-06
7339,138.56312968902057,2,18.17161,True,True,1.430511474609375e-06
7340,138.58127432502806,2,18.09917,True,True,1.430511474609375e-06
7341,138.59943389502587,2,18.110503,True,True,1.430511474609375e-06
7342,138.61771916900761,2,18.242532,True,True,1.430511474609375e-06
7343,138.6359323770157,2,18.169015,True,True,1.430511474609375e-06
7344,138.65405563497916,2,18.072342,True,True,1.430511474609375e-06
7345,138.67225489002885,2,18.150197,True,True,1.430511474609375e-06
7346,138.69070211501094,2,18.346815,True,True,1.430511474609375e-06
7347,138.70913001097506,2,18.346359,True,True,1.430511474609375e-06
7348,138.72747081599664,2,18.283226,True,True,1.430511474609375e-06
7349,138.7455614799983,2,18.040772,True,True,1.430511474609375e-06
7350,138.76355602801777,2,17.947806,True,True,1.430511474609375e-06
7351,138.7816795349936,2,18.081576,True,True,1.430511474609375e-06
7352,138.80021953000687,2,18.481103,True,True,1.430511474609375e-06
7353,138.8186176539748,2,18.289152,True,True,1.430511474609375e-06
7354,138.83687258698046,2,18.193554,True,True,1.430511474609375e-06
7355,138.85505921498407,2,18.13757,True,True,1.430511474609375e-06
7356,138.87282808398595,2,17.723514,True,True,1.430511474609375e-06
7357,138.89087706897408,2,18.004707,True,True,1.430511474609375e-06
7358,138.92034011601936,2,29.412929,True,True,1.430511474609375e-06
7359,138.93945886701113,2,19.008582,True,True,1.430511474609375e-06
7360,138.95784540497698,2,18.312163,True,True,1.430511474609375e-06
7361,138.97601131600095,2,18.115356,True,True,1.430511474609375e-06
7362,138.99428303202149,2,18.229046,True,True,1.430511474609375e-06
7363,139.01236731902463,2,18.041402,True,True,1.430511474609375e-06
7364,139.0304003339843,2,17.98551,True,True,1.430511474609375e-06
7365,139.0483522519935,2,17.908046,True,True,1.430511474609375e-06
7366,139.06627707602456,2,17.877804,True,True,1.430511474609375e-06
7367,139.08707334502833,2,20.750048,True,True,1.430511474609375e-06
7368,139.11297423101496,2,25.813662,True,True,1.430511474609375e-06
7369,139.1314917349955,2,18.451413,True,True,1.430511474609375e-06
7370,139.1496025309898,2,18.057043,True,True,1.430511474609375e-06
7371,139.1676691750181,2,18.019306,True,True,1.430511474609375e-06
7372,139.18586105498252,2,18.148841,True,True,1.430511474609375e-06
7373,139.21560461400077,2,29.691923,True,True,1.430511474609375e-06
7374,139.23427376698237,2,18.553162,True,True,1.430511474609375e-06
7375,139.25265594100347,2,18.310485,True,True,1.430511474609375e-06
7376,139.27079058799427,2,18.080264,True,True,1.430511474609375e-06
7377,139.28883034799946,2,17.987775,True,True,1.430511474609375e-06
7378,139.30685951001942,2,17.984678,True,True,1.430511474609375e-06
7379,139.32495402701898,2,18.051488,True,True,1.430511474609375e-06
7380,139.34281633002684,2,17.820546,True,True,1.430511474609375e-06
7381,139.36083332600538,2,17.974375,True,True,1.430511474609375e-06
7382,139.3790850879741,2,18.207666,True,True,1.430511474609375e-06
7383,139.3971559429774,2,18.026668,True,True,1.430511474609375e-06
7384,139.4154076190316,2,18.204795,True,True,1.430511474609375e-06
7385,139.43353842600482,2,18.081984,True,True,1.430511474609375e-06
7386,139.4516750780167,2,18.088189,True,True,1.430511474609375e-06
7387,139.46991988102673,2,18.19025,True,True,1.430511474609375e-06
7388,139.48806306597544,2,18.092697,True,True,1.430511474609375e-06
7389,139.50630393601023,2,18.19425,True,True,1.430511474609375e-06
7390,139.52448895398993,2,18.134448,True,True,1.430511474609375e-06
7391,139.54433278302895,2,19.782192,True,True,1.430511474609375e-06
7392,139.56275184900733,2,18.337639,True,True,1.430511474609375e-06
7393,139.5809970870032,2,18.182461,True,True,1.430511474609375e-06
7394,139.59938218002208,2,18.312069,True,True,1.430511474609375e-06
7395,139.61764202802442,2,18.20625,True,True,1.430511474609375e-06
7396,139.63639594998676,2,18.705123,True,True,1.430511474609375e-06
7397,139.65472152800066,2,18.262923,True,True,1.430511474609375e-06
7398,139.6731538909953,2,18.375573,True,True,1.430511474609375e-06
7399,139.69142442097655,2,18.22302,True,True,1.430511474609375e-06
7400,139.70959924097406,2,18.128746,True,True,1.430511474609375e-06
7401,139.72777235100511,2,18.127053,True,True,1.430511474609375e-06
7402,139.74648046301445,2,18.663963,True,True,1.430511474609375e-06
7403,139.7646691360278,2,18.140956,True,True,1.430511474609375e-06
7404,139.7826632349752,2,17.950502,True,True,1.430511474609375e-06
7405,139.80072209599894,2,18.011535,True,True,1.430511474609375e-06
7406,139.81900074798614,2,18.231139,True,True,1.430511474609375e-06
7407,139.8375591969816,2,18.518438,True,True,1.430511474609375e-06
7408,139.85603986500064,2,18.434676,True,True,1.430511474609375e-06
7409,139.8742516519851,2,18.168467,True,True,1.430511474609375e-06
7410,139.89236596197588,2,18.065457,True,True,1.430511474609375e-06
7411,139.92236947797937,2,29.951884,True,True,1.430511474609375e-06
7412,139.94857261399738,2,26.080404,True,True,1.430511474609375e-06
7413,139.97008985298453,2,21.430777,True,True,1.430511474609375e-06
7414,139.98817118100123,2,18.023812,True,True,1.430511474609375e-06
7415,140.0061970190145,2,17.979079,True,True,1.430511474609375e-06
7416,140.02415667002788,2,17.914275,True,True,1.430511474609375e-06
7417,140.0427875649766,2,18.590061,True,True,1.430511474609375e-06
7418,140.0611139900284,2,18.275271,True,True,1.430511474609375e-06
7419,140.07929189497372,2,18.128305,True,True,1.430511474609375e-06
7420,140.09765286801849,2,18.306763,True,True,1.430511474609375e-06
7421,140.11579422600335,2,18.093583,True,True,1.430511474609375e-06
7422,140.13373675802723,2,17.899268,True,True,1.430511474609375e-06
7423,140.152488799009,2,18.708168,True,True,1.430511474609375e-06
7424,140.17067346401745,2,18.133529,True,True,1.430511474609375e-06
7425,140.1887279850198,2,18.010468,True,True,1.430511474609375e-06
7426,140.2167330890079,2,27.948764,True,True,1.430511474609375e-06
7427,140.23668906401144,2,19.842205,True,True,1.430511474609375e-06
7428,140.2553489219863,2,18.590928,True,True,1.430511474609375e-06
7429,140.2736362540163,2,18.230895,True,True,1.430511474609375e-06
7430,140.29159253201215,2,17.90499,True,True,1.430511474609375e-06
7431,140.30948022002121,2,17.83766,True,True,1.430511474609375e-06
7432,140.3274157459964,2,17.891725,True,True,1.430511474609375e-06
7433,140.34605137398466,2,18.592318,True,True,1.430511474609375e-06
7434,140.364367311995,2,18.273587,True,True,1.430511474609375e-06
7435,140.38249991700286,2,18.088229,True,True,1.430511474609375e-06
7436,140.400467725005,2,17.924071,True,True,1.430511474609375e-06
7437,140.4185747539741,2,18.064707,True,True,1.430511474609375e-06
7438,140.4368474840303,2,18.216032,True,True,1.430511474609375e-06
7439,140.45559887500713,2,18.705503,True,True,1.430511474609375e-06
7440,140.47377615602454,2,18.125198,True,True,1.430511474609375e-06
7441,140.4916848629946,2,17.865926,True,True,1.430511474609375e-06
7442,140.50976171897491,2,18.031749,True,True,1.430511474609375e-06
7443,140.5280169059988,2,18.205514,True,True,1.430511474609375e-06
7444,140.54690931597725,2,18.842821,True,True,1.430511474609375e-06
7445,140.5651683320175,2,18.192517,True,True,1.430511474609375e-06
7446,140.58349546598038,2,18.277229,True,True,1.430511474609375e-06
7447,140.60166753799422,2,18.124881,True,True,1.430511474609375e-06
7448,140.61984253197443,2,18.133847,True,True,1.430511474609375e-06
7449,140.6378564350307,2,17.968947,True,True,1.430511474609375e-06
7450,140.65664227801608,2,18.736487,True,True,1.430511474609375e-06
7451,140.67469080199953,2,17.996548,True,True,1.430511474609375e-06
7452,140.69260592898354,2,17.864588,True,True,1.430511474609375e-06
7453,140.71058569703018,2,17.933147,True,True,1.430511474609375e-06
7454,140.72875323798507,2,18.124838,True,True,1.430511474609375e-06
7455,140.7473364350153,2,18.530848,True,True,1.430511474609375e-06
7456,140.76542897702893,2,18.051728,True,True,1.430511474609375e-06
7457,140.78356601000996,2,18.096857,True,True,1.430511474609375e-06
7458,140.8016331390245,2,18.012558,True,True,1.430511474609375e-06
7459,140.81970821198775,2,18.026102,True,True,1.430511474609375e-06
7460,140.8379008389893,2,18.151873,True,True,1.430511474609375e-06
7461,140.85602094401838,2,18.077103,True,True,1.430511474609375e-06
7462,140.87417142797494,2,18.107285,True,True,1.430511474609375e-06
7463,140.89222973200958,2,18.014847,True,True,1.430511474609375e-06
7464,140.9127411370282,2,20.461615,True,True,1.430511474609375e-06
7465,140.94128018099582,2,28.449489,True,True,1.430511474609375e-06
7466,140.96022916497895,2,18.838983,True,True,1.430511474609375e-06
7467,140.9784165309975,2,18.125162,True,True,1.430511474609375e-06
7468,140.99667283700546,2,18.207362,True,True,1.430511474609375e-06
7469,141.01455018902197,2,17.835965,True,True,1.430511474609375e-06
7470,141.03261185798328,2,18.017942,True,True,1.430511474609375e-06
7471,141.05139946198324,2,18.746191,True,True,1.430511474609375e-06
7472,141.0696378769935,2,18.185199,True,True,1.430511474609375e-06
7473,141.0876593060093,2,17.975013,True,True,1.430511474609375e-06
7474,141.10568481002701,2,17.975683,True,True,1.430511474609375e-06
7475,141.12391872901935,2,18.186416,True,True,1.430511474609375e-06
7476,141.14263696502894,2,18.669183,True,True,1.430511474609375e-06
7477,141.16084754600888,2,18.149439,True,True,1.430511474609375e-06
7478,141.17938024399336,2,18.480487,True,True,1.430511474609375e-06
7479,141.2036178690032,2,24.18763,True,True,1.430511474609375e-06
7480,141.22843179601477,2,24.684281,True,True,1.430511474609375e-06
7481,141.2472171339905,2,18.718371,True,True,1.430511474609375e-06
7482,141.26550952502294,2,18.219706,True,True,1.430511474609375e-06
7483,141.2840053649852,2,18.422561,True,True,1.430511474609375e-06
7484,141.30233899998711,2,18.269382,True,True,1.430511474609375e-06
7485,141.32032355299452,2,17.92848,True,True,1.430511474609375e-06
7486,141.33822473499458,2,17.852404,True,True,1.430511474609375e-06
7487,141.3568857840146,2,18.613003,True,True,1.430511474609375e-06
7488,141.37486940698,2,17.929153,True,True,1.430511474609375e-06
7489,141.3929094710038,2,17.988304,True,True,1.430511474609375e-06
7490,141.4113313559792,2,18.375417,True,True,1.430511474609375e-06
7491,141.4297988800099,2,18.386529,True,True,1.430511474609375e-06
7492,141.44890726002632,2,19.008538,True,True,1.430511474609375e-06
7493,141.46708781301277,2,18.116661,True,True,1.430511474609375e-06
7494,141.48514093301492,2,18.005529,True,True,1.430511474609375e-06
7495,141.50320384302177,2,18.020112,True,True,1.430511474609375e-06
7496,141.52127537998604,2,18.024345,True,True,1.430511474609375e-06
7497,141.54014116100734,2,18.805533,True,True,1.430511474609375e-06
7498,141.558836598997,2,18.578463,True,True,1.430511474609375e-06
7499,141.57753390900325,2,18.602356,True,True,1.430511474609375e-06
7500,141.5959537139861,2,18.349139,True,True,1.430511474609375e-06
7501,141.61407137702918,2,18.068788,True,True,1.430511474609375e-06
7502,141.63208543602377,2,17.970588,True,True,1.430511474609375e-06
7503,141.65072346897796,2,18.589595,True,True,1.430511474609375e-06
7504,141.66917507298058,2,18.386039,True,True,1.430511474609375e-06
7505,141.68744842498563,2,18.217228,True,True,1.430511474609375e-06
7506,141.7056053330307,2,18.109147,True,True,1.430511474609375e-06
7507,141.7236455330276,2,17.991411,True,True,1.430511474609375e-06
7508,141.7420138430316,2,18.321605,True,True,1.430511474609375e-06
7509,141.76018111000303,2,18.101722,True,True,1.430511474609375e-06
7510,141.77835672098445,2,18.124586,True,True,1.430511474609375e-06
7511,141.79629940900486,2,17.888575,True,True,1.430511474609375e-06
7512,141.81440371199278,2,18.051788,True,True,1.430511474609375e-06
7513,141.83252953598276,2,18.080502,True,True,1.430511474609375e-06
7514,141.85830223397352,2,25.726756,True,True,1.430511474609375e-06
7515,141.87985033000587,2,21.464935,True,True,1.430511474609375e-06
7516,141.89819702599198,2,18.286923,True,True,1.430511474609375e-06
7517,141.92677817697404,2,28.525009,True,True,1.430511474609375e-06
7518,141.94706815399695,2,20.178692,True,True,1.430511474609375e-06
7519,141.96604797500186,2,18.915535,True,True,1.430511474609375e-06
7520,141.98422821902204,2,18.127643,True,True,1.430511474609375e-06
7521,142.0024157980224,2,18.141492,True,True,1.430511474609375e-06
7522,142.02051380701596,2,18.052186,True,True,1.430511474609375e-06
7523,142.03870290098712,2,18.144846,True,True,1.430511474609375e-06
7524,142.05731322203064,2,18.56589,True,True,1.430511474609375e-06
7525,142.07554139901185,2,18.181297,True,True,1.430511474609375e-06
7526,142.09383174200775,2,18.245842,True,True,1.430511474609375e-06
7527,142.11204893799732,2,18.158555,True,True,1.430511474609375e-06
7528,142.1302329840255,2,18.136908,True,True,1.430511474609375e-06
7529,142.14838048198726,2,18.10096,True,True,1.430511474609375e-06
7530,142.16717487800634,2,18.749094,True,True,1.430511474609375e-06
7531,142.1852263280307,2,18.000486,True,True,1.430511474609375e-06
7532,142.21331599500263,2,28.041689,True,True,1.430511474609375e-06
7533,142.23352506302763,2,20.099589,True,True,1.430511474609375e-06
7534,142.2519062620122,2,18.319156,True,True,1.430511474609375e-06
7535,142.27052214799915,2,18.554383,True,True,1.430511474609375e-06
7536,142.28858333802782,2,18.008716,True,True,1.430511474609375e-06
7537,142.3068726020283,2,18.235631,True,True,1.430511474609375e-06
7538,142.32497021800373,2,18.048475,True,True,1.430511474609375e-06
7539,142.34289240499493,2,17.878262,True,True,1.430511474609375e-06
7540,142.3617734410218,2,18.834856,True,True,1.430511474609375e-06
7541,142.3800709709758,2,18.244001,True,True,1.430511474609375e-06
7542,142.3980618880014,2,17.943806,True,True,1.430511474609375e-06
7543,142.4160292490269,2,17.921037,True,True,1.430511474609375e-06
7544,142.43439029,2,18.314567,True,True,1.430511474609375e-06
7545,142.45238033198984,2,17.943552,True,True,1.430511474609375e-06
7546,142.47091630502837,2,18.488269,True,True,1.430511474609375e-06
7547,142.48893199698068,2,17.956611,True,True,1.430511474609375e-06
7548,142.50689843302825,2,17.911932,True,True,1.430511474609375e-06
7549,142.52519925899105,2,18.249847,True,True,1.430511474609375e-06
7550,142.5435232130112,2,18.260021,True,True,1.430511474609375e-06
7551,142.56189196702326,2,18.312905,True,True,1.430511474609375e-06
7552,142.58002767001744,2,18.076109,True,True,1.430511474609375e-06
7553,142.59828867699252,2,18.185782,True,True,1.430511474609375e-06
7554,142.61622055398766,2,17.874758,True,True,1.430511474609375e-06
7555,142.63420295598917,2,17.925912,True,True,1.430511474609375e-06
7556,142.65255136502674,2,18.292772,True,True,1.430511474609375e-06
7557,142.67061962402659,2,18.017731,True,True,1.430511474609375e-06
7558,142.688666454982,2,17.969992,True,True,1.430511474609375e-06
7559,142.70700284198392,2,18.278454,True,True,1.430511474609375e-06
7560,142.7248409279855,2,17.784529,True,True,1.430511474609375e-06
7561,142.74280960700708,2,17.923119,True,True,1.430511474609375e-06
7562,142.76114985201275,2,18.29054,True,True,1.430511474609375e-06
7563,142.77898260200163,2,17.786846,True,True,1.430511474609375e-06
7564,142.79701267398195,2,17.983799,True,True,1.430511474609375e-06
7565,142.81492713902844,2,17.871386,True,True,1.430511474609375e-06
7566,142.8328531589941,2,17.881483,True,True,1.430511474609375e-06
7567,142.85106136999093,2,18.166947,True,True,1.430511474609375e-06
7568,142.8691481720307,2,18.038638,True,True,1.430511474609375e-06
7569,142.88753282802645,2,18.340367,True,True,1.430511474609375e-06
7570,142.905421397998,2,17.842388,True,True,1.430511474609375e-06
7571,142.93349603301613,2,28.030293,True,True,1.430511474609375e-06
7572,142.9536961549893,2,20.094396,True,True,1.430511474609375e-06
7573,142.97204709000653,2,18.285417,True,True,1.430511474609375e-06
7574,142.99037990398938,2,18.285224,True,True,1.430511474609375e-06
7575,143.00849851599196,2,18.068243,True,True,1.430511474609375e-06
7576,143.02672384300968,2,18.174208,True,True,1.430511474609375e-06
7577,143.04462924302788,2,17.860572,True,True,1.430511474609375e-06
7578,143.0627584690228,2,18.079729,True,True,1.430511474609375e-06
7579,143.08135446702363,2,18.549044,True,True,1.430511474609375e-06
7580,143.09952431399142,2,18.12041,True,True,1.430511474609375e-06
7581,143.1177639560192,2,18.189566,True,True,1.430511474609375e-06
7582,143.13597805798054,2,18.171704,True,True,1.430511474609375e-06
7583,143.15429119201144,2,18.261272,True,True,1.430511474609375e-06
7584,143.17241989797913,2,18.078581,True,True,1.430511474609375e-06
7585,143.19037080800626,2,17.903118,True,True,1.430511474609375e-06
7586,143.21877926401794,2,28.354288,True,True,1.430511474609375e-06
7587,143.23891876102425,2,20.039634,True,True,1.430511474609375e-06
7588,143.25743691198295,2,18.452095,True,True,1.430511474609375e-06
7589,143.27576925698668,2,18.279718,True,True,1.430511474609375e-06
7590,143.29416252899682,2,18.343879,True,True,1.430511474609375e-06
7591,143.31240452401107,2,18.196618,True,True,1.430511474609375e-06
7592,143.33025858103065,2,17.808764,True,True,1.430511474609375e-06
7593,143.34835689200554,2,18.058335,True,True,1.430511474609375e-06
7594,143.3665750239743,2,18.173022,True,True,1.430511474609375e-06
7595,143.3847622749745,2,18.127646,True,True,1.430511474609375e-06
7596,143.40283920400543,2,18.026481,True,True,1.430511474609375e-06
7597,143.42075915902387,2,17.872135,True,True,1.430511474609375e-06
7598,143.4388719489798,2,18.056926,True,True,1.430511474609375e-06
7599,143.45741384098073,2,18.483383,True,True,1.430511474609375e-06
7600,143.4757212480181,2,18.253352,True,True,1.430511474609375e-06
7601,143.49395685101626,2,18.186328,True,True,1.430511474609375e-06
7602,143.5118835180183,2,17.880978,True,True,1.430511474609375e-06
7603,143.5369808350224,2,25.049112,True,True,1.430511474609375e-06
7604,143.55856675398536,2,21.486517,True,True,1.430511474609375e-06
7605,143.57701924903085,2,18.383466,True,True,1.430511474609375e-06
7606,143.59529076400213,2,18.211955,True,True,1.430511474609375e-06
7607,143.61361385602504,2,18.272856,True,True,1.430511474609375e-06
7608,143.63182381301885,2,18.164985,True,True,1.430511474609375e-06
7609,143.650014386978,2,18.135454,True,True,1.430511474609375e-06
7610,143.66849890898447,2,18.429735,True,True,1.430511474609375e-06
7611,143.68727834400488,2,18.663031,True,True,1.430511474609375e-06
7612,143.70600271300646,2,18.622891,True,True,1.430511474609375e-06
7613,143.72413113998482,2,18.059033,True,True,1.430511474609375e-06
7614,143.74222262797412,2,18.039276,True,True,1.430511474609375e-06
7615,143.7605602730182,2,18.288315,True,True,1.430511474609375e-06
7616,143.77883422502782,2,18.225225,True,True,1.430511474609375e-06
7617,143.79755766998278,2,18.633449,True,True,1.430511474609375e-06
7618,143.81600108998828,2,18.341008,True,True,1.430511474609375e-06
7619,143.83402620401466,2,17.958235,True,True,1.430511474609375e-06
7620,143.852058088989,2,17.985055,True,True,1.430511474609375e-06
7621,143.870049544028,2,17.945387,True,True,1.430511474609375e-06
7622,143.8880953739863,2,17.997129,True,True,1.430511474609375e-06
7623,143.90603386901785,2,17.891281,True,True,1.430511474609375e-06
7624,143.92410833999747,2,18.029665,True,True,1.430511474609375e-06
7625,143.95390906499233,2,29.753493,True,True,1.430511474609375e-06
7626,143.97249144199304,2,18.473225,True,True,1.430511474609375e-06
7627,143.99093460699078,2,18.373201,True,True,1.430511474609375e-06
7628,144.0090968500008,2,18.114166,True,True,1.430511474609375e-06
7629,144.02699203800876,2,17.845964,True,True,1.430511474609375e-06
7630,144.0449774399749,2,17.939867,True,True,1.430511474609375e-06
7631,144.06295703799697,2,17.931624,True,True,1.430511474609375e-06
7632,144.08100506599294,2,18.000429,True,True,1.430511474609375e-06
7633,144.0989238389884,2,17.872177,True,True,1.430511474609375e-06
7634,144.1169639750151,2,17.991762,True,True,1.430511474609375e-06
7635,144.135220629978,2,18.212395,True,True,1.430511474609375e-06
7636,144.1531998179853,2,17.934322,True,True,1.430511474609375e-06
7637,144.17124403401976,2,17.996472,True,True,1.430511474609375e-06
7638,144.1981443730183,2,26.853475,True,True,1.430511474609375e-06
7639,144.22889550501714,2,30.644139,True,True,1.430511474609375e-06
7640,144.24741510499734,2,18.42452,True,True,1.430511474609375e-06
7641,144.2657641110127,2,18.284697,True,True,1.430511474609375e-06
7642,144.28381319798063,2,17.993053,True,True,1.430511474609375e-06
7643,144.30191521701636,2,18.051149,True,True,1.430511474609375e-06
7644,144.32003051397623,2,18.066433,True,True,1.430511474609375e-06
7645,144.3381692279945,2,18.09737,True,True,1.430511474609375e-06
7646,144.35627956601093,2,18.064312,True,True,1.430511474609375e-06
7647,144.37427921802737,2,17.954487,True,True,1.430511474609375e-06
7648,144.39271318598185,2,18.386036,True,True,1.430511474609375e-06
7649,144.41068984899903,2,17.92825,True,True,1.430511474609375e-06
7650,144.42867460101843,2,17.935598,True,True,1.430511474609375e-06
7651,144.44663467397913,2,17.912578,True,True,1.430511474609375e-06
7652,144.4647155799903,2,18.032013,True,True,1.430511474609375e-06
7653,144.48307281802408,2,18.311515,True,True,1.430511474609375e-06
7654,144.50106179201975,2,17.936619,True,True,1.430511474609375e-06
7655,144.519384721003,2,18.274566,True,True,1.430511474609375e-06
7656,144.53781514801085,2,18.373493,True,True,1.430511474609375e-06
7657,144.55578784301179,2,17.920259,True,True,1.430511474609375e-06
7658,144.57384773000376,2,18.011118,True,True,1.430511474609375e-06
7659,144.59195091598667,2,18.05716,True,True,1.430511474609375e-06
7660,144.61005180398934,2,18.029536,True,True,1.430511474609375e-06
7661,144.62798913702136,2,17.885064,True,True,1.430511474609375e-06
7662,144.64599112502765,2,17.958265,True,True,1.430511474609375e-06
7663,144.66425048501696,2,18.205354,True,True,1.430511474609375e-06
7664,144.68228331097635,2,17.98327,True,True,1.430511474609375e-06
7665,144.7004108580295,2,18.078404,True,True,1.430511474609375e-06
7666,144.71857761597494,2,18.121051,True,True,1.430511474609375e-06
7667,144.73655189899728,2,17.933592,True,True,1.430511474609375e-06
7668,144.75448970898287,2,17.88781,True,True,1.430511474609375e-06
7669,144.77246009302326,2,17.923449,True,True,1.430511474609375e-06
7670,144.79055271000834,2,18.042967,True,True,1.430511474609375e-06
7671,144.8088332270272,2,18.231063,True,True,1.430511474609375e-06
7672,144.82691315497505,2,18.034934,True,True,1.430511474609375e-06
7673,144.84738154202932,2,20.423499,True,True,1.430511474609375e-06
7674,144.87018988199998,2,22.740152,True,True,1.430511474609375e-06
7675,144.8915208390099,2,21.279633,True,True,1.430511474609375e-06
7676,144.91021632403135,2,18.643298,True,True,1.430511474609375e-06
7677,144.93062687502243,2,20.359035,True,True,1.430511474609375e-06
7678,144.95676139101852,2,26.067949,True,True,1.430511474609375e-06
7679,144.97647180198692,2,19.61512,True,True,1.430511474609375e-06
7680,144.99464086903026,2,18.110197,True,True,1.430511474609375e-06
7681,145.0128034069785,2,18.116272,True,True,1.430511474609375e-06
7682,145.03076561697526,2,17.91408,True,True,1.430511474609375e-06
7683,145.04877145402133,2,17.964491,True,True,1.430511474609375e-06
7684,145.06679199897917,2,17.978907,True,True,1.430511474609375e-06
7685,145.08470945898443,2,17.872996,True,True,1.430511474609375e-06
7686,145.1031719329767,2,18.413381,True,True,1.430511474609375e-06
7687,145.12118622200796,2,17.96343,True,True,1.430511474609375e-06
7688,145.13944835099392,2,18.21299,True,True,1.430511474609375e-06
7689,145.1574741770164,2,17.968614,True,True,1.430511474609375e-06
7690,145.17542655102443,2,17.906131,True,True,1.430511474609375e-06
7691,145.19608770502964,2,20.613982,True,True,1.430511474609375e-06
7692,145.22212408902124,2,25.947681,True,True,1.430511474609375e-06
7693,145.2422632939997,2,20.047726,True,True,1.430511474609375e-06
7694,145.26070785499178,2,18.376234,True,True,1.430511474609375e-06
7695,145.27889580401825,2,18.133367,True,True,1.430511474609375e-06
7696,145.29712131002452,2,18.17409,True,True,1.430511474609375e-06
7697,145.3151929610176,2,18.026513,True,True,1.430511474609375e-06
7698,145.33330146002118,2,18.063658,True,True,1.430511474609375e-06
7699,145.35150436399272,2,18.147482,True,True,1.430511474609375e-06
7700,145.36967930902028,2,18.132403,True,True,1.430511474609375e-06
7701,145.38810102897696,2,18.369184,True,True,1.430511474609375e-06
7702,145.40617924497928,2,18.033616,True,True,1.430511474609375e-06
7703,145.42486406501848,2,18.636516,True,True,1.430511474609375e-06
7704,145.44341569801327,2,18.490513,True,True,1.430511474609375e-06
7705,145.46136194799328,2,17.896386,True,True,1.430511474609375e-06
7706,145.47946221299935,2,18.054272,True,True,1.430511474609375e-06
7707,145.49738457798958,2,17.875979,True,True,1.430511474609375e-06
7708,145.51544760499382,2,18.01156,True,True,1.430511474609375e-06
7709,145.53385467099724,2,18.35695,True,True,1.430511474609375e-06
7710,145.55212911200942,2,18.222374,True,True,1.430511474609375e-06
7711,145.5701711300062,2,17.987595,True,True,1.430511474609375e-06
7712,145.5883384050103,2,18.116758,True,True,1.430511474609375e-06
7713,145.60647619399242,2,18.081561,True,True,1.430511474609375e-06
7714,145.62438583897892,2,17.859235,True,True,1.430511474609375e-06
7715,145.64306399098132,2,18.631104,True,True,1.430511474609375e-06
7716,145.66097621899098,2,17.866083,True,True,1.430511474609375e-06
7717,145.67894819698995,2,17.926399,True,True,1.430511474609375e-06
7718,145.70433028700063,2,25.336335,True,True,1.430511474609375e-06
7719,145.72572949400637,2,21.321075,True,True,1.430511474609375e-06
7720,145.744442049996,2,18.659038,True,True,1.430511474609375e-06
7721,145.76250982302008,2,18.015206,True,True,1.430511474609375e-06
7722,145.78051162301563,2,17.953751,True,True,1.430511474609375e-06
7723,145.79854981601238,2,17.996456,True,True,1.430511474609375e-06
7724,145.81654890900245,2,17.954975,True,True,1.430511474609375e-06
7725,145.83450695802458,2,17.910173,True,True,1.430511474609375e-06
7726,145.85263134300476,2,18.082105,True,True,1.430511474609375e-06
7727,145.87094224098837,2,18.259136,True,True,1.430511474609375e-06
7728,145.88917640200816,2,18.189244,True,True,1.430511474609375e-06
7729,145.90759941999568,2,18.381192,True,True,1.430511474609375e-06
7730,145.92609834799077,2,18.456968,True,True,1.430511474609375e-06
7731,145.95442438602913,2,28.269863,True,True,1.430511474609375e-06
7732,145.97454802400898,2,20.02629,True,True,1.430511474609375e-06
7733,145.99282318801852,2,18.216085,True,True,1.430511474609375e-06
7734,146.01097738702083,2,18.108637,True,True,1.430511474609375e-06
7735,146.02921891701408,2,18.198061,True,True,1.430511474609375e-06
7736,146.04738056502538,2,18.118406,True,True,1.430511474609375e-06
7737,146.06543856102508,2,18.016041,True,True,1.430511474609375e-06
7738,146.08337141602533,2,17.890776,True,True,1.430511474609375e-06
7739,146.101469154004,2,18.056827,True,True,1.430511474609375e-06
7740,146.11938638199354,2,17.874289,True,True,1.430511474609375e-06
7741,146.1373575530015,2,17.92537,True,True,1.430511474609375e-06
7742,146.1555653429823,2,18.166791,True,True,1.430511474609375e-06
7743,146.17347388598137,2,17.862284,True,True,1.430511474609375e-06
7744,146.19158005301142,2,18.058364,True,True,1.430511474609375e-06
7745,146.22031585802324,2,28.673059,True,True,1.430511474609375e-06
7746,146.240433546016,2,20.012565,True,True,1.430511474609375e-06
7747,146.25891591102118,2,18.421663,True,True,1.430511474609375e-06
7748,146.2771331529948,2,18.163463,True,True,1.430511474609375e-06
7749,146.295294422016,2,18.113549,True,True,1.430511474609375e-06
7750,146.31368788401596,2,18.338046,True,True,1.430511474609375e-06
7751,146.33185643702745,2,18.122532,True,True,1.430511474609375e-06
7752,146.3496886889916,2,17.785628,True,True,1.430511474609375e-06
7753,146.36782478302484,2,18.089632,True,True,1.430511474609375e-06
7754,146.38602955499664,2,18.156272,True,True,1.430511474609375e-06
7755,146.4042105639819,2,18.137329,True,True,1.430511474609375e-06
7756,146.42279085697373,2,18.529821,True,True,1.430511474609375e-06
7757,146.44128457002807,2,18.383491,True,True,1.430511474609375e-06
7758,146.45958704903023,2,18.180418,True,True,1.430511474609375e-06
7759,146.47763568500523,2,17.978695,True,True,1.430511474609375e-06
7760,146.49568941898178,2,18.003819,True,True,1.430511474609375e-06
7761,146.51400715002092,2,18.262487,True,True,1.430511474609375e-06
7762,146.53939940599957,2,25.335629,True,True,1.430511474609375e-06
7763,146.5615946109756,2,22.080446,True,True,1.430511474609375e-06
7764,146.57977110001957,2,18.076689,True,True,1.430511474609375e-06
7765,146.59791298100026,2,18.076131,True,True,1.430511474609375e-06
7766,146.61624279699754,2,18.282268,True,True,1.430511474609375e-06
7767,146.63466881000204,2,18.384937,True,True,1.430511474609375e-06
7768,146.65301055600867,2,18.292425,True,True,1.430511474609375e-06
7769,146.6709465989843,2,17.886029,True,True,1.430511474609375e-06
7770,146.6889625969925,2,17.9704,True,True,1.430511474609375e-06
7771,146.70725133200176,2,18.234043,True,True,1.430511474609375e-06
7772,146.72545081097633,2,18.149352,True,True,1.430511474609375e-06
7773,146.74369971302804,2,18.200668,True,True,1.430511474609375e-06
7774,146.76189079601318,2,18.144377,True,True,1.430511474609375e-06
7775,146.78010340902256,2,18.16461,True,True,1.430511474609375e-06
7776,146.79827603098238,2,18.130902,True,True,1.430511474609375e-06
7777,146.81653139198897,2,18.210775,True,True,1.430511474609375e-06
7778,146.83455018902896,2,17.974358,True,True,1.430511474609375e-06
7779,146.8525316119776,2,17.938407,True,True,1.430511474609375e-06
7780,146.8705600699759,2,17.982891,True,True,1.430511474609375e-06
7781,146.8887005749857,2,18.095342,True,True,1.430511474609375e-06
7782,146.90677095903084,2,18.025883,True,True,1.430511474609375e-06
7783,146.9247037920286,2,17.888761,True,True,1.430511474609375e-06
7784,146.94307125697378,2,18.320007,True,True,1.430511474609375e-06
7785,146.9712412210065,2,28.120201,True,True,1.430511474609375e-06
7786,146.99147775099846,2,20.14677,True,True,1.430511474609375e-06
7787,147.00974950002274,2,18.218857,True,True,1.430511474609375e-06
7788,147.02784325001994,2,18.049878,True,True,1.430511474609375e-06
7789,147.04603652301012,2,18.145164,True,True,1.430511474609375e-06
7790,147.06415834702784,2,18.080109,True,True,1.430511474609375e-06
7791,147.08226001402363,2,18.059992,True,True,1.430511474609375e-06
7792,147.10031259601237,2,18.006994,True,True,1.430511474609375e-06
7793,147.11834315099986,2,17.976621,True,True,1.430511474609375e-06
7794,147.1363340949756,2,17.943399,True,True,1.430511474609375e-06
7795,147.15436765999766,2,17.990228,True,True,1.430511474609375e-06
7796,147.17261429899372,2,18.197441,True,True,1.430511474609375e-06
7797,147.19060983299278,2,17.954856,True,True,1.430511474609375e-06
7798,147.2205849980237,2,29.926545,True,True,1.430511474609375e-06
7799,147.23913969798014,2,18.431834,True,True,1.430511474609375e-06
7800,147.25726115202997,2,18.055359,True,True,1.430511474609375e-06
7801,147.2753155300161,2,17.996386,True,True,1.430511474609375e-06
7802,147.2934258489986,2,18.053104,True,True,1.430511474609375e-06
7803,147.31134643702535,2,17.87215,True,True,1.430511474609375e-06
7804,147.32967880001524,2,18.285887,True,True,1.430511474609375e-06
7805,147.34774765599286,2,18.023659,True,True,1.430511474609375e-06
7806,147.36591652501374,2,18.123685,True,True,1.430511474609375e-06
7807,147.38395193702308,2,17.987102,True,True,1.430511474609375e-06
7808,147.40217442100402,2,18.175261,True,True,1.430511474609375e-06
7809,147.42061148799257,2,18.390647,True,True,1.430511474609375e-06
7810,147.4387961999746,2,18.137516,True,True,1.430511474609375e-06
7811,147.45697968400782,2,18.135608,True,True,1.430511474609375e-06
7812,147.4749185849796,2,17.892763,True,True,1.430511474609375e-06
7813,147.4929902519798,2,18.025878,True,True,1.430511474609375e-06
7814,147.51131191500463,2,18.278408,True,True,1.430511474609375e-06
7815,147.52944093901897,2,18.078257,True,True,1.430511474609375e-06
7816,147.5476409419789,2,18.145638,True,True,1.430511474609375e-06
7817,147.56561100500403,2,17.918064,True,True,1.430511474609375e-06
7818,147.5836390000186,2,17.980752,True,True,1.430511474609375e-06
7819,147.6019895679783,2,18.294091,True,True,1.430511474609375e-06
7820,147.6201288229786,2,18.088535,True,True,1.430511474609375e-06
7821,147.63816765602678,2,17.992443,True,True,1.430511474609375e-06
7822,147.65647330897627,2,18.254659,True,True,1.430511474609375e-06
7823,147.6749030550127,2,18.372634,True,True,1.430511474609375e-06
7824,147.6929105130257,2,17.952575,True,True,1.430511474609375e-06
7825,147.71086386899697,2,17.900832,True,True,1.430511474609375e-06
7826,147.72936737298733,2,18.453007,True,True,1.430511474609375e-06
7827,147.74758698500227,2,18.169135,True,True,1.430511474609375e-06
7828,147.76573319599265,2,18.097485,True,True,1.430511474609375e-06
7829,147.78401432401733,2,18.236749,True,True,1.430511474609375e-06
7830,147.80216571001802,2,18.101079,True,True,1.430511474609375e-06
7831,147.8203082300024,2,18.097604,True,True,1.430511474609375e-06
7832,147.83816511399345,2,17.802558,True,True,1.430511474609375e-06
7833,147.85630278801546,2,18.092243,True,True,1.430511474609375e-06
7834,147.87470499100164,2,18.356934,True,True,1.430511474609375e-06
7835,147.89282857900253,2,18.077213,True,True,1.430511474609375e-06
7836,147.9110232440289,2,18.150472,True,True,1.430511474609375e-06
7837,147.92917795997346,2,18.109734,True,True,1.430511474609375e-06
7838,147.95055764500285,2,21.327285,True,True,1.430511474609375e-06
7839,147.97761598200304,2,26.949,True,True,1.430511474609375e-06
7840,147.9961136840284,2,18.40858,True,True,1.430511474609375e-06
7841,148.01443976000883,2,18.26364,True,True,1.430511474609375e-06
7842,148.03284128400264,2,18.353114,True,True,1.430511474609375e-06
7843,148.05096779600717,2,18.077133,True,True,1.430511474609375e-06
7844,148.06891571497545,2,17.901945,True,True,1.430511474609375e-06
7845,148.08702179498505,2,18.05485,True,True,1.430511474609375e-06
7846,148.10527359502157,2,18.204137,True,True,1.430511474609375e-06
7847,148.12323334999382,2,17.913645,True,True,1.430511474609375e-06
7848,148.14112627902068,2,17.847931,True,True,1.430511474609375e-06
7849,148.15992777701467,2,18.749995,True,True,1.430511474609375e-06
7850,148.178070303984,2,18.094346,True,True,1.430511474609375e-06
7851,148.19931703299517,2,21.199701,True,True,1.430511474609375e-06
7852,148.22627741500037,2,26.851232,True,True,1.430511474609375e-06
7853,148.24484081601258,2,18.4593,True,True,1.430511474609375e-06
7854,148.26316179399146,2,18.25583,True,True,1.430511474609375e-06
7855,148.2812948640203,2,18.08339,True,True,1.430511474609375e-06
7856,148.29925026599085,2,17.904223,True,True,1.430511474609375e-06
7857,148.3172353639966,2,17.936373,True,True,1.430511474609375e-06
7858,148.33540745597566,2,18.122918,True,True,1.430511474609375e-06
7859,148.35356407403015,2,18.107418,True,True,1.430511474609375e-06
7860,148.3717207229929,2,18.109287,True,True,1.430511474609375e-06
7861,148.38996847701492,2,18.201136,True,True,1.430511474609375e-06
7862,148.40812399901915,2,18.1078,True,True,1.430511474609375e-06
7863,148.42629091598792,2,18.126075,True,True,1.430511474609375e-06
7864,148.44530808902346,2,18.96051,True,True,1.430511474609375e-06
7865,148.47321584902238,2,27.831246,True,True,1.430511474609375e-06
7866,148.49159608298214,2,18.313192,True,True,1.430511474609375e-06
7867,148.50994857901242,2,18.29967,True,True,1.430511474609375e-06
7868,148.52817717799917,2,18.174014,True,True,1.430511474609375e-06
7869,148.54646385402884,2,18.238898,True,True,1.430511474609375e-06
7870,148.56472019699868,2,18.206657,True,True,1.430511474609375e-06
7871,148.58281177899335,2,18.040622,True,True,1.430511474609375e-06
7872,148.60077603597892,2,17.900274,True,True,1.430511474609375e-06
7873,148.61867416201858,2,17.846018,True,True,1.430511474609375e-06
7874,148.63672988000326,2,18.007117,True,True,1.430511474609375e-06
7875,148.65531851997366,2,18.545703,True,True,1.430511474609375e-06
7876,148.6738404110074,2,18.46944,True,True,1.430511474609375e-06
7877,148.6923152669915,2,18.368738,True,True,1.430511474609375e-06
7878,148.7110911019845,2,18.692362,True,True,1.430511474609375e-06
7879,148.72920597501798,2,18.061342,True,True,1.430511474609375e-06
7880,148.74724768701708,2,17.993735,True,True,1.430511474609375e-06
7881,148.7652319939807,2,17.920997,True,True,1.430511474609375e-06
7882,148.78365433699219,2,18.371856,True,True,1.430511474609375e-06
7883,148.80218743998557,2,18.454939,True,True,1.430511474609375e-06
7884,148.82074321602704,2,18.454089,True,True,1.430511474609375e-06
7885,148.83910090097925,2,18.299772,True,True,1.430511474609375e-06
7886,148.8573658799869,2,18.215481,True,True,1.430511474609375e-06
7887,148.875274326012,2,17.859529,True,True,1.430511474609375e-06
7888,148.8933288650005,2,18.008105,True,True,1.430511474609375e-06
7889,148.91144168598112,2,18.070581,True,True,1.430511474609375e-06
7890,148.92955111700576,2,18.060864,True,True,1.430511474609375e-06
7891,148.9513313989737,2,21.733296,True,True,1.430511474609375e-06
7892,148.9784834490274,2,27.048742,True,True,1.430511474609375e-06
7893,148.99689579301048,2,18.327471,True,True,1.430511474609375e-06
7894,149.01502249401528,2,18.07246,True,True,1.430511474609375e-06
7895,149.03328713600058,2,18.217424,True,True,1.430511474609375e-06
7896,149.05160912498832,2,18.275302,True,True,1.430511474609375e-06
7897,149.07016309403116,2,18.460443,True,True,1.430511474609375e-06
7898,149.0888492509839,2,18.580742,True,True,1.430511474609375e-06
7899,149.10753793700133,2,18.599301,True,True,1.430511474609375e-06
7900,149.12599588098237,2,18.352855,True,True,1.430511474609375e-06
7901,149.14421589602716,2,18.150172,True,True,1.430511474609375e-06
7902,149.16292046697345,2,18.636734,True,True,1.430511474609375e-06
7903,149.1812713519903,2,18.28209,True,True,1.430511474609375e-06
7904,149.20556655502878,2,24.232322,True,True,1.430511474609375e-06
7905,149.22949555201922,2,23.795278,True,True,1.430511474609375e-06
7906,149.24791525799083,2,18.351204,True,True,1.430511474609375e-06
7907,149.26650513597997,2,18.51742,True,True,1.430511474609375e-06
7908,149.28464184398763,2,18.084787,True,True,1.430511474609375e-06
7909,149.30279146600515,2,18.094781,True,True,1.430511474609375e-06
7910,149.32100852800068,2,18.163168,True,True,1.430511474609375e-06
7911,149.3390652660164,2,18.007245,True,True,1.430511474609375e-06
7912,149.35742692102212,2,18.311678,True,True,1.430511474609375e-06
7913,149.3756224620156,2,18.148562,True,True,1.430511474609375e-06
7914,149.39392785698874,2,18.241013,True,True,1.430511474609375e-06
7915,149.41195492399856,2,17.973158,True,True,1.430511474609375e-06
7916,149.43014930398203,2,18.144737,True,True,1.430511474609375e-06
7917,149.44853425200563,2,18.330205,True,True,1.430511474609375e-06
7918,149.46677526499843,2,18.188241,True,True,1.430511474609375e-06
7919,149.4849362000241,2,18.107007,True,True,1.430511474609375e-06
7920,149.5028065229999,2,17.81503,True,True,1.430511474609375e-06
7921,149.5207612750237,2,17.902177,True,True,1.430511474609375e-06
7922,149.53915809898172,2,18.340009,True,True,1.430511474609375e-06
7923,149.55752606602618,2,18.308149,True,True,1.430511474609375e-06
7924,149.57556815899443,2,17.987127,True,True,1.430511474609375e-06
7925,149.59369418298593,2,18.068634,True,True,1.430511474609375e-06
7926,149.61159508500714,2,17.844031,True,True,1.430511474609375e-06
7927,149.62967873498565,2,18.034241,True,True,1.430511474609375e-06
7928,149.64796472201124,2,18.23533,True,True,1.430511474609375e-06
7929,149.66595502803102,2,17.933506,True,True,1.430511474609375e-06
7930,149.68423975998303,2,18.233964,True,True,1.430511474609375e-06
7931,149.7023908480187,2,18.100744,True,True,1.430511474609375e-06
7932,149.72053565300303,2,18.095408,True,True,1.430511474609375e-06
7933,149.7384510160191,2,17.865315,True,True,1.430511474609375e-06
7934,149.75664375099586,2,18.143918,True,True,1.430511474609375e-06
7935,149.77483973099152,2,18.151268,True,True,1.430511474609375e-06
7936,149.792768342013,2,17.885527,True,True,1.430511474609375e-06
7937,149.81079700699775,2,17.98168,True,True,1.430511474609375e-06
7938,149.8290249829879,2,18.186739,True,True,1.430511474609375e-06
7939,149.8472357619903,2,18.168854,True,True,1.430511474609375e-06
7940,149.86510639300104,2,17.825674,True,True,1.430511474609375e-06
7941,149.8832736199838,2,18.124749,True,True,1.430511474609375e-06
7942,149.9015481399838,2,18.232302,True,True,1.430511474609375e-06
7943,149.919509275991,2,17.911814,True,True,1.430511474609375e-06
7944,149.9374826750136,2,17.927862,True,True,1.430511474609375e-06
7945,149.9655458650086,2,28.009175,True,True,1.430511474609375e-06
7946,149.98582921398338,2,20.181635,True,True,1.430511474609375e-06
7947,150.0041436899919,2,18.253522,True,True,1.430511474609375e-06
7948,150.0223945999751,2,18.199397,True,True,1.430511474609375e-06
7949,150.04056340502575,2,18.122849,True,True,1.430511474609375e-06
7950,150.0591931209783,2,18.584696,True,True,1.430511474609375e-06
7951,150.077062766999,2,17.822623,True,True,1.430511474609375e-06
7952,150.09499544702703,2,17.890495,True,True,1.430511474609375e-06
7953,150.1133487970219,2,18.307167,True,True,1.430511474609375e-06
7954,150.1385175960022,2,25.123476,True,True,1.430511474609375e-06
7955,150.16047838097438,2,21.879069,True,True,1.430511474609375e-06
7956,150.17889743298292,2,18.351115,True,True,1.430511474609375e-06
7957,150.20021327398717,2,21.262161,True,True,1.430511474609375e-06
7958,150.227309038979,2,26.994596,True,True,1.430511474609375e-06
7959,150.24556374101667,2,18.172108,True,True,1.430511474609375e-06
7960,150.26371058798395,2,18.093901,True,True,1.430511474609375e-06
7961,150.28197332500713,2,18.212955,True,True,1.430511474609375e-06
7962,150.30037632602034,2,18.348029,True,True,1.430511474609375e-06
7963,150.3185426670243,2,18.11617,True,True,1.430511474609375e-06
7964,150.33677675097715,2,18.190375,True,True,1.430511474609375e-06
7965,150.35490622202633,2,18.086249,True,True,1.430511474609375e-06
7966,150.3730179889826,2,18.069331,True,True,1.430511474609375e-06
7967,150.3914347430109,2,18.370422,True,True,1.430511474609375e-06
7968,150.40957678400446,2,18.099268,True,True,1.430511474609375e-06
7969,150.42778607597575,2,18.163079,True,True,1.430511474609375e-06
7970,150.4460497670225,2,18.210891,True,True,1.430511474609375e-06
7971,150.46425328101031,2,18.154778,True,True,1.430511474609375e-06
7972,150.48250283999369,2,18.203073,True,True,1.430511474609375e-06
7973,150.50065873900894,2,18.111078,True,True,1.430511474609375e-06
7974,150.5188472950249,2,18.144353,True,True,1.430511474609375e-06
7975,150.53674912801944,2,17.849633,True,True,1.430511474609375e-06
7976,150.55483168101637,2,18.033875,True,True,1.430511474609375e-06
7977,150.5729551530094,2,18.078458,True,True,1.430511474609375e-06
7978,150.5914212919888,2,18.422458,True,True,1.430511474609375e-06
7979,150.60947448702063,2,17.983745,True,True,1.430511474609375e-06
7980,150.62737183802528,2,17.848403,True,True,1.430511474609375e-06
7981,150.6455295609776,2,18.11416,True,True,1.430511474609375e-06
7982,150.6635374429752,2,17.962903,True,True,1.430511474609375e-06
7983,150.6816759770154,2,18.078709,True,True,1.430511474609375e-06
7984,150.69987170299282,2,18.146589,True,True,1.430511474609375e-06
7985,150.71808345301542,2,18.16498,True,True,1.430511474609375e-06
7986,150.73602071701316,2,17.895286,True,True,1.430511474609375e-06
7987,150.75410126103088,2,18.033499,True,True,1.430511474609375e-06
7988,150.77224907302298,2,18.105026,True,True,1.430511474609375e-06
7989,150.79699812200852,2,24.70866,True,True,1.430511474609375e-06
7990,150.81926672102418,2,22.20677,True,True,1.430511474609375e-06
7991,150.83756258897483,2,18.245129,True,True,1.430511474609375e-06
7992,150.8554735929938,2,17.864249,True,True,1.430511474609375e-06
7993,150.8735380040016,2,18.015884,True,True,1.430511474609375e-06
7994,150.891561284021,2,17.978371,True,True,1.430511474609375e-06
7995,150.9096177649917,2,18.01525,True,True,1.430511474609375e-06
7996,150.9277818449773,2,18.121261,True,True,1.430511474609375e-06
7997,150.94573383399984,2,17.909724,True,True,1.430511474609375e-06
7998,150.96750455000438,2,21.723261,True,True,1.430511474609375e-06
7999,150.9942699079984,2,26.656663,True,True,1.430511474609375e-06
8000,151.01268865098245,2,18.340525,True,True,1.430511474609375e-06
8001,151.03118990903022,2,18.445035,True,True,1.430511474609375e-06
8002,151.04932770400774,2,18.088179,True,True,1.430511474609375e-06
8003,151.06727040198166,2,17.894519,True,True,1.430511474609375e-06
8004,151.08525630499935,2,17.939875,True,True,1.430511474609375e-06
8005,151.10343225300312,2,18.134178,True,True,1.430511474609375e-06
8006,151.12165207299404,2,18.170535,True,True,1.430511474609375e-06
8007,151.13987110601738,2,18.171194,True,True,1.430511474609375e-06
8008,151.1581215080223,2,18.202527,True,True,1.430511474609375e-06
8009,151.17599285102915,2,17.822845,True,True,1.430511474609375e-06
8010,151.19668494100915,2,20.644482,True,True,1.430511474609375e-06
8011,151.22290082799736,2,26.122291,True,True,1.430511474609375e-06
8012,151.24267488898477,2,19.692872,True,True,1.430511474609375e-06
8013,151.26096940302523,2,18.236278,True,True,1.430511474609375e-06
8014,151.27931233198615,2,18.281145,True,True,1.430511474609375e-06
8015,151.2975298750098,2,18.161782,True,True,1.430511474609375e-06
8016,151.3157076080097,2,18.122601,True,True,1.430511474609375e-06
8017,151.3337335609831,2,17.979983,True,True,1.430511474609375e-06
8018,151.35183847800363,2,18.062227,True,True,1.430511474609375e-06
8019,151.36971512902528,2,17.835598,True,True,1.430511474609375e-06
8020,151.38821920601185,2,18.454935,True,True,1.430511474609375e-06
8021,151.4065794480266,2,18.308253,True,True,1.430511474609375e-06
8022,151.42509614198934,2,18.424329,True,True,1.430511474609375e-06
8023,151.44361804501386,2,18.435229,True,True,1.430511474609375e-06
8024,151.46877776097972,2,25.102099,True,True,1.430511474609375e-06
8025,151.49018164799782,2,21.337716,True,True,1.430511474609375e-06
8026,151.50850989599712,2,18.270839,True,True,1.430511474609375e-06
8027,151.52711025997996,2,18.544664,True,True,1.430511474609375e-06
8028,151.54572562599787,2,18.50325,True,True,1.430511474609375e-06
8029,151.56418744602706,2,18.384244,True,True,1.430511474609375e-06
8030,151.58285025600344,2,18.604432,True,True,1.430511474609375e-06
8031,151.60096607601736,2,18.038511,True,True,1.430511474609375e-06
8032,151.6191544510075,2,18.131075,True,True,1.430511474609375e-06
8033,151.637516118004,2,18.316712,True,True,1.430511474609375e-06
8034,151.65566311002476,2,18.101351,True,True,1.430511474609375e-06
8035,151.6739374070312,2,18.225211,True,True,1.430511474609375e-06
8036,151.69218930398347,2,18.203745,True,True,1.430511474609375e-06
8037,151.71013380598743,2,17.897268,True,True,1.430511474609375e-06
8038,151.728195986012,2,18.013981,True,True,1.430511474609375e-06
8039,151.74615899898345,2,17.92141,True,True,1.430511474609375e-06
8040,151.76428935601143,2,18.08412,True,True,1.430511474609375e-06
8041,151.78244339098455,2,18.113441,True,True,1.430511474609375e-06
8042,151.80052360100672,2,18.03919,True,True,1.430511474609375e-06
8043,151.81870376202278,2,18.13566,True,True,1.430511474609375e-06
8044,151.83689118502662,2,18.139346,True,True,1.430511474609375e-06
8045,151.85490926797502,2,17.972207,True,True,1.430511474609375e-06
8046,151.87305211200146,2,18.098471,True,True,1.430511474609375e-06
8047,151.8913025559741,2,18.208612,True,True,1.430511474609375e-06
8048,151.90940997703,2,18.062368,True,True,1.430511474609375e-06
8049,151.92760957498103,2,18.159887,True,True,1.430511474609375e-06
8050,151.9460922839935,2,18.438652,True,True,1.430511474609375e-06
8051,151.96778802399058,2,21.645415,True,True,1.430511474609375e-06
8052,151.99455256201327,2,26.652461,True,True,1.430511474609375e-06
8053,152.01296807301696,2,18.33805,True,True,1.430511474609375e-06
8054,152.03127879998647,2,18.256209,True,True,1.430511474609375e-06
8055,152.04919689998496,2,17.87237,True,True,1.430511474609375e-06
8056,152.06722377502592,2,17.986541,True,True,1.430511474609375e-06
8057,152.08542953198776,2,18.162894,True,True,1.430511474609375e-06
8058,152.10362493002322,2,18.152891,True,True,1.430511474609375e-06
8059,152.12179917801404,2,18.123602,True,True,1.430511474609375e-06
8060,152.14015445002588,2,18.311822,True,True,1.430511474609375e-06
8061,152.15832415601471,2,18.127547,True,True,1.430511474609375e-06
8062,152.17649102100404,2,18.119924,True,True,1.430511474609375e-06
8063,152.19678410002962,2,20.250023,True,True,1.430511474609375e-06
8064,152.2229444429977,2,26.088574,True,True,1.430511474609375e-06
8065,152.24320138501935,2,20.151182,True,True,1.430511474609375e-06
8066,152.26130194502184,2,18.03685,True,True,1.430511474609375e-06
8067,152.27934401400853,2,17.986394,True,True,1.430511474609375e-06
8068,152.30466685601277,2,25.273566,True,True,1.430511474609375e-06
8069,152.32596889999695,2,21.236696,True,True,1.430511474609375e-06
8070,152.3447204080294,2,18.698503,True,True,1.430511474609375e-06
8071,152.3626840430079,2,17.910928,True,True,1.430511474609375e-06
8072,152.38089638599195,2,18.156793,True,True,1.430511474609375e-06
8073,152.39910183800384,2,18.158704,True,True,1.430511474609375e-06
8074,152.417275394022,2,18.125626,True,True,1.430511474609375e-06
8075,152.43568563601002,2,18.364908,True,True,1.430511474609375e-06
8076,152.45402178599034,2,18.287408,True,True,1.430511474609375e-06
8077,152.4722319630091,2,18.158931,True,True,1.430511474609375e-06
8078,152.49028557201382,2,18.009824,True,True,1.430511474609375e-06
8079,152.50834211800247,2,18.013052,True,True,1.430511474609375e-06
8080,152.5267555169994,2,18.367441,True,True,1.430511474609375e-06
8081,152.5449957299861,2,18.185607,True,True,1.430511474609375e-06
8082,152.56334179401165,2,18.295379,True,True,1.430511474609375e-06
8083,152.58154205797473,2,18.148992,True,True,1.430511474609375e-06
8084,152.59952122299,2,17.927861,True,True,1.430511474609375e-06
8085,152.61798576498404,2,18.421829,True,True,1.430511474609375e-06
8086,152.63621158100432,2,18.179706,True,True,1.430511474609375e-06
8087,152.65442021202762,2,18.167966,True,True,1.430511474609375e-06
8088,152.67268229502952,2,18.215767,True,True,1.430511474609375e-06
8089,152.6906281679985,2,17.897002,True,True,1.430511474609375e-06
8090,152.70872242201585,2,18.050414,True,True,1.430511474609375e-06
8091,152.72677912999643,2,18.009613,True,True,1.430511474609375e-06
8092,152.7448651730083,2,18.038782,True,True,1.430511474609375e-06
8093,152.7628112899838,2,17.897402,True,True,1.430511474609375e-06
8094,152.7809194389847,2,18.066532,True,True,1.430511474609375e-06
8095,152.79887738003163,2,17.915085,True,True,1.430511474609375e-06
8096,152.81690424098633,2,17.979608,True,True,1.430511474609375e-06
8097,152.83484919101465,2,17.90026,True,True,1.430511474609375e-06
8098,152.85322741698474,2,18.330002,True,True,1.430511474609375e-06
8099,152.871476418979,2,18.205839,True,True,1.430511474609375e-06
8100,152.8895536659984,2,18.037015,True,True,1.430511474609375e-06
8101,152.90781481697923,2,18.217747,True,True,1.430511474609375e-06
8102,152.926048525027,2,18.19085,True,True,1.430511474609375e-06
8103,152.94399612402776,2,17.904566,True,True,1.430511474609375e-06
8104,152.96473194198916,2,20.693844,True,True,1.430511474609375e-06
8105,152.99200012203073,2,27.151864,True,True,1.430511474609375e-06
8106,153.01031675899867,2,18.215718,True,True,1.430511474609375e-06
8107,153.02843679202488,2,18.058655,True,True,1.430511474609375e-06
8108,153.046679333027,2,18.197071,True,True,1.430511474609375e-06
8109,153.0645559100085,2,17.832019,True,True,1.430511474609375e-06
8110,153.08250581397442,2,17.908216,True,True,1.430511474609375e-06
8111,153.1007882169797,2,18.241208,True,True,1.430511474609375e-06
8112,153.11895149602788,2,18.110014,True,True,1.430511474609375e-06
8113,153.14469822100364,2,25.69845,True,True,1.430511474609375e-06
8114,153.1663594209822,2,21.595273,True,True,1.430511474609375e-06
8115,153.1847689540009,2,18.325208,True,True,1.430511474609375e-06
8116,153.21263897698373,2,27.804567,True,True,1.430511474609375e-06
8117,153.23310380103067,2,20.348218,True,True,1.430511474609375e-06
8118,153.25147819099948,2,18.308477,True,True,1.430511474609375e-06
8119,153.26971391699044,2,18.178473,True,True,1.430511474609375e-06
8120,153.28788162197452,2,18.117572,True,True,1.430511474609375e-06
8121,153.30631966900546,2,18.390613,True,True,1.430511474609375e-06
8122,153.32416196499253,2,17.797958,True,True,1.430511474609375e-06
8123,153.34219121100614,2,17.986777,True,True,1.430511474609375e-06
8124,153.36008253600448,2,17.84485,True,True,1.430511474609375e-06
8125,153.37801200698595,2,17.881807,True,True,1.430511474609375e-06
8126,153.39629415498348,2,18.230606,True,True,1.430511474609375e-06
8127,153.4141211329843,2,17.776577,True,True,1.430511474609375e-06
8128,153.4322861470282,2,18.119724,True,True,1.430511474609375e-06
8129,153.45037420198787,2,18.041044,True,True,1.430511474609375e-06
8130,153.46838762698462,2,17.969235,True,True,1.430511474609375e-06
8131,153.48649826599285,2,18.064478,True,True,1.430511474609375e-06
8132,153.50465289899148,2,18.109975,True,True,1.430511474609375e-06
8133,153.52280694397632,2,18.108967,True,True,1.430511474609375e-06
8134,153.5410282430239,2,18.173547,True,True,1.430511474609375e-06
8135,153.55894855997758,2,17.868478,True,True,1.430511474609375e-06
8136,153.57707861397648,2,18.082497,True,True,1.430511474609375e-06
8137,153.59548507397994,2,18.346646,True,True,1.430511474609375e-06
8138,153.61374491499737,2,18.211597,True,True,1.430511474609375e-06
8139,153.6316216479754,2,17.833951,True,True,1.430511474609375e-06
8140,153.64964962902013,2,17.985523,True,True,1.430511474609375e-06
8141,153.66800269298255,2,18.311527,True,True,1.430511474609375e-06
8142,153.6864764179918,2,18.386515,True,True,1.430511474609375e-06
8143,153.70468226197409,2,18.119,True,True,1.430511474609375e-06
8144,153.72274434100837,2,18.008128,True,True,1.430511474609375e-06
8145,153.74063168099383,2,17.845458,True,True,1.430511474609375e-06
8146,153.75872255902505,2,18.048132,True,True,1.430511474609375e-06
8147,153.77691263199085,2,18.144771,True,True,1.430511474609375e-06
8148,153.79536938801175,2,18.401808,True,True,1.430511474609375e-06
8149,153.81354852899676,2,18.067403,True,True,1.430511474609375e-06
8150,153.83181575202616,2,18.208438,True,True,1.430511474609375e-06
8151,153.84996274998412,2,18.101064,True,True,1.430511474609375e-06
8152,153.86786405998282,2,17.853999,True,True,1.430511474609375e-06
8153,153.88580188999185,2,17.892083,True,True,1.430511474609375e-06
8154,153.90371723700082,2,17.870108,True,True,1.430511474609375e-06
8155,153.92182178702205,2,18.059484,True,True,1.430511474609375e-06
8156,153.93986973300343,2,18.006241,True,True,1.430511474609375e-06
8157,153.9577681130031,2,17.857244,True,True,1.430511474609375e-06
8158,153.97589908802183,2,18.085425,True,True,1.430511474609375e-06
8159,154.00593192799715,2,29.979499,True,True,1.430511474609375e-06
8160,154.02477115602233,2,18.725238,True,True,1.430511474609375e-06
8161,154.04306320397882,2,18.237384,True,True,1.430511474609375e-06
8162,154.0610114990268,2,17.90139,True,True,1.430511474609375e-06
8163,154.07899324898608,2,17.939453,True,True,1.430511474609375e-06
8164,154.09717426000861,2,18.137691,True,True,1.430511474609375e-06
8165,154.1153699029819,2,18.147361,True,True,1.430511474609375e-06
8166,154.1334715380217,2,18.057694,True,True,1.430511474609375e-06
8167,154.15167542599374,2,18.160387,True,True,1.430511474609375e-06
8168,154.16980059299385,2,18.080229,True,True,1.430511474609375e-06
8169,154.1878903179895,2,18.049792,True,True,1.430511474609375e-06
8170,154.21527668001363,2,27.341626,True,True,1.430511474609375e-06
8171,154.23553543997696,2,20.143969,True,True,1.430511474609375e-06
8172,154.25358637300087,2,17.986944,True,True,1.430511474609375e-06
8173,154.2715743900044,2,17.932469,True,True,1.430511474609375e-06
8174,154.28997334302403,2,18.34612,True,True,1.430511474609375e-06
8175,154.30793398199603,2,17.908233,True,True,1.430511474609375e-06
8176,154.32603895600187,2,18.060038,True,True,1.430511474609375e-06
8177,154.34412366698962,2,18.040489,True,True,1.430511474609375e-06
8178,154.3623145080055,2,18.146315,True,True,1.430511474609375e-06
8179,154.3805354119977,2,18.176168,True,True,1.430511474609375e-06
8180,154.39875149499858,2,18.151636,True,True,1.430511474609375e-06
8181,154.41663336497732,2,17.830348,True,True,1.430511474609375e-06
8182,154.43456985597732,2,17.887347,True,True,1.430511474609375e-06
8183,154.45283509400906,2,18.215678,True,True,1.430511474609375e-06
8184,154.47111237602076,2,18.230227,True,True,1.430511474609375e-06
8185,154.48907401098404,2,17.910886,True,True,1.430511474609375e-06
8186,154.50723047100473,2,18.108478,True,True,1.430511474609375e-06
8187,154.52617526700487,2,18.894601,True,True,1.430511474609375e-06
8188,154.5446179860155,2,18.353219,True,True,1.430511474609375e-06
8189,154.56322951201582,2,18.544542,True,True,1.430511474609375e-06
8190,154.58152912999503,2,18.244648,True,True,1.430511474609375e-06
8191,154.59967037802562,2,18.058642,True,True,1.430511474609375e-06
8192,154.61798840400297,2,18.256754,True,True,1.430511474609375e-06
8193,154.63689361402066,2,18.849359,True,True,1.430511474609375e-06
8194,154.65515636099735,2,18.217387,True,True,1.430511474609375e-06
8195,154.67318210401572,2,17.976521,True,True,1.430511474609375e-06
8196,154.69124045502394,2,18.0132,True,True,1.430511474609375e-06
8197,154.70944026100915,2,18.153143,True,True,1.430511474609375e-06
8198,154.72814950201428,2,18.664168,True,True,1.430511474609375e-06
8199,154.74647875101073,2,18.281341,True,True,1.430511474609375e-06
8200,154.7651027960237,2,18.57091,True,True,1.430511474609375e-06
8201,154.78296042903094,2,17.809587,True,True,1.430511474609375e-06
8202,154.80114722897997,2,18.141727,True,True,1.430511474609375e-06
8203,154.81928503402742,2,18.093652,True,True,1.430511474609375e-06
8204,154.83777659898624,2,18.444848,True,True,1.430511474609375e-06
8205,154.8559678029851,2,18.14638,True,True,1.430511474609375e-06
8206,154.87408560700715,2,18.076099,True,True,1.430511474609375e-06
8207,154.89226614497602,2,18.139025,True,True,1.430511474609375e-06
8208,154.91057983698556,2,18.270163,True,True,1.430511474609375e-06
8209,154.92932250798913,2,18.690867,True,True,1.430511474609375e-06
8210,154.9476261389791,2,18.251443,True,True,1.430511474609375e-06
8211,154.965967333992,2,18.30019,True,True,1.430511474609375e-06
8212,154.9939874819829,2,27.959369,True,True,1.430511474609375e-06
8213,155.01438613701612,2,20.286844,True,True,1.430511474609375e-06
8214,155.0331593180308,2,18.710032,True,True,1.430511474609375e-06
8215,155.0541173039819,2,20.904236,True,True,1.430511474609375e-06
8216,155.07736908103107,2,23.187888,True,True,1.430511474609375e-06
8217,155.0989330179873,2,21.504777,True,True,1.430511474609375e-06
8218,155.11720158101525,2,18.208596,True,True,1.430511474609375e-06
8219,155.13558755099075,2,18.333644,True,True,1.430511474609375e-06
8220,155.1537443100242,2,18.104944,True,True,1.430511474609375e-06
8221,155.17205085302703,2,18.252274,True,True,1.430511474609375e-06
8222,155.19036647398025,2,18.264239,True,True,1.430511474609375e-06
8223,155.22014824999496,2,29.729828,True,True,1.430511474609375e-06
8224,155.23947110201698,2,19.210669,True,True,1.430511474609375e-06
8225,155.2575308289961,2,17.990895,True,True,1.430511474609375e-06
8226,155.27624729298986,2,18.662414,True,True,1.430511474609375e-06
8227,155.29449458199088,2,18.187336,True,True,1.430511474609375e-06
8228,155.31262721202802,2,18.079203,True,True,1.430511474609375e-06
8229,155.33085331501206,2,18.181213,True,True,1.430511474609375e-06
8230,155.34897924098186,2,18.079653,True,True,1.430511474609375e-06
8231,155.3674828520161,2,18.456289,True,True,1.430511474609375e-06
8232,155.38551636901684,2,17.981341,True,True,1.430511474609375e-06
8233,155.40385304001393,2,18.288803,True,True,1.430511474609375e-06
8234,155.42217456700746,2,18.267839,True,True,1.430511474609375e-06
8235,155.4403065229999,2,18.08324,True,True,1.430511474609375e-06
8236,155.4585721809999,2,18.216895,True,True,1.430511474609375e-06
8237,155.4771821559989,2,18.559004,True,True,1.430511474609375e-06
8238,155.49525168299442,2,18.017134,True,True,1.430511474609375e-06
8239,155.5134168380173,2,18.117465,True,True,1.430511474609375e-06
8240,155.5316089009866,2,18.142533,True,True,1.430511474609375e-06
8241,155.54989981401013,2,18.238373,True,True,1.430511474609375e-06
8242,155.56817826500628,2,18.223487,True,True,1.430511474609375e-06
8243,155.58664270601002,2,18.412442,True,True,1.430511474609375e-06
8244,155.60487790202023,2,18.163611,True,True,1.430511474609375e-06
8245,155.62274678202812,2,17.817481,True,True,1.430511474609375e-06
8246,155.6409433829831,2,18.151557,True,True,1.430511474609375e-06
8247,155.65892876998987,2,17.942263,True,True,1.430511474609375e-06
8248,155.67763029702473,2,18.655499,True,True,1.430511474609375e-06
8249,155.69564638100564,2,17.959114,True,True,1.430511474609375e-06
8250,155.71371312701376,2,18.022078,True,True,1.430511474609375e-06
8251,155.73195693601156,2,18.196197,True,True,1.430511474609375e-06
8252,155.75013899302576,2,18.140216,True,True,1.430511474609375e-06
8253,155.76900180999655,2,18.815876,True,True,1.430511474609375e-06
8254,155.78708518698113,2,18.039025,True,True,1.430511474609375e-06
8255,155.80515378300333,2,18.018605,True,True,1.430511474609375e-06
8256,155.8231025080313,2,17.900366,True,True,1.430511474609375e-06
8257,155.84114069899078,2,17.996906,True,True,1.430511474609375e-06
8258,155.85942947200965,2,18.246741,True,True,1.430511474609375e-06
8259,155.87805235601263,2,18.581713,True,True,1.430511474609375e-06
8260,155.89610007300507,2,18.00477,True,True,1.430511474609375e-06
8261,155.91449593397556,2,18.351947,True,True,1.430511474609375e-06
8262,155.93271524301963,2,18.166059,True,True,1.430511474609375e-06
8263,155.95094177202554,2,18.183402,True,True,1.430511474609375e-06
8264,155.96987414901378,2,18.886659,True,True,1.430511474609375e-06
8265,155.9991778890253,2,29.243939,True,True,1.430511474609375e-06
8266,156.0181930270046,2,18.902873,True,True,1.430511474609375e-06
8267,156.0362364759785,2,17.981953,True,True,1.430511474609375e-06
8268,156.05439281702274,2,18.108665,True,True,1.430511474609375e-06
8269,156.07317672099452,2,18.717202,True,True,1.430511474609375e-06
8270,156.09163159597665,2,18.358803,True,True,1.430511474609375e-06
8271,156.1099788399879,2,18.277172,True,True,1.430511474609375e-06
8272,156.12835464102682,2,18.319396,True,True,1.430511474609375e-06
8273,156.14632890798384,2,17.922657,True,True,1.430511474609375e-06
8274,156.1648803530261,2,18.504945,True,True,1.430511474609375e-06
8275,156.18317732901778,2,18.24393,True,True,1.430511474609375e-06
8276,156.21120623097522,2,27.974342,True,True,1.430511474609375e-06
8277,156.231292091019,2,19.970743,True,True,1.430511474609375e-06
8278,156.24961336399429,2,18.25202,True,True,1.430511474609375e-06
8279,156.26845714898081,2,18.789423,True,True,1.430511474609375e-06
8280,156.2868583649979,2,18.336333,True,True,1.430511474609375e-06
8281,156.30502891697688,2,18.113443,True,True,1.430511474609375e-06
8282,156.32321991201025,2,18.141847,True,True,1.430511474609375e-06
8283,156.34111130301608,2,17.843144,True,True,1.430511474609375e-06
8284,156.359450087999,2,18.295096,True,True,1.430511474609375e-06
8285,156.3782000580104,2,18.704279,True,True,1.430511474609375e-06
8286,156.3965283120051,2,18.275194,True,True,1.430511474609375e-06
8287,156.41458955500275,2,18.000231,True,True,1.430511474609375e-06
8288,156.43296379898675,2,18.300021,True,True,1.430511474609375e-06
8289,156.45137789897854,2,18.332125,True,True,1.430511474609375e-06
8290,156.46982573898276,2,18.386375,True,True,1.430511474609375e-06
8291,156.4879962769919,2,18.112835,True,True,1.430511474609375e-06
8292,156.50610568397678,2,18.060199,True,True,1.430511474609375e-06
8293,156.524291609996,2,18.138077,True,True,1.430511474609375e-06
8294,156.5429368549958,2,18.588929,True,True,1.430511474609375e-06
8295,156.56157134700334,2,18.522196,True,True,1.430511474609375e-06
8296,156.58153538999613,2,19.887763,True,True,1.430511474609375e-06
8297,156.60093658301048,2,19.27201,True,True,1.430511474609375e-06
8298,156.61953690898372,2,18.48064,True,True,1.430511474609375e-06
8299,156.63844859600067,2,18.802017,True,True,1.430511474609375e-06
8300,156.6566730630002,2,18.159705,True,True,1.430511474609375e-06
8301,156.67555731197353,2,18.822515,True,True,1.430511474609375e-06
8302,156.69362399401143,2,18.007324,True,True,1.430511474609375e-06
8303,156.7117804220179,2,18.102487,True,True,1.430511474609375e-06
8304,156.732830397028,2,20.966554,True,True,1.430511474609375e-06
8305,156.7556334839901,2,22.737587,True,True,1.430511474609375e-06
8306,156.77702061098535,2,21.319898,True,True,1.430511474609375e-06
8307,156.7953794139903,2,18.305806,True,True,1.430511474609375e-06
8308,156.81363433599472,2,18.198484,True,True,1.430511474609375e-06
8309,156.83155338000506,2,17.87043,True,True,1.430511474609375e-06
8310,156.8501704109949,2,18.570588,True,True,1.430511474609375e-06
8311,156.8684476899798,2,18.232176,True,True,1.430511474609375e-06
8312,156.88675161200808,2,18.249413,True,True,1.430511474609375e-06
8313,156.9049693500274,2,18.168682,True,True,1.430511474609375e-06
8314,156.92289784899913,2,17.88118,True,True,1.430511474609375e-06
8315,156.94100722897565,2,18.063334,True,True,1.430511474609375e-06
8316,156.95947539800545,2,18.42525,True,True,1.430511474609375e-06
8317,156.9776548250229,2,18.131467,True,True,1.430511474609375e-06
8318,156.99849312001606,2,20.78647,True,True,1.430511474609375e-06
8319,157.025508539984,2,26.918969,True,True,1.430511474609375e-06
8320,157.04399824200664,2,18.390472,True,True,1.430511474609375e-06
8321,157.06275061698398,2,18.693629,True,True,1.430511474609375e-06
8322,157.08129084401298,2,18.479757,True,True,1.430511474609375e-06
8323,157.0994119120296,2,18.029511,True,True,1.430511474609375e-06
8324,157.11753449297976,2,18.061628,True,True,1.430511474609375e-06
8325,157.13572420499986,2,18.108359,True,True,1.430511474609375e-06
8326,157.1548699120176,2,19.073619,True,True,1.430511474609375e-06
8327,157.17306853097398,2,18.134367,True,True,1.430511474609375e-06
8328,157.19120808702428,2,18.083014,True,True,1.430511474609375e-06
8329,157.22078758099815,2,29.529816,True,True,1.430511474609375e-06
8330,157.2396462840261,2,18.743586,True,True,1.430511474609375e-06
8331,157.2587029209826,2,18.987804,True,True,1.430511474609375e-06
8332,157.27737303997856,2,18.594626,True,True,1.430511474609375e-06
8333,157.29547115898458,2,18.043481,True,True,1.430511474609375e-06
8334,157.31366791698383,2,18.140185,True,True,1.430511474609375e-06
8335,157.33192136202706,2,18.208652,True,True,1.430511474609375e-06
8336,157.350316371012,2,18.348131,True,True,1.430511474609375e-06
8337,157.36858160799602,2,18.211855,True,True,1.430511474609375e-06
8338,157.38681521598483,2,18.182624,True,True,1.430511474609375e-06
8339,157.4152514419984,2,28.369645,True,True,1.430511474609375e-06
8340,157.43350250402,2,18.157578,True,True,1.430511474609375e-06
8341,157.45192571601365,2,18.363621,True,True,1.430511474609375e-06
8342,157.47026600100799,2,18.282652,True,True,1.430511474609375e-06
8343,157.48843118402874,2,18.113328,True,True,1.430511474609375e-06
8344,157.5072942400002,2,18.81511,True,True,1.430511474609375e-06
8345,157.52556423202623,2,18.201787,True,True,1.430511474609375e-06
8346,157.54391978599597,2,18.296126,True,True,1.430511474609375e-06
8347,157.56235555099556,2,18.367485,True,True,1.430511474609375e-06
8348,157.5804706820054,2,18.050083,True,True,1.430511474609375e-06
8349,157.5988453530008,2,18.279048,True,True,1.430511474609375e-06
8350,157.61724860500544,2,18.345719,True,True,1.430511474609375e-06
8351,157.6357234630268,2,18.418959,True,True,1.430511474609375e-06
8352,157.65369765501237,2,17.925234,True,True,1.430511474609375e-06
8353,157.67168193799444,2,17.935699,True,True,1.430511474609375e-06
8354,157.68977624498075,2,18.052201,True,True,1.430511474609375e-06
8355,157.70798499300145,2,18.148036,True,True,1.430511474609375e-06
8356,157.7262010779814,2,18.16225,True,True,1.430511474609375e-06
8357,157.74434714397648,2,18.100375,True,True,1.430511474609375e-06
8358,157.76226761797443,2,17.87195,True,True,1.430511474609375e-06
8359,157.78026560298167,2,17.955282,True,True,1.430511474609375e-06
8360,157.79815579298884,2,17.848491,True,True,1.430511474609375e-06
8361,157.81635757401818,2,18.155128,True,True,1.430511474609375e-06
8362,157.83455715700984,2,18.157835,True,True,1.430511474609375e-06
8363,157.8524627169827,2,17.864372,True,True,1.430511474609375e-06
8364,157.87045653403038,2,17.951326,True,True,1.430511474609375e-06
8365,157.8883353410056,2,17.836698,True,True,1.430511474609375e-06
8366,157.9064723540214,2,18.092874,True,True,1.430511474609375e-06
8367,157.9246279830113,2,18.116187,True,True,1.430511474609375e-06
8368,157.94254771899432,2,17.880572,True,True,1.430511474609375e-06
8369,157.96066892897943,2,18.079298,True,True,1.430511474609375e-06
8370,157.9788086200133,2,18.094381,True,True,1.430511474609375e-06
8371,158.0002389170113,2,21.384907,True,True,1.430511474609375e-06
8372,158.0274671749794,2,27.116549,True,True,1.430511474609375e-06
8373,158.0460758350091,2,18.519088,True,True,1.430511474609375e-06
8374,158.0713220440084,2,25.180303,True,True,1.430511474609375e-06
8375,158.0929009349784,2,21.506832,True,True,1.430511474609375e-06
8376,158.1112798359827,2,18.327867,True,True,1.430511474609375e-06
8377,158.12969720398542,2,18.366542,True,True,1.430511474609375e-06
8378,158.14775456901407,2,18.005832,True,True,1.430511474609375e-06
8379,158.1661840089946,2,18.37195,True,True,1.430511474609375e-06
8380,158.1851251149783,2,18.826997,True,True,1.430511474609375e-06
8381,158.21478172397474,2,29.571205,True,True,1.430511474609375e-06
8382,158.23360374802724,2,18.706264,True,True,1.430511474609375e-06
8383,158.251905016019,2,18.229634,True,True,1.430511474609375e-06
8384,158.26992759399582,2,17.973434,True,True,1.430511474609375e-06
8385,158.28787439502776,2,17.896502,True,True,1.430511474609375e-06
8386,158.30576462700265,2,17.841602,True,True,1.430511474609375e-06
8387,158.32388675201219,2,18.075999,True,True,1.430511474609375e-06
8388,158.34219991602004,2,18.252404,True,True,1.430511474609375e-06
8389,158.36062840401428,2,18.329883,True,True,1.430511474609375e-06
8390,158.37942035897868,2,18.716405,True,True,1.430511474609375e-06
8391,158.39770971500548,2,18.231802,True,True,1.430511474609375e-06
8392,158.41598686098587,2,18.216849,True,True,1.430511474609375e-06
8393,158.43428848299664,2,18.252557,True,True,1.430511474609375e-06
8394,158.45222923299298,2,17.894039,True,True,1.430511474609375e-06
8395,158.47015551500954,2,17.876388,True,True,1.430511474609375e-06
8396,158.48807312501594,2,17.864034,True,True,1.430511474609375e-06
8397,158.50614331301767,2,18.023593,True,True,1.430511474609375e-06
8398,158.52437434601597,2,18.17955,True,True,1.430511474609375e-06
8399,158.5423266509897,2,17.896036,True,True,1.430511474609375e-06
8400,158.56026033998933,2,17.882924,True,True,1.430511474609375e-06
8401,158.57846128899837,2,18.152146,True,True,1.430511474609375e-06
8402,158.59643640898867,2,17.924695,True,True,1.430511474609375e-06
8403,158.61454774998128,2,18.065812,True,True,1.430511474609375e-06
8404,158.63269731902983,2,18.1077,True,True,1.430511474609375e-06
8405,158.6508618980297,2,18.122557,True,True,1.430511474609375e-06
8406,158.66906932898564,2,18.161378,True,True,1.430511474609375e-06
8407,158.68740474397782,2,18.279284,True,True,1.430511474609375e-06
8408,158.70574734802358,2,18.250885,True,True,1.430511474609375e-06
8409,158.72418491501594,2,18.324873,True,True,1.430511474609375e-06
8410,158.74217537901131,2,17.924759,True,True,1.430511474609375e-06
8411,158.760262419004,2,18.03746,True,True,1.430511474609375e-06
8412,158.7785425420152,2,18.233345,True,True,1.430511474609375e-06
8413,158.79653762298403,2,17.947338,True,True,1.430511474609375e-06
8414,158.81501249497524,2,18.398978,True,True,1.430511474609375e-06
8415,158.8334073360311,2,18.294472,True,True,1.430511474609375e-06
8416,158.85147722502006,2,17.997855,True,True,1.430511474609375e-06
8417,158.86944193200907,2,17.913423,True,True,1.430511474609375e-06
8418,158.88760976097547,2,18.123787,True,True,1.430511474609375e-06
8419,158.9157525760238,2,28.083949,True,True,1.430511474609375e-06
8420,158.93412395502673,2,18.304838,True,True,1.430511474609375e-06
8421,158.95212777500274,2,17.952684,True,True,1.430511474609375e-06
8422,158.97026110597653,2,18.091375,True,True,1.430511474609375e-06
8423,158.98870918899775,2,18.392906,True,True,1.430511474609375e-06
8424,159.00676115899114,2,17.998747,True,True,1.430511474609375e-06
8425,159.0362877380103,2,29.477593,True,True,1.430511474609375e-06
8426,159.05514581600437,2,18.743052,True,True,1.430511474609375e-06
8427,159.0734735049773,2,18.262358,True,True,1.430511474609375e-06
8428,159.09203794802306,2,18.506649,True,True,1.430511474609375e-06
8429,159.11026128497906,2,18.172832,True,True,1.430511474609375e-06
8430,159.12837171397405,2,18.063034,True,True,1.430511474609375e-06
8431,159.14636182400864,2,17.935802,True,True,1.430511474609375e-06
8432,159.16471273300704,2,18.302766,True,True,1.430511474609375e-06
8433,159.18297456298023,2,18.208676,True,True,1.430511474609375e-06
8434,159.21055054099998,2,27.524502,True,True,1.430511474609375e-06
8435,159.2315355570172,2,20.871441,True,True,1.430511474609375e-06
8436,159.24982137302868,2,18.226349,True,True,1.430511474609375e-06
8437,159.26782046299195,2,17.948774,True,True,1.430511474609375e-06
8438,159.28586762602208,2,18.001735,True,True,1.430511474609375e-06
8439,159.30406394501915,2,18.148963,True,True,1.430511474609375e-06
8440,159.3222985030152,2,18.191095,True,True,1.430511474609375e-06
8441,159.34042334603146,2,18.075487,True,True,1.430511474609375e-06
8442,159.35852637398057,2,18.058822,True,True,1.430511474609375e-06
8443,159.37671994097764,2,18.15119,True,True,1.430511474609375e-06
8444,159.3946523789782,2,17.885155,True,True,1.430511474609375e-06
8445,159.4127995300223,2,18.100818,True,True,1.430511474609375e-06
8446,159.43088138202438,2,18.039363,True,True,1.430511474609375e-06
8447,159.44900640298147,2,18.079367,True,True,1.430511474609375e-06
8448,159.46723658102565,2,18.18045,True,True,1.430511474609375e-06
8449,159.48514230397996,2,17.860877,True,True,1.430511474609375e-06
8450,159.5032515960047,2,18.063286,True,True,1.430511474609375e-06
8451,159.5214736930211,2,18.171336,True,True,1.430511474609375e-06
8452,159.53960852097953,2,18.071692,True,True,1.430511474609375e-06
8453,159.5578125769971,2,18.143796,True,True,1.430511474609375e-06
8454,159.5759918380063,2,18.120849,True,True,1.430511474609375e-06
8455,159.59432798199123,2,18.272768,True,True,1.430511474609375e-06
8456,159.6125050529954,2,18.12514,True,True,1.430511474609375e-06
8457,159.63073332200292,2,18.181626,True,True,1.430511474609375e-06
8458,159.6486265269923,2,17.848427,True,True,1.430511474609375e-06
8459,159.6665951019968,2,17.928322,True,True,1.430511474609375e-06
8460,159.6845676950179,2,17.923267,True,True,1.430511474609375e-06
8461,159.7026864250074,2,18.073639,True,True,1.430511474609375e-06
8462,159.7209592430154,2,18.229827,True,True,1.430511474609375e-06
8463,159.74624534399481,2,25.239554,True,True,1.430511474609375e-06
8464,159.7683128180215,2,21.984609,True,True,1.430511474609375e-06
8465,159.78639295703033,2,18.019538,True,True,1.430511474609375e-06
8466,159.80454482097412,2,18.102171,True,True,1.430511474609375e-06
8467,159.82262599701062,2,18.029789,True,True,1.430511474609375e-06
8468,159.8408469799906,2,18.171748,True,True,1.430511474609375e-06
8469,159.85911260702414,2,18.213615,True,True,1.430511474609375e-06
8470,159.87735517002875,2,18.188262,True,True,1.430511474609375e-06
8471,159.89553870097734,2,18.134389,True,True,1.430511474609375e-06
8472,159.91350328398403,2,17.921827,True,True,1.430511474609375e-06
8473,159.93153758201515,2,17.984963,True,True,1.430511474609375e-06
8474,159.94955408002716,2,17.97444,True,True,1.430511474609375e-06
8475,159.96766867901897,2,18.068198,True,True,1.430511474609375e-06
8476,159.98592929902952,2,18.214946,True,True,1.430511474609375e-06
8477,160.00424126099097,2,18.27232,True,True,1.430511474609375e-06
8478,160.03177257801872,2,27.48196,True,True,1.430511474609375e-06
8479,160.0521213460015,2,20.240295,True,True,1.430511474609375e-06
8480,160.07037352299085,2,18.187472,True,True,1.430511474609375e-06
8481,160.08856690698303,2,18.141541,True,True,1.430511474609375e-06
8482,160.10647829202935,2,17.867518,True,True,1.430511474609375e-06
8483,160.1245567590231,2,18.03041,True,True,1.430511474609375e-06
8484,160.14270932698855,2,18.106495,True,True,1.430511474609375e-06
8485,160.16061223403085,2,17.859281,True,True,1.430511474609375e-06
8486,160.17867694702,2,18.014771,True,True,1.430511474609375e-06
8487,160.2001891899854,2,21.464063,True,True,1.430511474609375e-06
8488,160.22744186600903,2,27.159513,True,True,1.430511474609375e-06
8489,160.2460325860302,2,18.500092,True,True,1.430511474609375e-06
8490,160.26441679999698,2,18.328867,True,True,1.430511474609375e-06
8491,160.28262165997876,2,18.15066,True,True,1.430511474609375e-06
8492,160.30082335002953,2,18.150367,True,True,1.430511474609375e-06
8493,160.31893006997416,2,18.053918,True,True,1.430511474609375e-06
8494,160.33686084102374,2,17.885694,True,True,1.430511474609375e-06
8495,160.35500494297594,2,18.098863,True,True,1.430511474609375e-06
8496,160.37281599198468,2,17.768388,True,True,1.430511474609375e-06
8497,160.39082646399038,2,17.964308,True,True,1.430511474609375e-06
8498,160.40918902598787,2,18.31891,True,True,1.430511474609375e-06
8499,160.42735664598877,2,18.122174,True,True,1.430511474609375e-06
8500,160.44559838902205,2,18.19946,True,True,1.430511474609375e-06
8501,160.46375369501766,2,18.101456,True,True,1.430511474609375e-06
8502,160.48221755301347,2,18.407001,True,True,1.430511474609375e-06
8503,160.5002406120184,2,17.955998,True,True,1.430511474609375e-06
8504,160.51831237302395,2,18.012931,True,True,1.430511474609375e-06
8505,160.5366476390045,2,18.27571,True,True,1.430511474609375e-06
8506,160.55485577502986,2,18.143147,True,True,1.430511474609375e-06
8507,160.57281596801477,2,17.909613,True,True,1.430511474609375e-06
8508,160.59078899101587,2,17.923576,True,True,1.430511474609375e-06
8509,160.60914033598965,2,18.268304,True,True,1.430511474609375e-06
8510,160.6273692700197,2,18.174557,True,True,1.430511474609375e-06
8511,160.64551084698178,2,18.095378,True,True,1.430511474609375e-06
8512,160.66364204703132,2,18.084135,True,True,1.430511474609375e-06
8513,160.681795135024,2,18.103861,True,True,1.430511474609375e-06
8514,160.699963046005,2,18.116657,True,True,1.430511474609375e-06
8515,160.71816278801998,2,18.15226,True,True,1.430511474609375e-06
8516,160.736367162026,2,18.158786,True,True,1.430511474609375e-06
8517,160.75453729898436,2,18.125109,True,True,1.430511474609375e-06
8518,160.77247996802907,2,17.892955,True,True,1.430511474609375e-06
8519,160.79064013197785,2,18.117062,True,True,1.430511474609375e-06
8520,160.8085295180208,2,17.846525,True,True,1.430511474609375e-06
8521,160.82654660602566,2,17.972038,True,True,1.430511474609375e-06
8522,160.84461392398225,2,18.025732,True,True,1.430511474609375e-06
8523,160.86259260802763,2,17.935825,True,True,1.430511474609375e-06
8524,160.88053269602824,2,17.897817,True,True,1.430511474609375e-06
8525,160.89848623302532,2,17.912664,True,True,1.430511474609375e-06
8526,160.91662952199113,2,18.10374,True,True,1.430511474609375e-06
8527,160.93444703298155,2,17.775262,True,True,1.430511474609375e-06
8528,160.95256063097622,2,18.074008,True,True,1.430511474609375e-06
8529,160.9707676959806,2,18.160972,True,True,1.430511474609375e-06
8530,160.9891187719768,2,18.307796,True,True,1.430511474609375e-06
8531,161.007530768984,2,18.363392,True,True,1.430511474609375e-06
8532,161.0353890460101,2,27.807015,True,True,1.430511474609375e-06
8533,161.05579097999725,2,20.29135,True,True,1.430511474609375e-06
8534,161.0741804810241,2,18.331424,True,True,1.430511474609375e-06
8535,161.0923793410184,2,18.143725,True,True,1.430511474609375e-06
8536,161.11077575403033,2,18.352555,True,True,1.430511474609375e-06
8537,161.12868563598022,2,17.861258,True,True,1.430511474609375e-06
8538,161.14672579802573,2,17.99546,True,True,1.430511474609375e-06
8539,161.16464895301033,2,17.878582,True,True,1.430511474609375e-06
8540,161.1827633989742,2,18.06744,True,True,1.430511474609375e-06
8541,161.2068630779977,2,24.055479,True,True,1.430511474609375e-06
8542,161.23026550601935,2,23.2982,True,True,1.430511474609375e-06
8543,161.24878840701422,2,18.421589,True,True,1.430511474609375e-06
8544,161.26693096401868,2,18.061929,True,True,1.430511474609375e-06
8545,161.28532301500672,2,18.321099,True,True,1.430511474609375e-06
8546,161.30364633799763,2,18.264263,True,True,1.430511474609375e-06
8547,161.32160005997866,2,17.889043,True,True,1.430511474609375e-06
8548,161.33964094601106,2,17.995106,True,True,1.430511474609375e-06
8549,161.35794259997783,2,18.25755,True,True,1.430511474609375e-06
8550,161.3761238459847,2,18.134856,True,True,1.430511474609375e-06
8551,161.39430983399507,2,18.128774,True,True,1.430511474609375e-06
8552,161.41275154799223,2,18.385617,True,True,1.430511474609375e-06
8553,161.43120683101006,2,18.343201,True,True,1.430511474609375e-06
8554,161.44911855697865,2,17.848119,True,True,1.430511474609375e-06
8555,161.46713531197747,2,17.967971,True,True,1.430511474609375e-06
8556,161.48503932799213,2,17.857017,True,True,1.430511474609375e-06
8557,161.50298496999312,2,17.893616,True,True,1.430511474609375e-06
8558,161.52119816298364,2,18.166115,True,True,1.430511474609375e-06
8559,161.53961073298706,2,18.320555,True,True,1.430511474609375e-06
8560,161.55850208800985,2,18.781211,True,True,1.430511474609375e-06
8561,161.5768561370205,2,18.28954,True,True,1.430511474609375e-06
8562,161.59518365497934,2,18.252731,True,True,1.430511474609375e-06
8563,161.61348743300186,2,18.252175,True,True,1.430511474609375e-06
8564,161.63167060399428,2,18.136968,True,True,1.430511474609375e-06
8565,161.65248987299856,2,20.772082,True,True,1.430511474609375e-06
8566,161.67844672198407,2,25.889284,True,True,1.430511474609375e-06
8567,161.69663420302095,2,18.114505,True,True,1.430511474609375e-06
8568,161.71477182098897,2,18.078383,True,True,1.430511474609375e-06
8569,161.73305492801592,2,18.229097,True,True,1.430511474609375e-06
8570,161.75134514801903,2,18.234472,True,True,1.430511474609375e-06
8571,161.76954539498547,2,18.151093,True,True,1.430511474609375e-06
8572,161.7879502630094,2,18.354406,True,True,1.430511474609375e-06
8573,161.806273307011,2,18.247442,True,True,1.430511474609375e-06
8574,161.82427442999324,2,17.941337,True,True,1.430511474609375e-06
8575,161.8423351829988,2,18.013272,True,True,1.430511474609375e-06
8576,161.8602157899877,2,17.833015,True,True,1.430511474609375e-06
8577,161.8783107799827,2,18.05017,True,True,1.430511474609375e-06
8578,161.89650992501993,2,18.155147,True,True,1.430511474609375e-06
8579,161.9146863730275,2,18.135988,True,True,1.430511474609375e-06
8580,161.93302957201377,2,18.302283,True,True,1.430511474609375e-06
8581,161.95149703300558,2,18.388644,True,True,1.430511474609375e-06
8582,161.96987251698738,2,18.267243,True,True,1.430511474609375e-06
8583,161.98832942498848,2,18.395136,True,True,1.430511474609375e-06
8584,162.00657929398585,2,18.20248,True,True,1.430511474609375e-06
8585,162.02461371500976,2,17.982131,True,True,1.430511474609375e-06
8586,162.05287255498115,2,28.211611,True,True,1.430511474609375e-06
8587,162.0730330509832,2,20.054014,True,True,1.430511474609375e-06
8588,162.09108057501726,2,17.984872,True,True,1.430511474609375e-06
8589,162.10907986201346,2,17.952953,True,True,1.430511474609375e-06
8590,162.12741482298588,2,18.290146,True,True,1.430511474609375e-06
8591,162.1455993570271,2,18.135656,True,True,1.430511474609375e-06
8592,162.1637531039887,2,18.111044,True,True,1.430511474609375e-06
8593,162.1816435190267,2,17.841102,True,True,1.430511474609375e-06
8594,162.2109806400258,2,29.287063,True,True,1.430511474609375e-06
8595,162.22959587798687,2,18.514199,True,True,1.430511474609375e-06
8596,162.24786303198198,2,18.206069,True,True,1.430511474609375e-06
8597,162.2658503060229,2,17.936214,True,True,1.430511474609375e-06
8598,162.2839698420139,2,18.070774,True,True,1.430511474609375e-06
8599,162.302121368004,2,18.092382,True,True,1.430511474609375e-06
8600,162.3203964550048,2,18.224619,True,True,1.430511474609375e-06
8601,162.3385907060001,2,18.141721,True,True,1.430511474609375e-06
8602,162.3565012619947,2,17.86084,True,True,1.430511474609375e-06
8603,162.37463594402652,2,18.087164,True,True,1.430511474609375e-06
8604,162.392685230996,2,18.006809,True,True,1.430511474609375e-06
8605,162.41068006900605,2,17.944878,True,True,1.430511474609375e-06
8606,162.42904298502253,2,18.316301,True,True,1.430511474609375e-06
8607,162.4472594219842,2,18.174144,True,True,1.430511474609375e-06
8608,162.46530756598804,2,18.002601,True,True,1.430511474609375e-06
8609,162.4834032789804,2,18.047315,True,True,1.430511474609375e-06
8610,162.50158776098397,2,18.141225,True,True,1.430511474609375e-06
8611,162.5197512920131,2,18.117013,True,True,1.430511474609375e-06
8612,162.5380497199949,2,18.245893,True,True,1.430511474609375e-06
8613,162.5564271020121,2,18.314092,True,True,1.430511474609375e-06
8614,162.5745689679752,2,18.05833,True,True,1.430511474609375e-06
8615,162.59277402498992,2,18.126079,True,True,1.430511474609375e-06
8616,162.61105651099933,2,18.215364,True,True,1.430511474609375e-06
8617,162.62951664300635,2,18.403754,True,True,1.430511474609375e-06
8618,162.6475456560147,2,17.978019,True,True,1.430511474609375e-06
8619,162.66555212897947,2,17.955779,True,True,1.430511474609375e-06
8620,162.6835448690108,2,17.938775,True,True,1.430511474609375e-06
8621,162.701570315985,2,17.973343,True,True,1.430511474609375e-06
8622,162.71992773597594,2,18.308453,True,True,1.430511474609375e-06
8623,162.73805557598826,2,18.083822,True,True,1.430511474609375e-06
8624,162.75623503501993,2,18.131552,True,True,1.430511474609375e-06
8625,162.774179266009,2,17.890459,True,True,1.430511474609375e-06
8626,162.7922387800063,2,18.016099,True,True,1.430511474609375e-06
8627,162.81018867599778,2,17.90557,True,True,1.430511474609375e-06
8628,162.82803247799166,2,17.797992,True,True,1.430511474609375e-06
8629,162.8463003479992,2,18.225313,True,True,1.430511474609375e-06
8630,162.86461140098982,2,18.264779,True,True,1.430511474609375e-06
8631,162.88250867498573,2,17.853391,True,True,1.430511474609375e-06
8632,162.90083380200667,2,18.286008,True,True,1.430511474609375e-06
8633,162.91897199302912,2,18.095953,True,True,1.430511474609375e-06
8634,162.93692748702597,2,17.910307,True,True,1.430511474609375e-06
8635,162.954936745984,2,17.963697,True,True,1.430511474609375e-06
8636,162.97302217199467,2,18.042166,True,True,1.430511474609375e-06
8637,162.99107535299845,2,17.996902,True,True,1.430511474609375e-06
8638,163.00965824403102,2,18.540686,True,True,1.430511474609375e-06
8639,163.03018801502185,2,20.485935,True,True,1.430511474609375e-06
8640,163.05649308301508,2,26.22908,True,True,1.430511474609375e-06
8641,163.0765959600103,2,20.020556,True,True,1.430511474609375e-06
8642,163.09476196201285,2,18.09976,True,True,1.430511474609375e-06
8643,163.11268641700735,2,17.878421,True,True,1.430511474609375e-06
8644,163.13111755100545,2,18.385546,True,True,1.430511474609375e-06
8645,163.14935954398243,2,18.189121,True,True,1.430511474609375e-06
8646,163.16758546198253,2,18.157126,True,True,1.430511474609375e-06
8647,163.1856734509929,2,18.027118,True,True,1.430511474609375e-06
8648,163.21524760802276,2,29.516306,True,True,1.430511474609375e-06
8649,163.2339637260302,2,18.61608,True,True,1.430511474609375e-06
8650,163.25223088701023,2,18.202441,True,True,1.430511474609375e-06
8651,163.2705010009813,2,18.214834,True,True,1.430511474609375e-06
8652,163.28871931601316,2,18.163723,True,True,1.430511474609375e-06
8653,163.30687123100506,2,18.102433,True,True,1.430511474609375e-06
8654,163.32512809097534,2,18.214123,True,True,1.430511474609375e-06
8655,163.353509425011,2,28.337405,True,True,1.430511474609375e-06
8656,163.37206369900377,2,18.487112,True,True,1.430511474609375e-06
8657,163.3905131489737,2,18.395964,True,True,1.430511474609375e-06
8658,163.40846829197835,2,17.907607,True,True,1.430511474609375e-06
8659,163.4265249320306,2,18.013031,True,True,1.430511474609375e-06
8660,163.44482991902623,2,18.258728,True,True,1.430511474609375e-06
8661,163.46311460097786,2,18.231825,True,True,1.430511474609375e-06
8662,163.4812885010033,2,18.127242,True,True,1.430511474609375e-06
8663,163.4998061269871,2,18.472539,True,True,1.430511474609375e-06
8664,163.51799197000219,2,18.139494,True,True,1.430511474609375e-06
8665,163.5359691340127,2,17.933154,True,True,1.430511474609375e-06
8666,163.55418270500377,2,18.166616,True,True,1.430511474609375e-06
8667,163.57237928902032,2,18.151988,True,True,1.430511474609375e-06
8668,163.5905966280261,2,18.172284,True,True,1.430511474609375e-06
8669,163.60872997698607,2,18.06493,True,True,1.430511474609375e-06
8670,163.62694911198923,2,18.163421,True,True,1.430511474609375e-06
8671,163.64530064701103,2,18.302772,True,True,1.430511474609375e-06
8672,163.6635110839852,2,18.130394,True,True,1.430511474609375e-06
8673,163.68182111601345,2,18.213557,True,True,1.430511474609375e-06
8674,163.69987668999238,2,17.999612,True,True,1.430511474609375e-06
8675,163.71777296700748,2,17.849033,True,True,1.430511474609375e-06
8676,163.73597166198306,2,18.149525,True,True,1.430511474609375e-06
8677,163.7541756100254,2,18.154819,True,True,1.430511474609375e-06
8678,163.77249962900532,2,18.268475,True,True,1.430511474609375e-06
8679,163.79072874900885,2,18.126347,True,True,1.430511474609375e-06
8680,163.80911206599558,2,18.323272,True,True,1.430511474609375e-06
8681,163.82726287201513,2,18.102733,True,True,1.430511474609375e-06
8682,163.84513471199898,2,17.829061,True,True,1.430511474609375e-06
8683,163.8632948930026,2,18.107519,True,True,1.430511474609375e-06
8684,163.8811740350211,2,17.833749,True,True,1.430511474609375e-06
8685,163.89904660498723,2,17.831967,True,True,1.430511474609375e-06
8686,163.91693553701043,2,17.845719,True,True,1.430511474609375e-06
8687,163.9350253979792,2,18.050581,True,True,1.430511474609375e-06
8688,163.95291510300012,2,17.845923,True,True,1.430511474609375e-06
8689,163.97089888900518,2,17.943104,True,True,1.430511474609375e-06
8690,163.99150612199446,2,20.562724,True,True,1.430511474609375e-06
8691,164.01692402601475,2,25.352319,True,True,1.430511474609375e-06
8692,164.04703777597751,2,30.048628,True,True,1.430511474609375e-06
8693,164.06581941898912,2,18.675364,True,True,1.430511474609375e-06
8694,164.08413647703128,2,18.25013,True,True,1.430511474609375e-06
8695,164.10245735599892,2,18.274237,True,True,1.430511474609375e-06
8696,164.1204488259973,2,17.938463,True,True,1.430511474609375e-06
8697,164.138577921025,2,18.079953,True,True,1.430511474609375e-06
8698,164.15676828002324,2,18.145007,True,True,1.430511474609375e-06
8699,164.17473616200732,2,17.917677,True,True,1.430511474609375e-06
8700,164.19276879401878,2,17.980847,True,True,1.430511474609375e-06
8701,164.2207440219936,2,27.920524,True,True,1.430511474609375e-06
8702,164.24092410498997,2,20.075462,True,True,1.430511474609375e-06
8703,164.2594275539741,2,18.443488,True,True,1.430511474609375e-06
8704,164.2776864899788,2,18.213521,True,True,1.430511474609375e-06
8705,164.2956247520051,2,17.892239,True,True,1.430511474609375e-06
8706,164.31357661099173,2,17.901495,True,True,1.430511474609375e-06
8707,164.33175635401858,2,18.132915,True,True,1.430511474609375e-06
8708,164.34992761799367,2,18.130819,True,True,1.430511474609375e-06
8709,164.36835589102702,2,18.38452,True,True,1.430511474609375e-06
8710,164.38674084999366,2,18.338607,True,True,1.430511474609375e-06
8711,164.40472808200866,2,17.940966,True,True,1.430511474609375e-06
8712,164.42263474699575,2,17.863164,True,True,1.430511474609375e-06
8713,164.4409876150312,2,18.306762,True,True,1.430511474609375e-06
8714,164.45917650597403,2,18.145659,True,True,1.430511474609375e-06
8715,164.47740826400695,2,18.187472,True,True,1.430511474609375e-06
8716,164.4960195539752,2,18.566691,True,True,1.430511474609375e-06
8717,164.51388722402044,2,17.81977,True,True,1.430511474609375e-06
8718,164.53214549901895,2,18.20981,True,True,1.430511474609375e-06
8719,164.5501186249894,2,17.921221,True,True,1.430511474609375e-06
8720,164.56815857201582,2,17.991472,True,True,1.430511474609375e-06
8721,164.58641261502635,2,18.210698,True,True,1.430511474609375e-06
8722,164.60453787102597,2,18.077211,True,True,1.430511474609375e-06
8723,164.62270502897445,2,18.125639,True,True,1.430511474609375e-06
8724,164.64090216701152,2,18.150438,True,True,1.430511474609375e-06
8725,164.66604395897593,2,25.094738,True,True,1.430511474609375e-06
8726,164.68784182402305,2,21.707467,True,True,1.430511474609375e-06
8727,164.70614675199613,2,18.243226,True,True,1.430511474609375e-06
8728,164.7244772760314,2,18.271901,True,True,1.430511474609375e-06
8729,164.7427811740199,2,18.251846,True,True,1.430511474609375e-06
8730,164.76095472398447,2,18.127463,True,True,1.430511474609375e-06
8731,164.77907909097848,2,18.076558,True,True,1.430511474609375e-06
8732,164.797363605001,2,18.242195,True,True,1.430511474609375e-06
8733,164.81529836298432,2,17.891789,True,True,1.430511474609375e-06
8734,164.83325094898464,2,17.905136,True,True,1.430511474609375e-06
8735,164.85126486601075,2,17.970384,True,True,1.430511474609375e-06
8736,164.8691690940177,2,17.861232,True,True,1.430511474609375e-06
8737,164.88712004502304,2,17.9093,True,True,1.430511474609375e-06
8738,164.90546280698618,2,18.301317,True,True,1.430511474609375e-06
8739,164.92350666900165,2,18.003388,True,True,1.430511474609375e-06
8740,164.94149818102596,2,17.947484,True,True,1.430511474609375e-06
8741,164.9595746039995,2,18.035487,True,True,1.430511474609375e-06
8742,164.97759261901956,2,17.974844,True,True,1.430511474609375e-06
8743,164.9956191870151,2,17.985433,True,True,1.430511474609375e-06
8744,165.01371921802638,2,18.05717,True,True,1.430511474609375e-06
8745,165.0317349290126,2,17.976237,True,True,1.430511474609375e-06
8746,165.0601501389756,2,28.36729,True,True,1.430511474609375e-06
8747,165.08064054802526,2,20.385152,True,True,1.430511474609375e-06
8748,165.0993639199878,2,18.660292,True,True,1.430511474609375e-06
8749,165.11766766000073,2,18.24985,True,True,1.430511474609375e-06
8750,165.1357420689892,2,18.02675,True,True,1.430511474609375e-06
8751,165.1537259379984,2,17.92712,True,True,1.430511474609375e-06
8752,165.17221262300154,2,18.441785,True,True,1.430511474609375e-06
8753,165.19013513700338,2,17.868549,True,True,1.430511474609375e-06
8754,165.2184367789887,2,28.253281,True,True,1.430511474609375e-06
8755,165.2386121149757,2,20.068812,True,True,1.430511474609375e-06
8756,165.2568679060205,2,18.194986,True,True,1.430511474609375e-06
8757,165.27526438300265,2,18.34898,True,True,1.430511474609375e-06
8758,165.29322840401437,2,17.921153,True,True,1.430511474609375e-06
8759,165.3112609970267,2,17.98552,True,True,1.430511474609375e-06
8760,165.32944593700813,2,18.138739,True,True,1.430511474609375e-06
8761,165.34734615503112,2,17.854888,True,True,1.430511474609375e-06
8762,165.3653487190022,2,17.960597,True,True,1.430511474609375e-06
8763,165.3832694279845,2,17.880171,True,True,1.430511474609375e-06
8764,165.4013939059805,2,18.074988,True,True,1.430511474609375e-06
8765,165.4193803939852,2,17.939606,True,True,1.430511474609375e-06
8766,165.437580007012,2,18.154323,True,True,1.430511474609375e-06
8767,165.45584853400942,2,18.224877,True,True,1.430511474609375e-06
8768,165.4739833889762,2,18.082755,True,True,1.430511474609375e-06
8769,165.49561686598463,2,21.589297,True,True,1.430511474609375e-06
8770,165.52096038602758,2,25.269253,True,True,1.430511474609375e-06
8771,165.5392439130228,2,18.225892,True,True,1.430511474609375e-06
8772,165.55727441201452,2,17.969063,True,True,1.430511474609375e-06
8773,165.57538512098836,2,18.057694,True,True,1.430511474609375e-06
8774,165.59370050998405,2,18.25669,True,True,1.430511474609375e-06
8775,165.6117665229831,2,18.016141,True,True,1.430511474609375e-06
8776,165.6300099879736,2,18.195836,True,True,1.430511474609375e-06
8777,165.64800475997617,2,17.953418,True,True,1.430511474609375e-06
8778,165.6660702819936,2,18.018279,True,True,1.430511474609375e-06
8779,165.68452079303097,2,18.403253,True,True,1.430511474609375e-06
8780,165.70295849099057,2,18.390912,True,True,1.430511474609375e-06
8781,165.72129296400817,2,18.288714,True,True,1.430511474609375e-06
8782,165.73990826902445,2,18.565873,True,True,1.430511474609375e-06
8783,165.75807008898119,2,18.119622,True,True,1.430511474609375e-06
8784,165.776261800027,2,18.148482,True,True,1.430511474609375e-06
8785,165.79420283599757,2,17.895248,True,True,1.430511474609375e-06
8786,165.81238294602372,2,18.137166,True,True,1.430511474609375e-06
8787,165.8305775760091,2,18.148929,True,True,1.430511474609375e-06
8788,165.84876386501128,2,18.140332,True,True,1.430511474609375e-06
8789,165.8672646060004,2,18.455929,True,True,1.430511474609375e-06
8790,165.8854808390024,2,18.171026,True,True,1.430511474609375e-06
8791,165.90365866897628,2,18.13762,True,True,1.430511474609375e-06
8792,165.92198049701983,2,18.28072,True,True,1.430511474609375e-06
8793,165.9400548400008,2,18.031813,True,True,1.430511474609375e-06
8794,165.9582047139993,2,18.109786,True,True,1.430511474609375e-06
8795,165.97611604101257,2,17.868611,True,True,1.430511474609375e-06
8796,165.99429673299892,2,18.137478,True,True,1.430511474609375e-06
8797,166.012175647018,2,17.838425,True,True,1.430511474609375e-06
8798,166.0302441859967,2,18.029416,True,True,1.430511474609375e-06
8799,166.05179509101436,2,21.504197,True,True,1.430511474609375e-06
8800,166.078042506997,2,26.138592,True,True,1.430511474609375e-06
8801,166.09688017697772,2,18.757785,True,True,1.430511474609375e-06
8802,166.11513461300638,2,18.192336,True,True,1.430511474609375e-06
8803,166.1332385779824,2,18.054218,True,True,1.430511474609375e-06
8804,166.1512474709889,2,17.959919,True,True,1.430511474609375e-06
8805,166.16975860099774,2,18.458883,True,True,1.430511474609375e-06
8806,166.1877830590238,2,17.968857,True,True,1.430511474609375e-06
8807,166.21781459799968,2,29.985801,True,True,1.430511474609375e-06
8808,166.2365168479737,2,18.598933,True,True,1.430511474609375e-06
8809,166.25476628000615,2,18.184657,True,True,1.430511474609375e-06
8810,166.27273445000174,2,17.919753,True,True,1.430511474609375e-06
8811,166.29088247800246,2,18.09369,True,True,1.430511474609375e-06
8812,166.3092338690185,2,18.299709,True,True,1.430511474609375e-06
8813,166.3274149519857,2,18.133322,True,True,1.430511474609375e-06
8814,166.35594361199765,2,28.480351,True,True,1.430511474609375e-06
8815,166.37424306297908,2,18.228963,True,True,1.430511474609375e-06
8816,166.39257510902826,2,18.277101,True,True,1.430511474609375e-06
8817,166.41071776597528,2,18.09398,True,True,1.430511474609375e-06
8818,166.4289778880193,2,18.193651,True,True,1.430511474609375e-06
8819,166.44711988401832,2,18.049629,True,True,1.430511474609375e-06
8820,166.46523665101267,2,18.062767,True,True,1.430511474609375e-06
8821,166.48338203202002,2,18.088226,True,True,1.430511474609375e-06
8822,166.50152166403132,2,18.092879,True,True,1.430511474609375e-06
8823,166.5193800579873,2,17.808835,True,True,1.430511474609375e-06
8824,166.5377099670004,2,18.282775,True,True,1.430511474609375e-06
8825,166.55632446199888,2,18.513465,True,True,1.430511474609375e-06
8826,166.57501988799777,2,18.603315,True,True,1.430511474609375e-06
8827,166.59350260300562,2,18.41786,True,True,1.430511474609375e-06
8828,166.611926321988,2,18.348944,True,True,1.430511474609375e-06
8829,166.6298469179892,2,17.866819,True,True,1.430511474609375e-06
8830,166.64794573897962,2,18.055126,True,True,1.430511474609375e-06
8831,166.66621382301673,2,18.219742,True,True,1.430511474609375e-06
8832,166.68440690397983,2,18.123454,True,True,1.430511474609375e-06
8833,166.70286629901966,2,18.407311,True,True,1.430511474609375e-06
8834,166.72114873002283,2,18.231857,True,True,1.430511474609375e-06
8835,166.7393511030241,2,18.153212,True,True,1.430511474609375e-06
8836,166.75765536900144,2,18.255905,True,True,1.430511474609375e-06
8837,166.7755722120055,2,17.865902,True,True,1.430511474609375e-06
8838,166.7937155829859,2,18.100894,True,True,1.430511474609375e-06
8839,166.81183967902325,2,18.084066,True,True,1.430511474609375e-06
8840,166.8300491819973,2,18.165638,True,True,1.430511474609375e-06
8841,166.84792113298317,2,17.828835,True,True,1.430511474609375e-06
8842,166.86600666400045,2,18.04281,True,True,1.430511474609375e-06
8843,166.8842566810199,2,18.206638,True,True,1.430511474609375e-06
8844,166.90253750799457,2,18.241076,True,True,1.430511474609375e-06
8845,166.92081361298915,2,18.234582,True,True,1.430511474609375e-06
8846,166.93910941999638,2,18.253295,True,True,1.430511474609375e-06
8847,166.95703944400884,2,17.887099,True,True,1.430511474609375e-06
8848,166.97518839198165,2,18.105415,True,True,1.430511474609375e-06
8849,166.993346637988,2,18.108897,True,True,1.430511474609375e-06
8850,167.01129484700505,2,17.907079,True,True,1.430511474609375e-06
8851,167.02928401500685,2,17.949256,True,True,1.430511474609375e-06
8852,167.050633262028,2,21.308564,True,True,1.430511474609375e-06
8853,167.0778762740083,2,27.142189,True,True,1.430511474609375e-06
8854,167.09629840502748,2,18.338568,True,True,1.430511474609375e-06
8855,167.114584231982,2,18.226993,True,True,1.430511474609375e-06
8856,167.1325142160058,2,17.886972,True,True,1.430511474609375e-06
8857,167.15051117702387,2,17.94771,True,True,1.430511474609375e-06
8858,167.16884036100237,2,18.28391,True,True,1.430511474609375e-06
8859,167.18695246602874,2,18.05824,True,True,1.430511474609375e-06
8860,167.21455575100845,2,27.554028,True,True,1.430511474609375e-06
8861,167.23477267398266,2,20.112899,True,True,1.430511474609375e-06
8862,167.25318205700023,2,18.336021,True,True,1.430511474609375e-06
8863,167.27132334199268,2,18.091989,True,True,1.430511474609375e-06
8864,167.28965065901866,2,18.281638,True,True,1.430511474609375e-06
8865,167.30764468497364,2,17.940321,True,True,1.430511474609375e-06
8866,167.3257184550166,2,18.025943,True,True,1.430511474609375e-06
8867,167.34418953198474,2,18.422762,True,True,1.430511474609375e-06
8868,167.36237464501755,2,18.139167,True,True,1.430511474609375e-06
8869,167.3802705060225,2,17.85219,True,True,1.430511474609375e-06
8870,167.3983157009934,2,18.003622,True,True,1.430511474609375e-06
8871,167.41659295302816,2,18.226168,True,True,1.430511474609375e-06
8872,167.4349060120294,2,18.266936,True,True,1.430511474609375e-06
8873,167.45314546400914,2,18.193108,True,True,1.430511474609375e-06
8874,167.4718220020295,2,18.61655,True,True,1.430511474609375e-06
8875,167.49007322301622,2,18.201593,True,True,1.430511474609375e-06
8876,167.50843571400037,2,18.312516,True,True,1.430511474609375e-06
8877,167.52661679597804,2,18.131967,True,True,1.430511474609375e-06
8878,167.5449992030044,2,18.298833,True,True,1.430511474609375e-06
8879,167.5633316889871,2,18.249903,True,True,1.430511474609375e-06
8880,167.58162327000173,2,18.224488,True,True,1.430511474609375e-06
8881,167.59987885097507,2,18.190258,True,True,1.430511474609375e-06
8882,167.61813034600345,2,18.200122,True,True,1.430511474609375e-06
8883,167.6360826289747,2,17.906103,True,True,1.430511474609375e-06
8884,167.65423692099284,2,18.108452,True,True,1.430511474609375e-06
8885,167.67257530102506,2,18.294754,True,True,1.430511474609375e-06
8886,167.69087341002887,2,18.245102,True,True,1.430511474609375e-06
8887,167.70914162899135,2,18.220033,True,True,1.430511474609375e-06
8888,167.72748893202515,2,18.301882,True,True,1.430511474609375e-06
8889,167.74549415201182,2,17.954448,True,True,1.430511474609375e-06
8890,167.76344266999513,2,17.905406,True,True,1.430511474609375e-06
8891,167.78170347498963,2,18.216568,True,True,1.430511474609375e-06
8892,167.7997858300223,2,18.03814,True,True,1.430511474609375e-06
8893,167.81790210102918,2,18.07299,True,True,1.430511474609375e-06
8894,167.8361804180313,2,18.232439,True,True,1.430511474609375e-06
8895,167.85410492500523,2,17.877926,True,True,1.430511474609375e-06
8896,167.87214521702845,2,17.997218,True,True,1.430511474609375e-06
8897,167.8903444330208,2,18.157061,True,True,1.430511474609375e-06
8898,167.90845209098188,2,18.062392,True,True,1.430511474609375e-06
8899,167.92640570399817,2,17.909902,True,True,1.430511474609375e-06
8900,167.94452970201382,2,18.08428,True,True,1.430511474609375e-06
8901,167.962417238974,2,17.843789,True,True,1.430511474609375e-06
8902,167.9806773919845,2,18.216521,True,True,1.430511474609375e-06
8903,167.99864574201638,2,17.916988,True,True,1.430511474609375e-06
8904,168.01695381000172,2,18.265242,True,True,1.430511474609375e-06
8905,168.035272343026,2,18.27778,True,True,1.430511474609375e-06
8906,168.05345661600586,2,18.141005,True,True,1.430511474609375e-06
8907,168.08197843597736,2,28.476259,True,True,1.430511474609375e-06
8908,168.10214386601,2,20.057282,True,True,1.430511474609375e-06
8909,168.12035428802483,2,18.150198,True,True,1.430511474609375e-06
8910,168.13843368302332,2,18.027734,True,True,1.430511474609375e-06
8911,168.15677692799363,2,18.289389,True,True,1.430511474609375e-06
8912,168.17496877000667,2,18.143554,True,True,1.430511474609375e-06
8913,168.19509277597535,2,20.072097,True,True,1.430511474609375e-06
8914,168.222986289009,2,27.817502,True,True,1.430511474609375e-06
8915,168.2414659120259,2,18.383485,True,True,1.430511474609375e-06
8916,168.26701369602233,2,25.487333,True,True,1.430511474609375e-06
8917,168.2885707420064,2,21.465645,True,True,1.430511474609375e-06
8918,168.30690574197797,2,18.268895,True,True,1.430511474609375e-06
8919,168.32516084698727,2,18.2009,True,True,1.430511474609375e-06
8920,168.34341858699918,2,18.207325,True,True,1.430511474609375e-06
8921,168.36130757298088,2,17.840392,True,True,1.430511474609375e-06
8922,168.37935520801693,2,17.999798,True,True,1.430511474609375e-06
8923,168.3976339030196,2,18.233069,True,True,1.430511474609375e-06
8924,168.4158445529756,2,18.159354,True,True,1.430511474609375e-06
8925,168.43400984501932,2,18.117742,True,True,1.430511474609375e-06
8926,168.45229400799144,2,18.241521,True,True,1.430511474609375e-06
8927,168.47053308598697,2,18.19267,True,True,1.430511474609375e-06
8928,168.48840454599122,2,17.825017,True,True,1.430511474609375e-06
8929,168.50647259003017,2,18.024231,True,True,1.430511474609375e-06
8930,168.52474386797985,2,18.227671,True,True,1.430511474609375e-06
8931,168.54304968297947,2,18.245854,True,True,1.430511474609375e-06
8932,168.56161254202016,2,18.507439,True,True,1.430511474609375e-06
8933,168.5796329129953,2,17.965841,True,True,1.430511474609375e-06
8934,168.5977433270309,2,18.056377,True,True,1.430511474609375e-06
8935,168.61566549201962,2,17.876128,True,True,1.430511474609375e-06
8936,168.6337723780307,2,18.063065,True,True,1.430511474609375e-06
8937,168.65196945599746,2,18.151658,True,True,1.430511474609375e-06
8938,168.6702394550084,2,18.226874,True,True,1.430511474609375e-06
8939,168.68866386200534,2,18.330728,True,True,1.430511474609375e-06
8940,168.7070245500072,2,18.272682,True,True,1.430511474609375e-06
8941,168.7255594729795,2,18.470175,True,True,1.430511474609375e-06
8942,168.74383411899908,2,18.219988,True,True,1.430511474609375e-06
8943,168.7621424079989,2,18.262263,True,True,1.430511474609375e-06
8944,168.78045993798878,2,18.26699,True,True,1.430511474609375e-06
8945,168.7988327119965,2,18.317307,True,True,1.430511474609375e-06
8946,168.8172862129868,2,18.354383,True,True,1.430511474609375e-06
8947,168.8354800720117,2,18.133985,True,True,1.430511474609375e-06
8948,168.85366999701364,2,18.137785,True,True,1.430511474609375e-06
8949,168.87190641101915,2,18.192082,True,True,1.430511474609375e-06
8950,168.88971567101544,2,17.766979,True,True,1.430511474609375e-06
8951,168.90781163598876,2,18.052444,True,True,1.430511474609375e-06
8952,168.92560428497382,2,17.752509,True,True,1.430511474609375e-06
8953,168.94366741500562,2,18.022971,True,True,1.430511474609375e-06
8954,168.9616218500305,2,17.915393,True,True,1.430511474609375e-06
8955,168.97976100299275,2,18.095461,True,True,1.430511474609375e-06
8956,168.99796191998757,2,18.160999,True,True,1.430511474609375e-06
8957,169.01585606398294,2,17.85372,True,True,1.430511474609375e-06
8958,169.0340304010315,2,18.133497,True,True,1.430511474609375e-06
8959,169.05228310002713,2,18.209148,True,True,1.430511474609375e-06
8960,169.08182018302614,2,29.482973,True,True,1.430511474609375e-06
8961,169.10022414301056,2,18.298892,True,True,1.430511474609375e-06
8962,169.11823563202051,2,17.949488,True,True,1.430511474609375e-06
8963,169.13660034100758,2,18.31958,True,True,1.430511474609375e-06
8964,169.154450025002,2,17.799671,True,True,1.430511474609375e-06
8965,169.1725991279818,2,18.104017,True,True,1.430511474609375e-06
8966,169.19086554797832,2,18.214392,True,True,1.430511474609375e-06
8967,169.22053893399425,2,29.626467,True,True,1.430511474609375e-06
8968,169.23922140401555,2,18.573555,True,True,1.430511474609375e-06
8969,169.25754186400445,2,18.252288,True,True,1.430511474609375e-06
8970,169.27586279599927,2,18.269069,True,True,1.430511474609375e-06
8971,169.2960349409841,2,20.123001,True,True,1.430511474609375e-06
8972,169.3156515060109,2,19.491147,True,True,1.430511474609375e-06
8973,169.33466475602472,2,18.884222,True,True,1.430511474609375e-06
8974,169.35294924600748,2,18.183245,True,True,1.430511474609375e-06
8975,169.3715032620239,2,18.492313,True,True,1.430511474609375e-06
8976,169.38977678102674,2,18.223416,True,True,1.430511474609375e-06
8977,169.40798176499084,2,18.15216,True,True,1.430511474609375e-06
8978,169.42623239802197,2,18.1977,True,True,1.430511474609375e-06
8979,169.44444606400793,2,18.166154,True,True,1.430511474609375e-06
8980,169.46275334700476,2,18.261095,True,True,1.430511474609375e-06
8981,169.48100914998213,2,18.201674,True,True,1.430511474609375e-06
8982,169.4992382840137,2,18.180557,True,True,1.430511474609375e-06
8983,169.51721375598572,2,17.924361,True,True,1.430511474609375e-06
8984,169.5365639340016,2,19.292949,True,True,1.430511474609375e-06
8985,169.55515024700435,2,18.494725,True,True,1.430511474609375e-06
8986,169.57347901700996,2,18.268822,True,True,1.430511474609375e-06
8987,169.59195223602,2,18.419372,True,True,1.430511474609375e-06
8988,169.61066450102953,2,18.634031,True,True,1.430511474609375e-06
8989,169.62939507397823,2,18.67522,True,True,1.430511474609375e-06
8990,169.6475756239961,2,18.136162,True,True,1.430511474609375e-06
8991,169.66555728000822,2,17.937778,True,True,1.430511474609375e-06
8992,169.6840171070071,2,18.417981,True,True,1.430511474609375e-06
8993,169.70223178202286,2,18.165649,True,True,1.430511474609375e-06
8994,169.7204148590099,2,18.133022,True,True,1.430511474609375e-06
8995,169.73900945100468,2,18.54764,True,True,1.430511474609375e-06
8996,169.75705210102024,2,17.98869,True,True,1.430511474609375e-06
8997,169.77539939800045,2,18.303004,True,True,1.430511474609375e-06
8998,169.7933288780041,2,17.884711,True,True,1.430511474609375e-06
8999,169.8114182209829,2,18.035043,True,True,1.430511474609375e-06
9000,169.82985092198942,2,18.38822,True,True,1.430511474609375e-06
9001,169.84798059199238,2,18.086128,True,True,1.430511474609375e-06
9002,169.8661032100208,2,18.076295,True,True,1.430511474609375e-06
9003,169.8844271900016,2,18.28143,True,True,1.430511474609375e-06
9004,169.90265784901567,2,18.186408,True,True,1.430511474609375e-06
9005,169.92065241298405,2,17.953684,True,True,1.430511474609375e-06
9006,169.94574854301754,2,25.051764,True,True,1.430511474609375e-06
9007,169.96751204802422,2,21.661774,True,True,1.430511474609375e-06
9008,169.9862057939754,2,18.628354,True,True,1.430511474609375e-06
9009,170.0044162700069,2,18.160233,True,True,1.430511474609375e-06
9010,170.02262616797816,2,18.16608,True,True,1.430511474609375e-06
9011,170.04087356402306,2,18.202125,True,True,1.430511474609375e-06
9012,170.0596210900112,2,18.704838,True,True,1.430511474609375e-06
9013,170.08833947300445,2,28.655761,True,True,1.430511474609375e-06
9014,170.1083279000013,2,19.906609,True,True,1.430511474609375e-06
9015,170.12661593098892,2,18.230683,True,True,1.430511474609375e-06
9016,170.1451966399909,2,18.526646,True,True,1.430511474609375e-06
9017,170.16354881500592,2,18.302403,True,True,1.430511474609375e-06
9018,170.18170547799673,2,18.106716,True,True,1.430511474609375e-06
9019,170.21107624901924,2,29.31364,True,True,1.430511474609375e-06
9020,170.2296708599897,2,18.494553,True,True,1.430511474609375e-06
9021,170.24817949300632,2,18.441281,True,True,1.430511474609375e-06
9022,170.26631478097988,2,18.076961,True,True,1.430511474609375e-06
9023,170.28462401998695,2,18.263005,True,True,1.430511474609375e-06
9024,170.3027369090123,2,18.061938,True,True,1.430511474609375e-06
9025,170.320915106975,2,18.127755,True,True,1.430511474609375e-06
9026,170.33884070400381,2,17.879254,True,True,1.430511474609375e-06
9027,170.35740733199054,2,18.521192,True,True,1.430511474609375e-06
9028,170.3758394140168,2,18.384066,True,True,1.430511474609375e-06
9029,170.39378543599742,2,17.899711,True,True,1.430511474609375e-06
9030,170.41181602602592,2,17.98521,True,True,1.430511474609375e-06
9031,170.42974554997636,2,17.882903,True,True,1.430511474609375e-06
9032,170.4482835609815,2,18.490754,True,True,1.430511474609375e-06
9033,170.46654327202123,2,18.211004,True,True,1.430511474609375e-06
9034,170.48469464998925,2,18.106156,True,True,1.430511474609375e-06
9035,170.50264637201326,2,17.90548,True,True,1.430511474609375e-06
9036,170.52051333198324,2,17.819556,True,True,1.430511474609375e-06
9037,170.5388288149843,2,18.269505,True,True,1.430511474609375e-06
9038,170.55769245297415,2,18.810888,True,True,1.430511474609375e-06
9039,170.57570232299622,2,17.957466,True,True,1.430511474609375e-06
9040,170.59657050302485,2,20.816924,True,True,1.430511474609375e-06
9041,170.6195873169927,2,22.917209,True,True,1.430511474609375e-06
9042,170.6408434070181,2,21.186071,True,True,1.430511474609375e-06
9043,170.65908806497464,2,18.188047,True,True,1.430511474609375e-06
9044,170.67708527401555,2,17.949345,True,True,1.430511474609375e-06
9045,170.69511476397747,2,17.979766,True,True,1.430511474609375e-06
9046,170.71392132597975,2,18.755755,True,True,1.430511474609375e-06
9047,170.7321840400109,2,18.209681,True,True,1.430511474609375e-06
9048,170.75040781899588,2,18.175328,True,True,1.430511474609375e-06
9049,170.76870144699933,2,18.243948,True,True,1.430511474609375e-06
9050,170.78673313901527,2,17.97163,True,True,1.430511474609375e-06
9051,170.80487130599795,2,18.08989,True,True,1.430511474609375e-06
9052,170.82370157097466,2,18.785741,True,True,1.430511474609375e-06
9053,170.841717917996,2,17.959509,True,True,1.430511474609375e-06
9054,170.85965896199923,2,17.892405,True,True,1.430511474609375e-06
9055,170.877884490008,2,18.184642,True,True,1.430511474609375e-06
9056,170.89604249002878,2,18.115507,True,True,1.430511474609375e-06
9057,170.91476867999882,2,18.680312,True,True,1.430511474609375e-06
9058,170.93281908199424,2,18.002638,True,True,1.430511474609375e-06
9059,170.95075607002946,2,17.893622,True,True,1.430511474609375e-06
9060,170.9685838180012,2,17.788051,True,True,1.430511474609375e-06
9061,170.98667368100723,2,18.049569,True,True,1.430511474609375e-06
9062,171.00461821397766,2,17.892736,True,True,1.430511474609375e-06
9063,171.02327668800717,2,18.614913,True,True,1.430511474609375e-06
9064,171.0416075019748,2,18.288891,True,True,1.430511474609375e-06
9065,171.0617807059898,2,20.127804,True,True,1.430511474609375e-06
9066,171.09026460099267,2,28.407549,True,True,1.430511474609375e-06
9067,171.10877074301243,2,18.416634,True,True,1.430511474609375e-06
9068,171.12801167997532,2,19.142809,True,True,1.430511474609375e-06
9069,171.14685831603128,2,18.730329,True,True,1.430511474609375e-06
9070,171.16535626602126,2,18.381659,True,True,1.430511474609375e-06
9071,171.18341861397494,2,17.988563,True,True,1.430511474609375e-06
9072,171.21380812802818,2,30.336966,True,True,1.430511474609375e-06
9073,171.23238772997865,2,18.474725,True,True,1.430511474609375e-06
9074,171.25085397000657,2,18.393847,True,True,1.430511474609375e-06
9075,171.2784526310279,2,27.509973,True,True,1.430511474609375e-06
9076,171.29752214701148,2,18.989415,True,True,1.430511474609375e-06
9077,171.315925900999,2,18.323696,True,True,1.430511474609375e-06
9078,171.33420509198913,2,18.223676,True,True,1.430511474609375e-06
9079,171.35219912498724,2,17.946581,True,True,1.430511474609375e-06
9080,171.37073849199805,2,18.496046,True,True,1.430511474609375e-06
9081,171.38918300997466,2,18.400228,True,True,1.430511474609375e-06
9082,171.40757752698846,2,18.340735,True,True,1.430511474609375e-06
9083,171.42647584102815,2,18.790423,True,True,1.430511474609375e-06
9084,171.44491984299384,2,18.352401,True,True,1.430511474609375e-06
9085,171.46352555201156,2,18.547605,True,True,1.430511474609375e-06
9086,171.48214302503038,2,18.55335,True,True,1.430511474609375e-06
9087,171.5001445239759,2,17.952898,True,True,1.430511474609375e-06
9088,171.51832374400692,2,18.1316,True,True,1.430511474609375e-06
9089,171.53685110301012,2,18.442819,True,True,1.430511474609375e-06
9090,171.55527000501752,2,18.314025,True,True,1.430511474609375e-06
9091,171.574050160998,2,18.720371,True,True,1.430511474609375e-06
9092,171.5927604539902,2,18.656458,True,True,1.430511474609375e-06
9093,171.61110560700763,2,18.28236,True,True,1.430511474609375e-06
9094,171.62928566499613,2,18.129537,True,True,1.430511474609375e-06
9095,171.64711648703087,2,17.781298,True,True,1.430511474609375e-06
9096,171.66561599401757,2,18.451791,True,True,1.430511474609375e-06
9097,171.68400078098057,2,18.33173,True,True,1.430511474609375e-06
9098,171.70220112998504,2,18.141253,True,True,1.430511474609375e-06
9099,171.7206562749925,2,18.39715,True,True,1.430511474609375e-06
9100,171.73885780299315,2,18.146022,True,True,1.430511474609375e-06
9101,171.75705834903056,2,18.148279,True,True,1.430511474609375e-06
9102,171.77591283502989,2,18.799164,True,True,1.430511474609375e-06
9103,171.79424583597574,2,18.264516,True,True,1.430511474609375e-06
9104,171.81219337397488,2,17.899306,True,True,1.430511474609375e-06
9105,171.8302330399747,2,17.98707,True,True,1.430511474609375e-06
9106,171.8481289850315,2,17.85315,True,True,1.430511474609375e-06
9107,171.8665039560292,2,18.331167,True,True,1.430511474609375e-06
9108,171.88450865400955,2,17.960893,True,True,1.430511474609375e-06
9109,171.90247593598906,2,17.924119,True,True,1.430511474609375e-06
9110,171.92049565102207,2,17.974805,True,True,1.430511474609375e-06
9111,171.93863661697833,2,18.099619,True,True,1.430511474609375e-06
9112,171.95676217699656,2,18.079049,True,True,1.430511474609375e-06
9113,171.97555106901564,2,18.744276,True,True,1.430511474609375e-06
9114,171.99384935502894,2,18.247704,True,True,1.430511474609375e-06
9115,172.01205821102485,2,18.167967,True,True,1.430511474609375e-06
9116,172.03014946897747,2,18.047156,True,True,1.430511474609375e-06
9117,172.04809287999524,2,17.903704,True,True,1.430511474609375e-06
9118,172.06681746500544,2,18.677234,True,True,1.430511474609375e-06
9119,172.09918762702728,2,32.309312,True,True,1.430511474609375e-06
9120,172.12266001402168,2,23.337877,True,True,1.430511474609375e-06
9121,172.1442319509806,2,21.452124,True,True,1.430511474609375e-06
9122,172.16238433402032,2,18.076828,True,True,1.430511474609375e-06
9123,172.18071607098682,2,18.272943,True,True,1.430511474609375e-06
9124,172.2018802340026,2,21.110633,True,True,1.430511474609375e-06
9125,172.22933477000333,2,27.390527,True,True,1.430511474609375e-06
9126,172.247939924011,2,18.509925,True,True,1.430511474609375e-06
9127,172.26617837400408,2,18.177638,True,True,1.430511474609375e-06
9128,172.28437255200697,2,18.149247,True,True,1.430511474609375e-06
9129,172.30257508601062,2,18.154903,True,True,1.430511474609375e-06
9130,172.3215016599861,2,18.875374,True,True,1.430511474609375e-06
9131,172.33972258097492,2,18.172009,True,True,1.430511474609375e-06
9132,172.35785432899138,2,18.083928,True,True,1.430511474609375e-06
9133,172.3757928389823,2,17.88975,True,True,1.430511474609375e-06
9134,172.39382821897743,2,17.988938,True,True,1.430511474609375e-06
9135,172.412747726019,2,18.871055,True,True,1.430511474609375e-06
9136,172.4308825089829,2,18.065715,True,True,1.430511474609375e-06
9137,172.4489104200038,2,17.973544,True,True,1.430511474609375e-06
9138,172.46689331298694,2,17.935328,True,True,1.430511474609375e-06
9139,172.48491976299556,2,17.962819,True,True,1.430511474609375e-06
9140,172.50314449699363,2,18.175757,True,True,1.430511474609375e-06
9141,172.5216935549979,2,18.502209,True,True,1.430511474609375e-06
9142,172.53975917602656,2,18.004814,True,True,1.430511474609375e-06
9143,172.558181926026,2,18.367861,True,True,1.430511474609375e-06
9144,172.5764134490164,2,18.176916,True,True,1.430511474609375e-06
9145,172.5946858220268,2,18.204384,True,True,1.430511474609375e-06
9146,172.61381975800032,2,19.067396,True,True,1.430511474609375e-06
9147,172.63197615399258,2,18.098849,True,True,1.430511474609375e-06
9148,172.65004085900728,2,18.015496,True,True,1.430511474609375e-06
9149,172.66782796400366,2,17.742471,True,True,1.430511474609375e-06
9150,172.68597648502328,2,18.106874,True,True,1.430511474609375e-06
9151,172.70417362300213,2,18.134462,True,True,1.430511474609375e-06
9152,172.72216704499442,2,17.943689,True,True,1.430511474609375e-06
9153,172.7402419539867,2,18.024597,True,True,1.430511474609375e-06
9154,172.75853441900108,2,18.243451,True,True,1.430511474609375e-06
9155,172.77649086498423,2,17.911189,True,True,1.430511474609375e-06
9156,172.79448647401296,2,17.95043,True,True,1.430511474609375e-06
9157,172.81261255597929,2,18.083332,True,True,1.430511474609375e-06
9158,172.83086261502467,2,18.200882,True,True,1.430511474609375e-06
9159,172.84903048502747,2,18.124764,True,True,1.430511474609375e-06
9160,172.86719438998261,2,18.119204,True,True,1.430511474609375e-06
9161,172.88506297999993,2,17.824631,True,True,1.430511474609375e-06
9162,172.90315310301958,2,18.050357,True,True,1.430511474609375e-06
9163,172.9211971089826,2,18.004078,True,True,1.430511474609375e-06
9164,172.94659191800747,2,25.354057,True,True,1.430511474609375e-06
9165,172.96856646501692,2,21.887396,True,True,1.430511474609375e-06
9166,172.98682762897806,2,18.201653,True,True,1.430511474609375e-06
9167,173.00503289798507,2,18.157888,True,True,1.430511474609375e-06
9168,173.0234898380004,2,18.410593,True,True,1.430511474609375e-06
9169,173.04161151999142,2,18.079607,True,True,1.430511474609375e-06
9170,173.05982519499958,2,18.174369,True,True,1.430511474609375e-06
9171,173.07977184298215,2,19.904097,True,True,1.430511474609375e-06
9172,173.10809637402417,2,28.259785,True,True,1.430511474609375e-06
9173,173.12657102098456,2,18.378534,True,True,1.430511474609375e-06
9174,173.14503213198623,2,18.396334,True,True,1.430511474609375e-06
9175,173.16300417901948,2,17.911782,True,True,1.430511474609375e-06
9176,173.1810128489742,2,17.959456,True,True,1.430511474609375e-06
9177,173.20936921599787,2,28.300977,True,True,1.430511474609375e-06
9178,173.2297676160233,2,20.298051,True,True,1.430511474609375e-06
9179,173.24820956599433,2,18.37847,True,True,1.430511474609375e-06
9180,173.26640745298937,2,18.142307,True,True,1.430511474609375e-06
9181,173.2846052190289,2,18.150723,True,True,1.430511474609375e-06
9182,173.3032312890282,2,18.578046,True,True,1.430511474609375e-06
9183,173.32141817902448,2,18.141507,True,True,1.430511474609375e-06
9184,173.33966835902538,2,18.199835,True,True,1.430511474609375e-06
9185,173.35782951698638,2,18.115727,True,True,1.430511474609375e-06
9186,173.37569282302866,2,17.819349,True,True,1.430511474609375e-06
9187,173.39378621202195,2,18.052768,True,True,1.430511474609375e-06
9188,173.41192386602052,2,18.087794,True,True,1.430511474609375e-06
9189,173.4301068999921,2,18.136439,True,True,1.430511474609375e-06
9190,173.44829184899572,2,18.144349,True,True,1.430511474609375e-06
9191,173.46656454598997,2,18.223668,True,True,1.430511474609375e-06
9192,173.48453097598394,2,17.911984,True,True,1.430511474609375e-06
9193,173.5024815169745,2,17.902282,True,True,1.430511474609375e-06
9194,173.52069553598994,2,18.166204,True,True,1.430511474609375e-06
9195,173.53885945002548,2,18.115238,True,True,1.430511474609375e-06
9196,173.55747724702815,2,18.56749,True,True,1.430511474609375e-06
9197,173.57594961102586,2,18.370099,True,True,1.430511474609375e-06
9198,173.59444618900307,2,18.41757,True,True,1.430511474609375e-06
9199,173.612413654977,2,17.912785,True,True,1.430511474609375e-06
9200,173.63070479303133,2,18.238444,True,True,1.430511474609375e-06
9201,173.64888453902677,2,18.132531,True,True,1.430511474609375e-06
9202,173.66702237498248,2,18.096572,True,True,1.430511474609375e-06
9203,173.6855713609839,2,18.508387,True,True,1.430511474609375e-06
9204,173.70381155901123,2,18.146651,True,True,1.430511474609375e-06
9205,173.7221434470266,2,18.256105,True,True,1.430511474609375e-06
9206,173.740604799008,2,18.4076,True,True,1.430511474609375e-06
9207,173.75863743101945,2,17.986128,True,True,1.430511474609375e-06
9208,173.77660882897908,2,17.923385,True,True,1.430511474609375e-06
9209,173.79480378801236,2,18.146581,True,True,1.430511474609375e-06
9210,173.81324859400047,2,18.364798,True,True,1.430511474609375e-06
9211,173.83149048499763,2,18.13035,True,True,1.430511474609375e-06
9212,173.84992238902487,2,18.369369,True,True,1.430511474609375e-06
9213,173.86786284402478,2,17.888335,True,True,1.430511474609375e-06
9214,173.885889141995,2,17.982067,True,True,1.430511474609375e-06
9215,173.90400681999745,2,18.075536,True,True,1.430511474609375e-06
9216,173.92219237500103,2,18.137045,True,True,1.430511474609375e-06
9217,173.94032030901872,2,18.085892,True,True,1.430511474609375e-06
9218,173.95851816301,2,18.157292,True,True,1.430511474609375e-06
9219,173.97638752299827,2,17.830685,True,True,1.430511474609375e-06
9220,173.9944890870247,2,18.061393,True,True,1.430511474609375e-06
9221,174.01258485001745,2,18.053295,True,True,1.430511474609375e-06
9222,174.03052236000076,2,17.898169,True,True,1.430511474609375e-06
9223,174.0488796600257,2,18.315738,True,True,1.430511474609375e-06
9224,174.06704041198827,2,18.11817,True,True,1.430511474609375e-06
9225,174.08520778798265,2,18.124028,True,True,1.430511474609375e-06
9226,174.11387802299578,2,28.621104,True,True,1.430511474609375e-06
9227,174.13407129701227,2,20.091419,True,True,1.430511474609375e-06
9228,174.15223726897966,2,18.099816,True,True,1.430511474609375e-06
9229,174.17023946897825,2,17.946536,True,True,1.430511474609375e-06
9230,174.18856477702502,2,18.280516,True,True,1.430511474609375e-06
9231,174.21789864101447,2,29.283242,True,True,1.430511474609375e-06
9232,174.23698088800302,2,18.978081,True,True,1.430511474609375e-06
9233,174.25516072299797,2,18.108505,True,True,1.430511474609375e-06
9234,174.2733071030234,2,18.094818,True,True,1.430511474609375e-06
9235,174.29125386901433,2,17.895267,True,True,1.430511474609375e-06
9236,174.30928629799746,2,17.982597,True,True,1.430511474609375e-06
9237,174.32751822500722,2,18.186517,True,True,1.430511474609375e-06
9238,174.3456802390283,2,18.112194,True,True,1.430511474609375e-06
9239,174.36358496901812,2,17.860336,True,True,1.430511474609375e-06
9240,174.38158304197714,2,17.953848,True,True,1.430511474609375e-06
9241,174.3997492750059,2,18.125373,True,True,1.430511474609375e-06
9242,174.41793871001573,2,18.14467,True,True,1.430511474609375e-06
9243,174.43617395003093,2,18.192671,True,True,1.430511474609375e-06
9244,174.45433858199976,2,18.123353,True,True,1.430511474609375e-06
9245,174.47249974001897,2,18.117931,True,True,1.430511474609375e-06
9246,174.49066700297408,2,18.12004,True,True,1.430511474609375e-06
9247,174.5089709549793,2,18.252892,True,True,1.430511474609375e-06
9248,174.52715988398995,2,18.143629,True,True,1.430511474609375e-06
9249,174.54529109498253,2,18.078241,True,True,1.430511474609375e-06
9250,174.5632467099931,2,17.905339,True,True,1.430511474609375e-06
9251,174.58132157602813,2,18.023944,True,True,1.430511474609375e-06
9252,174.59921882202616,2,17.816437,True,True,1.430511474609375e-06
9253,174.61722236900823,2,17.948446,True,True,1.430511474609375e-06
9254,174.63547715102322,2,18.21026,True,True,1.430511474609375e-06
9255,174.65377140499186,2,18.254769,True,True,1.430511474609375e-06
9256,174.67177850898588,2,17.964712,True,True,1.430511474609375e-06
9257,174.68987750197994,2,18.046814,True,True,1.430511474609375e-06
9258,174.70817035000073,2,18.243953,True,True,1.430511474609375e-06
9259,174.7263514410006,2,18.133533,True,True,1.430511474609375e-06
9260,174.74434465897502,2,17.946983,True,True,1.430511474609375e-06
9261,174.7625571290264,2,18.165988,True,True,1.430511474609375e-06
9262,174.78069001302356,2,18.089058,True,True,1.430511474609375e-06
9263,174.79886815900682,2,18.130785,True,True,1.430511474609375e-06
9264,174.81723490997683,2,18.318269,True,True,1.430511474609375e-06
9265,174.83541677397443,2,18.131189,True,True,1.430511474609375e-06
9266,174.85584494599607,2,20.384343,True,True,1.430511474609375e-06
9267,174.8815672119963,2,25.636832,True,True,1.430511474609375e-06
9268,174.89988042099867,2,18.255692,True,True,1.430511474609375e-06
9269,174.91786894900724,2,17.937982,True,True,1.430511474609375e-06
9270,174.9360191479791,2,18.104437,True,True,1.430511474609375e-06
9271,174.95395487401402,2,17.894643,True,True,1.430511474609375e-06
9272,174.97195560100954,2,17.957569,True,True,1.430511474609375e-06
9273,174.98996477102628,2,17.964137,True,True,1.430511474609375e-06
9274,175.008098144026,2,18.086855,True,True,1.430511474609375e-06
9275,175.02602824103087,2,17.887,True,True,1.430511474609375e-06
9276,175.044009033998,2,17.940145,True,True,1.430511474609375e-06
9277,175.06213050102815,2,18.081782,True,True,1.430511474609375e-06
9278,175.0801464220276,2,17.975385,True,True,1.430511474609375e-06
9279,175.1017825360177,2,21.591257,True,True,1.430511474609375e-06
9280,175.12798747199122,2,26.103228,True,True,1.430511474609375e-06
9281,175.14649815001758,2,18.435142,True,True,1.430511474609375e-06
9282,175.16502283798764,2,18.4637,True,True,1.430511474609375e-06
9283,175.18330966099165,2,18.237486,True,True,1.430511474609375e-06
9284,175.21297611301998,2,29.608475,True,True,1.430511474609375e-06
9285,175.23153871897375,2,18.468511,True,True,1.430511474609375e-06
9286,175.24973803100875,2,18.140556,True,True,1.430511474609375e-06
9287,175.2681169420248,2,18.328188,True,True,1.430511474609375e-06
9288,175.28616937302286,2,18.001609,True,True,1.430511474609375e-06
9289,175.30408832302783,2,17.873035,True,True,1.430511474609375e-06
9290,175.32210095599294,2,17.963105,True,True,1.430511474609375e-06
9291,175.34002217801753,2,17.87305,True,True,1.430511474609375e-06
9292,175.35839146299986,2,18.324675,True,True,1.430511474609375e-06
9293,175.37672840297455,2,18.29,True,True,1.430511474609375e-06
9294,175.39472936099628,2,17.960044,True,True,1.430511474609375e-06
9295,175.41282526002033,2,18.053813,True,True,1.430511474609375e-06
9296,175.4307462470024,2,17.873179,True,True,1.430511474609375e-06
9297,175.4489041090128,2,18.111634,True,True,1.430511474609375e-06
9298,175.46703295299085,2,18.084083,True,True,1.430511474609375e-06
9299,175.4850314130308,2,17.951223,True,True,1.430511474609375e-06
9300,175.50290720298653,2,17.831477,True,True,1.430511474609375e-06
9301,175.52077811199706,2,17.822206,True,True,1.430511474609375e-06
9302,175.53891414398095,2,18.090989,True,True,1.430511474609375e-06
9303,175.55693038902245,2,17.955317,True,True,1.430511474609375e-06
9304,175.57509807799943,2,18.109238,True,True,1.430511474609375e-06
9305,175.59360870497767,2,18.446592,True,True,1.430511474609375e-06
9306,175.61189539299812,2,18.207687,True,True,1.430511474609375e-06
9307,175.63032048102468,2,18.36707,True,True,1.430511474609375e-06
9308,175.6486046250211,2,18.234385,True,True,1.430511474609375e-06
9309,175.6668894350296,2,18.238581,True,True,1.430511474609375e-06
9310,175.6847457580152,2,17.812719,True,True,1.430511474609375e-06
9311,175.70268497802317,2,17.894379,True,True,1.430511474609375e-06
9312,175.72099529003026,2,18.268693,True,True,1.430511474609375e-06
9313,175.73890960001154,2,17.868239,True,True,1.430511474609375e-06
9314,175.75705126899993,2,18.096327,True,True,1.430511474609375e-06
9315,175.77529289200902,2,18.193383,True,True,1.430511474609375e-06
9316,175.79346854198957,2,18.128396,True,True,1.430511474609375e-06
9317,175.811752367008,2,18.239048,True,True,1.430511474609375e-06
9318,175.83021148102125,2,18.392196,True,True,1.430511474609375e-06
9319,175.8484314160305,2,18.159681,True,True,1.430511474609375e-06
9320,175.86641776800388,2,17.924103,True,True,1.430511474609375e-06
9321,175.88451237400295,2,18.045628,True,True,1.430511474609375e-06
9322,175.90267291897908,2,18.115599,True,True,1.430511474609375e-06
9323,175.92060477501946,2,17.882585,True,True,1.430511474609375e-06
9324,175.93865805497626,2,18.01018,True,True,1.430511474609375e-06
9325,175.9569255419774,2,18.199964,True,True,1.430511474609375e-06
9326,175.9751289099804,2,18.155346,True,True,1.430511474609375e-06
9327,175.99352976097725,2,18.354057,True,True,1.430511474609375e-06
9328,176.0118509969907,2,18.278355,True,True,1.430511474609375e-06
9329,176.0300464539905,2,18.154377,True,True,1.430511474609375e-06
9330,176.04817101801746,2,18.085105,True,True,1.430511474609375e-06
9331,176.06650579202687,2,18.292444,True,True,1.430511474609375e-06
9332,176.08467260200996,2,18.122858,True,True,1.430511474609375e-06
9333,176.11299019900616,2,28.268808,True,True,1.430511474609375e-06
9334,176.1331833350123,2,20.096879,True,True,1.430511474609375e-06
9335,176.15162309299922,2,18.368319,True,True,1.430511474609375e-06
9336,176.16991519997828,2,18.236215,True,True,1.430511474609375e-06
9337,176.18805279699154,2,18.078875,True,True,1.430511474609375e-06
9338,176.21722481801407,2,29.120057,True,True,1.430511474609375e-06
9339,176.2361922339769,2,18.865109,True,True,1.430511474609375e-06
9340,176.25457722798456,2,18.320478,True,True,1.430511474609375e-06
9341,176.27259567001602,2,17.95565,True,True,1.430511474609375e-06
9342,176.29063233197667,2,17.990809,True,True,1.430511474609375e-06
9343,176.3085618810146,2,17.881755,True,True,1.430511474609375e-06
9344,176.32663293002406,2,18.027407,True,True,1.430511474609375e-06
9345,176.34481638902798,2,18.130955,True,True,1.430511474609375e-06
9346,176.3632627740153,2,18.380758,True,True,1.430511474609375e-06
9347,176.38137623597868,2,18.035947,True,True,1.430511474609375e-06
9348,176.39990752597805,2,18.465638,True,True,1.430511474609375e-06
9349,176.4184433610062,2,18.426541,True,True,1.430511474609375e-06
9350,176.43692378199194,2,18.387182,True,True,1.430511474609375e-06
9351,176.4549989309744,2,18.004288,True,True,1.430511474609375e-06
9352,176.47314795898274,2,18.094475,True,True,1.430511474609375e-06
9353,176.49136406800244,2,18.163372,True,True,1.430511474609375e-06
9354,176.5096831159899,2,18.262907,True,True,1.430511474609375e-06
9355,176.52818926802138,2,18.421192,True,True,1.430511474609375e-06
9356,176.55356846697396,2,25.279539,True,True,1.430511474609375e-06
9357,176.57506891601952,2,21.407485,True,True,1.430511474609375e-06
9358,176.59316672297427,2,18.041815,True,True,1.430511474609375e-06
9359,176.6112192029832,2,17.992443,True,True,1.430511474609375e-06
9360,176.62954432697734,2,18.275899,True,True,1.430511474609375e-06
9361,176.64775406598346,2,18.155104,True,True,1.430511474609375e-06
9362,176.66591382498154,2,18.115294,True,True,1.430511474609375e-06
9363,176.68427888001315,2,18.319523,True,True,1.430511474609375e-06
9364,176.70247510902118,2,18.146948,True,True,1.430511474609375e-06
9365,176.72062347998144,2,18.103483,True,True,1.430511474609375e-06
9366,176.73908783402294,2,18.420699,True,True,1.430511474609375e-06
9367,176.75732349901227,2,18.188909,True,True,1.430511474609375e-06
9368,176.775477328978,2,18.094361,True,True,1.430511474609375e-06
9369,176.79402631800622,2,18.499202,True,True,1.430511474609375e-06
9370,176.81221008102875,2,18.137983,True,True,1.430511474609375e-06
9371,176.83061227900907,2,18.360204,True,True,1.430511474609375e-06
9372,176.8488986529992,2,18.238871,True,True,1.430511474609375e-06
9373,176.86707943998044,2,18.137502,True,True,1.430511474609375e-06
9374,176.8852340580197,2,18.109247,True,True,1.430511474609375e-06
9375,176.90340999898035,2,18.133594,True,True,1.430511474609375e-06
9376,176.92190920800203,2,18.400712,True,True,1.430511474609375e-06
9377,176.94022479298292,2,18.25221,True,True,1.430511474609375e-06
9378,176.95860880997498,2,18.336895,True,True,1.430511474609375e-06
9379,176.97704628203064,2,18.375729,True,True,1.430511474609375e-06
9380,176.9950751470169,2,17.976159,True,True,1.430511474609375e-06
9381,177.0131565789925,2,18.035939,True,True,1.430511474609375e-06
9382,177.0313008360099,2,18.099723,True,True,1.430511474609375e-06
9383,177.04930207098369,2,17.958476,True,True,1.430511474609375e-06
9384,177.06717804801883,2,17.835416,True,True,1.430511474609375e-06
9385,177.08553633198608,2,18.316577,True,True,1.430511474609375e-06
9386,177.1150682209991,2,29.490113,True,True,1.430511474609375e-06
9387,177.1336746159941,2,18.498282,True,True,1.430511474609375e-06
9388,177.1521643869928,2,18.427654,True,True,1.430511474609375e-06
9389,177.1703701679944,2,18.147315,True,True,1.430511474609375e-06
9390,177.18895819602767,2,18.542389,True,True,1.430511474609375e-06
9391,177.2284338810132,2,39.4247,True,True,1.430511474609375e-06
9392,177.24718080897583,2,18.614613,True,True,1.430511474609375e-06
9393,177.26558300002944,2,18.329101,True,True,1.430511474609375e-06
9394,177.28414830798283,2,18.514592,True,True,1.430511474609375e-06
9395,177.30236777599202,2,18.174076,True,True,1.430511474609375e-06
9396,177.32052644802025,2,18.110625,True,True,1.430511474609375e-06
9397,177.3388811770128,2,18.306449,True,True,1.430511474609375e-06
9398,177.35724791302346,2,18.31913,True,True,1.430511474609375e-06
9399,177.37536325398833,2,18.070232,True,True,1.430511474609375e-06
9400,177.39362673897995,2,18.218748,True,True,1.430511474609375e-06
9401,177.41152744198916,2,17.860078,True,True,1.430511474609375e-06
9402,177.4294783520163,2,17.89606,True,True,1.430511474609375e-06
9403,177.44793324900093,2,18.40828,True,True,1.430511474609375e-06
9404,177.46608900802676,2,18.107213,True,True,1.430511474609375e-06
9405,177.484073960979,2,17.94035,True,True,1.430511474609375e-06
9406,177.50232210598188,2,18.193022,True,True,1.430511474609375e-06
9407,177.5204273959971,2,18.047508,True,True,1.430511474609375e-06
9408,177.53848254098557,2,18.005114,True,True,1.430511474609375e-06
9409,177.55660218698904,2,18.067272,True,True,1.430511474609375e-06
9410,177.5746937280055,2,18.036037,True,True,1.430511474609375e-06
9411,177.5935438250308,2,18.795046,True,True,1.430511474609375e-06
9412,177.61162426898954,2,18.014309,True,True,1.430511474609375e-06
9413,177.629631977994,2,17.963889,True,True,1.430511474609375e-06
9414,177.64799263398163,2,18.315769,True,True,1.430511474609375e-06
9415,177.6661673929775,2,18.131449,True,True,1.430511474609375e-06
9416,177.68403852899792,2,17.830444,True,True,1.430511474609375e-06
9417,177.70247590699,2,18.39629,True,True,1.430511474609375e-06
9418,177.72063758102013,2,18.105014,True,True,1.430511474609375e-06
9419,177.73884875501972,2,18.160647,True,True,1.430511474609375e-06
9420,177.75701923499582,2,18.121334,True,True,1.430511474609375e-06
9421,177.77496892999625,2,17.902811,True,True,1.430511474609375e-06
9422,177.79309711197857,2,18.083332,True,True,1.430511474609375e-06
9423,177.8113273300114,2,18.186221,True,True,1.430511474609375e-06
9424,177.82950203400105,2,18.131062,True,True,1.430511474609375e-06
9425,177.84765335998964,2,18.104799,True,True,1.430511474609375e-06
9426,177.87280857900623,2,25.113606,True,True,1.430511474609375e-06
9427,177.89429104799638,2,21.407274,True,True,1.430511474609375e-06
9428,177.91291036299663,2,18.562878,True,True,1.430511474609375e-06
9429,177.93109890498454,2,18.139087,True,True,1.430511474609375e-06
9430,177.9493020849768,2,18.156609,True,True,1.430511474609375e-06
9431,177.9675079640001,2,18.162515,True,True,1.430511474609375e-06
9432,177.98569899098948,2,18.148291,True,True,1.430511474609375e-06
9433,178.00366396497702,2,17.920502,True,True,1.430511474609375e-06
9434,178.02185629599262,2,18.148327,True,True,1.430511474609375e-06
9435,178.0400950399926,2,18.195767,True,True,1.430511474609375e-06
9436,178.05803567299154,2,17.897088,True,True,1.430511474609375e-06
9437,178.07635422999738,2,18.276887,True,True,1.430511474609375e-06
9438,178.0943686409737,2,17.971164,True,True,1.430511474609375e-06
9439,178.11527414002921,2,20.862399,True,True,1.430511474609375e-06
9440,178.14116387802642,2,25.781024,True,True,1.430511474609375e-06
9441,178.16109877900453,2,19.867275,True,True,1.430511474609375e-06
9442,178.17975653201574,2,18.601949,True,True,1.430511474609375e-06
9443,178.20096633501817,2,21.155686,True,True,1.430511474609375e-06
9444,178.22821069101337,2,27.168048,True,True,1.430511474609375e-06
9445,178.24653787602438,2,18.273857,True,True,1.430511474609375e-06
9446,178.26482648699312,2,18.237395,True,True,1.430511474609375e-06
9447,178.28309012099635,2,18.214765,True,True,1.430511474609375e-06
9448,178.30131336301565,2,18.17961,True,True,1.430511474609375e-06
9449,178.31945530499797,2,18.095732,True,True,1.430511474609375e-06
9450,178.33783295401372,2,18.331381,True,True,1.430511474609375e-06
9451,178.35578753898153,2,17.911208,True,True,1.430511474609375e-06
9452,178.37389929097844,2,18.066551,True,True,1.430511474609375e-06
9453,178.39203657401958,2,18.091267,True,True,1.430511474609375e-06
9454,178.41021955100587,2,18.14131,True,True,1.430511474609375e-06
9455,178.42843986302614,2,18.172616,True,True,1.430511474609375e-06
9456,178.44649022899102,2,18.008675,True,True,1.430511474609375e-06
9457,178.46441172697814,2,17.873273,True,True,1.430511474609375e-06
9458,178.4823665790027,2,17.907703,True,True,1.430511474609375e-06
9459,178.50034465600038,2,17.932406,True,True,1.430511474609375e-06
9460,178.51845515100285,2,18.065032,True,True,1.430511474609375e-06
9461,178.5365467289812,2,18.048704,True,True,1.430511474609375e-06
9462,178.5548134869896,2,18.216618,True,True,1.430511474609375e-06
9463,178.57297384098638,2,18.112174,True,True,1.430511474609375e-06
9464,178.59133061900502,2,18.312281,True,True,1.430511474609375e-06
9465,178.60949449799955,2,18.08838,True,True,1.430511474609375e-06
9466,178.62732183601474,2,17.772708,True,True,1.430511474609375e-06
9467,178.6456321090227,2,18.263671,True,True,1.430511474609375e-06
9468,178.6641379459761,2,18.426554,True,True,1.430511474609375e-06
9469,178.68228454701602,2,18.061796,True,True,1.430511474609375e-06
9470,178.70792940998217,2,25.59364,True,True,1.430511474609375e-06
9471,178.72936041501816,2,21.35581,True,True,1.430511474609375e-06
9472,178.7476870570099,2,18.270685,True,True,1.430511474609375e-06
9473,178.76659274898702,2,18.851496,True,True,1.430511474609375e-06
9474,178.78506511397427,2,18.356318,True,True,1.430511474609375e-06
9475,178.80330298899207,2,18.174758,True,True,1.430511474609375e-06
9476,178.82151290698675,2,18.162586,True,True,1.430511474609375e-06
9477,178.83994391100714,2,18.385232,True,True,1.430511474609375e-06
9478,178.85782921302598,2,17.84,True,True,1.430511474609375e-06
9479,178.87594531697687,2,18.071293,True,True,1.430511474609375e-06
9480,178.89389886602294,2,17.907736,True,True,1.430511474609375e-06
9481,178.91181008698186,2,17.868671,True,True,1.430511474609375e-06
9482,178.92995876300847,2,18.10552,True,True,1.430511474609375e-06
9483,178.9480050340062,2,18.005991,True,True,1.430511474609375e-06
9484,178.96618576999754,2,18.134777,True,True,1.430511474609375e-06
9485,178.98437582299812,2,18.144011,True,True,1.430511474609375e-06
9486,179.00239327497547,2,17.973303,True,True,1.430511474609375e-06
9487,179.02040070097428,2,17.955092,True,True,1.430511474609375e-06
9488,179.0383694759803,2,17.924369,True,True,1.430511474609375e-06
9489,179.05651965201832,2,18.110313,True,True,1.430511474609375e-06
9490,179.0746531250188,2,18.090329,True,True,1.430511474609375e-06
9491,179.0930944380234,2,18.402459,True,True,1.430511474609375e-06
9492,179.11356193502434,2,20.425401,True,True,1.430511474609375e-06
9493,179.14150461700046,2,27.878484,True,True,1.430511474609375e-06
9494,179.15980760502862,2,18.211545,True,True,1.430511474609375e-06
9495,179.17782491800608,2,17.957224,True,True,1.430511474609375e-06
9496,179.1991443040315,2,21.268686,True,True,1.430511474609375e-06
9497,179.22572450200096,2,26.486067,True,True,1.430511474609375e-06
9498,179.24419283500174,2,18.386848,True,True,1.430511474609375e-06
9499,179.2624994519865,2,18.240501,True,True,1.430511474609375e-06
9500,179.28069786401466,2,18.149741,True,True,1.430511474609375e-06
9501,179.29893324099248,2,18.190356,True,True,1.430511474609375e-06
9502,179.31707503600046,2,18.093463,True,True,1.430511474609375e-06
9503,179.33529452298535,2,18.174052,True,True,1.430511474609375e-06
9504,179.35354872897733,2,18.203876,True,True,1.430511474609375e-06
9505,179.37157677998766,2,17.982882,True,True,1.430511474609375e-06
9506,179.38985143200262,2,18.228618,True,True,1.430511474609375e-06
9507,179.40794264001306,2,18.046333,True,True,1.430511474609375e-06
9508,179.42598439601716,2,17.988617,True,True,1.430511474609375e-06
9509,179.44402609899407,2,17.991204,True,True,1.430511474609375e-06
9510,179.4621456930181,2,18.074133,True,True,1.430511474609375e-06
9511,179.4803367269924,2,18.139884,True,True,1.430511474609375e-06
9512,179.49850529799005,2,18.11525,True,True,1.430511474609375e-06
9513,179.51698734302772,2,18.4349,True,True,1.430511474609375e-06
9514,179.53780972701497,2,20.769366,True,True,1.430511474609375e-06
9515,179.56357706000563,2,25.67912,True,True,1.430511474609375e-06
9516,179.58195474097738,2,18.297717,True,True,1.430511474609375e-06
9517,179.6004956670222,2,18.474943,True,True,1.430511474609375e-06
9518,179.61877727200044,2,18.231069,True,True,1.430511474609375e-06
9519,179.63684588699834,2,18.019669,True,True,1.430511474609375e-06
9520,179.6550230589928,2,18.135163,True,True,1.430511474609375e-06
9521,179.67321560002165,2,18.152095,True,True,1.430511474609375e-06
9522,179.69114225101657,2,17.885507,True,True,1.430511474609375e-06
9523,179.70929205499124,2,18.105371,True,True,1.430511474609375e-06
9524,179.7274738670094,2,18.135917,True,True,1.430511474609375e-06
9525,179.74572553799953,2,18.20121,True,True,1.430511474609375e-06
9526,179.76388493197737,2,18.116592,True,True,1.430511474609375e-06
9527,179.78188379399944,2,17.953318,True,True,1.430511474609375e-06
9528,179.80003566801315,2,18.106306,True,True,1.430511474609375e-06
9529,179.81840356299654,2,18.321523,True,True,1.430511474609375e-06
9530,179.83673073799582,2,18.276354,True,True,1.430511474609375e-06
9531,179.85498988599284,2,18.211787,True,True,1.430511474609375e-06
9532,179.8729994869791,2,17.961198,True,True,1.430511474609375e-06
9533,179.89108835998923,2,18.046982,True,True,1.430511474609375e-06
9534,179.90926592901815,2,18.136949,True,True,1.430511474609375e-06
9535,179.92746671300847,2,18.157615,True,True,1.430511474609375e-06
9536,179.94582265598,2,18.311431,True,True,1.430511474609375e-06
9537,179.9639945779927,2,18.129596,True,True,1.430511474609375e-06
9538,179.98246399202617,2,18.427537,True,True,1.430511474609375e-06
9539,180.00087931600865,3,18.360118,True,True,1.430511474609375e-06
9540,180.02651007898385,3,25.587521,True,True,1.430511474609375e-06
9541,180.04492358502466,3,18.347479,True,True,1.430511474609375e-06
9542,180.06326700001955,3,18.294339,True,True,1.430511474609375e-06
9543,180.0814625530038,3,18.149715,True,True,1.430511474609375e-06
9544,180.09981235000305,3,18.305269,True,True,1.430511474609375e-06
9545,180.12913791899337,3,29.276279,True,True,1.430511474609375e-06
9546,180.14786174701294,3,18.622788,True,True,1.430511474609375e-06
9547,180.16646863799542,3,18.5373,True,True,1.430511474609375e-06
9548,180.1847299169749,3,18.207192,True,True,1.430511474609375e-06
9549,180.21357126097428,3,28.785665,True,True,1.430511474609375e-06
9550,180.23382475599647,3,20.139577,True,True,1.430511474609375e-06
9551,180.2520102810231,3,18.117462,True,True,1.430511474609375e-06
9552,180.27000902901636,3,17.937898,True,True,1.430511474609375e-06
9553,180.2882485060254,3,18.191459,True,True,1.430511474609375e-06
9554,180.30623682000441,3,17.939168,True,True,1.430511474609375e-06
9555,180.32456040201942,3,18.27683,True,True,1.430511474609375e-06
9556,180.34296502301004,3,18.355465,True,True,1.430511474609375e-06
9557,180.36113658198155,3,18.124682,True,True,1.430511474609375e-06
9558,180.37899824097985,3,17.817775,True,True,1.430511474609375e-06
9559,180.39692643197486,3,17.883345,True,True,1.430511474609375e-06
9560,180.41519761201926,3,18.229046,True,True,1.430511474609375e-06
9561,180.43317994300742,3,17.93631,True,True,1.430511474609375e-06
9562,180.4512894959771,3,18.064714,True,True,1.430511474609375e-06
9563,180.46921987301903,3,17.890012,True,True,1.430511474609375e-06
9564,180.48730745102512,3,18.046675,True,True,1.430511474609375e-06
9565,180.50548148999223,3,18.10437,True,True,1.430511474609375e-06
9566,180.52345873898594,3,17.923529,True,True,1.430511474609375e-06
9567,180.54159574297955,3,18.084004,True,True,1.430511474609375e-06
9568,180.5600809599855,3,18.43119,True,True,1.430511474609375e-06
9569,180.5780554439989,3,17.9172,True,True,1.430511474609375e-06
9570,180.59613679698668,3,18.024138,True,True,1.430511474609375e-06
9571,180.61855790397385,3,22.36656,True,True,1.430511474609375e-06
9572,180.63691336702323,3,18.289404,True,True,1.430511474609375e-06
9573,180.65506583999377,3,18.10687,True,True,1.430511474609375e-06
9574,180.67293596599484,3,17.828819,True,True,1.430511474609375e-06
9575,180.69090534601128,3,17.927731,True,True,1.430511474609375e-06
9576,180.70904563198565,3,18.094641,True,True,1.430511474609375e-06
9577,180.72704895201605,3,17.955881,True,True,1.430511474609375e-06
9578,180.74522203498054,3,18.12934,True,True,1.430511474609375e-06
9579,180.7633583410061,3,18.092202,True,True,1.430511474609375e-06
9580,180.78158587799408,3,18.183499,True,True,1.430511474609375e-06
9581,180.7998319999897,3,18.198568,True,True,1.430511474609375e-06
9582,180.81775286997436,3,17.878902,True,True,1.430511474609375e-06
9583,180.83601579797687,3,18.218252,True,True,1.430511474609375e-06
9584,180.85420094401343,3,18.139509,True,True,1.430511474609375e-06
9585,180.87253441102803,3,18.291284,True,True,1.430511474609375e-06
9586,180.89072426600615,3,18.143444,True,True,1.430511474609375e-06
9587,180.90896867302945,3,18.202176,True,True,1.430511474609375e-06
9588,180.92701947601745,3,18.00611,True,True,1.430511474609375e-06
9589,180.94534131599357,3,18.280513,True,True,1.430511474609375e-06
9590,180.96359351399587,3,18.211048,True,True,1.430511474609375e-06
9591,180.98169734497787,3,18.061994,True,True,1.430511474609375e-06
9592,180.9999634079868,3,18.220964,True,True,1.430511474609375e-06
9593,181.01835778198438,3,18.344012,True,True,1.430511474609375e-06
9594,181.03691286797402,3,18.452211,True,True,1.430511474609375e-06
9595,181.0555745260208,3,18.571783,True,True,1.430511474609375e-06
9596,181.07377337099751,3,18.143724,True,True,1.430511474609375e-06
9597,181.09168752998812,3,17.869693,True,True,1.430511474609375e-06
9598,181.10970708401874,3,17.974556,True,True,1.430511474609375e-06
9599,181.13044779899064,3,20.693522,True,True,1.430511474609375e-06
9600,181.15854052698705,3,27.992106,True,True,1.430511474609375e-06
9601,181.177092190017,3,18.434614,True,True,1.430511474609375e-06
9602,181.1979144180077,3,20.757472,True,True,1.430511474609375e-06
9603,181.22872205200838,3,30.689999,True,True,1.430511474609375e-06
9604,181.24727945099585,3,18.449411,True,True,1.430511474609375e-06
9605,181.2656672890298,3,18.310613,True,True,1.430511474609375e-06
9606,181.28420516499318,3,18.469271,True,True,1.430511474609375e-06
9607,181.3024612420122,3,18.201497,True,True,1.430511474609375e-06
9608,181.3206327750231,3,18.122386,True,True,1.430511474609375e-06
9609,181.3389248540043,3,18.242281,True,True,1.430511474609375e-06
9610,181.35709020099603,3,18.116251,True,True,1.430511474609375e-06
9611,181.3752602590248,3,18.122644,True,True,1.430511474609375e-06
9612,181.39342437498271,3,18.119406,True,True,1.430511474609375e-06
9613,181.41139899299014,3,17.928445,True,True,1.430511474609375e-06
9614,181.42966113099828,3,18.202557,True,True,1.430511474609375e-06
9615,181.44798409100622,3,18.26355,True,True,1.430511474609375e-06
9616,181.4735587509931,3,25.519168,True,True,1.430511474609375e-06
9617,181.49544480600161,3,21.789925,True,True,1.430511474609375e-06
9618,181.51376037998125,3,18.25355,True,True,1.430511474609375e-06
9619,181.53209551697364,3,18.270637,True,True,1.430511474609375e-06
9620,181.5501014610054,3,17.948827,True,True,1.430511474609375e-06
9621,181.568236496998,3,18.083095,True,True,1.430511474609375e-06
9622,181.58631364500616,3,18.027097,True,True,1.430511474609375e-06
9623,181.60449458099902,3,18.099576,True,True,1.430511474609375e-06
9624,181.622414914018,3,17.867198,True,True,1.430511474609375e-06
9625,181.6404308489873,3,17.963264,True,True,1.430511474609375e-06
9626,181.65894490102073,3,18.470227,True,True,1.430511474609375e-06
9627,181.67703412100673,3,18.044505,True,True,1.430511474609375e-06
9628,181.69506919302512,3,17.990886,True,True,1.430511474609375e-06
9629,181.71314800297841,3,18.032868,True,True,1.430511474609375e-06
9630,181.73134691198356,3,18.15793,True,True,1.430511474609375e-06
9631,181.7496514460072,3,18.259779,True,True,1.430511474609375e-06
9632,181.76789291203022,3,18.197501,True,True,1.430511474609375e-06
9633,181.78610018402105,3,18.163161,True,True,1.430511474609375e-06
9634,181.8039874060196,3,17.845023,True,True,1.430511474609375e-06
9635,181.82863762800116,3,24.607575,True,True,1.430511474609375e-06
9636,181.84705653600395,3,18.33577,True,True,1.430511474609375e-06
9637,181.86533292598324,3,18.212223,True,True,1.430511474609375e-06
9638,181.88356455299072,3,18.185308,True,True,1.430511474609375e-06
9639,181.90172649198212,3,18.116053,True,True,1.430511474609375e-06
9640,181.91992807103088,3,18.158258,True,True,1.430511474609375e-06
9641,181.93812160601374,3,18.150043,True,True,1.430511474609375e-06
9642,181.95610596402548,3,17.93929,True,True,1.430511474609375e-06
9643,181.97427535499446,3,18.125518,True,True,1.430511474609375e-06
9644,181.99242167902412,3,18.106187,True,True,1.430511474609375e-06
9645,182.01032442197902,3,17.861776,True,True,1.430511474609375e-06
9646,182.02844874298899,3,18.082317,True,True,1.430511474609375e-06
9647,182.04658227198524,3,18.089858,True,True,1.430511474609375e-06
9648,182.06473386799917,3,18.109505,True,True,1.430511474609375e-06
9649,182.08331369998632,3,18.536096,True,True,1.430511474609375e-06
9650,182.1016113079968,3,18.251427,True,True,1.430511474609375e-06
9651,182.119831352029,3,18.175115,True,True,1.430511474609375e-06
9652,182.1499944489915,3,30.115162,True,True,1.430511474609375e-06
9653,182.16858470800798,3,18.473241,True,True,1.430511474609375e-06
9654,182.18696161097614,3,18.306538,True,True,1.430511474609375e-06
9655,182.21642951702233,3,29.413665,True,True,1.430511474609375e-06
9656,182.23506505199475,3,18.519066,True,True,1.430511474609375e-06
9657,182.25333401397802,3,18.209826,True,True,1.430511474609375e-06
9658,182.27154529298423,3,18.159952,True,True,1.430511474609375e-06
9659,182.28969754697755,3,18.106217,True,True,1.430511474609375e-06
9660,182.30762272101128,3,17.881312,True,True,1.430511474609375e-06
9661,182.32556887099054,3,17.892608,True,True,1.430511474609375e-06
9662,182.34349738701712,3,17.878937,True,True,1.430511474609375e-06
9663,182.3615131159895,3,17.968099,True,True,1.430511474609375e-06
9664,182.37982634198852,3,18.268839,True,True,1.430511474609375e-06
9665,182.39776179398177,3,17.889238,True,True,1.430511474609375e-06
9666,182.420239027997,3,22.433562,True,True,1.430511474609375e-06
9667,182.43859658698784,3,18.283332,True,True,1.430511474609375e-06
9668,182.4569032759755,3,18.253144,True,True,1.430511474609375e-06
9669,182.4747982560075,3,17.846259,True,True,1.430511474609375e-06
9670,182.4928838040214,3,18.036004,True,True,1.430511474609375e-06
9671,182.5110926409834,3,18.164232,True,True,1.430511474609375e-06
9672,182.52924314397387,3,18.099768,True,True,1.430511474609375e-06
9673,182.54778547002934,3,18.478563,True,True,1.430511474609375e-06
9674,182.56610663002357,3,18.265577,True,True,1.430511474609375e-06
9675,182.58433732000412,3,18.173072,True,True,1.430511474609375e-06
9676,182.6026852549985,3,18.291692,True,True,1.430511474609375e-06
9677,182.62086535297567,3,18.12938,True,True,1.430511474609375e-06
9678,182.6388323060237,3,17.922712,True,True,1.430511474609375e-06
9679,182.65689164900687,3,18.017515,True,True,1.430511474609375e-06
9680,182.67512955097482,3,18.190858,True,True,1.430511474609375e-06
9681,182.69325224100612,3,18.078287,True,True,1.430511474609375e-06
9682,182.71151135797845,3,18.215698,True,True,1.430511474609375e-06
9683,182.72966953000287,3,18.113616,True,True,1.430511474609375e-06
9684,182.74762353597907,3,17.906084,True,True,1.430511474609375e-06
9685,182.7656452159863,3,17.965957,True,True,1.430511474609375e-06
9686,182.7840347699821,3,18.344836,True,True,1.430511474609375e-06
9687,182.8020360909868,3,17.95439,True,True,1.430511474609375e-06
9688,182.8202163769747,3,18.135777,True,True,1.430511474609375e-06
9689,182.83835306501715,3,18.094391,True,True,1.430511474609375e-06
9690,182.85656339098932,3,18.166837,True,True,1.430511474609375e-06
9691,182.8747136699967,3,18.106803,True,True,1.430511474609375e-06
9692,182.8926025609835,3,17.847977,True,True,1.430511474609375e-06
9693,182.91063521697652,3,17.992665,True,True,1.430511474609375e-06
9694,182.92885353701422,3,18.176055,True,True,1.430511474609375e-06
9695,182.94697551097488,3,18.081802,True,True,1.430511474609375e-06
9696,182.96508249500766,3,18.066974,True,True,1.430511474609375e-06
9697,182.98325133603066,3,18.128914,True,True,1.430511474609375e-06
9698,183.00148905301467,3,18.197428,True,True,1.430511474609375e-06
9699,183.02409816900035,3,22.564404,True,True,1.430511474609375e-06
9700,183.04242895002244,3,18.278998,True,True,1.430511474609375e-06
9701,183.0605719590094,3,18.09823,True,True,1.430511474609375e-06
9702,183.0791750830249,3,18.561633,True,True,1.430511474609375e-06
9703,183.09732247598004,3,18.101433,True,True,1.430511474609375e-06
9704,183.11546100699343,3,18.096623,True,True,1.430511474609375e-06
9705,183.1337375579751,3,18.234965,True,True,1.430511474609375e-06
9706,183.1730597760179,3,39.249942,True,True,1.430511474609375e-06
9707,183.19183987699216,3,18.65503,True,True,1.430511474609375e-06
9708,183.22040928300703,3,28.495919,True,True,1.430511474609375e-06
9709,183.24069407500792,3,20.213971,True,True,1.430511474609375e-06
9710,183.2590468340204,3,18.297532,True,True,1.430511474609375e-06
9711,183.27720740099903,3,18.107292,True,True,1.430511474609375e-06
9712,183.29595609300304,3,18.702931,True,True,1.430511474609375e-06
9713,183.31439065898303,3,18.381771,True,True,1.430511474609375e-06
9714,183.33280629402725,3,18.308122,True,True,1.430511474609375e-06
9715,183.35116079403087,3,18.296526,True,True,1.430511474609375e-06
9716,183.36935774597805,3,18.143654,True,True,1.430511474609375e-06
9717,183.38730870798463,3,17.902133,True,True,1.430511474609375e-06
9718,183.40549413801637,3,18.136163,True,True,1.430511474609375e-06
9719,183.42398071597563,3,18.440461,True,True,1.430511474609375e-06
9720,183.4421888020006,3,18.115806,True,True,1.430511474609375e-06
9721,183.46043782198103,3,18.166867,True,True,1.430511474609375e-06
9722,183.47875349997776,3,18.26413,True,True,1.430511474609375e-06
9723,183.4969776989892,3,18.168606,True,True,1.430511474609375e-06
9724,183.51545914402232,3,18.436112,True,True,1.430511474609375e-06
9725,183.53369232901605,3,18.183305,True,True,1.430511474609375e-06
9726,183.5518462039763,3,18.10846,True,True,1.430511474609375e-06
9727,183.57019652501913,3,18.294778,True,True,1.430511474609375e-06
9728,183.5883814379922,3,18.136164,True,True,1.430511474609375e-06
9729,183.60646233602893,3,18.009627,True,True,1.430511474609375e-06
9730,183.6306722650188,3,24.152125,True,True,1.430511474609375e-06
9731,183.64904839301016,3,18.308962,True,True,1.430511474609375e-06
9732,183.66696164000314,3,17.86352,True,True,1.430511474609375e-06
9733,183.68493459600722,3,17.923381,True,True,1.430511474609375e-06
9734,183.70332416100428,3,18.344342,True,True,1.430511474609375e-06
9735,183.7212419990101,3,17.868453,True,True,1.430511474609375e-06
9736,183.7395098460256,3,18.219923,True,True,1.430511474609375e-06
9737,183.75769603200024,3,18.137654,True,True,1.430511474609375e-06
9738,183.77577802498126,3,18.032497,True,True,1.430511474609375e-06
9739,183.796718699974,3,20.889868,True,True,1.430511474609375e-06
9740,183.82278393598972,3,25.989507,True,True,1.430511474609375e-06
9741,183.84097585798008,3,18.130514,True,True,1.430511474609375e-06
9742,183.85916073300177,3,18.130395,True,True,1.430511474609375e-06
9743,183.87735696602613,3,18.151429,True,True,1.430511474609375e-06
9744,183.895542653976,3,18.14275,True,True,1.430511474609375e-06
9745,183.91342477401486,3,17.838719,True,True,1.430511474609375e-06
9746,183.93154276901623,3,18.077664,True,True,1.430511474609375e-06
9747,183.94969148701057,3,18.106472,True,True,1.430511474609375e-06
9748,183.96783831401262,3,18.104532,True,True,1.430511474609375e-06
9749,183.98600235400954,3,18.117718,True,True,1.430511474609375e-06
9750,184.00421280402225,3,18.163234,True,True,1.430511474609375e-06
9751,184.02244819398038,3,18.191855,True,True,1.430511474609375e-06
9752,184.04096734098857,3,18.478623,True,True,1.430511474609375e-06
9753,184.0591545170173,3,18.142858,True,True,1.430511474609375e-06
9754,184.07733268802986,3,18.13687,True,True,1.430511474609375e-06
9755,184.09586257801857,3,18.486156,True,True,1.430511474609375e-06
9756,184.11410955502652,3,18.200949,True,True,1.430511474609375e-06
9757,184.13202474400168,3,17.872579,True,True,1.430511474609375e-06
9758,184.1603008719976,3,28.226844,True,True,1.430511474609375e-06
9759,184.18050462001702,3,20.094611,True,True,1.430511474609375e-06
9760,184.20200727600604,3,21.439923,True,True,1.430511474609375e-06
9761,184.2310447130003,3,28.961905,True,True,1.430511474609375e-06
9762,184.2528786130133,3,21.776526,True,True,1.430511474609375e-06
9763,184.27120950398967,3,18.276098,True,True,1.430511474609375e-06
9764,184.28959628398297,3,18.338537,True,True,1.430511474609375e-06
9765,184.30754356097896,3,17.898855,True,True,1.430511474609375e-06
9766,184.32559222902637,3,17.998587,True,True,1.430511474609375e-06
9767,184.34397715999512,3,18.336754,True,True,1.430511474609375e-06
9768,184.3621791569749,3,18.153821,True,True,1.430511474609375e-06
9769,184.3805356050143,3,18.307104,True,True,1.430511474609375e-06
9770,184.39935779199004,3,18.735263,True,True,1.430511474609375e-06
9771,184.41796515602618,3,18.494969,True,True,1.430511474609375e-06
9772,184.43647045397665,3,18.390758,True,True,1.430511474609375e-06
9773,184.45752686902415,3,20.980318,True,True,1.430511474609375e-06
9774,184.48057630599942,3,22.966059,True,True,1.430511474609375e-06
9775,184.50251727702562,3,21.863509,True,True,1.430511474609375e-06
9776,184.52085841697408,3,18.283645,True,True,1.430511474609375e-06
9777,184.5400039749802,3,19.076788,True,True,1.430511474609375e-06
9778,184.5583709810162,3,18.276377,True,True,1.430511474609375e-06
9779,184.57691264798632,3,18.4699,True,True,1.430511474609375e-06
9780,184.59521899803076,3,18.226907,True,True,1.430511474609375e-06
9781,184.61350811098237,3,18.222541,True,True,1.430511474609375e-06
9782,184.63290884601884,3,19.344891,True,True,1.430511474609375e-06
9783,184.65127673902316,3,18.3123,True,True,1.430511474609375e-06
9784,184.66929156403057,3,17.960976,True,True,1.430511474609375e-06
9785,184.68727942102123,3,17.934427,True,True,1.430511474609375e-06
9786,184.705527625978,3,18.201863,True,True,1.430511474609375e-06
9787,184.72368018800626,3,18.104792,True,True,1.430511474609375e-06
9788,184.74245232198155,3,18.710124,True,True,1.430511474609375e-06
9789,184.76065509399632,3,18.151833,True,True,1.430511474609375e-06
9790,184.77883394400124,3,18.124032,True,True,1.430511474609375e-06
9791,184.79697595298057,3,18.088368,True,True,1.430511474609375e-06
9792,184.82082372898003,3,23.794682,True,True,1.430511474609375e-06
9793,184.8395070389961,3,18.615683,True,True,1.430511474609375e-06
9794,184.85782618401572,3,18.260696,True,True,1.430511474609375e-06
9795,184.87574155197944,3,17.864161,True,True,1.430511474609375e-06
9796,184.89383078401443,3,18.042414,True,True,1.430511474609375e-06
9797,184.91200150101213,3,18.127417,True,True,1.430511474609375e-06
9798,184.93075451801997,3,18.707138,True,True,1.430511474609375e-06
9799,184.94913006102433,3,18.322295,True,True,1.430511474609375e-06
9800,184.96742639597505,3,18.250457,True,True,1.430511474609375e-06
9801,184.98560401902068,3,18.131042,True,True,1.430511474609375e-06
9802,185.00374306202866,3,18.097634,True,True,1.430511474609375e-06
9803,185.0226506839972,3,18.866966,True,True,1.430511474609375e-06
9804,185.04091180302203,3,18.213608,True,True,1.430511474609375e-06
9805,185.05910872900859,3,18.152235,True,True,1.430511474609375e-06
9806,185.07778776600026,3,18.637,True,True,1.430511474609375e-06
9807,185.0958727740217,3,18.044641,True,True,1.430511474609375e-06
9808,185.11456470901612,3,18.646694,True,True,1.430511474609375e-06
9809,185.13284533802653,3,18.230462,True,True,1.430511474609375e-06
9810,185.1606461170013,3,27.750243,True,True,1.430511474609375e-06
9811,185.1815457189805,3,20.791696,True,True,1.430511474609375e-06
9812,185.203279665031,3,21.666864,True,True,1.430511474609375e-06
9813,185.22999810503097,3,26.611913,True,True,1.430511474609375e-06
9814,185.2488170400029,3,18.737006,True,True,1.430511474609375e-06
9815,185.26712421397679,3,18.246397,True,True,1.430511474609375e-06
9816,185.2851899440284,3,18.018604,True,True,1.430511474609375e-06
9817,185.31124936201377,3,26.013468,True,True,1.430511474609375e-06
9818,185.33245113800513,3,21.127695,True,True,1.430511474609375e-06
9819,185.35084638302214,3,18.330525,True,True,1.430511474609375e-06
9820,185.36908188997768,3,18.18459,True,True,1.430511474609375e-06
9821,185.38726224098355,3,18.136801,True,True,1.430511474609375e-06
9822,185.40607807599008,3,18.768671,True,True,1.430511474609375e-06
9823,185.43037408898817,3,24.248582,True,True,1.430511474609375e-06
9824,185.44872936501633,3,18.279557,True,True,1.430511474609375e-06
9825,185.46720241301227,3,18.411146,True,True,1.430511474609375e-06
9826,185.48517015000107,3,17.919874,True,True,1.430511474609375e-06
9827,185.50330306199612,3,18.079238,True,True,1.430511474609375e-06
9828,185.52218187297694,3,18.834287,True,True,1.430511474609375e-06
9829,185.54019626998343,3,17.970027,True,True,1.430511474609375e-06
9830,185.55849125701934,3,18.247867,True,True,1.430511474609375e-06
9831,185.57675241597462,3,18.215247,True,True,1.430511474609375e-06
9832,185.59537523798645,3,18.554688,True,True,1.430511474609375e-06
9833,185.61370504501974,3,18.265409,True,True,1.430511474609375e-06
9834,185.63228918099776,3,18.531961,True,True,1.430511474609375e-06
9835,185.65037681802642,3,18.020658,True,True,1.430511474609375e-06
9836,185.66867473599268,3,18.248805,True,True,1.430511474609375e-06
9837,185.68670479999855,3,17.986499,True,True,1.430511474609375e-06
9838,185.70468420401448,3,17.931126,True,True,1.430511474609375e-06
9839,185.72351593599888,3,18.784239,True,True,1.430511474609375e-06
9840,185.74151964997873,3,17.955088,True,True,1.430511474609375e-06
9841,185.75965121301124,3,18.08692,True,True,1.430511474609375e-06
9842,185.77792001201306,3,18.222986,True,True,1.430511474609375e-06
9843,185.79600093699992,3,18.040069,True,True,1.430511474609375e-06
9844,185.81407928001136,3,18.027075,True,True,1.430511474609375e-06
9845,185.83240513002966,3,18.279849,True,True,1.430511474609375e-06
9846,185.85062524100067,3,18.168126,True,True,1.430511474609375e-06
9847,185.8688422460109,3,18.164645,True,True,1.430511474609375e-06
9848,185.886985019024,3,18.096294,True,True,1.430511474609375e-06
9849,185.9052013590117,3,18.173986,True,True,1.430511474609375e-06
9850,185.9239198070136,3,18.674566,True,True,1.430511474609375e-06
9851,185.94220147503074,3,18.232345,True,True,1.430511474609375e-06
9852,185.9604250540142,3,18.181018,True,True,1.430511474609375e-06
9853,185.97882078500697,3,18.354529,True,True,1.430511474609375e-06
9854,185.9968985110172,3,18.03376,True,True,1.430511474609375e-06
9855,186.01553900400177,3,18.599573,True,True,1.430511474609375e-06
9856,186.0369115389767,3,21.322844,True,True,1.430511474609375e-06
9857,186.05518330598716,3,18.226017,True,True,1.430511474609375e-06
9858,186.07318405498518,3,17.951272,True,True,1.430511474609375e-06
9859,186.09155703900615,3,18.332294,True,True,1.430511474609375e-06
9860,186.10981123900274,3,18.209593,True,True,1.430511474609375e-06
9861,186.1283279749914,3,18.475551,True,True,1.430511474609375e-06
9862,186.15279660501983,3,24.413863,True,True,1.430511474609375e-06
9863,186.18744552199496,3,34.528183,True,True,1.430511474609375e-06
9864,186.21563487499952,3,28.092097,True,True,1.430511474609375e-06
9865,186.23582010599785,3,20.073809,True,True,1.430511474609375e-06
9866,186.25421624199953,3,18.322147,True,True,1.430511474609375e-06
9867,186.27302542101825,3,18.751344,True,True,1.430511474609375e-06
9868,186.2913491060026,3,18.269863,True,True,1.430511474609375e-06
9869,186.30943265499081,3,18.036992,True,True,1.430511474609375e-06
9870,186.32746068300912,3,17.975487,True,True,1.430511474609375e-06
9871,186.3457599870162,3,18.253148,True,True,1.430511474609375e-06
9872,186.36434649000876,3,18.538726,True,True,1.430511474609375e-06
9873,186.38260485499632,3,18.212844,True,True,1.430511474609375e-06
9874,186.40094073902583,3,18.288508,True,True,1.430511474609375e-06
9875,186.41916312801186,3,18.17783,True,True,1.430511474609375e-06
9876,186.4371784920222,3,17.962911,True,True,1.430511474609375e-06
9877,186.45527964102803,3,18.051915,True,True,1.430511474609375e-06
9878,186.47411736601498,3,18.791081,True,True,1.430511474609375e-06
9879,186.49253514700104,3,18.353073,True,True,1.430511474609375e-06
9880,186.51105572999222,3,18.462764,True,True,1.430511474609375e-06
9881,186.52920055401046,3,18.045413,True,True,1.430511474609375e-06
9882,186.54750098101795,3,18.22994,True,True,1.430511474609375e-06
9883,186.56618015601998,3,18.620548,True,True,1.430511474609375e-06
9884,186.58440228097606,3,18.144007,True,True,1.430511474609375e-06
9885,186.60265060601523,3,18.181522,True,True,1.430511474609375e-06
9886,186.62699462397723,3,24.280944,True,True,1.430511474609375e-06
9887,186.64582579099806,3,18.709576,True,True,1.430511474609375e-06
9888,186.66391718602972,3,18.006031,True,True,1.430511474609375e-06
9889,186.68188810598804,3,17.917419,True,True,1.430511474609375e-06
9890,186.69985343399458,3,17.921237,True,True,1.430511474609375e-06
9891,186.7180000540102,3,18.09842,True,True,1.430511474609375e-06
9892,186.7369774209801,3,18.916982,True,True,1.430511474609375e-06
9893,186.75498005998088,3,17.946333,True,True,1.430511474609375e-06
9894,186.77296366798691,3,17.936304,True,True,1.430511474609375e-06
9895,186.7912871169974,3,18.274122,True,True,1.430511474609375e-06
9896,186.80945071799215,3,18.111176,True,True,1.430511474609375e-06
9897,186.82809747598367,3,18.602004,True,True,1.430511474609375e-06
9898,186.8462994620204,3,18.145401,True,True,1.430511474609375e-06
9899,186.8645127619966,3,18.161567,True,True,1.430511474609375e-06
9900,186.88264090102166,3,18.079345,True,True,1.430511474609375e-06
9901,186.90053685900057,3,17.852287,True,True,1.430511474609375e-06
9902,186.91895239701262,3,18.37436,True,True,1.430511474609375e-06
9903,186.9370029370184,3,18.000107,True,True,1.430511474609375e-06
9904,186.955294348998,3,18.242287,True,True,1.430511474609375e-06
9905,186.97338331199717,3,18.040824,True,True,1.430511474609375e-06
9906,186.99133729800815,3,17.907278,True,True,1.430511474609375e-06
9907,187.00925561302574,3,17.877019,True,True,1.430511474609375e-06
9908,187.02812341897516,3,18.819889,True,True,1.430511474609375e-06
9909,187.04632915602997,3,18.15637,True,True,1.430511474609375e-06
9910,187.0644671220216,3,18.092686,True,True,1.430511474609375e-06
9911,187.08273535600165,3,18.224181,True,True,1.430511474609375e-06
9912,187.10094597702846,3,18.168366,True,True,1.430511474609375e-06
9913,187.11962324398337,3,18.633417,True,True,1.430511474609375e-06
9914,187.13791358401068,3,18.246782,True,True,1.430511474609375e-06
9915,187.15590069798054,3,17.941371,True,True,1.430511474609375e-06
9916,187.18547458702233,3,29.495511,True,True,1.430511474609375e-06
9917,187.21374027000275,3,28.15091,True,True,1.430511474609375e-06
9918,187.23784151801374,3,23.993126,True,True,1.430511474609375e-06
9919,187.2562105190009,3,18.302117,True,True,1.430511474609375e-06
9920,187.27453083900036,3,18.260601,True,True,1.430511474609375e-06
9921,187.2931467089802,3,18.56784,True,True,1.430511474609375e-06
9922,187.31103652802994,3,17.843877,True,True,1.430511474609375e-06
9923,187.32972093002172,3,18.637419,True,True,1.430511474609375e-06
9924,187.34796189097688,3,18.179954,True,True,1.430511474609375e-06
9925,187.36620940000284,3,18.196993,True,True,1.430511474609375e-06
9926,187.38454289897345,3,18.289255,True,True,1.430511474609375e-06
9927,187.4027818510076,3,18.196109,True,True,1.430511474609375e-06
9928,187.42142157402122,3,18.595739,True,True,1.430511474609375e-06
9929,187.43961215898162,3,18.131801,True,True,1.430511474609375e-06
9930,187.45798433502205,3,18.322579,True,True,1.430511474609375e-06
9931,187.4759655140224,3,17.933175,True,True,1.430511474609375e-06
9932,187.4940832509892,3,18.074926,True,True,1.430511474609375e-06
9933,187.51230394700542,3,18.175978,True,True,1.430511474609375e-06
9934,187.53088826098246,3,18.535023,True,True,1.430511474609375e-06
9935,187.54919217003044,3,18.253258,True,True,1.430511474609375e-06
9936,187.5676427920116,3,18.402239,True,True,1.430511474609375e-06
9937,187.58593816298526,3,18.228807,True,True,1.430511474609375e-06
9938,187.60438549902756,3,18.365977,True,True,1.430511474609375e-06
9939,187.6230430700234,3,18.596744,True,True,1.430511474609375e-06
9940,187.6414371689898,3,18.339482,True,True,1.430511474609375e-06
9941,187.65976092900382,3,18.272417,True,True,1.430511474609375e-06
9942,187.67771108698798,3,17.903106,True,True,1.430511474609375e-06
9943,187.69577763800044,3,18.02053,True,True,1.430511474609375e-06
9944,187.71373589598807,3,17.910221,True,True,1.430511474609375e-06
9945,187.73191506700823,3,18.131753,True,True,1.430511474609375e-06
9946,187.75013376399875,3,18.173463,True,True,1.430511474609375e-06
9947,187.7683217470185,3,18.138852,True,True,1.430511474609375e-06
9948,187.78645490499912,3,18.089884,True,True,1.430511474609375e-06
9949,187.8045754500199,3,18.072798,True,True,1.430511474609375e-06
9950,187.82311079802457,3,18.493187,True,True,1.430511474609375e-06
9951,187.84429617901333,3,21.137901,True,True,1.430511474609375e-06
9952,187.86270346399397,3,18.348289,True,True,1.430511474609375e-06
9953,187.8808887670166,3,18.136593,True,True,1.430511474609375e-06
9954,187.89910526300082,3,18.17455,True,True,1.430511474609375e-06
9955,187.91753218899248,3,18.383504,True,True,1.430511474609375e-06
9956,187.9356642740313,3,18.086967,True,True,1.430511474609375e-06
9957,187.95364843303105,3,17.939736,True,True,1.430511474609375e-06
9958,187.9719707139884,3,18.281177,True,True,1.430511474609375e-06
9959,187.99023358500563,3,18.209363,True,True,1.430511474609375e-06
9960,188.00819845602382,3,17.916571,True,True,1.430511474609375e-06
9961,188.02630524901906,3,18.062174,True,True,1.430511474609375e-06
9962,188.04456748702796,3,18.220731,True,True,1.430511474609375e-06
9963,188.06984532502247,3,25.234608,True,True,1.430511474609375e-06
9964,188.09164480201434,3,21.727194,True,True,1.430511474609375e-06
9965,188.10972707899055,3,18.032422,True,True,1.430511474609375e-06
9966,188.12787210103124,3,18.098492,True,True,1.430511474609375e-06
9967,188.14640034601325,3,18.487085,True,True,1.430511474609375e-06
9968,188.1681245759828,3,21.677893,True,True,1.430511474609375e-06
9969,188.198388978024,3,30.158272,True,True,1.430511474609375e-06
9970,188.2255667350255,3,27.058817,True,True,1.430511474609375e-06
9971,188.24443167098798,3,18.769688,True,True,1.430511474609375e-06
9972,188.2626899179886,3,18.198121,True,True,1.430511474609375e-06
9973,188.28098366997438,3,18.23468,True,True,1.430511474609375e-06
9974,188.29917837900575,3,18.149979,True,True,1.430511474609375e-06
9975,188.31714334600838,3,17.920513,True,True,1.430511474609375e-06
9976,188.33516972197685,3,17.973468,True,True,1.430511474609375e-06
9977,188.35308666102355,3,17.868898,True,True,1.430511474609375e-06
9978,188.371426962025,3,18.286957,True,True,1.430511474609375e-06
9979,188.389410423988,3,17.933895,True,True,1.430511474609375e-06
9980,188.4075000140001,3,18.045257,True,True,1.430511474609375e-06
9981,188.43146326299757,3,23.920193,True,True,1.430511474609375e-06
9982,188.44982243300183,3,18.290717,True,True,1.430511474609375e-06
9983,188.46783058700385,3,17.953493,True,True,1.430511474609375e-06
9984,188.48608353099553,3,18.20692,True,True,1.430511474609375e-06
9985,188.50452571403002,3,18.391344,True,True,1.430511474609375e-06
9986,188.52259975700872,3,18.020198,True,True,1.430511474609375e-06
9987,188.54067998501705,3,18.035202,True,True,1.430511474609375e-06
9988,188.55864189297426,3,17.910806,True,True,1.430511474609375e-06
9989,188.5767373800045,3,18.040193,True,True,1.430511474609375e-06
9990,188.59507449599914,3,18.286297,True,True,1.430511474609375e-06
9991,188.6132640989963,3,18.139889,True,True,1.430511474609375e-06
9992,188.6312274460215,3,17.916511,True,True,1.430511474609375e-06
9993,188.64935871597845,3,18.085602,True,True,1.430511474609375e-06
9994,188.66730494698277,3,17.901625,True,True,1.430511474609375e-06
9995,188.68548514402937,3,18.134804,True,True,1.430511474609375e-06
9996,188.70383544097422,3,18.301857,True,True,1.430511474609375e-06
9997,188.72189301101025,3,17.997356,True,True,1.430511474609375e-06
9998,188.74032803002046,3,18.386499,True,True,1.430511474609375e-06
9999,188.75866231299005,3,18.243377,True,True,1.430511474609375e-06
10000,188.77712988801068,3,18.362852,True,True,1.430511474609375e-06
10001,188.79534420801792,3,18.15164,True,True,1.430511474609375e-06
10002,188.81355665501906,3,18.156465,True,True,1.430511474609375e-06
10003,188.83181569102453,3,18.215027,True,True,1.430511474609375e-06
10004,188.85003956098808,3,18.176588,True,True,1.430511474609375e-06
10005,188.86859667301178,3,18.506624,True,True,1.430511474609375e-06
10006,188.88720383500913,3,18.490351,True,True,1.430511474609375e-06
10007,188.90524427697528,3,17.976398,True,True,1.430511474609375e-06
10008,188.92330298700836,3,18.011373,True,True,1.430511474609375e-06
10009,188.94134036201285,3,17.993122,True,True,1.430511474609375e-06
10010,188.959233082016,3,17.850577,True,True,1.430511474609375e-06
10011,188.9772449900047,3,17.970611,True,True,1.430511474609375e-06
10012,188.995389461983,3,18.10077,True,True,1.430511474609375e-06
10013,189.0133790220134,3,17.945873,True,True,1.430511474609375e-06
10014,189.03562280302867,3,22.202764,True,True,1.430511474609375e-06
10015,189.053870956006,3,18.1979,True,True,1.430511474609375e-06
10016,189.07210198201938,3,18.184175,True,True,1.430511474609375e-06
10017,189.0900993809919,3,17.955244,True,True,1.430511474609375e-06
10018,189.10839015897363,3,18.248894,True,True,1.430511474609375e-06
10019,189.12664438498905,3,18.20887,True,True,1.430511474609375e-06
10020,189.14447454898618,3,17.790835,True,True,1.430511474609375e-06
10021,189.1653214559774,3,20.800597,True,True,1.430511474609375e-06
10022,189.19236155500403,3,26.937844,True,True,1.430511474609375e-06
10023,189.22268666001037,3,30.233607,True,True,1.430511474609375e-06
10024,189.24118000402814,3,18.396346,True,True,1.430511474609375e-06
10025,189.25935822800966,3,18.119127,True,True,1.430511474609375e-06
10026,189.27738044701982,3,17.967062,True,True,1.430511474609375e-06
10027,189.29551007802365,3,18.08324,True,True,1.430511474609375e-06
10028,189.31362897797953,3,18.075207,True,True,1.430511474609375e-06
10029,189.33187728602206,3,18.200342,True,True,1.430511474609375e-06
10030,189.34976839699084,3,17.843027,True,True,1.430511474609375e-06
10031,189.36780270200688,3,17.988172,True,True,1.430511474609375e-06
10032,189.38559840997914,3,17.753306,True,True,1.430511474609375e-06
10033,189.40368333697552,3,18.043076,True,True,1.430511474609375e-06
10034,189.42190726002445,3,18.181311,True,True,1.430511474609375e-06
10035,189.43980335298693,3,17.845137,True,True,1.430511474609375e-06
10036,189.45804997900268,3,18.200733,True,True,1.430511474609375e-06
10037,189.47593981702812,3,17.842078,True,True,1.430511474609375e-06
10038,189.4939948269748,3,18.013932,True,True,1.430511474609375e-06
10039,189.5119218850159,3,17.882185,True,True,1.430511474609375e-06
10040,189.5299658519798,3,17.999764,True,True,1.430511474609375e-06
10041,189.54820740502328,3,18.189618,True,True,1.430511474609375e-06
10042,189.56638829101576,3,18.134067,True,True,1.430511474609375e-06
10043,189.58472321502632,3,18.282973,True,True,1.430511474609375e-06
10044,189.60278038098477,3,17.983713,True,True,1.430511474609375e-06
10045,189.6206994249951,3,17.869775,True,True,1.430511474609375e-06
10046,189.64323261001846,3,22.483269,True,True,1.430511474609375e-06
10047,189.66150743997423,3,18.224774,True,True,1.430511474609375e-06
10048,189.67982279899297,3,18.270714,True,True,1.430511474609375e-06
10049,189.69808111101156,3,18.217845,True,True,1.430511474609375e-06
10050,189.71629681799095,3,18.166986,True,True,1.430511474609375e-06
10051,189.7346015109797,3,18.246985,True,True,1.430511474609375e-06
10052,189.7602534010075,3,25.588965,True,True,1.430511474609375e-06
10053,189.7814163939911,3,21.094951,True,True,1.430511474609375e-06
10054,189.79976086702663,3,18.294118,True,True,1.430511474609375e-06
10055,189.81798112601973,3,18.167455,True,True,1.430511474609375e-06
10056,189.83615755097708,3,18.133673,True,True,1.430511474609375e-06
10057,189.85466626298148,3,18.464895,True,True,1.430511474609375e-06
10058,189.8728085809853,3,18.096208,True,True,1.430511474609375e-06
10059,189.89084034599364,3,17.984093,True,True,1.430511474609375e-06
10060,189.90929373097606,3,18.4076,True,True,1.430511474609375e-06
10061,189.9272446469986,3,17.904426,True,True,1.430511474609375e-06
10062,189.9452839010046,3,17.994508,True,True,1.430511474609375e-06
10063,189.96363413200015,3,18.310202,True,True,1.430511474609375e-06
10064,189.98179853602778,3,18.123716,True,True,1.430511474609375e-06
10065,189.9998205419979,3,17.980148,True,True,1.430511474609375e-06
10066,190.0177560460288,3,17.891811,True,True,1.430511474609375e-06
10067,190.03565732197603,3,17.85958,True,True,1.430511474609375e-06
10068,190.0537813610281,3,18.080559,True,True,1.430511474609375e-06
10069,190.07192043599207,3,18.09889,True,True,1.430511474609375e-06
10070,190.09021427400876,3,18.250736,True,True,1.430511474609375e-06
10071,190.10842499800492,3,18.171787,True,True,1.430511474609375e-06
10072,190.12636625097366,3,17.900762,True,True,1.430511474609375e-06
10073,190.14445263298694,3,18.045916,True,True,1.430511474609375e-06
10074,190.1628467059927,3,18.348455,True,True,1.430511474609375e-06
10075,190.18448039499344,3,21.575619,True,True,1.430511474609375e-06
10076,190.22241479699733,3,37.830337,True,True,1.430511474609375e-06
10077,190.2464450109983,3,23.905937,True,True,1.430511474609375e-06
10078,190.2646158770076,3,18.101008,True,True,1.430511474609375e-06
10079,190.28276519401697,3,18.087915,True,True,1.430511474609375e-06
10080,190.3009401980089,3,18.123776,True,True,1.430511474609375e-06
10081,190.3188511710032,3,17.864729,True,True,1.430511474609375e-06
10082,190.33705641998677,3,18.152547,True,True,1.430511474609375e-06
10083,190.35525756102288,3,18.148024,True,True,1.430511474609375e-06
10084,190.37321600900032,3,17.906173,True,True,1.430511474609375e-06
10085,190.39143097400665,3,18.167758,True,True,1.430511474609375e-06
10086,190.41251377301523,3,21.0384,True,True,1.430511474609375e-06
10087,190.43806669401238,3,25.47631,True,True,1.430511474609375e-06
10088,190.456447752018,3,18.31836,True,True,1.430511474609375e-06
10089,190.47448373498628,3,17.982909,True,True,1.430511474609375e-06
10090,190.4925783899962,3,18.045691,True,True,1.430511474609375e-06
10091,190.51083206402836,3,18.205122,True,True,1.430511474609375e-06
10092,190.52902263699798,3,18.145479,True,True,1.430511474609375e-06
10093,190.5472133649746,3,18.136896,True,True,1.430511474609375e-06
10094,190.5656297900132,3,18.368694,True,True,1.430511474609375e-06
10095,190.58395418798318,3,18.273928,True,True,1.430511474609375e-06
10096,190.60212808998767,3,18.092598,True,True,1.430511474609375e-06
10097,190.6203026099829,3,18.112222,True,True,1.430511474609375e-06
10098,190.63826401700499,3,17.908747,True,True,1.430511474609375e-06
10099,190.65627889102325,3,17.970672,True,True,1.430511474609375e-06
10100,190.67447096703108,3,18.147487,True,True,1.430511474609375e-06
10101,190.69258079997962,3,18.062259,True,True,1.430511474609375e-06
10102,190.71084029902704,3,18.217073,True,True,1.430511474609375e-06
10103,190.7291102000163,3,18.22062,True,True,1.430511474609375e-06
10104,190.74725888902321,3,18.098842,True,True,1.430511474609375e-06
10105,190.76527264900506,3,17.96341,True,True,1.430511474609375e-06
10106,190.78361366997706,3,18.294304,True,True,1.430511474609375e-06
10107,190.8019143739948,3,18.253907,True,True,1.430511474609375e-06
10108,190.82023367797956,3,18.273524,True,True,1.430511474609375e-06
10109,190.84463548799977,3,24.359644,True,True,1.430511474609375e-06
10110,190.86294341401663,3,18.244296,True,True,1.430511474609375e-06
10111,190.88091550400713,3,17.919978,True,True,1.430511474609375e-06
10112,190.8990461230278,3,18.083729,True,True,1.430511474609375e-06
10113,190.91715428000316,3,18.068103,True,True,1.430511474609375e-06
10114,190.9350835820078,3,17.888714,True,True,1.430511474609375e-06
10115,190.95314370602136,3,18.019712,True,True,1.430511474609375e-06
10116,190.97115243499866,3,17.966692,True,True,1.430511474609375e-06
10117,190.98904638702516,3,17.853651,True,True,1.430511474609375e-06
10118,191.00719293399015,3,18.104857,True,True,1.430511474609375e-06
10119,191.02538462699158,3,18.145905,True,True,1.430511474609375e-06
10120,191.0433417899767,3,17.908653,True,True,1.430511474609375e-06
10121,191.0690432030242,3,25.657918,True,True,1.430511474609375e-06
10122,191.09036736999406,3,21.260663,True,True,1.430511474609375e-06
10123,191.10870575800072,3,18.287196,True,True,1.430511474609375e-06
10124,191.1268630590057,3,18.112171,True,True,1.430511474609375e-06
10125,191.14499296998838,3,18.087088,True,True,1.430511474609375e-06
10126,191.1632240730105,3,18.186486,True,True,1.430511474609375e-06
10127,191.18491299502784,3,21.616371,True,True,1.430511474609375e-06
10128,191.22267565800576,3,37.651784,True,True,1.430511474609375e-06
10129,191.2414854139788,3,18.682738,True,True,1.430511474609375e-06
10130,191.25999172701268,3,18.430319,True,True,1.430511474609375e-06
10131,191.27823219797574,3,18.17002,True,True,1.430511474609375e-06
10132,191.2964601900312,3,18.177819,True,True,1.430511474609375e-06
10133,191.3143270930159,3,17.818931,True,True,1.430511474609375e-06
10134,191.3325278229895,3,18.150148,True,True,1.430511474609375e-06
10135,191.35077851399546,3,18.197725,True,True,1.430511474609375e-06
10136,191.36884663498495,3,18.019121,True,True,1.430511474609375e-06
10137,191.3872953390237,3,18.399888,True,True,1.430511474609375e-06
10138,191.40537595399655,3,18.033222,True,True,1.430511474609375e-06
10139,191.42392925499007,3,18.454778,True,True,1.430511474609375e-06
10140,191.44222918199375,3,18.198423,True,True,1.430511474609375e-06
10141,191.46053276601015,3,18.24039,True,True,1.430511474609375e-06
10142,191.47875992301852,3,18.16721,True,True,1.430511474609375e-06
10143,191.4966743310215,3,17.863594,True,True,1.430511474609375e-06
10144,191.51489922497422,3,18.171316,True,True,1.430511474609375e-06
10145,191.5333107439801,3,18.354496,True,True,1.430511474609375e-06
10146,191.55153039301513,3,18.108959,True,True,1.430511474609375e-06
10147,191.5698178919847,3,18.215264,True,True,1.430511474609375e-06
10148,191.58801846101414,3,18.148695,True,True,1.430511474609375e-06
10149,191.60612502600998,3,18.033493,True,True,1.430511474609375e-06
10150,191.6243145330227,3,18.130536,True,True,1.430511474609375e-06
10151,191.64232282998273,3,17.954365,True,True,1.430511474609375e-06
10152,191.66034106799634,3,17.967297,True,True,1.430511474609375e-06
10153,191.67843462602468,3,18.050266,True,True,1.430511474609375e-06
10154,191.69665354298195,3,18.173675,True,True,1.430511474609375e-06
10155,191.7145603200188,3,17.857086,True,True,1.430511474609375e-06
10156,191.73270566400606,3,18.095412,True,True,1.430511474609375e-06
10157,191.7509040510049,3,18.146527,True,True,1.430511474609375e-06
10158,191.7689553410164,3,17.993663,True,True,1.430511474609375e-06
10159,191.78713945898926,3,18.130945,True,True,1.430511474609375e-06
10160,191.80537264299346,3,18.17949,True,True,1.430511474609375e-06
10161,191.82332879601745,3,17.898076,True,True,1.430511474609375e-06
10162,191.8414609740139,3,18.076301,True,True,1.430511474609375e-06
10163,191.85948459402425,3,17.974657,True,True,1.430511474609375e-06
10164,191.87737738102442,3,17.849496,True,True,1.430511474609375e-06
10165,191.8955296180211,3,18.107135,True,True,1.430511474609375e-06
10166,191.92341532598948,3,27.828447,True,True,1.430511474609375e-06
10167,191.9420783360256,3,18.596316,True,True,1.430511474609375e-06
10168,191.96012629102916,3,17.996291,True,True,1.430511474609375e-06
10169,191.9783217050135,3,18.151193,True,True,1.430511474609375e-06
10170,191.99645307002356,3,18.087318,True,True,1.430511474609375e-06
10171,192.01446750498144,3,17.970376,True,True,1.430511474609375e-06
10172,192.0326027069823,3,18.092773,True,True,1.430511474609375e-06
10173,192.05081289098598,3,18.169848,True,True,1.430511474609375e-06
10174,192.06897721800487,3,18.124135,True,True,1.430511474609375e-06
10175,192.08737829898018,3,18.358503,True,True,1.430511474609375e-06
10176,192.10556197800906,3,18.143592,True,True,1.430511474609375e-06
10177,192.1237084189779,3,18.104074,True,True,1.430511474609375e-06
10178,192.14261577598518,3,18.863227,True,True,1.430511474609375e-06
10179,192.16085987800034,3,18.195394,True,True,1.430511474609375e-06
10180,192.1816620680038,3,20.752155,True,True,1.430511474609375e-06
10181,192.21895980398403,3,37.180068,True,True,1.430511474609375e-06
10182,192.23818120500073,3,19.063862,True,True,1.430511474609375e-06
10183,192.25633410701994,3,18.08231,True,True,1.430511474609375e-06
10184,192.27435481897555,3,17.953833,True,True,1.430511474609375e-06
10185,192.29222984501394,3,17.821444,True,True,1.430511474609375e-06
10186,192.31035326601705,3,18.072528,True,True,1.430511474609375e-06
10187,192.32898510998348,3,18.577413,True,True,1.430511474609375e-06
10188,192.34691091103014,3,17.875598,True,True,1.430511474609375e-06
10189,192.36527536000358,3,18.311846,True,True,1.430511474609375e-06
10190,192.38349554903107,3,18.171636,True,True,1.430511474609375e-06
10191,192.40169670799514,3,18.150694,True,True,1.430511474609375e-06
10192,192.41993427602574,3,18.193735,True,True,1.430511474609375e-06
10193,192.4381185210077,3,18.135996,True,True,1.430511474609375e-06
10194,192.45626839698525,3,18.105013,True,True,1.430511474609375e-06
10195,192.47449542098911,3,18.180816,True,True,1.430511474609375e-06
10196,192.4927063040086,3,18.164535,True,True,1.430511474609375e-06
10197,192.5108595379861,3,18.105403,True,True,1.430511474609375e-06
10198,192.52910171099938,3,18.191122,True,True,1.430511474609375e-06
10199,192.54724756698124,3,18.090233,True,True,1.430511474609375e-06
10200,192.5655069500208,3,18.207724,True,True,1.430511474609375e-06
10201,192.58384541101987,3,18.257532,True,True,1.430511474609375e-06
10202,192.6018422099878,3,17.927885,True,True,1.430511474609375e-06
10203,192.61994025297463,3,18.045292,True,True,1.430511474609375e-06
10204,192.63810633000685,3,18.120792,True,True,1.430511474609375e-06
10205,192.65602251602104,3,17.867663,True,True,1.430511474609375e-06
10206,192.67411111301044,3,18.039681,True,True,1.430511474609375e-06
10207,192.69224961200962,3,18.091489,True,True,1.430511474609375e-06
10208,192.7104448970058,3,18.148396,True,True,1.430511474609375e-06
10209,192.72859435901046,3,18.104563,True,True,1.430511474609375e-06
10210,192.7535212879884,3,24.872363,True,True,1.430511474609375e-06
10211,192.7753826500266,3,21.769265,True,True,1.430511474609375e-06
10212,192.79359151801327,3,18.140941,True,True,1.430511474609375e-06
10213,192.81181002798257,3,18.162623,True,True,1.430511474609375e-06
10214,192.83010234497488,3,18.241058,True,True,1.430511474609375e-06
10215,192.84804272500332,3,17.892308,True,True,1.430511474609375e-06
10216,192.86641275597503,3,18.322049,True,True,1.430511474609375e-06
10217,192.88451096997596,3,18.050949,True,True,1.430511474609375e-06
10218,192.90247730002739,3,17.92102,True,True,1.430511474609375e-06
10219,192.92047632398317,3,17.955162,True,True,1.430511474609375e-06
10220,192.9386511860066,3,18.134177,True,True,1.430511474609375e-06
10221,192.95676712802378,3,18.073097,True,True,1.430511474609375e-06
10222,192.97530594002455,3,18.498501,True,True,1.430511474609375e-06
10223,192.99353326502023,3,18.182001,True,True,1.430511474609375e-06
10224,193.01184057298815,3,18.261121,True,True,1.430511474609375e-06
10225,193.03041185397888,3,18.479212,True,True,1.430511474609375e-06
10226,193.0486719420296,3,18.198132,True,True,1.430511474609375e-06
10227,193.06685540801845,3,18.13672,True,True,1.430511474609375e-06
10228,193.0850132139749,3,18.108812,True,True,1.430511474609375e-06
10229,193.10315167397493,3,18.092125,True,True,1.430511474609375e-06
10230,193.12107200402534,3,17.87879,True,True,1.430511474609375e-06
10231,193.13910184800625,3,17.985374,True,True,1.430511474609375e-06
10232,193.15732083201874,3,18.166992,True,True,1.430511474609375e-06
10233,193.17555629997514,3,18.180795,True,True,1.430511474609375e-06
10234,193.19575476500904,3,20.148356,True,True,1.430511474609375e-06
10235,193.22422636201372,3,28.371459,True,True,1.430511474609375e-06
10236,193.24258427100722,3,18.264453,True,True,1.430511474609375e-06
10237,193.26081302098464,3,18.168503,True,True,1.430511474609375e-06
10238,193.27907583897468,3,18.213983,True,True,1.430511474609375e-06
10239,193.29745603201445,3,18.335379,True,True,1.430511474609375e-06
10240,193.31565941497684,3,18.160038,True,True,1.430511474609375e-06
10241,193.33401797199622,3,18.307723,True,True,1.430511474609375e-06
10242,193.35223228897667,3,18.167212,True,True,1.430511474609375e-06
10243,193.37050523300422,3,18.225809,True,True,1.430511474609375e-06
10244,193.38865002797684,3,18.101808,True,True,1.430511474609375e-06
10245,193.40697718900628,3,18.285112,True,True,1.430511474609375e-06
10246,193.42531133402372,3,18.287714,True,True,1.430511474609375e-06
10247,193.44339161901735,3,18.021148,True,True,1.430511474609375e-06
10248,193.46136221202323,3,17.921677,True,True,1.430511474609375e-06
10249,193.47957983898232,3,18.171192,True,True,1.430511474609375e-06
10250,193.4975401770207,3,17.917267,True,True,1.430511474609375e-06
10251,193.51567320799222,3,18.086254,True,True,1.430511474609375e-06
10252,193.53397523902822,3,18.233658,True,True,1.430511474609375e-06
10253,193.55214157601586,3,18.110878,True,True,1.430511474609375e-06
10254,193.57020013901638,3,18.004906,True,True,1.430511474609375e-06
10255,193.58832089300267,3,18.064061,True,True,1.430511474609375e-06
10256,193.60675711400108,3,18.338242,True,True,1.430511474609375e-06
10257,193.6252821449889,3,18.459762,True,True,1.430511474609375e-06
10258,193.6435018319753,3,18.157305,True,True,1.430511474609375e-06
10259,193.66186098603066,3,18.257814,True,True,1.430511474609375e-06
10260,193.67980561801232,3,17.881457,True,True,1.430511474609375e-06
10261,193.69785411999328,3,18.004726,True,True,1.430511474609375e-06
10262,193.7161419870099,3,18.241812,True,True,1.430511474609375e-06
10263,193.73428992700065,3,18.087607,True,True,1.430511474609375e-06
10264,193.75295819097664,3,18.612122,True,True,1.430511474609375e-06
10265,193.7712480709888,3,18.194216,True,True,1.430511474609375e-06
10266,193.7894988990156,3,18.156773,True,True,1.430511474609375e-06
10267,193.80784361303085,3,18.288671,True,True,1.430511474609375e-06
10268,193.8259892659844,3,18.092758,True,True,1.430511474609375e-06
10269,193.84397952799918,3,17.943078,True,True,1.430511474609375e-06
10270,193.861992028018,3,17.961564,True,True,1.430511474609375e-06
10271,193.8799758949899,3,17.93449,True,True,1.430511474609375e-06
10272,193.8979744890239,3,17.950889,True,True,1.430511474609375e-06
10273,193.91599341202527,3,17.972068,True,True,1.430511474609375e-06
10274,193.93434839101974,3,18.309991,True,True,1.430511474609375e-06
10275,193.95214809302706,3,17.757892,True,True,1.430511474609375e-06
10276,193.9701460910146,3,17.956147,True,True,1.430511474609375e-06
10277,193.98806843097555,3,17.881025,True,True,1.430511474609375e-06
10278,194.0060414429754,3,17.929518,True,True,1.430511474609375e-06
10279,194.0242892570095,3,18.206072,True,True,1.430511474609375e-06
10280,194.04240981402108,3,18.07977,True,True,1.430511474609375e-06
10281,194.06086739897728,3,18.415556,True,True,1.430511474609375e-06
10282,194.07885249098763,3,17.937473,True,True,1.430511474609375e-06
10283,194.09684665402165,3,17.952061,True,True,1.430511474609375e-06
10284,194.11472135200165,3,17.831814,True,True,1.430511474609375e-06
10285,194.13277510902844,3,18.009646,True,True,1.430511474609375e-06
10286,194.1509716110304,3,18.155536,True,True,1.430511474609375e-06
10287,194.16909969499102,3,18.087959,True,True,1.430511474609375e-06
10288,194.18776942999102,3,18.623218,True,True,1.430511474609375e-06
10289,194.21569743199507,3,27.86729,True,True,1.430511474609375e-06
10290,194.23595915798796,3,20.151595,True,True,1.430511474609375e-06
10291,194.25414030998945,3,18.113326,True,True,1.430511474609375e-06
10292,194.2721915480215,3,17.999035,True,True,1.430511474609375e-06
10293,194.29013701499207,3,17.893467,True,True,1.430511474609375e-06
10294,194.30813727597706,3,17.953852,True,True,1.430511474609375e-06
10295,194.3261355709983,3,17.950232,True,True,1.430511474609375e-06
10296,194.3441237389925,3,17.942016,True,True,1.430511474609375e-06
10297,194.36209896299988,3,17.92555,True,True,1.430511474609375e-06
10298,194.38006703997962,3,17.923789,True,True,1.430511474609375e-06
10299,194.39834723703098,3,18.238599,True,True,1.430511474609375e-06
10300,194.41653066599974,3,18.141515,True,True,1.430511474609375e-06
10301,194.43478121701628,3,18.209778,True,True,1.430511474609375e-06
10302,194.45296467799926,3,18.129204,True,True,1.430511474609375e-06
10303,194.4712182690273,3,18.207144,True,True,1.430511474609375e-06
10304,194.4891478859936,3,17.887835,True,True,1.430511474609375e-06
10305,194.50727229600307,3,18.07915,True,True,1.430511474609375e-06
10306,194.52547655499075,3,18.155412,True,True,1.430511474609375e-06
10307,194.54365551000228,3,18.131853,True,True,1.430511474609375e-06
10308,194.56174583599204,3,18.040158,True,True,1.430511474609375e-06
10309,194.57998467498692,3,18.193884,True,True,1.430511474609375e-06
10310,194.59806201799074,3,18.015977,True,True,1.430511474609375e-06
10311,194.61617463902803,3,18.059791,True,True,1.430511474609375e-06
10312,194.63466303999303,3,18.44256,True,True,1.430511474609375e-06
10313,194.65263697400223,3,17.922983,True,True,1.430511474609375e-06
10314,194.67860997800017,3,25.92732,True,True,1.430511474609375e-06
10315,194.6998268510215,3,21.153227,True,True,1.430511474609375e-06
10316,194.71810974902473,3,18.228747,True,True,1.430511474609375e-06
10317,194.7361766420072,3,18.01094,True,True,1.430511474609375e-06
10318,194.75435149797704,3,18.122733,True,True,1.430511474609375e-06
10319,194.7727827380295,3,18.38051,True,True,1.430511474609375e-06
10320,194.79090911202366,3,18.07858,True,True,1.430511474609375e-06
10321,194.80892307299655,3,17.972248,True,True,1.430511474609375e-06
10322,194.8270881579956,3,18.115331,True,True,1.430511474609375e-06
10323,194.8452678170288,3,18.134053,True,True,1.430511474609375e-06
10324,194.863534530974,3,18.221559,True,True,1.430511474609375e-06
10325,194.88186062598834,3,18.280922,True,True,1.430511474609375e-06
10326,194.90000797098037,3,18.105105,True,True,1.430511474609375e-06
10327,194.91791846998967,3,17.869508,True,True,1.430511474609375e-06
10328,194.9360548889963,3,18.090695,True,True,1.430511474609375e-06
10329,194.95419700001366,3,18.100597,True,True,1.430511474609375e-06
10330,194.97251927497564,3,18.28085,True,True,1.430511474609375e-06
10331,194.9908109519747,3,18.247797,True,True,1.430511474609375e-06
10332,195.00873518601293,3,17.883179,True,True,1.430511474609375e-06
10333,195.02690485399216,3,18.128633,True,True,1.430511474609375e-06
10334,195.04511533101322,3,18.157244,True,True,1.430511474609375e-06
10335,195.06304522801656,3,17.883033,True,True,1.430511474609375e-06
10336,195.08129391801776,3,18.204892,True,True,1.430511474609375e-06
10337,195.09917207201943,3,17.837533,True,True,1.430511474609375e-06
10338,195.11732473800657,3,18.112388,True,True,1.430511474609375e-06
10339,195.13543855398893,3,18.072953,True,True,1.430511474609375e-06
10340,195.153644732025,3,18.166702,True,True,1.430511474609375e-06
10341,195.1720293010003,3,18.342699,True,True,1.430511474609375e-06
10342,195.1902895150124,3,18.21012,True,True,1.430511474609375e-06
10343,195.22022631199798,3,29.87662,True,True,1.430511474609375e-06
10344,195.23884180001915,3,18.508677,True,True,1.430511474609375e-06
10345,195.25717251002789,3,18.256331,True,True,1.430511474609375e-06
10346,195.27548868901795,3,18.268237,True,True,1.430511474609375e-06
10347,195.29365180397872,3,18.10821,True,True,1.430511474609375e-06
10348,195.31184241501614,3,18.147269,True,True,1.430511474609375e-06
10349,195.32996404200094,3,18.076163,True,True,1.430511474609375e-06
10350,195.3479559349944,3,17.939851,True,True,1.430511474609375e-06
10351,195.3660422550165,3,18.038447,True,True,1.430511474609375e-06
10352,195.38412719301414,3,18.038853,True,True,1.430511474609375e-06
10353,195.402325846022,3,18.156163,True,True,1.430511474609375e-06
10354,195.4201862650225,3,17.812561,True,True,1.430511474609375e-06
10355,195.4385285450262,3,18.300524,True,True,1.430511474609375e-06
10356,195.45656679902459,3,17.970896,True,True,1.430511474609375e-06
10357,195.4744934560149,3,17.876172,True,True,1.430511474609375e-06
10358,195.4924608769943,3,17.920728,True,True,1.430511474609375e-06
10359,195.5105526309926,3,18.048525,True,True,1.430511474609375e-06
10360,195.5288449319778,3,18.24813,True,True,1.430511474609375e-06
10361,195.54698921000818,3,18.098419,True,True,1.430511474609375e-06
10362,195.56539138802327,3,18.356722,True,True,1.430511474609375e-06
10363,195.58369648602093,3,18.255693,True,True,1.430511474609375e-06
10364,195.60189436702058,3,18.127382,True,True,1.430511474609375e-06
10365,195.6227094180067,3,20.75966,True,True,1.430511474609375e-06
10366,195.6441175970249,3,21.331791,True,True,1.430511474609375e-06
10367,195.66223639802774,3,18.064351,True,True,1.430511474609375e-06
10368,195.6803744439967,3,18.090103,True,True,1.430511474609375e-06
10369,195.698310096981,3,17.891432,True,True,1.430511474609375e-06
10370,195.71653587801848,3,18.180777,True,True,1.430511474609375e-06
10371,195.73467113799416,3,18.09124,True,True,1.430511474609375e-06
10372,195.75270402798196,3,17.986202,True,True,1.430511474609375e-06
10373,195.77081782202004,3,18.067261,True,True,1.430511474609375e-06
10374,195.78880120097892,3,17.934359,True,True,1.430511474609375e-06
10375,195.80699235200882,3,18.146967,True,True,1.430511474609375e-06
10376,195.8251127830008,3,18.075493,True,True,1.430511474609375e-06
10377,195.84360862500034,3,18.448822,True,True,1.430511474609375e-06
10378,195.86202427902026,3,18.366518,True,True,1.430511474609375e-06
10379,195.88026990101207,3,18.192628,True,True,1.430511474609375e-06
10380,195.8984301519813,3,18.115132,True,True,1.430511474609375e-06
10381,195.91672634601127,3,18.251374,True,True,1.430511474609375e-06
10382,195.93507001298713,3,18.299229,True,True,1.430511474609375e-06
10383,195.95327149500372,3,18.160393,True,True,1.430511474609375e-06
10384,195.97186337102903,3,18.547639,True,True,1.430511474609375e-06
10385,195.99006545101292,3,18.155194,True,True,1.430511474609375e-06
10386,196.00821568298852,3,18.107421,True,True,1.430511474609375e-06
10387,196.02626468997914,3,18.00652,True,True,1.430511474609375e-06
10388,196.0443488280289,3,18.033852,True,True,1.430511474609375e-06
10389,196.06273312901612,3,18.341883,True,True,1.430511474609375e-06
10390,196.08100411697524,3,18.224855,True,True,1.430511474609375e-06
10391,196.0995360140223,3,18.471824,True,True,1.430511474609375e-06
10392,196.11750931397546,3,17.921827,True,True,1.430511474609375e-06
10393,196.13560788100585,3,18.053772,True,True,1.430511474609375e-06
10394,196.15384259901475,3,18.194154,True,True,1.430511474609375e-06
10395,196.17187798098894,3,17.9917,True,True,1.430511474609375e-06
10396,196.18995999300387,3,18.025862,True,True,1.430511474609375e-06
10397,196.21937726298347,3,29.359422,True,True,1.430511474609375e-06
10398,196.2377987530199,3,18.314252,True,True,1.430511474609375e-06
10399,196.25601248902967,3,18.143996,True,True,1.430511474609375e-06
10400,196.27396562701324,3,17.903563,True,True,1.430511474609375e-06
10401,196.2921166360029,3,18.100488,True,True,1.430511474609375e-06
10402,196.31006559502566,3,17.901564,True,True,1.430511474609375e-06
10403,196.32834246201674,3,18.233082,True,True,1.430511474609375e-06
10404,196.3544685000088,3,26.031728,True,True,1.430511474609375e-06
10405,196.37584680400323,3,21.261422,True,True,1.430511474609375e-06
10406,196.3944788480294,3,18.56125,True,True,1.430511474609375e-06
10407,196.4127126589883,3,18.185918,True,True,1.430511474609375e-06
10408,196.43071699602297,3,17.95717,True,True,1.430511474609375e-06
10409,196.44916212797398,3,18.394151,True,True,1.430511474609375e-06
10410,196.46783223497914,3,18.568236,True,True,1.430511474609375e-06
10411,196.4861126469914,3,18.211966,True,True,1.430511474609375e-06
10412,196.50463123701047,3,18.469793,True,True,1.430511474609375e-06
10413,196.52275440801168,3,18.067853,True,True,1.430511474609375e-06
10414,196.54112716199597,3,18.306259,True,True,1.430511474609375e-06
10415,196.55958939902484,3,18.37194,True,True,1.430511474609375e-06
10416,196.57801623898558,3,18.365973,True,True,1.430511474609375e-06
10417,196.59642152301967,3,18.319784,True,True,1.430511474609375e-06
10418,196.6146426119958,3,18.134928,True,True,1.430511474609375e-06
10419,196.63280201301677,3,18.099747,True,True,1.430511474609375e-06
10420,196.65074067999376,3,17.892982,True,True,1.430511474609375e-06
10421,196.66876950499136,3,17.982957,True,True,1.430511474609375e-06
10422,196.68697851197794,3,18.163759,True,True,1.430511474609375e-06
10423,196.7051653690287,3,18.136766,True,True,1.430511474609375e-06
10424,196.72357443597866,3,18.365634,True,True,1.430511474609375e-06
10425,196.74182785802986,3,18.207921,True,True,1.430511474609375e-06
10426,196.76000645000022,3,18.134194,True,True,1.430511474609375e-06
10427,196.7780007760157,3,17.949758,True,True,1.430511474609375e-06
10428,196.7960241669789,3,17.97873,True,True,1.430511474609375e-06
10429,196.81428534601582,3,18.214706,True,True,1.430511474609375e-06
10430,196.8325309799984,3,18.197083,True,True,1.430511474609375e-06
10431,196.85057494201465,3,17.998413,True,True,1.430511474609375e-06
10432,196.8687826200039,3,18.156079,True,True,1.430511474609375e-06
10433,196.88682379497914,3,17.991234,True,True,1.430511474609375e-06
10434,196.90497122699162,3,18.103357,True,True,1.430511474609375e-06
10435,196.92283916601446,3,17.82675,True,True,1.430511474609375e-06
10436,196.94096895499388,3,18.090881,True,True,1.430511474609375e-06
10437,196.95912170701195,3,18.109905,True,True,1.430511474609375e-06
10438,196.97697850799887,3,17.816545,True,True,1.430511474609375e-06
10439,196.99512157501886,3,18.100193,True,True,1.430511474609375e-06
10440,197.02079471602337,3,25.61791,True,True,1.430511474609375e-06
10441,197.0421957130311,3,21.334705,True,True,1.430511474609375e-06
10442,197.0602966049919,3,18.047909,True,True,1.430511474609375e-06
10443,197.0786489910097,3,18.303759,True,True,1.430511474609375e-06
10444,197.09691727301106,3,18.223217,True,True,1.430511474609375e-06
10445,197.114767697989,3,17.806938,True,True,1.430511474609375e-06
10446,197.1328700070153,3,18.059761,True,True,1.430511474609375e-06
10447,197.1510919459979,3,18.182637,True,True,1.430511474609375e-06
10448,197.1692751509836,3,18.143474,True,True,1.430511474609375e-06
10449,197.18728783697588,3,17.965895,True,True,1.430511474609375e-06
10450,197.22294094698736,3,35.601291,True,True,1.430511474609375e-06
10451,197.24568694701884,3,22.603237,True,True,1.430511474609375e-06
10452,197.2640237470041,3,18.2527,True,True,1.430511474609375e-06
10453,197.28219114401145,3,18.114428,True,True,1.430511474609375e-06
10454,197.3001671389793,3,17.924327,True,True,1.430511474609375e-06
10455,197.31811915000435,3,17.906477,True,True,1.430511474609375e-06
10456,197.33608084899606,3,17.917082,True,True,1.430511474609375e-06
10457,197.35413623898057,3,18.005493,True,True,1.430511474609375e-06
10458,197.37212856300175,3,17.944881,True,True,1.430511474609375e-06
10459,197.39031121198786,3,18.130842,True,True,1.430511474609375e-06
10460,197.40851475897944,3,18.137696,True,True,1.430511474609375e-06
10461,197.4267057980178,3,18.142754,True,True,1.430511474609375e-06
10462,197.44471789698582,3,17.966318,True,True,1.430511474609375e-06
10463,197.46273232699605,3,17.961053,True,True,1.430511474609375e-06
10464,197.4806268790271,3,17.846803,True,True,1.430511474609375e-06
10465,197.49865883297753,3,17.987565,True,True,1.430511474609375e-06
10466,197.51663784397533,3,17.933489,True,True,1.430511474609375e-06
10467,197.53460970701417,3,17.927569,True,True,1.430511474609375e-06
10468,197.5529719099868,3,18.305557,True,True,1.430511474609375e-06
10469,197.5708917680313,3,17.871844,True,True,1.430511474609375e-06
10470,197.589091627975,3,18.15203,True,True,1.430511474609375e-06
10471,197.60715050197905,3,17.986577,True,True,1.430511474609375e-06
10472,197.6254155979841,3,18.206189,True,True,1.430511474609375e-06
10473,197.64345988200512,3,17.988513,True,True,1.430511474609375e-06
10474,197.6685156970052,3,25.008883,True,True,1.430511474609375e-06
10475,197.69013595202705,3,21.54248,True,True,1.430511474609375e-06
10476,197.70824372797506,3,18.050993,True,True,1.430511474609375e-06
10477,197.72631515399553,3,18.024803,True,True,1.430511474609375e-06
10478,197.7444093649974,3,18.040395,True,True,1.430511474609375e-06
10479,197.76251675299136,3,18.05685,True,True,1.430511474609375e-06
10480,197.78081657201983,3,18.253773,True,True,1.430511474609375e-06
10481,197.79893872502726,3,18.081623,True,True,1.430511474609375e-06
10482,197.8168898129952,3,17.907585,True,True,1.430511474609375e-06
10483,197.83492587099317,3,17.993928,True,True,1.430511474609375e-06
10484,197.85276630200678,3,17.797968,True,True,1.430511474609375e-06
10485,197.87099310097983,3,18.178591,True,True,1.430511474609375e-06
10486,197.8889373720158,3,17.898469,True,True,1.430511474609375e-06
10487,197.9070235870313,3,18.042543,True,True,1.430511474609375e-06
10488,197.9253557160264,3,18.288769,True,True,1.430511474609375e-06
10489,197.94392055697972,3,18.521128,True,True,1.430511474609375e-06
10490,197.96242740098387,3,18.420035,True,True,1.430511474609375e-06
10491,197.98090832598973,3,18.415182,True,True,1.430511474609375e-06
10492,197.99885292397812,3,17.893077,True,True,1.430511474609375e-06
10493,198.01696705800714,3,18.070916,True,True,1.430511474609375e-06
10494,198.03493606601842,3,17.926986,True,True,1.430511474609375e-06
10495,198.0529947319883,3,18.018962,True,True,1.430511474609375e-06
10496,198.07103864999954,3,17.999335,True,True,1.430511474609375e-06
10497,198.08899401902454,3,17.914946,True,True,1.430511474609375e-06
10498,198.10720392002258,3,18.169588,True,True,1.430511474609375e-06
10499,198.12533943197923,3,18.096555,True,True,1.430511474609375e-06
10500,198.14326849102508,3,17.886669,True,True,1.430511474609375e-06
10501,198.16139092401136,3,18.072074,True,True,1.430511474609375e-06
10502,198.17957243300043,3,18.13552,True,True,1.430511474609375e-06
10503,198.201211882988,3,21.585656,True,True,1.430511474609375e-06
10504,198.23030971502885,3,28.990302,True,True,1.430511474609375e-06
10505,198.2587507200078,3,28.338588,True,True,1.430511474609375e-06
10506,198.27722719399026,3,18.387595,True,True,1.430511474609375e-06
10507,198.29557616298553,3,18.281094,True,True,1.430511474609375e-06
10508,198.3138933070004,3,18.270304,True,True,1.430511474609375e-06
10509,198.3320367570268,3,18.101662,True,True,1.430511474609375e-06
10510,198.35021280602086,3,18.132008,True,True,1.430511474609375e-06
10511,198.3686689150054,3,18.408282,True,True,1.430511474609375e-06
10512,198.38659467798425,3,17.879426,True,True,1.430511474609375e-06
10513,198.40474135399563,3,18.100826,True,True,1.430511474609375e-06
10514,198.42300872103078,3,18.215971,True,True,1.430511474609375e-06
10515,198.44094246602617,3,17.892191,True,True,1.430511474609375e-06
10516,198.45899756398285,3,18.009466,True,True,1.430511474609375e-06
10517,198.47692892100895,3,17.88668,True,True,1.430511474609375e-06
10518,198.49518059397815,3,18.206832,True,True,1.430511474609375e-06
10519,198.52027245197678,3,25.03668,True,True,1.430511474609375e-06
10520,198.54201343999011,3,21.655736,True,True,1.430511474609375e-06
10521,198.56050296803005,3,18.377502,True,True,1.430511474609375e-06
10522,198.579081221018,3,18.511465,True,True,1.430511474609375e-06
10523,198.59716032701544,3,18.019172,True,True,1.430511474609375e-06
10524,198.61533893900923,3,18.123072,True,True,1.430511474609375e-06
10525,198.6332848960301,3,17.894955,True,True,1.430511474609375e-06
10526,198.65168174699647,3,18.348644,True,True,1.430511474609375e-06
10527,198.6703150270041,3,18.533619,True,True,1.430511474609375e-06
10528,198.68859299801989,3,18.19008,True,True,1.430511474609375e-06
10529,198.70695197797613,3,18.302935,True,True,1.430511474609375e-06
10530,198.72520637098933,3,18.204687,True,True,1.430511474609375e-06
10531,198.7431453880272,3,17.88942,True,True,1.430511474609375e-06
10532,198.76141270902008,3,18.216043,True,True,1.430511474609375e-06
10533,198.77937724499498,3,17.916255,True,True,1.430511474609375e-06
10534,198.79754770902218,3,18.120302,True,True,1.430511474609375e-06
10535,198.81575175299076,3,18.156073,True,True,1.430511474609375e-06
10536,198.8335286870133,3,17.73017,True,True,1.430511474609375e-06
10537,198.85157615301432,3,18.005433,True,True,1.430511474609375e-06
10538,198.8697853020276,3,18.163409,True,True,1.430511474609375e-06
10539,198.88790299999528,3,18.072669,True,True,1.430511474609375e-06
10540,198.90587092202622,3,17.927691,True,True,1.430511474609375e-06
10541,198.92394327599322,3,18.028655,True,True,1.430511474609375e-06
10542,198.94212312198943,3,18.133533,True,True,1.430511474609375e-06
10543,198.96005120902555,3,17.886937,True,True,1.430511474609375e-06
10544,198.97839911602205,3,18.306478,True,True,1.430511474609375e-06
10545,198.99647194199497,3,18.025461,True,True,1.430511474609375e-06
10546,199.01443425897742,3,17.921626,True,True,1.430511474609375e-06
10547,199.03291066200472,3,18.432283,True,True,1.430511474609375e-06
10548,199.05101878900314,3,18.052527,True,True,1.430511474609375e-06
10549,199.06925262598088,3,18.190808,True,True,1.430511474609375e-06
10550,199.08756504399935,3,18.267528,True,True,1.430511474609375e-06
10551,199.10563865298172,3,18.033246,True,True,1.430511474609375e-06
10552,199.12359284702688,3,17.914607,True,True,1.430511474609375e-06
10553,199.14148687798297,3,17.854368,True,True,1.430511474609375e-06
10554,199.1594095909968,3,17.882758,True,True,1.430511474609375e-06
10555,199.17755343398312,3,18.101111,True,True,1.430511474609375e-06
10556,199.19829153397586,3,20.682348,True,True,1.430511474609375e-06
10557,199.22603114502272,3,27.639508,True,True,1.430511474609375e-06
10558,199.25393236399395,3,27.799582,True,True,1.430511474609375e-06
10559,199.27344961400377,3,19.410883,True,True,1.430511474609375e-06
10560,199.2914412660175,3,17.93099,True,True,1.430511474609375e-06
10561,199.30941250000615,3,17.918023,True,True,1.430511474609375e-06
10562,199.32774408900877,3,18.285881,True,True,1.430511474609375e-06
10563,199.34851279301802,3,20.720649,True,True,1.430511474609375e-06
10564,199.37386096001137,3,25.27077,True,True,1.430511474609375e-06
10565,199.39253525203094,3,18.608141,True,True,1.430511474609375e-06
10566,199.41056984197348,3,17.988287,True,True,1.430511474609375e-06
10567,199.42873110203072,3,18.119242,True,True,1.430511474609375e-06
10568,199.44691869500093,3,18.133372,True,True,1.430511474609375e-06
10569,199.46513964998303,3,18.173426,True,True,1.430511474609375e-06
10570,199.48316861799685,3,17.982172,True,True,1.430511474609375e-06
10571,199.50120946503012,3,17.996999,True,True,1.430511474609375e-06
10572,199.51924404100282,3,17.985957,True,True,1.430511474609375e-06
10573,199.53884956799448,3,19.559816,True,True,1.430511474609375e-06
10574,199.55746721400646,3,18.53803,True,True,1.430511474609375e-06
10575,199.57581171399215,3,18.283939,True,True,1.430511474609375e-06
10576,199.59452644898556,3,18.647903,True,True,1.430511474609375e-06
10577,199.61276042100508,3,18.161495,True,True,1.430511474609375e-06
10578,199.63151760201436,3,18.703844,True,True,1.430511474609375e-06
10579,199.65006733202608,3,18.498616,True,True,1.430511474609375e-06
10580,199.6682657119818,3,18.149533,True,True,1.430511474609375e-06
10581,199.68650555500062,3,18.194221,True,True,1.430511474609375e-06
10582,199.70473880699137,3,18.187771,True,True,1.430511474609375e-06
10583,199.72292171098525,3,18.135697,True,True,1.430511474609375e-06
10584,199.7413717500167,3,18.399087,True,True,1.430511474609375e-06
10585,199.75953102699714,3,18.105422,True,True,1.430511474609375e-06
10586,199.77815871901112,3,18.577474,True,True,1.430511474609375e-06
10587,199.79632397100795,3,18.115128,True,True,1.430511474609375e-06
10588,199.8143608130049,3,17.989648,True,True,1.430511474609375e-06
10589,199.83298200799618,3,18.572875,True,True,1.430511474609375e-06
10590,199.85099244100275,3,17.967919,True,True,1.430511474609375e-06
10591,199.8692168390262,3,18.168972,True,True,1.430511474609375e-06
10592,199.88761883601546,3,18.35522,True,True,1.430511474609375e-06
10593,199.90605411701836,3,18.390928,True,True,1.430511474609375e-06
10594,199.92420979001326,3,18.10788,True,True,1.430511474609375e-06
10595,199.94279228697997,3,18.535004,True,True,1.430511474609375e-06
10596,199.9610155840055,3,18.174559,True,True,1.430511474609375e-06
10597,199.97893107502023,3,17.871899,True,True,1.430511474609375e-06
10598,199.99718190002022,3,18.209333,True,True,1.430511474609375e-06
10599,200.01538030302618,3,18.158221,True,True,1.430511474609375e-06
10600,200.0339949320187,3,18.56869,True,True,1.430511474609375e-06
10601,200.05206543399254,3,18.023258,True,True,1.430511474609375e-06
10602,200.07020173501223,3,18.094462,True,True,1.430511474609375e-06
10603,200.08826160797616,3,18.01722,True,True,1.430511474609375e-06
10604,200.10630181099987,3,17.999652,True,True,1.430511474609375e-06
10605,200.12479339598212,3,18.450169,True,True,1.430511474609375e-06
10606,200.14301704301033,3,18.179013,True,True,1.430511474609375e-06
10607,200.16113266802859,3,18.067738,True,True,1.430511474609375e-06
10608,200.17925727297552,3,18.081656,True,True,1.430511474609375e-06
10609,200.20110993197886,3,21.793456,True,True,1.430511474609375e-06
10610,200.23106246400857,3,29.839371,True,True,1.430511474609375e-06
10611,200.25840083800722,3,27.212843,True,True,1.430511474609375e-06
10612,200.2767248239834,3,18.229162,True,True,1.430511474609375e-06
10613,200.29504650400486,3,18.260017,True,True,1.430511474609375e-06
10614,200.3133904240094,3,18.287881,True,True,1.430511474609375e-06
10615,200.33188150502974,3,18.444329,True,True,1.430511474609375e-06
10616,200.35015501902672,3,18.216174,True,True,1.430511474609375e-06
10617,200.3681157489773,3,17.908954,True,True,1.430511474609375e-06
10618,200.38627599098254,3,18.110712,True,True,1.430511474609375e-06
10619,200.40444945602212,3,18.123316,True,True,1.430511474609375e-06
10620,200.42265306098852,3,18.155702,True,True,1.430511474609375e-06
10621,200.44131378101883,3,18.618279,True,True,1.430511474609375e-06
10622,200.45966936199693,3,18.297494,True,True,1.430511474609375e-06
10623,200.47790379001526,3,18.18275,True,True,1.430511474609375e-06
10624,200.4958197629894,3,17.871079,True,True,1.430511474609375e-06
10625,200.51397527300287,3,18.11215,True,True,1.430511474609375e-06
10626,200.5327652990236,3,18.743607,True,True,1.430511474609375e-06
10627,200.5509516429738,3,18.132552,True,True,1.430511474609375e-06
10628,200.56908634200227,3,18.082401,True,True,1.430511474609375e-06
10629,200.58712789899437,3,17.992708,True,True,1.430511474609375e-06
10630,200.6052684839815,3,18.083345,True,True,1.430511474609375e-06
10631,200.62356372497743,3,18.247335,True,True,1.430511474609375e-06
10632,200.64165528101148,3,18.039618,True,True,1.430511474609375e-06
10633,200.65954190300545,3,17.840283,True,True,1.430511474609375e-06
10634,200.67797555198194,3,18.393211,True,True,1.430511474609375e-06
10635,200.69641144998604,3,18.384839,True,True,1.430511474609375e-06
10636,200.7146102259867,3,18.156612,True,True,1.430511474609375e-06
10637,200.73297132499283,3,18.312449,True,True,1.430511474609375e-06
10638,200.75117317802506,3,18.152557,True,True,1.430511474609375e-06
10639,200.76909733499633,3,17.877198,True,True,1.430511474609375e-06
10640,200.78724525601137,3,18.102896,True,True,1.430511474609375e-06
10641,200.80522273498354,3,17.926508,True,True,1.430511474609375e-06
10642,200.82322129700333,3,17.952921,True,True,1.430511474609375e-06
10643,200.84208901197417,3,18.82515,True,True,1.430511474609375e-06
10644,200.85998719802592,3,17.850325,True,True,1.430511474609375e-06
10645,200.87815002002753,3,18.114384,True,True,1.430511474609375e-06
10646,200.896084884007,3,17.890749,True,True,1.430511474609375e-06
10647,200.9141712479759,3,18.044343,True,True,1.430511474609375e-06
10648,200.93283492699265,3,18.619209,True,True,1.430511474609375e-06
10649,200.9507946340018,3,17.917517,True,True,1.430511474609375e-06
10650,200.96896702301456,3,18.130412,True,True,1.430511474609375e-06
10651,200.986913027009,3,17.902536,True,True,1.430511474609375e-06
10652,201.00501842499943,3,18.060894,True,True,1.430511474609375e-06
10653,201.023222977994,3,18.163479,True,True,1.430511474609375e-06
10654,201.04191112401895,3,18.643272,True,True,1.430511474609375e-06
10655,201.05983919801656,3,17.886353,True,True,1.430511474609375e-06
10656,201.07775761000812,3,17.873183,True,True,1.430511474609375e-06
10657,201.09560919797514,3,17.809935,True,True,1.430511474609375e-06
10658,201.11359333002474,3,17.940017,True,True,1.430511474609375e-06
10659,201.13198520400329,3,18.348771,True,True,1.430511474609375e-06
10660,201.15025029802928,3,18.219847,True,True,1.430511474609375e-06
10661,201.16820243099937,3,17.91041,True,True,1.430511474609375e-06
10662,201.18652098899474,3,18.255214,True,True,1.430511474609375e-06
10663,201.2143880520016,3,27.804483,True,True,1.430511474609375e-06
10664,201.2357909869752,3,21.294622,True,True,1.430511474609375e-06
10665,201.26672420901014,3,30.862073,True,True,1.430511474609375e-06
10666,201.29438327503158,3,27.543544,True,True,1.430511474609375e-06
10667,201.3129844510113,3,18.51481,True,True,1.430511474609375e-06
10668,201.33099065499846,3,17.951654,True,True,1.430511474609375e-06
10669,201.349979755003,3,18.936298,True,True,1.430511474609375e-06
10670,201.369486746029,3,19.378039,True,True,1.430511474609375e-06
10671,201.3896068970207,3,19.993357,True,True,1.430511474609375e-06
10672,201.40849529602565,3,18.762615,True,True,1.430511474609375e-06
10673,201.42669182101963,3,18.093462,True,True,1.430511474609375e-06
10674,201.4448521619779,3,18.094433,True,True,1.430511474609375e-06
10675,201.46326706802938,3,18.358453,True,True,1.430511474609375e-06
10676,201.48191787098767,3,18.601845,True,True,1.430511474609375e-06
10677,201.50002167403,3,18.050123,True,True,1.430511474609375e-06
10678,201.51829560898477,3,18.222672,True,True,1.430511474609375e-06
10679,201.5370255939779,3,18.617131,True,True,1.430511474609375e-06
10680,201.55520257301396,3,18.098587,True,True,1.430511474609375e-06
10681,201.57398264302174,3,18.704439,True,True,1.430511474609375e-06
10682,201.59274513000855,3,18.700302,True,True,1.430511474609375e-06
10683,201.61076409800444,3,17.948067,True,True,1.430511474609375e-06
10684,201.62892296398059,3,18.103818,True,True,1.430511474609375e-06
10685,201.6468353769742,3,17.862477,True,True,1.430511474609375e-06
10686,201.6648579169996,3,17.976295,True,True,1.430511474609375e-06
10687,201.68369693198474,3,18.796097,True,True,1.430511474609375e-06
10688,201.70154598500812,3,17.807387,True,True,1.430511474609375e-06
10689,201.7196996010025,3,18.113533,True,True,1.430511474609375e-06
10690,201.73766468599206,3,17.918343,True,True,1.430511474609375e-06
10691,201.75559390097624,3,17.885919,True,True,1.430511474609375e-06
10692,201.77434273797553,3,18.705272,True,True,1.430511474609375e-06
10693,201.79229139501695,3,17.900003,True,True,1.430511474609375e-06
10694,201.8113055760041,3,18.965735,True,True,1.430511474609375e-06
10695,201.82972280099057,3,18.363028,True,True,1.430511474609375e-06
10696,201.84803403902333,3,18.262268,True,True,1.430511474609375e-06
10697,201.8660099519766,3,17.931968,True,True,1.430511474609375e-06
10698,201.8847923920257,3,18.730826,True,True,1.430511474609375e-06
10699,201.90301989403088,3,18.178701,True,True,1.430511474609375e-06
10700,201.92101152200485,3,17.947357,True,True,1.430511474609375e-06
10701,201.93939506000606,3,18.337498,True,True,1.430511474609375e-06
10702,201.9573097039829,3,17.868481,True,True,1.430511474609375e-06
10703,201.97590026102262,3,18.545553,True,True,1.430511474609375e-06
10704,201.99401611101348,3,18.074625,True,True,1.430511474609375e-06
10705,202.01199980801903,3,17.931845,True,True,1.430511474609375e-06
10706,202.03001694602426,3,17.973242,True,True,1.430511474609375e-06
10707,202.04815122997388,3,18.090703,True,True,1.430511474609375e-06
10708,202.06631475000177,3,18.123659,True,True,1.430511474609375e-06
10709,202.08483147597872,3,18.474566,True,True,1.430511474609375e-06
10710,202.10298039700137,3,18.103937,True,True,1.430511474609375e-06
10711,202.12104378902586,3,18.023416,True,True,1.430511474609375e-06
10712,202.13898163900012,3,17.89696,True,True,1.430511474609375e-06
10713,202.15729476098204,3,18.273471,True,True,1.430511474609375e-06
10714,202.1760026839911,3,18.66678,True,True,1.430511474609375e-06
10715,202.19695585698355,3,20.896849,True,True,1.430511474609375e-06
10716,202.22460158797912,3,27.551194,True,True,1.430511474609375e-06
10717,202.24306537699886,3,18.373236,True,True,1.430511474609375e-06
10718,202.27249377802946,3,29.351621,True,True,1.430511474609375e-06
10719,202.2912511830218,3,18.655865,True,True,1.430511474609375e-06
10720,202.3096827910049,3,18.363485,True,True,1.430511474609375e-06
10721,202.32807011599652,3,18.335841,True,True,1.430511474609375e-06
10722,202.34605195297627,3,17.935545,True,True,1.430511474609375e-06
10723,202.36417179001728,3,18.071768,True,True,1.430511474609375e-06
10724,202.38288737699622,3,18.667689,True,True,1.430511474609375e-06
10725,202.40085554798134,3,17.920632,True,True,1.430511474609375e-06
10726,202.41899906599429,3,18.100637,True,True,1.430511474609375e-06
10727,202.43695386202307,3,17.907945,True,True,1.430511474609375e-06
10728,202.45507218001876,3,18.069032,True,True,1.430511474609375e-06
10729,202.47337573801633,3,18.258774,True,True,1.430511474609375e-06
10730,202.49161226098659,3,18.188081,True,True,1.430511474609375e-06
10731,202.50986630201805,3,18.208012,True,True,1.430511474609375e-06
10732,202.5280724010081,3,18.156107,True,True,1.430511474609375e-06
10733,202.54600679402938,3,17.887978,True,True,1.430511474609375e-06
10734,202.56411150598433,3,18.054445,True,True,1.430511474609375e-06
10735,202.5830911580124,3,18.928272,True,True,1.430511474609375e-06
10736,202.6019916679943,3,18.782384,True,True,1.430511474609375e-06
10737,202.62080558697926,3,18.698883,True,True,1.430511474609375e-06
10738,202.63929399399785,3,18.373517,True,True,1.430511474609375e-06
10739,202.65796385001158,3,18.559096,True,True,1.430511474609375e-06
10740,202.67670724302297,3,18.628328,True,True,1.430511474609375e-06
10741,202.69516702799592,3,18.347209,True,True,1.430511474609375e-06
10742,202.7138619159814,3,18.583637,True,True,1.430511474609375e-06
10743,202.73271978402045,3,18.74911,True,True,1.430511474609375e-06
10744,202.75181465997593,3,18.977035,True,True,1.430511474609375e-06
10745,202.770265663974,3,18.335906,True,True,1.430511474609375e-06
10746,202.78856737399474,3,18.235035,True,True,1.430511474609375e-06
10747,202.80652750300942,3,17.906705,True,True,1.430511474609375e-06
10748,202.82466926699271,3,18.089751,True,True,1.430511474609375e-06
10749,202.84274645202095,3,18.030233,True,True,1.430511474609375e-06
10750,202.86087572900578,3,18.082107,True,True,1.430511474609375e-06
10751,202.87903336499585,3,18.096526,True,True,1.430511474609375e-06
10752,202.89719611400506,3,18.11759,True,True,1.430511474609375e-06
10753,202.91531294002198,3,18.066492,True,True,1.430511474609375e-06
10754,202.93346693302738,3,18.111411,True,True,1.430511474609375e-06
10755,202.95845296798507,3,24.941425,True,True,1.430511474609375e-06
10756,202.98016780399485,3,21.635836,True,True,1.430511474609375e-06
10757,202.9983296529972,3,18.104852,True,True,1.430511474609375e-06
10758,203.01630919100717,3,17.932985,True,True,1.430511474609375e-06
10759,203.03434526297497,3,17.990654,True,True,1.430511474609375e-06
10760,203.0523726689862,3,17.956993,True,True,1.430511474609375e-06
10761,203.07071588299004,3,18.29052,True,True,1.430511474609375e-06
10762,203.08861667203018,3,17.853165,True,True,1.430511474609375e-06
10763,203.10670511302305,3,18.047572,True,True,1.430511474609375e-06
10764,203.12448068201775,3,17.735141,True,True,1.430511474609375e-06
10765,203.14253943099175,3,18.020105,True,True,1.430511474609375e-06
10766,203.16083275701385,3,18.251576,True,True,1.430511474609375e-06
10767,203.17931954900268,3,18.435922,True,True,1.430511474609375e-06
10768,203.20130120101385,3,21.919441,True,True,1.430511474609375e-06
10769,203.22686891898047,3,25.45224,True,True,1.430511474609375e-06
10770,203.25005530100316,3,23.122145,True,True,1.430511474609375e-06
10771,203.27678573998855,3,26.621664,True,True,1.430511474609375e-06
10772,203.29540609801188,3,18.535948,True,True,1.430511474609375e-06
10773,203.31352422997588,3,18.052352,True,True,1.430511474609375e-06
10774,203.33148473501205,3,17.91064,True,True,1.430511474609375e-06
10775,203.34967521502404,3,18.144049,True,True,1.430511474609375e-06
10776,203.367715802975,3,17.990073,True,True,1.430511474609375e-06
10777,203.38585800898727,3,18.094188,True,True,1.430511474609375e-06
10778,203.40421626903117,3,18.311123,True,True,1.430511474609375e-06
10779,203.4221064079902,3,17.845595,True,True,1.430511474609375e-06
10780,203.44019237102475,3,18.043847,True,True,1.430511474609375e-06
10781,203.4584559419891,3,18.217947,True,True,1.430511474609375e-06
10782,203.47665600001346,3,18.155613,True,True,1.430511474609375e-06
10783,203.49479907599743,3,18.096898,True,True,1.430511474609375e-06
10784,203.51293937698938,3,18.096628,True,True,1.430511474609375e-06
10785,203.53113262698753,3,18.144647,True,True,1.430511474609375e-06
10786,203.5490570269758,3,17.875478,True,True,1.430511474609375e-06
10787,203.56711196998367,3,18.006415,True,True,1.430511474609375e-06
10788,203.58550601400202,3,18.347236,True,True,1.430511474609375e-06
10789,203.61097692302428,3,25.374382,True,True,1.430511474609375e-06
10790,203.63305945700267,3,21.96628,True,True,1.430511474609375e-06
10791,203.6511567470152,3,18.028353,True,True,1.430511474609375e-06
10792,203.66944098699605,3,18.225592,True,True,1.430511474609375e-06
10793,203.6874749630224,3,17.987522,True,True,1.430511474609375e-06
10794,203.70565251802327,3,18.131352,True,True,1.430511474609375e-06
10795,203.7242525719921,3,18.534925,True,True,1.430511474609375e-06
10796,203.74272865400417,3,18.360029,True,True,1.430511474609375e-06
10797,203.76119565300178,3,18.394158,True,True,1.430511474609375e-06
10798,203.77937412000028,3,18.123645,True,True,1.430511474609375e-06
10799,203.7976298200083,3,18.204755,True,True,1.430511474609375e-06
10800,203.8158019160037,3,18.123401,True,True,1.430511474609375e-06
10801,203.83397731400328,3,18.124101,True,True,1.430511474609375e-06
10802,203.8522299900069,3,18.21036,True,True,1.430511474609375e-06
10803,203.87023024697555,3,17.956136,True,True,1.430511474609375e-06
10804,203.88844585599145,3,18.163665,True,True,1.430511474609375e-06
10805,203.90658236300806,3,18.090927,True,True,1.430511474609375e-06
10806,203.9245659679873,3,17.937284,True,True,1.430511474609375e-06
10807,203.94268131197896,3,18.073889,True,True,1.430511474609375e-06
10808,203.9605430960073,3,17.82177,True,True,1.430511474609375e-06
10809,203.97875233198283,3,18.168399,True,True,1.430511474609375e-06
10810,203.99679263302824,3,17.996536,True,True,1.430511474609375e-06
10811,204.0148975640186,3,18.061124,True,True,1.430511474609375e-06
10812,204.0328352570068,3,17.89581,True,True,1.430511474609375e-06
10813,204.0511754900217,3,18.293415,True,True,1.430511474609375e-06
10814,204.06951008999022,3,18.288356,True,True,1.430511474609375e-06
10815,204.08774818701204,3,18.195904,True,True,1.430511474609375e-06
10816,204.10613190900767,3,18.343623,True,True,1.430511474609375e-06
10817,204.12411088700173,3,17.936825,True,True,1.430511474609375e-06
10818,204.14219784899615,3,18.047061,True,True,1.430511474609375e-06
10819,204.16038525197655,3,18.144093,True,True,1.430511474609375e-06
10820,204.1785632490064,3,18.134546,True,True,1.430511474609375e-06
10821,204.20031094597653,3,21.692639,True,True,1.430511474609375e-06
10822,204.22708687197883,3,26.667845,True,True,1.430511474609375e-06
10823,204.24833261501044,3,21.156494,True,True,1.430511474609375e-06
10824,204.28221851901617,3,33.770408,True,True,1.430511474609375e-06
10825,204.3039819470141,3,21.649649,True,True,1.430511474609375e-06
10826,204.32244788197568,3,18.395115,True,True,1.430511474609375e-06
10827,204.34048968402203,3,17.989722,True,True,1.430511474609375e-06
10828,204.3585476949811,3,18.003914,True,True,1.430511474609375e-06
10829,204.37651461799396,3,17.916135,True,True,1.430511474609375e-06
10830,204.3945221080212,3,17.957867,True,True,1.430511474609375e-06
10831,204.41257157898508,3,18.002137,True,True,1.430511474609375e-06
10832,204.4306295820279,3,18.014161,True,True,1.430511474609375e-06
10833,204.44874046300538,3,18.064272,True,True,1.430511474609375e-06
10834,204.46691488701617,3,18.124033,True,True,1.430511474609375e-06
10835,204.48515404900536,3,18.192745,True,True,1.430511474609375e-06
10836,204.5033222620259,3,18.124206,True,True,1.430511474609375e-06
10837,204.5215548130218,3,18.179094,True,True,1.430511474609375e-06
10838,204.53966155200033,3,18.052895,True,True,1.430511474609375e-06
10839,204.55782122397795,3,18.111734,True,True,1.430511474609375e-06
10840,204.57594072498614,3,18.066163,True,True,1.430511474609375e-06
10841,204.59412302798592,3,18.12567,True,True,1.430511474609375e-06
10842,204.61247345298762,3,18.284541,True,True,1.430511474609375e-06
10843,204.63065377500607,3,18.125503,True,True,1.430511474609375e-06
10844,204.6488688280224,3,18.163634,True,True,1.430511474609375e-06
10845,204.66702278598677,3,18.107521,True,True,1.430511474609375e-06
10846,204.68514424102614,3,18.080297,True,True,1.430511474609375e-06
10847,204.70372092502657,3,18.530428,True,True,1.430511474609375e-06
10848,204.72192370297853,3,18.158427,True,True,1.430511474609375e-06
10849,204.74008167599095,3,18.111941,True,True,1.430511474609375e-06
10850,204.75831263099099,3,18.185043,True,True,1.430511474609375e-06
10851,204.7763218259788,3,17.962924,True,True,1.430511474609375e-06
10852,204.7944487860077,3,18.07822,True,True,1.430511474609375e-06
10853,204.8127979580313,3,18.30735,True,True,1.430511474609375e-06
10854,204.8307593560312,3,17.910255,True,True,1.430511474609375e-06
10855,204.84883222699864,3,18.028112,True,True,1.430511474609375e-06
10856,204.8670026040054,3,18.126771,True,True,1.430511474609375e-06
10857,204.88495337497443,3,17.903203,True,True,1.430511474609375e-06
10858,204.90305836801417,3,18.061044,True,True,1.430511474609375e-06
10859,204.92127605399583,3,18.174714,True,True,1.430511474609375e-06
10860,204.93931538698962,3,17.996045,True,True,1.430511474609375e-06
10861,204.95748131902656,3,18.1162,True,True,1.430511474609375e-06
10862,204.97567314998014,3,18.148074,True,True,1.430511474609375e-06
10863,204.99355797702447,3,17.844747,True,True,1.430511474609375e-06
10864,205.01173052901868,3,18.129956,True,True,1.430511474609375e-06
10865,205.02984590799315,3,18.071734,True,True,1.430511474609375e-06
10866,205.04799221100984,3,18.103174,True,True,1.430511474609375e-06
10867,205.06652620399836,3,18.490673,True,True,1.430511474609375e-06
10868,205.08470274298452,3,18.128141,True,True,1.430511474609375e-06
10869,205.10943851002958,3,24.691626,True,True,1.430511474609375e-06
10870,205.13120854401495,3,21.704462,True,True,1.430511474609375e-06
10871,205.14951955800643,3,18.26167,True,True,1.430511474609375e-06
10872,205.16762209800072,3,18.054986,True,True,1.430511474609375e-06
10873,205.18586672999663,3,18.200863,True,True,1.430511474609375e-06
10874,205.21446820598794,3,28.544218,True,True,1.430511474609375e-06
10875,205.23467756801983,3,20.103099,True,True,1.430511474609375e-06
10876,205.25287090800703,3,18.128683,True,True,1.430511474609375e-06
10877,205.2808169409982,3,27.884703,True,True,1.430511474609375e-06
10878,205.30108974699397,3,20.166961,True,True,1.430511474609375e-06
10879,205.31952230300521,3,18.366522,True,True,1.430511474609375e-06
10880,205.33803156903014,3,18.45662,True,True,1.430511474609375e-06
10881,205.35623987397412,3,18.155978,True,True,1.430511474609375e-06
10882,205.37439829000505,3,18.112884,True,True,1.430511474609375e-06
10883,205.39269624801818,3,18.252505,True,True,1.430511474609375e-06
10884,205.41044871101622,3,17.703994,True,True,1.430511474609375e-06
10885,205.42848568898626,3,17.993263,True,True,1.430511474609375e-06
10886,205.44670381600736,3,18.173696,True,True,1.430511474609375e-06
10887,205.46484055899782,3,18.090118,True,True,1.430511474609375e-06
10888,205.4828220899799,3,17.933805,True,True,1.430511474609375e-06
10889,205.500931719027,3,18.064951,True,True,1.430511474609375e-06
10890,205.51894624199485,3,17.972424,True,True,1.430511474609375e-06
10891,205.53697810298763,3,17.977862,True,True,1.430511474609375e-06
10892,205.5551421539858,3,18.113504,True,True,1.430511474609375e-06
10893,205.5732033830136,3,18.012977,True,True,1.430511474609375e-06
10894,205.59160870598862,3,18.356058,True,True,1.430511474609375e-06
10895,205.6101885359967,3,18.475883,True,True,1.430511474609375e-06
10896,205.62839437799994,3,18.138854,True,True,1.430511474609375e-06
10897,205.64653405797435,3,18.086402,True,True,1.430511474609375e-06
10898,205.66448169300565,3,17.902371,True,True,1.430511474609375e-06
10899,205.6824341850006,3,17.909091,True,True,1.430511474609375e-06
10900,205.7005950009916,3,18.120797,True,True,1.430511474609375e-06
10901,205.71846661000745,3,17.830715,True,True,1.430511474609375e-06
10902,205.73645671701524,3,17.951261,True,True,1.430511474609375e-06
10903,205.7544362199842,3,17.933467,True,True,1.430511474609375e-06
10904,205.7725303369807,3,18.050912,True,True,1.430511474609375e-06
10905,205.79076939600054,3,18.191655,True,True,1.430511474609375e-06
10906,205.80864713300252,3,17.829577,True,True,1.430511474609375e-06
10907,205.8270427720272,3,18.349532,True,True,1.430511474609375e-06
10908,205.84497383399867,3,17.880659,True,True,1.430511474609375e-06
10909,205.8629594949889,3,17.940659,True,True,1.430511474609375e-06
10910,205.88100951199885,3,17.999715,True,True,1.430511474609375e-06
10911,205.89913510502083,3,18.084046,True,True,1.430511474609375e-06
10912,205.91739750100533,3,18.220734,True,True,1.430511474609375e-06
10913,205.9355127500021,3,18.073873,True,True,1.430511474609375e-06
10914,205.96107848000247,3,25.521921,True,True,1.430511474609375e-06
10915,205.98246295301942,3,21.32041,True,True,1.430511474609375e-06
10916,206.0006429469795,3,18.127865,True,True,1.430511474609375e-06
10917,206.0192519859993,3,18.562384,True,True,1.430511474609375e-06
10918,206.03723816602724,3,17.940666,True,True,1.430511474609375e-06
10919,206.0553447100101,3,18.065258,True,True,1.430511474609375e-06
10920,206.07325722603127,3,17.870019,True,True,1.430511474609375e-06
10921,206.09123753302265,3,17.937901,True,True,1.430511474609375e-06
10922,206.10925740201492,3,17.973998,True,True,1.430511474609375e-06
10923,206.12738390098093,3,18.08409,True,True,1.430511474609375e-06
10924,206.14554272202076,3,18.115161,True,True,1.430511474609375e-06
10925,206.16375513601815,3,18.170906,True,True,1.430511474609375e-06
10926,206.1820921219769,3,18.291195,True,True,1.430511474609375e-06
10927,206.21020959800808,3,28.06145,True,True,1.430511474609375e-06
10928,206.23068880097708,3,20.370307,True,True,1.430511474609375e-06
10929,206.2489870560239,3,18.23584,True,True,1.430511474609375e-06
10930,206.27663271100027,3,27.589349,True,True,1.430511474609375e-06
10931,206.2970728650107,3,20.332342,True,True,1.430511474609375e-06
10932,206.31541009800276,3,18.271301,True,True,1.430511474609375e-06
10933,206.3335014390177,3,18.043379,True,True,1.430511474609375e-06
10934,206.3518103180104,3,18.265687,True,True,1.430511474609375e-06
10935,206.37000257102773,3,18.141405,True,True,1.430511474609375e-06
10936,206.38840140099637,3,18.347245,True,True,1.430511474609375e-06
10937,206.40673136798432,3,18.227201,True,True,1.430511474609375e-06
10938,206.42503382300492,3,18.212503,True,True,1.430511474609375e-06
10939,206.44302325003082,3,17.935295,True,True,1.430511474609375e-06
10940,206.46108521497808,3,18.012606,True,True,1.430511474609375e-06
10941,206.47933778498555,3,18.203114,True,True,1.430511474609375e-06
10942,206.49760549899656,3,18.222964,True,True,1.430511474609375e-06
10943,206.51611751900055,3,18.432277,True,True,1.430511474609375e-06
10944,206.53487536998,3,18.650748,True,True,1.430511474609375e-06
10945,206.55291628302075,3,17.975138,True,True,1.430511474609375e-06
10946,206.57102108100662,3,18.052567,True,True,1.430511474609375e-06
10947,206.58928512001876,3,18.212461,True,True,1.430511474609375e-06
10948,206.6075650040293,3,18.210491,True,True,1.430511474609375e-06
10949,206.6257301659789,3,18.105737,True,True,1.430511474609375e-06
10950,206.64393557602307,3,18.154366,True,True,1.430511474609375e-06
10951,206.66198104899377,3,18.002466,True,True,1.430511474609375e-06
10952,206.68005878198892,3,18.031988,True,True,1.430511474609375e-06
10953,206.69829987897538,3,18.196839,True,True,1.430511474609375e-06
10954,206.7163892100216,3,18.046516,True,True,1.430511474609375e-06
10955,206.73431754199555,3,17.883944,True,True,1.430511474609375e-06
10956,206.75221711798804,3,17.850098,True,True,1.430511474609375e-06
10957,206.77014637098182,3,17.882763,True,True,1.430511474609375e-06
10958,206.7883027360076,3,18.112187,True,True,1.430511474609375e-06
10959,206.80644950497663,3,18.099349,True,True,1.430511474609375e-06
10960,206.82463622302748,3,18.14389,True,True,1.430511474609375e-06
10961,206.84253716800595,3,17.856579,True,True,1.430511474609375e-06
10962,206.86051803198643,3,17.937287,True,True,1.430511474609375e-06
10963,206.8787263269769,3,18.159328,True,True,1.430511474609375e-06
10964,206.89684242202202,3,18.070234,True,True,1.430511474609375e-06
10965,206.91468838602304,3,17.80621,True,True,1.430511474609375e-06
10966,206.93273362598848,3,18.002872,True,True,1.430511474609375e-06
10967,206.95079943002202,3,18.027092,True,True,1.430511474609375e-06
10968,206.9685888090171,3,17.748726,True,True,1.430511474609375e-06
10969,206.98663560702698,3,18.002918,True,True,1.430511474609375e-06
10970,207.0045046909945,3,17.828915,True,True,1.430511474609375e-06
10971,207.02253718097927,3,17.992378,True,True,1.430511474609375e-06
10972,207.04072807898046,3,18.147532,True,True,1.430511474609375e-06
10973,207.05867793702055,3,17.886445,True,True,1.430511474609375e-06
10974,207.07663232902996,3,17.908942,True,True,1.430511474609375e-06
10975,207.09480085701216,3,18.12702,True,True,1.430511474609375e-06
10976,207.11270739202155,3,17.863848,True,True,1.430511474609375e-06
10977,207.13079988001846,3,18.047342,True,True,1.430511474609375e-06
10978,207.1487730530207,3,17.933116,True,True,1.430511474609375e-06
10979,207.1668708199868,3,18.054919,True,True,1.430511474609375e-06
10980,207.18493622500682,3,18.022514,True,True,1.430511474609375e-06
10981,207.2131638249848,3,28.168536,True,True,1.430511474609375e-06
10982,207.23357574199326,3,20.297887,True,True,1.430511474609375e-06
10983,207.25187887001084,3,18.234405,True,True,1.430511474609375e-06
10984,207.2815435680095,3,29.607855,True,True,1.430511474609375e-06
10985,207.30017001001397,3,18.515388,True,True,1.430511474609375e-06
10986,207.31878670101287,3,18.546251,True,True,1.430511474609375e-06
10987,207.33708138100337,3,18.240604,True,True,1.430511474609375e-06
10988,207.35530874400865,3,18.177962,True,True,1.430511474609375e-06
10989,207.3735647519934,3,18.196569,True,True,1.430511474609375e-06
10990,207.39144243201008,3,17.830889,True,True,1.430511474609375e-06
10991,207.40946247801185,3,17.970492,True,True,1.430511474609375e-06
10992,207.42729110602522,3,17.782674,True,True,1.430511474609375e-06
10993,207.4453032949823,3,17.964744,True,True,1.430511474609375e-06
10994,207.46326614002464,3,17.918159,True,True,1.430511474609375e-06
10995,207.48125738702947,3,17.947974,True,True,1.430511474609375e-06
10996,207.4996278770268,3,18.324308,True,True,1.430511474609375e-06
10997,207.5177534680115,3,18.081387,True,True,1.430511474609375e-06
10998,207.5359647719888,3,18.165758,True,True,1.430511474609375e-06
10999,207.55417331901845,3,18.162156,True,True,1.430511474609375e-06
11000,207.57220987102482,3,17.977064,True,True,1.430511474609375e-06
11001,207.59062385198195,3,18.364115,True,True,1.430511474609375e-06
11002,207.60884950100444,3,18.143303,True,True,1.430511474609375e-06
11003,207.6270693350234,3,18.164034,True,True,1.430511474609375e-06
11004,207.64528928900836,3,18.160718,True,True,1.430511474609375e-06
11005,207.66342110099504,3,18.082522,True,True,1.430511474609375e-06
11006,207.6816361239762,3,18.172353,True,True,1.430511474609375e-06
11007,207.69982923200587,3,18.150291,True,True,1.430511474609375e-06
11008,207.7180010669981,3,18.129373,True,True,1.430511474609375e-06
11009,207.73597845301265,3,17.937481,True,True,1.430511474609375e-06
11010,207.75425723701483,3,18.229602,True,True,1.430511474609375e-06
11011,207.7723472280195,3,18.038933,True,True,1.430511474609375e-06
11012,207.7903703629854,3,17.975838,True,True,1.430511474609375e-06
11013,207.80872625898337,3,18.308563,True,True,1.430511474609375e-06
11014,207.82692057499662,3,18.147862,True,True,1.430511474609375e-06
11015,207.84478441003012,3,17.822213,True,True,1.430511474609375e-06
11016,207.86544297402725,3,20.617033,True,True,1.430511474609375e-06
11017,207.8909406409948,3,25.424144,True,True,1.430511474609375e-06
11018,207.9098209440126,3,18.812207,True,True,1.430511474609375e-06
11019,207.92802602099255,3,18.149374,True,True,1.430511474609375e-06
11020,207.94624656502856,3,18.172014,True,True,1.430511474609375e-06
11021,207.96449316799408,3,18.199654,True,True,1.430511474609375e-06
11022,207.9826708729961,3,18.133175,True,True,1.430511474609375e-06
11023,208.00093145901337,3,18.213814,True,True,1.430511474609375e-06
11024,208.01909575000172,3,18.119981,True,True,1.430511474609375e-06
11025,208.0375742239994,3,18.433,True,True,1.430511474609375e-06
11026,208.05575128801866,3,18.137282,True,True,1.430511474609375e-06
11027,208.07398558198474,3,18.191766,True,True,1.430511474609375e-06
11028,208.09218169300584,3,18.155363,True,True,1.430511474609375e-06
11029,208.11033515498275,3,18.113395,True,True,1.430511474609375e-06
11030,208.12859848700464,3,18.223615,True,True,1.430511474609375e-06
11031,208.14713858201867,3,18.496014,True,True,1.430511474609375e-06
11032,208.1653263529879,3,18.136003,True,True,1.430511474609375e-06
11033,208.18359155399958,3,18.217465,True,True,1.430511474609375e-06
11034,208.21201604203088,3,28.371759,True,True,1.430511474609375e-06
11035,208.23233684001025,3,20.210791,True,True,1.430511474609375e-06
11036,208.25065665401053,3,18.255158,True,True,1.430511474609375e-06
11037,208.26912660698872,3,18.416368,True,True,1.430511474609375e-06
11038,208.29705930902855,3,27.881463,True,True,1.430511474609375e-06
11039,208.31756874301936,3,20.400854,True,True,1.430511474609375e-06
11040,208.33590992202517,3,18.275408,True,True,1.430511474609375e-06
11041,208.35401759197703,3,18.040911,True,True,1.430511474609375e-06
11042,208.37212862400338,3,18.057964,True,True,1.430511474609375e-06
11043,208.39083264197689,3,18.652921,True,True,1.430511474609375e-06
11044,208.4090500320308,3,18.168069,True,True,1.430511474609375e-06
11045,208.42720319802174,3,18.107155,True,True,1.430511474609375e-06
11046,208.4451042499859,3,17.857805,True,True,1.430511474609375e-06
11047,208.46312439301983,3,17.96806,True,True,1.430511474609375e-06
11048,208.4814452480059,3,18.268972,True,True,1.430511474609375e-06
11049,208.49955143401166,3,18.057364,True,True,1.430511474609375e-06
11050,208.51777462102473,3,18.178403,True,True,1.430511474609375e-06
11051,208.53611560398713,3,18.290677,True,True,1.430511474609375e-06
11052,208.55402951699216,3,17.863269,True,True,1.430511474609375e-06
11053,208.57212468999205,3,18.049637,True,True,1.430511474609375e-06
11054,208.5905325349886,3,18.35464,True,True,1.430511474609375e-06
11055,208.6088814479881,3,18.228527,True,True,1.430511474609375e-06
11056,208.62751033401582,3,18.558646,True,True,1.430511474609375e-06
11057,208.64543929701904,3,17.876125,True,True,1.430511474609375e-06
11058,208.66357229702407,3,18.082837,True,True,1.430511474609375e-06
11059,208.681491432013,3,17.871727,True,True,1.430511474609375e-06
11060,208.69950950401835,3,17.972846,True,True,1.430511474609375e-06
11061,208.7181329280138,3,18.556445,True,True,1.430511474609375e-06
11062,208.7363132989849,3,18.084326,True,True,1.430511474609375e-06
11063,208.7547951079905,3,18.413721,True,True,1.430511474609375e-06
11064,208.77293270197697,3,18.086467,True,True,1.430511474609375e-06
11065,208.7911022810149,3,18.120456,True,True,1.430511474609375e-06
11066,208.80941832601093,3,18.267704,True,True,1.430511474609375e-06
11067,208.82731230702484,3,17.843063,True,True,1.430511474609375e-06
11068,208.84536572301295,3,18.004168,True,True,1.430511474609375e-06
11069,208.8633005649899,3,17.887686,True,True,1.430511474609375e-06
11070,208.8812819260056,3,17.930308,True,True,1.430511474609375e-06
11071,208.89945436600829,3,18.130454,True,True,1.430511474609375e-06
11072,208.9173584849923,3,17.861768,True,True,1.430511474609375e-06
11073,208.935384033015,3,17.985263,True,True,1.430511474609375e-06
11074,208.9534909509821,3,18.066181,True,True,1.430511474609375e-06
11075,208.97154145000968,3,18.011279,True,True,1.430511474609375e-06
11076,208.9893151880242,3,17.734379,True,True,1.430511474609375e-06
11077,209.00736820499878,3,18.009387,True,True,1.430511474609375e-06
11078,209.0252826330252,3,17.873199,True,True,1.430511474609375e-06
11079,209.0432923139888,3,17.967717,True,True,1.430511474609375e-06
11080,209.06153716600966,3,18.202483,True,True,1.430511474609375e-06
11081,209.07961594098015,3,18.038905,True,True,1.430511474609375e-06
11082,209.09769999497803,3,18.041203,True,True,1.430511474609375e-06
11083,209.11552356602624,3,17.785155,True,True,1.430511474609375e-06
11084,209.13345685298555,3,17.89002,True,True,1.430511474609375e-06
11085,209.15172090701526,3,18.223433,True,True,1.430511474609375e-06
11086,209.1695463989745,3,17.782636,True,True,1.430511474609375e-06
11087,209.18769303301815,3,18.104183,True,True,1.430511474609375e-06
11088,209.21544271497987,3,27.691459,True,True,1.430511474609375e-06
11089,209.23584923200542,3,20.30757,True,True,1.430511474609375e-06
11090,209.254390179005,3,18.479928,True,True,1.430511474609375e-06
11091,209.2726597400033,3,18.214474,True,True,1.430511474609375e-06
11092,209.30257520999294,3,29.866381,True,True,1.430511474609375e-06
11093,209.321021020005,3,18.344038,True,True,1.430511474609375e-06
11094,209.33913625299465,3,18.051436,True,True,1.430511474609375e-06
11095,209.35723546898225,3,18.049623,True,True,1.430511474609375e-06
11096,209.37551317497855,3,18.22593,True,True,1.430511474609375e-06
11097,209.39364444703097,3,18.081945,True,True,1.430511474609375e-06
11098,209.41191607998917,3,18.228299,True,True,1.430511474609375e-06
11099,209.43052375502884,3,18.56059,True,True,1.430511474609375e-06
11100,209.44858783402015,3,18.017625,True,True,1.430511474609375e-06
11101,209.46677452500444,3,18.138433,True,True,1.430511474609375e-06
11102,209.48514508397784,3,18.322776,True,True,1.430511474609375e-06
11103,209.50325718597742,3,18.070376,True,True,1.430511474609375e-06
11104,209.52156247600215,3,18.258877,True,True,1.430511474609375e-06
11105,209.53980066499207,3,18.186295,True,True,1.430511474609375e-06
11106,209.5679301660275,3,28.069792,True,True,1.430511474609375e-06
11107,209.5865754330298,3,18.556183,True,True,1.430511474609375e-06
11108,209.60504065197892,3,18.386614,True,True,1.430511474609375e-06
11109,209.62339538201923,3,18.300413,True,True,1.430511474609375e-06
11110,209.64158132200828,3,18.133765,True,True,1.430511474609375e-06
11111,209.6598648810177,3,18.236934,True,True,1.430511474609375e-06
11112,209.6776954830275,3,17.787234,True,True,1.430511474609375e-06
11113,209.69575521501247,3,18.012437,True,True,1.430511474609375e-06
11114,209.7140389920096,3,18.235998,True,True,1.430511474609375e-06
11115,209.73195237497566,3,17.871625,True,True,1.430511474609375e-06
11116,209.75028586899862,3,18.28713,True,True,1.430511474609375e-06
11117,209.76852767699165,3,18.192965,True,True,1.430511474609375e-06
11118,209.78694660199108,3,18.36918,True,True,1.430511474609375e-06
11119,209.8052701179986,3,18.275177,True,True,1.430511474609375e-06
11120,209.82359797001118,3,18.280101,True,True,1.430511474609375e-06
11121,209.8418095340021,3,18.164729,True,True,1.430511474609375e-06
11122,209.86005053803092,3,18.200094,True,True,1.430511474609375e-06
11123,209.87844396900618,3,18.349864,True,True,1.430511474609375e-06
11124,209.8964829960023,3,17.993654,True,True,1.430511474609375e-06
11125,209.91463254397968,3,18.106973,True,True,1.430511474609375e-06
11126,209.93297646497376,3,18.295279,True,True,1.430511474609375e-06
11127,209.9511694079847,3,18.146012,True,True,1.430511474609375e-06
11128,209.96950920199743,3,18.292979,True,True,1.430511474609375e-06
11129,209.9875233740313,3,17.970396,True,True,1.430511474609375e-06
11130,210.00572159100557,3,18.155034,True,True,1.430511474609375e-06
11131,210.02398374199402,3,18.21691,True,True,1.430511474609375e-06
11132,210.04218400001992,3,18.158564,True,True,1.430511474609375e-06
11133,210.0601817269926,3,17.956409,True,True,1.430511474609375e-06
11134,210.07831089297542,3,18.087959,True,True,1.430511474609375e-06
11135,210.0962466900237,3,17.893039,True,True,1.430511474609375e-06
11136,210.11436389398295,3,18.075341,True,True,1.430511474609375e-06
11137,210.13250891602365,3,18.101707,True,True,1.430511474609375e-06
11138,210.15099334699335,3,18.445191,True,True,1.430511474609375e-06
11139,210.16893044300377,3,17.892352,True,True,1.430511474609375e-06
11140,210.18702777201543,3,18.053719,True,True,1.430511474609375e-06
11141,210.22338333301013,3,36.294198,True,True,1.430511474609375e-06
11142,210.24567772098817,3,22.164394,True,True,1.430511474609375e-06
11143,210.26414464402478,3,18.39364,True,True,1.430511474609375e-06
11144,210.28589203802403,3,21.685703,True,True,1.430511474609375e-06
11145,210.3125460179872,3,26.55836,True,True,1.430511474609375e-06
11146,210.33104601298692,3,18.412465,True,True,1.430511474609375e-06
11147,210.34987669298425,3,18.767488,True,True,1.430511474609375e-06
11148,210.36805788899073,3,18.127334,True,True,1.430511474609375e-06
11149,210.38631500297925,3,18.203114,True,True,1.430511474609375e-06
11150,210.40426882100292,3,17.903709,True,True,1.430511474609375e-06
11151,210.42231692100177,3,18.003198,True,True,1.430511474609375e-06
11152,210.44029798498377,3,17.936311,True,True,1.430511474609375e-06
11153,210.45837570301956,3,18.033059,True,True,1.430511474609375e-06
11154,210.47634751000442,3,17.925085,True,True,1.430511474609375e-06
11155,210.4944226410007,3,18.03128,True,True,1.430511474609375e-06
11156,210.51240226702066,3,17.936482,True,True,1.430511474609375e-06
11157,210.53037116699852,3,17.923613,True,True,1.430511474609375e-06
11158,210.54871543997433,3,18.299563,True,True,1.430511474609375e-06
11159,210.5668900089804,3,18.125377,True,True,1.430511474609375e-06
11160,210.58529108099174,3,18.355533,True,True,1.430511474609375e-06
11161,210.60368935298175,3,18.329366,True,True,1.430511474609375e-06
11162,210.6217008170206,3,17.959693,True,True,1.430511474609375e-06
11163,210.63978900801158,3,18.040369,True,True,1.430511474609375e-06
11164,210.6580403650296,3,18.201123,True,True,1.430511474609375e-06
11165,210.67611687700264,3,18.030197,True,True,1.430511474609375e-06
11166,210.6943381029996,3,18.177084,True,True,1.430511474609375e-06
11167,210.71260133001488,3,18.20169,True,True,1.430511474609375e-06
11168,210.73079634900205,3,18.146883,True,True,1.430511474609375e-06
11169,210.7492196080275,3,18.372955,True,True,1.430511474609375e-06
11170,210.76750306301983,3,18.237476,True,True,1.430511474609375e-06
11171,210.78569476900157,3,18.144795,True,True,1.430511474609375e-06
11172,210.8036797560053,3,17.939763,True,True,1.430511474609375e-06
11173,210.82178163301433,3,18.056139,True,True,1.430511474609375e-06
11174,210.8400741480291,3,18.246442,True,True,1.430511474609375e-06
11175,210.85805347602582,3,17.933415,True,True,1.430511474609375e-06
11176,210.8837222980219,3,25.624106,True,True,1.430511474609375e-06
11177,210.9049744150252,3,21.16471,True,True,1.430511474609375e-06
11178,210.92323596100323,3,18.20415,True,True,1.430511474609375e-06
11179,210.94131261802977,3,18.02814,True,True,1.430511474609375e-06
11180,210.95921933301724,3,17.859822,True,True,1.430511474609375e-06
11181,210.97721531800926,3,17.953778,True,True,1.430511474609375e-06
11182,210.99520897702314,3,17.951862,True,True,1.430511474609375e-06
11183,211.0133488040301,3,18.098395,True,True,1.430511474609375e-06
11184,211.03120668098563,3,17.812362,True,True,1.430511474609375e-06
11185,211.04937827802496,3,18.128622,True,True,1.430511474609375e-06
11186,211.06771731103072,3,18.284679,True,True,1.430511474609375e-06
11187,211.08581656002207,3,18.054076,True,True,1.430511474609375e-06
11188,211.1043206960312,3,18.462418,True,True,1.430511474609375e-06
11189,211.1222131139948,3,17.848232,True,True,1.430511474609375e-06
11190,211.14047131198458,3,18.215101,True,True,1.430511474609375e-06
11191,211.15835455298657,3,17.843216,True,True,1.430511474609375e-06
11192,211.17642984702252,3,18.034093,True,True,1.430511474609375e-06
11193,211.19733130000532,3,20.858915,True,True,1.430511474609375e-06
11194,211.2253790689865,3,27.97231,True,True,1.430511474609375e-06
11195,211.24385919899214,3,18.384031,True,True,1.430511474609375e-06
11196,211.2619852750213,3,18.066405,True,True,1.430511474609375e-06
11197,211.28025698498823,3,18.211779,True,True,1.430511474609375e-06
11198,211.30183570098598,3,21.526114,True,True,1.430511474609375e-06
11199,211.3281994619756,3,26.276355,True,True,1.430511474609375e-06
11200,211.34661832201527,3,18.340813,True,True,1.430511474609375e-06
11201,211.36482852400513,3,18.153158,True,True,1.430511474609375e-06
11202,211.38302705000388,3,18.148847,True,True,1.430511474609375e-06
11203,211.40161900501698,3,18.495504,True,True,1.430511474609375e-06
11204,211.42019923997577,3,18.486148,True,True,1.430511474609375e-06
11205,211.43845062702894,3,18.192637,True,True,1.430511474609375e-06
11206,211.4567251750268,3,18.224136,True,True,1.430511474609375e-06
11207,211.4749640179798,3,18.189826,True,True,1.430511474609375e-06
11208,211.49306033801986,3,18.044505,True,True,1.430511474609375e-06
11209,211.51147452602163,3,18.361426,True,True,1.430511474609375e-06
11210,211.53002291999292,3,18.441173,True,True,1.430511474609375e-06
11211,211.54862257099012,3,18.500391,True,True,1.430511474609375e-06
11212,211.5667321109795,3,18.036612,True,True,1.430511474609375e-06
11213,211.58481398201548,3,18.030981,True,True,1.430511474609375e-06
11214,211.60294091998367,3,18.04106,True,True,1.430511474609375e-06
11215,211.62113901798148,3,18.137589,True,True,1.430511474609375e-06
11216,211.6390810359735,3,17.883212,True,True,1.430511474609375e-06
11217,211.65717908903025,3,18.043545,True,True,1.430511474609375e-06
11218,211.6752882070141,3,18.064869,True,True,1.430511474609375e-06
11219,211.6932805699762,3,17.94784,True,True,1.430511474609375e-06
11220,211.71855231700465,3,25.227543,True,True,1.430511474609375e-06
11221,211.740144942014,3,21.519234,True,True,1.430511474609375e-06
11222,211.75862041302025,3,18.411597,True,True,1.430511474609375e-06
11223,211.77672493399587,3,18.043433,True,True,1.430511474609375e-06
11224,211.7949650500086,3,18.188625,True,True,1.430511474609375e-06
11225,211.81306107901037,3,18.050036,True,True,1.430511474609375e-06
11226,211.8310168290045,3,17.913175,True,True,1.430511474609375e-06
11227,211.84916112700012,3,18.099622,True,True,1.430511474609375e-06
11228,211.86706018802943,3,17.849445,True,True,1.430511474609375e-06
11229,211.88517391099595,3,18.066488,True,True,1.430511474609375e-06
11230,211.9032002480235,3,17.981188,True,True,1.430511474609375e-06
11231,211.9211992159835,3,17.951462,True,True,1.430511474609375e-06
11232,211.93912115797866,3,17.878693,True,True,1.430511474609375e-06
11233,211.9573631940293,3,18.201294,True,True,1.430511474609375e-06
11234,211.97563888097648,3,18.23569,True,True,1.430511474609375e-06
11235,211.993941652996,3,18.258096,True,True,1.430511474609375e-06
11236,212.01250901899766,3,18.524879,True,True,1.430511474609375e-06
11237,212.0306861710269,3,18.135823,True,True,1.430511474609375e-06
11238,212.04887057701126,3,18.138627,True,True,1.430511474609375e-06
11239,212.0673691459815,3,18.455275,True,True,1.430511474609375e-06
11240,212.0855001930031,3,18.087593,True,True,1.430511474609375e-06
11241,212.10373741103103,3,18.194527,True,True,1.430511474609375e-06
11242,212.1218943290296,3,18.116298,True,True,1.430511474609375e-06
11243,212.1400578240282,3,18.119989,True,True,1.430511474609375e-06
11244,212.15822778700385,3,18.126998,True,True,1.430511474609375e-06
11245,212.17629101098282,3,18.022134,True,True,1.430511474609375e-06
11246,212.1972288049874,3,20.890248,True,True,1.430511474609375e-06
11247,212.22313471598318,3,25.839021,True,True,1.430511474609375e-06
11248,212.2436983580119,3,20.468337,True,True,1.430511474609375e-06
11249,212.2619922190206,3,18.236909,True,True,1.430511474609375e-06
11250,212.27997447003145,3,17.928003,True,True,1.430511474609375e-06
11251,212.3014311530278,3,21.409324,True,True,1.430511474609375e-06
11252,212.32841536297929,3,26.88795,True,True,1.430511474609375e-06
11253,212.34732594300294,3,18.825056,True,True,1.430511474609375e-06
11254,212.3656971739838,3,18.305496,True,True,1.430511474609375e-06
11255,212.3838845900027,3,18.134521,True,True,1.430511474609375e-06
11256,212.4020585140097,3,18.124716,True,True,1.430511474609375e-06
11257,212.42010348901385,3,18.000843,True,True,1.430511474609375e-06
11258,212.43798451201292,3,17.836358,True,True,1.430511474609375e-06
11259,212.45616357499966,3,18.131493,True,True,1.430511474609375e-06
11260,212.47432724700775,3,18.113031,True,True,1.430511474609375e-06
11261,212.492312279006,3,17.936766,True,True,1.430511474609375e-06
11262,212.5103776580072,3,18.01858,True,True,1.430511474609375e-06
11263,212.52824824297568,3,17.829674,True,True,1.430511474609375e-06
11264,212.5531279820134,3,24.827733,True,True,1.430511474609375e-06
11265,212.57486639200943,3,21.653157,True,True,1.430511474609375e-06
11266,212.59339168202132,3,18.451165,True,True,1.430511474609375e-06
11267,212.61146045901114,3,18.014147,True,True,1.430511474609375e-06
11268,212.62981226103147,3,18.2954,True,True,1.430511474609375e-06
11269,212.64781179197598,3,17.951515,True,True,1.430511474609375e-06
11270,212.66594586602878,3,18.085328,True,True,1.430511474609375e-06
11271,212.68384581501596,3,17.854833,True,True,1.430511474609375e-06
11272,212.70202305697603,3,18.130679,True,True,1.430511474609375e-06
11273,212.72021949198097,3,18.154748,True,True,1.430511474609375e-06
11274,212.73835929197958,3,18.097108,True,True,1.430511474609375e-06
11275,212.7563667880022,3,17.960389,True,True,1.430511474609375e-06
11276,212.77443551598117,3,18.022311,True,True,1.430511474609375e-06
11277,212.792701088998,3,18.217982,True,True,1.430511474609375e-06
11278,212.81084665103117,3,18.095114,True,True,1.430511474609375e-06
11279,212.82884736300912,3,17.95702,True,True,1.430511474609375e-06
11280,212.8469079079805,3,18.013492,True,True,1.430511474609375e-06
11281,212.86502997600473,3,18.07694,True,True,1.430511474609375e-06
11282,212.88327841699356,3,18.201693,True,True,1.430511474609375e-06
11283,212.90177277801558,3,18.445278,True,True,1.430511474609375e-06
11284,212.9199916489888,3,18.174281,True,True,1.430511474609375e-06
11285,212.93809540802613,3,18.061445,True,True,1.430511474609375e-06
11286,212.95665065501817,3,18.512266,True,True,1.430511474609375e-06
11287,212.9747057229979,3,18.012548,True,True,1.430511474609375e-06
11288,212.99261780601228,3,17.868883,True,True,1.430511474609375e-06
11289,213.01070769497892,3,18.049044,True,True,1.430511474609375e-06
11290,213.02879546099575,3,18.042176,True,True,1.430511474609375e-06
11291,213.0466967090033,3,17.857278,True,True,1.430511474609375e-06
11292,213.06468689301983,3,17.950159,True,True,1.430511474609375e-06
11293,213.08263650600566,3,17.906199,True,True,1.430511474609375e-06
11294,213.10097343602683,3,18.293917,True,True,1.430511474609375e-06
11295,213.11913404997904,3,18.11736,True,True,1.430511474609375e-06
11296,213.13730912399478,3,18.134889,True,True,1.430511474609375e-06
11297,213.1556213130243,3,18.271504,True,True,1.430511474609375e-06
11298,213.17385866702534,3,18.190662,True,True,1.430511474609375e-06
11299,213.19180919998325,3,17.904119,True,True,1.430511474609375e-06
11300,213.22181770502357,3,29.952295,True,True,1.430511474609375e-06
11301,213.24031835002825,3,18.399957,True,True,1.430511474609375e-06
11302,213.25857394200284,3,18.191019,True,True,1.430511474609375e-06
11303,213.27678292099154,3,18.148726,True,True,1.430511474609375e-06
11304,213.29687024198938,3,20.042019,True,True,1.430511474609375e-06
11305,213.32503930100938,3,28.111431,True,True,1.430511474609375e-06
11306,213.3434837529785,3,18.343542,True,True,1.430511474609375e-06
11307,213.3618940759916,3,18.348563,True,True,1.430511474609375e-06
11308,213.38016787101515,3,18.217508,True,True,1.430511474609375e-06
11309,213.3981329270173,3,17.914361,True,True,1.430511474609375e-06
11310,213.41629447200103,3,18.114952,True,True,1.430511474609375e-06
11311,213.4344776259968,3,18.138116,True,True,1.430511474609375e-06
11312,213.45255801797612,3,18.037602,True,True,1.430511474609375e-06
11313,213.47101022599963,3,18.401713,True,True,1.430511474609375e-06
11314,213.4888636280084,3,17.808553,True,True,1.430511474609375e-06
11315,213.50698683899827,3,18.074861,True,True,1.430511474609375e-06
11316,213.52507190802135,3,18.042127,True,True,1.430511474609375e-06
11317,213.54311703098938,3,17.995689,True,True,1.430511474609375e-06
11318,213.5614958340302,3,18.32735,True,True,1.430511474609375e-06
11319,213.5798745789798,3,18.32745,True,True,1.430511474609375e-06
11320,213.59832575701876,3,18.373817,True,True,1.430511474609375e-06
11321,213.61655758402776,3,18.161287,True,True,1.430511474609375e-06
11322,213.6349840440089,3,18.319567,True,True,1.430511474609375e-06
11323,213.65328628499992,3,18.235141,True,True,1.430511474609375e-06
11324,213.67130778502906,3,17.973129,True,True,1.430511474609375e-06
11325,213.68995430198265,3,18.600919,True,True,1.430511474609375e-06
11326,213.70810569700552,3,18.107706,True,True,1.430511474609375e-06
11327,213.726478703029,3,18.330066,True,True,1.430511474609375e-06
11328,213.7450033960049,3,18.446765,True,True,1.430511474609375e-06
11329,213.76333780499408,3,18.242171,True,True,1.430511474609375e-06
11330,213.7815745130065,3,18.168615,True,True,1.430511474609375e-06
11331,213.79972151701804,3,18.098053,True,True,1.430511474609375e-06
11332,213.8179616020061,3,18.190358,True,True,1.430511474609375e-06
11333,213.83612758701202,3,18.116883,True,True,1.430511474609375e-06
11334,213.85406662599416,3,17.889319,True,True,1.430511474609375e-06
11335,213.87232838198543,3,18.215846,True,True,1.430511474609375e-06
11336,213.8907055829768,3,18.332493,True,True,1.430511474609375e-06
11337,213.90895295300288,3,18.201914,True,True,1.430511474609375e-06
11338,213.92686593497638,3,17.870672,True,True,1.430511474609375e-06
11339,213.94493326800875,3,18.024237,True,True,1.430511474609375e-06
11340,213.9628229480004,3,17.850151,True,True,1.430511474609375e-06
11341,213.98075124400202,3,17.886998,True,True,1.430511474609375e-06
11342,213.9987330000149,3,17.942638,True,True,1.430511474609375e-06
11343,214.01676808902994,3,17.996775,True,True,1.430511474609375e-06
11344,214.03500819799956,3,18.193525,True,True,1.430511474609375e-06
11345,214.05336499598343,3,18.314938,True,True,1.430511474609375e-06
11346,214.07168267999077,3,18.272857,True,True,1.430511474609375e-06
11347,214.0898552510189,3,18.128086,True,True,1.430511474609375e-06
11348,214.1079528669943,3,18.05435,True,True,1.430511474609375e-06
11349,214.12589372100774,3,17.901051,True,True,1.430511474609375e-06
11350,214.14401068602456,3,18.074068,True,True,1.430511474609375e-06
11351,214.16210988501552,3,18.059219,True,True,1.430511474609375e-06
11352,214.17999629600672,3,17.84322,True,True,1.430511474609375e-06
11353,214.2013292980264,3,21.290561,True,True,1.430511474609375e-06
11354,214.2281634780229,3,26.736911,True,True,1.430511474609375e-06
11355,214.24696290999418,3,18.710819,True,True,1.430511474609375e-06
11356,214.26527902903035,3,18.261345,True,True,1.430511474609375e-06
11357,214.2833067959873,3,17.975996,True,True,1.430511474609375e-06
11358,214.30142582498956,3,18.071251,True,True,1.430511474609375e-06
11359,214.33113539998885,3,29.652982,True,True,1.430511474609375e-06
11360,214.34988261002582,3,18.640999,True,True,1.430511474609375e-06
11361,214.36822417698568,3,18.276443,True,True,1.430511474609375e-06
11362,214.38669187400956,3,18.411618,True,True,1.430511474609375e-06
11363,214.40520272502908,3,18.462687,True,True,1.430511474609375e-06
11364,214.42339425400132,3,18.139284,True,True,1.430511474609375e-06
11365,214.44148860801943,3,18.04868,True,True,1.430511474609375e-06
11366,214.4598301309743,3,18.294975,True,True,1.430511474609375e-06
11367,214.48515719600255,3,25.269084,True,True,1.430511474609375e-06
11368,214.50693105801474,3,21.672518,True,True,1.430511474609375e-06
11369,214.52524205698865,3,18.249668,True,True,1.430511474609375e-06
11370,214.54463189502712,3,19.332654,True,True,1.430511474609375e-06
11371,214.56309906201204,3,18.386385,True,True,1.430511474609375e-06
11372,214.58166249201167,3,18.505396,True,True,1.430511474609375e-06
11373,214.5999755570083,3,18.237843,True,True,1.430511474609375e-06
11374,214.61835896701086,3,18.324124,True,True,1.430511474609375e-06
11375,214.63710682699457,3,18.695945,True,True,1.430511474609375e-06
11376,214.6553284850088,3,18.171825,True,True,1.430511474609375e-06
11377,214.67379274900304,3,18.409763,True,True,1.430511474609375e-06
11378,214.69197418401018,3,18.132994,True,True,1.430511474609375e-06
11379,214.71013269899413,3,18.114163,True,True,1.430511474609375e-06
11380,214.72829251200892,3,18.116651,True,True,1.430511474609375e-06
11381,214.74706875201082,3,18.736573,True,True,1.430511474609375e-06
11382,214.7653827050235,3,18.259988,True,True,1.430511474609375e-06
11383,214.78351990197552,3,18.087622,True,True,1.430511474609375e-06
11384,214.80174117197748,3,18.169421,True,True,1.430511474609375e-06
11385,214.82042194198584,3,18.636627,True,True,1.430511474609375e-06
11386,214.83893757499754,3,18.457696,True,True,1.430511474609375e-06
11387,214.85721476498293,3,18.22073,True,True,1.430511474609375e-06
11388,214.87505847698776,3,17.788199,True,True,1.430511474609375e-06
11389,214.89319173799595,3,18.089087,True,True,1.430511474609375e-06
11390,214.91133390303003,3,18.088332,True,True,1.430511474609375e-06
11391,214.92994193802588,3,18.562302,True,True,1.430511474609375e-06
11392,214.9482675140025,3,18.276325,True,True,1.430511474609375e-06
11393,214.9662248949753,3,17.915009,True,True,1.430511474609375e-06
11394,214.98434433201328,3,18.078835,True,True,1.430511474609375e-06
11395,215.00247494701762,3,18.087047,True,True,1.430511474609375e-06
11396,215.0203533010208,3,17.835374,True,True,1.430511474609375e-06
11397,215.0391540530254,3,18.758063,True,True,1.430511474609375e-06
11398,215.05758594500367,3,18.389398,True,True,1.430511474609375e-06
11399,215.07584109599702,3,18.195886,True,True,1.430511474609375e-06
11400,215.09363512997515,3,17.746059,True,True,1.430511474609375e-06
11401,215.1116408809903,3,17.964669,True,True,1.430511474609375e-06
11402,215.1303841350018,3,18.702277,True,True,1.430511474609375e-06
11403,215.14865957497386,3,18.233781,True,True,1.430511474609375e-06
11404,215.16700150602264,3,18.29291,True,True,1.430511474609375e-06
11405,215.1853427659953,3,18.297356,True,True,1.430511474609375e-06
11406,215.21400884300238,3,28.617633,True,True,1.430511474609375e-06
11407,215.23449037998216,3,20.380671,True,True,1.430511474609375e-06
11408,215.25287200399907,3,18.313265,True,True,1.430511474609375e-06
11409,215.27123699802905,3,18.316714,True,True,1.430511474609375e-06
11410,215.28914191701915,3,17.853688,True,True,1.430511474609375e-06
11411,215.30720901698805,3,18.013149,True,True,1.430511474609375e-06
11412,215.33698290301254,3,29.713988,True,True,1.430511474609375e-06
11413,215.35556049400475,3,18.482379,True,True,1.430511474609375e-06
11414,215.3739460729994,3,18.32182,True,True,1.430511474609375e-06
11415,215.39214070502203,3,18.146511,True,True,1.430511474609375e-06
11416,215.41014566097874,3,17.949617,True,True,1.430511474609375e-06
11417,215.42847023002105,3,18.28157,True,True,1.430511474609375e-06
11418,215.4470560689806,3,18.535041,True,True,1.430511474609375e-06
11419,215.46521667100023,3,18.114967,True,True,1.430511474609375e-06
11420,215.4834132459946,3,18.144751,True,True,1.430511474609375e-06
11421,215.5017271990073,3,18.268431,True,True,1.430511474609375e-06
11422,215.51987243600888,3,18.098922,True,True,1.430511474609375e-06
11423,215.53848541597836,3,18.566537,True,True,1.430511474609375e-06
11424,215.5565857340116,3,18.038134,True,True,1.430511474609375e-06
11425,215.57513646403095,3,18.497296,True,True,1.430511474609375e-06
11426,215.5935156440246,3,18.316103,True,True,1.430511474609375e-06
11427,215.61171362700406,3,18.122031,True,True,1.430511474609375e-06
11428,215.63050686899805,3,18.734836,True,True,1.430511474609375e-06
11429,215.64890006999485,3,18.33278,True,True,1.430511474609375e-06
11430,215.66729805100476,3,18.347781,True,True,1.430511474609375e-06
11431,215.68570911098504,3,18.356313,True,True,1.430511474609375e-06
11432,215.70393066498218,3,18.176106,True,True,1.430511474609375e-06
11433,215.72211616602726,3,18.142943,True,True,1.430511474609375e-06
11434,215.7409531280282,3,18.78911,True,True,1.430511474609375e-06
11435,215.75948623102158,3,18.474567,True,True,1.430511474609375e-06
11436,215.77746046398534,3,17.91848,True,True,1.430511474609375e-06
11437,215.7955440140213,3,18.033955,True,True,1.430511474609375e-06
11438,215.81359676399734,3,18.00729,True,True,1.430511474609375e-06
11439,215.83216090098722,3,18.513959,True,True,1.430511474609375e-06
11440,215.85057457000948,3,18.353657,True,True,1.430511474609375e-06
11441,215.8687303980114,3,18.1081,True,True,1.430511474609375e-06
11442,215.88702453899896,3,18.248532,True,True,1.430511474609375e-06
11443,215.90518731001066,3,18.116145,True,True,1.430511474609375e-06
11444,215.92325845599407,3,18.025596,True,True,1.430511474609375e-06
11445,215.94215849402826,3,18.85542,True,True,1.430511474609375e-06
11446,215.96036604401888,3,18.159993,True,True,1.430511474609375e-06
11447,215.97856893303106,3,18.16129,True,True,1.430511474609375e-06
11448,215.99682820698945,3,18.212628,True,True,1.430511474609375e-06
11449,216.01519715902396,3,18.327676,True,True,1.430511474609375e-06
11450,216.03379513398977,3,18.555442,True,True,1.430511474609375e-06
11451,216.05204897199292,3,18.205177,True,True,1.430511474609375e-06
11452,216.07020137802465,3,18.107189,True,True,1.430511474609375e-06
11453,216.0881676329882,3,17.919524,True,True,1.430511474609375e-06
11454,216.10625122097554,3,18.04249,True,True,1.430511474609375e-06
11455,216.12437377602328,3,18.079544,True,True,1.430511474609375e-06
11456,216.1428792179795,3,18.464206,True,True,1.430511474609375e-06
11457,216.1712658299948,3,28.319976,True,True,1.430511474609375e-06
11458,216.1898003789829,3,18.44854,True,True,1.430511474609375e-06
11459,216.21846865402767,3,28.607833,True,True,1.430511474609375e-06
11460,216.238687879988,3,20.128803,True,True,1.430511474609375e-06
11461,216.25747841299744,3,18.729549,True,True,1.430511474609375e-06
11462,216.27592935197754,3,18.397824,True,True,1.430511474609375e-06
11463,216.29389883199474,3,17.92217,True,True,1.430511474609375e-06
11464,216.31461539299926,3,20.667772,True,True,1.430511474609375e-06
11465,216.3423644360155,3,27.673914,True,True,1.430511474609375e-06
11466,216.36132969299797,3,18.866489,True,True,1.430511474609375e-06
11467,216.37967247201595,3,18.266853,True,True,1.430511474609375e-06
11468,216.39815032301703,3,18.407921,True,True,1.430511474609375e-06
11469,216.4165653460077,3,18.311957,True,True,1.430511474609375e-06
11470,216.43510527099716,3,18.473603,True,True,1.430511474609375e-06
11471,216.4536245560157,3,18.47049,True,True,1.430511474609375e-06
11472,216.47175097302534,3,18.070069,True,True,1.430511474609375e-06
11473,216.48977935500443,3,17.971716,True,True,1.430511474609375e-06
11474,216.50809952698182,3,18.272208,True,True,1.430511474609375e-06
11475,216.5265882309759,3,18.406049,True,True,1.430511474609375e-06
11476,216.5449834910105,3,18.304387,True,True,1.430511474609375e-06
11477,216.56408038601512,3,19.037419,True,True,1.430511474609375e-06
11478,216.58356576698134,3,19.420689,True,True,1.430511474609375e-06
11479,216.60259831300937,3,18.893581,True,True,1.430511474609375e-06
11480,216.62111613102024,3,18.396548,True,True,1.430511474609375e-06
11481,216.63944311800878,3,18.256397,True,True,1.430511474609375e-06
11482,216.65869029401802,3,19.193175,True,True,1.430511474609375e-06
11483,216.67681476502912,3,18.07346,True,True,1.430511474609375e-06
11484,216.69497790298192,3,18.108747,True,True,1.430511474609375e-06
11485,216.71324129897403,3,18.215884,True,True,1.430511474609375e-06
11486,216.73155611101538,3,18.254473,True,True,1.430511474609375e-06
11487,216.74950804997934,3,17.903932,True,True,1.430511474609375e-06
11488,216.76818857400212,3,18.628315,True,True,1.430511474609375e-06
11489,216.78611634502886,3,17.871651,True,True,1.430511474609375e-06
11490,216.80725193099352,3,21.086683,True,True,1.430511474609375e-06
11491,216.83011589298258,3,22.789775,True,True,1.430511474609375e-06
11492,216.8516320619965,3,21.44228,True,True,1.430511474609375e-06
11493,216.86995657999068,3,18.267301,True,True,1.430511474609375e-06
11494,216.88811215601163,3,18.108689,True,True,1.430511474609375e-06
11495,216.90628117701272,3,18.120037,True,True,1.430511474609375e-06
11496,216.92499510402558,3,18.66782,True,True,1.430511474609375e-06
11497,216.9432893319754,3,18.247215,True,True,1.430511474609375e-06
11498,216.96169416198973,3,18.361432,True,True,1.430511474609375e-06
11499,216.97992134600645,3,18.183522,True,True,1.430511474609375e-06
11500,216.99810266599525,3,18.136984,True,True,1.430511474609375e-06
11501,217.0159950639936,3,17.848789,True,True,1.430511474609375e-06
11502,217.034404481994,3,18.369057,True,True,1.430511474609375e-06
11503,217.05265979701653,3,18.20425,True,True,1.430511474609375e-06
11504,217.07084935501916,3,18.147365,True,True,1.430511474609375e-06
11505,217.0890453470056,3,18.154709,True,True,1.430511474609375e-06
11506,217.10754109697882,3,18.450918,True,True,1.430511474609375e-06
11507,217.12613921699813,3,18.555369,True,True,1.430511474609375e-06
11508,217.14428378199227,3,18.097975,True,True,1.430511474609375e-06
11509,217.16246220801258,3,18.133064,True,True,1.430511474609375e-06
11510,217.18036405800376,3,17.856268,True,True,1.430511474609375e-06
11511,217.20185677002883,3,21.445517,True,True,1.430511474609375e-06
11512,217.2287124620052,3,26.765881,True,True,1.430511474609375e-06
11513,217.24718047201168,3,18.386207,True,True,1.430511474609375e-06
11514,217.26539756701095,3,18.16319,True,True,1.430511474609375e-06
11515,217.28373195702443,3,18.280455,True,True,1.430511474609375e-06
11516,217.3021473030094,3,18.368649,True,True,1.430511474609375e-06
11517,217.32087195297936,3,18.680245,True,True,1.430511474609375e-06
11518,217.35069274099078,3,29.768634,True,True,1.430511474609375e-06
11519,217.3692948759999,3,18.497581,True,True,1.430511474609375e-06
11520,217.38749098801054,3,18.128782,True,True,1.430511474609375e-06
11521,217.40546204999555,3,17.919329,True,True,1.430511474609375e-06
11522,217.42414455203107,3,18.635904,True,True,1.430511474609375e-06
11523,217.44227223302005,3,18.079085,True,True,1.430511474609375e-06
11524,217.4603098499938,3,17.991738,True,True,1.430511474609375e-06
11525,217.48830477602314,3,27.94369,True,True,1.430511474609375e-06
11526,217.50677593,3,18.39959,True,True,1.430511474609375e-06
11527,217.52491118799662,3,18.084508,True,True,1.430511474609375e-06
11528,217.543103916978,3,18.142437,True,True,1.430511474609375e-06
11529,217.56116542202653,3,18.011924,True,True,1.430511474609375e-06
11530,217.57981027301867,3,18.596654,True,True,1.430511474609375e-06
11531,217.59842306602513,3,18.533354,True,True,1.430511474609375e-06
11532,217.61691208998673,3,18.422993,True,True,1.430511474609375e-06
11533,217.6351926859934,3,18.226028,True,True,1.430511474609375e-06
11534,217.65339945902815,3,18.144575,True,True,1.430511474609375e-06
11535,217.671479311015,3,18.031571,True,True,1.430511474609375e-06
11536,217.68954234698322,3,18.019139,True,True,1.430511474609375e-06
11537,217.70750954799587,3,17.925958,True,True,1.430511474609375e-06
11538,217.72574411699316,3,18.191894,True,True,1.430511474609375e-06
11539,217.7438745870022,3,18.089484,True,True,1.430511474609375e-06
11540,217.76198453002144,3,18.065158,True,True,1.430511474609375e-06
11541,217.7800448060152,3,18.020204,True,True,1.430511474609375e-06
11542,217.79810981202172,3,18.019691,True,True,1.430511474609375e-06
11543,217.81642966897925,3,18.273636,True,True,1.430511474609375e-06
11544,217.83461530698696,3,18.138533,True,True,1.430511474609375e-06
11545,217.85279262898257,3,18.130818,True,True,1.430511474609375e-06
11546,217.87084247497842,3,18.00774,True,True,1.430511474609375e-06
11547,217.88897795701632,3,18.091586,True,True,1.430511474609375e-06
11548,217.90729961899342,3,18.277395,True,True,1.430511474609375e-06
11549,217.92547839699546,3,18.134966,True,True,1.430511474609375e-06
11550,217.9438286520308,3,18.309342,True,True,1.430511474609375e-06
11551,217.9621180120157,3,18.245572,True,True,1.430511474609375e-06
11552,217.98043698701076,3,18.27636,True,True,1.430511474609375e-06
11553,217.9988973630243,3,18.416183,True,True,1.430511474609375e-06
11554,218.01705435098847,3,18.115475,True,True,1.430511474609375e-06
11555,218.03525807498954,3,18.16273,True,True,1.430511474609375e-06
11556,218.0535838190117,3,18.281684,True,True,1.430511474609375e-06
11557,218.07180213200627,3,18.174767,True,True,1.430511474609375e-06
11558,218.09011839597952,3,18.267007,True,True,1.430511474609375e-06
11559,218.10860050201882,3,18.437256,True,True,1.430511474609375e-06
11560,218.12685961899115,3,18.214636,True,True,1.430511474609375e-06
11561,218.1451183820027,3,18.217934,True,True,1.430511474609375e-06
11562,218.16350348800188,3,18.338321,True,True,1.430511474609375e-06
11563,218.18176462699194,3,18.214952,True,True,1.430511474609375e-06
11564,218.2061984760221,3,24.384906,True,True,1.430511474609375e-06
11565,218.23005657002795,3,23.745972,True,True,1.430511474609375e-06
11566,218.2484790959861,3,18.351071,True,True,1.430511474609375e-06
11567,218.2669055829756,3,18.376432,True,True,1.430511474609375e-06
11568,218.28521261998685,3,18.257928,True,True,1.430511474609375e-06
11569,218.30558459402528,3,20.326276,True,True,1.430511474609375e-06
11570,218.33067215798656,3,25.026942,True,True,1.430511474609375e-06
11571,218.36078009702032,3,30.043462,True,True,1.430511474609375e-06
11572,218.3793917670264,3,18.513313,True,True,1.430511474609375e-06
11573,218.39780047000386,3,18.343541,True,True,1.430511474609375e-06
11574,218.41585651697824,3,17.985597,True,True,1.430511474609375e-06
11575,218.43402243498713,3,18.119639,True,True,1.430511474609375e-06
11576,218.45218442298938,3,18.110939,True,True,1.430511474609375e-06
11577,218.47017913899617,3,17.950856,True,True,1.430511474609375e-06
11578,218.4883107339847,3,18.079923,True,True,1.430511474609375e-06
11579,218.50639529002365,3,18.035005,True,True,1.430511474609375e-06
11580,218.52450596098788,3,18.061652,True,True,1.430511474609375e-06
11581,218.54270733997691,3,18.152673,True,True,1.430511474609375e-06
11582,218.56065184500767,3,17.890217,True,True,1.430511474609375e-06
11583,218.57897443999536,3,18.266883,True,True,1.430511474609375e-06
11584,218.5970588690252,3,18.02672,True,True,1.430511474609375e-06
11585,218.61547543201596,3,18.349811,True,True,1.430511474609375e-06
11586,218.63400388200535,3,18.47232,True,True,1.430511474609375e-06
11587,218.65248002298176,3,18.370097,True,True,1.430511474609375e-06
11588,218.67102711700136,3,18.465133,True,True,1.430511474609375e-06
11589,218.6891688220203,3,18.088057,True,True,1.430511474609375e-06
11590,218.70731501397677,3,18.098882,True,True,1.430511474609375e-06
11591,218.72561286302516,3,18.251595,True,True,1.430511474609375e-06
11592,218.74360089201946,3,17.945639,True,True,1.430511474609375e-06
11593,218.76192562101642,3,18.261312,True,True,1.430511474609375e-06
11594,218.7802881260286,3,18.266563,True,True,1.430511474609375e-06
11595,218.79822224000236,3,17.868196,True,True,1.430511474609375e-06
11596,218.81620761798695,3,17.940162,True,True,1.430511474609375e-06
11597,218.83415484201396,3,17.900553,True,True,1.430511474609375e-06
11598,218.85254837898538,3,18.341296,True,True,1.430511474609375e-06
11599,218.8709474169882,3,18.304034,True,True,1.430511474609375e-06
11600,218.8895412380225,3,18.517828,True,True,1.430511474609375e-06
11601,218.9079635820235,3,18.323834,True,True,1.430511474609375e-06
11602,218.92629658000078,3,18.261737,True,True,1.430511474609375e-06
11603,218.94453163899016,3,18.174718,True,True,1.430511474609375e-06
11604,218.96252581500448,3,17.935009,True,True,1.430511474609375e-06
11605,218.9804794730153,3,17.894402,True,True,1.430511474609375e-06
11606,218.99865937500726,3,18.125331,True,True,1.430511474609375e-06
11607,219.01655065902742,3,17.837858,True,True,1.430511474609375e-06
11608,219.0344735410181,3,17.873807,True,True,1.430511474609375e-06
11609,219.05237667099573,3,17.857101,True,True,1.430511474609375e-06
11610,219.07054640800925,3,18.113505,True,True,1.430511474609375e-06
11611,219.08841716399183,3,17.817076,True,True,1.430511474609375e-06
11612,219.10642029199516,3,17.959228,True,True,1.430511474609375e-06
11613,219.1246232429985,3,18.155113,True,True,1.430511474609375e-06
11614,219.14248077501543,3,17.813128,True,True,1.430511474609375e-06
11615,219.17076683300547,3,28.234018,True,True,1.430511474609375e-06
11616,219.18910573300673,3,18.252387,True,True,1.430511474609375e-06
11617,219.2189819670166,3,29.814463,True,True,1.430511474609375e-06
11618,219.23760457203025,3,18.517342,True,True,1.430511474609375e-06
11619,219.25594757002546,3,18.280207,True,True,1.430511474609375e-06
11620,219.27393196499906,3,17.930015,True,True,1.430511474609375e-06
11621,219.29197652998846,3,17.989876,True,True,1.430511474609375e-06
11622,219.3098479770124,3,17.825847,True,True,1.430511474609375e-06
11623,219.3300317050307,3,20.133396,True,True,1.430511474609375e-06
11624,219.3579876649892,3,27.892237,True,True,1.430511474609375e-06
11625,219.37656551401597,3,18.472366,True,True,1.430511474609375e-06
11626,219.3948730659904,3,18.244897,True,True,1.430511474609375e-06
11627,219.41315718600526,3,18.22841,True,True,1.430511474609375e-06
11628,219.4309514259803,3,17.74497,True,True,1.430511474609375e-06
11629,219.449031481985,3,18.030269,True,True,1.430511474609375e-06
11630,219.46708506299183,3,18.006395,True,True,1.430511474609375e-06
11631,219.48507426300785,3,17.934157,True,True,1.430511474609375e-06
11632,219.50304549298016,3,17.922555,True,True,1.430511474609375e-06
11633,219.5211334080086,3,18.042906,True,True,1.430511474609375e-06
11634,219.539403037983,3,18.214751,True,True,1.430511474609375e-06
11635,219.55738065601327,3,17.929967,True,True,1.430511474609375e-06
11636,219.575901151984,3,18.474388,True,True,1.430511474609375e-06
11637,219.59424091503024,3,18.261128,True,True,1.430511474609375e-06
11638,219.6124878010014,3,18.18609,True,True,1.430511474609375e-06
11639,219.6304638030124,3,17.923923,True,True,1.430511474609375e-06
11640,219.6483834690298,3,17.869776,True,True,1.430511474609375e-06
11641,219.66661004698835,3,18.175883,True,True,1.430511474609375e-06
11642,219.6845937910257,3,17.936392,True,True,1.430511474609375e-06
11643,219.70270567201078,3,18.065637,True,True,1.430511474609375e-06
11644,219.7211807880085,3,18.396621,True,True,1.430511474609375e-06
11645,219.73953032202553,3,18.268233,True,True,1.430511474609375e-06
11646,219.75833150499966,3,18.716744,True,True,1.430511474609375e-06
11647,219.77695739199407,3,18.50325,True,True,1.430511474609375e-06
11648,219.79550420801388,3,18.436848,True,True,1.430511474609375e-06
11649,219.8136725340155,3,18.103653,True,True,1.430511474609375e-06
11650,219.83175981702516,3,18.039534,True,True,1.430511474609375e-06
11651,219.84993696201127,3,18.134903,True,True,1.430511474609375e-06
11652,219.86806871998124,3,18.078974,True,True,1.430511474609375e-06
11653,219.88598291802919,3,17.868967,True,True,1.430511474609375e-06
11654,219.90404829598265,3,18.014624,True,True,1.430511474609375e-06
11655,219.92195439198986,3,17.858666,True,True,1.430511474609375e-06
11656,219.94011169398436,3,18.114023,True,True,1.430511474609375e-06
11657,219.95796950702788,3,17.81584,True,True,1.430511474609375e-06
11658,219.97598639398348,3,17.974073,True,True,1.430511474609375e-06
11659,219.99392498802627,3,17.894611,True,True,1.430511474609375e-06
11660,220.01199260598514,3,18.026884,True,True,1.430511474609375e-06
11661,220.03000706603052,3,17.971571,True,True,1.430511474609375e-06
11662,220.04805477900663,3,18.005064,True,True,1.430511474609375e-06
11663,220.0661567170173,3,18.060659,True,True,1.430511474609375e-06
11664,220.08405943698017,3,17.858411,True,True,1.430511474609375e-06
11665,220.10209231998306,3,17.993116,True,True,1.430511474609375e-06
11666,220.12029364902992,3,18.161009,True,True,1.430511474609375e-06
11667,220.13846967701102,3,18.135378,True,True,1.430511474609375e-06
11668,220.15660301299067,3,18.086063,True,True,1.430511474609375e-06
11669,220.17475394002395,3,18.110009,True,True,1.430511474609375e-06
11670,220.1928965540137,3,18.097064,True,True,1.430511474609375e-06
11671,220.2206925629871,3,27.738918,True,True,1.430511474609375e-06
11672,220.24095972499344,3,20.16279,True,True,1.430511474609375e-06
11673,220.25925822701538,3,18.231365,True,True,1.430511474609375e-06
11674,220.27744233602425,3,18.134068,True,True,1.430511474609375e-06
11675,220.29534746799618,3,17.855572,True,True,1.430511474609375e-06
11676,220.3133411059971,3,17.950956,True,True,1.430511474609375e-06
11677,220.33158469502814,3,18.197795,True,True,1.430511474609375e-06
11678,220.35597414302174,3,24.336156,True,True,1.430511474609375e-06
11679,220.3801136679831,3,24.033875,True,True,1.430511474609375e-06
11680,220.39852521201828,3,18.330581,True,True,1.430511474609375e-06
11681,220.41680703498423,3,18.224609,True,True,1.430511474609375e-06
11682,220.43508649000432,3,18.226611,True,True,1.430511474609375e-06
11683,220.45325186400441,3,18.119943,True,True,1.430511474609375e-06
11684,220.47141755302437,3,18.122187,True,True,1.430511474609375e-06
11685,220.48971194803016,3,18.244422,True,True,1.430511474609375e-06
11686,220.50769820500864,3,17.939782,True,True,1.430511474609375e-06
11687,220.52580640203087,3,18.061119,True,True,1.430511474609375e-06
11688,220.5439070839784,3,18.055722,True,True,1.430511474609375e-06
11689,220.56181278498843,3,17.852129,True,True,1.430511474609375e-06
11690,220.57987156201852,3,18.006702,True,True,1.430511474609375e-06
11691,220.59823354199762,3,18.280216,True,True,1.430511474609375e-06
11692,220.61621258198284,3,17.91731,True,True,1.430511474609375e-06
11693,220.63443824002752,3,18.160808,True,True,1.430511474609375e-06
11694,220.6526572899893,3,18.168062,True,True,1.430511474609375e-06
11695,220.67098788102157,3,18.282034,True,True,1.430511474609375e-06
11696,220.68943478201982,3,18.397063,True,True,1.430511474609375e-06
11697,220.70756026002346,3,18.080098,True,True,1.430511474609375e-06
11698,220.72574425803032,3,18.139127,True,True,1.430511474609375e-06
11699,220.7436217200011,3,17.835733,True,True,1.430511474609375e-06
11700,220.76161470700754,3,17.949823,True,True,1.430511474609375e-06
11701,220.77982989698648,3,18.167661,True,True,1.430511474609375e-06
11702,220.79779586102813,3,17.92084,True,True,1.430511474609375e-06
11703,220.8159550849814,3,18.116375,True,True,1.430511474609375e-06
11704,220.8339337860234,3,17.933113,True,True,1.430511474609375e-06
11705,220.85194436099846,3,17.969156,True,True,1.430511474609375e-06
11706,220.86988785600988,3,17.89389,True,True,1.430511474609375e-06
11707,220.88786541402806,3,17.927248,True,True,1.430511474609375e-06
11708,220.90606896497775,3,18.154267,True,True,1.430511474609375e-06
11709,220.92421927698888,3,18.102225,True,True,1.430511474609375e-06
11710,220.94235609000316,3,18.09182,True,True,1.430511474609375e-06
11711,220.96047654701397,3,18.073436,True,True,1.430511474609375e-06
11712,220.9783025730285,3,17.785059,True,True,1.430511474609375e-06
11713,220.99630332301604,3,17.950943,True,True,1.430511474609375e-06
11714,221.01461112702964,3,18.26654,True,True,1.430511474609375e-06
11715,221.03245643200353,3,17.804554,True,True,1.430511474609375e-06
11716,221.050569249026,3,18.070556,True,True,1.430511474609375e-06
11717,221.07541880302597,3,24.808531,True,True,1.430511474609375e-06
11718,221.0970644680201,3,21.566987,True,True,1.430511474609375e-06
11719,221.11553603201173,3,18.415071,True,True,1.430511474609375e-06
11720,221.13372046197765,3,18.138283,True,True,1.430511474609375e-06
11721,221.15196408500196,3,18.202868,True,True,1.430511474609375e-06
11722,221.1699370429851,3,17.931228,True,True,1.430511474609375e-06
11723,221.18808652600273,3,18.104059,True,True,1.430511474609375e-06
11724,221.21606954699382,3,27.938505,True,True,1.430511474609375e-06
11725,221.23681962798582,3,20.640328,True,True,1.430511474609375e-06
11726,221.2553520000074,3,18.465285,True,True,1.430511474609375e-06
11727,221.27362342597917,3,18.217402,True,True,1.430511474609375e-06
11728,221.29219890298555,3,18.505137,True,True,1.430511474609375e-06
11729,221.3100162220071,3,17.766831,True,True,1.430511474609375e-06
11730,221.32813968497794,3,18.075807,True,True,1.430511474609375e-06
11731,221.34842076600762,3,20.228706,True,True,1.430511474609375e-06
11732,221.3767262190231,3,28.23311,True,True,1.430511474609375e-06
11733,221.39539902599063,3,18.55807,True,True,1.430511474609375e-06
11734,221.41355284297606,3,18.089376,True,True,1.430511474609375e-06
11735,221.43144270201446,3,17.841315,True,True,1.430511474609375e-06
11736,221.4495234430069,3,18.037508,True,True,1.430511474609375e-06
11737,221.4677741890191,3,18.194208,True,True,1.430511474609375e-06
11738,221.4864623110043,3,18.625586,True,True,1.430511474609375e-06
11739,221.50522866402753,3,18.663314,True,True,1.430511474609375e-06
11740,221.52377345401328,3,18.436628,True,True,1.430511474609375e-06
11741,221.5420191360172,3,18.162073,True,True,1.430511474609375e-06
11742,221.5604224820272,3,18.347747,True,True,1.430511474609375e-06
11743,221.57868304097792,3,18.211341,True,True,1.430511474609375e-06
11744,221.59685263299616,3,18.102607,True,True,1.430511474609375e-06
11745,221.61511587002315,3,18.207968,True,True,1.430511474609375e-06
11746,221.63318816100946,3,18.022196,True,True,1.430511474609375e-06
11747,221.6511930199922,3,17.950459,True,True,1.430511474609375e-06
11748,221.66925865999656,3,18.013724,True,True,1.430511474609375e-06
11749,221.68716247199336,3,17.854198,True,True,1.430511474609375e-06
11750,221.7052888859762,3,18.078304,True,True,1.430511474609375e-06
11751,221.72344714199426,3,18.111183,True,True,1.430511474609375e-06
11752,221.74143512902083,3,17.943877,True,True,1.430511474609375e-06
11753,221.75948978797533,3,18.011444,True,True,1.430511474609375e-06
11754,221.77750781102804,3,17.967596,True,True,1.430511474609375e-06
11755,221.79544979397906,3,17.894112,True,True,1.430511474609375e-06
11756,221.81362211797386,3,18.122835,True,True,1.430511474609375e-06
11757,221.83179512800416,3,18.131883,True,True,1.430511474609375e-06
11758,221.8502001509769,3,18.362795,True,True,1.430511474609375e-06
11759,221.8685150310048,3,18.265896,True,True,1.430511474609375e-06
11760,221.8864160469966,3,17.855718,True,True,1.430511474609375e-06
11761,221.90457162697567,3,18.110098,True,True,1.430511474609375e-06
11762,221.92278295999859,3,18.169588,True,True,1.430511474609375e-06
11763,221.9406769889756,3,17.849818,True,True,1.430511474609375e-06
11764,221.9588844489772,3,18.167473,True,True,1.430511474609375e-06
11765,221.97700424602954,3,18.077512,True,True,1.430511474609375e-06
11766,221.99497689702548,3,17.930466,True,True,1.430511474609375e-06
11767,222.0131276259781,3,18.109446,True,True,1.430511474609375e-06
11768,222.0311948999879,3,18.022824,True,True,1.430511474609375e-06
11769,222.0492727829842,3,18.036522,True,True,1.430511474609375e-06
11770,222.06741655501537,3,18.063962,True,True,1.430511474609375e-06
11771,222.08565035299398,3,18.17326,True,True,1.430511474609375e-06
11772,222.10374064202188,3,18.040017,True,True,1.430511474609375e-06
11773,222.12194603902753,3,18.16148,True,True,1.430511474609375e-06
11774,222.1399574049865,3,17.968643,True,True,1.430511474609375e-06
11775,222.1582380780019,3,18.240107,True,True,1.430511474609375e-06
11776,222.17614587798016,3,17.864319,True,True,1.430511474609375e-06
11777,222.19641357299406,3,20.226515,True,True,1.430511474609375e-06
11778,222.22241470898734,3,25.949715,True,True,1.430511474609375e-06
11779,222.24243273597676,3,19.91596,True,True,1.430511474609375e-06
11780,222.26078800897812,3,18.291552,True,True,1.430511474609375e-06
11781,222.2790001570247,3,18.162316,True,True,1.430511474609375e-06
11782,222.29708488000324,3,18.038102,True,True,1.430511474609375e-06
11783,222.31521681701997,3,18.085911,True,True,1.430511474609375e-06
11784,222.33340505702654,3,18.143354,True,True,1.430511474609375e-06
11785,222.3624694640166,3,29.019684,True,True,1.430511474609375e-06
11786,222.3812887420063,3,18.716609,True,True,1.430511474609375e-06
11787,222.39941107097548,3,18.053856,True,True,1.430511474609375e-06
11788,222.41755666199606,3,18.086967,True,True,1.430511474609375e-06
11789,222.43554816499818,3,17.942795,True,True,1.430511474609375e-06
11790,222.4535142009845,3,17.91969,True,True,1.430511474609375e-06
11791,222.4718857249827,3,18.329465,True,True,1.430511474609375e-06
11792,222.49003998201806,3,18.102365,True,True,1.430511474609375e-06
11793,222.50791995000327,3,17.834592,True,True,1.430511474609375e-06
11794,222.52622361801332,3,18.260954,True,True,1.430511474609375e-06
11795,222.54425839701435,3,17.987595,True,True,1.430511474609375e-06
11796,222.56234611198306,3,18.035427,True,True,1.430511474609375e-06
11797,222.58080837503076,3,18.411519,True,True,1.430511474609375e-06
11798,222.59914315800415,3,18.254744,True,True,1.430511474609375e-06
11799,222.6172241489985,3,18.02075,True,True,1.430511474609375e-06
11800,222.63533024600474,3,18.052136,True,True,1.430511474609375e-06
11801,222.65348270302638,3,18.100973,True,True,1.430511474609375e-06
11802,222.67146034998586,3,17.930577,True,True,1.430511474609375e-06
11803,222.68949602398789,3,17.988829,True,True,1.430511474609375e-06
11804,222.70767387998058,3,18.134003,True,True,1.430511474609375e-06
11805,222.72559134900803,3,17.877209,True,True,1.430511474609375e-06
11806,222.74371978797717,3,18.088077,True,True,1.430511474609375e-06
11807,222.77201965200948,3,28.248457,True,True,1.430511474609375e-06
11808,222.79017948597902,3,18.059793,True,True,1.430511474609375e-06
11809,222.8089112539892,3,18.670286,True,True,1.430511474609375e-06
11810,222.8271767339902,3,18.212498,True,True,1.430511474609375e-06
11811,222.84540753799956,3,18.182372,True,True,1.430511474609375e-06
11812,222.86371207499178,3,18.256751,True,True,1.430511474609375e-06
11813,222.881654058001,3,17.893365,True,True,1.430511474609375e-06
11814,222.8997683370253,3,18.07167,True,True,1.430511474609375e-06
11815,222.91794338502223,3,18.1328,True,True,1.430511474609375e-06
11816,222.9361116020009,3,18.12233,True,True,1.430511474609375e-06
11817,222.95444666198455,3,18.294659,True,True,1.430511474609375e-06
11818,222.97252714802744,3,18.040796,True,True,1.430511474609375e-06
11819,222.99068808800075,3,18.121462,True,True,1.430511474609375e-06
11820,223.0090731169912,3,18.345379,True,True,1.430511474609375e-06
11821,223.02717872499488,3,18.061944,True,True,1.430511474609375e-06
11822,223.04518471099436,3,17.965396,True,True,1.430511474609375e-06
11823,223.0633173660026,3,18.090095,True,True,1.430511474609375e-06
11824,223.08166121097747,3,18.292291,True,True,1.430511474609375e-06
11825,223.09977252001408,3,18.063808,True,True,1.430511474609375e-06
11826,223.11823603598168,3,18.422508,True,True,1.430511474609375e-06
11827,223.13608623400796,3,17.80951,True,True,1.430511474609375e-06
11828,223.15403542498825,3,17.909571,True,True,1.430511474609375e-06
11829,223.17245115002152,3,18.368883,True,True,1.430511474609375e-06
11830,223.1903811499942,3,17.87858,True,True,1.430511474609375e-06
11831,223.22037220798666,3,29.942557,True,True,1.430511474609375e-06
11832,223.23890122398734,3,18.421975,True,True,1.430511474609375e-06
11833,223.25718296901323,3,18.214825,True,True,1.430511474609375e-06
11834,223.27576310298173,3,18.531956,True,True,1.430511474609375e-06
11835,223.29381385201123,3,18.005251,True,True,1.430511474609375e-06
11836,223.31199310702505,3,18.131569,True,True,1.430511474609375e-06
11837,223.33056326402584,3,18.525939,True,True,1.430511474609375e-06
11838,223.3518155789934,3,21.200708,True,True,1.430511474609375e-06
11839,223.3789534579846,3,27.052032,True,True,1.430511474609375e-06
11840,223.39756668702466,3,18.526557,True,True,1.430511474609375e-06
11841,223.42276060802396,3,25.135648,True,True,1.430511474609375e-06
11842,223.44438827002887,3,21.538815,True,True,1.430511474609375e-06
11843,223.46271522599272,3,18.268308,True,True,1.430511474609375e-06
11844,223.48058830498485,3,17.81887,True,True,1.430511474609375e-06
11845,223.4986342319753,3,17.996597,True,True,1.430511474609375e-06
11846,223.51666685199598,3,17.984426,True,True,1.430511474609375e-06
11847,223.53475657798117,3,18.039842,True,True,1.430511474609375e-06
11848,223.5531196629745,3,18.315465,True,True,1.430511474609375e-06
11849,223.57141357602086,3,18.247051,True,True,1.430511474609375e-06
11850,223.58995094697457,3,18.463696,True,True,1.430511474609375e-06
11851,223.6085629989975,3,18.50699,True,True,1.430511474609375e-06
11852,223.62680197000736,3,18.17419,True,True,1.430511474609375e-06
11853,223.64487916301005,3,18.02949,True,True,1.430511474609375e-06
11854,223.6628211690113,3,17.896642,True,True,1.430511474609375e-06
11855,223.68125588301336,3,18.389139,True,True,1.430511474609375e-06
11856,223.6995492799906,3,18.245458,True,True,1.430511474609375e-06
11857,223.7180719570024,3,18.428677,True,True,1.430511474609375e-06
11858,223.73653701198054,3,18.378022,True,True,1.430511474609375e-06
11859,223.75497474399162,3,18.386334,True,True,1.430511474609375e-06
11860,223.773271396989,3,18.243722,True,True,1.430511474609375e-06
11861,223.79162055900088,3,18.299679,True,True,1.430511474609375e-06
11862,223.80979363498045,3,18.122179,True,True,1.430511474609375e-06
11863,223.82798646797892,3,18.144055,True,True,1.430511474609375e-06
11864,223.84617916401476,3,18.148568,True,True,1.430511474609375e-06
11865,223.8644671299844,3,18.234576,True,True,1.430511474609375e-06
11866,223.88258643000154,3,18.072209,True,True,1.430511474609375e-06
11867,223.90080061601475,3,18.165608,True,True,1.430511474609375e-06
11868,223.91902442200808,3,18.17898,True,True,1.430511474609375e-06
11869,223.93699745897902,3,17.923472,True,True,1.430511474609375e-06
11870,223.95522875199094,3,18.182198,True,True,1.430511474609375e-06
11871,223.97339016699698,3,18.115227,True,True,1.430511474609375e-06
11872,223.9914704639814,3,18.028328,True,True,1.430511474609375e-06
11873,224.0094630480162,3,17.94785,True,True,1.430511474609375e-06
11874,224.02740509802243,3,17.89647,True,True,1.430511474609375e-06
11875,224.0456207410316,3,18.173223,True,True,1.430511474609375e-06
11876,224.0637993760174,3,18.13609,True,True,1.430511474609375e-06
11877,224.08891797199612,3,25.06756,True,True,1.430511474609375e-06
11878,224.10997809597757,3,20.999505,True,True,1.430511474609375e-06
11879,224.12837143498473,3,18.342399,True,True,1.430511474609375e-06
11880,224.14648533897707,3,18.069147,True,True,1.430511474609375e-06
11881,224.16437477100408,3,17.850072,True,True,1.430511474609375e-06
11882,224.1825860280078,3,18.171273,True,True,1.430511474609375e-06
11883,224.20831564598484,3,25.687105,True,True,1.430511474609375e-06
11884,224.23028126498684,3,21.848625,True,True,1.430511474609375e-06
11885,224.2487000300316,3,18.352875,True,True,1.430511474609375e-06
11886,224.26704517100006,3,18.293389,True,True,1.430511474609375e-06
11887,224.28510368597927,3,18.010759,True,True,1.430511474609375e-06
11888,224.30324285302777,3,18.086606,True,True,1.430511474609375e-06
11889,224.32131292897975,3,18.025984,True,True,1.430511474609375e-06
11890,224.33941049600253,3,18.043473,True,True,1.430511474609375e-06
11891,224.3575048550265,3,18.042888,True,True,1.430511474609375e-06
11892,224.385582864983,3,28.024021,True,True,1.430511474609375e-06
11893,224.40579583501676,3,20.104509,True,True,1.430511474609375e-06
11894,224.42432032502256,3,18.458712,True,True,1.430511474609375e-06
11895,224.44254304200877,3,18.167073,True,True,1.430511474609375e-06
11896,224.46055640402483,3,17.965235,True,True,1.430511474609375e-06
11897,224.47878193901852,3,18.176648,True,True,1.430511474609375e-06
11898,224.49712313897908,3,18.288817,True,True,1.430511474609375e-06
11899,224.5151564400294,3,17.982553,True,True,1.430511474609375e-06
11900,224.53326465102145,3,18.064025,True,True,1.430511474609375e-06
11901,224.55123774299864,3,17.923947,True,True,1.430511474609375e-06
11902,224.56928494898602,3,18.000636,True,True,1.430511474609375e-06
11903,224.58718581398716,3,17.852393,True,True,1.430511474609375e-06
11904,224.60528112901375,3,18.045538,True,True,1.430511474609375e-06
11905,224.62318244198104,3,17.853893,True,True,1.430511474609375e-06
11906,224.64134431898128,3,18.115617,True,True,1.430511474609375e-06
11907,224.6595338319894,3,18.145611,True,True,1.430511474609375e-06
11908,224.67771553399507,3,18.13887,True,True,1.430511474609375e-06
11909,224.69590731197968,3,18.149878,True,True,1.430511474609375e-06
11910,224.7141678520129,3,18.220095,True,True,1.430511474609375e-06
11911,224.7325093820109,3,18.294845,True,True,1.430511474609375e-06
11912,224.75096766202478,3,18.414483,True,True,1.430511474609375e-06
11913,224.76889963599388,3,17.883822,True,True,1.430511474609375e-06
11914,224.78703567298362,3,18.092999,True,True,1.430511474609375e-06
11915,224.8050249639782,3,17.944444,True,True,1.430511474609375e-06
11916,224.82299120002426,3,17.923629,True,True,1.430511474609375e-06
11917,224.8408740439918,3,17.836641,True,True,1.430511474609375e-06
11918,224.859012025001,3,18.089382,True,True,1.430511474609375e-06
11919,224.87716089497553,3,18.097766,True,True,1.430511474609375e-06
11920,224.8951230539824,3,17.915424,True,True,1.430511474609375e-06
11921,224.92066794401035,3,25.496863,True,True,1.430511474609375e-06
11922,224.94209985999623,3,21.349605,True,True,1.430511474609375e-06
11923,224.9601164740161,3,17.957576,True,True,1.430511474609375e-06
11924,224.97815442201681,3,17.988355,True,True,1.430511474609375e-06
11925,224.9961599939852,3,17.964826,True,True,1.430511474609375e-06
11926,225.01451423502294,3,18.313087,True,True,1.430511474609375e-06
11927,225.0325226589921,3,17.962178,True,True,1.430511474609375e-06
11928,225.05060308502289,3,18.033239,True,True,1.430511474609375e-06
11929,225.06879027199466,3,18.145269,True,True,1.430511474609375e-06
11930,225.0867697140202,3,17.937197,True,True,1.430511474609375e-06
11931,225.10489523998694,3,18.083568,True,True,1.430511474609375e-06
11932,225.12306841701502,3,18.132262,True,True,1.430511474609375e-06
11933,225.14093980001053,3,17.83196,True,True,1.430511474609375e-06
11934,225.15905584098073,3,18.073048,True,True,1.430511474609375e-06
11935,225.1771624070243,3,18.067477,True,True,1.430511474609375e-06
11936,225.19764968700474,3,20.442434,True,True,1.430511474609375e-06
11937,225.22569037799258,3,27.986774,True,True,1.430511474609375e-06
11938,225.24417727201944,3,18.38805,True,True,1.430511474609375e-06
11939,225.26234029000625,3,18.096808,True,True,1.430511474609375e-06
11940,225.28041056601796,3,18.020877,True,True,1.430511474609375e-06
11941,225.2983770139981,3,17.913648,True,True,1.430511474609375e-06
11942,225.31680305697955,3,18.376946,True,True,1.430511474609375e-06
11943,225.33496603299864,3,18.114309,True,True,1.430511474609375e-06
11944,225.3529166619992,3,17.90849,True,True,1.430511474609375e-06
11945,225.3809201940312,3,27.952159,True,True,1.430511474609375e-06
11946,225.401307689026,3,20.280085,True,True,1.430511474609375e-06
11947,225.4197742390097,3,18.397958,True,True,1.430511474609375e-06
11948,225.43809061101638,3,18.260885,True,True,1.430511474609375e-06
11949,225.45634155598236,3,18.193501,True,True,1.430511474609375e-06
11950,225.47419745801017,3,17.811336,True,True,1.430511474609375e-06
11951,225.49228026898345,3,18.030585,True,True,1.430511474609375e-06
11952,225.5100665499922,3,17.737669,True,True,1.430511474609375e-06
11953,225.5282029089867,3,18.089692,True,True,1.430511474609375e-06
11954,225.54649084800621,3,18.236102,True,True,1.430511474609375e-06
11955,225.5643533670227,3,17.814699,True,True,1.430511474609375e-06
11956,225.58256813202752,3,18.161751,True,True,1.430511474609375e-06
11957,225.60070952097885,3,18.076675,True,True,1.430511474609375e-06
11958,225.6189575039898,3,18.19332,True,True,1.430511474609375e-06
11959,225.6371784399962,3,18.169255,True,True,1.430511474609375e-06
11960,225.65534898702754,3,18.123588,True,True,1.430511474609375e-06
11961,225.67360722797457,3,18.209616,True,True,1.430511474609375e-06
11962,225.69207211700268,3,18.42071,True,True,1.430511474609375e-06
11963,225.7100486039999,3,17.935793,True,True,1.430511474609375e-06
11964,225.72802463098196,3,17.93712,True,True,1.430511474609375e-06
11965,225.74833427602425,3,20.266665,True,True,1.430511474609375e-06
11966,225.77421722299187,3,25.817353,True,True,1.430511474609375e-06
11967,225.79252286202973,3,18.226605,True,True,1.430511474609375e-06
11968,225.8107958859764,3,18.214916,True,True,1.430511474609375e-06
11969,225.82880538300378,3,17.956258,True,True,1.430511474609375e-06
11970,225.84673255798407,3,17.882851,True,True,1.430511474609375e-06
11971,225.8649880969897,3,18.207984,True,True,1.430511474609375e-06
11972,225.8831061689998,3,18.072503,True,True,1.430511474609375e-06
11973,225.90131685999222,3,18.168645,True,True,1.430511474609375e-06
11974,225.91923070297344,3,17.866298,True,True,1.430511474609375e-06
11975,225.93737564201,3,18.099261,True,True,1.430511474609375e-06
11976,225.95523646398215,3,17.81752,True,True,1.430511474609375e-06
11977,225.97332783299498,3,18.050687,True,True,1.430511474609375e-06
11978,225.9915981250233,3,18.226545,True,True,1.430511474609375e-06
11979,226.0095006430056,3,17.85814,True,True,1.430511474609375e-06
11980,226.02764939400367,3,18.108211,True,True,1.430511474609375e-06
11981,226.0458569729817,3,18.167495,True,True,1.430511474609375e-06
11982,226.0640435719979,3,18.14523,True,True,1.430511474609375e-06
11983,226.08257989701815,3,18.481418,True,True,1.430511474609375e-06
11984,226.1007767660194,3,18.144371,True,True,1.430511474609375e-06
11985,226.11906007002108,3,18.240539,True,True,1.430511474609375e-06
11986,226.13745413802098,3,18.338222,True,True,1.430511474609375e-06
11987,226.155637303018,3,18.139298,True,True,1.430511474609375e-06
11988,226.17383754701586,3,18.15452,True,True,1.430511474609375e-06
11989,226.1921626260155,3,18.280179,True,True,1.430511474609375e-06
11990,226.221823690983,3,29.608139,True,True,1.430511474609375e-06
11991,226.24049013399053,3,18.556412,True,True,1.430511474609375e-06
11992,226.25885284302058,3,18.296071,True,True,1.430511474609375e-06
11993,226.27699914301047,3,18.097411,True,True,1.430511474609375e-06
11994,226.29488946899073,3,17.841807,True,True,1.430511474609375e-06
11995,226.31300115701742,3,18.068191,True,True,1.430511474609375e-06
11996,226.33112550497754,3,18.074184,True,True,1.430511474609375e-06
11997,226.34906247397885,3,17.888289,True,True,1.430511474609375e-06
11998,226.37384184001712,3,24.731362,True,True,1.430511474609375e-06
11999,226.39730527001666,3,23.34133,True,True,1.430511474609375e-06
12000,226.41614105302142,3,18.725971,True,True,1.430511474609375e-06
12001,226.43422052502865,3,17.99266,True,True,1.430511474609375e-06
12002,226.4522392040235,3,17.96657,True,True,1.430511474609375e-06
12003,226.47022085398203,3,17.932655,True,True,1.430511474609375e-06
12004,226.48839879297884,3,18.123341,True,True,1.430511474609375e-06
12005,226.50664515502285,3,18.201191,True,True,1.430511474609375e-06
12006,226.5252335810219,3,18.529653,True,True,1.430511474609375e-06
12007,226.54388288897462,3,18.527071,True,True,1.430511474609375e-06
12008,226.5624449250172,3,18.471923,True,True,1.430511474609375e-06
12009,226.58052822900936,3,18.017517,True,True,1.430511474609375e-06
12010,226.59862943302142,3,18.024284,True,True,1.430511474609375e-06
12011,226.6169547450263,3,18.270328,True,True,1.430511474609375e-06
12012,226.63493315002415,3,17.927564,True,True,1.430511474609375e-06
12013,226.65299559303094,3,18.016643,True,True,1.430511474609375e-06
12014,226.6711081180256,3,18.066802,True,True,1.430511474609375e-06
12015,226.6890800219844,3,17.929368,True,True,1.430511474609375e-06
12016,226.7071322830161,3,18.002804,True,True,1.430511474609375e-06
12017,226.72560831502778,3,18.432767,True,True,1.430511474609375e-06
12018,226.74357753898948,3,17.925093,True,True,1.430511474609375e-06
12019,226.761659279,3,18.041127,True,True,1.430511474609375e-06
12020,226.77992333302973,3,18.208028,True,True,1.430511474609375e-06
12021,226.79784326802474,3,17.872938,True,True,1.430511474609375e-06
12022,226.81603726401227,3,18.149528,True,True,1.430511474609375e-06
12023,226.83406812301837,3,17.981715,True,True,1.430511474609375e-06
12024,226.85205844201846,3,17.945506,True,True,1.430511474609375e-06
12025,226.87026888498804,3,18.161794,True,True,1.430511474609375e-06
12026,226.8882770659984,3,17.966627,True,True,1.430511474609375e-06
12027,226.9064406370162,3,18.121816,True,True,1.430511474609375e-06
12028,226.92462658998556,3,18.143005,True,True,1.430511474609375e-06
12029,226.94269448600244,3,18.02385,True,True,1.430511474609375e-06
12030,226.96081743203104,3,18.083214,True,True,1.430511474609375e-06
12031,226.97892229899298,3,18.060855,True,True,1.430511474609375e-06
12032,226.99704695801483,3,18.08048,True,True,1.430511474609375e-06
12033,227.01488428900484,3,17.79787,True,True,1.430511474609375e-06
12034,227.03294760198332,3,18.019963,True,True,1.430511474609375e-06
12035,227.0508916359977,3,17.905407,True,True,1.430511474609375e-06
12036,227.06875076598953,3,17.820045,True,True,1.430511474609375e-06
12037,227.08697810798185,3,18.17555,True,True,1.430511474609375e-06
12038,227.10512745397864,3,18.098094,True,True,1.430511474609375e-06
12039,227.1229873180273,3,17.817265,True,True,1.430511474609375e-06
12040,227.1409755499917,3,17.945377,True,True,1.430511474609375e-06
12041,227.15886804601178,3,17.85143,True,True,1.430511474609375e-06
12042,227.17690226400737,3,17.993679,True,True,1.430511474609375e-06
12043,227.19744455598993,3,20.499203,True,True,1.430511474609375e-06
12044,227.22324938199017,3,25.751816,True,True,1.430511474609375e-06
12045,227.24371230602264,3,20.35338,True,True,1.430511474609375e-06
12046,227.26176574197598,3,17.98434,True,True,1.430511474609375e-06
12047,227.27974636800354,3,17.930607,True,True,1.430511474609375e-06
12048,227.29791043599835,3,18.115682,True,True,1.430511474609375e-06
12049,227.3160297080176,3,18.072987,True,True,1.430511474609375e-06
12050,227.3343048550305,3,18.23035,True,True,1.430511474609375e-06
12051,227.35246209800243,3,18.10867,True,True,1.430511474609375e-06
12052,227.3709100880078,3,18.405784,True,True,1.430511474609375e-06
12053,227.3990743290051,3,28.104427,True,True,1.430511474609375e-06
12054,227.41924149502302,3,20.054123,True,True,1.430511474609375e-06
12055,227.4374048539903,3,18.103563,True,True,1.430511474609375e-06
12056,227.45547780703055,3,18.025363,True,True,1.430511474609375e-06
12057,227.47356393298833,3,18.041524,True,True,1.430511474609375e-06
12058,227.49149138497887,3,17.877645,True,True,1.430511474609375e-06
12059,227.5101902629831,3,18.654214,True,True,1.430511474609375e-06
12060,227.5279772140202,3,17.738405,True,True,1.430511474609375e-06
12061,227.54611194197787,3,18.090997,True,True,1.430511474609375e-06
12062,227.5643532400136,3,18.194352,True,True,1.430511474609375e-06
12063,227.5822727800114,3,17.872637,True,True,1.430511474609375e-06
12064,227.60053502902156,3,18.200192,True,True,1.430511474609375e-06
12065,227.61872853297973,3,18.137694,True,True,1.430511474609375e-06
12066,227.6371706679929,3,18.384153,True,True,1.430511474609375e-06
12067,227.6552000649972,3,17.978726,True,True,1.430511474609375e-06
12068,227.6804155179998,3,25.153094,True,True,1.430511474609375e-06
12069,227.7020560040255,3,21.556731,True,True,1.430511474609375e-06
12070,227.72029046103125,3,18.180854,True,True,1.430511474609375e-06
12071,227.7382654399844,3,17.925798,True,True,1.430511474609375e-06
12072,227.75627497100504,3,17.966981,True,True,1.430511474609375e-06
12073,227.77441725198878,3,18.094339,True,True,1.430511474609375e-06
12074,227.79274264501873,3,18.27593,True,True,1.430511474609375e-06
12075,227.81129387498368,3,18.504079,True,True,1.430511474609375e-06
12076,227.82957276102388,3,18.227303,True,True,1.430511474609375e-06
12077,227.8476031899918,3,17.983653,True,True,1.430511474609375e-06
12078,227.86570208298508,3,18.050963,True,True,1.430511474609375e-06
12079,227.88368838297902,3,17.943199,True,True,1.430511474609375e-06
12080,227.90178582200315,3,18.051302,True,True,1.430511474609375e-06
12081,227.92001262598205,3,18.183051,True,True,1.430511474609375e-06
12082,227.9381131400005,3,18.05211,True,True,1.430511474609375e-06
12083,227.9560540440143,3,17.900255,True,True,1.430511474609375e-06
12084,227.974133546988,3,18.036578,True,True,1.430511474609375e-06
12085,227.9920133650303,3,17.835933,True,True,1.430511474609375e-06
12086,228.0101150869741,3,18.060375,True,True,1.430511474609375e-06
12087,228.02798129001167,3,17.825976,True,True,1.430511474609375e-06
12088,228.04614819202106,3,18.126554,True,True,1.430511474609375e-06
12089,228.06408277299488,3,17.893971,True,True,1.430511474609375e-06
12090,228.08241869398626,3,18.29274,True,True,1.430511474609375e-06
12091,228.10080967098475,3,18.345165,True,True,1.430511474609375e-06
12092,228.118980113999,3,18.127606,True,True,1.430511474609375e-06
12093,228.13717708498007,3,18.152337,True,True,1.430511474609375e-06
12094,228.1554154449841,3,18.198916,True,True,1.430511474609375e-06
12095,228.17336006998084,3,17.896508,True,True,1.430511474609375e-06
12096,228.19151465699542,3,18.108716,True,True,1.430511474609375e-06
12097,228.21955264202552,3,27.993188,True,True,1.430511474609375e-06
12098,228.23969856998883,3,20.036735,True,True,1.430511474609375e-06
12099,228.257845412998,3,18.078055,True,True,1.430511474609375e-06
12100,228.27599086600821,3,18.096407,True,True,1.430511474609375e-06
12101,228.29419195500668,3,18.149453,True,True,1.430511474609375e-06
12102,228.31229046400404,3,18.056156,True,True,1.430511474609375e-06
12103,228.33026229502866,3,17.929988,True,True,1.430511474609375e-06
12104,228.34836843702942,3,18.061938,True,True,1.430511474609375e-06
12105,228.36655003402848,3,18.136747,True,True,1.430511474609375e-06
12106,228.39089332101867,3,24.293265,True,True,1.430511474609375e-06
12107,228.41460942901904,3,23.597546,True,True,1.430511474609375e-06
12108,228.43309508200036,3,18.40888,True,True,1.430511474609375e-06
12109,228.4515957830008,3,18.44523,True,True,1.430511474609375e-06
12110,228.469999413006,3,18.354615,True,True,1.430511474609375e-06
12111,228.48817020398565,3,18.119937,True,True,1.430511474609375e-06
12112,228.50632398301968,3,18.104772,True,True,1.430511474609375e-06
12113,228.52471569698537,3,18.346287,True,True,1.430511474609375e-06
12114,228.54285088100005,3,18.088531,True,True,1.430511474609375e-06
12115,228.561082463013,3,18.184044,True,True,1.430511474609375e-06
12116,228.57964275602717,3,18.513205,True,True,1.430511474609375e-06
12117,228.59791719698114,3,18.214218,True,True,1.430511474609375e-06
12118,228.6163640380255,3,18.367645,True,True,1.430511474609375e-06
12119,228.63504661497427,3,18.583691,True,True,1.430511474609375e-06
12120,228.6531313030282,3,18.005727,True,True,1.430511474609375e-06
12121,228.67149789701216,3,18.31314,True,True,1.430511474609375e-06
12122,228.6897542179795,3,18.202694,True,True,1.430511474609375e-06
12123,228.70786464301636,3,18.064971,True,True,1.430511474609375e-06
12124,228.72581106802681,3,17.902582,True,True,1.430511474609375e-06
12125,228.7441729810089,3,18.311072,True,True,1.430511474609375e-06
12126,228.76257626601728,3,18.308925,True,True,1.430511474609375e-06
12127,228.78073200798826,3,18.091086,True,True,1.430511474609375e-06
12128,228.7989611030207,3,18.18061,True,True,1.430511474609375e-06
12129,228.817120770982,3,18.108439,True,True,1.430511474609375e-06
12130,228.83526784501737,3,18.098614,True,True,1.430511474609375e-06
12131,228.85342065198347,3,18.105137,True,True,1.430511474609375e-06
12132,228.8712313779979,3,17.759989,True,True,1.430511474609375e-06
12133,228.88919226801954,3,17.915278,True,True,1.430511474609375e-06
12134,228.90717557398602,3,17.940261,True,True,1.430511474609375e-06
12135,228.92533225601073,3,18.109976,True,True,1.430511474609375e-06
12136,228.94322744198143,3,17.852445,True,True,1.430511474609375e-06
12137,228.96126621199073,3,17.9988,True,True,1.430511474609375e-06
12138,228.97932520799804,3,18.020003,True,True,1.430511474609375e-06
12139,228.99719038099283,3,17.825018,True,True,1.430511474609375e-06
12140,229.0151701470022,3,17.936111,True,True,1.430511474609375e-06
12141,229.03305747098057,3,17.843517,True,True,1.430511474609375e-06
12142,229.05114357802086,3,18.041771,True,True,1.430511474609375e-06
12143,229.0692807000014,3,18.091166,True,True,1.430511474609375e-06
12144,229.087266388,3,17.945539,True,True,1.430511474609375e-06
12145,229.10518269898603,3,17.873748,True,True,1.430511474609375e-06
12146,229.12328215601156,3,18.060843,True,True,1.430511474609375e-06
12147,229.1411766569945,3,17.850165,True,True,1.430511474609375e-06
12148,229.1592769830022,3,18.054225,True,True,1.430511474609375e-06
12149,229.177138708008,3,17.817715,True,True,1.430511474609375e-06
12150,229.19767750700703,3,20.493205,True,True,1.430511474609375e-06
12151,229.22354266699404,3,25.811904,True,True,1.430511474609375e-06
12152,229.24359364499105,3,19.940476,True,True,1.430511474609375e-06
12153,229.26230987801682,3,18.647961,True,True,1.430511474609375e-06
12154,229.2803852899815,3,18.025908,True,True,1.430511474609375e-06
12155,229.2985346619971,3,18.102476,True,True,1.430511474609375e-06
12156,229.31682342098793,3,18.244912,True,True,1.430511474609375e-06
12157,229.33506152802147,3,18.195421,True,True,1.430511474609375e-06
12158,229.355966594012,3,20.858947,True,True,1.430511474609375e-06
12159,229.38487260899274,3,28.834044,True,True,1.430511474609375e-06
12160,229.411618868995,3,26.628308,True,True,1.430511474609375e-06
12161,229.43017716601025,3,18.454304,True,True,1.430511474609375e-06
12162,229.44842908199644,3,18.18529,True,True,1.430511474609375e-06
12163,229.46643529599532,3,17.951473,True,True,1.430511474609375e-06
12164,229.48449518100824,3,18.011733,True,True,1.430511474609375e-06
12165,229.50265469402075,3,18.110341,True,True,1.430511474609375e-06
12166,229.52170547802234,3,19.001979,True,True,1.430511474609375e-06
12167,229.54045952903107,3,18.675588,True,True,1.430511474609375e-06
12168,229.5586827180232,3,18.162618,True,True,1.430511474609375e-06
12169,229.57672514300793,3,17.993868,True,True,1.430511474609375e-06
12170,229.59494213602738,3,18.150724,True,True,1.430511474609375e-06
12171,229.6129657300189,3,17.966762,True,True,1.430511474609375e-06
12172,229.6317837900133,3,18.75974,True,True,1.430511474609375e-06
12173,229.6500133710215,3,18.172933,True,True,1.430511474609375e-06
12174,229.66829560499173,3,18.235233,True,True,1.430511474609375e-06
12175,229.68660955200903,3,18.268106,True,True,1.430511474609375e-06
12176,229.7047289990005,3,18.074472,True,True,1.430511474609375e-06
12177,229.72324332001153,3,18.474487,True,True,1.430511474609375e-06
12178,229.74130304600112,3,18.010948,True,True,1.430511474609375e-06
12179,229.7593758989824,3,18.027314,True,True,1.430511474609375e-06
12180,229.77771666797344,3,18.292791,True,True,1.430511474609375e-06
12181,229.79587738699047,3,18.112157,True,True,1.430511474609375e-06
12182,229.81408278999152,3,18.158556,True,True,1.430511474609375e-06
12183,229.83261613402283,3,18.491697,True,True,1.430511474609375e-06
12184,229.850868523994,3,18.204117,True,True,1.430511474609375e-06
12185,229.86883757601026,3,17.923502,True,True,1.430511474609375e-06
12186,229.88695670600282,3,18.074635,True,True,1.430511474609375e-06
12187,229.9051564669935,3,18.153341,True,True,1.430511474609375e-06
12188,229.9238139570225,3,18.613323,True,True,1.430511474609375e-06
12189,229.94247794902185,3,18.61412,True,True,1.430511474609375e-06
12190,229.96072467701742,3,18.198647,True,True,1.430511474609375e-06
12191,229.97885761898942,3,18.091555,True,True,1.430511474609375e-06
12192,229.99746669101296,3,18.566022,True,True,1.430511474609375e-06
12193,230.0227012889809,3,25.192846,True,True,1.430511474609375e-06
12194,230.04436486697523,3,21.594027,True,True,1.430511474609375e-06
12195,230.06237895402592,3,17.956228,True,True,1.430511474609375e-06
12196,230.08085425500758,3,18.423707,True,True,1.430511474609375e-06
12197,230.09886005497538,3,17.956584,True,True,1.430511474609375e-06
12198,230.11729822901543,3,18.394938,True,True,1.430511474609375e-06
12199,230.1354082840262,3,18.061889,True,True,1.430511474609375e-06
12200,230.1536762510077,3,18.224757,True,True,1.430511474609375e-06
12201,230.17199137498392,3,18.268595,True,True,1.430511474609375e-06
12202,230.19015976501396,3,18.127585,True,True,1.430511474609375e-06
12203,230.22069217002718,3,30.487027,True,True,1.430511474609375e-06
12204,230.23942252103006,3,18.617232,True,True,1.430511474609375e-06
12205,230.25765894999495,3,18.168639,True,True,1.430511474609375e-06
12206,230.27573018101975,3,18.023513,True,True,1.430511474609375e-06
12207,230.2938122249907,3,18.03744,True,True,1.430511474609375e-06
12208,230.31179094401887,3,17.93096,True,True,1.430511474609375e-06
12209,230.33014115598053,3,18.304513,True,True,1.430511474609375e-06
12210,230.3483040339779,3,18.107496,True,True,1.430511474609375e-06
12211,230.36647154198727,3,18.11715,True,True,1.430511474609375e-06
12212,230.3849574010237,3,18.439175,True,True,1.430511474609375e-06
12213,230.41501576500013,3,29.997065,True,True,1.430511474609375e-06
12214,230.43396187701728,3,18.838805,True,True,1.430511474609375e-06
12215,230.45232943299925,3,18.303198,True,True,1.430511474609375e-06
12216,230.47049766301643,3,18.113307,True,True,1.430511474609375e-06
12217,230.48851762799313,3,17.968695,True,True,1.430511474609375e-06
12218,230.5064958439907,3,17.932472,True,True,1.430511474609375e-06
12219,230.52496608701767,3,18.4223,True,True,1.430511474609375e-06
12220,230.54308525199303,3,18.075832,True,True,1.430511474609375e-06
12221,230.5612280649948,3,18.092976,True,True,1.430511474609375e-06
12222,230.5791026580264,3,17.829458,True,True,1.430511474609375e-06
12223,230.59756971203024,3,18.414883,True,True,1.430511474609375e-06
12224,230.61616962298285,3,18.547455,True,True,1.430511474609375e-06
12225,230.63428689801367,3,18.059957,True,True,1.430511474609375e-06
12226,230.65249282500008,3,18.158973,True,True,1.430511474609375e-06
12227,230.6730235189898,3,20.48135,True,True,1.430511474609375e-06
12228,230.698702151014,3,25.612091,True,True,1.430511474609375e-06
12229,230.7169825200108,3,18.227746,True,True,1.430511474609375e-06
12230,230.73509834200377,3,18.07008,True,True,1.430511474609375e-06
12231,230.75327463098802,3,18.128325,True,True,1.430511474609375e-06
12232,230.771365143999,3,18.047684,True,True,1.430511474609375e-06
12233,230.7902044840157,3,18.788466,True,True,1.430511474609375e-06
12234,230.8085111710243,3,18.250079,True,True,1.430511474609375e-06
12235,230.82669343898306,3,18.132316,True,True,1.430511474609375e-06
12236,230.84505148598691,3,18.313407,True,True,1.430511474609375e-06
12237,230.86306670698104,3,17.970659,True,True,1.430511474609375e-06
12238,230.8816997599788,3,18.583047,True,True,1.430511474609375e-06
12239,230.89995555201313,3,18.209933,True,True,1.430511474609375e-06
12240,230.91801476600813,3,18.01238,True,True,1.430511474609375e-06
12241,230.93620034499327,3,18.145262,True,True,1.430511474609375e-06
12242,230.9541169559816,3,17.875735,True,True,1.430511474609375e-06
12243,230.97220479301177,3,18.044504,True,True,1.430511474609375e-06
12244,230.99106234300416,3,18.817475,True,True,1.430511474609375e-06
12245,231.0092652370222,3,18.156602,True,True,1.430511474609375e-06
12246,231.02762655599508,3,18.320844,True,True,1.430511474609375e-06
12247,231.04571144800866,3,18.04534,True,True,1.430511474609375e-06
12248,231.06386718899012,3,18.115412,True,True,1.430511474609375e-06
12249,231.08255716302665,3,18.644142,True,True,1.430511474609375e-06
12250,231.10091714002192,3,18.303623,True,True,1.430511474609375e-06
12251,231.1190711859963,3,18.104517,True,True,1.430511474609375e-06
12252,231.13717797101708,3,18.058844,True,True,1.430511474609375e-06
12253,231.15532566898037,3,18.099451,True,True,1.430511474609375e-06
12254,231.17347454000264,3,18.103796,True,True,1.430511474609375e-06
12255,231.1924067910295,3,18.887784,True,True,1.430511474609375e-06
12256,231.22085187898483,3,28.395194,True,True,1.430511474609375e-06
12257,231.2410368110286,3,20.077276,True,True,1.430511474609375e-06
12258,231.25952017097734,3,18.401691,True,True,1.430511474609375e-06
12259,231.27828773501096,3,18.709347,True,True,1.430511474609375e-06
12260,231.29673651402118,3,18.387262,True,True,1.430511474609375e-06
12261,231.3150483489735,3,18.232377,True,True,1.430511474609375e-06
12262,231.3332526300219,3,18.149856,True,True,1.430511474609375e-06
12263,231.35141182597727,3,18.111049,True,True,1.430511474609375e-06
12264,231.36945159098832,3,17.997037,True,True,1.430511474609375e-06
12265,231.38882178702625,3,19.316256,True,True,1.430511474609375e-06
12266,231.41847217601025,3,29.535938,True,True,1.430511474609375e-06
12267,231.43729807098862,3,18.710254,True,True,1.430511474609375e-06
12268,231.4556381140137,3,18.266069,True,True,1.430511474609375e-06
12269,231.47381599497749,3,18.126713,True,True,1.430511474609375e-06
12270,231.49293472600402,3,19.059022,True,True,1.430511474609375e-06
12271,231.51846013701288,3,25.415633,True,True,1.430511474609375e-06
12272,231.54042626201408,3,21.853638,True,True,1.430511474609375e-06
12273,231.55893636698602,3,18.438998,True,True,1.430511474609375e-06
12274,231.57716067897854,3,18.167101,True,True,1.430511474609375e-06
12275,231.59592075803084,3,18.686112,True,True,1.430511474609375e-06
12276,231.61455146502703,3,18.567102,True,True,1.430511474609375e-06
12277,231.63292290398385,3,18.315695,True,True,1.430511474609375e-06
12278,231.6515789590194,3,18.604692,True,True,1.430511474609375e-06
12279,231.66988240898354,3,18.246725,True,True,1.430511474609375e-06
12280,231.6884589130059,3,18.495618,True,True,1.430511474609375e-06
12281,231.70681931101717,3,18.303419,True,True,1.430511474609375e-06
12282,231.72564089199295,3,18.777195,True,True,1.430511474609375e-06
12283,231.74384019098943,3,18.150616,True,True,1.430511474609375e-06
12284,231.76172726799268,3,17.842112,True,True,1.430511474609375e-06
12285,231.7799600979779,3,18.183748,True,True,1.430511474609375e-06
12286,231.79836937697837,3,18.359736,True,True,1.430511474609375e-06
12287,231.81710220500827,3,18.682186,True,True,1.430511474609375e-06
12288,231.83535116101848,3,18.184963,True,True,1.430511474609375e-06
12289,231.85333066998282,3,17.927291,True,True,1.430511474609375e-06
12290,231.8717344480101,3,18.348346,True,True,1.430511474609375e-06
12291,231.89007654302986,3,18.295677,True,True,1.430511474609375e-06
12292,231.9081706739962,3,18.044796,True,True,1.430511474609375e-06
12293,231.92673532897606,3,18.513697,True,True,1.430511474609375e-06
12294,231.9451499870047,3,18.364621,True,True,1.430511474609375e-06
12295,231.96318456501467,3,17.991027,True,True,1.430511474609375e-06
12296,231.9811621470144,3,17.937069,True,True,1.430511474609375e-06
12297,231.9992070409935,3,17.996472,True,True,1.430511474609375e-06
12298,232.01782085601008,3,18.570355,True,True,1.430511474609375e-06
12299,232.0362491129781,3,18.382376,True,True,1.430511474609375e-06
12300,232.0544088499737,3,18.119334,True,True,1.430511474609375e-06
12301,232.07260462798877,3,18.146889,True,True,1.430511474609375e-06
12302,232.091172505985,3,18.525604,True,True,1.430511474609375e-06
12303,232.10932164400583,3,18.105635,True,True,1.430511474609375e-06
12304,232.12804062099895,3,18.673121,True,True,1.430511474609375e-06
12305,232.14611822902225,3,18.020102,True,True,1.430511474609375e-06
12306,232.1642234820174,3,18.043489,True,True,1.430511474609375e-06
12307,232.1823192089796,3,18.031993,True,True,1.430511474609375e-06
12308,232.21179171197582,3,29.402928,True,True,1.430511474609375e-06
12309,232.23052358598216,3,18.62652,True,True,1.430511474609375e-06
12310,232.24887201201636,3,18.252436,True,True,1.430511474609375e-06
12311,232.2669914669823,3,18.044211,True,True,1.430511474609375e-06
12312,232.2850507979747,3,17.996805,True,True,1.430511474609375e-06
12313,232.3029635020066,3,17.844514,True,True,1.430511474609375e-06
12314,232.32176841201726,3,18.736291,True,True,1.430511474609375e-06
12315,232.34003986499738,3,18.200559,True,True,1.430511474609375e-06
12316,232.36524744797498,3,25.134675,True,True,1.430511474609375e-06
12317,232.3864746040199,3,21.141513,True,True,1.430511474609375e-06
12318,232.41603879001923,3,29.479739,True,True,1.430511474609375e-06
12319,232.43475260899868,3,18.607104,True,True,1.430511474609375e-06
12320,232.45305038697552,3,18.212368,True,True,1.430511474609375e-06
12321,232.4716430309927,3,18.513858,True,True,1.430511474609375e-06
12322,232.49001681199297,3,18.305982,True,True,1.430511474609375e-06
12323,232.5082426139852,3,18.155418,True,True,1.430511474609375e-06
12324,232.52648977801437,3,18.174652,True,True,1.430511474609375e-06
12325,232.54485353798373,3,18.293046,True,True,1.430511474609375e-06
12326,232.5635486220126,3,18.628234,True,True,1.430511474609375e-06
12327,232.5821514010313,3,18.525901,True,True,1.430511474609375e-06
12328,232.60049512702972,3,18.247872,True,True,1.430511474609375e-06
12329,232.61881299997913,3,18.236035,True,True,1.430511474609375e-06
12330,232.6368771030102,3,17.998919,True,True,1.430511474609375e-06
12331,232.65501276700525,3,18.075342,True,True,1.430511474609375e-06
12332,232.67324112501228,3,18.161097,True,True,1.430511474609375e-06
12333,232.6914599110023,3,18.152649,True,True,1.430511474609375e-06
12334,232.70974796102382,3,18.227286,True,True,1.430511474609375e-06
12335,232.72776030999376,3,17.946681,True,True,1.430511474609375e-06
12336,232.74580942298053,3,17.979369,True,True,1.430511474609375e-06
12337,232.76382997701876,3,17.958869,True,True,1.430511474609375e-06
12338,232.78203878703061,3,18.136128,True,True,1.430511474609375e-06
12339,232.80056940799113,3,18.457896,True,True,1.430511474609375e-06
12340,232.8186684169923,3,18.027057,True,True,1.430511474609375e-06
12341,232.83673724799883,3,17.999305,True,True,1.430511474609375e-06
12342,232.85476517200004,3,17.96018,True,True,1.430511474609375e-06
12343,232.87271856702864,3,17.886163,True,True,1.430511474609375e-06
12344,232.89100583299296,3,18.224903,True,True,1.430511474609375e-06
12345,232.90904236899223,3,17.970807,True,True,1.430511474609375e-06
12346,232.9273533130181,3,18.238287,True,True,1.430511474609375e-06
12347,232.94539086602163,3,17.969369,True,True,1.430511474609375e-06
12348,232.96336093801074,3,17.90352,True,True,1.430511474609375e-06
12349,232.981273988029,3,17.849234,True,True,1.430511474609375e-06
12350,232.99930780398427,3,17.966445,True,True,1.430511474609375e-06
12351,233.0181729249889,3,18.796397,True,True,1.430511474609375e-06
12352,233.03641775198048,3,18.178644,True,True,1.430511474609375e-06
12353,233.05454684398137,3,18.062539,True,True,1.430511474609375e-06
12354,233.07281878398499,3,18.205692,True,True,1.430511474609375e-06
12355,233.0909895389923,3,18.104268,True,True,1.430511474609375e-06
12356,233.10894941497827,3,17.89497,True,True,1.430511474609375e-06
12357,233.1269112540176,3,17.894586,True,True,1.430511474609375e-06
12358,233.14507358300034,3,18.102432,True,True,1.430511474609375e-06
12359,233.16308530897368,3,17.94161,True,True,1.430511474609375e-06
12360,233.1813986999914,3,18.243365,True,True,1.430511474609375e-06
12361,233.2029264799785,3,21.454283,True,True,1.430511474609375e-06
12362,233.2298959909822,3,26.878138,True,True,1.430511474609375e-06
12363,233.24836792901624,3,18.366504,True,True,1.430511474609375e-06
12364,233.26669563201722,3,18.252799,True,True,1.430511474609375e-06
12365,233.28488530701725,3,18.120935,True,True,1.430511474609375e-06
12366,233.30336045502918,3,18.394137,True,True,1.430511474609375e-06
12367,233.32158821600024,3,18.15282,True,True,1.430511474609375e-06
12368,233.3397904629819,3,18.140459,True,True,1.430511474609375e-06
12369,233.35804188001202,3,18.183693,True,True,1.430511474609375e-06
12370,233.37629221798852,3,18.17828,True,True,1.430511474609375e-06
12371,233.39713199198013,3,20.756319,True,True,1.430511474609375e-06
12372,233.42303583998,3,25.819146,True,True,1.430511474609375e-06
12373,233.44354713498615,3,20.398604,True,True,1.430511474609375e-06
12374,233.4620126200025,3,18.385645,True,True,1.430511474609375e-06
12375,233.4804489510134,3,18.370144,True,True,1.430511474609375e-06
12376,233.49877319100779,3,18.252852,True,True,1.430511474609375e-06
12377,233.517022843007,3,18.178089,True,True,1.430511474609375e-06
12378,233.53499074297724,3,17.899654,True,True,1.430511474609375e-06
12379,233.5531193690258,3,18.065055,True,True,1.430511474609375e-06
12380,233.57137404900277,3,18.180639,True,True,1.430511474609375e-06
12381,233.58968356001424,3,18.246302,True,True,1.430511474609375e-06
12382,233.60790607100353,3,18.139785,True,True,1.430511474609375e-06
12383,233.6263612760231,3,18.380135,True,True,1.430511474609375e-06
12384,233.644682432001,3,18.234349,True,True,1.430511474609375e-06
12385,233.66317535901908,3,18.383924,True,True,1.430511474609375e-06
