iteration,elapsed_s,window_index,latency_ms,finite,correct,max_abs_error
1,0.02966697298688814,0,29.662156,True,True,1.430511474609375e-06
2,0.051520715991500765,0,21.731737,True,True,1.430511474609375e-06
3,0.07292958500329405,0,21.329598,True,True,1.430511474609375e-06
4,0.0952560490113683,0,22.233395,True,True,1.430511474609375e-06
5,0.11516850802581757,0,19.822484,True,True,1.430511474609375e-06
6,0.13369582797167823,0,18.457346,True,True,1.430511474609375e-06
7,0.151964474003762,0,18.21168,True,True,1.430511474609375e-06
8,0.17019275901839137,0,18.170835,True,True,1.430511474609375e-06
9,0.18877011397853494,0,18.528718,True,True,1.430511474609375e-06
10,0.20719902397831902,0,18.380573,True,True,1.430511474609375e-06
11,0.2258988359826617,0,18.625269,True,True,1.430511474609375e-06
12,0.24519037100253627,0,19.169459,True,True,1.430511474609375e-06
13,0.2639605670119636,0,18.644848,True,True,1.430511474609375e-06
14,0.2949747830280103,0,30.925343,True,True,1.430511474609375e-06
15,0.31452888797502965,0,19.454209,True,True,1.430511474609375e-06
16,0.3348409369937144,0,20.248729,True,True,1.430511474609375e-06
17,0.35434844699921086,0,19.445725,True,True,1.430511474609375e-06
18,0.3739931419841014,0,19.584786,True,True,1.430511474609375e-06
19,0.4046360289794393,0,30.584447,True,True,1.430511474609375e-06
20,0.4233208730001934,0,18.568706,True,True,1.430511474609375e-06
21,0.44194887002231553,0,18.555515,True,True,1.430511474609375e-06
22,0.46052775997668505,0,18.524765,True,True,1.430511474609375e-06
23,0.4790110199828632,0,18.439984,True,True,1.430511474609375e-06
24,0.5087364459759556,0,29.65326,True,True,1.430511474609375e-06
25,0.5274094410124235,0,18.558,True,True,1.430511474609375e-06
26,0.545952969987411,0,18.486244,True,True,1.430511474609375e-06
27,0.5644770960207097,0,18.472734,True,True,1.430511474609375e-06
28,0.5828742809826508,0,18.350999,True,True,1.430511474609375e-06
29,0.6016015830100514,0,18.682876,True,True,1.430511474609375e-06
30,0.6204072569962591,0,18.75581,True,True,1.430511474609375e-06
31,0.6388285440043546,0,18.378029,True,True,1.430511474609375e-06
32,0.6574947889894247,0,18.622779,True,True,1.430511474609375e-06
33,0.6762391289812513,0,18.701647,True,True,1.430511474609375e-06
34,0.694625484989956,0,18.343463,True,True,1.430511474609375e-06
35,0.7130219020182267,0,18.349038,True,True,1.430511474609375e-06
36,0.7317781610181555,0,18.693317,True,True,1.430511474609375e-06
37,0.7502561369910836,0,18.406424,True,True,1.430511474609375e-06
38,0.7686428190208972,0,18.332885,True,True,1.430511474609375e-06
39,0.7871225670096464,0,18.434227,True,True,1.430511474609375e-06
40,0.8059619599953294,0,18.792445,True,True,1.430511474609375e-06
41,0.8243945009890012,0,18.380032,True,True,1.430511474609375e-06
42,0.8428675279719755,0,18.427572,True,True,1.430511474609375e-06
43,0.8612141059711576,0,18.301667,True,True,1.430511474609375e-06
44,0.8822728249942884,0,21.011167,True,True,1.430511474609375e-06
45,0.9041378740221262,0,21.811287,True,True,1.430511474609375e-06
46,0.922533968987409,0,18.346837,True,True,1.430511474609375e-06
47,0.9409698229865171,0,18.391233,True,True,1.430511474609375e-06
48,0.9596545120002702,0,18.642101,True,True,1.430511474609375e-06
49,0.9779935270198621,0,18.294526,True,True,1.430511474609375e-06
50,0.9964089340064675,0,18.375315,True,True,1.430511474609375e-06
51,1.0148803089978173,0,18.426189,True,True,1.430511474609375e-06
52,1.0332832650165074,0,18.362929,True,True,1.430511474609375e-06
53,1.0516375990118831,0,18.309259,True,True,1.430511474609375e-06
54,1.0701708269771188,0,18.489847,True,True,1.430511474609375e-06
55,1.0885149620007724,0,18.304268,True,True,1.430511474609375e-06
56,1.1068771539721638,0,18.317988,True,True,1.430511474609375e-06
57,1.135688564972952,0,28.763671,True,True,1.430511474609375e-06
58,1.1543540200218558,0,18.568078,True,True,1.430511474609375e-06
59,1.1728774899966083,0,18.466606,True,True,1.430511474609375e-06
60,1.1912396749830805,0,18.315293,True,True,1.430511474609375e-06
61,1.2097734980052337,0,18.488551,True,True,1.430511474609375e-06
62,1.2281619400018826,0,18.341454,True,True,1.430511474609375e-06
63,1.2466845349990763,0,18.480302,True,True,1.430511474609375e-06
64,1.2651800669846125,0,18.449458,True,True,1.430511474609375e-06
65,1.2834377469844185,0,18.217628,True,True,1.430511474609375e-06
66,1.3022106409771368,0,18.732569,True,True,1.430511474609375e-06
67,1.3205037009902298,0,18.244738,True,True,1.430511474609375e-06
68,1.3388492990052328,0,18.298162,True,True,1.430511474609375e-06
69,1.35740124899894,0,18.510449,True,True,1.430511474609375e-06
70,1.3757022760109976,0,18.257751,True,True,1.430511474609375e-06
71,1.4055906549911015,0,29.841788,True,True,1.430511474609375e-06
72,1.4241667580208741,0,18.462467,True,True,1.430511474609375e-06
73,1.4425771199748851,0,18.344032,True,True,1.430511474609375e-06
74,1.4610169290099293,0,18.387233,True,True,1.430511474609375e-06
75,1.4852264410001226,0,24.164136,True,True,1.430511474609375e-06
76,1.5150482109747827,0,29.702799,True,True,1.430511474609375e-06
77,1.5336108210030943,0,18.466543,True,True,1.430511474609375e-06
78,1.5520032750209793,0,18.337307,True,True,1.430511474609375e-06
79,1.5704619589960203,0,18.410321,True,True,1.430511474609375e-06
80,1.5887999439728446,0,18.29507,True,True,1.430511474609375e-06
81,1.6071466989815235,0,18.305732,True,True,1.430511474609375e-06
82,1.6255708200042136,0,18.379138,True,True,1.430511474609375e-06
83,1.6459468139801174,0,20.32693,True,True,1.430511474609375e-06
84,1.6672287660185248,0,21.223138,True,True,1.430511474609375e-06
85,1.6887796259834431,0,21.494775,True,True,1.430511474609375e-06
86,1.7105659510125406,0,21.727732,True,True,1.430511474609375e-06
87,1.7306352999876253,0,20.015016,True,True,1.430511474609375e-06
88,1.7496473389910534,0,18.958898,True,True,1.430511474609375e-06
89,1.7681019179872237,0,18.407714,True,True,1.430511474609375e-06
90,1.7868041140027344,0,18.643381,True,True,1.430511474609375e-06
91,1.805221775022801,0,18.347033,True,True,1.430511474609375e-06
92,1.8246676260023378,0,19.3926,True,True,1.430511474609375e-06
93,1.8463948619901203,0,21.677235,True,True,1.430511474609375e-06
94,1.8674598439829424,0,21.016083,True,True,1.430511474609375e-06
95,1.8890067960019223,0,21.496653,True,True,1.430511474609375e-06
96,1.9111524400068447,0,22.079829,True,True,1.430511474609375e-06
97,1.9326713149785064,0,21.461866,True,True,1.430511474609375e-06
98,1.953601700020954,0,20.872027,True,True,1.430511474609375e-06
99,1.984077429980971,0,30.410895,True,True,1.430511474609375e-06
100,2.002723073004745,0,18.563178,True,True,1.430511474609375e-06
101,2.0210301100159995,0,18.244298,True,True,1.430511474609375e-06
102,2.0396220720140263,0,18.540876,True,True,1.430511474609375e-06
103,2.0580034719896503,0,18.337478,True,True,1.430511474609375e-06
104,2.0788801970193163,0,20.837526,True,True,1.430511474609375e-06
105,2.101018131012097,0,22.093402,True,True,1.430511474609375e-06
106,2.1194605130003765,0,18.39386,True,True,1.430511474609375e-06
107,2.1379490090184845,0,18.444648,True,True,1.430511474609375e-06
108,2.1563467630185187,0,18.356839,True,True,1.430511474609375e-06
109,2.17470598698128,0,18.312148,True,True,1.430511474609375e-06
110,2.193175823020283,0,18.426014,True,True,1.430511474609375e-06
111,2.2116490969783626,0,18.43252,True,True,1.430511474609375e-06
112,2.2301697980146855,0,18.47897,True,True,1.430511474609375e-06
113,2.249228051980026,0,19.016058,True,True,1.430511474609375e-06
114,2.270617179980036,0,21.336328,True,True,1.430511474609375e-06
115,2.290798371017445,0,20.120178,True,True,1.430511474609375e-06
116,2.3119799299747683,0,21.122333,True,True,1.430511474609375e-06
117,2.3337552640005015,0,21.712027,True,True,1.430511474609375e-06
118,2.3546648049959913,0,20.852707,True,True,1.430511474609375e-06
119,2.3762663989909925,0,21.529591,True,True,1.430511474609375e-06
120,2.409016954014078,0,32.681388,True,True,1.430511474609375e-06
121,2.431413665995933,0,22.249948,True,True,1.430511474609375e-06
122,2.452812717005145,0,21.323892,True,True,1.430511474609375e-06
123,2.4712958189775236,0,18.418247,True,True,1.430511474609375e-06
124,2.491520072973799,0,20.164616,True,True,1.430511474609375e-06
125,2.524462263972964,0,32.868707,True,True,1.430511474609375e-06
126,2.5454662989941426,0,20.873565,True,True,1.430511474609375e-06
127,2.5671242530224845,0,21.580371,True,True,1.430511474609375e-06
128,2.5887977249803953,0,21.607315,True,True,1.430511474609375e-06
129,2.607957375992555,0,19.098292,True,True,1.430511474609375e-06
130,2.6270857540075667,0,19.06732,True,True,1.430511474609375e-06
131,2.648808623023797,0,21.672491,True,True,1.430511474609375e-06
132,2.6702633969835006,0,21.394412,True,True,1.430511474609375e-06
133,2.6931578280054964,0,22.842131,True,True,1.430511474609375e-06
134,2.7136573320021853,0,20.438402,True,True,1.430511474609375e-06
135,2.7338404689799063,0,20.109939,True,True,1.430511474609375e-06
136,2.7527591579710133,0,18.861805,True,True,1.430511474609375e-06
137,2.77132524602348,0,18.507693,True,True,1.430511474609375e-06
138,2.7897042660042644,0,18.325998,True,True,1.430511474609375e-06
139,2.8081633420079015,0,18.412886,True,True,1.430511474609375e-06
140,2.8270952730090357,0,18.886685,True,True,1.430511474609375e-06
141,2.845474319998175,0,18.328809,True,True,1.430511474609375e-06
142,2.8638505800045095,0,18.328037,True,True,1.430511474609375e-06
143,2.882432925980538,0,18.538211,True,True,1.430511474609375e-06
144,2.900718722026795,0,18.245259,True,True,1.430511474609375e-06
145,2.9199870729935355,0,19.222077,True,True,1.430511474609375e-06
146,2.9388300519785844,0,18.779694,True,True,1.430511474609375e-06
147,2.957688446971588,0,18.811242,True,True,1.430511474609375e-06
148,2.9767703210236505,0,19.034523,True,True,1.430511474609375e-06
149,2.995913395017851,0,19.092841,True,True,1.430511474609375e-06
150,3.015656951989513,0,19.682265,True,True,1.430511474609375e-06
151,3.035631447972264,0,19.913334,True,True,1.430511474609375e-06
152,3.055519094981719,0,19.831954,True,True,1.430511474609375e-06
153,3.075872848974541,0,20.299155,True,True,1.430511474609375e-06
154,3.0951604429865256,0,19.221313,True,True,1.430511474609375e-06
155,3.1144976560026407,0,19.270318,True,True,1.430511474609375e-06
156,3.134326883999165,0,19.768617,True,True,1.430511474609375e-06
157,3.154555679007899,0,20.168991,True,True,1.430511474609375e-06
158,3.1736638430156745,0,19.052803,True,True,1.430511474609375e-06
159,3.193104117002804,0,19.384001,True,True,1.430511474609375e-06
160,3.213569034007378,0,20.414536,True,True,1.430511474609375e-06
161,3.232688889023848,0,19.044261,True,True,1.430511474609375e-06
162,3.2511909370077774,0,18.446524,True,True,1.430511474609375e-06
163,3.2700287100160494,0,18.786507,True,True,1.430511474609375e-06
164,3.2928026560111903,0,22.72853,True,True,1.430511474609375e-06
165,3.3114004540257156,0,18.517885,True,True,1.430511474609375e-06
166,3.329881652025506,0,18.42643,True,True,1.430511474609375e-06
167,3.3483154730056413,0,18.382452,True,True,1.430511474609375e-06
168,3.3666185199981555,0,18.255453,True,True,1.430511474609375e-06
169,3.395454064011574,0,28.776879,True,True,1.430511474609375e-06
170,3.4158514229930006,0,20.278511,True,True,1.430511474609375e-06
171,3.4344148579984903,0,18.501918,True,True,1.430511474609375e-06
172,3.4530376979964785,0,18.570575,True,True,1.430511474609375e-06
173,3.4714731739950366,0,18.38772,True,True,1.430511474609375e-06
174,3.4907065689912997,0,19.186428,True,True,1.430511474609375e-06
175,3.518886443984229,0,28.066025,True,True,1.430511474609375e-06
176,3.5391039960086346,0,20.096985,True,True,1.430511474609375e-06
177,3.5575395909836516,0,18.365359,True,True,1.430511474609375e-06
178,3.575927808007691,0,18.332712,True,True,1.430511474609375e-06
179,3.5949869889882393,0,19.010958,True,True,1.430511474609375e-06
180,3.613579534983728,0,18.518682,True,True,1.430511474609375e-06
181,3.6333104529767297,0,19.618008,True,True,1.430511474609375e-06
182,3.6538609080016613,0,20.424344,True,True,1.430511474609375e-06
183,3.6741567039862275,0,20.166774,True,True,1.430511474609375e-06
184,3.6939377409871668,0,19.657414,True,True,1.430511474609375e-06
185,3.713238713971805,0,19.178644,True,True,1.430511474609375e-06
186,3.7334286579862237,0,20.059809,True,True,1.430511474609375e-06
187,3.7522325899917632,0,18.67951,True,True,1.430511474609375e-06
188,3.7708166880183853,0,18.506081,True,True,1.430511474609375e-06
189,3.789730296994094,0,18.852435,True,True,1.430511474609375e-06
190,3.808094171981793,0,18.306671,True,True,1.430511474609375e-06
191,3.8266433919779956,0,18.500395,True,True,1.430511474609375e-06
192,3.8449867499875836,0,18.301515,True,True,1.430511474609375e-06
193,3.863336468988564,0,18.309884,True,True,1.430511474609375e-06
194,3.8930701710050926,0,29.68466,True,True,1.430511474609375e-06
195,3.9116089890012518,0,18.438713,True,True,1.430511474609375e-06
196,3.9302475129952654,0,18.580058,True,True,1.430511474609375e-06
197,3.9486855550203472,0,18.386794,True,True,1.430511474609375e-06
198,3.9671290310216136,0,18.396083,True,True,1.430511474609375e-06
199,3.9858815380139276,0,18.710751,True,True,1.430511474609375e-06
200,4.004281048022676,0,18.350499,True,True,1.430511474609375e-06
201,4.02311217301758,0,18.782434,True,True,1.430511474609375e-06
202,4.041440955013968,0,18.283789,True,True,1.430511474609375e-06
203,4.059810995997395,0,18.328212,True,True,1.430511474609375e-06
204,4.078333292971365,0,18.483445,True,True,1.430511474609375e-06
205,4.097225935023744,0,18.85257,True,True,1.430511474609375e-06
206,4.115741694986355,0,18.467836,True,True,1.430511474609375e-06
207,4.134066784987226,0,18.282536,True,True,1.430511474609375e-06
208,4.152490628010128,0,18.38185,True,True,1.430511474609375e-06
209,4.170788834977429,0,18.257674,True,True,1.430511474609375e-06
210,4.18978104298003,0,18.950365,True,True,1.430511474609375e-06
211,4.208169765013736,0,18.340702,True,True,1.430511474609375e-06
212,4.226461510988884,0,18.248927,True,True,1.430511474609375e-06
213,4.2448833790258504,0,18.378234,True,True,1.430511474609375e-06
214,4.26313910697354,0,18.216773,True,True,1.430511474609375e-06
215,4.281962312001269,0,18.781491,True,True,1.430511474609375e-06
216,4.300666646973696,0,18.659242,True,True,1.430511474609375e-06
217,4.319021028000861,0,18.305756,True,True,1.430511474609375e-06
218,4.337469231977593,0,18.405508,True,True,1.430511474609375e-06
219,4.355743846972473,0,18.235709,True,True,1.430511474609375e-06
220,4.374341000977438,0,18.555532,True,True,1.430511474609375e-06
221,4.402734185976442,0,28.348614,True,True,1.430511474609375e-06
222,4.422463924973272,0,19.609373,True,True,1.430511474609375e-06
223,4.4409249650198035,0,18.40182,True,True,1.430511474609375e-06
224,4.4592987219803035,0,18.32742,True,True,1.430511474609375e-06
225,4.480949338001665,0,21.604286,True,True,1.430511474609375e-06
226,4.512058641004842,0,31.052011,True,True,1.430511474609375e-06
227,4.532576743979007,0,20.39423,True,True,1.430511474609375e-06
228,4.551015618024394,0,18.376151,True,True,1.430511474609375e-06
229,4.56932811497245,0,18.263128,True,True,1.430511474609375e-06
230,4.5883955680183135,0,19.022421,True,True,1.430511474609375e-06
231,4.606709555024281,0,18.263925,True,True,1.430511474609375e-06
232,4.625071157992352,0,18.318007,True,True,1.430511474609375e-06
233,4.643480208993424,0,18.364826,True,True,1.430511474609375e-06
234,4.661773875996005,0,18.253293,True,True,1.430511474609375e-06
235,4.680851869983599,0,19.03761,True,True,1.430511474609375e-06
236,4.699350417999085,0,18.452193,True,True,1.430511474609375e-06
237,4.717744478024542,0,18.351321,True,True,1.430511474609375e-06
238,4.736141272995155,0,18.352228,True,True,1.430511474609375e-06
239,4.754558356013149,0,18.377564,True,True,1.430511474609375e-06
240,4.774554124975111,0,19.953286,True,True,1.430511474609375e-06
241,4.795347521023359,0,20.655492,True,True,1.430511474609375e-06
242,4.814406281977426,0,18.934924,True,True,1.430511474609375e-06
243,4.833178950008005,0,18.685116,True,True,1.430511474609375e-06
244,4.851619201013818,0,18.371231,True,True,1.430511474609375e-06
245,4.870084939990193,0,18.41262,True,True,1.430511474609375e-06
246,4.888932236994151,0,18.797147,True,True,1.430511474609375e-06
247,4.915621742024086,0,26.621745,True,True,1.430511474609375e-06
248,4.93403548002243,0,18.347312,True,True,1.430511474609375e-06
249,4.952380797010846,0,18.295194,True,True,1.430511474609375e-06
250,4.9711549680214375,0,18.731707,True,True,1.430511474609375e-06
251,4.989512526022736,0,18.314877,True,True,1.430511474609375e-06
252,5.008623435976915,0,19.066507,True,True,1.430511474609375e-06
253,5.02753013902111,0,18.862472,True,True,1.430511474609375e-06
254,5.045985601027496,0,18.413094,True,True,1.430511474609375e-06
255,5.0645542399724945,0,18.526502,True,True,1.430511474609375e-06
256,5.090029909973964,0,25.433173,True,True,1.430511474609375e-06
257,5.10857689299155,0,18.492624,True,True,1.430511474609375e-06
258,5.126940261980053,0,18.313335,True,True,1.430511474609375e-06
259,5.145682214002591,0,18.697564,True,True,1.430511474609375e-06
260,5.164028673025314,0,18.302115,True,True,1.430511474609375e-06
261,5.182889677002095,0,18.815654,True,True,1.430511474609375e-06
262,5.201719087024685,0,18.78595,True,True,1.430511474609375e-06
263,5.22019799699774,0,18.432769,True,True,1.430511474609375e-06
264,5.238654270011466,0,18.408446,True,True,1.430511474609375e-06
265,5.25707356602652,0,18.375169,True,True,1.430511474609375e-06
266,5.275453377980739,0,18.337683,True,True,1.430511474609375e-06
267,5.294279559981078,0,18.784668,True,True,1.430511474609375e-06
268,5.312660144991241,0,18.340208,True,True,1.430511474609375e-06
269,5.330938250001054,0,18.239017,True,True,1.430511474609375e-06
270,5.34924857300939,0,18.268671,True,True,1.430511474609375e-06
271,5.36780510598328,0,18.514676,True,True,1.430511474609375e-06
272,5.396117189025972,0,28.268128,True,True,1.430511474609375e-06
273,5.416833665978629,0,20.606422,True,True,1.430511474609375e-06
274,5.435236661985982,0,18.337382,True,True,1.430511474609375e-06
275,5.4536779840127565,0,18.391884,True,True,1.430511474609375e-06
276,5.472089432005305,0,18.362941,True,True,1.430511474609375e-06
277,5.490892491012346,0,18.75318,True,True,1.430511474609375e-06
278,5.5192204270279035,0,28.271603,True,True,1.430511474609375e-06
279,5.539022963028401,0,19.684359,True,True,1.430511474609375e-06
280,5.557699560013134,0,18.600183,True,True,1.430511474609375e-06
281,5.585592004004866,0,27.814659,True,True,1.430511474609375e-06
282,5.604146683996078,0,18.488083,True,True,1.430511474609375e-06
283,5.622705916000996,0,18.50518,True,True,1.430511474609375e-06
284,5.6411737779853866,0,18.425794,True,True,1.430511474609375e-06
285,5.659526527975686,0,18.30893,True,True,1.430511474609375e-06
286,5.678176807006821,0,18.598171,True,True,1.430511474609375e-06
287,5.701626216992736,0,23.401369,True,True,1.430511474609375e-06
288,5.719902260985691,0,18.23262,True,True,1.430511474609375e-06
289,5.738480122003239,0,18.535528,True,True,1.430511474609375e-06
290,5.75687529501738,0,18.353545,True,True,1.430511474609375e-06
291,5.775235039996915,0,18.319217,True,True,1.430511474609375e-06
292,5.794293853978161,0,19.009722,True,True,1.430511474609375e-06
293,5.8127275930019096,0,18.389501,True,True,1.430511474609375e-06
294,5.831090303021483,0,18.319762,True,True,1.430511474609375e-06
295,5.849475756986067,0,18.34096,True,True,1.430511474609375e-06
296,5.867786617018282,0,18.270926,True,True,1.430511474609375e-06
297,5.886128676007502,0,18.297671,True,True,1.430511474609375e-06
298,5.904654722020496,0,18.470192,True,True,1.430511474609375e-06
299,5.923033032973763,0,18.329885,True,True,1.430511474609375e-06
300,5.941309894027654,0,18.236564,True,True,1.430511474609375e-06
301,5.95978556497721,0,18.437527,True,True,1.430511474609375e-06
302,5.978177367011085,0,18.351273,True,True,1.430511474609375e-06
303,5.996456979017239,0,18.236058,True,True,1.430511474609375e-06
304,6.015069364977535,0,18.568206,True,True,1.430511474609375e-06
305,6.033376532024704,0,18.264224,True,True,1.430511474609375e-06
306,6.051739755028393,0,18.324278,True,True,1.430511474609375e-06
307,6.070309870003257,0,18.526336,True,True,1.430511474609375e-06
308,6.088763928972185,0,18.41435,True,True,1.430511474609375e-06
309,6.107175455021206,0,18.367793,True,True,1.430511474609375e-06
310,6.125561401015148,0,18.342271,True,True,1.430511474609375e-06
311,6.1439898000098765,0,18.384801,True,True,1.430511474609375e-06
312,6.162241825019009,0,18.211241,True,True,1.430511474609375e-06
313,6.180689787026495,0,18.404196,True,True,1.430511474609375e-06
314,6.199137648975011,0,18.40256,True,True,1.430511474609375e-06
315,6.2222328369971365,0,23.051495,True,True,1.430511474609375e-06
316,6.245759279001504,0,23.438741,True,True,1.430511474609375e-06
317,6.264158672012854,0,18.342239,True,True,1.430511474609375e-06
318,6.28512417699676,0,20.916398,True,True,1.430511474609375e-06
319,6.3068942920072,0,21.718601,True,True,1.430511474609375e-06
320,6.325283979007509,0,18.345053,True,True,1.430511474609375e-06
321,6.343769623024855,0,18.443114,True,True,1.430511474609375e-06
322,6.362457156996243,0,18.647448,True,True,1.430511474609375e-06
323,6.383563205017708,0,21.053894,True,True,1.430511474609375e-06
324,6.411818464985117,0,28.148709,True,True,1.430511474609375e-06
325,6.430408300017007,0,18.491966,True,True,1.430511474609375e-06
326,6.449095447023865,0,18.625017,True,True,1.430511474609375e-06
327,6.467835467017721,0,18.669656,True,True,1.430511474609375e-06
328,6.486508689005859,0,18.593666,True,True,1.430511474609375e-06
329,6.504948650021106,0,18.386052,True,True,1.430511474609375e-06
330,6.533467540983111,0,28.443851,True,True,1.430511474609375e-06
331,6.553878461010754,0,20.303258,True,True,1.430511474609375e-06
332,6.572483337018639,0,18.537669,True,True,1.430511474609375e-06
333,6.591511216014624,0,18.925938,True,True,1.430511474609375e-06
334,6.610076925018802,0,18.485126,True,True,1.430511474609375e-06
335,6.628419709973969,0,18.290184,True,True,1.430511474609375e-06
336,6.646854097023606,0,18.389155,True,True,1.430511474609375e-06
337,6.665162809018511,0,18.267413,True,True,1.430511474609375e-06
338,6.683557327021845,0,18.347347,True,True,1.430511474609375e-06
339,6.701978345983662,0,18.37209,True,True,1.430511474609375e-06
340,6.720315615995787,0,18.291582,True,True,1.430511474609375e-06
341,6.738711194018833,0,18.35476,True,True,1.430511474609375e-06
342,6.757248207984958,0,18.483537,True,True,1.430511474609375e-06
343,6.775682874023914,0,18.387048,True,True,1.430511474609375e-06
344,6.793987713987008,0,18.255898,True,True,1.430511474609375e-06
345,6.81296425597975,0,18.93061,True,True,1.430511474609375e-06
346,6.831301291997079,0,18.294532,True,True,1.430511474609375e-06
347,6.849595883977599,0,18.253804,True,True,1.430511474609375e-06
348,6.8680800889851525,0,18.445467,True,True,1.430511474609375e-06
349,6.896576573024504,0,28.448562,True,True,1.430511474609375e-06
350,6.915272796002682,0,18.597897,True,True,1.430511474609375e-06
351,6.933897239970975,0,18.562726,True,True,1.430511474609375e-06
352,6.952289841021411,0,18.346564,True,True,1.430511474609375e-06
353,6.970690248999745,0,18.354379,True,True,1.430511474609375e-06
354,6.989190633001272,0,18.459505,True,True,1.430511474609375e-06
355,7.00757416698616,0,18.342101,True,True,1.430511474609375e-06
356,7.025974577001762,0,18.359007,True,True,1.430511474609375e-06
357,7.044508339022286,0,18.475752,True,True,1.430511474609375e-06
358,7.063049030024558,0,18.496624,True,True,1.430511474609375e-06
359,7.081392585998401,0,18.298841,True,True,1.430511474609375e-06
360,7.099873470026068,0,18.437425,True,True,1.430511474609375e-06
361,7.118215558002703,0,18.301511,True,True,1.430511474609375e-06
362,7.136596721014939,0,18.339024,True,True,1.430511474609375e-06
363,7.155086782993749,0,18.450215,True,True,1.430511474609375e-06
364,7.173479160992429,0,18.351472,True,True,1.430511474609375e-06
365,7.191812755016144,0,18.294081,True,True,1.430511474609375e-06
366,7.210265700996388,0,18.410949,True,True,1.430511474609375e-06
367,7.228598558984231,0,18.290404,True,True,1.430511474609375e-06
368,7.2469870490022,0,18.345024,True,True,1.430511474609375e-06
369,7.2653967189835384,0,18.36562,True,True,1.430511474609375e-06
370,7.283793500973843,0,18.355926,True,True,1.430511474609375e-06
371,7.3021229970036075,0,18.289445,True,True,1.430511474609375e-06
372,7.320464400982019,0,18.301028,True,True,1.430511474609375e-06
373,7.338757286022883,0,18.253913,True,True,1.430511474609375e-06
374,7.357199097983539,0,18.40013,True,True,1.430511474609375e-06
375,7.375846713024657,0,18.601709,True,True,1.430511474609375e-06
376,7.405826588976197,0,29.930034,True,True,1.430511474609375e-06
377,7.424476535001304,0,18.543483,True,True,1.430511474609375e-06
378,7.442933432001155,0,18.392689,True,True,1.430511474609375e-06
379,7.461298423993867,0,18.31364,True,True,1.430511474609375e-06
380,7.479637864977121,0,18.297845,True,True,1.430511474609375e-06
381,7.50352525699418,0,23.84704,True,True,1.430511474609375e-06
382,7.532416810980067,0,28.825524,True,True,1.430511474609375e-06
383,7.552636639971752,0,20.102537,True,True,1.430511474609375e-06
384,7.570976234972477,0,18.279856,True,True,1.430511474609375e-06
385,7.5895507839741185,0,18.521657,True,True,1.430511474609375e-06
386,7.607873959990684,0,18.280273,True,True,1.430511474609375e-06
387,7.626171051990241,0,18.253429,True,True,1.430511474609375e-06
388,7.644955158000812,0,18.74436,True,True,1.430511474609375e-06
389,7.66320910101058,0,18.214296,True,True,1.430511474609375e-06
390,7.681604639976285,0,18.349918,True,True,1.430511474609375e-06
391,7.7000348750152625,0,18.392189,True,True,1.430511474609375e-06
392,7.72305144101847,0,22.973136,True,True,1.430511474609375e-06
393,7.746100756980013,0,22.957574,True,True,1.430511474609375e-06
394,7.765234990976751,0,19.076023,True,True,1.430511474609375e-06
395,7.78710629302077,0,21.790159,True,True,1.430511474609375e-06
396,7.808578117983416,0,21.388424,True,True,1.430511474609375e-06
397,7.827070210012607,0,18.433828,True,True,1.430511474609375e-06
398,7.845576226012781,0,18.456134,True,True,1.430511474609375e-06
399,7.864134966977872,0,18.51197,True,True,1.430511474609375e-06
400,7.882565070001874,0,18.387985,True,True,1.430511474609375e-06
401,7.900899829983246,0,18.292589,True,True,1.430511474609375e-06
402,7.9196349600097165,0,18.691834,True,True,1.430511474609375e-06
403,7.938017421984114,0,18.340045,True,True,1.430511474609375e-06
404,7.9563737499993294,0,18.313025,True,True,1.430511474609375e-06
405,7.974972890981007,0,18.555104,True,True,1.430511474609375e-06
406,7.993281951989047,0,18.269457,True,True,1.430511474609375e-06
407,8.01164823997533,0,18.327776,True,True,1.430511474609375e-06
408,8.029993269999977,0,18.30308,True,True,1.430511474609375e-06
409,8.048446173022967,0,18.41134,True,True,1.430511474609375e-06
410,8.066880590980873,0,18.389095,True,True,1.430511474609375e-06
411,8.088392754027154,0,21.472615,True,True,1.430511474609375e-06
412,8.109891382977366,0,21.445217,True,True,1.430511474609375e-06
413,8.128279398020823,0,18.335071,True,True,1.430511474609375e-06
414,8.146762419026345,0,18.437115,True,True,1.430511474609375e-06
415,8.165257053973619,0,18.454551,True,True,1.430511474609375e-06
416,8.183563174970914,0,18.259635,True,True,1.430511474609375e-06
417,8.202066323021427,0,18.462478,True,True,1.430511474609375e-06
418,8.220357356010936,0,18.246649,True,True,1.430511474609375e-06
419,8.238728956028353,0,18.331565,True,True,1.430511474609375e-06
420,8.257255283009727,0,18.484368,True,True,1.430511474609375e-06
421,8.275625596987084,0,18.32818,True,True,1.430511474609375e-06
422,8.294024862989318,0,18.358696,True,True,1.430511474609375e-06
423,8.312545651977416,0,18.478645,True,True,1.430511474609375e-06
424,8.330961787025444,0,18.372559,True,True,1.430511474609375e-06
425,8.349249165970832,0,18.247558,True,True,1.430511474609375e-06
426,8.367868850997183,0,18.578565,True,True,1.430511474609375e-06
427,8.39592995197745,0,28.017048,True,True,1.430511474609375e-06
428,8.416553825023584,0,20.511482,True,True,1.430511474609375e-06
429,8.43510216899449,0,18.482047,True,True,1.430511474609375e-06
430,8.45353904197691,0,18.388313,True,True,1.430511474609375e-06
431,8.471946252975613,0,18.36079,True,True,1.430511474609375e-06
432,8.490214990975801,0,18.227568,True,True,1.430511474609375e-06
433,8.508604762027971,0,18.345088,True,True,1.430511474609375e-06
434,8.53689280198887,0,28.21321,True,True,1.430511474609375e-06
435,8.557600561005529,0,20.586656,True,True,1.430511474609375e-06
436,8.586335216008592,0,28.646531,True,True,1.430511474609375e-06
437,8.604857349011581,0,18.44846,True,True,1.430511474609375e-06
438,8.623461524024606,0,18.547964,True,True,1.430511474609375e-06
439,8.64182041597087,0,18.314446,True,True,1.430511474609375e-06
440,8.660095248022117,0,18.233631,True,True,1.430511474609375e-06
441,8.678656661999412,0,18.511543,True,True,1.430511474609375e-06
442,8.702695445972495,0,23.99156,True,True,1.430511474609375e-06
443,8.721605352009647,0,18.857853,True,True,1.430511474609375e-06
444,8.739931862975936,0,18.279877,True,True,1.430511474609375e-06
445,8.7582746950211,0,18.29529,True,True,1.430511474609375e-06
446,8.77683478401741,0,18.514581,True,True,1.430511474609375e-06
447,8.795308522996493,0,18.409738,True,True,1.430511474609375e-06
448,8.813658165978268,0,18.302991,True,True,1.430511474609375e-06
449,8.832456950971391,0,18.752579,True,True,1.430511474609375e-06
450,8.851185954990797,0,18.684022,True,True,1.430511474609375e-06
451,8.869843735010363,0,18.558512,True,True,1.430511474609375e-06
452,8.888787477975711,0,18.88919,True,True,1.430511474609375e-06
453,8.907351067988202,0,18.514774,True,True,1.430511474609375e-06
454,8.92576693202136,0,18.363818,True,True,1.430511474609375e-06
455,8.94461276999209,0,18.7995,True,True,1.430511474609375e-06
456,8.96326528902864,0,18.60437,True,True,1.430511474609375e-06
457,8.981889999995474,0,18.530665,True,True,1.430511474609375e-06
458,9.000428373983596,0,18.455186,True,True,1.430511474609375e-06
459,9.019256021012552,0,18.766084,True,True,1.430511474609375e-06
460,9.037552153982688,0,18.248588,True,True,1.430511474609375e-06
461,9.055817126994953,0,18.218005,True,True,1.430511474609375e-06
462,9.074164660007227,0,18.305262,True,True,1.430511474609375e-06
463,9.092480230028741,0,18.271367,True,True,1.430511474609375e-06
464,9.111196246987674,0,18.668716,True,True,1.430511474609375e-06
465,9.129476731002796,0,18.235289,True,True,1.430511474609375e-06
466,9.147809760004748,0,18.281693,True,True,1.430511474609375e-06
467,9.166802568011917,0,18.944434,True,True,1.430511474609375e-06
468,9.185403392999433,0,18.552642,True,True,1.430511474609375e-06
469,9.203837697976269,0,18.38757,True,True,1.430511474609375e-06
470,9.222147868014872,0,18.262317,True,True,1.430511474609375e-06
471,9.24093609600095,0,18.743484,True,True,1.430511474609375e-06
472,9.259243029984646,0,18.259782,True,True,1.430511474609375e-06
473,9.277562631992623,0,18.272417,True,True,1.430511474609375e-06
474,9.296138727979269,0,18.533236,True,True,1.430511474609375e-06
475,9.31427391897887,0,18.094598,True,True,1.430511474609375e-06
476,9.3325040860218,0,18.18567,True,True,1.430511474609375e-06
477,9.350959445000626,0,18.414574,True,True,1.430511474609375e-06
478,9.369180924026296,0,18.180911,True,True,1.430511474609375e-06
479,9.397673150990158,0,28.44925,True,True,1.430511474609375e-06
480,9.418108421028592,0,20.322939,True,True,1.430511474609375e-06
481,9.436573571001645,0,18.402569,True,True,1.430511474609375e-06
482,9.45483968197368,0,18.218623,True,True,1.430511474609375e-06
483,9.473147785989568,0,18.265943,True,True,1.430511474609375e-06
484,9.491426145017613,0,18.236193,True,True,1.430511474609375e-06
485,9.510195476002991,0,18.723822,True,True,1.430511474609375e-06
486,9.52876728301635,0,18.519379,True,True,1.430511474609375e-06
487,9.557055426004808,0,28.225825,True,True,1.430511474609375e-06
488,9.578055122983642,0,20.89295,True,True,1.430511474609375e-06
489,9.596796942001674,0,18.674319,True,True,1.430511474609375e-06
490,9.61499690200435,0,18.14978,True,True,1.430511474609375e-06
491,9.633167217019945,0,18.128869,True,True,1.430511474609375e-06
492,9.651470204989891,0,18.259671,True,True,1.430511474609375e-06
493,9.66971209802432,0,18.198851,True,True,1.430511474609375e-06
494,9.687979563022964,0,18.218481,True,True,1.430511474609375e-06
495,9.706369457999244,0,18.350919,True,True,1.430511474609375e-06
496,9.724666735972278,0,18.254824,True,True,1.430511474609375e-06
497,9.743137357989326,0,18.429154,True,True,1.430511474609375e-06
498,9.761386586003937,0,18.204223,True,True,1.430511474609375e-06
499,9.779589039972052,0,18.160026,True,True,1.430511474609375e-06
500,9.797924262995366,0,18.285226,True,True,1.430511474609375e-06
501,9.816132862993982,0,18.163129,True,True,1.430511474609375e-06
502,9.834672463010065,0,18.500196,True,True,1.430511474609375e-06
503,9.85289986099815,0,18.17931,True,True,1.430511474609375e-06
504,9.870970045973081,0,18.026722,True,True,1.430511474609375e-06
505,9.889895585016347,0,18.880222,True,True,1.430511474609375e-06
506,9.908235984970815,0,18.291541,True,True,1.430511474609375e-06
507,9.926492332015187,0,18.209737,True,True,1.430511474609375e-06
508,9.945259522006381,0,18.7214,True,True,1.430511474609375e-06
509,9.96341778698843,0,18.114629,True,True,1.430511474609375e-06
510,9.981600138999056,0,18.143628,True,True,1.430511474609375e-06
511,10.00020722701447,0,18.568207,True,True,1.430511474609375e-06
512,10.018447651003953,0,18.195462,True,True,1.430511474609375e-06
513,10.036695700022392,0,18.20465,True,True,1.430511474609375e-06
514,10.05511228000978,0,18.371564,True,True,1.430511474609375e-06
515,10.073358315974474,0,18.202665,True,True,1.430511474609375e-06
516,10.091496261011343,0,18.09366,True,True,1.430511474609375e-06
517,10.110341264982708,0,18.80381,True,True,1.430511474609375e-06
518,10.12864707101835,0,18.257535,True,True,1.430511474609375e-06
519,10.146935141005088,0,18.246896,True,True,1.430511474609375e-06
520,10.16552248998778,0,18.538499,True,True,1.430511474609375e-06
521,10.183886941988021,0,18.319172,True,True,1.430511474609375e-06
522,10.202224438020494,0,18.286254,True,True,1.430511474609375e-06
523,10.220581619010773,0,18.311963,True,True,1.430511474609375e-06
524,10.238741973007564,0,18.119703,True,True,1.430511474609375e-06
525,10.257548858993687,0,18.765225,True,True,1.430511474609375e-06
526,10.275750475004315,0,18.145244,True,True,1.430511474609375e-06
527,10.294061515014619,0,18.266765,True,True,1.430511474609375e-06
528,10.312850444985088,0,18.745889,True,True,1.430511474609375e-06
529,10.330996547010727,0,18.104742,True,True,1.430511474609375e-06
530,10.349252269021235,0,18.211402,True,True,1.430511474609375e-06
531,10.367860513972118,0,18.560814,True,True,1.430511474609375e-06
532,10.392206921009347,0,24.299744,True,True,1.430511474609375e-06
533,10.416408482997213,0,24.080484,True,True,1.430511474609375e-06
534,10.434923292021267,0,18.448046,True,True,1.430511474609375e-06
535,10.453239498019684,0,18.267716,True,True,1.430511474609375e-06
536,10.472023916023318,0,18.742144,True,True,1.430511474609375e-06
537,10.500587228976656,0,28.51902,True,True,1.430511474609375e-06
538,10.519358040008228,0,18.680033,True,True,1.430511474609375e-06
539,10.549335149000399,0,29.914185,True,True,1.430511474609375e-06
540,10.568270538002253,0,18.82391,True,True,1.430511474609375e-06
541,10.58678890002193,0,18.460068,True,True,1.430511474609375e-06
542,10.605140724976081,0,18.306003,True,True,1.430511474609375e-06
543,10.623619259975385,0,18.429095,True,True,1.430511474609375e-06
544,10.642577018006705,0,18.903327,True,True,1.430511474609375e-06
545,10.66084950597724,0,18.220751,True,True,1.430511474609375e-06
546,10.679051673971117,0,18.150733,True,True,1.430511474609375e-06
547,10.697802055976354,0,18.6965,True,True,1.430511474609375e-06
548,10.716084592975676,0,18.23805,True,True,1.430511474609375e-06
549,10.734310496016406,0,18.184269,True,True,1.430511474609375e-06
550,10.752566815994214,0,18.213075,True,True,1.430511474609375e-06
551,10.770788034016732,0,18.182249,True,True,1.430511474609375e-06
552,10.78937421797309,0,18.540818,True,True,1.430511474609375e-06
553,10.8078331159777,0,18.413614,True,True,1.430511474609375e-06
554,10.82614126498811,0,18.261349,True,True,1.430511474609375e-06
555,10.844819911988452,0,18.634244,True,True,1.430511474609375e-06
556,10.862997359014116,0,18.136712,True,True,1.430511474609375e-06
557,10.881192654022016,0,18.155516,True,True,1.430511474609375e-06
558,10.89958268799819,0,18.349824,True,True,1.430511474609375e-06
559,10.917863047972787,0,18.2418,True,True,1.430511474609375e-06
560,10.936024582013488,0,18.121329,True,True,1.430511474609375e-06
561,10.95456862298306,0,18.497598,True,True,1.430511474609375e-06
562,10.972767460974865,0,18.159261,True,True,1.430511474609375e-06
563,10.990974419983104,0,18.16412,True,True,1.430511474609375e-06
564,11.009863014973234,0,18.846249,True,True,1.430511474609375e-06
565,11.028152942017186,0,18.248023,True,True,1.430511474609375e-06
566,11.04645481100306,0,18.257378,True,True,1.430511474609375e-06
567,11.065022322000004,0,18.527554,True,True,1.430511474609375e-06
568,11.083198753010947,0,18.134023,True,True,1.430511474609375e-06
569,11.101467870001215,0,18.224892,True,True,1.430511474609375e-06
570,11.11974667798495,0,18.237731,True,True,1.430511474609375e-06
571,11.138018396974076,0,18.23097,True,True,1.430511474609375e-06
572,11.156547861988656,0,18.488391,True,True,1.430511474609375e-06
573,11.174811395991128,0,18.221128,True,True,1.430511474609375e-06
574,11.193025761982426,0,18.168049,True,True,1.430511474609375e-06
575,11.211659828026313,0,18.586794,True,True,1.430511474609375e-06
576,11.230313257023226,0,18.609982,True,True,1.430511474609375e-06
577,11.248612063995097,0,18.238022,True,True,1.430511474609375e-06
578,11.2669429720263,0,18.281454,True,True,1.430511474609375e-06
579,11.285560814023484,0,18.576829,True,True,1.430511474609375e-06
580,11.303765700024087,0,18.159459,True,True,1.430511474609375e-06
581,11.32200363901211,0,18.195867,True,True,1.430511474609375e-06
582,11.340451771975495,0,18.406515,True,True,1.430511474609375e-06
583,11.358716167975217,0,18.219805,True,True,1.430511474609375e-06
584,11.37733195500914,0,18.571412,True,True,1.430511474609375e-06
585,11.406759526988026,0,29.37386,True,True,1.430511474609375e-06
586,11.427545954007655,0,20.678153,True,True,1.430511474609375e-06
587,11.445909644011408,0,18.292133,True,True,1.430511474609375e-06
588,11.464100576995406,0,18.143209,True,True,1.430511474609375e-06
589,11.482635452994145,0,18.490036,True,True,1.430511474609375e-06
590,11.501054718974046,0,18.372503,True,True,1.430511474609375e-06
591,11.519564964983147,0,18.436272,True,True,1.430511474609375e-06
592,11.549568202986848,0,29.914374,True,True,1.430511474609375e-06
593,11.568145202007145,0,18.466114,True,True,1.430511474609375e-06
594,11.58647470199503,0,18.261498,True,True,1.430511474609375e-06
595,11.605152838979848,0,18.630604,True,True,1.430511474609375e-06
596,11.623379354015924,0,18.183371,True,True,1.430511474609375e-06
597,11.641598763002548,0,18.174536,True,True,1.430511474609375e-06
598,11.660116004000884,0,18.472644,True,True,1.430511474609375e-06
599,11.678351134993136,0,18.186023,True,True,1.430511474609375e-06
600,11.69645272399066,0,18.052781,True,True,1.430511474609375e-06
601,11.715062896022573,0,18.565306,True,True,1.430511474609375e-06
602,11.733541155001149,0,18.408293,True,True,1.430511474609375e-06
603,11.75188843801152,0,18.268328,True,True,1.430511474609375e-06
604,11.770597130001988,0,18.657593,True,True,1.430511474609375e-06
605,11.788796979002655,0,18.144116,True,True,1.430511474609375e-06
606,11.807002371002454,0,18.158258,True,True,1.430511474609375e-06
607,11.82527603500057,0,18.228201,True,True,1.430511474609375e-06
608,11.843551253026817,0,18.229068,True,True,1.430511474609375e-06
609,11.862420034012757,0,18.817505,True,True,1.430511474609375e-06
610,11.880641663970891,0,18.178084,True,True,1.430511474609375e-06
611,11.898872356978245,0,18.187301,True,True,1.430511474609375e-06
612,11.917131579015404,0,18.218364,True,True,1.430511474609375e-06
613,11.935320425021928,0,18.145392,True,True,1.430511474609375e-06
614,11.953870393976104,0,18.50705,True,True,1.430511474609375e-06
615,11.97198805300286,0,18.079123,True,True,1.430511474609375e-06
616,11.990145949006546,0,18.119237,True,True,1.430511474609375e-06
617,12.008403579005972,0,18.215936,True,True,1.430511474609375e-06
618,12.026575759984553,0,18.129641,True,True,1.430511474609375e-06
619,12.04508839402115,0,18.47406,True,True,1.430511474609375e-06
620,12.063330659992062,0,18.203033,True,True,1.430511474609375e-06
621,12.081649957981426,0,18.279635,True,True,1.430511474609375e-06
622,12.100436791020911,0,18.736567,True,True,1.430511474609375e-06
623,12.118637327977922,0,18.157187,True,True,1.430511474609375e-06
624,12.136721658986062,0,18.044159,True,True,1.430511474609375e-06
625,12.155557525984477,0,18.791013,True,True,1.430511474609375e-06
626,12.183630748011637,0,28.027137,True,True,1.430511474609375e-06
627,12.202415564970579,0,18.68738,True,True,1.430511474609375e-06
628,12.220847201999277,0,18.367798,True,True,1.430511474609375e-06
629,12.239049430994783,0,18.153844,True,True,1.430511474609375e-06
630,12.257658056973014,0,18.560277,True,True,1.430511474609375e-06
631,12.276084973011166,0,18.383214,True,True,1.430511474609375e-06
632,12.2942738289712,0,18.146199,True,True,1.430511474609375e-06
633,12.31304503598949,0,18.730346,True,True,1.430511474609375e-06
634,12.331240297004115,0,18.153143,True,True,1.430511474609375e-06
635,12.349518484028522,0,18.231333,True,True,1.430511474609375e-06
636,12.36846815602621,0,18.906622,True,True,1.430511474609375e-06
637,12.396618411003146,0,28.093688,True,True,1.430511474609375e-06
638,12.417287821008358,0,20.56046,True,True,1.430511474609375e-06
639,12.435717130021658,0,18.361463,True,True,1.430511474609375e-06
640,12.45404751598835,0,18.280913,True,True,1.430511474609375e-06
641,12.472595661005471,0,18.49603,True,True,1.430511474609375e-06
642,12.490926644997671,0,18.285667,True,True,1.430511474609375e-06
643,12.509162309987005,0,18.191546,True,True,1.430511474609375e-06
644,12.527693446027115,0,18.48882,True,True,1.430511474609375e-06
645,12.548559535993263,0,20.817584,True,True,1.430511474609375e-06
646,12.574877095990814,0,26.22918,True,True,1.430511474609375e-06
647,12.595364479988348,0,20.391309,True,True,1.430511474609375e-06
648,12.613932308973745,0,18.507864,True,True,1.430511474609375e-06
649,12.632105986995157,0,18.125261,True,True,1.430511474609375e-06
650,12.650345848000143,0,18.197146,True,True,1.430511474609375e-06
651,12.669267082994338,0,18.876027,True,True,1.430511474609375e-06
652,12.68754390097456,0,18.231728,True,True,1.430511474609375e-06
653,12.705682306026574,0,18.097063,True,True,1.430511474609375e-06
654,12.723985501972493,0,18.256139,True,True,1.430511474609375e-06
655,12.742285245971289,0,18.257861,True,True,1.430511474609375e-06
656,12.7609748460236,0,18.6469,True,True,1.430511474609375e-06
657,12.779312112019397,0,18.296104,True,True,1.430511474609375e-06
658,12.797538743005134,0,18.176242,True,True,1.430511474609375e-06
659,12.816236999002285,0,18.657525,True,True,1.430511474609375e-06
660,12.84413493500324,0,27.852347,True,True,1.430511474609375e-06
661,12.86279426998226,0,18.581295,True,True,1.430511474609375e-06
662,12.881196188973263,0,18.344615,True,True,1.430511474609375e-06
663,12.899489262024872,0,18.248527,True,True,1.430511474609375e-06
664,12.918134057021234,0,18.600733,True,True,1.430511474609375e-06
665,12.936765510006808,0,18.591547,True,True,1.430511474609375e-06
666,12.954995842999779,0,18.18588,True,True,1.430511474609375e-06
667,12.973325424012728,0,18.289745,True,True,1.430511474609375e-06
668,12.991976515972055,0,18.606884,True,True,1.430511474609375e-06
669,13.01018884498626,0,18.169238,True,True,1.430511474609375e-06
670,13.02865325397579,0,18.423488,True,True,1.430511474609375e-06
671,13.047365566017106,0,18.670765,True,True,1.430511474609375e-06
672,13.065554875996895,0,18.142443,True,True,1.430511474609375e-06
673,13.08374641899718,0,18.14822,True,True,1.430511474609375e-06
674,13.102523539972026,0,18.737316,True,True,1.430511474609375e-06
675,13.120776552008465,0,18.209024,True,True,1.430511474609375e-06
676,13.139044297975488,0,18.222687,True,True,1.430511474609375e-06
677,13.157392831984907,0,18.302191,True,True,1.430511474609375e-06
678,13.175615683023352,0,18.180553,True,True,1.430511474609375e-06
679,13.19423701701453,0,18.578485,True,True,1.430511474609375e-06
680,13.21262788400054,0,18.346375,True,True,1.430511474609375e-06
681,13.230890212988015,0,18.209007,True,True,1.430511474609375e-06
682,13.249353503983002,0,18.418247,True,True,1.430511474609375e-06
683,13.267783435003366,0,18.33799,True,True,1.430511474609375e-06
684,13.286368475994095,0,18.526723,True,True,1.430511474609375e-06
685,13.304741099011153,0,18.32477,True,True,1.430511474609375e-06
686,13.323024991026614,0,18.235567,True,True,1.430511474609375e-06
687,13.341472666012123,0,18.40258,True,True,1.430511474609375e-06
688,13.359781563980505,0,18.266586,True,True,1.430511474609375e-06
689,13.378394285973627,0,18.56904,True,True,1.430511474609375e-06
690,13.406647439987864,0,28.195689,True,True,1.430511474609375e-06
691,13.42717071599327,0,20.411715,True,True,1.430511474609375e-06
692,13.445887184003368,0,18.622584,True,True,1.430511474609375e-06
693,13.464181946997996,0,18.236216,True,True,1.430511474609375e-06
694,13.489330084004905,0,25.097661,True,True,1.430511474609375e-06
695,13.510896372026764,0,21.48814,True,True,1.430511474609375e-06
696,13.52929110097466,0,18.339327,True,True,1.430511474609375e-06
697,13.550019396003336,0,20.678567,True,True,1.430511474609375e-06
698,13.577997184009291,0,27.861713,True,True,1.430511474609375e-06
699,13.596536612021737,0,18.440921,True,True,1.430511474609375e-06
700,13.614839205984026,0,18.240316,True,True,1.430511474609375e-06
701,13.633381639025174,0,18.496586,True,True,1.430511474609375e-06
702,13.65155503997812,0,18.131752,True,True,1.430511474609375e-06
703,13.66972543799784,0,18.132021,True,True,1.430511474609375e-06
704,13.6881711659953,0,18.401719,True,True,1.430511474609375e-06
705,13.706317507021595,0,18.106532,True,True,1.430511474609375e-06
706,13.724634037003852,0,18.277189,True,True,1.430511474609375e-06
707,13.743267940997612,0,18.582839,True,True,1.430511474609375e-06
708,13.761435844004154,0,18.097526,True,True,1.430511474609375e-06
709,13.779661922017112,0,18.173713,True,True,1.430511474609375e-06
710,13.798231882974505,0,18.512419,True,True,1.430511474609375e-06
711,13.816531942982692,0,18.255445,True,True,1.430511474609375e-06
712,13.834741493978072,0,18.167683,True,True,1.430511474609375e-06
713,13.853872445004527,0,19.089729,True,True,1.430511474609375e-06
714,13.872474181989674,0,18.489951,True,True,1.430511474609375e-06
715,13.890822148008738,0,18.269076,True,True,1.430511474609375e-06
716,13.909355597977992,0,18.484616,True,True,1.430511474609375e-06
717,13.927585424971767,0,18.18769,True,True,1.430511474609375e-06
718,13.945852743985597,0,18.221443,True,True,1.430511474609375e-06
719,13.96456372202374,0,18.669744,True,True,1.430511474609375e-06
720,13.982675683975685,0,18.067305,True,True,1.430511474609375e-06
721,14.000991391018033,0,18.276609,True,True,1.430511474609375e-06
722,14.019432632019743,0,18.397885,True,True,1.430511474609375e-06
723,14.03756569698453,0,18.09391,True,True,1.430511474609375e-06
724,14.056124924973119,0,18.517157,True,True,1.430511474609375e-06
725,14.074325666006189,0,18.159665,True,True,1.430511474609375e-06
726,14.092525688989554,0,18.158928,True,True,1.430511474609375e-06
727,14.111368744983338,0,18.80316,True,True,1.430511474609375e-06
728,14.129925996996462,0,18.515117,True,True,1.430511474609375e-06
729,14.148152279027272,0,18.177643,True,True,1.430511474609375e-06
730,14.166312641988043,0,18.118143,True,True,1.430511474609375e-06
731,14.184969155990984,0,18.611597,True,True,1.430511474609375e-06
732,14.20302138698753,0,18.008077,True,True,1.430511474609375e-06
733,14.221277547010686,0,18.215333,True,True,1.430511474609375e-06
734,14.240196050028317,0,18.877112,True,True,1.430511474609375e-06
735,14.258405941014644,0,18.163255,True,True,1.430511474609375e-06
736,14.276685336022638,0,18.235298,True,True,1.430511474609375e-06
737,14.295353754016105,0,18.625137,True,True,1.430511474609375e-06
738,14.313583814015146,0,18.18862,True,True,1.430511474609375e-06
739,14.341871863987762,0,28.244149,True,True,1.430511474609375e-06
740,14.360286756011192,0,18.335248,True,True,1.430511474609375e-06
741,14.380738294974435,0,20.393762,True,True,1.430511474609375e-06
742,14.407276445999742,0,26.452855,True,True,1.430511474609375e-06
743,14.427419624989852,0,20.055214,True,True,1.430511474609375e-06
744,14.445903562998865,0,18.422736,True,True,1.430511474609375e-06
745,14.464510841993615,0,18.557237,True,True,1.430511474609375e-06
746,14.48272766097216,0,18.17198,True,True,1.430511474609375e-06
747,14.500849274976645,0,18.077601,True,True,1.430511474609375e-06
748,14.519351845025085,0,18.462943,True,True,1.430511474609375e-06
749,14.537632555991877,0,18.235465,True,True,1.430511474609375e-06
750,14.567712545976974,0,30.030089,True,True,1.430511474609375e-06
751,14.5911271640216,0,23.297266,True,True,1.430511474609375e-06
752,14.609615269990172,0,18.412547,True,True,1.430511474609375e-06
753,14.627969039021991,0,18.298455,True,True,1.430511474609375e-06
754,14.646595509024337,0,18.581557,True,True,1.430511474609375e-06
755,14.664823448983952,0,18.182141,True,True,1.430511474609375e-06
756,14.683042644988745,0,18.172143,True,True,1.430511474609375e-06
757,14.701409095025156,0,18.30969,True,True,1.430511474609375e-06
758,14.719761577027384,0,18.310469,True,True,1.430511474609375e-06
759,14.738215835008305,0,18.414523,True,True,1.430511474609375e-06
760,14.756500070972834,0,18.24299,True,True,1.430511474609375e-06
761,14.774886430008337,0,18.340838,True,True,1.430511474609375e-06
762,14.793808960996103,0,18.80594,True,True,1.430511474609375e-06
763,14.812412368017249,0,18.519795,True,True,1.430511474609375e-06
764,14.830970428010914,0,18.474805,True,True,1.430511474609375e-06
765,14.849753212998621,0,18.707252,True,True,1.430511474609375e-06
766,14.86816174897831,0,18.345596,True,True,1.430511474609375e-06
767,14.886417835019529,0,18.203641,True,True,1.430511474609375e-06
768,14.90533483197214,0,18.859624,True,True,1.430511474609375e-06
769,14.923758969991468,0,18.376654,True,True,1.430511474609375e-06
770,14.942227815976366,0,18.427993,True,True,1.430511474609375e-06
771,14.960509494994767,0,18.238772,True,True,1.430511474609375e-06
772,14.979097732983064,0,18.543657,True,True,1.430511474609375e-06
773,14.99738045601407,0,18.238455,True,True,1.430511474609375e-06
774,15.015637718024664,0,18.207343,True,True,1.430511474609375e-06
775,15.034413626999594,0,18.727067,True,True,1.430511474609375e-06
776,15.052793151000515,0,18.336772,True,True,1.430511474609375e-06
777,15.07108863099711,0,18.253298,True,True,1.430511474609375e-06
778,15.089794585015625,0,18.661308,True,True,1.430511474609375e-06
779,15.108337329991627,0,18.496683,True,True,1.430511474609375e-06
780,15.12658827798441,0,18.208301,True,True,1.430511474609375e-06
781,15.144774425018113,0,18.145106,True,True,1.430511474609375e-06
782,15.1736564229941,0,28.839389,True,True,1.430511474609375e-06
783,15.192120540014002,0,18.39558,True,True,1.430511474609375e-06
784,15.21046952798497,0,18.289854,True,True,1.430511474609375e-06
785,15.229320844984613,0,18.803519,True,True,1.430511474609375e-06
786,15.247619516972918,0,18.253985,True,True,1.430511474609375e-06
787,15.265872767020483,0,18.212251,True,True,1.430511474609375e-06
788,15.284476961009204,0,18.561152,True,True,1.430511474609375e-06
789,15.302692178986035,0,18.165421,True,True,1.430511474609375e-06
790,15.320964840997476,0,18.227493,True,True,1.430511474609375e-06
791,15.33930768398568,0,18.301968,True,True,1.430511474609375e-06
792,15.3575468690251,0,18.193855,True,True,1.430511474609375e-06
793,15.376035325985868,0,18.448013,True,True,1.430511474609375e-06
794,15.405990912986454,0,29.907066,True,True,1.430511474609375e-06
795,15.424881127022672,0,18.782476,True,True,1.430511474609375e-06
796,15.443230658012908,0,18.285873,True,True,1.430511474609375e-06
797,15.461466373992153,0,18.18672,True,True,1.430511474609375e-06
798,15.479754197993316,0,18.241211,True,True,1.430511474609375e-06
799,15.497930095996708,0,18.134357,True,True,1.430511474609375e-06
800,15.516603206982836,0,18.630008,True,True,1.430511474609375e-06
801,15.53492293698946,0,18.277773,True,True,1.430511474609375e-06
802,15.553182148025371,0,18.213877,True,True,1.430511474609375e-06
803,15.5819619789836,0,28.728821,True,True,1.430511474609375e-06
804,15.602014635980595,0,19.93826,True,True,1.430511474609375e-06
805,15.62034289498115,0,18.265806,True,True,1.430511474609375e-06
806,15.639019253023434,0,18.62961,True,True,1.430511474609375e-06
807,15.657399542978965,0,18.30589,True,True,1.430511474609375e-06
808,15.675778323027771,0,18.324641,True,True,1.430511474609375e-06
809,15.694008120975923,0,18.181669,True,True,1.430511474609375e-06
810,15.712143087002914,0,18.092169,True,True,1.430511474609375e-06
811,15.730864765995648,0,18.681428,True,True,1.430511474609375e-06
812,15.749076488020364,0,18.17298,True,True,1.430511474609375e-06
813,15.767264175985474,0,18.146355,True,True,1.430511474609375e-06
814,15.785796932992525,0,18.488364,True,True,1.430511474609375e-06
815,15.804129432013724,0,18.282013,True,True,1.430511474609375e-06
816,15.822582271008287,0,18.412292,True,True,1.430511474609375e-06
817,15.840718498977367,0,18.096638,True,True,1.430511474609375e-06
818,15.858893876022194,0,18.134288,True,True,1.430511474609375e-06
819,15.877105352992658,0,18.173495,True,True,1.430511474609375e-06
820,15.895335074979812,0,18.18645,True,True,1.430511474609375e-06
821,15.91400137700839,0,18.625901,True,True,1.430511474609375e-06
822,15.932221519993618,0,18.174066,True,True,1.430511474609375e-06
823,15.950354636996053,0,18.093106,True,True,1.430511474609375e-06
824,15.968776257999707,0,18.37825,True,True,1.430511474609375e-06
825,15.986878935014829,0,18.064202,True,True,1.430511474609375e-06
826,16.00501109700417,0,18.090682,True,True,1.430511474609375e-06
827,16.023402280989103,0,18.352435,True,True,1.430511474609375e-06
828,16.04175261297496,0,18.288654,True,True,1.430511474609375e-06
829,16.06050675502047,0,18.706326,True,True,1.430511474609375e-06
830,16.079061093972996,0,18.509275,True,True,1.430511474609375e-06
831,16.0972172570182,0,18.11178,True,True,1.430511474609375e-06
832,16.11545111198211,0,18.193137,True,True,1.430511474609375e-06
833,16.133886164985597,0,18.394971,True,True,1.430511474609375e-06
834,16.152193566027563,0,18.25892,True,True,1.430511474609375e-06
835,16.170369690982625,0,18.133809,True,True,1.430511474609375e-06
836,16.188938584004063,0,18.518098,True,True,1.430511474609375e-06
837,16.207201090001035,0,18.21795,True,True,1.430511474609375e-06
838,16.22538743901532,0,18.145551,True,True,1.430511474609375e-06
839,16.244434922002256,0,19.006814,True,True,1.430511474609375e-06
840,16.2627608620096,0,18.275337,True,True,1.430511474609375e-06
841,16.281077558989637,0,18.246454,True,True,1.430511474609375e-06
842,16.30007136199856,0,18.942586,True,True,1.430511474609375e-06
843,16.31846947898157,0,18.349007,True,True,1.430511474609375e-06
844,16.336797825002577,0,18.279656,True,True,1.430511474609375e-06
845,16.35526350798318,0,18.424577,True,True,1.430511474609375e-06
846,16.373697019997053,0,18.384635,True,True,1.430511474609375e-06
847,16.39908608602127,0,25.296153,True,True,1.430511474609375e-06
848,16.42365685297409,0,24.464956,True,True,1.430511474609375e-06
849,16.442101238004398,0,18.387874,True,True,1.430511474609375e-06
850,16.46029603597708,0,18.147308,True,True,1.430511474609375e-06
851,16.478687679977156,0,18.343358,True,True,1.430511474609375e-06
852,16.497170777991414,0,18.435716,True,True,1.430511474609375e-06
853,16.516097122977953,0,18.830674,True,True,1.430511474609375e-06
854,16.534506934985984,0,18.331732,True,True,1.430511474609375e-06
855,16.552652385027613,0,18.095881,True,True,1.430511474609375e-06
856,16.580699756974354,0,27.997733,True,True,1.430511474609375e-06
857,16.601657973020338,0,20.85758,True,True,1.430511474609375e-06
858,16.620265173027292,0,18.539418,True,True,1.430511474609375e-06
859,16.638573537988123,0,18.254969,True,True,1.430511474609375e-06
860,16.657070935005322,0,18.454488,True,True,1.430511474609375e-06
861,16.67533237702446,0,18.218136,True,True,1.430511474609375e-06
862,16.693523532012478,0,18.143394,True,True,1.430511474609375e-06
863,16.712034382973798,0,18.468811,True,True,1.430511474609375e-06
864,16.730198953009676,0,18.123155,True,True,1.430511474609375e-06
865,16.748385032988153,0,18.144267,True,True,1.430511474609375e-06
866,16.766811239998788,0,18.384409,True,True,1.430511474609375e-06
867,16.78499458200531,0,18.138463,True,True,1.430511474609375e-06
868,16.803775665990543,0,18.739222,True,True,1.430511474609375e-06
869,16.822020122024696,0,18.201977,True,True,1.430511474609375e-06
870,16.84023083897773,0,18.170411,True,True,1.430511474609375e-06
871,16.858975666982587,0,18.695952,True,True,1.430511474609375e-06
872,16.877237386011984,0,18.21779,True,True,1.430511474609375e-06
873,16.8955285900156,0,18.250189,True,True,1.430511474609375e-06
874,16.91396871500183,0,18.395823,True,True,1.430511474609375e-06
875,16.93214446597267,0,18.1376,True,True,1.430511474609375e-06
876,16.95036938402336,0,18.183902,True,True,1.430511474609375e-06
877,16.96879200200783,0,18.379413,True,True,1.430511474609375e-06
878,16.987081176019274,0,18.247503,True,True,1.430511474609375e-06
879,17.005293970985804,0,18.163962,True,True,1.430511474609375e-06
880,17.02363645902369,0,18.297453,True,True,1.430511474609375e-06
881,17.041842713020742,0,18.166821,True,True,1.430511474609375e-06
882,17.060506495006848,0,18.624538,True,True,1.430511474609375e-06
883,17.07875690399669,0,18.210191,True,True,1.430511474609375e-06
884,17.106901585008018,0,28.087911,True,True,1.430511474609375e-06
885,17.12533321400406,0,18.339833,True,True,1.430511474609375e-06
886,17.14360688702436,0,18.211397,True,True,1.430511474609375e-06
887,17.16220559901558,0,18.548297,True,True,1.430511474609375e-06
888,17.180482512980234,0,18.23124,True,True,1.430511474609375e-06
889,17.198766131012235,0,18.235046,True,True,1.430511474609375e-06
890,17.217861589975655,0,19.050198,True,True,1.430511474609375e-06
891,17.236126145988237,0,18.221621,True,True,1.430511474609375e-06
892,17.254396244010422,0,18.225818,True,True,1.430511474609375e-06
893,17.273087980982382,0,18.64364,True,True,1.430511474609375e-06
894,17.292192497989163,0,19.054582,True,True,1.430511474609375e-06
895,17.317367614014074,0,25.049031,True,True,1.430511474609375e-06
896,17.339148439990822,0,21.632702,True,True,1.430511474609375e-06
897,17.35841798398178,0,19.134232,True,True,1.430511474609375e-06
898,17.384851403010543,0,26.306936,True,True,1.430511474609375e-06
899,17.414603660989087,0,29.625442,True,True,1.430511474609375e-06
900,17.43307290499797,0,18.386192,True,True,1.430511474609375e-06
901,17.451483257988002,0,18.346228,True,True,1.430511474609375e-06
902,17.47631633101264,0,24.781675,True,True,1.430511474609375e-06
903,17.49466146097984,0,18.258783,True,True,1.430511474609375e-06
904,17.512979051971342,0,18.257679,True,True,1.430511474609375e-06
905,17.53150411497336,0,18.466483,True,True,1.430511474609375e-06
906,17.555760301009286,0,24.20319,True,True,1.430511474609375e-06
907,17.584207663021516,0,28.358328,True,True,1.430511474609375e-06
908,17.604747230012435,0,20.425191,True,True,1.430511474609375e-06
909,17.623266508977395,0,18.444737,True,True,1.430511474609375e-06
910,17.648147504020017,0,24.816244,True,True,1.430511474609375e-06
911,17.666611704975367,0,18.389145,True,True,1.430511474609375e-06
912,17.684944642998744,0,18.282882,True,True,1.430511474609375e-06
913,17.70352182397619,0,18.522641,True,True,1.430511474609375e-06
914,17.722934772027656,0,19.369324,True,True,1.430511474609375e-06
915,17.747904684976675,0,24.888519,True,True,1.430511474609375e-06
916,17.76640700502321,0,18.424208,True,True,1.430511474609375e-06
917,17.784783115028404,0,18.306453,True,True,1.430511474609375e-06
918,17.809502405987587,0,24.66454,True,True,1.430511474609375e-06
919,17.828394902986474,0,18.817765,True,True,1.430511474609375e-06
920,17.84674535697559,0,18.289743,True,True,1.430511474609375e-06
921,17.86542768299114,0,18.634573,True,True,1.430511474609375e-06
922,17.889838593022432,0,24.367651,True,True,1.430511474609375e-06
923,17.90844657702837,0,18.547072,True,True,1.430511474609375e-06
924,17.92706441297196,0,18.569507,True,True,1.430511474609375e-06
925,17.94534910202492,0,18.237948,True,True,1.430511474609375e-06
926,17.968033289012965,0,22.640242,True,True,1.430511474609375e-06
927,17.98828960902756,0,20.200176,True,True,1.430511474609375e-06
928,18.006634825025685,0,18.2937,True,True,1.430511474609375e-06
929,18.025456409028266,0,18.777114,True,True,1.430511474609375e-06
930,18.044324173009954,0,18.821071,True,True,1.430511474609375e-06
931,18.066840037994552,0,22.469373,True,True,1.430511474609375e-06
932,18.087332490016706,0,20.423471,True,True,1.430511474609375e-06
933,18.105756754986942,0,18.365472,True,True,1.430511474609375e-06
934,18.12446219602134,0,18.649585,True,True,1.430511474609375e-06
935,18.149656264984515,0,25.11687,True,True,1.430511474609375e-06
936,18.167987073014956,0,18.259082,True,True,1.430511474609375e-06
937,18.18625788000645,0,18.218013,True,True,1.430511474609375e-06
938,18.20495199697325,0,18.641335,True,True,1.430511474609375e-06
939,18.229909773974214,0,24.911849,True,True,1.430511474609375e-06
940,18.24850449000951,0,18.505188,True,True,1.430511474609375e-06
941,18.26678849401651,0,18.217191,True,True,1.430511474609375e-06
942,18.28519307397073,0,18.351178,True,True,1.430511474609375e-06
943,18.30992333800532,0,24.682527,True,True,1.430511474609375e-06
944,18.328890507982578,0,18.882069,True,True,1.430511474609375e-06
945,18.34773687797133,0,18.786403,True,True,1.430511474609375e-06
946,18.366038131003734,0,18.238025,True,True,1.430511474609375e-06
947,18.40069624001626,0,34.595072,True,True,1.430511474609375e-06
948,18.42174887098372,0,20.919937,True,True,1.430511474609375e-06
949,18.44031845999416,0,18.480374,True,True,1.430511474609375e-06
950,18.458715661021415,0,18.337912,True,True,1.430511474609375e-06
951,18.481878446007613,0,23.098307,True,True,1.430511474609375e-06
952,18.50246462301584,0,20.506664,True,True,1.430511474609375e-06
953,18.52121277502738,0,18.689761,True,True,1.430511474609375e-06
954,18.539747174014337,0,18.469708,True,True,1.430511474609375e-06
955,18.5644274650258,0,24.624352,True,True,1.430511474609375e-06
956,18.586621439026203,0,22.101547,True,True,1.430511474609375e-06
957,18.61379178898642,0,27.069718,True,True,1.430511474609375e-06
958,18.63692365901079,0,23.051254,True,True,1.430511474609375e-06
959,18.656788942986168,0,19.790253,True,True,1.430511474609375e-06
960,18.675000399991404,0,18.156891,True,True,1.430511474609375e-06
961,18.693429597013164,0,18.378073,True,True,1.430511474609375e-06
962,18.71173274097964,0,18.259949,True,True,1.430511474609375e-06
963,18.73557872697711,0,23.796615,True,True,1.430511474609375e-06
964,18.756170677021146,0,20.503244,True,True,1.430511474609375e-06
965,18.78500490100123,0,28.751063,True,True,1.430511474609375e-06
966,18.81008419697173,0,24.979721,True,True,1.430511474609375e-06
967,18.828768389998004,0,18.596921,True,True,1.430511474609375e-06
968,18.84711877797963,0,18.296474,True,True,1.430511474609375e-06
969,18.86578199098585,0,18.601415,True,True,1.430511474609375e-06
970,18.89138147002086,0,25.499468,True,True,1.430511474609375e-06
971,18.910202622995712,0,18.732666,True,True,1.430511474609375e-06
972,18.92840682301903,0,18.146216,True,True,1.430511474609375e-06
973,18.946575923007913,0,18.12165,True,True,1.430511474609375e-06
974,18.972348871990107,0,25.725609,True,True,1.430511474609375e-06
975,18.990727282012813,0,18.303985,True,True,1.430511474609375e-06
976,19.00913193699671,0,18.350116,True,True,1.430511474609375e-06
977,19.027828311023768,0,18.64939,True,True,1.430511474609375e-06
978,19.050342930015177,0,22.470237,True,True,1.430511474609375e-06
979,19.071566185972188,0,21.159068,True,True,1.430511474609375e-06
980,19.090178291022312,0,18.553398,True,True,1.430511474609375e-06
981,19.108447875012644,0,18.218479,True,True,1.430511474609375e-06
982,19.12667521002004,0,18.183317,True,True,1.430511474609375e-06
983,19.149546379980166,0,22.819116,True,True,1.430511474609375e-06
984,19.170411584025715,0,20.791237,True,True,1.430511474609375e-06
985,19.188777117000427,0,18.303184,True,True,1.430511474609375e-06
986,19.207348004973028,0,18.510957,True,True,1.430511474609375e-06
987,19.23533100198256,0,27.915187,True,True,1.430511474609375e-06
988,19.256854414998088,0,21.430355,True,True,1.430511474609375e-06
989,19.27595979900798,0,19.036779,True,True,1.430511474609375e-06
990,19.29421981301857,0,18.205468,True,True,1.430511474609375e-06
991,19.316951968998183,0,22.680266,True,True,1.430511474609375e-06
992,19.337707242986653,0,20.681938,True,True,1.430511474609375e-06
993,19.35624644602649,0,18.476004,True,True,1.430511474609375e-06
994,19.374607642996125,0,18.297021,True,True,1.430511474609375e-06
995,19.410764496016782,0,36.088631,True,True,1.430511474609375e-06
996,19.44040657801088,0,29.512465,True,True,1.430511474609375e-06
997,19.46307312202407,0,22.561798,True,True,1.430511474609375e-06
998,19.48383326997282,0,20.675334,True,True,1.430511474609375e-06
999,19.502182592987083,0,18.289283,True,True,1.430511474609375e-06
1000,19.520569936023094,0,18.332119,True,True,1.430511474609375e-06
1001,19.539839074015617,0,19.216622,True,True,1.430511474609375e-06
1002,19.56435042002704,0,24.443812,True,True,1.430511474609375e-06
1003,19.586525115999393,0,22.09893,True,True,1.430511474609375e-06
1004,19.613258443016093,0,26.625451,True,True,1.430511474609375e-06
1005,19.636413059022743,0,23.074777,True,True,1.430511474609375e-06
1006,19.656940729997586,0,20.460309,True,True,1.430511474609375e-06
1007,19.67515107401414,0,18.157222,True,True,1.430511474609375e-06
1008,19.693340456986334,0,18.134293,True,True,1.430511474609375e-06
1009,19.71182382799452,0,18.438764,True,True,1.430511474609375e-06
1010,19.73502617899794,0,23.161993,True,True,1.430511474609375e-06
1011,19.75546332797967,0,20.387447,True,True,1.430511474609375e-06
1012,19.780330470006447,0,24.814948,True,True,1.430511474609375e-06
1013,19.803728184022475,0,23.307589,True,True,1.430511474609375e-06
1014,19.823428110976238,0,19.627533,True,True,1.430511474609375e-06
1015,19.841678495984524,0,18.199452,True,True,1.430511474609375e-06
1016,19.86019566899631,0,18.472431,True,True,1.430511474609375e-06
1017,19.88334030198166,0,23.102793,True,True,1.430511474609375e-06
1018,19.90391485102009,0,20.494329,True,True,1.430511474609375e-06
1019,19.922545770008583,0,18.570889,True,True,1.430511474609375e-06
1020,19.940669174015056,0,18.069194,True,True,1.430511474609375e-06
1021,19.96318818401778,0,22.471313,True,True,1.430511474609375e-06
1022,19.984658784989733,0,21.386974,True,True,1.430511474609375e-06
1023,20.003332675027195,0,18.611311,True,True,1.430511474609375e-06
1024,20.02160419698339,0,18.220969,True,True,1.430511474609375e-06
1025,20.039765042020008,0,18.113527,True,True,1.430511474609375e-06
1026,20.064654349000193,0,24.843878,True,True,1.430511474609375e-06
1027,20.09404956601793,0,29.335805,True,True,1.430511474609375e-06
1028,20.112857643980533,0,18.729924,True,True,1.430511474609375e-06
1029,20.13550093700178,0,22.587689,True,True,1.430511474609375e-06
1030,20.15618985600304,0,20.610652,True,True,1.430511474609375e-06
1031,20.17450792697491,0,18.257456,True,True,1.430511474609375e-06
1032,20.193256261991337,0,18.696021,True,True,1.430511474609375e-06
1033,20.215996413026005,0,22.686366,True,True,1.430511474609375e-06
1034,20.23630350700114,0,20.236145,True,True,1.430511474609375e-06
1035,20.255379867972806,0,19.020586,True,True,1.430511474609375e-06
1036,20.27370774099836,0,18.266084,True,True,1.430511474609375e-06
1037,20.29678622900974,0,23.027291,True,True,1.430511474609375e-06
1038,20.317517783027142,0,20.659131,True,True,1.430511474609375e-06
1039,20.336075967992656,0,18.496705,True,True,1.430511474609375e-06
1040,20.354352267982904,0,18.221206,True,True,1.430511474609375e-06
1041,20.372646040981635,0,18.240122,True,True,1.430511474609375e-06
1042,20.40919519297313,0,36.494485,True,True,1.430511474609375e-06
1043,20.4279279410257,0,18.603137,True,True,1.430511474609375e-06
1044,20.446208644018043,0,18.203996,True,True,1.430511474609375e-06
1045,20.46968238800764,0,23.404826,True,True,1.430511474609375e-06
1046,20.490652223990764,0,20.889548,True,True,1.430511474609375e-06
1047,20.50900709297275,0,18.296299,True,True,1.430511474609375e-06
1048,20.52779773500515,0,18.736202,True,True,1.430511474609375e-06
1049,20.55039091000799,0,22.539094,True,True,1.430511474609375e-06
1050,20.57109970797319,0,20.613984,True,True,1.430511474609375e-06
1051,20.59933009900851,0,28.159967,True,True,1.430511474609375e-06
1052,20.620202306017745,0,20.760436,True,True,1.430511474609375e-06
1053,20.64471408200916,0,24.444154,True,True,1.430511474609375e-06
1054,20.663286980008706,0,18.496685,True,True,1.430511474609375e-06
1055,20.68153171602171,0,18.18792,True,True,1.430511474609375e-06
1056,20.700085177028086,0,18.497906,True,True,1.430511474609375e-06
1057,20.7186615029932,0,18.528209,True,True,1.430511474609375e-06
1058,20.743224286998156,0,24.515924,True,True,1.430511474609375e-06
1059,20.761724281008355,0,18.440981,True,True,1.430511474609375e-06
1060,20.780228648975026,0,18.452861,True,True,1.430511474609375e-06
1061,20.80346843600273,0,23.157193,True,True,1.430511474609375e-06
1062,20.82389035797678,0,20.360967,True,True,1.430511474609375e-06
1063,20.842113582999445,0,18.176244,True,True,1.430511474609375e-06
1064,20.860341020976193,0,18.182623,True,True,1.430511474609375e-06
1065,20.883483320008963,0,23.095476,True,True,1.430511474609375e-06
1066,20.903720281028654,0,20.170916,True,True,1.430511474609375e-06
1067,20.929239276971202,0,25.468005,True,True,1.430511474609375e-06
1068,20.951012396020815,0,21.696203,True,True,1.430511474609375e-06
1069,20.9755954919965,0,24.526767,True,True,1.430511474609375e-06
1070,20.994311219023075,0,18.648003,True,True,1.430511474609375e-06
1071,21.01276139798574,0,18.398993,True,True,1.430511474609375e-06
1072,21.03119680500822,0,18.377059,True,True,1.430511474609375e-06
1073,21.055863728979602,0,24.612496,True,True,1.430511474609375e-06
1074,21.074218599009328,0,18.301003,True,True,1.430511474609375e-06
1075,21.092576335999183,0,18.309017,True,True,1.430511474609375e-06
1076,21.11132375599118,0,18.700907,True,True,1.430511474609375e-06
1077,21.129582451016176,0,18.218364,True,True,1.430511474609375e-06
1078,21.152372616983484,0,22.741295,True,True,1.430511474609375e-06
1079,21.172835063014645,0,20.388607,True,True,1.430511474609375e-06
1080,21.191191816993523,0,18.298527,True,True,1.430511474609375e-06
1081,21.213998578023165,0,22.760724,True,True,1.430511474609375e-06
1082,21.234445779991802,0,20.373432,True,True,1.430511474609375e-06
1083,21.252945379994344,0,18.446513,True,True,1.430511474609375e-06
1084,21.27124712697696,0,18.244621,True,True,1.430511474609375e-06
1085,21.28951461298857,0,18.221294,True,True,1.430511474609375e-06
1086,21.314547923975624,0,24.978888,True,True,1.430511474609375e-06
1087,21.33295138500398,0,18.330498,True,True,1.430511474609375e-06
1088,21.351182924991008,0,18.173272,True,True,1.430511474609375e-06
1089,21.370193440990988,0,18.959583,True,True,1.430511474609375e-06
1090,21.405779553984758,0,35.519649,True,True,1.430511474609375e-06
1091,21.42448341601994,0,18.572647,True,True,1.430511474609375e-06
1092,21.442823602992576,0,18.269346,True,True,1.430511474609375e-06
1093,21.466036372003146,0,23.1505,True,True,1.430511474609375e-06
1094,21.486571945017204,0,20.439212,True,True,1.430511474609375e-06
1095,21.504934174998198,0,18.303525,True,True,1.430511474609375e-06
1096,21.523790932027623,0,18.804355,True,True,1.430511474609375e-06
1097,21.546403107000515,0,22.556058,True,True,1.430511474609375e-06
1098,21.566708343976643,0,20.228328,True,True,1.430511474609375e-06
1099,21.585534333018586,0,18.768108,True,True,1.430511474609375e-06
1100,21.613987090997398,0,28.346635,True,True,1.430511474609375e-06
1101,21.64074006199371,0,26.635738,True,True,1.430511474609375e-06
1102,21.659641035017557,0,18.820199,True,True,1.430511474609375e-06
1103,21.677891670027748,0,18.192378,True,True,1.430511474609375e-06
1104,21.69625352602452,0,18.310224,True,True,1.430511474609375e-06
1105,21.719502245017793,0,23.198059,True,True,1.430511474609375e-06
1106,21.739965030981693,0,20.34827,True,True,1.430511474609375e-06
1107,21.75837350799702,0,18.348793,True,True,1.430511474609375e-06
1108,21.786483555973973,0,28.058592,True,True,1.430511474609375e-06
1109,21.811963043990545,0,25.3882,True,True,1.430511474609375e-06
1110,21.830343236972112,0,18.31089,True,True,1.430511474609375e-06
1111,21.848614257003646,0,18.222249,True,True,1.430511474609375e-06
1112,21.867084665980656,0,18.425494,True,True,1.430511474609375e-06
1113,21.89157122100005,0,24.44296,True,True,1.430511474609375e-06
1114,21.909900892002042,0,18.26519,True,True,1.430511474609375e-06
1115,21.92816439102171,0,18.213881,True,True,1.430511474609375e-06
1116,21.947137517970987,0,18.924788,True,True,1.430511474609375e-06
1117,21.96975486498559,0,22.568179,True,True,1.430511474609375e-06
1118,21.990208749019075,0,20.398582,True,True,1.430511474609375e-06
1119,22.008475961978547,0,18.213824,True,True,1.430511474609375e-06
1120,22.026689242979046,0,18.168825,True,True,1.430511474609375e-06
1121,22.04972395702498,0,22.992257,True,True,1.430511474609375e-06
1122,22.069958031992428,0,20.178659,True,True,1.430511474609375e-06
1123,22.088242881000042,0,18.238406,True,True,1.430511474609375e-06
1124,22.106631505012047,0,18.343586,True,True,1.430511474609375e-06
1125,22.129012323974166,0,22.337056,True,True,1.430511474609375e-06
1126,22.14951794600347,0,20.434794,True,True,1.430511474609375e-06
1127,22.167900057975203,0,18.326014,True,True,1.430511474609375e-06
1128,22.18644428899279,0,18.496471,True,True,1.430511474609375e-06
1129,22.20470911101438,0,18.218185,True,True,1.430511474609375e-06
1130,22.223028043983504,0,18.271376,True,True,1.430511474609375e-06
1131,22.24790372501593,0,24.820048,True,True,1.430511474609375e-06
1132,22.266476163989864,0,18.487916,True,True,1.430511474609375e-06
1133,22.284860011015553,0,18.326344,True,True,1.430511474609375e-06
1134,22.30929893098073,0,24.38608,True,True,1.430511474609375e-06
1135,22.327954410982784,0,18.57643,True,True,1.430511474609375e-06
1136,22.34626927098725,0,18.257495,True,True,1.430511474609375e-06
1137,22.364552750019357,0,18.23721,True,True,1.430511474609375e-06
1138,22.398505626013502,0,33.889847,True,True,1.430511474609375e-06
1139,22.41919351601973,0,20.547271,True,True,1.430511474609375e-06
1140,22.437567787012085,0,18.296777,True,True,1.430511474609375e-06
1141,22.45594544202322,0,18.297682,True,True,1.430511474609375e-06
1142,22.4810490970267,0,25.047016,True,True,1.430511474609375e-06
1143,22.499448992020916,0,18.30837,True,True,1.430511474609375e-06
1144,22.51773983699968,0,18.235919,True,True,1.430511474609375e-06
1145,22.536235690989997,0,18.445885,True,True,1.430511474609375e-06
1146,22.560691380000208,0,24.404792,True,True,1.430511474609375e-06
1147,22.57937261200277,0,18.591547,True,True,1.430511474609375e-06
1148,22.60011930501787,0,20.683447,True,True,1.430511474609375e-06
1149,22.632930453983136,0,32.738402,True,True,1.430511474609375e-06
1150,22.6535541160265,0,20.52504,True,True,1.430511474609375e-06
1151,22.67184266599361,0,18.22614,True,True,1.430511474609375e-06
1152,22.690020648995414,0,18.127229,True,True,1.430511474609375e-06
1153,22.713024549011607,0,22.941376,True,True,1.430511474609375e-06
1154,22.73343823698815,0,20.33451,True,True,1.430511474609375e-06
1155,22.75200637098169,0,18.510869,True,True,1.430511474609375e-06
1156,22.77050294401124,0,18.448624,True,True,1.430511474609375e-06
1157,22.788680876023136,0,18.125149,True,True,1.430511474609375e-06
1158,22.813452388974838,0,24.725726,True,True,1.430511474609375e-06
1159,22.83186306100106,0,18.333892,True,True,1.430511474609375e-06
1160,22.850135101994965,0,18.215416,True,True,1.430511474609375e-06
1161,22.868516721006017,0,18.336877,True,True,1.430511474609375e-06
1162,22.8931630050065,0,24.60491,True,True,1.430511474609375e-06
1163,22.91172935802024,0,18.500722,True,True,1.430511474609375e-06
1164,22.929790381982457,0,18.012797,True,True,1.430511474609375e-06
1165,22.948557647003327,0,18.725691,True,True,1.430511474609375e-06
1166,22.967062055016868,0,18.460483,True,True,1.430511474609375e-06
1167,22.991579035005998,0,24.470191,True,True,1.430511474609375e-06
1168,23.010640553024132,0,18.998141,True,True,1.430511474609375e-06
1169,23.02921593101928,0,18.518695,True,True,1.430511474609375e-06
1170,23.052101148001384,0,22.833599,True,True,1.430511474609375e-06
1171,23.072650842019357,0,20.484669,True,True,1.430511474609375e-06
1172,23.0911401269841,0,18.430327,True,True,1.430511474609375e-06
1173,23.10965518199373,0,18.466935,True,True,1.430511474609375e-06
1174,23.132575168972835,0,22.877887,True,True,1.430511474609375e-06
1175,23.15287488902686,0,20.226221,True,True,1.430511474609375e-06
1176,23.17129043402383,0,18.359595,True,True,1.430511474609375e-06
1177,23.189726757002063,0,18.387513,True,True,1.430511474609375e-06
1178,23.212420129973907,0,22.647043,True,True,1.430511474609375e-06
1179,23.233396839001216,0,20.901695,True,True,1.430511474609375e-06
1180,23.251872218970675,0,18.422819,True,True,1.430511474609375e-06
1181,23.270175818004645,0,18.244443,True,True,1.430511474609375e-06
1182,23.28849527402781,0,18.272303,True,True,1.430511474609375e-06
1183,23.313385028974153,0,24.839138,True,True,1.430511474609375e-06
1184,23.331994988024235,0,18.51453,True,True,1.430511474609375e-06
1185,23.35085521399742,0,18.796456,True,True,1.430511474609375e-06
1186,23.369380722986534,0,18.471666,True,True,1.430511474609375e-06
1187,23.404037980013527,0,34.597921,True,True,1.430511474609375e-06
1188,23.423405140987597,0,19.186672,True,True,1.430511474609375e-06
1189,23.441922681988217,0,18.448778,True,True,1.430511474609375e-06
1190,23.46543852298055,0,23.45761,True,True,1.430511474609375e-06
1191,23.48600009601796,0,20.486756,True,True,1.430511474609375e-06
1192,23.50466991501162,0,18.61008,True,True,1.430511474609375e-06
1193,23.52313972497359,0,18.415821,True,True,1.430511474609375e-06
1194,23.541654107975774,0,18.450492,True,True,1.430511474609375e-06
1195,23.565834039007314,0,24.113817,True,True,1.430511474609375e-06
1196,23.58449440501863,0,18.591163,True,True,1.430511474609375e-06
1197,23.612566702009644,0,28.012692,True,True,1.430511474609375e-06
1198,23.633135051990394,0,20.463507,True,True,1.430511474609375e-06
1199,23.657881701015867,0,24.683124,True,True,1.430511474609375e-06
1200,23.67643498297548,0,18.487037,True,True,1.430511474609375e-06
1201,23.705270413018297,0,28.780326,True,True,1.430511474609375e-06
1202,23.730200781021267,0,24.844681,True,True,1.430511474609375e-06
1203,23.748727209982462,0,18.459582,True,True,1.430511474609375e-06
1204,23.76765107997926,0,18.8711,True,True,1.430511474609375e-06
1205,23.78619911597343,0,18.485677,True,True,1.430511474609375e-06
1206,23.81112339399988,0,24.866619,True,True,1.430511474609375e-06
1207,23.830163664999418,0,18.97472,True,True,1.430511474609375e-06
1208,23.848651305015665,0,18.438645,True,True,1.430511474609375e-06
1209,23.867056970018893,0,18.358995,True,True,1.430511474609375e-06
1210,23.892235016974155,0,25.134907,True,True,1.430511474609375e-06
1211,23.910682231013197,0,18.387622,True,True,1.430511474609375e-06
1212,23.92910090199439,0,18.370684,True,True,1.430511474609375e-06
1213,23.94762814301066,0,18.481837,True,True,1.430511474609375e-06
1214,23.970101870014332,0,22.43393,True,True,1.430511474609375e-06
1215,23.99070455302717,0,20.539485,True,True,1.430511474609375e-06
1216,24.009101087984163,0,18.344445,True,True,1.430511474609375e-06
1217,24.027609041018877,0,18.45968,True,True,1.430511474609375e-06
1218,24.050445951987058,0,22.792424,True,True,1.430511474609375e-06
1219,24.07121130800806,0,20.706363,True,True,1.430511474609375e-06
1220,24.089912683994044,0,18.591585,True,True,1.430511474609375e-06
1221,24.108566372015048,0,18.582219,True,True,1.430511474609375e-06
1222,24.12698442902183,0,18.368619,True,True,1.430511474609375e-06
1223,24.149544756975956,0,22.518418,True,True,1.430511474609375e-06
1224,24.170352472981904,0,20.74134,True,True,1.430511474609375e-06
1225,24.189004289975855,0,18.594908,True,True,1.430511474609375e-06
1226,24.207704344007652,0,18.597072,True,True,1.430511474609375e-06
1227,24.232740095991176,0,24.939041,True,True,1.430511474609375e-06
1228,24.251365152013022,0,18.55269,True,True,1.430511474609375e-06
1229,24.269834688981064,0,18.401915,True,True,1.430511474609375e-06
1230,24.28828945499845,0,18.402537,True,True,1.430511474609375e-06
1231,24.31335257802857,0,25.003393,True,True,1.430511474609375e-06
1232,24.338242976984475,0,24.774283,True,True,1.430511474609375e-06
1233,24.35687987698475,0,18.570838,True,True,1.430511474609375e-06
1234,24.375330575974658,0,18.382797,True,True,1.430511474609375e-06
1235,24.405577417986933,0,30.180898,True,True,1.430511474609375e-06
1236,24.424254936981015,0,18.564651,True,True,1.430511474609375e-06
1237,24.4428252010257,0,18.505228,True,True,1.430511474609375e-06
1238,24.46145968500059,0,18.572754,True,True,1.430511474609375e-06
1239,24.479920547979418,0,18.409161,True,True,1.430511474609375e-06
1240,24.4984281900106,0,18.449359,True,True,1.430511474609375e-06
1241,24.5168232289725,0,18.345757,True,True,1.430511474609375e-06
1242,24.535276524024084,0,18.397899,True,True,1.430511474609375e-06
1243,24.553690615983214,0,18.354315,True,True,1.430511474609375e-06
1244,24.57212862902088,0,18.380783,True,True,1.430511474609375e-06
1245,24.590895603003446,0,18.709983,True,True,1.430511474609375e-06
1246,24.609355531982146,0,18.399241,True,True,1.430511474609375e-06
1247,24.638382165983785,0,28.973599,True,True,1.430511474609375e-06
1248,24.6587309850147,0,20.24739,True,True,1.430511474609375e-06
1249,24.67741812998429,0,18.622584,True,True,1.430511474609375e-06
1250,24.695978684991132,0,18.483253,True,True,1.430511474609375e-06
1251,24.71468279097462,0,18.655194,True,True,1.430511474609375e-06
1252,24.733360016020015,0,18.597861,True,True,1.430511474609375e-06
1253,24.751804827013984,0,18.377743,True,True,1.430511474609375e-06
1254,24.77091665600892,0,19.049075,True,True,1.430511474609375e-06
1255,24.78944862401113,0,18.441939,True,True,1.430511474609375e-06
1256,24.807876938022673,0,18.371426,True,True,1.430511474609375e-06
1257,24.826525632990524,0,18.57964,True,True,1.430511474609375e-06
1258,24.844658547022846,0,18.073422,True,True,1.430511474609375e-06
1259,24.863010691013187,0,18.293506,True,True,1.430511474609375e-06
1260,24.88133485399885,0,18.268858,True,True,1.430511474609375e-06
1261,24.89978193998104,0,18.385774,True,True,1.430511474609375e-06
1262,24.9180241029826,0,18.188422,True,True,1.430511474609375e-06
1263,24.93617998098489,0,18.100196,True,True,1.430511474609375e-06
1264,24.954859890975058,0,18.625667,True,True,1.430511474609375e-06
1265,24.97321111301426,0,18.30083,True,True,1.430511474609375e-06
1266,24.991629044990987,0,18.369529,True,True,1.430511474609375e-06
1267,25.01065848401049,0,18.976288,True,True,1.430511474609375e-06
1268,25.02901912701782,0,18.299658,True,True,1.430511474609375e-06
1269,25.04742997698486,0,18.354909,True,True,1.430511474609375e-06
1270,25.065774697985034,0,18.290842,True,True,1.430511474609375e-06
1271,25.084251630993094,0,18.426383,True,True,1.430511474609375e-06
1272,25.102526173985098,0,18.224752,True,True,1.430511474609375e-06
1273,25.12107608502265,0,18.50043,True,True,1.430511474609375e-06
1274,25.139590264996514,0,18.459319,True,True,1.430511474609375e-06
1275,25.15802839398384,0,18.381429,True,True,1.430511474609375e-06
1276,25.176580781000666,0,18.499203,True,True,1.430511474609375e-06
1277,25.195099123986438,0,18.463363,True,True,1.430511474609375e-06
1278,25.213576222013216,0,18.426411,True,True,1.430511474609375e-06
1279,25.232164521992672,0,18.53128,True,True,1.430511474609375e-06
1280,25.250673283007927,0,18.452694,True,True,1.430511474609375e-06
1281,25.269183447991963,0,18.453694,True,True,1.430511474609375e-06
1282,25.287554287991952,0,18.319315,True,True,1.430511474609375e-06
1283,25.306406799994875,0,18.798171,True,True,1.430511474609375e-06
1284,25.324820719019044,0,18.352498,True,True,1.430511474609375e-06
1285,25.343255976971705,0,18.369682,True,True,1.430511474609375e-06
1286,25.36186564801028,0,18.554021,True,True,1.430511474609375e-06
1287,25.40002600598382,0,38.066157,True,True,1.430511474609375e-06
1288,25.420568393019494,0,20.405635,True,True,1.430511474609375e-06
1289,25.439250139985234,0,18.597616,True,True,1.430511474609375e-06
1290,25.457747872977052,0,18.426202,True,True,1.430511474609375e-06
1291,25.476267003978137,0,18.455342,True,True,1.430511474609375e-06
1292,25.495096602011472,0,18.772754,True,True,1.430511474609375e-06
1293,25.513583564024884,0,18.433005,True,True,1.430511474609375e-06
1294,25.53206927300198,0,18.426137,True,True,1.430511474609375e-06
1295,25.550490895984694,0,18.359733,True,True,1.430511474609375e-06
1296,25.568723767006304,0,18.16822,True,True,1.430511474609375e-06
1297,25.58709570398787,0,18.315687,True,True,1.430511474609375e-06
1298,25.605593414977193,0,18.444823,True,True,1.430511474609375e-06
1299,25.63375062099658,0,28.096615,True,True,1.430511474609375e-06
1300,25.654613199003506,0,20.757089,True,True,1.430511474609375e-06
1301,25.67318807099946,0,18.505969,True,True,1.430511474609375e-06
1302,25.69166266301181,0,18.41462,True,True,1.430511474609375e-06
1303,25.71063295402564,0,18.913536,True,True,1.430511474609375e-06
1304,25.729104580008425,0,18.415289,True,True,1.430511474609375e-06
1305,25.74734234897187,0,18.186649,True,True,1.430511474609375e-06
1306,25.76561451901216,0,18.221349,True,True,1.430511474609375e-06
1307,25.784317078010645,0,18.640442,True,True,1.430511474609375e-06
1308,25.802756169985514,0,18.377011,True,True,1.430511474609375e-06
1309,25.82114018901484,0,18.333404,True,True,1.430511474609375e-06
1310,25.839688253996428,0,18.499107,True,True,1.430511474609375e-06
1311,25.858020920015406,0,18.283623,True,True,1.430511474609375e-06
1312,25.87640738702612,0,18.332997,True,True,1.430511474609375e-06
1313,25.894970250024926,0,18.514129,True,True,1.430511474609375e-06
1314,25.913321135973092,0,18.302131,True,True,1.430511474609375e-06
1315,25.931923407013528,0,18.548873,True,True,1.430511474609375e-06
1316,25.950733009027317,0,18.754205,True,True,1.430511474609375e-06
1317,25.96909811598016,0,18.312624,True,True,1.430511474609375e-06
1318,25.987478476017714,0,18.329141,True,True,1.430511474609375e-06
1319,26.00587557401741,0,18.348206,True,True,1.430511474609375e-06
1320,26.034052980015986,0,28.124453,True,True,1.430511474609375e-06
1321,26.052713659999426,0,18.575633,True,True,1.430511474609375e-06
1322,26.07148430199595,0,18.706799,True,True,1.430511474609375e-06
1323,26.090010799001902,0,18.474619,True,True,1.430511474609375e-06
1324,26.108510893012863,0,18.444088,True,True,1.430511474609375e-06
1325,26.12703843601048,0,18.480624,True,True,1.430511474609375e-06
1326,26.14550803799648,0,18.413943,True,True,1.430511474609375e-06
1327,26.163941995007917,0,18.375589,True,True,1.430511474609375e-06
1328,26.18288532597944,0,18.888276,True,True,1.430511474609375e-06
1329,26.201347875001375,0,18.41214,True,True,1.430511474609375e-06
1330,26.219854791997932,0,18.451336,True,True,1.430511474609375e-06
1331,26.238395161984954,0,18.488759,True,True,1.430511474609375e-06
1332,26.256808555976022,0,18.359745,True,True,1.430511474609375e-06
1333,26.275296577019617,0,18.433897,True,True,1.430511474609375e-06
1334,26.293783397006337,0,18.434895,True,True,1.430511474609375e-06
1335,26.312384964025114,0,18.544632,True,True,1.430511474609375e-06
1336,26.330928081006277,0,18.484615,True,True,1.430511474609375e-06
1337,26.349295080988668,0,18.309397,True,True,1.430511474609375e-06
1338,26.36818257701816,0,18.834873,True,True,1.430511474609375e-06
1339,26.389927083975635,0,21.679915,True,True,1.430511474609375e-06
1340,26.417288601980545,0,27.254471,True,True,1.430511474609375e-06
1341,26.435885172977578,0,18.519007,True,True,1.430511474609375e-06
1342,26.454484844987746,0,18.543982,True,True,1.430511474609375e-06
1343,26.47319965797942,0,18.629691,True,True,1.430511474609375e-06
1344,26.491994559997693,0,18.704756,True,True,1.430511474609375e-06
1345,26.51055315998383,0,18.493023,True,True,1.430511474609375e-06
1346,26.52903806202812,0,18.422637,True,True,1.430511474609375e-06
1347,26.547497474995907,0,18.39655,True,True,1.430511474609375e-06
1348,26.566107093996834,0,18.552045,True,True,1.430511474609375e-06
1349,26.58473847399,0,18.563201,True,True,1.430511474609375e-06
1350,26.604010106995702,0,19.170499,True,True,1.430511474609375e-06
1351,26.628385639982298,0,24.291517,True,True,1.430511474609375e-06
1352,26.652518684975803,0,24.02028,True,True,1.430511474609375e-06
1353,26.671170823974535,0,18.594768,True,True,1.430511474609375e-06
1354,26.69907404400874,0,27.84793,True,True,1.430511474609375e-06
1355,26.718140418990515,0,18.982573,True,True,1.430511474609375e-06
1356,26.736537594988476,0,18.343913,True,True,1.430511474609375e-06
1357,26.754961624974385,0,18.376885,True,True,1.430511474609375e-06
1358,26.773700541991275,0,18.689207,True,True,1.430511474609375e-06
1359,26.792425959021784,0,18.656336,True,True,1.430511474609375e-06
1360,26.810965043026954,0,18.48813,True,True,1.430511474609375e-06
1361,26.829334589012433,0,18.324373,True,True,1.430511474609375e-06
1362,26.847836038970854,0,18.455903,True,True,1.430511474609375e-06
1363,26.86618355999235,0,18.303429,True,True,1.430511474609375e-06
1364,26.884586287022103,0,18.358073,True,True,1.430511474609375e-06
1365,26.903509796014987,0,18.88226,True,True,1.430511474609375e-06
1366,26.922026053012814,0,18.474668,True,True,1.430511474609375e-06
1367,26.940401512023527,0,18.325745,True,True,1.430511474609375e-06
1368,26.958744074974675,0,18.301121,True,True,1.430511474609375e-06
1369,26.977127093996387,0,18.342195,True,True,1.430511474609375e-06
1370,26.99564397300128,0,18.471383,True,True,1.430511474609375e-06
1371,27.014226765022613,0,18.535244,True,True,1.430511474609375e-06
1372,27.032797551015392,0,18.525517,True,True,1.430511474609375e-06
1373,27.050952647987287,0,18.113724,True,True,1.430511474609375e-06
1374,27.06939809798496,0,18.398897,True,True,1.430511474609375e-06
1375,27.087818138010334,0,18.379995,True,True,1.430511474609375e-06
1376,27.10624034202192,0,18.367664,True,True,1.430511474609375e-06
1377,27.12469201098429,0,18.406598,True,True,1.430511474609375e-06
1378,27.14319422299741,0,18.461968,True,True,1.430511474609375e-06
1379,27.161744654993527,0,18.501806,True,True,1.430511474609375e-06
1380,27.180255549028516,0,18.463605,True,True,1.430511474609375e-06
1381,27.19905676698545,0,18.756418,True,True,1.430511474609375e-06
1382,27.217667506018188,0,18.569011,True,True,1.430511474609375e-06
1383,27.23603040300077,0,18.3181,True,True,1.430511474609375e-06
1384,27.25443118502153,0,18.357724,True,True,1.430511474609375e-06
1385,27.2726061239955,0,18.128,True,True,1.430511474609375e-06
1386,27.29104441299569,0,18.395901,True,True,1.430511474609375e-06
1387,27.30957577499794,0,18.481933,True,True,1.430511474609375e-06
1388,27.327994889987167,0,18.372337,True,True,1.430511474609375e-06
1389,27.346593813970685,0,18.553322,True,True,1.430511474609375e-06
1390,27.365005364990793,0,18.366249,True,True,1.430511474609375e-06
1391,27.38672279601451,0,21.665156,True,True,1.430511474609375e-06
1392,27.4143595250207,0,27.533491,True,True,1.430511474609375e-06
1393,27.433024067024235,0,18.569074,True,True,1.430511474609375e-06
1394,27.45169919001637,0,18.609946,True,True,1.430511474609375e-06
1395,27.470172912988346,0,18.422603,True,True,1.430511474609375e-06
1396,27.488707367971074,0,18.483401,True,True,1.430511474609375e-06
1397,27.507109613972716,0,18.347381,True,True,1.430511474609375e-06
1398,27.535246139974333,0,28.089229,True,True,1.430511474609375e-06
1399,27.554018034017645,0,18.665395,True,True,1.430511474609375e-06
1400,27.572668067994528,0,18.578302,True,True,1.430511474609375e-06
1401,27.591163864010014,0,18.440066,True,True,1.430511474609375e-06
1402,27.609705903974827,0,18.4943,True,True,1.430511474609375e-06
1403,27.628152785007842,0,18.392756,True,True,1.430511474609375e-06
1404,27.658098769024946,0,29.89548,True,True,1.430511474609375e-06
1405,27.67676197300898,0,18.552736,True,True,1.430511474609375e-06
1406,27.69518613902619,0,18.365267,True,True,1.430511474609375e-06
1407,27.713408814975992,0,18.170275,True,True,1.430511474609375e-06
1408,27.731929885980207,0,18.479451,True,True,1.430511474609375e-06
1409,27.750340357015375,0,18.370774,True,True,1.430511474609375e-06
1410,27.76878254400799,0,18.399413,True,True,1.430511474609375e-06
1411,27.787743254972156,0,18.912864,True,True,1.430511474609375e-06
1412,27.806084760988597,0,18.300269,True,True,1.430511474609375e-06
1413,27.82451006298652,0,18.386427,True,True,1.430511474609375e-06
1414,27.842900876014028,0,18.352169,True,True,1.430511474609375e-06
1415,27.861365719989408,0,18.423979,True,True,1.430511474609375e-06
1416,27.87971261702478,0,18.308687,True,True,1.430511474609375e-06
1417,27.89802233898081,0,18.271722,True,True,1.430511474609375e-06
1418,27.91702852997696,0,18.965583,True,True,1.430511474609375e-06
1419,27.935395620996132,0,18.328244,True,True,1.430511474609375e-06
1420,27.953857571992557,0,18.420262,True,True,1.430511474609375e-06
1421,27.972280860994942,0,18.382362,True,True,1.430511474609375e-06
1422,27.990843628998846,0,18.524442,True,True,1.430511474609375e-06
1423,28.009484126989264,0,18.60162,True,True,1.430511474609375e-06
1424,28.0278465480078,0,18.320278,True,True,1.430511474609375e-06
1425,28.046302255010232,0,18.415645,True,True,1.430511474609375e-06
1426,28.064682095020544,0,18.338205,True,True,1.430511474609375e-06
1427,28.08304345200304,0,18.316673,True,True,1.430511474609375e-06
1428,28.102093787980266,0,19.004763,True,True,1.430511474609375e-06
1429,28.12045017600758,0,18.310098,True,True,1.430511474609375e-06
1430,28.13883272797102,0,18.342147,True,True,1.430511474609375e-06
1431,28.157261828018818,0,18.376122,True,True,1.430511474609375e-06
1432,28.17585818999214,0,18.55118,True,True,1.430511474609375e-06
1433,28.19426487298915,0,18.365115,True,True,1.430511474609375e-06
1434,28.21264721697662,0,18.33688,True,True,1.430511474609375e-06
1435,28.231380173994694,0,18.683152,True,True,1.430511474609375e-06
1436,28.249677993997466,0,18.257582,True,True,1.430511474609375e-06
1437,28.26817915600259,0,18.455279,True,True,1.430511474609375e-06
1438,28.28688465699088,0,18.644329,True,True,1.430511474609375e-06
1439,28.30532059597317,0,18.37483,True,True,1.430511474609375e-06
1440,28.32372216001386,0,18.346421,True,True,1.430511474609375e-06
1441,28.342180043982808,0,18.390852,True,True,1.430511474609375e-06
1442,28.360909515002277,0,18.685051,True,True,1.430511474609375e-06
1443,28.400143176026177,0,39.17994,True,True,1.430511474609375e-06
1444,28.42076328297844,0,20.48597,True,True,1.430511474609375e-06
1445,28.439321457990445,0,18.485678,True,True,1.430511474609375e-06
1446,28.45791612501489,0,18.538633,True,True,1.430511474609375e-06
1447,28.476353743986692,0,18.378967,True,True,1.430511474609375e-06
1448,28.494782230001874,0,18.3757,True,True,1.430511474609375e-06
1449,28.513201972993556,0,18.372391,True,True,1.430511474609375e-06
1450,28.531556278001517,0,18.309157,True,True,1.430511474609375e-06
1451,28.549971179978456,0,18.362924,True,True,1.430511474609375e-06
1452,28.568372590001673,0,18.355639,True,True,1.430511474609375e-06
1453,28.586935953993816,0,18.511005,True,True,1.430511474609375e-06
1454,28.605352632002905,0,18.368915,True,True,1.430511474609375e-06
1455,28.62376366998069,0,18.360441,True,True,1.430511474609375e-06
1456,28.652230693027377,0,28.417153,True,True,1.430511474609375e-06
1457,28.672599927987903,0,20.258518,True,True,1.430511474609375e-06
1458,28.69111493800301,0,18.450585,True,True,1.430511474609375e-06
1459,28.709642334026285,0,18.468644,True,True,1.430511474609375e-06
1460,28.728056748979725,0,18.367294,True,True,1.430511474609375e-06
1461,28.746671409986448,0,18.565411,True,True,1.430511474609375e-06
1462,28.76510421501007,0,18.383417,True,True,1.430511474609375e-06
1463,28.783859586983453,0,18.676718,True,True,1.430511474609375e-06
1464,28.802289386978373,0,18.348987,True,True,1.430511474609375e-06
1465,28.82069517497439,0,18.351191,True,True,1.430511474609375e-06
1466,28.839457212015986,0,18.7191,True,True,1.430511474609375e-06
1467,28.85785843798658,0,18.352382,True,True,1.430511474609375e-06
1468,28.87632034998387,0,18.417164,True,True,1.430511474609375e-06
1469,28.894973827002104,0,18.600838,True,True,1.430511474609375e-06
1470,28.91389997501392,0,18.806406,True,True,1.430511474609375e-06
1471,28.932321586995386,0,18.355984,True,True,1.430511474609375e-06
1472,28.950683725997806,0,18.315091,True,True,1.430511474609375e-06
1473,28.969538851000834,0,18.812341,True,True,1.430511474609375e-06
1474,28.987860493012704,0,18.276309,True,True,1.430511474609375e-06
1475,29.00627870997414,0,18.375894,True,True,1.430511474609375e-06
1476,29.024633635999635,0,18.314991,True,True,1.430511474609375e-06
1477,29.043041658005677,0,18.366893,True,True,1.430511474609375e-06
1478,29.061489627987612,0,18.407013,True,True,1.430511474609375e-06
1479,29.07991139002843,0,18.380503,True,True,1.430511474609375e-06
1480,29.098331601999234,0,18.378183,True,True,1.430511474609375e-06
1481,29.116802338976413,0,18.429743,True,True,1.430511474609375e-06
1482,29.13526891398942,0,18.426057,True,True,1.430511474609375e-06
1483,29.153823302011006,0,18.508702,True,True,1.430511474609375e-06
1484,29.172243017994333,0,18.358551,True,True,1.430511474609375e-06
1485,29.190700564009603,0,18.409452,True,True,1.430511474609375e-06
1486,29.20916995598236,0,18.427738,True,True,1.430511474609375e-06
1487,29.22763603000203,0,18.420231,True,True,1.430511474609375e-06
1488,29.246042155020405,0,18.359527,True,True,1.430511474609375e-06
1489,29.264452743984293,0,18.367536,True,True,1.430511474609375e-06
1490,29.28295895201154,0,18.454535,True,True,1.430511474609375e-06
1491,29.301336314994842,0,18.326699,True,True,1.430511474609375e-06
1492,29.3203858389752,0,19.002888,True,True,1.430511474609375e-06
1493,29.338805169973057,0,18.363932,True,True,1.430511474609375e-06
1494,29.357355470012408,0,18.503288,True,True,1.430511474609375e-06
1495,29.37588094099192,0,18.481355,True,True,1.430511474609375e-06
1496,29.404321582987905,0,28.380398,True,True,1.430511474609375e-06
1497,29.424758006003685,0,20.322892,True,True,1.430511474609375e-06
1498,29.44331449700985,0,18.492823,True,True,1.430511474609375e-06
1499,29.461896223016083,0,18.52947,True,True,1.430511474609375e-06
1500,29.48029839899391,0,18.351877,True,True,1.430511474609375e-06
1501,29.498794779996388,0,18.447446,True,True,1.430511474609375e-06
1502,29.517250188975595,0,18.41225,True,True,1.430511474609375e-06
1503,29.53558540099766,0,18.290377,True,True,1.430511474609375e-06
1504,29.554169870971236,0,18.534037,True,True,1.430511474609375e-06
1505,29.57261897699209,0,18.397428,True,True,1.430511474609375e-06
1506,29.591039129009005,0,18.373234,True,True,1.430511474609375e-06
1507,29.609888863982633,0,18.805143,True,True,1.430511474609375e-06
1508,29.62850576097844,0,18.564226,True,True,1.430511474609375e-06
1509,29.656965340021998,0,28.398013,True,True,1.430511474609375e-06
1510,29.677281712996773,0,20.210184,True,True,1.430511474609375e-06
1511,29.695805170980748,0,18.459378,True,True,1.430511474609375e-06
1512,29.714280996995512,0,18.420908,True,True,1.430511474609375e-06
1513,29.732667241012678,0,18.33558,True,True,1.430511474609375e-06
1514,29.75128947198391,0,18.579417,True,True,1.430511474609375e-06
1515,29.769723106001038,0,18.389585,True,True,1.430511474609375e-06
1516,29.788361831975635,0,18.577309,True,True,1.430511474609375e-06
1517,29.806767161993776,0,18.353411,True,True,1.430511474609375e-06
1518,29.825137412000913,0,18.326474,True,True,1.430511474609375e-06
1519,29.84390875097597,0,18.73126,True,True,1.430511474609375e-06
1520,29.862244779011235,0,18.297239,True,True,1.430511474609375e-06
1521,29.88056504400447,0,18.280965,True,True,1.430511474609375e-06
1522,29.899018092022743,0,18.403098,True,True,1.430511474609375e-06
1523,29.917386555986013,0,18.322672,True,True,1.430511474609375e-06
1524,29.93569001398282,0,18.259765,True,True,1.430511474609375e-06
1525,29.95410059700953,0,18.370185,True,True,1.430511474609375e-06
1526,29.97252601198852,0,18.384762,True,True,1.430511474609375e-06
1527,29.990881906007417,0,18.315966,True,True,1.430511474609375e-06
1528,30.009319639997557,0,18.398024,True,True,1.430511474609375e-06
1529,30.027867356024217,0,18.50539,True,True,1.430511474609375e-06
1530,30.046254549990408,0,18.343862,True,True,1.430511474609375e-06
1531,30.064735335006844,0,18.438795,True,True,1.430511474609375e-06
1532,30.083286336972378,0,18.511686,True,True,1.430511474609375e-06
1533,30.101713830023073,0,18.385655,True,True,1.430511474609375e-06
1534,30.120047377015,0,18.292275,True,True,1.430511474609375e-06
1535,30.138507583993487,0,18.408412,True,True,1.430511474609375e-06
1536,30.156984149012715,0,18.435092,True,True,1.430511474609375e-06
1537,30.175405188987497,0,18.370033,True,True,1.430511474609375e-06
1538,30.194418310013134,0,18.96856,True,True,1.430511474609375e-06
1539,30.212825600989163,0,18.364108,True,True,1.430511474609375e-06
1540,30.23121322802035,0,18.339632,True,True,1.430511474609375e-06
1541,30.249709372001234,0,18.455873,True,True,1.430511474609375e-06
1542,30.26832401601132,0,18.572265,True,True,1.430511474609375e-06
1543,30.29656954202801,0,28.181679,True,True,1.430511474609375e-06
1544,30.315422794024926,0,18.747688,True,True,1.430511474609375e-06
1545,30.334062494977843,0,18.568199,True,True,1.430511474609375e-06
1546,30.352579539001454,0,18.450961,True,True,1.430511474609375e-06
1547,30.37149628199404,0,18.870553,True,True,1.430511474609375e-06
1548,30.39996648102533,0,28.419129,True,True,1.430511474609375e-06
1549,30.420367100974545,0,20.28715,True,True,1.430511474609375e-06
1550,30.43894005502807,0,18.505872,True,True,1.430511474609375e-06
1551,30.457482131023426,0,18.489515,True,True,1.430511474609375e-06
1552,30.475931962020695,0,18.399874,True,True,1.430511474609375e-06
1553,30.494431669008918,0,18.453443,True,True,1.430511474609375e-06
1554,30.512803854013328,0,18.323251,True,True,1.430511474609375e-06
1555,30.531176733027678,0,18.329648,True,True,1.430511474609375e-06
1556,30.549596988013946,0,18.373945,True,True,1.430511474609375e-06
1557,30.567986596026458,0,18.343597,True,True,1.430511474609375e-06
1558,30.586493148992304,0,18.464083,True,True,1.430511474609375e-06
1559,30.605264711019117,0,18.72362,True,True,1.430511474609375e-06
1560,30.62365718302317,0,18.350562,True,True,1.430511474609375e-06
1561,30.6421074999962,0,18.395661,True,True,1.430511474609375e-06
1562,30.670722606009804,0,28.564241,True,True,1.430511474609375e-06
1563,30.691292173985858,0,20.461083,True,True,1.430511474609375e-06
1564,30.71006050397409,0,18.694962,True,True,1.430511474609375e-06
1565,30.72856994101312,0,18.455051,True,True,1.430511474609375e-06
1566,30.746674265014008,0,18.061613,True,True,1.430511474609375e-06
1567,30.764947263000067,0,18.231285,True,True,1.430511474609375e-06
1568,30.783348556025885,0,18.350695,True,True,1.430511474609375e-06
1569,30.801989439001773,0,18.595516,True,True,1.430511474609375e-06
1570,30.820330419985112,0,18.289972,True,True,1.430511474609375e-06
1571,30.838786755979527,0,18.413013,True,True,1.430511474609375e-06
1572,30.856878018996213,0,18.049413,True,True,1.430511474609375e-06
1573,30.875139758980367,0,18.220638,True,True,1.430511474609375e-06
1574,30.893532405025326,0,18.350447,True,True,1.430511474609375e-06
1575,30.91190041397931,0,18.323803,True,True,1.430511474609375e-06
1576,30.930315441975836,0,18.376489,True,True,1.430511474609375e-06
1577,30.948599029972684,0,18.244738,True,True,1.430511474609375e-06
1578,30.966968128981534,0,18.325292,True,True,1.430511474609375e-06
1579,30.985273414989933,0,18.265628,True,True,1.430511474609375e-06
1580,31.003730637021363,0,18.416188,True,True,1.430511474609375e-06
1581,31.02208664402133,0,18.3134,True,True,1.430511474609375e-06
1582,31.04044143902138,0,18.315966,True,True,1.430511474609375e-06
1583,31.058883992023766,0,18.40319,True,True,1.430511474609375e-06
1584,31.07717791601317,0,18.255481,True,True,1.430511474609375e-06
1585,31.095624478999525,0,18.401468,True,True,1.430511474609375e-06
1586,31.114136783988215,0,18.471537,True,True,1.430511474609375e-06
1587,31.132449787983205,0,18.273147,True,True,1.430511474609375e-06
1588,31.15111255599186,0,18.615317,True,True,1.430511474609375e-06
1589,31.170026102976408,0,18.861577,True,True,1.430511474609375e-06
1590,31.188543167023454,0,18.468455,True,True,1.430511474609375e-06
1591,31.206959392002318,0,18.372008,True,True,1.430511474609375e-06
1592,31.225427925994154,0,18.425257,True,True,1.430511474609375e-06
1593,31.24383680598112,0,18.365974,True,True,1.430511474609375e-06
1594,31.262198973970953,0,18.320697,True,True,1.430511474609375e-06
1595,31.280677852977533,0,18.430022,True,True,1.430511474609375e-06
1596,31.299357739975676,0,18.636876,True,True,1.430511474609375e-06
1597,31.317925107025076,0,18.519351,True,True,1.430511474609375e-06
1598,31.33671336999396,0,18.724535,True,True,1.430511474609375e-06
1599,31.355789438996,0,18.972175,True,True,1.430511474609375e-06
1600,31.374333776009735,0,18.477364,True,True,1.430511474609375e-06
1601,31.402360184991267,0,27.969927,True,True,1.430511474609375e-06
1602,31.422992478997912,0,20.519683,True,True,1.430511474609375e-06
1603,31.441589961003046,0,18.538691,True,True,1.430511474609375e-06
1604,31.4603496940108,0,18.705931,True,True,1.430511474609375e-06
1605,31.479528121999465,0,19.069847,True,True,1.430511474609375e-06
1606,31.49804131500423,0,18.441345,True,True,1.430511474609375e-06
1607,31.51644416101044,0,18.354183,True,True,1.430511474609375e-06
1608,31.534832811972592,0,18.345227,True,True,1.430511474609375e-06
1609,31.553295322984923,0,18.409152,True,True,1.430511474609375e-06
1610,31.571773439005483,0,18.432728,True,True,1.430511474609375e-06
1611,31.5901964000077,0,18.37525,True,True,1.430511474609375e-06
1612,31.60891225899104,0,18.667304,True,True,1.430511474609375e-06
1613,31.627320747007616,0,18.354294,True,True,1.430511474609375e-06
1614,31.647915977984667,0,20.550194,True,True,1.430511474609375e-06
1615,31.67475355102215,0,26.741352,True,True,1.430511474609375e-06
1616,31.694981575012207,0,20.134665,True,True,1.430511474609375e-06
1617,31.714238450978883,0,19.190049,True,True,1.430511474609375e-06
1618,31.73265340999933,0,18.36643,True,True,1.430511474609375e-06
1619,31.751004880992696,0,18.307295,True,True,1.430511474609375e-06
1620,31.769524994015228,0,18.476774,True,True,1.430511474609375e-06
1621,31.78800036298344,0,18.423611,True,True,1.430511474609375e-06
1622,31.806558036012575,0,18.500886,True,True,1.430511474609375e-06
1623,31.82491561898496,0,18.31268,True,True,1.430511474609375e-06
1624,31.843393342976924,0,18.434055,True,True,1.430511474609375e-06
1625,31.86180976300966,0,18.377486,True,True,1.430511474609375e-06
1626,31.88013259199215,0,18.284809,True,True,1.430511474609375e-06
1627,31.89857422397472,0,18.40303,True,True,1.430511474609375e-06
1628,31.91688112699194,0,18.268132,True,True,1.430511474609375e-06
1629,31.935235830023885,0,18.316519,True,True,1.430511474609375e-06
1630,31.953626736998558,0,18.352704,True,True,1.430511474609375e-06
1631,31.981781428970862,0,28.114772,True,True,1.430511474609375e-06
1632,32.00089826801559,0,19.024783,True,True,1.430511474609375e-06
1633,32.019140406977385,0,18.183227,True,True,1.430511474609375e-06
1634,32.037546003994066,0,18.352628,True,True,1.430511474609375e-06
1635,32.055895187018905,0,18.3041,True,True,1.430511474609375e-06
1636,32.074060516024474,0,18.127567,True,True,1.430511474609375e-06
1637,32.09238731302321,0,18.288228,True,True,1.430511474609375e-06
1638,32.11097058298765,0,18.539627,True,True,1.430511474609375e-06
1639,32.12946674099658,0,18.449709,True,True,1.430511474609375e-06
1640,32.14788738201605,0,18.375593,True,True,1.430511474609375e-06
1641,32.16648700798396,0,18.553127,True,True,1.430511474609375e-06
1642,32.18497376999585,0,18.435449,True,True,1.430511474609375e-06
1643,32.20343119400786,0,18.4108,True,True,1.430511474609375e-06
1644,32.22224005998578,0,18.76534,True,True,1.430511474609375e-06
1645,32.24067610898055,0,18.385197,True,True,1.430511474609375e-06
1646,32.25916345900623,0,18.446695,True,True,1.430511474609375e-06
1647,32.27762980601983,0,18.422484,True,True,1.430511474609375e-06
1648,32.29623911797535,0,18.565904,True,True,1.430511474609375e-06
1649,32.31478088401491,0,18.493438,True,True,1.430511474609375e-06
1650,32.333171612001024,0,18.341357,True,True,1.430511474609375e-06
1651,32.35192782001104,0,18.715145,True,True,1.430511474609375e-06
1652,32.370433849981055,0,18.466266,True,True,1.430511474609375e-06
1653,32.39852106402395,0,28.027891,True,True,1.430511474609375e-06
1654,32.41906178597128,0,20.422339,True,True,1.430511474609375e-06
1655,32.43769531400176,0,18.569125,True,True,1.430511474609375e-06
1656,32.45612759800861,0,18.387828,True,True,1.430511474609375e-06
1657,32.47492994897766,0,18.755812,True,True,1.430511474609375e-06
1658,32.493346324015874,0,18.36588,True,True,1.430511474609375e-06
1659,32.51173662400106,0,18.344412,True,True,1.430511474609375e-06
1660,32.53012138302438,0,18.33825,True,True,1.430511474609375e-06
1661,32.54867563699372,0,18.509746,True,True,1.430511474609375e-06
1662,32.56714015902253,0,18.416417,True,True,1.430511474609375e-06
1663,32.58550510701025,0,18.321184,True,True,1.430511474609375e-06
1664,32.60446399502689,0,18.911341,True,True,1.430511474609375e-06
1665,32.622975782025605,0,18.465823,True,True,1.430511474609375e-06
1666,32.65418288501678,0,31.134842,True,True,1.430511474609375e-06
1667,32.68073797802208,0,26.430434,True,True,1.430511474609375e-06
1668,32.69921778101707,0,18.398868,True,True,1.430511474609375e-06
1669,32.71901466901181,0,19.736596,True,True,1.430511474609375e-06
1670,32.7375964189996,0,18.513873,True,True,1.430511474609375e-06
1671,32.75600040302379,0,18.351639,True,True,1.430511474609375e-06
1672,32.77468626399059,0,18.640159,True,True,1.430511474609375e-06
1673,32.79319978901185,0,18.45324,True,True,1.430511474609375e-06
1674,32.81207528198138,0,18.822477,True,True,1.430511474609375e-06
1675,32.83100697101327,0,18.879215,True,True,1.430511474609375e-06
1676,32.84937719500158,0,18.323766,True,True,1.430511474609375e-06
1677,32.867865164997056,0,18.445214,True,True,1.430511474609375e-06
1678,32.886183360009454,0,18.271756,True,True,1.430511474609375e-06
1679,32.90474732598523,0,18.519162,True,True,1.430511474609375e-06
1680,32.923683988978155,0,18.892296,True,True,1.430511474609375e-06
1681,32.94214754598215,0,18.400656,True,True,1.430511474609375e-06
1682,32.96078950597439,0,18.593526,True,True,1.430511474609375e-06
1683,32.97917840600712,0,18.348247,True,True,1.430511474609375e-06
1684,32.99763951997738,0,18.422791,True,True,1.430511474609375e-06
1685,33.01640510401921,0,18.722325,True,True,1.430511474609375e-06
1686,33.0348744589719,0,18.421019,True,True,1.430511474609375e-06
1687,33.053244441980496,0,18.327487,True,True,1.430511474609375e-06
1688,33.07209306198638,0,18.80404,True,True,1.430511474609375e-06
1689,33.09047624497907,0,18.339302,True,True,1.430511474609375e-06
1690,33.1088692729827,0,18.347558,True,True,1.430511474609375e-06
1691,33.12787306099199,0,18.963358,True,True,1.430511474609375e-06
1692,33.146285059978254,0,18.362362,True,True,1.430511474609375e-06
1693,33.16477163601667,0,18.434014,True,True,1.430511474609375e-06
1694,33.1834299719776,0,18.606868,True,True,1.430511474609375e-06
1695,33.201975669013336,0,18.492317,True,True,1.430511474609375e-06
1696,33.22095924598398,0,18.940356,True,True,1.430511474609375e-06
1697,33.239430629007984,0,18.402745,True,True,1.430511474609375e-06
1698,33.258278345980216,0,18.801054,True,True,1.430511474609375e-06
1699,33.27668311999878,0,18.355786,True,True,1.430511474609375e-06
1700,33.30487539898604,0,28.143838,True,True,1.430511474609375e-06
1701,33.323776010016445,0,18.797097,True,True,1.430511474609375e-06
1702,33.34231826802716,0,18.472025,True,True,1.430511474609375e-06
1703,33.36082202300895,0,18.44864,True,True,1.430511474609375e-06
1704,33.382320626988076,0,21.455389,True,True,1.430511474609375e-06
1705,33.410353631014004,0,27.94185,True,True,1.430511474609375e-06
1706,33.429173752025235,0,18.728873,True,True,1.430511474609375e-06
1707,33.44762163498672,0,18.387321,True,True,1.430511474609375e-06
1708,33.466244951006956,0,18.568516,True,True,1.430511474609375e-06
1709,33.48473661701428,0,18.431516,True,True,1.430511474609375e-06
1710,33.50417358800769,0,19.388646,True,True,1.430511474609375e-06
1711,33.52262508799322,0,18.405586,True,True,1.430511474609375e-06
1712,33.54102214600425,0,18.355393,True,True,1.430511474609375e-06
1713,33.55957798002055,0,18.499636,True,True,1.430511474609375e-06
1714,33.578151218011044,0,18.52559,True,True,1.430511474609375e-06
1715,33.59712449001381,0,18.920148,True,True,1.430511474609375e-06
1716,33.61560057499446,0,18.427571,True,True,1.430511474609375e-06
1717,33.6346027419786,0,18.951579,True,True,1.430511474609375e-06
1718,33.66461482201703,0,29.92756,True,True,1.430511474609375e-06
1719,33.68344527197769,0,18.725086,True,True,1.430511474609375e-06
1720,33.70264163799584,0,19.140034,True,True,1.430511474609375e-06
1721,33.72111269098241,0,18.414092,True,True,1.430511474609375e-06
1722,33.73962810699595,0,18.469005,True,True,1.430511474609375e-06
1723,33.75854482798604,0,18.858059,True,True,1.430511474609375e-06
1724,33.77710113697685,0,18.471703,True,True,1.430511474609375e-06
1725,33.79610792902531,0,18.947005,True,True,1.430511474609375e-06
1726,33.81499467801768,0,18.838826,True,True,1.430511474609375e-06
1727,33.83337444602512,0,18.338381,True,True,1.430511474609375e-06
1728,33.851753082999494,0,18.334489,True,True,1.430511474609375e-06
1729,33.87014662101865,0,18.35418,True,True,1.430511474609375e-06
1730,33.88926628197078,0,19.081573,True,True,1.430511474609375e-06
1731,33.90778244100511,0,18.472631,True,True,1.430511474609375e-06
1732,33.926269609015435,0,18.446503,True,True,1.430511474609375e-06
1733,33.94466289598495,0,18.352814,True,True,1.430511474609375e-06
1734,33.96306134801125,0,18.355319,True,True,1.430511474609375e-06
1735,33.981563969980925,0,18.460257,True,True,1.430511474609375e-06
1736,34.0007418289897,0,19.135682,True,True,1.430511474609375e-06
1737,34.01913977297954,0,18.356772,True,True,1.430511474609375e-06
1738,34.03758265200304,0,18.400532,True,True,1.430511474609375e-06
1739,34.05634437198751,0,18.72031,True,True,1.430511474609375e-06
1740,34.07479298702674,0,18.407072,True,True,1.430511474609375e-06
1741,34.0938019430032,0,18.966077,True,True,1.430511474609375e-06
1742,34.1125052869902,0,18.659561,True,True,1.430511474609375e-06
1743,34.14062625099905,0,28.073858,True,True,1.430511474609375e-06
1744,34.15933756501181,0,18.62016,True,True,1.430511474609375e-06
1745,34.17799662897596,0,18.588282,True,True,1.430511474609375e-06
1746,34.19638183398638,0,18.335836,True,True,1.430511474609375e-06
1747,34.214952368987724,0,18.526258,True,True,1.430511474609375e-06
1748,34.23463704501046,0,19.625602,True,True,1.430511474609375e-06
1749,34.25304554699687,0,18.36244,True,True,1.430511474609375e-06
1750,34.27160558098694,0,18.516304,True,True,1.430511474609375e-06
1751,34.29016148898518,0,18.507552,True,True,1.430511474609375e-06
1752,34.308714292012155,0,18.495147,True,True,1.430511474609375e-06
1753,34.32734174397774,0,18.565179,True,True,1.430511474609375e-06
1754,34.34585856000194,0,18.467054,True,True,1.430511474609375e-06
1755,34.364490568987094,0,18.577696,True,True,1.430511474609375e-06
1756,34.386534059012774,0,21.99698,True,True,1.430511474609375e-06
1757,34.41406430397183,0,27.420205,True,True,1.430511474609375e-06
1758,34.4330625020084,0,18.910214,True,True,1.430511474609375e-06
1759,34.45160128799034,0,18.475269,True,True,1.430511474609375e-06
1760,34.47011650801869,0,18.464209,True,True,1.430511474609375e-06
1761,34.488805575994775,0,18.634868,True,True,1.430511474609375e-06
1762,34.50722293800209,0,18.371768,True,True,1.430511474609375e-06
1763,34.52560739999171,0,18.340101,True,True,1.430511474609375e-06
1764,34.545013747003395,0,19.364327,True,True,1.430511474609375e-06
1765,34.56346757902065,0,18.387668,True,True,1.430511474609375e-06
1766,34.581938245974015,0,18.418798,True,True,1.430511474609375e-06
1767,34.60037735302467,0,18.386172,True,True,1.430511474609375e-06
1768,34.619004148989916,0,18.574508,True,True,1.430511474609375e-06
1769,34.63787656399654,0,18.829323,True,True,1.430511474609375e-06
1770,34.65637327899458,0,18.449594,True,True,1.430511474609375e-06
1771,34.686503863020334,0,30.085509,True,True,1.430511474609375e-06
1772,34.70516229298664,0,18.554441,True,True,1.430511474609375e-06
1773,34.724154377996456,0,18.923868,True,True,1.430511474609375e-06
1774,34.7430841330206,0,18.875336,True,True,1.430511474609375e-06
1775,34.761471247999,0,18.341384,True,True,1.430511474609375e-06
1776,34.780118983995635,0,18.603189,True,True,1.430511474609375e-06
1777,34.798591281985864,0,18.413505,True,True,1.430511474609375e-06
1778,34.816985756973736,0,18.344393,True,True,1.430511474609375e-06
1779,34.83589501597453,0,18.862985,True,True,1.430511474609375e-06
1780,34.857988375995774,0,22.035909,True,True,1.430511474609375e-06
1781,34.87958772602724,0,21.526365,True,True,1.430511474609375e-06
1782,34.89839188498445,0,18.750972,True,True,1.430511474609375e-06
1783,34.91688807599712,0,18.42006,True,True,1.430511474609375e-06
1784,34.93533408897929,0,18.397808,True,True,1.430511474609375e-06
1785,34.954331171000376,0,18.952788,True,True,1.430511474609375e-06
1786,34.9839264479815,0,29.547876,True,True,1.430511474609375e-06
1787,35.00260923197493,0,18.596046,True,True,1.430511474609375e-06
1788,35.021541247027926,0,18.869354,True,True,1.430511474609375e-06
1789,35.03998614498414,0,18.400289,True,True,1.430511474609375e-06
1790,35.05842593900161,0,18.395023,True,True,1.430511474609375e-06
1791,35.07729243399808,0,18.825887,True,True,1.430511474609375e-06
1792,35.096037596988026,0,18.697523,True,True,1.430511474609375e-06
1793,35.11449707002612,0,18.403084,True,True,1.430511474609375e-06
1794,35.132961565977894,0,18.416486,True,True,1.430511474609375e-06
1795,35.15189230599208,0,18.887693,True,True,1.430511474609375e-06
1796,35.170877017022576,0,18.937433,True,True,1.430511474609375e-06
1797,35.18939846102148,0,18.468452,True,True,1.430511474609375e-06
1798,35.20776348898653,0,18.315389,True,True,1.430511474609375e-06
1799,35.226435157994274,0,18.628169,True,True,1.430511474609375e-06
1800,35.244823960994836,0,18.342631,True,True,1.430511474609375e-06
1801,35.26326577598229,0,18.402489,True,True,1.430511474609375e-06
1802,35.28258832200663,0,19.278601,True,True,1.430511474609375e-06
1803,35.301044402003754,0,18.405893,True,True,1.430511474609375e-06
1804,35.31960280099884,0,18.492125,True,True,1.430511474609375e-06
1805,35.33808793599019,0,18.430408,True,True,1.430511474609375e-06
1806,35.35650226799771,0,18.363043,True,True,1.430511474609375e-06
1807,35.37542511802167,0,18.876304,True,True,1.430511474609375e-06
1808,35.405957318027504,0,30.478139,True,True,1.430511474609375e-06
1809,35.424739765992854,0,18.660221,True,True,1.430511474609375e-06
1810,35.443180735979695,0,18.380657,True,True,1.430511474609375e-06
1811,35.461845677986275,0,18.622141,True,True,1.430511474609375e-06
1812,35.48102916101925,0,19.135058,True,True,1.430511474609375e-06
1813,35.4997142010252,0,18.611674,True,True,1.430511474609375e-06
1814,35.518657618027646,0,18.833161,True,True,1.430511474609375e-06
1815,35.5377278989763,0,18.995127,True,True,1.430511474609375e-06
1816,35.556855825008824,0,19.021851,True,True,1.430511474609375e-06
1817,35.576205549994484,0,19.227689,True,True,1.430511474609375e-06
1818,35.594964441028424,0,18.640834,True,True,1.430511474609375e-06
1819,35.613673495012335,0,18.621095,True,True,1.430511474609375e-06
1820,35.632115820015315,0,18.377879,True,True,1.430511474609375e-06
1821,35.65054558799602,0,18.380605,True,True,1.430511474609375e-06
1822,35.67585021199193,0,25.251882,True,True,1.430511474609375e-06
1823,35.699895663012285,0,23.928169,True,True,1.430511474609375e-06
1824,35.719147266005166,0,19.178215,True,True,1.430511474609375e-06
1825,35.73774641397176,0,18.498082,True,True,1.430511474609375e-06
1826,35.7564004730084,0,18.58659,True,True,1.430511474609375e-06
1827,35.775190653977916,0,18.740851,True,True,1.430511474609375e-06
1828,35.79389581002761,0,18.644322,True,True,1.430511474609375e-06
1829,35.81248762999894,0,18.537932,True,True,1.430511474609375e-06
1830,35.83085508598015,0,18.317226,True,True,1.430511474609375e-06
1831,35.84969475498656,0,18.792782,True,True,1.430511474609375e-06
1832,35.86807819502428,0,18.333281,True,True,1.430511474609375e-06
1833,35.88650239497656,0,18.369693,True,True,1.430511474609375e-06
1834,35.9050367869786,0,18.481465,True,True,1.430511474609375e-06
1835,35.923340081993956,0,18.252343,True,True,1.430511474609375e-06
1836,35.9414743760135,0,18.089123,True,True,1.430511474609375e-06
1837,35.95974124397617,0,18.220505,True,True,1.430511474609375e-06
1838,35.97838624397991,0,18.602758,True,True,1.430511474609375e-06
1839,35.996825364010874,0,18.388125,True,True,1.430511474609375e-06
1840,36.015255579026416,0,18.389453,True,True,1.430511474609375e-06
1841,36.03385674499441,0,18.555746,True,True,1.430511474609375e-06
1842,36.05214971199166,0,18.253581,True,True,1.430511474609375e-06
1843,36.070584343979135,0,18.393974,True,True,1.430511474609375e-06
1844,36.08914911100874,0,18.520414,True,True,1.430511474609375e-06
1845,36.107578543014824,0,18.380243,True,True,1.430511474609375e-06
1846,36.125960713019595,0,18.341453,True,True,1.430511474609375e-06
1847,36.144688620988745,0,18.685406,True,True,1.430511474609375e-06
1848,36.16334826301318,0,18.613131,True,True,1.430511474609375e-06
1849,36.1819725719979,0,18.517251,True,True,1.430511474609375e-06
1850,36.2005018509808,0,18.46361,True,True,1.430511474609375e-06
1851,36.2189625389874,0,18.410413,True,True,1.430511474609375e-06
1852,36.23738909699023,0,18.355342,True,True,1.430511474609375e-06
1853,36.2559875039733,0,18.543683,True,True,1.430511474609375e-06
1854,36.274433573009446,0,18.397715,True,True,1.430511474609375e-06
1855,36.292936116980854,0,18.450662,True,True,1.430511474609375e-06
1856,36.31160381902009,0,18.611043,True,True,1.430511474609375e-06
1857,36.32999907800695,0,18.342172,True,True,1.430511474609375e-06
1858,36.34842740098247,0,18.379027,True,True,1.430511474609375e-06
1859,36.36720077402424,0,18.725576,True,True,1.430511474609375e-06
1860,36.391880261013284,0,24.629382,True,True,1.430511474609375e-06
1861,36.416362844989635,0,24.356273,True,True,1.430511474609375e-06
1862,36.4350933249807,0,18.643853,True,True,1.430511474609375e-06
1863,36.4536457459908,0,18.499312,True,True,1.430511474609375e-06
1864,36.472107039997354,0,18.415763,True,True,1.430511474609375e-06
1865,36.49075835599797,0,18.605449,True,True,1.430511474609375e-06
1866,36.50928494799882,0,18.473518,True,True,1.430511474609375e-06
1867,36.52794310299214,0,18.580724,True,True,1.430511474609375e-06
1868,36.54705788102001,0,19.021004,True,True,1.430511474609375e-06
1869,36.565532149979845,0,18.408171,True,True,1.430511474609375e-06
1870,36.583963448007125,0,18.378042,True,True,1.430511474609375e-06
1871,36.602393842011224,0,18.380606,True,True,1.430511474609375e-06
1872,36.6210111270193,0,18.57026,True,True,1.430511474609375e-06
1873,36.639386036025826,0,18.323587,True,True,1.430511474609375e-06
1874,36.65766020299634,0,18.224398,True,True,1.430511474609375e-06
1875,36.68595695798285,0,28.248796,True,True,1.430511474609375e-06
1876,36.70632065599784,0,20.265713,True,True,1.430511474609375e-06
1877,36.72514030401362,0,18.75095,True,True,1.430511474609375e-06
1878,36.7435843180283,0,18.397828,True,True,1.430511474609375e-06
1879,36.76195944898063,0,18.330152,True,True,1.430511474609375e-06
1880,36.78080362599576,0,18.797949,True,True,1.430511474609375e-06
1881,36.79931155702798,0,18.424416,True,True,1.430511474609375e-06
1882,36.81783675402403,0,18.461397,True,True,1.430511474609375e-06
1883,36.83637820999138,0,18.473581,True,True,1.430511474609375e-06
1884,36.85511399200186,0,18.682274,True,True,1.430511474609375e-06
1885,36.873476752021816,0,18.313143,True,True,1.430511474609375e-06
1886,36.90175942197675,0,28.238882,True,True,1.430511474609375e-06
1887,36.920368556980975,0,18.517834,True,True,1.430511474609375e-06
1888,36.938891112979036,0,18.466682,True,True,1.430511474609375e-06
1889,36.957411993003916,0,18.4764,True,True,1.430511474609375e-06
1890,36.97582501900615,0,18.368265,True,True,1.430511474609375e-06
1891,36.9941658009775,0,18.298003,True,True,1.430511474609375e-06
1892,37.0125136669958,0,18.306618,True,True,1.430511474609375e-06
1893,37.03138377901632,0,18.83148,True,True,1.430511474609375e-06
1894,37.04995754297124,0,18.521185,True,True,1.430511474609375e-06
1895,37.06838167802198,0,18.378545,True,True,1.430511474609375e-06
1896,37.08672881999519,0,18.304918,True,True,1.430511474609375e-06
1897,37.10522807302186,0,18.460056,True,True,1.430511474609375e-06
1898,37.12373386498075,0,18.467808,True,True,1.430511474609375e-06
1899,37.14229401102057,0,18.521439,True,True,1.430511474609375e-06
1900,37.161275009973906,0,18.911132,True,True,1.430511474609375e-06
1901,37.17997016699519,0,18.636936,True,True,1.430511474609375e-06
1902,37.19873424299294,0,18.668409,True,True,1.430511474609375e-06
1903,37.21723925101105,0,18.446118,True,True,1.430511474609375e-06
1904,37.23592737002764,0,18.62894,True,True,1.430511474609375e-06
1905,37.25439576600911,0,18.422912,True,True,1.430511474609375e-06
1906,37.27280703000724,0,18.367699,True,True,1.430511474609375e-06
1907,37.291796590026934,0,18.939225,True,True,1.430511474609375e-06
1908,37.310222711006645,0,18.37397,True,True,1.430511474609375e-06
1909,37.32871418498689,0,18.440838,True,True,1.430511474609375e-06
1910,37.347371991025284,0,18.608601,True,True,1.430511474609375e-06
1911,37.36598852497991,0,18.567508,True,True,1.430511474609375e-06
1912,37.39070390100824,0,24.670431,True,True,1.430511474609375e-06
1913,37.41512896097265,0,24.305131,True,True,1.430511474609375e-06
1914,37.43382767698495,0,18.627825,True,True,1.430511474609375e-06
1915,37.45243381499313,0,18.551465,True,True,1.430511474609375e-06
1916,37.470839769986924,0,18.36244,True,True,1.430511474609375e-06
1917,37.489455408998765,0,18.562466,True,True,1.430511474609375e-06
1918,37.507919264025986,0,18.41548,True,True,1.430511474609375e-06
1919,37.52654505398823,0,18.572559,True,True,1.430511474609375e-06
1920,37.54525601997739,0,18.666307,True,True,1.430511474609375e-06
1921,37.56366424198495,0,18.356049,True,True,1.430511474609375e-06
1922,37.582144938001875,0,18.432307,True,True,1.430511474609375e-06
1923,37.60053503297968,0,18.34212,True,True,1.430511474609375e-06
1924,37.61922304099426,0,18.639535,True,True,1.430511474609375e-06
1925,37.6375039939885,0,18.23136,True,True,1.430511474609375e-06
1926,37.65577623300487,0,18.228308,True,True,1.430511474609375e-06
1927,37.67440322897164,0,18.587982,True,True,1.430511474609375e-06
1928,37.70272521901643,0,28.269961,True,True,1.430511474609375e-06
1929,37.723748121003155,0,20.923577,True,True,1.430511474609375e-06
1930,37.74229003599612,0,18.48302,True,True,1.430511474609375e-06
1931,37.76080083602574,0,18.463417,True,True,1.430511474609375e-06
1932,37.785969178017695,0,25.123026,True,True,1.430511474609375e-06
1933,37.804644552990794,0,18.584416,True,True,1.430511474609375e-06
1934,37.8232606970123,0,18.561704,True,True,1.430511474609375e-06
1935,37.841638691024855,0,18.333301,True,True,1.430511474609375e-06
1936,37.86047305801185,0,18.792322,True,True,1.430511474609375e-06
1937,37.87891451502219,0,18.398699,True,True,1.430511474609375e-06
1938,37.89715277700452,0,18.194998,True,True,1.430511474609375e-06
1939,37.91544213902671,0,18.248348,True,True,1.430511474609375e-06
1940,37.933979799970984,0,18.497803,True,True,1.430511474609375e-06
1941,37.95265231502708,0,18.629871,True,True,1.430511474609375e-06
1942,37.97109166701557,0,18.392473,True,True,1.430511474609375e-06
1943,37.98955282301176,0,18.419882,True,True,1.430511474609375e-06
1944,38.008072405005805,0,18.480445,True,True,1.430511474609375e-06
1945,38.026480612985324,0,18.369683,True,True,1.430511474609375e-06
1946,38.045219652995,0,18.696562,True,True,1.430511474609375e-06
1947,38.06362779001938,0,18.359323,True,True,1.430511474609375e-06
1948,38.08210675197188,0,18.434195,True,True,1.430511474609375e-06
1949,38.100966359023005,0,18.817529,True,True,1.430511474609375e-06
1950,38.11930070200469,0,18.295122,True,True,1.430511474609375e-06
1951,38.137718770012725,0,18.378952,True,True,1.430511474609375e-06
1952,38.156176380987745,0,18.414164,True,True,1.430511474609375e-06
1953,38.17464317602571,0,18.415158,True,True,1.430511474609375e-06
1954,38.19309775100555,0,18.404376,True,True,1.430511474609375e-06
1955,38.21148370602168,0,18.341831,True,True,1.430511474609375e-06
1956,38.230433674005326,0,18.907352,True,True,1.430511474609375e-06
1957,38.24881410400849,0,18.33503,True,True,1.430511474609375e-06
1958,38.26729487598641,0,18.435486,True,True,1.430511474609375e-06
1959,38.28599491500063,0,18.653671,True,True,1.430511474609375e-06
1960,38.30445174500346,0,18.404318,True,True,1.430511474609375e-06
1961,38.322972729976755,0,18.471747,True,True,1.430511474609375e-06
1962,38.341500488983,0,18.46279,True,True,1.430511474609375e-06
1963,38.360078471014276,0,18.521598,True,True,1.430511474609375e-06
1964,38.378544666978996,0,18.420316,True,True,1.430511474609375e-06
1965,38.40873201901559,0,30.126958,True,True,1.430511474609375e-06
1966,38.42750672798138,0,18.669551,True,True,1.430511474609375e-06
1967,38.44600814697333,0,18.43444,True,True,1.430511474609375e-06
1968,38.46442205901258,0,18.36644,True,True,1.430511474609375e-06
1969,38.483020115003455,0,18.548011,True,True,1.430511474609375e-06
1970,38.50160705699818,0,18.541494,True,True,1.430511474609375e-06
1971,38.520062584022526,0,18.401638,True,True,1.430511474609375e-06
1972,38.53856686397921,0,18.456678,True,True,1.430511474609375e-06
1973,38.55712581099942,0,18.517734,True,True,1.430511474609375e-06
1974,38.58680403401377,0,29.625902,True,True,1.430511474609375e-06
1975,38.60548823699355,0,18.577709,True,True,1.430511474609375e-06
1976,38.62403467000695,0,18.478399,True,True,1.430511474609375e-06
1977,38.64248599699931,0,18.401427,True,True,1.430511474609375e-06
1978,38.660967176023405,0,18.436971,True,True,1.430511474609375e-06
1979,38.68139249802334,0,20.38228,True,True,1.430511474609375e-06
1980,38.70998756098561,0,28.528963,True,True,1.430511474609375e-06
1981,38.728928621974774,0,18.827815,True,True,1.430511474609375e-06
1982,38.74774332600646,0,18.722156,True,True,1.430511474609375e-06
1983,38.76629565702751,0,18.483954,True,True,1.430511474609375e-06
1984,38.784786782984156,0,18.434791,True,True,1.430511474609375e-06
1985,38.802841043972876,0,18.007291,True,True,1.430511474609375e-06
1986,38.82103917602217,0,18.156643,True,True,1.430511474609375e-06
1987,38.83981038397178,0,18.715174,True,True,1.430511474609375e-06
1988,38.858524172974285,0,18.639037,True,True,1.430511474609375e-06
1989,38.87709104997339,0,18.477868,True,True,1.430511474609375e-06
1990,38.89590921800118,0,18.755411,True,True,1.430511474609375e-06
1991,38.91433863900602,0,18.376701,True,True,1.430511474609375e-06
1992,38.93258049298311,0,18.192466,True,True,1.430511474609375e-06
1993,38.95095610100543,0,18.326459,True,True,1.430511474609375e-06
1994,38.96933379699476,0,18.32967,True,True,1.430511474609375e-06
1995,38.98774080199655,0,18.354474,True,True,1.430511474609375e-06
1996,39.006226737983525,0,18.436944,True,True,1.430511474609375e-06
1997,39.02478035597596,0,18.499379,True,True,1.430511474609375e-06
1998,39.043136476015206,0,18.307441,True,True,1.430511474609375e-06
1999,39.06146389001515,0,18.278069,True,True,1.430511474609375e-06
2000,39.07999173802091,0,18.477016,True,True,1.430511474609375e-06
2001,39.09841152798617,0,18.364712,True,True,1.430511474609375e-06
2002,39.11683756002458,0,18.373779,True,True,1.430511474609375e-06
2003,39.13575795502402,0,18.866135,True,True,1.430511474609375e-06
2004,39.15400593401864,0,18.198827,True,True,1.430511474609375e-06
2005,39.172460753005,0,18.400934,True,True,1.430511474609375e-06
2006,39.19095718499739,0,18.444263,True,True,1.430511474609375e-06
2007,39.20972421701299,0,18.716057,True,True,1.430511474609375e-06
2008,39.237958648998756,0,28.182586,True,True,1.430511474609375e-06
2009,39.256787262973376,0,18.729328,True,True,1.430511474609375e-06
2010,39.2753327289829,0,18.479531,True,True,1.430511474609375e-06
2011,39.29382197000086,0,18.430965,True,True,1.430511474609375e-06
2012,39.31249472300988,0,18.609827,True,True,1.430511474609375e-06
2013,39.330927187984344,0,18.376306,True,True,1.430511474609375e-06
2014,39.34928338602185,0,18.295639,True,True,1.430511474609375e-06
2015,39.36774104600772,0,18.407433,True,True,1.430511474609375e-06
2016,39.39615176897496,0,28.350089,True,True,1.430511474609375e-06
2017,39.416555552976206,0,20.284306,True,True,1.430511474609375e-06
2018,39.43551316001685,0,18.879895,True,True,1.430511474609375e-06
2019,39.45390471298015,0,18.329276,True,True,1.430511474609375e-06
2020,39.472460598975886,0,18.501038,True,True,1.430511474609375e-06
2021,39.490941682015546,0,18.421291,True,True,1.430511474609375e-06
2022,39.50946547702188,0,18.472216,True,True,1.430511474609375e-06
2023,39.52802318200702,0,18.501146,True,True,1.430511474609375e-06
2024,39.54643245099578,0,18.358342,True,True,1.430511474609375e-06
2025,39.564858001016546,0,18.366886,True,True,1.430511474609375e-06
2026,39.58325439499458,0,18.344042,True,True,1.430511474609375e-06
2027,39.60221961402567,0,18.90851,True,True,1.430511474609375e-06
2028,39.62076576700201,0,18.493442,True,True,1.430511474609375e-06
2029,39.63917483697878,0,18.347932,True,True,1.430511474609375e-06
2030,39.65771765797399,0,18.492444,True,True,1.430511474609375e-06
2031,39.67604971700348,0,18.282672,True,True,1.430511474609375e-06
2032,39.70438018802088,0,28.27297,True,True,1.430511474609375e-06
2033,39.72474117198726,0,20.240554,True,True,1.430511474609375e-06
2034,39.74327155202627,0,18.460016,True,True,1.430511474609375e-06
2035,39.76180309301708,0,18.474318,True,True,1.430511474609375e-06
2036,39.78028592001647,0,18.436077,True,True,1.430511474609375e-06
2037,39.79873581597349,0,18.380434,True,True,1.430511474609375e-06
2038,39.81715185102075,0,18.364059,True,True,1.430511474609375e-06
2039,39.835491476987954,0,18.283497,True,True,1.430511474609375e-06
2040,39.85382214799756,0,18.282755,True,True,1.430511474609375e-06
2041,39.872361476998776,0,18.485381,True,True,1.430511474609375e-06
2042,39.90061563800555,0,28.204612,True,True,1.430511474609375e-06
2043,39.91927436197875,0,18.554479,True,True,1.430511474609375e-06
2044,39.93799593299627,0,18.652801,True,True,1.430511474609375e-06
2045,39.95644743501907,0,18.402522,True,True,1.430511474609375e-06
2046,39.974879632995,0,18.37601,True,True,1.430511474609375e-06
2047,39.99342803301988,0,18.502812,True,True,1.430511474609375e-06
2048,40.0118046689895,0,18.322427,True,True,1.430511474609375e-06
2049,40.030255540972576,0,18.40362,True,True,1.430511474609375e-06
2050,40.048706498986576,0,18.399607,True,True,1.430511474609375e-06
2051,40.067225279984996,0,18.47356,True,True,1.430511474609375e-06
2052,40.08566492097452,0,18.386441,True,True,1.430511474609375e-06
2053,40.10410649498226,0,18.393079,True,True,1.430511474609375e-06
2054,40.12307079799939,0,18.911637,True,True,1.430511474609375e-06
2055,40.14148877898697,0,18.366629,True,True,1.430511474609375e-06
2056,40.160132949997205,0,18.591707,True,True,1.430511474609375e-06
2057,40.17872218997218,0,18.529195,True,True,1.430511474609375e-06
2058,40.197183687007055,0,18.405787,True,True,1.430511474609375e-06
2059,40.21566777199041,0,18.433476,True,True,1.430511474609375e-06
2060,40.23432154901093,0,18.597623,True,True,1.430511474609375e-06
2061,40.25280767097138,0,18.431679,True,True,1.430511474609375e-06
2062,40.27129753900226,0,18.433314,True,True,1.430511474609375e-06
2063,40.28965009102831,0,18.302349,True,True,1.430511474609375e-06
2064,40.30851211497793,0,18.808227,True,True,1.430511474609375e-06
2065,40.326923897024244,0,18.362486,True,True,1.430511474609375e-06
2066,40.34540241502691,0,18.425279,True,True,1.430511474609375e-06
2067,40.36393438297091,0,18.479029,True,True,1.430511474609375e-06
2068,40.38573214801727,0,21.739867,True,True,1.430511474609375e-06
2069,40.41279014397878,0,26.94453,True,True,1.430511474609375e-06
2070,40.431450101023074,0,18.556902,True,True,1.430511474609375e-06
2071,40.449964507017285,0,18.446799,True,True,1.430511474609375e-06
2072,40.46841653500451,0,18.394461,True,True,1.430511474609375e-06
2073,40.48699525202392,0,18.525112,True,True,1.430511474609375e-06
2074,40.505444719980005,0,18.393079,True,True,1.430511474609375e-06
2075,40.52397508401191,0,18.469736,True,True,1.430511474609375e-06
2076,40.54293142800452,0,18.8992,True,True,1.430511474609375e-06
2077,40.56139369902667,0,18.412911,True,True,1.430511474609375e-06
2078,40.57981942401966,0,18.366298,True,True,1.430511474609375e-06
2079,40.59835436398862,0,18.483043,True,True,1.430511474609375e-06
2080,40.61687990598148,0,18.469235,True,True,1.430511474609375e-06
2081,40.635256849986035,0,18.328672,True,True,1.430511474609375e-06
2082,40.65364282799419,0,18.330554,True,True,1.430511474609375e-06
2083,40.67219046497485,0,18.497927,True,True,1.430511474609375e-06
2084,40.69060150301084,0,18.358561,True,True,1.430511474609375e-06
2085,40.71951469202759,0,28.860543,True,True,1.430511474609375e-06
2086,40.749482535989955,0,29.847553,True,True,1.430511474609375e-06
2087,40.76828590000514,0,18.702533,True,True,1.430511474609375e-06
2088,40.787100428016856,0,18.737368,True,True,1.430511474609375e-06
2089,40.80558807897614,0,18.424984,True,True,1.430511474609375e-06
2090,40.823991080978885,0,18.354352,True,True,1.430511474609375e-06
2091,40.8428582099732,0,18.813435,True,True,1.430511474609375e-06
2092,40.861323876015376,0,18.416424,True,True,1.430511474609375e-06
2093,40.87969458999578,0,18.306171,True,True,1.430511474609375e-06
2094,40.898128626984544,0,18.383724,True,True,1.430511474609375e-06
2095,40.916718836990185,0,18.536018,True,True,1.430511474609375e-06
2096,40.93513931502821,0,18.373765,True,True,1.430511474609375e-06
2097,40.953541336988565,0,18.34738,True,True,1.430511474609375e-06
2098,40.97232434898615,0,18.737403,True,True,1.430511474609375e-06
2099,40.99072839401197,0,18.352002,True,True,1.430511474609375e-06
2100,41.00908464100212,0,18.306873,True,True,1.430511474609375e-06
2101,41.02748086198699,0,18.342052,True,True,1.430511474609375e-06
2102,41.04609412699938,0,18.565168,True,True,1.430511474609375e-06
2103,41.06451782002114,0,18.364951,True,True,1.430511474609375e-06
2104,41.083014586009085,0,18.448882,True,True,1.430511474609375e-06
2105,41.10200843901839,0,18.937438,True,True,1.430511474609375e-06
2106,41.12041901797056,0,18.359091,True,True,1.430511474609375e-06
2107,41.13882878498407,0,18.358069,True,True,1.430511474609375e-06
2108,41.15722072002245,0,18.347705,True,True,1.430511474609375e-06
2109,41.175783212005626,0,18.506919,True,True,1.430511474609375e-06
2110,41.19418603699887,0,18.35343,True,True,1.430511474609375e-06
2111,41.21271075500408,0,18.469305,True,True,1.430511474609375e-06
2112,41.231507550983224,0,18.745481,True,True,1.430511474609375e-06
2113,41.2499748619739,0,18.413953,True,True,1.430511474609375e-06
2114,41.26841268100543,0,18.390896,True,True,1.430511474609375e-06
2115,41.286818145017605,0,18.351274,True,True,1.430511474609375e-06
2116,41.30555180599913,0,18.682929,True,True,1.430511474609375e-06
2117,41.32396879099542,0,18.363451,True,True,1.430511474609375e-06
2118,41.34251435298938,0,18.491072,True,True,1.430511474609375e-06
2119,41.36153612501221,0,18.963442,True,True,1.430511474609375e-06
2120,41.382812911004294,0,21.194797,True,True,1.430511474609375e-06
2121,41.41116057900945,0,28.230422,True,True,1.430511474609375e-06
2122,41.42986942501739,0,18.598196,True,True,1.430511474609375e-06
2123,41.44839601602871,0,18.459699,True,True,1.430511474609375e-06
2124,41.46668143197894,0,18.238092,True,True,1.430511474609375e-06
2125,41.48542072699638,0,18.686997,True,True,1.430511474609375e-06
2126,41.504269185010344,0,18.760613,True,True,1.430511474609375e-06
2127,41.522846488980576,0,18.495084,True,True,1.430511474609375e-06
2128,41.541740001004655,0,18.835886,True,True,1.430511474609375e-06
2129,41.56020457402337,0,18.4157,True,True,1.430511474609375e-06
2130,41.58905746700475,0,28.776077,True,True,1.430511474609375e-06
2131,41.60779218300013,0,18.63381,True,True,1.430511474609375e-06
2132,41.626346778008156,0,18.491998,True,True,1.430511474609375e-06
2133,41.64492156897904,0,18.523791,True,True,1.430511474609375e-06
2134,41.663357882003766,0,18.393449,True,True,1.430511474609375e-06
2135,41.68184028100222,0,18.441801,True,True,1.430511474609375e-06
2136,41.70655803498812,0,24.672041,True,True,1.430511474609375e-06
2137,41.7307881200104,0,24.110713,True,True,1.430511474609375e-06
2138,41.749566501996014,0,18.715664,True,True,1.430511474609375e-06
2139,41.76800257200375,0,18.389931,True,True,1.430511474609375e-06
2140,41.78654177399585,0,18.484681,True,True,1.430511474609375e-06
2141,41.80506363301538,0,18.477506,True,True,1.430511474609375e-06
2142,41.823493568983395,0,18.388314,True,True,1.430511474609375e-06
2143,41.84191536298022,0,18.380187,True,True,1.430511474609375e-06
2144,41.86020226101391,0,18.245804,True,True,1.430511474609375e-06
2145,41.878967348020524,0,18.728002,True,True,1.430511474609375e-06
2146,41.89739880000707,0,18.391218,True,True,1.430511474609375e-06
2147,41.915780765004456,0,18.337724,True,True,1.430511474609375e-06
2148,41.934189025021624,0,18.365381,True,True,1.430511474609375e-06
2149,41.952513912983704,0,18.286565,True,True,1.430511474609375e-06
2150,41.97097371297423,0,18.418181,True,True,1.430511474609375e-06
2151,41.98929695499828,0,18.279991,True,True,1.430511474609375e-06
2152,42.00760331697529,0,18.268019,True,True,1.430511474609375e-06
2153,42.025969000998884,0,18.327447,True,True,1.430511474609375e-06
2154,42.04452792700613,0,18.511859,True,True,1.430511474609375e-06
2155,42.06302727997536,0,18.452869,True,True,1.430511474609375e-06
2156,42.081310226989444,0,18.240268,True,True,1.430511474609375e-06
2157,42.09975296497578,0,18.398506,True,True,1.430511474609375e-06
2158,42.11834182299208,0,18.547838,True,True,1.430511474609375e-06
2159,42.136802584980614,0,18.416569,True,True,1.430511474609375e-06
2160,42.155112388019916,0,18.269162,True,True,1.430511474609375e-06
2161,42.17388795001898,0,18.73099,True,True,1.430511474609375e-06
2162,42.19246888102498,0,18.533313,True,True,1.430511474609375e-06
2163,42.21088145300746,0,18.369843,True,True,1.430511474609375e-06
2164,42.22951031802222,0,18.587405,True,True,1.430511474609375e-06
2165,42.24799989798339,0,18.435347,True,True,1.430511474609375e-06
2166,42.26644660398597,0,18.399963,True,True,1.430511474609375e-06
2167,42.285010426014196,0,18.523104,True,True,1.430511474609375e-06
2168,42.30348625802435,0,18.42527,True,True,1.430511474609375e-06
2169,42.322063706989866,0,18.53417,True,True,1.430511474609375e-06
2170,42.34059084899491,0,18.475535,True,True,1.430511474609375e-06
2171,42.35897509200731,0,18.33974,True,True,1.430511474609375e-06
2172,42.37738000898389,0,18.362522,True,True,1.430511474609375e-06
2173,42.40650809102226,0,29.084784,True,True,1.430511474609375e-06
2174,42.42695297097089,0,20.327235,True,True,1.430511474609375e-06
2175,42.445681692974176,0,18.661371,True,True,1.430511474609375e-06
2176,42.464324296975974,0,18.590647,True,True,1.430511474609375e-06
2177,42.48275028500939,0,18.377488,True,True,1.430511474609375e-06
2178,42.50112548202742,0,18.327862,True,True,1.430511474609375e-06
2179,42.51953533600317,0,18.364429,True,True,1.430511474609375e-06
2180,42.537964045011904,0,18.383936,True,True,1.430511474609375e-06
2181,42.55632307298947,0,18.311928,True,True,1.430511474609375e-06
2182,42.57475989498198,0,18.391428,True,True,1.430511474609375e-06
2183,42.593597867002245,0,18.791593,True,True,1.430511474609375e-06
2184,42.61198755499208,0,18.337256,True,True,1.430511474609375e-06
2185,42.63035782898078,0,18.321954,True,True,1.430511474609375e-06
2186,42.64877675299067,0,18.375571,True,True,1.430511474609375e-06
2187,42.6671138239908,0,18.29683,True,True,1.430511474609375e-06
2188,42.68526355701033,0,18.108391,True,True,1.430511474609375e-06
2189,42.70948879199568,0,24.181056,True,True,1.430511474609375e-06
2190,42.73321518697776,0,23.602578,True,True,1.430511474609375e-06
2191,42.75191711797379,0,18.621808,True,True,1.430511474609375e-06
2192,42.770589474996086,0,18.619027,True,True,1.430511474609375e-06
2193,42.789028676983435,0,18.385888,True,True,1.430511474609375e-06
2194,42.807385628984775,0,18.311474,True,True,1.430511474609375e-06
2195,42.82582912401995,0,18.402404,True,True,1.430511474609375e-06
2196,42.844293496978935,0,18.425966,True,True,1.430511474609375e-06
2197,42.86267353902804,0,18.340342,True,True,1.430511474609375e-06
2198,42.88111483800458,0,18.399893,True,True,1.430511474609375e-06
2199,42.900148967979476,0,18.99232,True,True,1.430511474609375e-06
2200,42.918763657973614,0,18.567666,True,True,1.430511474609375e-06
2201,42.93709104502341,0,18.285196,True,True,1.430511474609375e-06
2202,42.95554832101334,0,18.414277,True,True,1.430511474609375e-06
2203,42.97402914002305,0,18.442555,True,True,1.430511474609375e-06
2204,42.992457885004114,0,18.378795,True,True,1.430511474609375e-06
2205,43.01077959500253,0,18.281593,True,True,1.430511474609375e-06
2206,43.028878919023555,0,18.060194,True,True,1.430511474609375e-06
2207,43.047065836028196,0,18.14454,True,True,1.430511474609375e-06
2208,43.06562044197926,0,18.510482,True,True,1.430511474609375e-06
2209,43.083961125987116,0,18.298154,True,True,1.430511474609375e-06
2210,43.10252994700568,0,18.530584,True,True,1.430511474609375e-06
2211,43.12112823902862,0,18.549911,True,True,1.430511474609375e-06
2212,43.13950178597588,0,18.333847,True,True,1.430511474609375e-06
2213,43.15775993402349,0,18.219045,True,True,1.430511474609375e-06
2214,43.17616520897718,0,18.365367,True,True,1.430511474609375e-06
2215,43.1947557440144,0,18.535239,True,True,1.430511474609375e-06
2216,43.213163539010566,0,18.358234,True,True,1.430511474609375e-06
2217,43.231553549994715,0,18.342098,True,True,1.430511474609375e-06
2218,43.24996416299837,0,18.361475,True,True,1.430511474609375e-06
2219,43.26830742898164,0,18.298606,True,True,1.430511474609375e-06
2220,43.28671449201647,0,18.367902,True,True,1.430511474609375e-06
2221,43.30540153302718,0,18.631627,True,True,1.430511474609375e-06
2222,43.32389234699076,0,18.435743,True,True,1.430511474609375e-06
2223,43.3423478960176,0,18.405662,True,True,1.430511474609375e-06
2224,43.36128424201161,0,18.888408,True,True,1.430511474609375e-06
2225,43.38209171697963,0,20.762795,True,True,1.430511474609375e-06
2226,43.40849859302398,0,26.327182,True,True,1.430511474609375e-06
2227,43.42886456497945,0,20.274293,True,True,1.430511474609375e-06
2228,43.44736131397076,0,18.428208,True,True,1.430511474609375e-06
2229,43.465789985028096,0,18.375746,True,True,1.430511474609375e-06
2230,43.48459503601771,0,18.757363,True,True,1.430511474609375e-06
2231,43.51292135898257,0,28.263703,True,True,1.430511474609375e-06
2232,43.53142299997853,0,18.411662,True,True,1.430511474609375e-06
2233,43.55006932700053,0,18.588966,True,True,1.430511474609375e-06
2234,43.56867553998018,0,18.551752,True,True,1.430511474609375e-06
2235,43.58708474197192,0,18.357045,True,True,1.430511474609375e-06
2236,43.60566504497547,0,18.533661,True,True,1.430511474609375e-06
2237,43.62407293997239,0,18.359297,True,True,1.430511474609375e-06
2238,43.64253897801973,0,18.420404,True,True,1.430511474609375e-06
2239,43.661521064990666,0,18.935734,True,True,1.430511474609375e-06
2240,43.679960741021205,0,18.395015,True,True,1.430511474609375e-06
2241,43.69858655601274,0,18.56897,True,True,1.430511474609375e-06
2242,43.7205441549886,0,21.865475,True,True,1.430511474609375e-06
2243,43.74682073498843,0,26.175561,True,True,1.430511474609375e-06
2244,43.76531697297469,0,18.425457,True,True,1.430511474609375e-06
2245,43.784110658976715,0,18.733947,True,True,1.430511474609375e-06
2246,43.8027555969893,0,18.584542,True,True,1.430511474609375e-06
2247,43.82129725202685,0,18.47594,True,True,1.430511474609375e-06
2248,43.840402630972676,0,19.027227,True,True,1.430511474609375e-06
2249,43.85880232701311,0,18.346016,True,True,1.430511474609375e-06
2250,43.87716690002708,0,18.320348,True,True,1.430511474609375e-06
2251,43.89566427399404,0,18.457505,True,True,1.430511474609375e-06
2252,43.914009010011796,0,18.303201,True,True,1.430511474609375e-06
2253,43.93241324700648,0,18.363288,True,True,1.430511474609375e-06
2254,43.9507967029931,0,18.341283,True,True,1.430511474609375e-06
2255,43.96947460697265,0,18.636112,True,True,1.430511474609375e-06
2256,43.98787132097641,0,18.355102,True,True,1.430511474609375e-06
2257,44.00621864799177,0,18.304929,True,True,1.430511474609375e-06
2258,44.025222397991456,0,18.96267,True,True,1.430511474609375e-06
2259,44.04357883398188,0,18.317127,True,True,1.430511474609375e-06
2260,44.062173846992664,0,18.553965,True,True,1.430511474609375e-06
2261,44.080614655977115,0,18.395239,True,True,1.430511474609375e-06
2262,44.09898303297814,0,18.329539,True,True,1.430511474609375e-06
2263,44.117461597023066,0,18.436138,True,True,1.430511474609375e-06
2264,44.135782012017444,0,18.281382,True,True,1.430511474609375e-06
2265,44.15452263102634,0,18.701332,True,True,1.430511474609375e-06
2266,44.172964931989554,0,18.401418,True,True,1.430511474609375e-06
2267,44.191421983996406,0,18.402308,True,True,1.430511474609375e-06
2268,44.21029634599108,0,18.826655,True,True,1.430511474609375e-06
2269,44.22870662098285,0,18.365826,True,True,1.430511474609375e-06
2270,44.247202096972615,0,18.450031,True,True,1.430511474609375e-06
2271,44.26561240997398,0,18.36839,True,True,1.430511474609375e-06
2272,44.284281063999515,0,18.626932,True,True,1.430511474609375e-06
2273,44.30275363998953,0,18.414334,True,True,1.430511474609375e-06
2274,44.321066260978114,0,18.26608,True,True,1.430511474609375e-06
2275,44.339332166011445,0,18.211794,True,True,1.430511474609375e-06
2276,44.35766136698658,0,18.283026,True,True,1.430511474609375e-06
2277,44.37604418199044,0,18.339854,True,True,1.430511474609375e-06
2278,44.404402302985545,0,28.315437,True,True,1.430511474609375e-06
2279,44.424877925019246,0,20.371046,True,True,1.430511474609375e-06
2280,44.443472133018076,0,18.528315,True,True,1.430511474609375e-06
2281,44.46207805001177,0,18.552487,True,True,1.430511474609375e-06
2282,44.48088872601511,0,18.767106,True,True,1.430511474609375e-06
2283,44.49932781001553,0,18.388814,True,True,1.430511474609375e-06
2284,44.51773172500543,0,18.356965,True,True,1.430511474609375e-06
2285,44.53626115201041,0,18.480724,True,True,1.430511474609375e-06
2286,44.554430397984106,0,18.125087,True,True,1.430511474609375e-06
2287,44.57268375100102,0,18.206238,True,True,1.430511474609375e-06
2288,44.59129352401942,0,18.556002,True,True,1.430511474609375e-06
2289,44.60970064200228,0,18.357047,True,True,1.430511474609375e-06
2290,44.62812034797389,0,18.375934,True,True,1.430511474609375e-06
2291,44.64673051901627,0,18.564368,True,True,1.430511474609375e-06
2292,44.665146915998776,0,18.376627,True,True,1.430511474609375e-06
2293,44.68348791101016,0,18.30199,True,True,1.430511474609375e-06
2294,44.70192451000912,0,18.397036,True,True,1.430511474609375e-06
2295,44.726340116991196,0,24.37518,True,True,1.430511474609375e-06
2296,44.75046473898692,0,24.018068,True,True,1.430511474609375e-06
2297,44.7690566360252,0,18.52572,True,True,1.430511474609375e-06
2298,44.78758937201928,0,18.458172,True,True,1.430511474609375e-06
2299,44.805919378006365,0,18.280929,True,True,1.430511474609375e-06
2300,44.82442008401267,0,18.456759,True,True,1.430511474609375e-06
2301,44.84298487199703,0,18.521098,True,True,1.430511474609375e-06
2302,44.86133018601686,0,18.297174,True,True,1.430511474609375e-06
2303,44.880105311982334,0,18.727166,True,True,1.430511474609375e-06
2304,44.89846227399539,0,18.312078,True,True,1.430511474609375e-06
2305,44.91688976000296,0,18.372157,True,True,1.430511474609375e-06
2306,44.93556959298439,0,18.635932,True,True,1.430511474609375e-06
2307,44.95404821098782,0,18.432795,True,True,1.430511474609375e-06
2308,44.97261759400135,0,18.471894,True,True,1.430511474609375e-06
2309,44.990940332994796,0,18.279089,True,True,1.430511474609375e-06
2310,45.00950348499464,0,18.519904,True,True,1.430511474609375e-06
2311,45.027851876977365,0,18.306115,True,True,1.430511474609375e-06
2312,45.04630873299902,0,18.412536,True,True,1.430511474609375e-06
2313,45.06480435200501,0,18.442068,True,True,1.430511474609375e-06
2314,45.08319997397484,0,18.352104,True,True,1.430511474609375e-06
2315,45.10162261599908,0,18.374742,True,True,1.430511474609375e-06
2316,45.12014531600289,0,18.480753,True,True,1.430511474609375e-06
2317,45.138466175994836,0,18.278756,True,True,1.430511474609375e-06
2318,45.156901317008305,0,18.391677,True,True,1.430511474609375e-06
2319,45.18552711297525,0,28.581227,True,True,1.430511474609375e-06
2320,45.20460036501754,0,18.953449,True,True,1.430511474609375e-06
2321,45.223428249009885,0,18.719445,True,True,1.430511474609375e-06
2322,45.242079258023296,0,18.57337,True,True,1.430511474609375e-06
2323,45.2607895010151,0,18.651966,True,True,1.430511474609375e-06
2324,45.27931268099928,0,18.469566,True,True,1.430511474609375e-06
2325,45.29762484598905,0,18.256843,True,True,1.430511474609375e-06
2326,45.315919501997996,0,18.240244,True,True,1.430511474609375e-06
2327,45.33462006598711,0,18.640049,True,True,1.430511474609375e-06
2328,45.35280931397574,0,18.134358,True,True,1.430511474609375e-06
2329,45.371247341972776,0,18.387721,True,True,1.430511474609375e-06
2330,45.39954950398533,0,28.254285,True,True,1.430511474609375e-06
2331,45.4198505699751,0,20.200396,True,True,1.430511474609375e-06
2332,45.438626753981225,0,18.711897,True,True,1.430511474609375e-06
2333,45.45707403298002,0,18.382963,True,True,1.430511474609375e-06
2334,45.47549248102587,0,18.369804,True,True,1.430511474609375e-06
2335,45.4944322630181,0,18.886586,True,True,1.430511474609375e-06
2336,45.51292005501455,0,18.437247,True,True,1.430511474609375e-06
2337,45.531313263985794,0,18.344752,True,True,1.430511474609375e-06
2338,45.54965176002588,0,18.293285,True,True,1.430511474609375e-06
2339,45.56837282102788,0,18.671141,True,True,1.430511474609375e-06
2340,45.586694710014854,0,18.272604,True,True,1.430511474609375e-06
2341,45.60509011999238,0,18.350422,True,True,1.430511474609375e-06
2342,45.623982645978685,0,18.847107,True,True,1.430511474609375e-06
2343,45.64232913102023,0,18.303949,True,True,1.430511474609375e-06
2344,45.66078919201391,0,18.416787,True,True,1.430511474609375e-06
2345,45.67924085701816,0,18.407341,True,True,1.430511474609375e-06
2346,45.69766771799186,0,18.384965,True,True,1.430511474609375e-06
2347,45.71932203398319,0,21.611782,True,True,1.430511474609375e-06
2348,45.747341988026164,0,27.924233,True,True,1.430511474609375e-06
2349,45.76617166097276,0,18.744687,True,True,1.430511474609375e-06
2350,45.7847335570259,0,18.502598,True,True,1.430511474609375e-06
2351,45.803281804022845,0,18.493869,True,True,1.430511474609375e-06
2352,45.82157018297585,0,18.238741,True,True,1.430511474609375e-06
2353,45.84961633000057,0,27.998495,True,True,1.430511474609375e-06
2354,45.868511593027506,0,18.804277,True,True,1.430511474609375e-06
2355,45.88701468298677,0,18.439564,True,True,1.430511474609375e-06
2356,45.90557376801735,0,18.511843,True,True,1.430511474609375e-06
2357,45.9244427360245,0,18.82299,True,True,1.430511474609375e-06
2358,45.94277071097167,0,18.281819,True,True,1.430511474609375e-06
2359,45.96134976402391,0,18.528529,True,True,1.430511474609375e-06
2360,45.979819967993535,0,18.405902,True,True,1.430511474609375e-06
2361,45.998287878988776,0,18.418668,True,True,1.430511474609375e-06
2362,46.01665556599619,0,18.323752,True,True,1.430511474609375e-06
2363,46.03514717897633,0,18.451767,True,True,1.430511474609375e-06
2364,46.05363255599514,0,18.42652,True,True,1.430511474609375e-06
2365,46.07208911102498,0,18.408368,True,True,1.430511474609375e-06
2366,46.09073639800772,0,18.603192,True,True,1.430511474609375e-06
2367,46.10909340297803,0,18.314356,True,True,1.430511474609375e-06
2368,46.12758541398216,0,18.449911,True,True,1.430511474609375e-06
2369,46.14598940999713,0,18.363365,True,True,1.430511474609375e-06
2370,46.16454339399934,0,18.510879,True,True,1.430511474609375e-06
2371,46.18302360700909,0,18.434498,True,True,1.430511474609375e-06
2372,46.20144713798072,0,18.36954,True,True,1.430511474609375e-06
2373,46.22005722601898,0,18.566932,True,True,1.430511474609375e-06
2374,46.23854512901744,0,18.442371,True,True,1.430511474609375e-06
2375,46.25699749600608,0,18.403232,True,True,1.430511474609375e-06
2376,46.27563937101513,0,18.596833,True,True,1.430511474609375e-06
2377,46.29421184497187,0,18.524044,True,True,1.430511474609375e-06
2378,46.312729131022934,0,18.465637,True,True,1.430511474609375e-06
2379,46.33174662501551,0,18.972258,True,True,1.430511474609375e-06
2380,46.35054759902414,0,18.720556,True,True,1.430511474609375e-06
2381,46.369376066024415,0,18.744028,True,True,1.430511474609375e-06
2382,46.39984112500679,0,30.388286,True,True,1.430511474609375e-06
2383,46.41877889999887,0,18.824189,True,True,1.430511474609375e-06
2384,46.437363739009015,0,18.504319,True,True,1.430511474609375e-06
2385,46.45574681600556,0,18.328299,True,True,1.430511474609375e-06
2386,46.47453425999265,0,18.738562,True,True,1.430511474609375e-06
2387,46.50310931797139,0,28.493011,True,True,1.430511474609375e-06
2388,46.52159431402106,0,18.374181,True,True,1.430511474609375e-06
2389,46.54015596699901,0,18.496032,True,True,1.430511474609375e-06
2390,46.558721526002046,0,18.516782,True,True,1.430511474609375e-06
2391,46.577159592998214,0,18.38988,True,True,1.430511474609375e-06
2392,46.59560202801367,0,18.398237,True,True,1.430511474609375e-06
2393,46.614289377001114,0,18.63876,True,True,1.430511474609375e-06
2394,46.63274749199627,0,18.407979,True,True,1.430511474609375e-06
2395,46.651133679028135,0,18.33489,True,True,1.430511474609375e-06
2396,46.66988893301459,0,18.708301,True,True,1.430511474609375e-06
2397,46.68835031602066,0,18.41872,True,True,1.430511474609375e-06
2398,46.70681370201055,0,18.418863,True,True,1.430511474609375e-06
2399,46.72533642302733,0,18.482288,True,True,1.430511474609375e-06
2400,46.75498104398139,0,29.592349,True,True,1.430511474609375e-06
2401,46.77375654899515,0,18.674387,True,True,1.430511474609375e-06
2402,46.79234741599066,0,18.532756,True,True,1.430511474609375e-06
2403,46.81073517398909,0,18.340688,True,True,1.430511474609375e-06
2404,46.82911598397186,0,18.335906,True,True,1.430511474609375e-06
2405,46.84785520902369,0,18.696956,True,True,1.430511474609375e-06
2406,46.86600091098808,0,18.100185,True,True,1.430511474609375e-06
2407,46.88429544301471,0,18.25523,True,True,1.430511474609375e-06
2408,46.90258100599749,0,18.240167,True,True,1.430511474609375e-06
2409,46.920744696981274,0,18.119127,True,True,1.430511474609375e-06
2410,46.9393964339979,0,18.605719,True,True,1.430511474609375e-06
2411,46.957777653995436,0,18.336964,True,True,1.430511474609375e-06
2412,46.97605860198382,0,18.233035,True,True,1.430511474609375e-06
2413,46.99450563499704,0,18.402704,True,True,1.430511474609375e-06
2414,47.012894150975626,0,18.346151,True,True,1.430511474609375e-06
2415,47.03128819499398,0,18.348021,True,True,1.430511474609375e-06
2416,47.04997422400629,0,18.639692,True,True,1.430511474609375e-06
2417,47.06827665900346,0,18.260043,True,True,1.430511474609375e-06
2418,47.086643085989635,0,18.326844,True,True,1.430511474609375e-06
2419,47.10493780701654,0,18.25547,True,True,1.430511474609375e-06
2420,47.123288471018896,0,18.308925,True,True,1.430511474609375e-06
2421,47.14166102098534,0,18.330625,True,True,1.430511474609375e-06
2422,47.16007259400794,0,18.365271,True,True,1.430511474609375e-06
2423,47.17829809500836,0,18.180689,True,True,1.430511474609375e-06
2424,47.19659787300043,0,18.25154,True,True,1.430511474609375e-06
2425,47.215069581987336,0,18.423496,True,True,1.430511474609375e-06
2426,47.233286809991114,0,18.174254,True,True,1.430511474609375e-06
2427,47.251518488978036,0,18.185558,True,True,1.430511474609375e-06
2428,47.27002628799528,0,18.468374,True,True,1.430511474609375e-06
2429,47.28848723100964,0,18.414771,True,True,1.430511474609375e-06
2430,47.30739323497983,0,18.851262,True,True,1.430511474609375e-06
2431,47.34290593297919,0,35.40954,True,True,1.430511474609375e-06
2432,47.361874101974536,0,18.855118,True,True,1.430511474609375e-06
2433,47.396304972004145,0,34.359207,True,True,1.430511474609375e-06
2434,47.4169409609749,0,20.502377,True,True,1.430511474609375e-06
2435,47.435659540991765,0,18.622506,True,True,1.430511474609375e-06
2436,47.4540446579922,0,18.316438,True,True,1.430511474609375e-06
2437,47.47911180101801,0,25.011922,True,True,1.430511474609375e-06
2438,47.49747398198815,0,18.289988,True,True,1.430511474609375e-06
2439,47.51573817699682,0,18.20422,True,True,1.430511474609375e-06
2440,47.53440311801387,0,18.610856,True,True,1.430511474609375e-06
2441,47.55273885198403,0,18.288123,True,True,1.430511474609375e-06
2442,47.577693801024,0,24.903253,True,True,1.430511474609375e-06
2443,47.59640750102699,0,18.632877,True,True,1.430511474609375e-06
2444,47.621112248976715,0,24.635163,True,True,1.430511474609375e-06
2445,47.640063795028254,0,18.880462,True,True,1.430511474609375e-06
2446,47.65841797698522,0,18.302005,True,True,1.430511474609375e-06
2447,47.67689182300819,0,18.426429,True,True,1.430511474609375e-06
2448,47.69530660897726,0,18.364146,True,True,1.430511474609375e-06
2449,47.71442981500877,0,19.075691,True,True,1.430511474609375e-06
2450,47.7495544339763,0,35.001465,True,True,1.430511474609375e-06
2451,47.77010264398996,0,20.415218,True,True,1.430511474609375e-06
2452,47.793063387973234,0,22.877902,True,True,1.430511474609375e-06
2453,47.813667563023046,0,20.528578,True,True,1.430511474609375e-06
2454,47.83274279499892,0,19.021636,True,True,1.430511474609375e-06
2455,47.85136957897339,0,18.56445,True,True,1.430511474609375e-06
2456,47.87683945102617,0,25.416014,True,True,1.430511474609375e-06
2457,47.89537962002214,0,18.47946,True,True,1.430511474609375e-06
2458,47.913740172982216,0,18.310246,True,True,1.430511474609375e-06
2459,47.93282848398667,0,19.044382,True,True,1.430511474609375e-06
2460,47.9513177620247,0,18.441932,True,True,1.430511474609375e-06
2461,47.97634679597104,0,24.9851,True,True,1.430511474609375e-06
2462,47.994705336983316,0,18.295283,True,True,1.430511474609375e-06
2463,48.01292824198026,0,18.173471,True,True,1.430511474609375e-06
2464,48.03227872500429,0,19.307046,True,True,1.430511474609375e-06
2465,48.057049282011576,0,24.717459,True,True,1.430511474609375e-06
2466,48.07598770799814,0,18.862557,True,True,1.430511474609375e-06
2467,48.094485649024136,0,18.443659,True,True,1.430511474609375e-06
2468,48.11916539398953,0,24.628533,True,True,1.430511474609375e-06
2469,48.13852205500007,0,19.294091,True,True,1.430511474609375e-06
2470,48.15693315898534,0,18.35404,True,True,1.430511474609375e-06
2471,48.18201325199334,0,25.028609,True,True,1.430511474609375e-06
2472,48.20378129102755,0,21.688829,True,True,1.430511474609375e-06
2473,48.22848571097711,0,24.637085,True,True,1.430511474609375e-06
2474,48.2472998679732,0,18.741711,True,True,1.430511474609375e-06
2475,48.26571656897431,0,18.368234,True,True,1.430511474609375e-06
2476,48.28473771200515,0,18.971901,True,True,1.430511474609375e-06
2477,48.30314737698063,0,18.356675,True,True,1.430511474609375e-06
2478,48.32816280401312,0,24.961898,True,True,1.430511474609375e-06
2479,48.346847151988186,0,18.614421,True,True,1.430511474609375e-06
2480,48.372073318983894,0,25.168436,True,True,1.430511474609375e-06
2481,48.40026657900307,0,28.118798,True,True,1.430511474609375e-06
2482,48.4206122130272,0,20.233596,True,True,1.430511474609375e-06
2483,48.43926939100493,0,18.593233,True,True,1.430511474609375e-06
2484,48.46197448100429,0,22.648608,True,True,1.430511474609375e-06
2485,48.48317862598924,0,21.130285,True,True,1.430511474609375e-06
2486,48.50196269701701,0,18.704236,True,True,1.430511474609375e-06
2487,48.52043270197464,0,18.411182,True,True,1.430511474609375e-06
2488,48.543140214984305,0,22.656636,True,True,1.430511474609375e-06
2489,48.563714003015775,0,20.496627,True,True,1.430511474609375e-06
2490,48.583158441993874,0,19.374358,True,True,1.430511474609375e-06
2491,48.60176888498245,0,18.552043,True,True,1.430511474609375e-06
2492,48.620338695007376,0,18.52128,True,True,1.430511474609375e-06
2493,48.64519632601878,0,24.797119,True,True,1.430511474609375e-06
2494,48.663701782003045,0,18.447915,True,True,1.430511474609375e-06
2495,48.6827289640205,0,18.979396,True,True,1.430511474609375e-06
2496,48.70119477802655,0,18.42122,True,True,1.430511474609375e-06
2497,48.72636971902102,0,25.129274,True,True,1.430511474609375e-06
2498,48.7567660480272,0,30.282084,True,True,1.430511474609375e-06
2499,48.77599515597103,0,19.115523,True,True,1.430511474609375e-06
2500,48.79886828898452,0,22.792254,True,True,1.430511474609375e-06
2501,48.81963238399476,0,20.696197,True,True,1.430511474609375e-06
2502,48.8382543780026,0,18.564244,True,True,1.430511474609375e-06
2503,48.86129351501586,0,22.949444,True,True,1.430511474609375e-06
2504,48.88258691702504,0,21.190093,True,True,1.430511474609375e-06
2505,48.90106669598026,0,18.423965,True,True,1.430511474609375e-06
2506,48.91955052502453,0,18.435708,True,True,1.430511474609375e-06
2507,48.93793311197078,0,18.326547,True,True,1.430511474609375e-06
2508,48.960747901990544,0,22.76991,True,True,1.430511474609375e-06
2509,48.98136803001398,0,20.56073,True,True,1.430511474609375e-06
2510,49.00009239901556,0,18.673404,True,True,1.430511474609375e-06
2511,49.01851468201494,0,18.37433,True,True,1.430511474609375e-06
2512,49.03691612597322,0,18.353159,True,True,1.430511474609375e-06
2513,49.06212035100907,0,25.160185,True,True,1.430511474609375e-06
2514,49.08103421598207,0,18.846494,True,True,1.430511474609375e-06
2515,49.099475487018935,0,18.38298,True,True,1.430511474609375e-06
2516,49.124570652027614,0,25.049828,True,True,1.430511474609375e-06
2517,49.14298363600392,0,18.360419,True,True,1.430511474609375e-06
2518,49.16139642801136,0,18.368303,True,True,1.430511474609375e-06
2519,49.18042004201561,0,18.980492,True,True,1.430511474609375e-06
2520,49.19882937497459,0,18.341517,True,True,1.430511474609375e-06
2521,49.22350458597066,0,24.626701,True,True,1.430511474609375e-06
2522,49.242605279025156,0,19.041627,True,True,1.430511474609375e-06
2523,49.261007332999725,0,18.351316,True,True,1.430511474609375e-06
2524,49.280121630989015,0,19.069651,True,True,1.430511474609375e-06
2525,49.30526799702784,0,25.097277,True,True,1.430511474609375e-06
2526,49.32377275801264,0,18.434637,True,True,1.430511474609375e-06
2527,49.34216636797646,0,18.331253,True,True,1.430511474609375e-06
2528,49.365351621003356,0,23.130776,True,True,1.430511474609375e-06
2529,49.38978072599275,0,24.36169,True,True,1.430511474609375e-06
2530,49.416182285989635,0,26.301015,True,True,1.430511474609375e-06
2531,49.43472090602154,0,18.460363,True,True,1.430511474609375e-06
2532,49.453070278977975,0,18.293423,True,True,1.430511474609375e-06
2533,49.47634203900816,0,23.222372,True,True,1.430511474609375e-06
2534,49.49691340199206,0,20.511595,True,True,1.430511474609375e-06
2535,49.51539509301074,0,18.428276,True,True,1.430511474609375e-06
2536,49.53390284301713,0,18.448658,True,True,1.430511474609375e-06
2537,49.558591411972884,0,24.638926,True,True,1.430511474609375e-06
2538,49.57760648301337,0,18.947812,True,True,1.430511474609375e-06
2539,49.59628756501479,0,18.61607,True,True,1.430511474609375e-06
2540,49.62110879202373,0,24.760209,True,True,1.430511474609375e-06
2541,49.639664178015664,0,18.487107,True,True,1.430511474609375e-06
2542,49.65856592799537,0,18.847844,True,True,1.430511474609375e-06
2543,49.67746611498296,0,18.8477,True,True,1.430511474609375e-06
2544,49.695868142007384,0,18.351299,True,True,1.430511474609375e-06
2545,49.72075182199478,0,24.835478,True,True,1.430511474609375e-06
2546,49.7393579769996,0,18.533752,True,True,1.430511474609375e-06
2547,49.76905731600709,0,29.644005,True,True,1.430511474609375e-06
2548,49.78791137598455,0,18.754443,True,True,1.430511474609375e-06
2549,49.8105943800183,0,22.621147,True,True,1.430511474609375e-06
2550,49.831496345985215,0,20.84102,True,True,1.430511474609375e-06
2551,49.85002999100834,0,18.479111,True,True,1.430511474609375e-06
2552,49.875298522994854,0,25.209289,True,True,1.430511474609375e-06
2553,49.894427333027124,0,19.051905,True,True,1.430511474609375e-06
2554,49.912851134024095,0,18.366222,True,True,1.430511474609375e-06
2555,49.931351181992795,0,18.440745,True,True,1.430511474609375e-06
2556,49.94970984698739,0,18.310169,True,True,1.430511474609375e-06
2557,49.97475473798113,0,25.003507,True,True,1.430511474609375e-06
2558,49.99344925698824,0,18.61892,True,True,1.430511474609375e-06
2559,50.020071380015,0,26.548715,True,True,1.430511474609375e-06
2560,50.04291637497954,0,22.744182,True,True,1.430511474609375e-06
2561,50.063370755990036,0,20.382774,True,True,1.430511474609375e-06
2562,50.082365446025506,0,18.942526,True,True,1.430511474609375e-06
2563,50.116208594990894,0,33.790611,True,True,1.430511474609375e-06
2564,50.137320349982474,0,21.013181,True,True,1.430511474609375e-06
2565,50.15583012200659,0,18.450556,True,True,1.430511474609375e-06
2566,50.17419954802608,0,18.319909,True,True,1.430511474609375e-06
2567,50.19331099797273,0,19.062363,True,True,1.430511474609375e-06
2568,50.216178375005256,0,22.81152,True,True,1.430511474609375e-06
2569,50.2366469510016,0,20.412426,True,True,1.430511474609375e-06
2570,50.25521001598099,0,18.516167,True,True,1.430511474609375e-06
2571,50.27355753700249,0,18.298902,True,True,1.430511474609375e-06
2572,50.29249951202655,0,18.894231,True,True,1.430511474609375e-06
2573,50.31563507398823,0,23.08717,True,True,1.430511474609375e-06
2574,50.33595605002483,0,20.264495,True,True,1.430511474609375e-06
2575,50.35453950997908,0,18.530617,True,True,1.430511474609375e-06
2576,50.38160268799402,0,27.006627,True,True,1.430511474609375e-06
2577,50.40968647302361,0,27.997994,True,True,1.430511474609375e-06
2578,50.428389088017866,0,18.613687,True,True,1.430511474609375e-06
2579,50.446844814985525,0,18.39697,True,True,1.430511474609375e-06
2580,50.47172454698011,0,24.826194,True,True,1.430511474609375e-06
2581,50.49077836697688,0,18.993596,True,True,1.430511474609375e-06
2582,50.50959688599687,0,18.761859,True,True,1.430511474609375e-06
2583,50.5280441819923,0,18.388713,True,True,1.430511474609375e-06
2584,50.552731204021256,0,24.639217,True,True,1.430511474609375e-06
2585,50.5713114279788,0,18.525734,True,True,1.430511474609375e-06
2586,50.58987621997949,0,18.509655,True,True,1.430511474609375e-06
2587,50.61381808301667,0,23.879761,True,True,1.430511474609375e-06
2588,50.63419587397948,0,20.323671,True,True,1.430511474609375e-06
2589,50.652641834982205,0,18.391776,True,True,1.430511474609375e-06
2590,50.670980753027834,0,18.289581,True,True,1.430511474609375e-06
2591,50.689559091988485,0,18.533454,True,True,1.430511474609375e-06
2592,50.712865286972374,0,23.257909,True,True,1.430511474609375e-06
2593,50.7337792289909,0,20.851034,True,True,1.430511474609375e-06
2594,50.76212998601841,0,28.29247,True,True,1.430511474609375e-06
2595,50.782731708022766,0,20.491662,True,True,1.430511474609375e-06
2596,50.807758421986364,0,24.953072,True,True,1.430511474609375e-06
2597,50.82631420297548,0,18.491225,True,True,1.430511474609375e-06
2598,50.84474901598878,0,18.382867,True,True,1.430511474609375e-06
2599,50.869339254975785,0,24.545162,True,True,1.430511474609375e-06
2600,50.88818133401219,0,18.779592,True,True,1.430511474609375e-06
2601,50.90666380699258,0,18.432594,True,True,1.430511474609375e-06
2602,50.92513984598918,0,18.41979,True,True,1.430511474609375e-06
2603,50.943497946020216,0,18.314192,True,True,1.430511474609375e-06
2604,50.96663207799429,0,23.091011,True,True,1.430511474609375e-06
2605,50.98702297999989,0,20.34419,True,True,1.430511474609375e-06
2606,51.00560581299942,0,18.531868,True,True,1.430511474609375e-06
2607,51.02407011500327,0,18.416355,True,True,1.430511474609375e-06
2608,51.04678576299921,0,22.663228,True,True,1.430511474609375e-06
2609,51.067678034014534,0,20.838273,True,True,1.430511474609375e-06
2610,51.086186386004556,0,18.464466,True,True,1.430511474609375e-06
2611,51.104806361021474,0,18.570441,True,True,1.430511474609375e-06
2612,51.130100551992655,0,25.235398,True,True,1.430511474609375e-06
2613,51.14855487900786,0,18.403967,True,True,1.430511474609375e-06
2614,51.16699197201524,0,18.389814,True,True,1.430511474609375e-06
2615,51.18542599998182,0,18.390595,True,True,1.430511474609375e-06
2616,51.20397585298633,0,18.502164,True,True,1.430511474609375e-06
2617,51.228614183026366,0,24.595448,True,True,1.430511474609375e-06
2618,51.2474271079991,0,18.749385,True,True,1.430511474609375e-06
2619,51.26587424299214,0,18.395218,True,True,1.430511474609375e-06
2620,51.284321776009165,0,18.402844,True,True,1.430511474609375e-06
2621,51.309771417989396,0,25.39686,True,True,1.430511474609375e-06
2622,51.32828198198695,0,18.440356,True,True,1.430511474609375e-06
2623,51.346646072983276,0,18.308615,True,True,1.430511474609375e-06
2624,51.37184189999243,0,25.142725,True,True,1.430511474609375e-06
2625,51.399811561976094,0,27.896462,True,True,1.430511474609375e-06
2626,51.42026481201174,0,20.34524,True,True,1.430511474609375e-06
2627,51.438782748999074,0,18.452017,True,True,1.430511474609375e-06
2628,51.45719233399723,0,18.356794,True,True,1.430511474609375e-06
2629,51.48184666101588,0,24.603459,True,True,1.430511474609375e-06
2630,51.50041780999163,0,18.511668,True,True,1.430511474609375e-06
2631,51.51887158997124,0,18.39359,True,True,1.430511474609375e-06
2632,51.537513768009376,0,18.592617,True,True,1.430511474609375e-06
2633,51.562396289024036,0,24.828898,True,True,1.430511474609375e-06
2634,51.580966257024556,0,18.508634,True,True,1.430511474609375e-06
2635,51.59968574001687,0,18.664246,True,True,1.430511474609375e-06
2636,51.62513467500685,0,25.357954,True,True,1.430511474609375e-06
2637,51.64375235000625,0,18.543131,True,True,1.430511474609375e-06
2638,51.66216845798772,0,18.361481,True,True,1.430511474609375e-06
2639,51.680587035021745,0,18.372078,True,True,1.430511474609375e-06
2640,51.6991997929872,0,18.571673,True,True,1.430511474609375e-06
2641,51.72420493199024,0,24.955262,True,True,1.430511474609375e-06
2642,51.74333679000847,0,19.02654,True,True,1.430511474609375e-06
2643,51.76373758201953,0,20.333833,True,True,1.430511474609375e-06
2644,51.807532602979336,0,43.724691,True,True,1.430511474609375e-06
2645,51.82637691200944,0,18.708412,True,True,1.430511474609375e-06
2646,51.84494274802273,0,18.48917,True,True,1.430511474609375e-06
2647,51.87008164398139,0,25.082003,True,True,1.430511474609375e-06
2648,51.88861047697719,0,18.464478,True,True,1.430511474609375e-06
2649,51.90708412398817,0,18.419471,True,True,1.430511474609375e-06
2650,51.925475835974794,0,18.340853,True,True,1.430511474609375e-06
2651,51.9439654580201,0,18.444331,True,True,1.430511474609375e-06
2652,51.96220418298617,0,18.195504,True,True,1.430511474609375e-06
2653,51.98674793599639,0,24.500009,True,True,1.430511474609375e-06
2654,52.0053351810202,0,18.521975,True,True,1.430511474609375e-06
2655,52.02373240800807,0,18.342778,True,True,1.430511474609375e-06
2656,52.04664766899077,0,22.869976,True,True,1.430511474609375e-06
2657,52.06694613897707,0,20.245293,True,True,1.430511474609375e-06
2658,52.08539998199558,0,18.408255,True,True,1.430511474609375e-06
2659,52.103963979985565,0,18.518987,True,True,1.430511474609375e-06
2660,52.128046990022995,0,24.033885,True,True,1.430511474609375e-06
2661,52.146748270024545,0,18.640986,True,True,1.430511474609375e-06
2662,52.16517950198613,0,18.380429,True,True,1.430511474609375e-06
2663,52.18367976602167,0,18.454109,True,True,1.430511474609375e-06
2664,52.20215863699559,0,18.42978,True,True,1.430511474609375e-06
2665,52.22687745897565,0,24.672672,True,True,1.430511474609375e-06
2666,52.2454815810197,0,18.53361,True,True,1.430511474609375e-06
2667,52.26410152501194,0,18.564814,True,True,1.430511474609375e-06
2668,52.28257991198916,0,18.430588,True,True,1.430511474609375e-06
2669,52.307527145021595,0,24.901976,True,True,1.430511474609375e-06
2670,52.32613623299403,0,18.534484,True,True,1.430511474609375e-06
2671,52.34465319401352,0,18.458224,True,True,1.430511474609375e-06
2672,52.36967177601764,0,24.957722,True,True,1.430511474609375e-06
2673,52.39822993497364,0,28.48575,True,True,1.430511474609375e-06
2674,52.41879630397307,0,20.456851,True,True,1.430511474609375e-06
2675,52.44700271601323,0,28.13912,True,True,1.430511474609375e-06
2676,52.472084454027936,0,24.980166,True,True,1.430511474609375e-06
2677,52.490721335983835,0,18.563797,True,True,1.430511474609375e-06
2678,52.5093259330024,0,18.542798,True,True,1.430511474609375e-06
2679,52.52787454100326,0,18.494951,True,True,1.430511474609375e-06
2680,52.55055798601825,0,22.638894,True,True,1.430511474609375e-06
2681,52.570539624022786,0,19.924738,True,True,1.430511474609375e-06
2682,52.589456152985804,0,18.859024,True,True,1.430511474609375e-06
2683,52.6122375089908,0,22.727903,True,True,1.430511474609375e-06
2684,52.63274522102438,0,20.43126,True,True,1.430511474609375e-06
2685,52.651703599025495,0,18.90474,True,True,1.430511474609375e-06
2686,52.67006868298631,0,18.315531,True,True,1.430511474609375e-06
2687,52.68846391298575,0,18.34906,True,True,1.430511474609375e-06
2688,52.7067912290222,0,18.28193,True,True,1.430511474609375e-06
2689,52.72957457997836,0,22.736298,True,True,1.430511474609375e-06
2690,52.75016969902208,0,20.530153,True,True,1.430511474609375e-06
2691,52.77915248600766,0,28.92744,True,True,1.430511474609375e-06
2692,52.805768030986656,0,26.50547,True,True,1.430511474609375e-06
2693,52.824548416014295,0,18.704172,True,True,1.430511474609375e-06
2694,52.84290404600324,0,18.300121,True,True,1.430511474609375e-06
2695,52.865625658014324,0,22.675508,True,True,1.430511474609375e-06
2696,52.88601730600931,0,20.330352,True,True,1.430511474609375e-06
2697,52.90439363999758,0,18.327169,True,True,1.430511474609375e-06
2698,52.92277501500212,0,18.332103,True,True,1.430511474609375e-06
2699,52.94146498001646,0,18.648638,True,True,1.430511474609375e-06
2700,52.959762269980274,0,18.256598,True,True,1.430511474609375e-06
2701,52.9826672259951,0,22.858943,True,True,1.430511474609375e-06
2702,53.00311491097091,0,20.385449,True,True,1.430511474609375e-06
2703,53.02151039702585,0,18.34305,True,True,1.430511474609375e-06
2704,53.044233568012714,0,22.676624,True,True,1.430511474609375e-06
2705,53.06490858097095,0,20.608976,True,True,1.430511474609375e-06
2706,53.083363235986326,0,18.385932,True,True,1.430511474609375e-06
2707,53.11719770502532,0,33.780108,True,True,1.430511474609375e-06
2708,53.13740661100019,0,20.070931,True,True,1.430511474609375e-06
2709,53.15581296698656,0,18.341782,True,True,1.430511474609375e-06
2710,53.17454409401398,0,18.675323,True,True,1.430511474609375e-06
2711,53.19300650799414,0,18.404855,True,True,1.430511474609375e-06
2712,53.21146567200776,0,18.40941,True,True,1.430511474609375e-06
2713,53.23642605502391,0,24.909425,True,True,1.430511474609375e-06
2714,53.255066148005426,0,18.553502,True,True,1.430511474609375e-06
2715,53.273606793023646,0,18.479297,True,True,1.430511474609375e-06
2716,53.29667800600873,0,23.023056,True,True,1.430511474609375e-06
2717,53.31720613397192,0,20.445175,True,True,1.430511474609375e-06
2718,53.33576149097644,0,18.495382,True,True,1.430511474609375e-06
2719,53.35448727902258,0,18.659928,True,True,1.430511474609375e-06
2720,53.38124182802858,0,26.683612,True,True,1.430511474609375e-06
2721,53.40989410801558,0,28.548481,True,True,1.430511474609375e-06
2722,53.428673279006034,0,18.680541,True,True,1.430511474609375e-06
2723,53.44711114000529,0,18.375692,True,True,1.430511474609375e-06
2724,53.46545293100644,0,18.288556,True,True,1.430511474609375e-06
2725,53.49088886199752,0,25.392328,True,True,1.430511474609375e-06
2726,53.50947361398721,0,18.503471,True,True,1.430511474609375e-06
2727,53.52800366602605,0,18.471388,True,True,1.430511474609375e-06
2728,53.553003094973974,0,24.945146,True,True,1.430511474609375e-06
2729,53.57153846800793,0,18.466778,True,True,1.430511474609375e-06
2730,53.59001860400895,0,18.41927,True,True,1.430511474609375e-06
2731,53.612691488000564,0,22.615586,True,True,1.430511474609375e-06
2732,53.633315804007,0,20.542678,True,True,1.430511474609375e-06
2733,53.65178185998229,0,18.410099,True,True,1.430511474609375e-06
2734,53.670185394003056,0,18.353094,True,True,1.430511474609375e-06
2735,53.68855058099143,0,18.321502,True,True,1.430511474609375e-06
2736,53.71122573001776,0,22.628977,True,True,1.430511474609375e-06
2737,53.731868939008564,0,20.56908,True,True,1.430511474609375e-06
2738,53.750412325025536,0,18.482942,True,True,1.430511474609375e-06
2739,53.77894158702111,0,28.472841,True,True,1.430511474609375e-06
2740,53.80553229898214,0,26.479606,True,True,1.430511474609375e-06
2741,53.82469770201715,0,19.078833,True,True,1.430511474609375e-06
2742,53.84327982598916,0,18.523672,True,True,1.430511474609375e-06
2743,53.86167941102758,0,18.354109,True,True,1.430511474609375e-06
2744,53.88655308599118,0,24.82683,True,True,1.430511474609375e-06
2745,53.9050364990253,0,18.42185,True,True,1.430511474609375e-06
2746,53.92336311901454,0,18.279414,True,True,1.430511474609375e-06
2747,53.95208833698416,0,28.680883,True,True,1.430511474609375e-06
2748,53.97689236502629,0,24.723382,True,True,1.430511474609375e-06
2749,53.995494319999125,0,18.52866,True,True,1.430511474609375e-06
2750,54.014423515007365,0,18.874088,True,True,1.430511474609375e-06
2751,54.03293081797892,0,18.463768,True,True,1.430511474609375e-06
2752,54.05766325199511,0,24.684199,True,True,1.430511474609375e-06
2753,54.07639266399201,0,18.618858,True,True,1.430511474609375e-06
2754,54.094908615981694,0,18.450034,True,True,1.430511474609375e-06
2755,54.1194980830187,0,24.538423,True,True,1.430511474609375e-06
2756,54.13798349001445,0,18.426806,True,True,1.430511474609375e-06
2757,54.1563824529876,0,18.350817,True,True,1.430511474609375e-06
2758,54.17502313602017,0,18.596021,True,True,1.430511474609375e-06
2759,54.19367609999608,0,18.565678,True,True,1.430511474609375e-06
2760,54.21678061899729,0,23.026825,True,True,1.430511474609375e-06
2761,54.23768435098464,0,20.840118,True,True,1.430511474609375e-06
2762,54.256174789974466,0,18.44026,True,True,1.430511474609375e-06
2763,54.27454591501737,0,18.315808,True,True,1.430511474609375e-06
2764,54.297578965022694,0,22.98807,True,True,1.430511474609375e-06
2765,54.324304523004685,0,26.651759,True,True,1.430511474609375e-06
2766,54.342954996973276,0,18.554244,True,True,1.430511474609375e-06
2767,54.36165597900981,0,18.635136,True,True,1.430511474609375e-06
2768,54.382534720993135,0,20.820828,True,True,1.430511474609375e-06
2769,54.41105820599478,0,28.434877,True,True,1.430511474609375e-06
2770,54.429701780027244,0,18.555533,True,True,1.430511474609375e-06
2771,54.448417274979874,0,18.651076,True,True,1.430511474609375e-06
2772,54.466836857027374,0,18.367871,True,True,1.430511474609375e-06
2773,54.485016492020804,0,18.134631,True,True,1.430511474609375e-06
2774,54.503424315014854,0,18.35856,True,True,1.430511474609375e-06
2775,54.52185791899683,0,18.385674,True,True,1.430511474609375e-06
2776,54.54055832902668,0,18.653069,True,True,1.430511474609375e-06
2777,54.55868857901078,0,18.078584,True,True,1.430511474609375e-06
2778,54.577030430024024,0,18.293477,True,True,1.430511474609375e-06
2779,54.59553797199624,0,18.454067,True,True,1.430511474609375e-06
2780,54.61372375598876,0,18.136612,True,True,1.430511474609375e-06
2781,54.63227876398014,0,18.512623,True,True,1.430511474609375e-06
2782,54.650643023021985,0,18.318214,True,True,1.430511474609375e-06
2783,54.669072662014514,0,18.385588,True,True,1.430511474609375e-06
2784,54.68743033800274,0,18.31961,True,True,1.430511474609375e-06
2785,54.70584654499544,0,18.372415,True,True,1.430511474609375e-06
2786,54.724314364022575,0,18.424406,True,True,1.430511474609375e-06
2787,54.742460155976005,0,18.09791,True,True,1.430511474609375e-06
2788,54.760773639020044,0,18.272308,True,True,1.430511474609375e-06
2789,54.80072662001476,0,39.899694,True,True,1.430511474609375e-06
2790,54.81978473998606,0,18.917603,True,True,1.430511474609375e-06
2791,54.83842596702743,0,18.553738,True,True,1.430511474609375e-06
2792,54.85677283699624,0,18.290732,True,True,1.430511474609375e-06
2793,54.875674912997056,0,18.854692,True,True,1.430511474609375e-06
2794,54.89399632200366,0,18.274686,True,True,1.430511474609375e-06
2795,54.912364594987594,0,18.32308,True,True,1.430511474609375e-06
2796,54.930746936996,0,18.322487,True,True,1.430511474609375e-06
2797,54.94931546901353,0,18.523363,True,True,1.430511474609375e-06
2798,54.967927024990786,0,18.567107,True,True,1.430511474609375e-06
2799,54.98637099599,0,18.396833,True,True,1.430511474609375e-06
2800,55.004818099027034,0,18.405734,True,True,1.430511474609375e-06
2801,55.02317971800221,0,18.315871,True,True,1.430511474609375e-06
2802,55.041583902027924,0,18.36239,True,True,1.430511474609375e-06
2803,55.060064183024224,0,18.435829,True,True,1.430511474609375e-06
2804,55.078413685027044,0,18.306805,True,True,1.430511474609375e-06
2805,55.09675356402295,0,18.299237,True,True,1.430511474609375e-06
2806,55.115371386986226,0,18.572983,True,True,1.430511474609375e-06
2807,55.13376362499548,0,18.352848,True,True,1.430511474609375e-06
2808,55.152410674025305,0,18.600644,True,True,1.430511474609375e-06
2809,55.17148753197398,0,18.989571,True,True,1.430511474609375e-06
2810,55.190273714018986,0,18.698537,True,True,1.430511474609375e-06
2811,55.20920725300675,0,18.851076,True,True,1.430511474609375e-06
2812,55.22823774901917,0,18.917089,True,True,1.430511474609375e-06
2813,55.246865744004026,0,18.541189,True,True,1.430511474609375e-06
2814,55.26543233898701,0,18.503526,True,True,1.430511474609375e-06
2815,55.28390441398369,0,18.417376,True,True,1.430511474609375e-06
2816,55.302638017979916,0,18.674966,True,True,1.430511474609375e-06
2817,55.32097930199234,0,18.293181,True,True,1.430511474609375e-06
2818,55.339299343992025,0,18.263209,True,True,1.430511474609375e-06
2819,55.35750485101016,0,18.159282,True,True,1.430511474609375e-06
2820,55.37572084600106,0,18.168831,True,True,1.430511474609375e-06
2821,55.40436302602757,0,28.592013,True,True,1.430511474609375e-06
2822,55.42473582201637,0,20.262778,True,True,1.430511474609375e-06
2823,55.44345338002313,0,18.649121,True,True,1.430511474609375e-06
2824,55.46200802101521,0,18.484833,True,True,1.430511474609375e-06
2825,55.48046616499778,0,18.407443,True,True,1.430511474609375e-06
2826,55.49891996302176,0,18.403442,True,True,1.430511474609375e-06
2827,55.51735051802825,0,18.378011,True,True,1.430511474609375e-06
2828,55.535896343993954,0,18.489495,True,True,1.430511474609375e-06
2829,55.55426660500234,0,18.323943,True,True,1.430511474609375e-06
2830,55.57273224700475,0,18.421139,True,True,1.430511474609375e-06
2831,55.59138564701425,0,18.596083,True,True,1.430511474609375e-06
2832,55.60974253900349,0,18.304809,True,True,1.430511474609375e-06
2833,55.628120150009636,0,18.32727,True,True,1.430511474609375e-06
2834,55.64663701399695,0,18.473902,True,True,1.430511474609375e-06
2835,55.66508234402863,0,18.405728,True,True,1.430511474609375e-06
2836,55.68355278798845,0,18.426354,True,True,1.430511474609375e-06
2837,55.7019671020098,0,18.374596,True,True,1.430511474609375e-06
2838,55.72034213098232,0,18.336042,True,True,1.430511474609375e-06
2839,55.73872119397856,0,18.33649,True,True,1.430511474609375e-06
2840,55.75716007198207,0,18.392077,True,True,1.430511474609375e-06
2841,55.78553088399349,0,28.325186,True,True,1.430511474609375e-06
2842,55.812771513010375,0,27.132055,True,True,1.430511474609375e-06
2843,55.83147176500643,0,18.610036,True,True,1.430511474609375e-06
2844,55.84986919397488,0,18.333264,True,True,1.430511474609375e-06
2845,55.86827490100404,0,18.360068,True,True,1.430511474609375e-06
2846,55.88671325502219,0,18.392615,True,True,1.430511474609375e-06
2847,55.9049479389796,0,18.195018,True,True,1.430511474609375e-06
2848,55.9234208369744,0,18.427403,True,True,1.430511474609375e-06
2849,55.942321237002034,0,18.854456,True,True,1.430511474609375e-06
2850,55.960682234028354,0,18.319266,True,True,1.430511474609375e-06
2851,55.978972079989035,0,18.251647,True,True,1.430511474609375e-06
2852,55.99752306798473,0,18.51083,True,True,1.430511474609375e-06
2853,56.01586529699853,0,18.301691,True,True,1.430511474609375e-06
2854,56.03420118498616,0,18.297047,True,True,1.430511474609375e-06
2855,56.05265285097994,0,18.411828,True,True,1.430511474609375e-06
2856,56.07087671500631,0,18.182815,True,True,1.430511474609375e-06
2857,56.08938204398146,0,18.463939,True,True,1.430511474609375e-06
2858,56.10785333102103,0,18.429519,True,True,1.430511474609375e-06
2859,56.12617940898053,0,18.28512,True,True,1.430511474609375e-06
2860,56.144612382980995,0,18.388633,True,True,1.430511474609375e-06
2861,56.162955246982165,0,18.304644,True,True,1.430511474609375e-06
2862,56.181311985012144,0,18.316969,True,True,1.430511474609375e-06
2863,56.1997543220059,0,18.391146,True,True,1.430511474609375e-06
2864,56.2182028539828,0,18.39568,True,True,1.430511474609375e-06
2865,56.236800017009955,0,18.549836,True,True,1.430511474609375e-06
2866,56.25519717700081,0,18.350907,True,True,1.430511474609375e-06
2867,56.273615489015356,0,18.37183,True,True,1.430511474609375e-06
2868,56.291983257979155,0,18.325023,True,True,1.430511474609375e-06
2869,56.310516601020936,0,18.485824,True,True,1.430511474609375e-06
2870,56.32894674001727,0,18.383808,True,True,1.430511474609375e-06
2871,56.3474236910115,0,18.43003,True,True,1.430511474609375e-06
2872,56.36591806600336,0,18.445243,True,True,1.430511474609375e-06
2873,56.3877847159747,0,21.818293,True,True,1.430511474609375e-06
2874,56.4147695020074,0,26.895151,True,True,1.430511474609375e-06
2875,56.43345205602236,0,18.600253,True,True,1.430511474609375e-06
2876,56.452252890972886,0,18.745972,True,True,1.430511474609375e-06
2877,56.470665891014505,0,18.367954,True,True,1.430511474609375e-06
2878,56.489224357006606,0,18.507149,True,True,1.430511474609375e-06
2879,56.50800349400379,0,18.681606,True,True,1.430511474609375e-06
2880,56.526822176005226,0,18.742314,True,True,1.430511474609375e-06
2881,56.545293393020984,0,18.420282,True,True,1.430511474609375e-06
2882,56.56373491400154,0,18.393362,True,True,1.430511474609375e-06
2883,56.58238794398494,0,18.612039,True,True,1.430511474609375e-06
2884,56.60101221501827,0,18.571687,True,True,1.430511474609375e-06
2885,56.61973149201367,0,18.636522,True,True,1.430511474609375e-06
2886,56.63834516401403,0,18.538255,True,True,1.430511474609375e-06
2887,56.656878265028354,0,18.477547,True,True,1.430511474609375e-06
2888,56.67520764499204,0,18.284645,True,True,1.430511474609375e-06
2889,56.70433401002083,0,29.084414,True,True,1.430511474609375e-06
2890,56.72289685101714,0,18.467566,True,True,1.430511474609375e-06
2891,56.74150687799556,0,18.55259,True,True,1.430511474609375e-06
2892,56.75998236599844,0,18.423473,True,True,1.430511474609375e-06
2893,56.77851891698083,0,18.493353,True,True,1.430511474609375e-06
2894,56.809237512003165,0,30.645032,True,True,1.430511474609375e-06
2895,56.82783034502063,0,18.494813,True,True,1.430511474609375e-06
2896,56.84640767099336,0,18.518815,True,True,1.430511474609375e-06
2897,56.86481689201901,0,18.36068,True,True,1.430511474609375e-06
2898,56.883366834023036,0,18.503184,True,True,1.430511474609375e-06
2899,56.90172703197459,0,18.316752,True,True,1.430511474609375e-06
2900,56.92008529702434,0,18.318125,True,True,1.430511474609375e-06
2901,56.938816056004725,0,18.689437,True,True,1.430511474609375e-06
2902,56.95716090599308,0,18.303703,True,True,1.430511474609375e-06
2903,56.97551175701665,0,18.310968,True,True,1.430511474609375e-06
2904,56.99391065398231,0,18.357,True,True,1.430511474609375e-06
2905,57.01225437497487,0,18.300503,True,True,1.430511474609375e-06
2906,57.030612126982305,0,18.317997,True,True,1.430511474609375e-06
2907,57.049087657011114,0,18.43594,True,True,1.430511474609375e-06
2908,57.067500227014534,0,18.373993,True,True,1.430511474609375e-06
2909,57.08588814100949,0,18.340264,True,True,1.430511474609375e-06
2910,57.1044814530178,0,18.551186,True,True,1.430511474609375e-06
2911,57.12293595797382,0,18.407887,True,True,1.430511474609375e-06
2912,57.14133374602534,0,18.358447,True,True,1.430511474609375e-06
2913,57.15972541598603,0,18.348702,True,True,1.430511474609375e-06
2914,57.17808674700791,0,18.318749,True,True,1.430511474609375e-06
2915,57.196689189004246,0,18.555223,True,True,1.430511474609375e-06
2916,57.21527194802184,0,18.514663,True,True,1.430511474609375e-06
2917,57.233702034980524,0,18.378347,True,True,1.430511474609375e-06
2918,57.252158225979656,0,18.41017,True,True,1.430511474609375e-06
2919,57.270637214998715,0,18.434522,True,True,1.430511474609375e-06
2920,57.28922746900935,0,18.544978,True,True,1.430511474609375e-06
2921,57.30763636302436,0,18.360407,True,True,1.430511474609375e-06
2922,57.326116600015666,0,18.435421,True,True,1.430511474609375e-06
2923,57.34461439901497,0,18.452972,True,True,1.430511474609375e-06
2924,57.362985372019466,0,18.328316,True,True,1.430511474609375e-06
2925,57.38470978097757,0,21.679123,True,True,1.430511474609375e-06
2926,57.41014274599729,0,25.339266,True,True,1.430511474609375e-06
2927,57.43031325901393,0,20.066703,True,True,1.430511474609375e-06
2928,57.44882134598447,0,18.44198,True,True,1.430511474609375e-06
2929,57.46724510501372,0,18.367386,True,True,1.430511474609375e-06
2930,57.48562462301925,0,18.335147,True,True,1.430511474609375e-06
2931,57.50431473198114,0,18.64182,True,True,1.430511474609375e-06
2932,57.522704967996106,0,18.341508,True,True,1.430511474609375e-06
2933,57.54107093898347,0,18.320505,True,True,1.430511474609375e-06
2934,57.559549550001975,0,18.4329,True,True,1.430511474609375e-06
2935,57.577862338977866,0,18.270254,True,True,1.430511474609375e-06
2936,57.596428423014004,0,18.518721,True,True,1.430511474609375e-06
2937,57.615257841011044,0,18.765739,True,True,1.430511474609375e-06
2938,57.63366701401537,0,18.354345,True,True,1.430511474609375e-06
2939,57.65214741200907,0,18.437181,True,True,1.430511474609375e-06
2940,57.67049427097663,0,18.304813,True,True,1.430511474609375e-06
2941,57.68881014100043,0,18.278142,True,True,1.430511474609375e-06
2942,57.70717983401846,0,18.329909,True,True,1.430511474609375e-06
2943,57.72564391902415,0,18.42542,True,True,1.430511474609375e-06
2944,57.74414690001868,0,18.45913,True,True,1.430511474609375e-06
2945,57.762663703993894,0,18.463347,True,True,1.430511474609375e-06
2946,57.7836294050212,0,20.911186,True,True,1.430511474609375e-06
2947,57.809407430002466,0,25.661686,True,True,1.430511474609375e-06
2948,57.829921778989956,0,20.425141,True,True,1.430511474609375e-06
2949,57.848426732991356,0,18.444267,True,True,1.430511474609375e-06
2950,57.86679052101681,0,18.314865,True,True,1.430511474609375e-06
2951,57.88516712601995,0,18.336121,True,True,1.430511474609375e-06
2952,57.903832328971475,0,18.622918,True,True,1.430511474609375e-06
2953,57.92222182400292,0,18.343954,True,True,1.430511474609375e-06
2954,57.94059309497243,0,18.33196,True,True,1.430511474609375e-06
2955,57.958997900015675,0,18.363263,True,True,1.430511474609375e-06
2956,57.97715580498334,0,18.115757,True,True,1.430511474609375e-06
2957,57.99538036098238,0,18.181921,True,True,1.430511474609375e-06
2958,58.0138232880272,0,18.401837,True,True,1.430511474609375e-06
2959,58.03215987700969,0,18.292038,True,True,1.430511474609375e-06
2960,58.05048587801866,0,18.287308,True,True,1.430511474609375e-06
2961,58.068946175975725,0,18.419764,True,True,1.430511474609375e-06
2962,58.08720407198416,0,18.216272,True,True,1.430511474609375e-06
2963,58.105570184008684,0,18.325208,True,True,1.430511474609375e-06
2964,58.124075677013025,0,18.462526,True,True,1.430511474609375e-06
2965,58.1424346989952,0,18.315476,True,True,1.430511474609375e-06
2966,58.16087597399019,0,18.399645,True,True,1.430511474609375e-06
2967,58.17921288101934,0,18.294604,True,True,1.430511474609375e-06
2968,58.19770218298072,0,18.446471,True,True,1.430511474609375e-06
2969,58.216190645005554,0,18.437203,True,True,1.430511474609375e-06
2970,58.23485362599604,0,18.61382,True,True,1.430511474609375e-06
2971,58.253204073000234,0,18.306472,True,True,1.430511474609375e-06
2972,58.27161044598324,0,18.359402,True,True,1.430511474609375e-06
2973,58.29011951998109,0,18.466373,True,True,1.430511474609375e-06
2974,58.308514299977105,0,18.338811,True,True,1.430511474609375e-06
2975,58.32694746897323,0,18.390746,True,True,1.430511474609375e-06
2976,58.345423827995546,0,18.430597,True,True,1.430511474609375e-06
2977,58.36388053599512,0,18.411398,True,True,1.430511474609375e-06
2978,58.39898568397621,0,35.056871,True,True,1.430511474609375e-06
2979,58.42317377100699,0,24.050296,True,True,1.430511474609375e-06
2980,58.441683967015706,0,18.427044,True,True,1.430511474609375e-06
2981,58.459935329970904,0,18.192952,True,True,1.430511474609375e-06
2982,58.47855064901523,0,18.566537,True,True,1.430511474609375e-06
2983,58.49703586800024,0,18.4406,True,True,1.430511474609375e-06
2984,58.51545247499598,0,18.364664,True,True,1.430511474609375e-06
2985,58.53439762297785,0,18.898192,True,True,1.430511474609375e-06
2986,58.55279614799656,0,18.344424,True,True,1.430511474609375e-06
2987,58.571227164997254,0,18.383747,True,True,1.430511474609375e-06
2988,58.589689182001166,0,18.418034,True,True,1.430511474609375e-06
2989,58.608079996018205,0,18.346986,True,True,1.430511474609375e-06
2990,58.626570963009726,0,18.446625,True,True,1.430511474609375e-06
2991,58.64497250097338,0,18.359772,True,True,1.430511474609375e-06
2992,58.66341713099973,0,18.403952,True,True,1.430511474609375e-06
2993,58.68170256400481,0,18.246401,True,True,1.430511474609375e-06
2994,58.700039611023385,0,18.297894,True,True,1.430511474609375e-06
2995,58.71857166697737,0,18.490787,True,True,1.430511474609375e-06
2996,58.73688989598304,0,18.276699,True,True,1.430511474609375e-06
2997,58.75552931800485,0,18.593395,True,True,1.430511474609375e-06
2998,58.77412612398621,0,18.548475,True,True,1.430511474609375e-06
2999,58.793004198989365,0,18.791342,True,True,1.430511474609375e-06
3000,58.82141868700273,0,28.322754,True,True,1.430511474609375e-06
3001,58.84210449602688,0,20.574847,True,True,1.430511474609375e-06
3002,58.86081128398655,0,18.640372,True,True,1.430511474609375e-06
3003,58.87917715799995,0,18.319172,True,True,1.430511474609375e-06
3004,58.89773452898953,0,18.515189,True,True,1.430511474609375e-06
3005,58.91658261802513,0,18.79144,True,True,1.430511474609375e-06
3006,58.93523812497733,0,18.576362,True,True,1.430511474609375e-06
3007,58.953728792024776,0,18.429633,True,True,1.430511474609375e-06
3008,58.97250110399909,0,18.726422,True,True,1.430511474609375e-06
3009,58.990979383001104,0,18.433467,True,True,1.430511474609375e-06
3010,59.00933102198178,0,18.311802,True,True,1.430511474609375e-06
3011,59.0278534659883,0,18.479734,True,True,1.430511474609375e-06
3012,59.055849027005024,0,27.935271,True,True,1.430511474609375e-06
3013,59.074519145011436,0,18.575716,True,True,1.430511474609375e-06
3014,59.093729936983436,0,19.149532,True,True,1.430511474609375e-06
3015,59.11230435600737,0,18.523206,True,True,1.430511474609375e-06
3016,59.131033755023964,0,18.667508,True,True,1.430511474609375e-06
3017,59.14969921397278,0,18.593165,True,True,1.430511474609375e-06
3018,59.16809011402074,0,18.336108,True,True,1.430511474609375e-06
3019,59.18665582500398,0,18.520705,True,True,1.430511474609375e-06
3020,59.205173336027656,0,18.46169,True,True,1.430511474609375e-06
3021,59.223572099988814,0,18.35409,True,True,1.430511474609375e-06
3022,59.24202708899975,0,18.40846,True,True,1.430511474609375e-06
3023,59.26052078901557,0,18.449039,True,True,1.430511474609375e-06
3024,59.278922174999025,0,18.356951,True,True,1.430511474609375e-06
3025,59.297412439016625,0,18.447564,True,True,1.430511474609375e-06
3026,59.31581149302656,0,18.328601,True,True,1.430511474609375e-06
3027,59.33406905498123,0,18.200492,True,True,1.430511474609375e-06
3028,59.35270092001883,0,18.581293,True,True,1.430511474609375e-06
3029,59.371206836018246,0,18.449464,True,True,1.430511474609375e-06
3030,59.40012964699417,0,28.867864,True,True,1.430511474609375e-06
3031,59.420657483977266,0,20.421736,True,True,1.430511474609375e-06
3032,59.439199802989606,0,18.470556,True,True,1.430511474609375e-06
3033,59.45781904400792,0,18.565778,True,True,1.430511474609375e-06
3034,59.47623155498877,0,18.367486,True,True,1.430511474609375e-06
3035,59.49461102997884,0,18.338592,True,True,1.430511474609375e-06
3036,59.51299006602494,0,18.321973,True,True,1.430511474609375e-06
3037,59.53153365798062,0,18.496947,True,True,1.430511474609375e-06
3038,59.550163629988674,0,18.585168,True,True,1.430511474609375e-06
3039,59.568569760012906,0,18.36102,True,True,1.430511474609375e-06
3040,59.587721459975,0,19.104911,True,True,1.430511474609375e-06
3041,59.607698301027995,0,19.847091,True,True,1.430511474609375e-06
3042,59.62757196999155,0,19.742843,True,True,1.430511474609375e-06
3043,59.64677064499119,0,19.054191,True,True,1.430511474609375e-06
3044,59.66522967501078,0,18.340948,True,True,1.430511474609375e-06
3045,59.68383943598019,0,18.542847,True,True,1.430511474609375e-06
3046,59.712175159016624,0,28.273866,True,True,1.430511474609375e-06
3047,59.73091006302275,0,18.64968,True,True,1.430511474609375e-06
3048,59.74966036400292,0,18.692402,True,True,1.430511474609375e-06
3049,59.7681624009856,0,18.454221,True,True,1.430511474609375e-06
3050,59.78688027599128,0,18.650908,True,True,1.430511474609375e-06
3051,59.81720155698713,0,30.254713,True,True,1.430511474609375e-06
3052,59.83605320798233,0,18.7454,True,True,1.430511474609375e-06
3053,59.85452372097643,0,18.409494,True,True,1.430511474609375e-06
3054,59.872916874999646,0,18.344099,True,True,1.430511474609375e-06
3055,59.891297118971124,0,18.336606,True,True,1.430511474609375e-06
3056,59.90938615897903,0,18.046733,True,True,1.430511474609375e-06
3057,59.92773025500355,0,18.302106,True,True,1.430511474609375e-06
3058,59.94610699597979,0,18.327863,True,True,1.430511474609375e-06
3059,59.96426474000327,0,18.111272,True,True,1.430511474609375e-06
3060,59.982550145999994,0,18.240893,True,True,1.430511474609375e-06
3061,60.000997106020804,1,18.407337,True,True,1.430511474609375e-06
3062,60.02844865899533,1,27.411542,True,True,1.430511474609375e-06
3063,60.047394677007105,1,18.868159,True,True,1.430511474609375e-06
3064,60.06594502500957,1,18.494904,True,True,1.430511474609375e-06
3065,60.08454150002217,1,18.543198,True,True,1.430511474609375e-06
3066,60.1030250369804,1,18.403196,True,True,1.430511474609375e-06
3067,60.121751331025735,1,18.669269,True,True,1.430511474609375e-06
3068,60.13993597601075,1,18.136068,True,True,1.430511474609375e-06
3069,60.15826457197545,1,18.282147,True,True,1.430511474609375e-06
3070,60.176652118971106,1,18.348096,True,True,1.430511474609375e-06
3071,60.19484415999614,1,18.151575,True,True,1.430511474609375e-06
3072,60.21303135500057,1,18.136623,True,True,1.430511474609375e-06
3073,60.23130374302855,1,18.224351,True,True,1.430511474609375e-06
3074,60.249916282016784,1,18.564422,True,True,1.430511474609375e-06
3075,60.268368321994785,1,18.403822,True,True,1.430511474609375e-06
3076,60.28660917200614,1,18.196662,True,True,1.430511474609375e-06
3077,60.30492029100424,1,18.270216,True,True,1.430511474609375e-06
3078,60.32353317999514,1,18.567312,True,True,1.430511474609375e-06
3079,60.341974837007,1,18.390266,True,True,1.430511474609375e-06
3080,60.360145011974964,1,18.124025,True,True,1.430511474609375e-06
3081,60.38048372900812,1,20.295269,True,True,1.430511474609375e-06
3082,60.40823276597075,1,27.688856,True,True,1.430511474609375e-06
3083,60.4266811949783,1,18.350757,True,True,1.430511474609375e-06
3084,60.44486332999077,1,18.119734,True,True,1.430511474609375e-06
3085,60.46346412500134,1,18.551465,True,True,1.430511474609375e-06
3086,60.48170529899653,1,18.197614,True,True,1.430511474609375e-06
3087,60.49995265499456,1,18.203393,True,True,1.430511474609375e-06
3088,60.51844286598498,1,18.443605,True,True,1.430511474609375e-06
3089,60.544323790003546,1,25.830577,True,True,1.430511474609375e-06
3090,60.56622990500182,1,21.838764,True,True,1.430511474609375e-06
3091,60.584835693007335,1,18.550135,True,True,1.430511474609375e-06
3092,60.6033092510188,1,18.414239,True,True,1.430511474609375e-06
3093,60.62813659198582,1,24.777297,True,True,1.430511474609375e-06
3094,60.64662756299367,1,18.433998,True,True,1.430511474609375e-06
3095,60.66516453202348,1,18.488099,True,True,1.430511474609375e-06
3096,60.683568883978296,1,18.360791,True,True,1.430511474609375e-06
3097,60.70209299400449,1,18.485991,True,True,1.430511474609375e-06
3098,60.72080813901266,1,18.671517,True,True,1.430511474609375e-06
3099,60.73951695399592,1,18.611947,True,True,1.430511474609375e-06
3100,60.758118954021484,1,18.544784,True,True,1.430511474609375e-06
3101,60.7766489359783,1,18.482072,True,True,1.430511474609375e-06
3102,60.7954575640033,1,18.723405,True,True,1.430511474609375e-06
3103,60.82554482901469,1,30.026245,True,True,1.430511474609375e-06
3104,60.84436986898072,1,18.722335,True,True,1.430511474609375e-06
3105,60.86288281902671,1,18.449621,True,True,1.430511474609375e-06
3106,60.881246502976865,1,18.31745,True,True,1.430511474609375e-06
3107,60.899643578974064,1,18.356593,True,True,1.430511474609375e-06
3108,60.918076928006485,1,18.389464,True,True,1.430511474609375e-06
3109,60.93657850002637,1,18.437767,True,True,1.430511474609375e-06
3110,60.95524822198786,1,18.615764,True,True,1.430511474609375e-06
3111,60.974299857974984,1,18.981276,True,True,1.430511474609375e-06
3112,60.99299893097486,1,18.625656,True,True,1.430511474609375e-06
3113,61.01201837399276,1,18.923823,True,True,1.430511474609375e-06
3114,61.03106032102369,1,18.928328,True,True,1.430511474609375e-06
3115,61.049976909009274,1,18.803101,True,True,1.430511474609375e-06
3116,61.068909941008314,1,18.817475,True,True,1.430511474609375e-06
3117,61.0883188630105,1,19.287877,True,True,1.430511474609375e-06
3118,61.10731787997065,1,18.882724,True,True,1.430511474609375e-06
3119,61.12604784197174,1,18.615524,True,True,1.430511474609375e-06
3120,61.14520327298669,1,19.081317,True,True,1.430511474609375e-06
3121,61.16379372798838,1,18.485925,True,True,1.430511474609375e-06
3122,61.18240217200946,1,18.541823,True,True,1.430511474609375e-06
3123,61.2008394409786,1,18.39401,True,True,1.430511474609375e-06
3124,61.22367049497552,1,22.784985,True,True,1.430511474609375e-06
3125,61.24225569900591,1,18.52661,True,True,1.430511474609375e-06
3126,61.26087857299717,1,18.574829,True,True,1.430511474609375e-06
3127,61.27940871700412,1,18.480146,True,True,1.430511474609375e-06
3128,61.29781137598911,1,18.359971,True,True,1.430511474609375e-06
3129,61.316214056976605,1,18.355199,True,True,1.430511474609375e-06
3130,61.33493254700443,1,18.671251,True,True,1.430511474609375e-06
3131,61.35346977197332,1,18.490985,True,True,1.430511474609375e-06
3132,61.385308523022104,1,31.777961,True,True,1.430511474609375e-06
3133,61.41256953100674,1,27.122768,True,True,1.430511474609375e-06
3134,61.43126098602079,1,18.595365,True,True,1.430511474609375e-06
3135,61.450270013010595,1,18.938477,True,True,1.430511474609375e-06
3136,61.468876969011035,1,18.550138,True,True,1.430511474609375e-06
3137,61.48800266999751,1,19.015057,True,True,1.430511474609375e-06
3138,61.5069969589822,1,18.86511,True,True,1.430511474609375e-06
3139,61.52598122798372,1,18.860922,True,True,1.430511474609375e-06
3140,61.54489995300537,1,18.798452,True,True,1.430511474609375e-06
3141,61.563916125975084,1,18.896989,True,True,1.430511474609375e-06
3142,61.58284738002112,1,18.812343,True,True,1.430511474609375e-06
3143,61.60172061098274,1,18.758107,True,True,1.430511474609375e-06
3144,61.620623696013354,1,18.793801,True,True,1.430511474609375e-06
3145,61.639655534992926,1,18.917443,True,True,1.430511474609375e-06
3146,61.65831916598836,1,18.545853,True,True,1.430511474609375e-06
3147,61.67714100598823,1,18.718278,True,True,1.430511474609375e-06
3148,61.696245027997065,1,19.00087,True,True,1.430511474609375e-06
3149,61.715099281980656,1,18.749831,True,True,1.430511474609375e-06
3150,61.73400265001692,1,18.791921,True,True,1.430511474609375e-06
3151,61.753692611993756,1,19.562377,True,True,1.430511474609375e-06
3152,61.77338156901533,1,19.551994,True,True,1.430511474609375e-06
3153,61.79212604300119,1,18.622471,True,True,1.430511474609375e-06
3154,61.81980104401009,1,27.594768,True,True,1.430511474609375e-06
3155,61.84732779598562,1,27.41707,True,True,1.430511474609375e-06
3156,61.86586300597992,1,18.45398,True,True,1.430511474609375e-06
3157,61.884452808008064,1,18.525566,True,True,1.430511474609375e-06
3158,61.9027246949845,1,18.220203,True,True,1.430511474609375e-06
3159,61.92112533102045,1,18.355064,True,True,1.430511474609375e-06
3160,61.939526644011494,1,18.359099,True,True,1.430511474609375e-06
3161,61.957962592015974,1,18.385635,True,True,1.430511474609375e-06
3162,61.97636818198953,1,18.323889,True,True,1.430511474609375e-06
3163,61.99559062399203,1,19.150457,True,True,1.430511474609375e-06
3164,62.01415425998857,1,18.477309,True,True,1.430511474609375e-06
3165,62.0324997890275,1,18.287687,True,True,1.430511474609375e-06
3166,62.05089188797865,1,18.343333,True,True,1.430511474609375e-06
3167,62.069352215970866,1,18.412141,True,True,1.430511474609375e-06
3168,62.0873495870037,1,17.95335,True,True,1.430511474609375e-06
3169,62.10556268598884,1,18.168336,True,True,1.430511474609375e-06
3170,62.12376918701921,1,18.165717,True,True,1.430511474609375e-06
3171,62.14195975102484,1,18.14356,True,True,1.430511474609375e-06
3172,62.160569159023,1,18.565637,True,True,1.430511474609375e-06
3173,62.17885149398353,1,18.242956,True,True,1.430511474609375e-06
3174,62.19727546302602,1,18.379473,True,True,1.430511474609375e-06
3175,62.215712304983754,1,18.389748,True,True,1.430511474609375e-06
3176,62.23452574398834,1,18.745142,True,True,1.430511474609375e-06
3177,62.25276260799728,1,18.164985,True,True,1.430511474609375e-06
3178,62.271193307999056,1,18.381431,True,True,1.430511474609375e-06
3179,62.28972268901998,1,18.48396,True,True,1.430511474609375e-06
3180,62.3081345789833,1,18.37012,True,True,1.430511474609375e-06
3181,62.32659577502636,1,18.41716,True,True,1.430511474609375e-06
3182,62.34558275801828,1,18.941004,True,True,1.430511474609375e-06
3183,62.364051524025854,1,18.421218,True,True,1.430511474609375e-06
3184,62.38577381201321,1,21.666265,True,True,1.430511474609375e-06
3185,62.4172077269759,1,31.334158,True,True,1.430511474609375e-06
3186,62.43593990302179,1,18.641827,True,True,1.430511474609375e-06
3187,62.45452411897713,1,18.526983,True,True,1.430511474609375e-06
3188,62.47335171501618,1,18.782607,True,True,1.430511474609375e-06
3189,62.49178446602309,1,18.382865,True,True,1.430511474609375e-06
3190,62.510030226025265,1,18.192731,True,True,1.430511474609375e-06
3191,62.52843888598727,1,18.358692,True,True,1.430511474609375e-06
3192,62.54678694397444,1,18.298117,True,True,1.430511474609375e-06
3193,62.56539951101877,1,18.570392,True,True,1.430511474609375e-06
3194,62.58392880798783,1,18.483969,True,True,1.430511474609375e-06
3195,62.602480400993954,1,18.5043,True,True,1.430511474609375e-06
3196,62.62118350499077,1,18.657595,True,True,1.430511474609375e-06
3197,62.639593277010135,1,18.351366,True,True,1.430511474609375e-06
3198,62.658525393984746,1,18.886331,True,True,1.430511474609375e-06
3199,62.67716952302726,1,18.597614,True,True,1.430511474609375e-06
3200,62.69548686000053,1,18.271558,True,True,1.430511474609375e-06
3201,62.715058399015106,1,19.527364,True,True,1.430511474609375e-06
3202,62.733588856004644,1,18.466975,True,True,1.430511474609375e-06
3203,62.75211509602377,1,18.469434,True,True,1.430511474609375e-06
3204,62.770545518025756,1,18.378743,True,True,1.430511474609375e-06
3205,62.78910818399163,1,18.4986,True,True,1.430511474609375e-06
3206,62.807396529999096,1,18.242674,True,True,1.430511474609375e-06
3207,62.83792889199685,1,30.48366,True,True,1.430511474609375e-06
3208,62.85675595700741,1,18.721744,True,True,1.430511474609375e-06
3209,62.87525009998353,1,18.431495,True,True,1.430511474609375e-06
3210,62.8937952920096,1,18.493642,True,True,1.430511474609375e-06
3211,62.91351007699268,1,19.635313,True,True,1.430511474609375e-06
3212,62.93192953302059,1,18.362171,True,True,1.430511474609375e-06
3213,62.95038369600661,1,18.409769,True,True,1.430511474609375e-06
3214,62.96881749900058,1,18.387826,True,True,1.430511474609375e-06
3215,62.987209402024746,1,18.349887,True,True,1.430511474609375e-06
3216,63.005614257999696,1,18.361262,True,True,1.430511474609375e-06
3217,63.02830335899489,1,22.646898,True,True,1.430511474609375e-06
3218,63.04693957202835,1,18.585173,True,True,1.430511474609375e-06
3219,63.06544036598643,1,18.450109,True,True,1.430511474609375e-06
3220,63.083764804992825,1,18.27497,True,True,1.430511474609375e-06
3221,63.10205626802053,1,18.249097,True,True,1.430511474609375e-06
3222,63.12108964199433,1,18.979988,True,True,1.430511474609375e-06
3223,63.13934833800886,1,18.217325,True,True,1.430511474609375e-06
3224,63.15754309197655,1,18.148502,True,True,1.430511474609375e-06
3225,63.175853789027315,1,18.269391,True,True,1.430511474609375e-06
3226,63.194038557005115,1,18.13823,True,True,1.430511474609375e-06
3227,63.213462680985685,1,19.353556,True,True,1.430511474609375e-06
3228,63.23198459902778,1,18.4718,True,True,1.430511474609375e-06
3229,63.25061030301731,1,18.577538,True,True,1.430511474609375e-06
3230,63.26916792901466,1,18.504907,True,True,1.430511474609375e-06
3231,63.287650230980944,1,18.439146,True,True,1.430511474609375e-06
3232,63.31599653401645,1,28.303457,True,True,1.430511474609375e-06
3233,63.334770790010225,1,18.676312,True,True,1.430511474609375e-06
3234,63.353522465971764,1,18.685297,True,True,1.430511474609375e-06
3235,63.37253852101276,1,18.927446,True,True,1.430511474609375e-06
3236,63.39848053298192,1,25.830253,True,True,1.430511474609375e-06
3237,63.42221329797758,1,23.641207,True,True,1.430511474609375e-06
3238,63.44089497701498,1,18.61013,True,True,1.430511474609375e-06
3239,63.4595827619778,1,18.628963,True,True,1.430511474609375e-06
3240,63.47824909602059,1,18.615161,True,True,1.430511474609375e-06
3241,63.49752367497422,1,19.189936,True,True,1.430511474609375e-06
3242,63.516295877983794,1,18.667766,True,True,1.430511474609375e-06
3243,63.535612913023215,1,19.258549,True,True,1.430511474609375e-06
3244,63.553971812012605,1,18.303334,True,True,1.430511474609375e-06
3245,63.57223920500837,1,18.214998,True,True,1.430511474609375e-06
3246,63.59072941902559,1,18.434325,True,True,1.430511474609375e-06
3247,63.61504161497578,1,24.257233,True,True,1.430511474609375e-06
3248,63.63338598201517,1,18.276418,True,True,1.430511474609375e-06
3249,63.65228332398692,1,18.851425,True,True,1.430511474609375e-06
3250,63.67068093898706,1,18.343976,True,True,1.430511474609375e-06
3251,63.68902635597624,1,18.30107,True,True,1.430511474609375e-06
3252,63.70739746600157,1,18.331797,True,True,1.430511474609375e-06
3253,63.72642190998886,1,18.982048,True,True,1.430511474609375e-06
3254,63.74493943102425,1,18.473781,True,True,1.430511474609375e-06
3255,63.76346305402694,1,18.474543,True,True,1.430511474609375e-06
3256,63.7823771610274,1,18.861753,True,True,1.430511474609375e-06
3257,63.80081639398122,1,18.392703,True,True,1.430511474609375e-06
3258,63.830974054988474,1,30.113978,True,True,1.430511474609375e-06
3259,63.84978216601303,1,18.705854,True,True,1.430511474609375e-06
3260,63.86825683899224,1,18.410686,True,True,1.430511474609375e-06
3261,63.88667243398959,1,18.366278,True,True,1.430511474609375e-06
3262,63.905340099998284,1,18.625915,True,True,1.430511474609375e-06
3263,63.92454925598577,1,19.163894,True,True,1.430511474609375e-06
3264,63.94291202398017,1,18.313627,True,True,1.430511474609375e-06
3265,63.96143086400116,1,18.473476,True,True,1.430511474609375e-06
3266,63.979812516015954,1,18.33582,True,True,1.430511474609375e-06
3267,63.99816936097341,1,18.312769,True,True,1.430511474609375e-06
3268,64.01717460900545,1,18.960204,True,True,1.430511474609375e-06
3269,64.0357610899955,1,18.540883,True,True,1.430511474609375e-06
3270,64.05415582598653,1,18.348959,True,True,1.430511474609375e-06
3271,64.0725734619773,1,18.373015,True,True,1.430511474609375e-06
3272,64.09136443398893,1,18.742052,True,True,1.430511474609375e-06
3273,64.10974214499583,1,18.331891,True,True,1.430511474609375e-06
3274,64.12861143797636,1,18.82556,True,True,1.430511474609375e-06
3275,64.14708209899254,1,18.4268,True,True,1.430511474609375e-06
3276,64.16534860001411,1,18.224923,True,True,1.430511474609375e-06
3277,64.18370019301074,1,18.30978,True,True,1.430511474609375e-06
3278,64.20215803501196,1,18.411012,True,True,1.430511474609375e-06
3279,64.22173145902343,1,19.517698,True,True,1.430511474609375e-06
3280,64.24325045797741,1,21.436101,True,True,1.430511474609375e-06
3281,64.26227477402426,1,18.943382,True,True,1.430511474609375e-06
3282,64.28095720498823,1,18.569773,True,True,1.430511474609375e-06
3283,64.30591410200577,1,24.87922,True,True,1.430511474609375e-06
3284,64.32475553598488,1,18.749009,True,True,1.430511474609375e-06
3285,64.3433255450218,1,18.502931,True,True,1.430511474609375e-06
3286,64.36178974999348,1,18.402471,True,True,1.430511474609375e-06
3287,64.38327693997417,1,21.43365,True,True,1.430511474609375e-06
3288,64.40937712299637,1,26.002729,True,True,1.430511474609375e-06
3289,64.42973650002386,1,20.280521,True,True,1.430511474609375e-06
3290,64.44839318102458,1,18.593413,True,True,1.430511474609375e-06
3291,64.46681173698744,1,18.357299,True,True,1.430511474609375e-06
3292,64.48531029297737,1,18.447589,True,True,1.430511474609375e-06
3293,64.50429854297545,1,18.934847,True,True,1.430511474609375e-06
3294,64.52254970301874,1,18.193337,True,True,1.430511474609375e-06
3295,64.54123544099275,1,18.631946,True,True,1.430511474609375e-06
3296,64.55973059497774,1,18.431559,True,True,1.430511474609375e-06
3297,64.57807631301694,1,18.28953,True,True,1.430511474609375e-06
3298,64.59700590302236,1,18.872011,True,True,1.430511474609375e-06
3299,64.61541946599027,1,18.347728,True,True,1.430511474609375e-06
3300,64.63361985899974,1,18.143027,True,True,1.430511474609375e-06
3301,64.65221030602697,1,18.545155,True,True,1.430511474609375e-06
3302,64.6707032850245,1,18.444165,True,True,1.430511474609375e-06
3303,64.68905228102813,1,18.304466,True,True,1.430511474609375e-06
3304,64.70811282802606,1,19.014529,True,True,1.430511474609375e-06
3305,64.72647855401738,1,18.321731,True,True,1.430511474609375e-06
3306,64.74499832902802,1,18.478585,True,True,1.430511474609375e-06
3307,64.76371143601136,1,18.661975,True,True,1.430511474609375e-06
3308,64.78529043297749,1,21.504093,True,True,1.430511474609375e-06
3309,64.80489723099163,1,19.484764,True,True,1.430511474609375e-06
3310,64.82716977200471,1,22.180711,True,True,1.430511474609375e-06
3311,64.85834927298129,1,31.095082,True,True,1.430511474609375e-06
3312,64.87870046799071,1,20.268227,True,True,1.430511474609375e-06
3313,64.89720889501041,1,18.444024,True,True,1.430511474609375e-06
3314,64.91646156797651,1,19.195026,True,True,1.430511474609375e-06
3315,64.93537706602365,1,18.849481,True,True,1.430511474609375e-06
3316,64.95396703702863,1,18.528766,True,True,1.430511474609375e-06
3317,64.9824435270275,1,28.427335,True,True,1.430511474609375e-06
3318,65.00104565697256,1,18.533822,True,True,1.430511474609375e-06
3319,65.01955071801785,1,18.454943,True,True,1.430511474609375e-06
3320,65.03796917200089,1,18.371795,True,True,1.430511474609375e-06
3321,65.05708700302057,1,19.06789,True,True,1.430511474609375e-06
3322,65.07604324998101,1,18.912975,True,True,1.430511474609375e-06
3323,65.09460380097153,1,18.510038,True,True,1.430511474609375e-06
3324,65.1130824140273,1,18.430479,True,True,1.430511474609375e-06
3325,65.13143652799772,1,18.311908,True,True,1.430511474609375e-06
3326,65.1497851620079,1,18.308931,True,True,1.430511474609375e-06
3327,65.1684723009821,1,18.647154,True,True,1.430511474609375e-06
3328,65.18748461001087,1,18.973562,True,True,1.430511474609375e-06
3329,65.2060808360111,1,18.548113,True,True,1.430511474609375e-06
3330,65.2246583760134,1,18.524036,True,True,1.430511474609375e-06
3331,65.24315764702624,1,18.449306,True,True,1.430511474609375e-06
3332,65.26141927501885,1,18.218342,True,True,1.430511474609375e-06
3333,65.28053964400897,1,19.074257,True,True,1.430511474609375e-06
3334,65.29883736302145,1,18.25171,True,True,1.430511474609375e-06
3335,65.3172867919784,1,18.39187,True,True,1.430511474609375e-06
3336,65.33590553497197,1,18.569592,True,True,1.430511474609375e-06
3337,65.35435562598286,1,18.399591,True,True,1.430511474609375e-06
3338,65.37266127200564,1,18.257952,True,True,1.430511474609375e-06
3339,65.40333693497814,1,30.620303,True,True,1.430511474609375e-06
3340,65.42476320097921,1,21.32513,True,True,1.430511474609375e-06
3341,65.44643005001126,1,21.59343,True,True,1.430511474609375e-06
3342,65.46509213501122,1,18.605111,True,True,1.430511474609375e-06
3343,65.48350708000362,1,18.363771,True,True,1.430511474609375e-06
3344,65.5017435119953,1,18.193966,True,True,1.430511474609375e-06
3345,65.52050401101587,1,18.709636,True,True,1.430511474609375e-06
3346,65.53910964902025,1,18.556292,True,True,1.430511474609375e-06
3347,65.55757508199895,1,18.405265,True,True,1.430511474609375e-06
3348,65.57597917999374,1,18.356073,True,True,1.430511474609375e-06
3349,65.59470863098977,1,18.671118,True,True,1.430511474609375e-06
3350,65.61328207497718,1,18.522796,True,True,1.430511474609375e-06
3351,65.63477627502289,1,21.439993,True,True,1.430511474609375e-06
3352,65.65839659597259,1,23.544014,True,True,1.430511474609375e-06
3353,65.68003823602339,1,21.577384,True,True,1.430511474609375e-06
3354,65.69850447797216,1,18.409109,True,True,1.430511474609375e-06
3355,65.71721247199457,1,18.661465,True,True,1.430511474609375e-06
3356,65.735759424977,1,18.501294,True,True,1.430511474609375e-06
3357,65.75465652300045,1,18.85013,True,True,1.430511474609375e-06
3358,65.77328939497238,1,18.57445,True,True,1.430511474609375e-06
3359,65.79199096199591,1,18.641728,True,True,1.430511474609375e-06
3360,65.81043946999125,1,18.399504,True,True,1.430511474609375e-06
3361,65.82889405998867,1,18.412402,True,True,1.430511474609375e-06
3362,65.85884827800328,1,29.900433,True,True,1.430511474609375e-06
3363,65.8775324759772,1,18.579725,True,True,1.430511474609375e-06
3364,65.89668873499613,1,19.098149,True,True,1.430511474609375e-06
3365,65.91521003301023,1,18.473296,True,True,1.430511474609375e-06
3366,65.93358180200448,1,18.326598,True,True,1.430511474609375e-06
3367,65.95192835002672,1,18.303182,True,True,1.430511474609375e-06
3368,65.9704848480178,1,18.507057,True,True,1.430511474609375e-06
3369,65.98861557798227,1,18.086761,True,True,1.430511474609375e-06
3370,66.00691279798048,1,18.258555,True,True,1.430511474609375e-06
3371,66.03093567700125,1,23.979158,True,True,1.430511474609375e-06
3372,66.04916948598111,1,18.188142,True,True,1.430511474609375e-06
3373,66.06743027298944,1,18.218444,True,True,1.430511474609375e-06
3374,66.08574385102838,1,18.26778,True,True,1.430511474609375e-06
3375,66.10400368797127,1,18.217294,True,True,1.430511474609375e-06
3376,66.12226740602637,1,18.218664,True,True,1.430511474609375e-06
3377,66.14092318800976,1,18.616849,True,True,1.430511474609375e-06
3378,66.15929767000489,1,18.328549,True,True,1.430511474609375e-06
3379,66.17767701798584,1,18.337687,True,True,1.430511474609375e-06
3380,66.19612037099432,1,18.403712,True,True,1.430511474609375e-06
3381,66.21472706197528,1,18.561459,True,True,1.430511474609375e-06
3382,66.23333935602568,1,18.562998,True,True,1.430511474609375e-06
3383,66.25179007300176,1,18.399388,True,True,1.430511474609375e-06
3384,66.27048233797541,1,18.646884,True,True,1.430511474609375e-06
3385,66.2889332040213,1,18.405857,True,True,1.430511474609375e-06
3386,66.31454569101334,1,25.559678,True,True,1.430511474609375e-06
3387,66.33678275800776,1,22.154859,True,True,1.430511474609375e-06
3388,66.35544468602166,1,18.598036,True,True,1.430511474609375e-06
3389,66.37392736697802,1,18.42677,True,True,1.430511474609375e-06
3390,66.4026448809891,1,28.659343,True,True,1.430511474609375e-06
3391,66.42298708797898,1,20.226078,True,True,1.430511474609375e-06
3392,66.44157356198411,1,18.518368,True,True,1.430511474609375e-06
3393,66.46018963400275,1,18.557808,True,True,1.430511474609375e-06
3394,66.47858938301215,1,18.341224,True,True,1.430511474609375e-06
3395,66.497065743024,1,18.428186,True,True,1.430511474609375e-06
3396,66.51585440302733,1,18.726594,True,True,1.430511474609375e-06
3397,66.53478353098035,1,18.818812,True,True,1.430511474609375e-06
3398,66.55337624397362,1,18.511542,True,True,1.430511474609375e-06
3399,66.57178140000906,1,18.348803,True,True,1.430511474609375e-06
3400,66.59039544098778,1,18.568208,True,True,1.430511474609375e-06
3401,66.60870804701699,1,18.250823,True,True,1.430511474609375e-06
3402,66.63329111598432,1,24.521955,True,True,1.430511474609375e-06
3403,66.65186185599305,1,18.503174,True,True,1.430511474609375e-06
3404,66.67027225502534,1,18.360682,True,True,1.430511474609375e-06
3405,66.68863873899681,1,18.323243,True,True,1.430511474609375e-06
3406,66.7072539050132,1,18.575,True,True,1.430511474609375e-06
3407,66.72551989299245,1,18.222732,True,True,1.430511474609375e-06
3408,66.74373618199024,1,18.171957,True,True,1.430511474609375e-06
3409,66.76215215597767,1,18.372378,True,True,1.430511474609375e-06
3410,66.78070861200104,1,18.512515,True,True,1.430511474609375e-06
3411,66.79913828399731,1,18.371913,True,True,1.430511474609375e-06
3412,66.81796172098257,1,18.778091,True,True,1.430511474609375e-06
3413,66.84601137100253,1,28.002962,True,True,1.430511474609375e-06
3414,66.86671129998285,1,20.59525,True,True,1.430511474609375e-06
3415,66.88529368600575,1,18.520029,True,True,1.430511474609375e-06
3416,66.90371068002423,1,18.365673,True,True,1.430511474609375e-06
3417,66.92224864999298,1,18.491888,True,True,1.430511474609375e-06
3418,66.94079973397311,1,18.508176,True,True,1.430511474609375e-06
3419,66.9591950129834,1,18.349529,True,True,1.430511474609375e-06
3420,66.97743211797206,1,18.197328,True,True,1.430511474609375e-06
3421,66.99560073198518,1,18.126119,True,True,1.430511474609375e-06
3422,67.01404428901151,1,18.403678,True,True,1.430511474609375e-06
3423,67.0321389749879,1,18.053323,True,True,1.430511474609375e-06
3424,67.0504614150268,1,18.280088,True,True,1.430511474609375e-06
3425,67.06917903601425,1,18.676523,True,True,1.430511474609375e-06
3426,67.087493376981,1,18.272221,True,True,1.430511474609375e-06
3427,67.1058751019882,1,18.34257,True,True,1.430511474609375e-06
3428,67.12423604301875,1,18.318541,True,True,1.430511474609375e-06
3429,67.14980669802753,1,25.526989,True,True,1.430511474609375e-06
3430,67.17148340801941,1,21.600322,True,True,1.430511474609375e-06
3431,67.18999122397508,1,18.447088,True,True,1.430511474609375e-06
3432,67.20857710397104,1,18.52699,True,True,1.430511474609375e-06
3433,67.23293697601184,1,24.275295,True,True,1.430511474609375e-06
3434,67.2515992699773,1,18.599158,True,True,1.430511474609375e-06
3435,67.270026794984,1,18.375736,True,True,1.430511474609375e-06
3436,67.28851830400527,1,18.438283,True,True,1.430511474609375e-06
3437,67.30722059297841,1,18.659615,True,True,1.430511474609375e-06
3438,67.325639690971,1,18.370278,True,True,1.430511474609375e-06
3439,67.34415564901428,1,18.471034,True,True,1.430511474609375e-06
3440,67.36275064700749,1,18.543982,True,True,1.430511474609375e-06
3441,67.3846029600245,1,21.804181,True,True,1.430511474609375e-06
3442,67.41200806497363,1,27.310296,True,True,1.430511474609375e-06
3443,67.43079501099419,1,18.690338,True,True,1.430511474609375e-06
3444,67.4493961550179,1,18.519965,True,True,1.430511474609375e-06
3445,67.4678410210181,1,18.387854,True,True,1.430511474609375e-06
3446,67.48649332602508,1,18.606651,True,True,1.430511474609375e-06
3447,67.50472353299847,1,18.184199,True,True,1.430511474609375e-06
3448,67.52300055499654,1,18.227877,True,True,1.430511474609375e-06
3449,67.54167907498777,1,18.630655,True,True,1.430511474609375e-06
3450,67.55988124897704,1,18.149926,True,True,1.430511474609375e-06
3451,67.57836437702645,1,18.433528,True,True,1.430511474609375e-06
3452,67.59704769501695,1,18.638388,True,True,1.430511474609375e-06
3453,67.6152359850239,1,18.131308,True,True,1.430511474609375e-06
3454,67.63360199297313,1,18.309236,True,True,1.430511474609375e-06
3455,67.65194580401294,1,18.299516,True,True,1.430511474609375e-06
3456,67.67038487497484,1,18.393718,True,True,1.430511474609375e-06
3457,67.68895066500409,1,18.525476,True,True,1.430511474609375e-06
3458,67.7073386660195,1,18.348079,True,True,1.430511474609375e-06
3459,67.72571694600629,1,18.340355,True,True,1.430511474609375e-06
3460,67.7441167269717,1,18.360048,True,True,1.430511474609375e-06
3461,67.76233780797338,1,18.17166,True,True,1.430511474609375e-06
3462,67.78800656297244,1,25.623226,True,True,1.430511474609375e-06
3463,67.80671334802173,1,18.630529,True,True,1.430511474609375e-06
3464,67.82843534700805,1,21.669301,True,True,1.430511474609375e-06
3465,67.86161936901044,1,33.127572,True,True,1.430511474609375e-06
3466,67.88051514897961,1,18.762861,True,True,1.430511474609375e-06
3467,67.89924293401418,1,18.675415,True,True,1.430511474609375e-06
3468,67.91759484598879,1,18.301499,True,True,1.430511474609375e-06
3469,67.93573029001709,1,18.08859,True,True,1.430511474609375e-06
3470,67.95395768602611,1,18.184705,True,True,1.430511474609375e-06
3471,67.97511404001852,1,21.102771,True,True,1.430511474609375e-06
3472,67.99793695402332,1,22.74521,True,True,1.430511474609375e-06
3473,68.0190070180106,1,20.996309,True,True,1.430511474609375e-06
3474,68.03746850101743,1,18.40552,True,True,1.430511474609375e-06
3475,68.05588308797451,1,18.368476,True,True,1.430511474609375e-06
3476,68.07442050200189,1,18.491751,True,True,1.430511474609375e-06
3477,68.09283187700203,1,18.367039,True,True,1.430511474609375e-06
3478,68.11124180600746,1,18.366831,True,True,1.430511474609375e-06
3479,68.12983363401145,1,18.550775,True,True,1.430511474609375e-06
3480,68.1483027029899,1,18.425012,True,True,1.430511474609375e-06
3481,68.16669588902732,1,18.351564,True,True,1.430511474609375e-06
3482,68.18513105902821,1,18.390614,True,True,1.430511474609375e-06
3483,68.20372858300107,1,18.554873,True,True,1.430511474609375e-06
3484,68.2222822069889,1,18.49628,True,True,1.430511474609375e-06
3485,68.24068771599559,1,18.353076,True,True,1.430511474609375e-06
3486,68.25917831697734,1,18.442437,True,True,1.430511474609375e-06
3487,68.2774000170175,1,18.16818,True,True,1.430511474609375e-06
3488,68.29577770002652,1,18.332983,True,True,1.430511474609375e-06
3489,68.31399990501814,1,18.18079,True,True,1.430511474609375e-06
3490,68.33221464598319,1,18.164205,True,True,1.430511474609375e-06
3491,68.35120120301144,1,18.936879,True,True,1.430511474609375e-06
3492,68.36954162502661,1,18.291576,True,True,1.430511474609375e-06
3493,68.39956872200128,1,29.972873,True,True,1.430511474609375e-06
3494,68.41852425201796,1,18.841242,True,True,1.430511474609375e-06
3495,68.44266513397451,1,24.067088,True,True,1.430511474609375e-06
3496,68.46147846098756,1,18.743773,True,True,1.430511474609375e-06
3497,68.4800087090116,1,18.476838,True,True,1.430511474609375e-06
3498,68.49849893699866,1,18.443185,True,True,1.430511474609375e-06
3499,68.51700084202457,1,18.454942,True,True,1.430511474609375e-06
3500,68.53548442898318,1,18.435666,True,True,1.430511474609375e-06
3501,68.55396670498885,1,18.433185,True,True,1.430511474609375e-06
3502,68.57257268601097,1,18.559457,True,True,1.430511474609375e-06
3503,68.5911126449937,1,18.490533,True,True,1.430511474609375e-06
3504,68.60955485299928,1,18.386162,True,True,1.430511474609375e-06
3505,68.6280398099916,1,18.434695,True,True,1.430511474609375e-06
3506,68.64668957900722,1,18.598369,True,True,1.430511474609375e-06
3507,68.66507217200706,1,18.340376,True,True,1.430511474609375e-06
3508,68.68354051897768,1,18.424399,True,True,1.430511474609375e-06
3509,68.7020571490284,1,18.474476,True,True,1.430511474609375e-06
3510,68.72027297399472,1,18.171422,True,True,1.430511474609375e-06
3511,68.73866399901453,1,18.352287,True,True,1.430511474609375e-06
3512,68.75743026100099,1,18.72384,True,True,1.430511474609375e-06
3513,68.77605014300207,1,18.53982,True,True,1.430511474609375e-06
3514,68.79443339398131,1,18.286899,True,True,1.430511474609375e-06
3515,68.81276807497488,1,18.277311,True,True,1.430511474609375e-06
3516,68.83089306700276,1,18.07725,True,True,1.430511474609375e-06
3517,68.85266214900184,1,21.721779,True,True,1.430511474609375e-06
3518,68.87983803200768,1,27.077214,True,True,1.430511474609375e-06
3519,68.89896369102644,1,19.023173,True,True,1.430511474609375e-06
3520,68.91764925699681,1,18.594784,True,True,1.430511474609375e-06
3521,68.9360610700096,1,18.347436,True,True,1.430511474609375e-06
3522,68.95460431498941,1,18.499105,True,True,1.430511474609375e-06
3523,68.97301198897185,1,18.362039,True,True,1.430511474609375e-06
3524,68.99129085300956,1,18.236177,True,True,1.430511474609375e-06
3525,69.0097830260056,1,18.451534,True,True,1.430511474609375e-06
3526,69.03257798199775,1,22.755739,True,True,1.430511474609375e-06
3527,69.0511380219832,1,18.513073,True,True,1.430511474609375e-06
3528,69.06982103199698,1,18.639555,True,True,1.430511474609375e-06
3529,69.08838883199496,1,18.525425,True,True,1.430511474609375e-06
3530,69.10696417302825,1,18.51754,True,True,1.430511474609375e-06
3531,69.12547197099775,1,18.46421,True,True,1.430511474609375e-06
3532,69.14401480101515,1,18.494959,True,True,1.430511474609375e-06
3533,69.16241018299479,1,18.355457,True,True,1.430511474609375e-06
3534,69.18085800699191,1,18.407018,True,True,1.430511474609375e-06
3535,69.19935123401228,1,18.452903,True,True,1.430511474609375e-06
3536,69.21777318097884,1,18.376651,True,True,1.430511474609375e-06
3537,69.2362954299897,1,18.471081,True,True,1.430511474609375e-06
3538,69.25505276100012,1,18.716512,True,True,1.430511474609375e-06
3539,69.27352444798453,1,18.428857,True,True,1.430511474609375e-06
3540,69.29195710801287,1,18.387014,True,True,1.430511474609375e-06
3541,69.31040333397686,1,18.401692,True,True,1.430511474609375e-06
3542,69.32893970498117,1,18.48748,True,True,1.430511474609375e-06
3543,69.34734764700988,1,18.364745,True,True,1.430511474609375e-06
3544,69.36610024300171,1,18.704515,True,True,1.430511474609375e-06
3545,69.39086956199026,1,24.718207,True,True,1.430511474609375e-06
3546,69.41477303602733,1,23.780618,True,True,1.430511474609375e-06
3547,69.43346489797113,1,18.625768,True,True,1.430511474609375e-06
3548,69.45208487601485,1,18.550399,True,True,1.430511474609375e-06
3549,69.47075110900914,1,18.575194,True,True,1.430511474609375e-06
3550,69.4891886630212,1,18.381633,True,True,1.430511474609375e-06
3551,69.50769823702285,1,18.459124,True,True,1.430511474609375e-06
3552,69.52621455298504,1,18.447821,True,True,1.430511474609375e-06
3553,69.5447773479973,1,18.509439,True,True,1.430511474609375e-06
3554,69.56323811598122,1,18.413637,True,True,1.430511474609375e-06
3555,69.58158729498973,1,18.302845,True,True,1.430511474609375e-06
3556,69.60011684597703,1,18.481719,True,True,1.430511474609375e-06
3557,69.61859222798375,1,18.422962,True,True,1.430511474609375e-06
3558,69.64071959099965,1,22.078022,True,True,1.430511474609375e-06
3559,69.659463789023,1,18.685879,True,True,1.430511474609375e-06
3560,69.67793727497337,1,18.422295,True,True,1.430511474609375e-06
3561,69.69638226501411,1,18.402534,True,True,1.430511474609375e-06
3562,69.71522236097371,1,18.797421,True,True,1.430511474609375e-06
3563,69.73362131800968,1,18.357418,True,True,1.430511474609375e-06
3564,69.7520477080252,1,18.381747,True,True,1.430511474609375e-06
3565,69.7706961199874,1,18.60044,True,True,1.430511474609375e-06
3566,69.78938793897396,1,18.63595,True,True,1.430511474609375e-06
3567,69.80769759102259,1,18.257841,True,True,1.430511474609375e-06
3568,69.82613953301916,1,18.3978,True,True,1.430511474609375e-06
3569,69.84456587297609,1,18.385018,True,True,1.430511474609375e-06
3570,69.87429465400055,1,29.68131,True,True,1.430511474609375e-06
3571,69.89566617802484,1,21.25654,True,True,1.430511474609375e-06
3572,69.92128906201106,1,25.532527,True,True,1.430511474609375e-06
3573,69.94036801700713,1,18.999915,True,True,1.430511474609375e-06
3574,69.95881866698619,1,18.389997,True,True,1.430511474609375e-06
3575,69.97717486100737,1,18.308355,True,True,1.430511474609375e-06
3576,69.99526907299878,1,18.053347,True,True,1.430511474609375e-06
3577,70.01349837402813,1,18.189325,True,True,1.430511474609375e-06
3578,70.03205865400378,1,18.518571,True,True,1.430511474609375e-06
3579,70.05030300701037,1,18.201509,True,True,1.430511474609375e-06
3580,70.06862606102368,1,18.279672,True,True,1.430511474609375e-06
3581,70.0871145069832,1,18.444751,True,True,1.430511474609375e-06
3582,70.10535994899692,1,18.202374,True,True,1.430511474609375e-06
3583,70.1235373649979,1,18.134699,True,True,1.430511474609375e-06
3584,70.14221956202528,1,18.640371,True,True,1.430511474609375e-06
3585,70.16060797299724,1,18.346539,True,True,1.430511474609375e-06
3586,70.17897023598198,1,18.322749,True,True,1.430511474609375e-06
3587,70.1979418519768,1,18.931698,True,True,1.430511474609375e-06
3588,70.21650854701875,1,18.522093,True,True,1.430511474609375e-06
3589,70.24059197097085,1,24.018176,True,True,1.430511474609375e-06
3590,70.25924732000567,1,18.589217,True,True,1.430511474609375e-06
3591,70.27779128501425,1,18.494009,True,True,1.430511474609375e-06
3592,70.29628270800458,1,18.443711,True,True,1.430511474609375e-06
3593,70.31475039402721,1,18.427238,True,True,1.430511474609375e-06
3594,70.333198258013,1,18.403984,True,True,1.430511474609375e-06
3595,70.35158609598875,1,18.34539,True,True,1.430511474609375e-06
3596,70.37011872098083,1,18.490999,True,True,1.430511474609375e-06
3597,70.40036148298532,1,30.183788,True,True,1.430511474609375e-06
3598,70.41932338400511,1,18.847451,True,True,1.430511474609375e-06
3599,70.4378868379863,1,18.493889,True,True,1.430511474609375e-06
3600,70.45622961700428,1,18.29075,True,True,1.430511474609375e-06
3601,70.47483752097469,1,18.558504,True,True,1.430511474609375e-06
3602,70.49343004002003,1,18.548527,True,True,1.430511474609375e-06
3603,70.51181069202721,1,18.336533,True,True,1.430511474609375e-06
3604,70.53024715301581,1,18.390378,True,True,1.430511474609375e-06
3605,70.54870317102177,1,18.409963,True,True,1.430511474609375e-06
3606,70.56712346401764,1,18.378057,True,True,1.430511474609375e-06
3607,70.58544054802042,1,18.269319,True,True,1.430511474609375e-06
3608,70.60381314397091,1,18.327181,True,True,1.430511474609375e-06
3609,70.62220271799015,1,18.340452,True,True,1.430511474609375e-06
3610,70.64055686898064,1,18.306099,True,True,1.430511474609375e-06
3611,70.65950437600259,1,18.901924,True,True,1.430511474609375e-06
3612,70.67782953800634,1,18.285141,True,True,1.430511474609375e-06
3613,70.69619293697178,1,18.325031,True,True,1.430511474609375e-06
3614,70.71464296098566,1,18.409761,True,True,1.430511474609375e-06
3615,70.73299401497934,1,18.311634,True,True,1.430511474609375e-06
3616,70.75144725001883,1,18.4115,True,True,1.430511474609375e-06
3617,70.77007510897238,1,18.578884,True,True,1.430511474609375e-06
3618,70.78857428801712,1,18.448658,True,True,1.430511474609375e-06
3619,70.80710168299265,1,18.481163,True,True,1.430511474609375e-06
3620,70.82653692399617,1,19.394184,True,True,1.430511474609375e-06
3621,70.85066282498883,1,24.079168,True,True,1.430511474609375e-06
3622,70.87869524001144,1,27.91303,True,True,1.430511474609375e-06
3623,70.89771134400507,1,18.900841,True,True,1.430511474609375e-06
3624,70.91654634597944,1,18.735796,True,True,1.430511474609375e-06
3625,70.93530056200689,1,18.657312,True,True,1.430511474609375e-06
3626,70.95386069797678,1,18.487626,True,True,1.430511474609375e-06
3627,70.97216621099506,1,18.257177,True,True,1.430511474609375e-06
3628,70.99068695597816,1,18.476144,True,True,1.430511474609375e-06
3629,71.00897053797962,1,18.239836,True,True,1.430511474609375e-06
3630,71.0273084199871,1,18.296213,True,True,1.430511474609375e-06
3631,71.04572328698123,1,18.369934,True,True,1.430511474609375e-06
3632,71.0640229069977,1,18.256727,True,True,1.430511474609375e-06
3633,71.08238593197893,1,18.3246,True,True,1.430511474609375e-06
3634,71.1004396029748,1,18.010354,True,True,1.430511474609375e-06
3635,71.11885554197943,1,18.373016,True,True,1.430511474609375e-06
3636,71.13715121598216,1,18.25558,True,True,1.430511474609375e-06
3637,71.1552493859781,1,18.054692,True,True,1.430511474609375e-06
3638,71.17366705799941,1,18.376948,True,True,1.430511474609375e-06
3639,71.19198887102539,1,18.281872,True,True,1.430511474609375e-06
3640,71.21065443800762,1,18.62352,True,True,1.430511474609375e-06
3641,71.22908571799053,1,18.376276,True,True,1.430511474609375e-06
3642,71.24765996297356,1,18.530765,True,True,1.430511474609375e-06
3643,71.2661717379815,1,18.469886,True,True,1.430511474609375e-06
3644,71.28454619500553,1,18.331851,True,True,1.430511474609375e-06
3645,71.30341851100093,1,18.831084,True,True,1.430511474609375e-06
3646,71.32180326699745,1,18.345292,True,True,1.430511474609375e-06
3647,71.34020272601629,1,18.355858,True,True,1.430511474609375e-06
3648,71.35871421697084,1,18.462383,True,True,1.430511474609375e-06
3649,71.37717355997302,1,18.409862,True,True,1.430511474609375e-06
3650,71.40588201099308,1,28.639083,True,True,1.430511474609375e-06
3651,71.4264849529718,1,20.48768,True,True,1.430511474609375e-06
3652,71.44514594902284,1,18.587915,True,True,1.430511474609375e-06
3653,71.46352549601579,1,18.328214,True,True,1.430511474609375e-06
3654,71.48252386797685,1,18.94541,True,True,1.430511474609375e-06
3655,71.50110758998198,1,18.535982,True,True,1.430511474609375e-06
3656,71.51982525899075,1,18.638215,True,True,1.430511474609375e-06
3657,71.53852644201834,1,18.601051,True,True,1.430511474609375e-06
3658,71.55723310698522,1,18.642317,True,True,1.430511474609375e-06
3659,71.57821567897918,1,20.93517,True,True,1.430511474609375e-06
3660,71.6044807669823,1,26.194936,True,True,1.430511474609375e-06
3661,71.62305224797456,1,18.5021,True,True,1.430511474609375e-06
3662,71.64165605598828,1,18.548677,True,True,1.430511474609375e-06
3663,71.6602582129999,1,18.551197,True,True,1.430511474609375e-06
3664,71.67873549001524,1,18.431719,True,True,1.430511474609375e-06
3665,71.6971932000015,1,18.404232,True,True,1.430511474609375e-06
3666,71.71568984899204,1,18.450541,True,True,1.430511474609375e-06
3667,71.73455910902703,1,18.795027,True,True,1.430511474609375e-06
3668,71.75305595202371,1,18.435531,True,True,1.430511474609375e-06
3669,71.7716372020077,1,18.527288,True,True,1.430511474609375e-06
3670,71.79030436702305,1,18.591241,True,True,1.430511474609375e-06
3671,71.80889435997233,1,18.535359,True,True,1.430511474609375e-06
3672,71.82727782399161,1,18.33632,True,True,1.430511474609375e-06
3673,71.84604902000865,1,18.731719,True,True,1.430511474609375e-06
3674,71.86703610297991,1,20.939264,True,True,1.430511474609375e-06
3675,71.8938498069765,1,26.739876,True,True,1.430511474609375e-06
3676,71.91398112900788,1,20.054124,True,True,1.430511474609375e-06
3677,71.93240599799901,1,18.369461,True,True,1.430511474609375e-06
3678,71.95104454999091,1,18.596448,True,True,1.430511474609375e-06
3679,71.96935336099705,1,18.268656,True,True,1.430511474609375e-06
3680,71.98775482201017,1,18.359606,True,True,1.430511474609375e-06
3681,72.00619740399998,1,18.397183,True,True,1.430511474609375e-06
3682,72.02462591201765,1,18.389837,True,True,1.430511474609375e-06
3683,72.04289272497408,1,18.226668,True,True,1.430511474609375e-06
3684,72.06119818502339,1,18.263679,True,True,1.430511474609375e-06
3685,72.07947772997431,1,18.239545,True,True,1.430511474609375e-06
3686,72.09793795598671,1,18.41907,True,True,1.430511474609375e-06
3687,72.11652226699516,1,18.529081,True,True,1.430511474609375e-06
3688,72.13492722297087,1,18.359709,True,True,1.430511474609375e-06
3689,72.15325950901024,1,18.29173,True,True,1.430511474609375e-06
3690,72.17164828302339,1,18.347249,True,True,1.430511474609375e-06
3691,72.19017652998446,1,18.488465,True,True,1.430511474609375e-06
3692,72.20868122397223,1,18.464463,True,True,1.430511474609375e-06
3693,72.22702686599223,1,18.29333,True,True,1.430511474609375e-06
3694,72.25196720799431,1,24.891281,True,True,1.430511474609375e-06
3695,72.27412266097963,1,22.074141,True,True,1.430511474609375e-06
3696,72.29257426701952,1,18.382688,True,True,1.430511474609375e-06
3697,72.31081350200111,1,18.194232,True,True,1.430511474609375e-06
3698,72.32913417002419,1,18.266807,True,True,1.430511474609375e-06
3699,72.34763647202635,1,18.458526,True,True,1.430511474609375e-06
3700,72.36619865999091,1,18.512548,True,True,1.430511474609375e-06
3701,72.38774257799378,1,21.491091,True,True,1.430511474609375e-06
3702,72.41481958597433,1,26.995758,True,True,1.430511474609375e-06
3703,72.43345026602037,1,18.54823,True,True,1.430511474609375e-06
3704,72.45211577997543,1,18.590524,True,True,1.430511474609375e-06
3705,72.47056230599992,1,18.386569,True,True,1.430511474609375e-06
3706,72.48882898798911,1,18.217203,True,True,1.430511474609375e-06
3707,72.50733322900487,1,18.456564,True,True,1.430511474609375e-06
3708,72.52565306401812,1,18.27023,True,True,1.430511474609375e-06
3709,72.54408932599472,1,18.391369,True,True,1.430511474609375e-06
3710,72.56303496402688,1,18.89855,True,True,1.430511474609375e-06
3711,72.58154475101037,1,18.468475,True,True,1.430511474609375e-06
3712,72.60008573601954,1,18.496939,True,True,1.430511474609375e-06
3713,72.61855878698407,1,18.425827,True,True,1.430511474609375e-06
3714,72.63705042202491,1,18.424528,True,True,1.430511474609375e-06
3715,72.65537370200036,1,18.273382,True,True,1.430511474609375e-06
3716,72.673772730981,1,18.353596,True,True,1.430511474609375e-06
3717,72.69214132399065,1,18.330076,True,True,1.430511474609375e-06
3718,72.71044685598463,1,18.26738,True,True,1.430511474609375e-06
3719,72.72859988402342,1,18.108557,True,True,1.430511474609375e-06
3720,72.74671385798138,1,18.075367,True,True,1.430511474609375e-06
3721,72.76529277901864,1,18.537373,True,True,1.430511474609375e-06
3722,72.78356921998784,1,18.225183,True,True,1.430511474609375e-06
3723,72.80180177098373,1,18.183484,True,True,1.430511474609375e-06
3724,72.82034397101961,1,18.49707,True,True,1.430511474609375e-06
3725,72.83864190301392,1,18.25866,True,True,1.430511474609375e-06
3726,72.85700232797535,1,18.319321,True,True,1.430511474609375e-06
3727,72.8851715310011,1,28.127485,True,True,1.430511474609375e-06
3728,72.91522750299191,1,29.955086,True,True,1.430511474609375e-06
3729,72.93398045498179,1,18.673852,True,True,1.430511474609375e-06
3730,72.95260097400751,1,18.56897,True,True,1.430511474609375e-06
3731,72.97160877799615,1,18.957817,True,True,1.430511474609375e-06
3732,72.98998751601903,1,18.328988,True,True,1.430511474609375e-06
3733,73.00840259197867,1,18.372177,True,True,1.430511474609375e-06
3734,73.0268987659947,1,18.453744,True,True,1.430511474609375e-06
3735,73.04548171797069,1,18.540587,True,True,1.430511474609375e-06
3736,73.06398682901636,1,18.460844,True,True,1.430511474609375e-06
3737,73.08236944198143,1,18.341443,True,True,1.430511474609375e-06
3738,73.10140821500681,1,18.993792,True,True,1.430511474609375e-06
3739,73.11988130200189,1,18.426008,True,True,1.430511474609375e-06
3740,73.13824054901488,1,18.320965,True,True,1.430511474609375e-06
3741,73.15678126300918,1,18.502845,True,True,1.430511474609375e-06
3742,73.17529326002114,1,18.468956,True,True,1.430511474609375e-06
3743,73.19369729497703,1,18.361039,True,True,1.430511474609375e-06
3744,73.21208522800589,1,18.343857,True,True,1.430511474609375e-06
3745,73.23050949099706,1,18.37504,True,True,1.430511474609375e-06
3746,73.24916828097776,1,18.614667,True,True,1.430511474609375e-06
3747,73.26765379897552,1,18.415498,True,True,1.430511474609375e-06
3748,73.2864836389781,1,18.770513,True,True,1.430511474609375e-06
3749,73.30491632100893,1,18.381763,True,True,1.430511474609375e-06
3750,73.32338962401263,1,18.423091,True,True,1.430511474609375e-06
3751,73.34210780402645,1,18.667613,True,True,1.430511474609375e-06
3752,73.36063289997401,1,18.476894,True,True,1.430511474609375e-06
3753,73.38120095100021,1,20.513249,True,True,1.430511474609375e-06
3754,73.40789060899988,1,26.612301,True,True,1.430511474609375e-06
3755,73.42802612297237,1,20.075764,True,True,1.430511474609375e-06
3756,73.44654115702724,1,18.457085,True,True,1.430511474609375e-06
3757,73.46532878500875,1,18.734775,True,True,1.430511474609375e-06
3758,73.48362273600651,1,18.243703,True,True,1.430511474609375e-06
3759,73.50217555800918,1,18.505402,True,True,1.430511474609375e-06
3760,73.52077213302255,1,18.505135,True,True,1.430511474609375e-06
3761,73.53928097098833,1,18.447417,True,True,1.430511474609375e-06
3762,73.55768524098676,1,18.353824,True,True,1.430511474609375e-06
3763,73.5761121630203,1,18.384366,True,True,1.430511474609375e-06
3764,73.59451701998478,1,18.360563,True,True,1.430511474609375e-06
3765,73.61309902800713,1,18.523984,True,True,1.430511474609375e-06
3766,73.63157553802012,1,18.422849,True,True,1.430511474609375e-06
3767,73.64997374097584,1,18.349717,True,True,1.430511474609375e-06
3768,73.66843358101323,1,18.414964,True,True,1.430511474609375e-06
3769,73.68683083099313,1,18.354995,True,True,1.430511474609375e-06
3770,73.70539416698739,1,18.520924,True,True,1.430511474609375e-06
3771,73.72403286502231,1,18.565795,True,True,1.430511474609375e-06
3772,73.74994495802093,1,25.82617,True,True,1.430511474609375e-06
3773,73.77168642001925,1,21.671665,True,True,1.430511474609375e-06
3774,73.79053378297249,1,18.765752,True,True,1.430511474609375e-06
3775,73.80902296100976,1,18.441591,True,True,1.430511474609375e-06
3776,73.82757857901743,1,18.511196,True,True,1.430511474609375e-06
3777,73.84640149102779,1,18.732445,True,True,1.430511474609375e-06
3778,73.8674426979851,1,20.955653,True,True,1.430511474609375e-06
3779,73.8958519709995,1,28.333567,True,True,1.430511474609375e-06
3780,73.91453198797535,1,18.58837,True,True,1.430511474609375e-06
3781,73.93297465099022,1,18.384001,True,True,1.430511474609375e-06
3782,73.95139910298167,1,18.374405,True,True,1.430511474609375e-06
3783,73.9699080149876,1,18.46008,True,True,1.430511474609375e-06
3784,73.98834790097317,1,18.399114,True,True,1.430511474609375e-06
3785,74.00678678700933,1,18.39255,True,True,1.430511474609375e-06
3786,74.02570922998711,1,18.867588,True,True,1.430511474609375e-06
3787,74.0440489819739,1,18.296178,True,True,1.430511474609375e-06
3788,74.06244653899921,1,18.350611,True,True,1.430511474609375e-06
3789,74.08083101402735,1,18.341603,True,True,1.430511474609375e-06
3790,74.09923001599964,1,18.355839,True,True,1.430511474609375e-06
3791,74.11757147300523,1,18.303457,True,True,1.430511474609375e-06
3792,74.13599125097971,1,18.378338,True,True,1.430511474609375e-06
3793,74.15435942297336,1,18.33136,True,True,1.430511474609375e-06
3794,74.17275088099996,1,18.346214,True,True,1.430511474609375e-06
3795,74.19116271001985,1,18.369354,True,True,1.430511474609375e-06
3796,74.20979130500928,1,18.582106,True,True,1.430511474609375e-06
3797,74.22817719698651,1,18.332287,True,True,1.430511474609375e-06
3798,74.2466489590006,1,18.422149,True,True,1.430511474609375e-06
3799,74.26523021201137,1,18.539072,True,True,1.430511474609375e-06
3800,74.28364881500602,1,18.370083,True,True,1.430511474609375e-06
3801,74.3020199839957,1,18.323314,True,True,1.430511474609375e-06
3802,74.32045759097673,1,18.392067,True,True,1.430511474609375e-06
3803,74.33882298599929,1,18.322764,True,True,1.430511474609375e-06
3804,74.35712339601014,1,18.255933,True,True,1.430511474609375e-06
3805,74.37557741702767,1,18.405622,True,True,1.430511474609375e-06
3806,74.40391883900156,1,28.291548,True,True,1.430511474609375e-06
3807,74.42472489102511,1,20.68998,True,True,1.430511474609375e-06
3808,74.44348952698056,1,18.689874,True,True,1.430511474609375e-06
3809,74.4618607389857,1,18.317957,True,True,1.430511474609375e-06
3810,74.48023373901378,1,18.325414,True,True,1.430511474609375e-06
3811,74.49861160997534,1,18.333553,True,True,1.430511474609375e-06
3812,74.5167728040251,1,18.115393,True,True,1.430511474609375e-06
3813,74.5355588599923,1,18.735619,True,True,1.430511474609375e-06
3814,74.55393353902036,1,18.323222,True,True,1.430511474609375e-06
3815,74.58444604300894,1,30.46619,True,True,1.430511474609375e-06
3816,74.60617317102151,1,21.629418,True,True,1.430511474609375e-06
3817,74.62484951101942,1,18.599221,True,True,1.430511474609375e-06
3818,74.64349643501919,1,18.593218,True,True,1.430511474609375e-06
3819,74.66209534899099,1,18.552567,True,True,1.430511474609375e-06
3820,74.68056955200154,1,18.425923,True,True,1.430511474609375e-06
3821,74.69893423898611,1,18.323395,True,True,1.430511474609375e-06
3822,74.7174265019712,1,18.449135,True,True,1.430511474609375e-06
3823,74.73576614900958,1,18.299315,True,True,1.430511474609375e-06
3824,74.754113633011,1,18.30893,True,True,1.430511474609375e-06
3825,74.77312116301619,1,18.95849,True,True,1.430511474609375e-06
3826,74.79174845002126,1,18.565388,True,True,1.430511474609375e-06
3827,74.81025010597659,1,18.446927,True,True,1.430511474609375e-06
3828,74.82881807297235,1,18.519878,True,True,1.430511474609375e-06
3829,74.84730374702485,1,18.439613,True,True,1.430511474609375e-06
3830,74.86574454401853,1,18.399124,True,True,1.430511474609375e-06
3831,74.89088593499037,1,25.092946,True,True,1.430511474609375e-06
3832,74.914419319015,1,23.418922,True,True,1.430511474609375e-06
3833,74.93304722901667,1,18.56,True,True,1.430511474609375e-06
3834,74.95164696598658,1,18.538407,True,True,1.430511474609375e-06
3835,74.9700154029997,1,18.322416,True,True,1.430511474609375e-06
3836,74.98837679100689,1,18.318104,True,True,1.430511474609375e-06
3837,75.0069311200059,1,18.513035,True,True,1.430511474609375e-06
3838,75.02524029702181,1,18.266949,True,True,1.430511474609375e-06
3839,75.04360689898022,1,18.325012,True,True,1.430511474609375e-06
3840,75.06228250998538,1,18.631936,True,True,1.430511474609375e-06
3841,75.08037660497939,1,18.054912,True,True,1.430511474609375e-06
3842,75.098823954002,1,18.406889,True,True,1.430511474609375e-06
3843,75.11719906097278,1,18.324612,True,True,1.430511474609375e-06
3844,75.13565518998075,1,18.414517,True,True,1.430511474609375e-06
3845,75.15373165899655,1,18.038246,True,True,1.430511474609375e-06
3846,75.17187421099516,1,18.100528,True,True,1.430511474609375e-06
3847,75.19043758802582,1,18.517584,True,True,1.430511474609375e-06
3848,75.20887831697473,1,18.399143,True,True,1.430511474609375e-06
3849,75.227333421004,1,18.406493,True,True,1.430511474609375e-06
3850,75.24556962697534,1,18.182526,True,True,1.430511474609375e-06
3851,75.26449670997681,1,18.881652,True,True,1.430511474609375e-06
3852,75.28268704900984,1,18.14538,True,True,1.430511474609375e-06
3853,75.30104544502683,1,18.31106,True,True,1.430511474609375e-06
3854,75.31952518597245,1,18.43616,True,True,1.430511474609375e-06
3855,75.337869074021,1,18.295968,True,True,1.430511474609375e-06
3856,75.35639799502678,1,18.486755,True,True,1.430511474609375e-06
3857,75.37504041800275,1,18.597409,True,True,1.430511474609375e-06
3858,75.40321038797265,1,28.111349,True,True,1.430511474609375e-06
3859,75.42417054099496,1,20.844582,True,True,1.430511474609375e-06
3860,75.44288135302486,1,18.645384,True,True,1.430511474609375e-06
3861,75.46137030300451,1,18.427628,True,True,1.430511474609375e-06
3862,75.47977467800956,1,18.353633,True,True,1.430511474609375e-06
3863,75.49820994999027,1,18.391801,True,True,1.430511474609375e-06
3864,75.51654796901857,1,18.296542,True,True,1.430511474609375e-06
3865,75.53489250701386,1,18.296036,True,True,1.430511474609375e-06
3866,75.55345851997845,1,18.519768,True,True,1.430511474609375e-06
3867,75.57190307998098,1,18.397547,True,True,1.430511474609375e-06
3868,75.59033999900566,1,18.390301,True,True,1.430511474609375e-06
3869,75.60915405501146,1,18.771968,True,True,1.430511474609375e-06
3870,75.62782937497832,1,18.630162,True,True,1.430511474609375e-06
3871,75.64642594801262,1,18.516316,True,True,1.430511474609375e-06
3872,75.6648873629747,1,18.408084,True,True,1.430511474609375e-06
3873,75.68353806901723,1,18.604698,True,True,1.430511474609375e-06
3874,75.70192746899556,1,18.345544,True,True,1.430511474609375e-06
3875,75.72026807698421,1,18.300232,True,True,1.430511474609375e-06
3876,75.73915588797536,1,18.848417,True,True,1.430511474609375e-06
3877,75.75751294702059,1,18.313384,True,True,1.430511474609375e-06
3878,75.7761595720076,1,18.59767,True,True,1.430511474609375e-06
3879,75.79469503898872,1,18.479584,True,True,1.430511474609375e-06
3880,75.81315437500598,1,18.416109,True,True,1.430511474609375e-06
3881,75.83151080901735,1,18.314416,True,True,1.430511474609375e-06
3882,75.8496914539719,1,18.141166,True,True,1.430511474609375e-06
3883,75.86805278097745,1,18.316157,True,True,1.430511474609375e-06
3884,75.8924105539918,1,24.308333,True,True,1.430511474609375e-06
3885,75.91638025501743,1,23.850072,True,True,1.430511474609375e-06
3886,75.93520217697369,1,18.730418,True,True,1.430511474609375e-06
3887,75.95362064102665,1,18.365164,True,True,1.430511474609375e-06
3888,75.9719667879981,1,18.300637,True,True,1.430511474609375e-06
3889,75.99047904298641,1,18.470866,True,True,1.430511474609375e-06
3890,76.00885922298767,1,18.33949,True,True,1.430511474609375e-06
3891,76.02724975399906,1,18.348499,True,True,1.430511474609375e-06
3892,76.0455023010145,1,18.189606,True,True,1.430511474609375e-06
3893,76.06382654700428,1,18.273053,True,True,1.430511474609375e-06
3894,76.08227507100673,1,18.406121,True,True,1.430511474609375e-06
3895,76.10062701901188,1,18.30813,True,True,1.430511474609375e-06
3896,76.11898393201409,1,18.318879,True,True,1.430511474609375e-06
3897,76.13725050102221,1,18.22569,True,True,1.430511474609375e-06
3898,76.15536294301273,1,18.070529,True,True,1.430511474609375e-06
3899,76.17362309800228,1,18.219539,True,True,1.430511474609375e-06
3900,76.19204801000888,1,18.379692,True,True,1.430511474609375e-06
3901,76.21027322701411,1,18.174763,True,True,1.430511474609375e-06
3902,76.22909077699296,1,18.769089,True,True,1.430511474609375e-06
3903,76.24759902397636,1,18.457762,True,True,1.430511474609375e-06
3904,76.26615990698338,1,18.486604,True,True,1.430511474609375e-06
3905,76.28455090802163,1,18.337733,True,True,1.430511474609375e-06
3906,76.30307532497682,1,18.47637,True,True,1.430511474609375e-06
3907,76.32148458401207,1,18.366836,True,True,1.430511474609375e-06
3908,76.33983855700353,1,18.304793,True,True,1.430511474609375e-06
3909,76.35805544798495,1,18.173084,True,True,1.430511474609375e-06
3910,76.3768472839729,1,18.730448,True,True,1.430511474609375e-06
3911,76.40516427101102,1,28.204593,True,True,1.430511474609375e-06
3912,76.42515540798195,1,19.881673,True,True,1.430511474609375e-06
3913,76.44373852602439,1,18.521155,True,True,1.430511474609375e-06
3914,76.46241753001232,1,18.628298,True,True,1.430511474609375e-06
3915,76.48058604897233,1,18.125681,True,True,1.430511474609375e-06
3916,76.50199030002113,1,21.346327,True,True,1.430511474609375e-06
3917,76.52517336898018,1,23.063515,True,True,1.430511474609375e-06
3918,76.54684025997994,1,21.593734,True,True,1.430511474609375e-06
3919,76.56534149200888,1,18.446776,True,True,1.430511474609375e-06
3920,76.58375706098741,1,18.365524,True,True,1.430511474609375e-06
3921,76.602183023002,1,18.382669,True,True,1.430511474609375e-06
3922,76.62060485500842,1,18.378171,True,True,1.430511474609375e-06
3923,76.63901479798369,1,18.360992,True,True,1.430511474609375e-06
3924,76.65736290800851,1,18.302288,True,True,1.430511474609375e-06
3925,76.67636163101997,1,18.953996,True,True,1.430511474609375e-06
3926,76.69475924398284,1,18.358021,True,True,1.430511474609375e-06
3927,76.71311337698717,1,18.316526,True,True,1.430511474609375e-06
3928,76.73157966998406,1,18.42497,True,True,1.430511474609375e-06
3929,76.74994068901287,1,18.322766,True,True,1.430511474609375e-06
3930,76.76846997498069,1,18.490308,True,True,1.430511474609375e-06
3931,76.7869777160231,1,18.453459,True,True,1.430511474609375e-06
3932,76.80543263797881,1,18.407254,True,True,1.430511474609375e-06
3933,76.8238349580206,1,18.361769,True,True,1.430511474609375e-06
3934,76.84210722497664,1,18.235066,True,True,1.430511474609375e-06
3935,76.86032460199203,1,18.176924,True,True,1.430511474609375e-06
3936,76.8787271240144,1,18.360271,True,True,1.430511474609375e-06
3937,76.90869170200313,1,29.909471,True,True,1.430511474609375e-06
3938,76.92781412700424,1,19.020359,True,True,1.430511474609375e-06
3939,76.94631330401171,1,18.438311,True,True,1.430511474609375e-06
3940,76.96476285497192,1,18.408085,True,True,1.430511474609375e-06
3941,76.98306645802222,1,18.260029,True,True,1.430511474609375e-06
3942,77.00163228501333,1,18.523304,True,True,1.430511474609375e-06
3943,77.02011314599076,1,18.441924,True,True,1.430511474609375e-06
3944,77.03842668799916,1,18.270571,True,True,1.430511474609375e-06
3945,77.0568756290013,1,18.411043,True,True,1.430511474609375e-06
3946,77.0752600239939,1,18.346097,True,True,1.430511474609375e-06
3947,77.09365470497869,1,18.356806,True,True,1.430511474609375e-06
3948,77.11233835999155,1,18.640094,True,True,1.430511474609375e-06
3949,77.13068877899786,1,18.308211,True,True,1.430511474609375e-06
3950,77.14916023600381,1,18.430067,True,True,1.430511474609375e-06
3951,77.16747846698854,1,18.2778,True,True,1.430511474609375e-06
3952,77.18591219297377,1,18.394363,True,True,1.430511474609375e-06
3953,77.20424577197991,1,18.295104,True,True,1.430511474609375e-06
3954,77.22271332400851,1,18.425387,True,True,1.430511474609375e-06
3955,77.24162227002671,1,18.848432,True,True,1.430511474609375e-06
3956,77.25999485101784,1,18.326564,True,True,1.430511474609375e-06
3957,77.27846827101894,1,18.427123,True,True,1.430511474609375e-06
3958,77.29708618798759,1,18.570817,True,True,1.430511474609375e-06
3959,77.32212570897536,1,24.997381,True,True,1.430511474609375e-06
3960,77.34074884600705,1,18.526337,True,True,1.430511474609375e-06
3961,77.35956500098109,1,18.74801,True,True,1.430511474609375e-06
3962,77.39064103399869,1,31.007759,True,True,1.430511474609375e-06
3963,77.41474715800723,1,23.984699,True,True,1.430511474609375e-06
3964,77.43341351900017,1,18.601586,True,True,1.430511474609375e-06
3965,77.45200565399136,1,18.516126,True,True,1.430511474609375e-06
3966,77.47658919700189,1,24.508932,True,True,1.430511474609375e-06
3967,77.4956008719746,1,18.957874,True,True,1.430511474609375e-06
3968,77.51408307801466,1,18.429602,True,True,1.430511474609375e-06
3969,77.53257705399301,1,18.444208,True,True,1.430511474609375e-06
3970,77.55772010498913,1,25.090984,True,True,1.430511474609375e-06
3971,77.57633619598346,1,18.52532,True,True,1.430511474609375e-06
3972,77.5949472070206,1,18.552876,True,True,1.430511474609375e-06
3973,77.61960274900775,1,24.599178,True,True,1.430511474609375e-06
3974,77.63853319402551,1,18.843295,True,True,1.430511474609375e-06
3975,77.65680125699146,1,18.205621,True,True,1.430511474609375e-06
3976,77.67513238801621,1,18.281671,True,True,1.430511474609375e-06
3977,77.69365633197594,1,18.479277,True,True,1.430511474609375e-06
3978,77.71935671399115,1,25.658307,True,True,1.430511474609375e-06
3979,77.738179151027,1,18.721076,True,True,1.430511474609375e-06
3980,77.75664846802829,1,18.404246,True,True,1.430511474609375e-06
3981,77.77517423400423,1,18.470115,True,True,1.430511474609375e-06
3982,77.80023774097208,1,24.980497,True,True,1.430511474609375e-06
3983,77.81929413997568,1,18.991428,True,True,1.430511474609375e-06
3984,77.83777145599015,1,18.427664,True,True,1.430511474609375e-06
3985,77.86103398998966,1,23.215808,True,True,1.430511474609375e-06
3986,77.88147731201025,1,20.394163,True,True,1.430511474609375e-06
3987,77.90337863599416,1,21.849616,True,True,1.430511474609375e-06
3988,77.93107400398003,1,27.599752,True,True,1.430511474609375e-06
3989,77.94967189902673,1,18.523754,True,True,1.430511474609375e-06
3990,77.97445388900815,1,24.727731,True,True,1.430511474609375e-06
3991,77.993536272028,1,19.033311,True,True,1.430511474609375e-06
3992,78.01204152300488,1,18.455648,True,True,1.430511474609375e-06
3993,78.03081595501862,1,18.717994,True,True,1.430511474609375e-06
3994,78.04933773801895,1,18.47099,True,True,1.430511474609375e-06
3995,78.07415554398904,1,24.763938,True,True,1.430511474609375e-06
3996,78.09264046000317,1,18.421417,True,True,1.430511474609375e-06
3997,78.11810966202756,1,25.419505,True,True,1.430511474609375e-06
3998,78.13671008497477,1,18.516091,True,True,1.430511474609375e-06
3999,78.15515281597618,1,18.38531,True,True,1.430511474609375e-06
4000,78.17393876001006,1,18.741146,True,True,1.430511474609375e-06
4001,78.20261097798357,1,28.610682,True,True,1.430511474609375e-06
4002,78.2258468560176,1,23.171582,True,True,1.430511474609375e-06
4003,78.24641632597195,1,20.495744,True,True,1.430511474609375e-06
4004,78.26499474502634,1,18.517959,True,True,1.430511474609375e-06
4005,78.28370079601882,1,18.65563,True,True,1.430511474609375e-06
4006,78.30902511900058,1,25.254184,True,True,1.430511474609375e-06
4007,78.32768686697818,1,18.585684,True,True,1.430511474609375e-06
4008,78.34664230601629,1,18.893718,True,True,1.430511474609375e-06
4009,78.37143728299998,1,24.74392,True,True,1.430511474609375e-06
4010,78.40248277201317,1,30.951597,True,True,1.430511474609375e-06
4011,78.42114274401683,1,18.550061,True,True,1.430511474609375e-06
4012,78.43964404298458,1,18.440179,True,True,1.430511474609375e-06
4013,78.46340913599124,1,23.708692,True,True,1.430511474609375e-06
4014,78.48378763301298,1,20.300913,True,True,1.430511474609375e-06
4015,78.50219857698539,1,18.348597,True,True,1.430511474609375e-06
4016,78.52067050198093,1,18.420808,True,True,1.430511474609375e-06
4017,78.53923604101874,1,18.519096,True,True,1.430511474609375e-06
4018,78.56240732397418,1,23.12174,True,True,1.430511474609375e-06
4019,78.5830829750048,1,20.6042,True,True,1.430511474609375e-06
4020,78.60619531502016,1,23.055217,True,True,1.430511474609375e-06
4021,78.62676497199573,1,20.497635,True,True,1.430511474609375e-06
4022,78.64511464297539,1,18.286759,True,True,1.430511474609375e-06
4023,78.66350979497656,1,18.342721,True,True,1.430511474609375e-06
4024,78.68207074701786,1,18.506991,True,True,1.430511474609375e-06
4025,78.70100483600982,1,18.888893,True,True,1.430511474609375e-06
4026,78.7263538740226,1,25.275711,True,True,1.430511474609375e-06
4027,78.74500226700911,1,18.543023,True,True,1.430511474609375e-06
4028,78.76353983400622,1,18.476326,True,True,1.430511474609375e-06
4029,78.78215881797951,1,18.557864,True,True,1.430511474609375e-06
4030,78.80720097402809,1,24.994303,True,True,1.430511474609375e-06
4031,78.8258574840147,1,18.584413,True,True,1.430511474609375e-06
4032,78.84688353800448,1,20.937442,True,True,1.430511474609375e-06
4033,78.87855642498471,1,31.561123,True,True,1.430511474609375e-06
4034,78.89961388899246,1,20.98067,True,True,1.430511474609375e-06
4035,78.9278873919975,1,28.20364,True,True,1.430511474609375e-06
4036,78.94646542798728,1,18.501412,True,True,1.430511474609375e-06
4037,78.97158717899583,1,25.066609,True,True,1.430511474609375e-06
4038,78.99060953699518,1,18.948475,True,True,1.430511474609375e-06
4039,79.00898629601579,1,18.324818,True,True,1.430511474609375e-06
4040,79.02752840198809,1,18.496707,True,True,1.430511474609375e-06
4041,79.05330578499706,1,25.73316,True,True,1.430511474609375e-06
4042,79.07176187902223,1,18.382702,True,True,1.430511474609375e-06
4043,79.09017619799124,1,18.356101,True,True,1.430511474609375e-06
4044,79.11360464402242,1,23.383199,True,True,1.430511474609375e-06
4045,79.13369338097982,1,20.024619,True,True,1.430511474609375e-06
4046,79.1527520630043,1,19.007057,True,True,1.430511474609375e-06
4047,79.17121944797691,1,18.422172,True,True,1.430511474609375e-06
4048,79.18978350999532,1,18.515385,True,True,1.430511474609375e-06
4049,79.21290156600298,1,23.075749,True,True,1.430511474609375e-06
4050,79.23386164399562,1,20.884373,True,True,1.430511474609375e-06
4051,79.25296502601122,1,19.046267,True,True,1.430511474609375e-06
4052,79.27135535801062,1,18.340121,True,True,1.430511474609375e-06
4053,79.294662514003,1,23.258006,True,True,1.430511474609375e-06
4054,79.32151302602142,1,26.766311,True,True,1.430511474609375e-06
4055,79.34039878600743,1,18.775442,True,True,1.430511474609375e-06
4056,79.36363270098809,1,23.168912,True,True,1.430511474609375e-06
4057,79.38715987402247,1,23.443165,True,True,1.430511474609375e-06
4058,79.41502464102814,1,27.748523,True,True,1.430511474609375e-06
4059,79.43372949800687,1,18.608143,True,True,1.430511474609375e-06
4060,79.4565996369929,1,22.803112,True,True,1.430511474609375e-06
4061,79.4773856989923,1,20.711204,True,True,1.430511474609375e-06
4062,79.50374962802744,1,26.3071,True,True,1.430511474609375e-06
4063,79.52587240701541,1,22.032252,True,True,1.430511474609375e-06
4064,79.55052034201799,1,24.579123,True,True,1.430511474609375e-06
4065,79.56967929401435,1,19.068523,True,True,1.430511474609375e-06
4066,79.58816819998901,1,18.427314,True,True,1.430511474609375e-06
4067,79.61145340802614,1,23.232073,True,True,1.430511474609375e-06
4068,79.63255033601308,1,20.999458,True,True,1.430511474609375e-06
4069,79.6509894800256,1,18.374846,True,True,1.430511474609375e-06
4070,79.66946504201042,1,18.425847,True,True,1.430511474609375e-06
4071,79.68783310998697,1,18.321341,True,True,1.430511474609375e-06
4072,79.7107532810187,1,22.877153,True,True,1.430511474609375e-06
4073,79.73120427399408,1,20.388038,True,True,1.430511474609375e-06
4074,79.7496990559739,1,18.445766,True,True,1.430511474609375e-06
4075,79.76823198399507,1,18.483313,True,True,1.430511474609375e-06
4076,79.80050817300798,1,32.216731,True,True,1.430511474609375e-06
4077,79.8194442979875,1,18.809271,True,True,1.430511474609375e-06
4078,79.83789673901629,1,18.384717,True,True,1.430511474609375e-06
4079,79.86132845102111,1,23.376036,True,True,1.430511474609375e-06
4080,79.88234592502704,1,20.956956,True,True,1.430511474609375e-06
4081,79.90439400402829,1,21.984723,True,True,1.430511474609375e-06
4082,79.93129615602084,1,26.78208,True,True,1.430511474609375e-06
4083,79.94999003398698,1,18.612124,True,True,1.430511474609375e-06
4084,79.9685674830107,1,18.507804,True,True,1.430511474609375e-06
4085,79.99347275297623,1,24.843218,True,True,1.430511474609375e-06
4086,80.01183285698062,1,18.305156,True,True,1.430511474609375e-06
4087,80.03039841301506,1,18.513204,True,True,1.430511474609375e-06
4088,80.0554524899926,1,25.007998,True,True,1.430511474609375e-06
4089,80.0743842649972,1,18.866657,True,True,1.430511474609375e-06
4090,80.09302564099198,1,18.587052,True,True,1.430511474609375e-06
4091,80.11776478297543,1,24.690559,True,True,1.430511474609375e-06
4092,80.13631363102468,1,18.482031,True,True,1.430511474609375e-06
4093,80.15508638200117,1,18.719497,True,True,1.430511474609375e-06
4094,80.17372940300265,1,18.597931,True,True,1.430511474609375e-06
4095,80.19206552399555,1,18.292673,True,True,1.430511474609375e-06
4096,80.21694344299613,1,24.829614,True,True,1.430511474609375e-06
4097,80.23547158797737,1,18.462622,True,True,1.430511474609375e-06
4098,80.254144645005,1,18.618792,True,True,1.430511474609375e-06
4099,80.2726702230284,1,18.47825,True,True,1.430511474609375e-06
4100,80.29547559499042,1,22.762114,True,True,1.430511474609375e-06
4101,80.31627703201957,1,20.728398,True,True,1.430511474609375e-06
4102,80.3372797750053,1,20.947496,True,True,1.430511474609375e-06
4103,80.37102059798781,1,33.657069,True,True,1.430511474609375e-06
4104,80.40134878898971,1,30.203611,True,True,1.430511474609375e-06
4105,80.42003898997791,1,18.574326,True,True,1.430511474609375e-06
4106,80.43874900101218,1,18.63773,True,True,1.430511474609375e-06
4107,80.46195559500484,1,23.144148,True,True,1.430511474609375e-06
4108,80.48264504800318,1,20.610499,True,True,1.430511474609375e-06
4109,80.50111529498827,1,18.410754,True,True,1.430511474609375e-06
4110,80.51968905102694,1,18.522876,True,True,1.430511474609375e-06
4111,80.54260800400516,1,22.864912,True,True,1.430511474609375e-06
4112,80.5636422560201,1,20.952589,True,True,1.430511474609375e-06
4113,80.58212386100786,1,18.41619,True,True,1.430511474609375e-06
4114,80.60065815702546,1,18.482372,True,True,1.430511474609375e-06
4115,80.62558284099214,1,24.868282,True,True,1.430511474609375e-06
4116,80.6440590909915,1,18.415226,True,True,1.430511474609375e-06
4117,80.66365296201548,1,19.534064,True,True,1.430511474609375e-06
4118,80.68216864299029,1,18.460323,True,True,1.430511474609375e-06
4119,80.70059605501592,1,18.383599,True,True,1.430511474609375e-06
4120,80.72560885199346,1,24.963579,True,True,1.430511474609375e-06
4121,80.74409396399278,1,18.42118,True,True,1.430511474609375e-06
4122,80.76316012098687,1,19.015187,True,True,1.430511474609375e-06
4123,80.78186565602664,1,18.640723,True,True,1.430511474609375e-06
4124,80.80665621499065,1,24.724208,True,True,1.430511474609375e-06
4125,80.82516503502848,1,18.429634,True,True,1.430511474609375e-06
4126,80.84370826801751,1,18.485657,True,True,1.430511474609375e-06
4127,80.86846413498279,1,24.705998,True,True,1.430511474609375e-06
4128,80.88710392202483,1,18.575417,True,True,1.430511474609375e-06
4129,80.90552598400973,1,18.376249,True,True,1.430511474609375e-06
4130,80.93586542602861,1,30.284444,True,True,1.430511474609375e-06
4131,80.95891346002463,1,22.936086,True,True,1.430511474609375e-06
4132,80.9795787659823,1,20.586114,True,True,1.430511474609375e-06
4133,80.9983270560042,1,18.697988,True,True,1.430511474609375e-06
4134,81.01677756698336,1,18.402799,True,True,1.430511474609375e-06
4135,81.0352380379918,1,18.413731,True,True,1.430511474609375e-06
4136,81.06025138299447,1,24.961901,True,True,1.430511474609375e-06
4137,81.07870020502014,1,18.3961,True,True,1.430511474609375e-06
4138,81.09715730900643,1,18.411611,True,True,1.430511474609375e-06
4139,81.12258912500693,1,25.375535,True,True,1.430511474609375e-06
4140,81.14113133499632,1,18.478861,True,True,1.430511474609375e-06
4141,81.15954922197852,1,18.370859,True,True,1.430511474609375e-06
4142,81.18290614301804,1,23.309975,True,True,1.430511474609375e-06
4143,81.2056879280135,1,22.699863,True,True,1.430511474609375e-06
4144,81.22853303002194,1,22.78604,True,True,1.430511474609375e-06
4145,81.2490004490246,1,20.397505,True,True,1.430511474609375e-06
4146,81.2675008890219,1,18.446138,True,True,1.430511474609375e-06
4147,81.29038208298152,1,22.832179,True,True,1.430511474609375e-06
4148,81.31097299797693,1,20.517932,True,True,1.430511474609375e-06
4149,81.32949283899507,1,18.466192,True,True,1.430511474609375e-06
4150,81.34853771200869,1,18.985418,True,True,1.430511474609375e-06
4151,81.37331393000204,1,24.729523,True,True,1.430511474609375e-06
4152,81.40367862698622,1,30.274654,True,True,1.430511474609375e-06
4153,81.42241188301705,1,18.625781,True,True,1.430511474609375e-06
4154,81.44528069498483,1,22.804723,True,True,1.430511474609375e-06
4155,81.46607096499065,1,20.721617,True,True,1.430511474609375e-06
4156,81.48463121597888,1,18.502249,True,True,1.430511474609375e-06
4157,81.50295944098616,1,18.282018,True,True,1.430511474609375e-06
4158,81.52154006401543,1,18.534468,True,True,1.430511474609375e-06
4159,81.54436814400833,1,22.777863,True,True,1.430511474609375e-06
4160,81.56480769300833,1,20.362201,True,True,1.430511474609375e-06
4161,81.58367816999089,1,18.812176,True,True,1.430511474609375e-06
4162,81.60209577099886,1,18.366015,True,True,1.430511474609375e-06
4163,81.62660115101608,1,24.429329,True,True,1.430511474609375e-06
4164,81.64579508901807,1,19.119578,True,True,1.430511474609375e-06
4165,81.66458078101277,1,18.673243,True,True,1.430511474609375e-06
4166,81.6832238920033,1,18.573422,True,True,1.430511474609375e-06
4167,81.70834686502349,1,25.070995,True,True,1.430511474609375e-06
4168,81.72708406602032,1,18.675971,True,True,1.430511474609375e-06
4169,81.74562613101443,1,18.490222,True,True,1.430511474609375e-06
4170,81.76443871401716,1,18.761623,True,True,1.430511474609375e-06
4171,81.783188358997,1,18.636734,True,True,1.430511474609375e-06
4172,81.8017051970237,1,18.455216,True,True,1.430511474609375e-06
4173,81.82660877500894,1,24.85183,True,True,1.430511474609375e-06
4174,81.84506456798408,1,18.408994,True,True,1.430511474609375e-06
4175,81.86974580300739,1,24.630336,True,True,1.430511474609375e-06
4176,81.88859526399756,1,18.789481,True,True,1.430511474609375e-06
4177,81.90707043401198,1,18.423527,True,True,1.430511474609375e-06
4178,81.93330619402695,1,26.185187,True,True,1.430511474609375e-06
4179,81.96009405900259,1,26.696549,True,True,1.430511474609375e-06
4180,81.9806366750272,1,20.479542,True,True,1.430511474609375e-06
4181,81.99935241002822,1,18.667449,True,True,1.430511474609375e-06
4182,82.01772547699511,1,18.329013,True,True,1.430511474609375e-06
4183,82.04030888300622,1,22.536568,True,True,1.430511474609375e-06
4184,82.06112078099977,1,20.759502,True,True,1.430511474609375e-06
4185,82.07969097298337,1,18.525482,True,True,1.430511474609375e-06
4186,82.09813591698185,1,18.395815,True,True,1.430511474609375e-06
4187,82.12355344102252,1,25.372725,True,True,1.430511474609375e-06
4188,82.14204084401717,1,18.42326,True,True,1.430511474609375e-06
4189,82.16039148101117,1,18.297015,True,True,1.430511474609375e-06
4190,82.17895122402115,1,18.517406,True,True,1.430511474609375e-06
4191,82.20399956597248,1,25.006,True,True,1.430511474609375e-06
4192,82.22252484300407,1,18.464052,True,True,1.430511474609375e-06
4193,82.24123058200348,1,18.651962,True,True,1.430511474609375e-06
4194,82.25962118402822,1,18.342246,True,True,1.430511474609375e-06
4195,82.27812260302017,1,18.459585,True,True,1.430511474609375e-06
4196,82.30333358200733,1,25.159807,True,True,1.430511474609375e-06
4197,82.32180583901936,1,18.413386,True,True,1.430511474609375e-06
4198,82.34033935697516,1,18.489754,True,True,1.430511474609375e-06
4199,82.36349842499476,1,23.100948,True,True,1.430511474609375e-06
4200,82.38672904699342,1,23.168366,True,True,1.430511474609375e-06
4201,82.41377557301894,1,26.945614,True,True,1.430511474609375e-06
4202,82.43233270198107,1,18.476163,True,True,1.430511474609375e-06
4203,82.45703629101627,1,24.647713,True,True,1.430511474609375e-06
4204,82.47591427102452,1,18.779047,True,True,1.430511474609375e-06
4205,82.49427644000389,1,18.296317,True,True,1.430511474609375e-06
4206,82.5125164189958,1,18.19037,True,True,1.430511474609375e-06
4207,82.53120525402483,1,18.643763,True,True,1.430511474609375e-06
4208,82.55609629198443,1,24.840741,True,True,1.430511474609375e-06
4209,82.57475746801356,1,18.590378,True,True,1.430511474609375e-06
4210,82.59338896500412,1,18.573159,True,True,1.430511474609375e-06
4211,82.61182283202652,1,18.387247,True,True,1.430511474609375e-06
4212,82.63633387099253,1,24.448118,True,True,1.430511474609375e-06
4213,82.65530167199904,1,18.904112,True,True,1.430511474609375e-06
4214,82.67378458200255,1,18.431508,True,True,1.430511474609375e-06
4215,82.69637265300844,1,22.541312,True,True,1.430511474609375e-06
4216,82.71689513098681,1,20.471581,True,True,1.430511474609375e-06
4217,82.73523703298997,1,18.295163,True,True,1.430511474609375e-06
4218,82.75336196902208,1,18.082525,True,True,1.430511474609375e-06
4219,82.77166775701335,1,18.266549,True,True,1.430511474609375e-06
4220,82.79024367802776,1,18.522912,True,True,1.430511474609375e-06
4221,82.81319699098822,1,22.906634,True,True,1.430511474609375e-06
4222,82.83396555000218,1,20.706722,True,True,1.430511474609375e-06
4223,82.85673245700309,1,22.71559,True,True,1.430511474609375e-06
4224,82.8771749259904,1,20.379461,True,True,1.430511474609375e-06
4225,82.89618912700098,1,18.961867,True,True,1.430511474609375e-06
4226,82.9179172120057,1,21.680917,True,True,1.430511474609375e-06
4227,82.95192769297864,1,33.914784,True,True,1.430511474609375e-06
4228,82.9705238280003,1,18.509033,True,True,1.430511474609375e-06
4229,82.98878536501434,1,18.194955,True,True,1.430511474609375e-06
4230,83.00715818197932,1,18.324363,True,True,1.430511474609375e-06
4231,83.0255484689842,1,18.345126,True,True,1.430511474609375e-06
4232,83.05043232900789,1,24.838198,True,True,1.430511474609375e-06
4233,83.06904680101434,1,18.54487,True,True,1.430511474609375e-06
4234,83.08748616697267,1,18.374645,True,True,1.430511474609375e-06
4235,83.12242245202651,1,34.883154,True,True,1.430511474609375e-06
4236,83.14115669298917,1,18.611179,True,True,1.430511474609375e-06
4237,83.15963989100419,1,18.412777,True,True,1.430511474609375e-06
4238,83.17826097697252,1,18.570067,True,True,1.430511474609375e-06
4239,83.20289402100025,1,24.582425,True,True,1.430511474609375e-06
4240,83.2218475699774,1,18.882176,True,True,1.430511474609375e-06
4241,83.2402692839969,1,18.362045,True,True,1.430511474609375e-06
4242,83.25870254699839,1,18.376887,True,True,1.430511474609375e-06
4243,83.27709197398508,1,18.342491,True,True,1.430511474609375e-06
4244,83.29567224701168,1,18.534925,True,True,1.430511474609375e-06
4245,83.32049349998124,1,24.774632,True,True,1.430511474609375e-06
4246,83.33909728302388,1,18.54597,True,True,1.430511474609375e-06
4247,83.36189799499698,1,22.742835,True,True,1.430511474609375e-06
4248,83.38500208797632,1,23.021712,True,True,1.430511474609375e-06
4249,83.41112602798967,1,26.025137,True,True,1.430511474609375e-06
4250,83.43197819701163,1,20.790928,True,True,1.430511474609375e-06
4251,83.45053371001268,1,18.500048,True,True,1.430511474609375e-06
4252,83.4752757549868,1,24.670886,True,True,1.430511474609375e-06
4253,83.49403841601452,1,18.699272,True,True,1.430511474609375e-06
4254,83.51249365601689,1,18.405272,True,True,1.430511474609375e-06
4255,83.53096181899309,1,18.42393,True,True,1.430511474609375e-06
4256,83.55640576401493,1,25.391705,True,True,1.430511474609375e-06
4257,83.57504022802459,1,18.542592,True,True,1.430511474609375e-06
4258,83.59357911202824,1,18.476117,True,True,1.430511474609375e-06
4259,83.61878586100647,1,25.159567,True,True,1.430511474609375e-06
4260,83.63726208498701,1,18.395736,True,True,1.430511474609375e-06
4261,83.65580531401793,1,18.485381,True,True,1.430511474609375e-06
4262,83.67434454197064,1,18.49236,True,True,1.430511474609375e-06
4263,83.69690686097601,1,22.517025,True,True,1.430511474609375e-06
4264,83.7171581289731,1,20.183505,True,True,1.430511474609375e-06
4265,83.73622997297207,1,18.975998,True,True,1.430511474609375e-06
4266,83.75469341297867,1,18.395676,True,True,1.430511474609375e-06
4267,83.77334651298588,1,18.600731,True,True,1.430511474609375e-06
4268,83.79676311701769,1,23.332742,True,True,1.430511474609375e-06
4269,83.81700038997224,1,20.170138,True,True,1.430511474609375e-06
4270,83.83526025799802,1,18.206829,True,True,1.430511474609375e-06
4271,83.85816193197388,1,22.854727,True,True,1.430511474609375e-06
4272,83.87861281901132,1,20.386529,True,True,1.430511474609375e-06
4273,83.8970953010139,1,18.430624,True,True,1.430511474609375e-06
4274,83.91565940302098,1,18.519208,True,True,1.430511474609375e-06
4275,83.93711416999577,1,21.408737,True,True,1.430511474609375e-06
4276,83.97098252398428,1,33.795486,True,True,1.430511474609375e-06
4277,83.98990172299091,1,18.784753,True,True,1.430511474609375e-06
4278,84.00845545198536,1,18.468124,True,True,1.430511474609375e-06
4279,84.02703088498674,1,18.519883,True,True,1.430511474609375e-06
4280,84.05188542901305,1,24.806957,True,True,1.430511474609375e-06
4281,84.07064002897823,1,18.679808,True,True,1.430511474609375e-06
4282,84.08944640099071,1,18.718899,True,True,1.430511474609375e-06
4283,84.10803231102182,1,18.50393,True,True,1.430511474609375e-06
4284,84.13270331302192,1,24.609625,True,True,1.430511474609375e-06
4285,84.15121995098889,1,18.449797,True,True,1.430511474609375e-06
4286,84.16977504297392,1,18.506646,True,True,1.430511474609375e-06
4287,84.19261054001981,1,22.79063,True,True,1.430511474609375e-06
4288,84.2135052930098,1,20.784875,True,True,1.430511474609375e-06
4289,84.23219160898589,1,18.5984,True,True,1.430511474609375e-06
4290,84.25124062597752,1,18.987694,True,True,1.430511474609375e-06
4291,84.26967778697144,1,18.381766,True,True,1.430511474609375e-06
4292,84.28802964097122,1,18.305369,True,True,1.430511474609375e-06
4293,84.3109339409857,1,22.849721,True,True,1.430511474609375e-06
4294,84.33770203200402,1,26.689317,True,True,1.430511474609375e-06
4295,84.35649776901118,1,18.684624,True,True,1.430511474609375e-06
4296,84.37509125098586,1,18.52303,True,True,1.430511474609375e-06
4297,84.40489001001697,1,29.733953,True,True,1.430511474609375e-06
4298,84.4239113869844,1,18.903499,True,True,1.430511474609375e-06
4299,84.44234717200743,1,18.377498,True,True,1.430511474609375e-06
4300,84.4607718809857,1,18.372331,True,True,1.430511474609375e-06
4301,84.4796263690223,1,18.806761,True,True,1.430511474609375e-06
4302,84.49800298601622,1,18.331635,True,True,1.430511474609375e-06
4303,84.5164504990098,1,18.403859,True,True,1.430511474609375e-06
4304,84.53484323999146,1,18.34746,True,True,1.430511474609375e-06
4305,84.55320866097463,1,18.320176,True,True,1.430511474609375e-06
4306,84.57175422197906,1,18.505171,True,True,1.430511474609375e-06
4307,84.59011367999483,1,18.316068,True,True,1.430511474609375e-06
4308,84.60873181797797,1,18.574972,True,True,1.430511474609375e-06
4309,84.62716341001214,1,18.387368,True,True,1.430511474609375e-06
4310,84.64561262098141,1,18.405556,True,True,1.430511474609375e-06
4311,84.66435406997334,1,18.700602,True,True,1.430511474609375e-06
4312,84.68278473900864,1,18.386654,True,True,1.430511474609375e-06
4313,84.70117512001889,1,18.350831,True,True,1.430511474609375e-06
4314,84.71959176199744,1,18.376787,True,True,1.430511474609375e-06
4315,84.73795382399112,1,18.323084,True,True,1.430511474609375e-06
4316,84.7563141870196,1,18.321596,True,True,1.430511474609375e-06
4317,84.77486085501732,1,18.504529,True,True,1.430511474609375e-06
4318,84.80327577400021,1,28.318575,True,True,1.430511474609375e-06
4319,84.82191454601707,1,18.548103,True,True,1.430511474609375e-06
4320,84.84069818502758,1,18.722866,True,True,1.430511474609375e-06
4321,84.85909090097994,1,18.34188,True,True,1.430511474609375e-06
4322,84.87753419700311,1,18.400062,True,True,1.430511474609375e-06
4323,84.89647212997079,1,18.892111,True,True,1.430511474609375e-06
4324,84.91500844998518,1,18.485392,True,True,1.430511474609375e-06
4325,84.93693431600695,1,21.872625,True,True,1.430511474609375e-06
4326,84.96368739398895,1,26.63993,True,True,1.430511474609375e-06
4327,84.9822461620206,1,18.46777,True,True,1.430511474609375e-06
4328,85.00102187599987,1,18.709701,True,True,1.430511474609375e-06
4329,85.01934184698621,1,18.272533,True,True,1.430511474609375e-06
4330,85.03766036598245,1,18.269732,True,True,1.430511474609375e-06
4331,85.05609004700091,1,18.388476,True,True,1.430511474609375e-06
4332,85.07431219302816,1,18.18016,True,True,1.430511474609375e-06
4333,85.09265021799365,1,18.296427,True,True,1.430511474609375e-06
4334,85.11120647500502,1,18.515185,True,True,1.430511474609375e-06
4335,85.12972713797353,1,18.465152,True,True,1.430511474609375e-06
4336,85.14791934599634,1,18.143445,True,True,1.430511474609375e-06
4337,85.16622889897553,1,18.267242,True,True,1.430511474609375e-06
4338,85.18460698000854,1,18.336519,True,True,1.430511474609375e-06
4339,85.20291626197286,1,18.267321,True,True,1.430511474609375e-06
4340,85.22133174701594,1,18.374598,True,True,1.430511474609375e-06
4341,85.23988372198073,1,18.508044,True,True,1.430511474609375e-06
4342,85.25827331299661,1,18.335372,True,True,1.430511474609375e-06
4343,85.27674566797214,1,18.426405,True,True,1.430511474609375e-06
4344,85.2952708179946,1,18.482392,True,True,1.430511474609375e-06
4345,85.31363805301953,1,18.322355,True,True,1.430511474609375e-06
4346,85.33222102298168,1,18.541054,True,True,1.430511474609375e-06
4347,85.35103997698752,1,18.767905,True,True,1.430511474609375e-06
4348,85.36944505997235,1,18.359498,True,True,1.430511474609375e-06
4349,85.39814828697126,1,28.650264,True,True,1.430511474609375e-06
4350,85.41846922400873,1,20.213311,True,True,1.430511474609375e-06
4351,85.43951072101481,1,20.972696,True,True,1.430511474609375e-06
4352,85.4656912329956,1,26.088892,True,True,1.430511474609375e-06
4353,85.48430354997981,1,18.538563,True,True,1.430511474609375e-06
4354,85.50263687199913,1,18.278027,True,True,1.430511474609375e-06
4355,85.52163765602745,1,18.950131,True,True,1.430511474609375e-06
4356,85.54000023199478,1,18.31209,True,True,1.430511474609375e-06
4357,85.5583857090096,1,18.336732,True,True,1.430511474609375e-06
4358,85.57686166302301,1,18.432037,True,True,1.430511474609375e-06
4359,85.5953213419998,1,18.417242,True,True,1.430511474609375e-06
4360,85.6138055450283,1,18.437975,True,True,1.430511474609375e-06
4361,85.63220405497123,1,18.350999,True,True,1.430511474609375e-06
4362,85.65108473401051,1,18.828724,True,True,1.430511474609375e-06
4363,85.66959582798881,1,18.461841,True,True,1.430511474609375e-06
4364,85.68802845402388,1,18.390518,True,True,1.430511474609375e-06
4365,85.70661279797787,1,18.545516,True,True,1.430511474609375e-06
4366,85.72503130702535,1,18.373924,True,True,1.430511474609375e-06
4367,85.74345059302868,1,18.377882,True,True,1.430511474609375e-06
4368,85.76172655099072,1,18.236197,True,True,1.430511474609375e-06
4369,85.78075865702704,1,18.992125,True,True,1.430511474609375e-06
4370,85.79927635501372,1,18.450472,True,True,1.430511474609375e-06
4371,85.81765570997959,1,18.327451,True,True,1.430511474609375e-06
4372,85.83614694298012,1,18.45053,True,True,1.430511474609375e-06
4373,85.85446844197577,1,18.277907,True,True,1.430511474609375e-06
4374,85.87282606802182,1,18.319846,True,True,1.430511474609375e-06
4375,85.89125881699147,1,18.39085,True,True,1.430511474609375e-06
4376,85.90976436401252,1,18.466892,True,True,1.430511474609375e-06
4377,85.92825934302527,1,18.452914,True,True,1.430511474609375e-06
4378,85.95763991598506,1,29.318958,True,True,1.430511474609375e-06
4379,85.97804157302016,1,20.29627,True,True,1.430511474609375e-06
4380,85.99648608901771,1,18.377958,True,True,1.430511474609375e-06
4381,86.0149051080225,1,18.372741,True,True,1.430511474609375e-06
4382,86.03340001602191,1,18.452661,True,True,1.430511474609375e-06
4383,86.05171127000358,1,18.267981,True,True,1.430511474609375e-06
4384,86.07021220197203,1,18.461667,True,True,1.430511474609375e-06
4385,86.08857937500579,1,18.328678,True,True,1.430511474609375e-06
4386,86.10960189899197,1,20.982355,True,True,1.430511474609375e-06
4387,86.13261512399185,1,22.937107,True,True,1.430511474609375e-06
4388,86.15399169299053,1,21.318297,True,True,1.430511474609375e-06
4389,86.17245456302771,1,18.41287,True,True,1.430511474609375e-06
4390,86.19125642202562,1,18.756591,True,True,1.430511474609375e-06
4391,86.20960164500866,1,18.303511,True,True,1.430511474609375e-06
4392,86.22812988201622,1,18.483815,True,True,1.430511474609375e-06
4393,86.24662006500876,1,18.447256,True,True,1.430511474609375e-06
4394,86.26522136799758,1,18.556137,True,True,1.430511474609375e-06
4395,86.28363669099053,1,18.372088,True,True,1.430511474609375e-06
4396,86.30216177698458,1,18.477575,True,True,1.430511474609375e-06
4397,86.32063374499558,1,18.430766,True,True,1.430511474609375e-06
4398,86.33912109601079,1,18.421103,True,True,1.430511474609375e-06
4399,86.35794896900188,1,18.771702,True,True,1.430511474609375e-06
4400,86.37641806300962,1,18.419038,True,True,1.430511474609375e-06
4401,86.40700538200326,1,30.52852,True,True,1.430511474609375e-06
4402,86.42578078899533,1,18.660736,True,True,1.430511474609375e-06
4403,86.44431752798846,1,18.475865,True,True,1.430511474609375e-06
4404,86.46276002697414,1,18.388336,True,True,1.430511474609375e-06
4405,86.4817663449794,1,18.956424,True,True,1.430511474609375e-06
4406,86.50042456598021,1,18.56625,True,True,1.430511474609375e-06
4407,86.51910168101313,1,18.586619,True,True,1.430511474609375e-06
4408,86.53764641197631,1,18.483802,True,True,1.430511474609375e-06
4409,86.55611040099757,1,18.412109,True,True,1.430511474609375e-06
4410,86.57450760400388,1,18.347206,True,True,1.430511474609375e-06
4411,86.59306481602835,1,18.513554,True,True,1.430511474609375e-06
4412,86.61170768598095,1,18.580935,True,True,1.430511474609375e-06
4413,86.63035011698958,1,18.543354,True,True,1.430511474609375e-06
4414,86.64941745699616,1,19.001375,True,True,1.430511474609375e-06
4415,86.6678021469852,1,18.336088,True,True,1.430511474609375e-06
4416,86.6862811120227,1,18.436148,True,True,1.430511474609375e-06
4417,86.70469747699099,1,18.369733,True,True,1.430511474609375e-06
4418,86.72312360198703,1,18.385466,True,True,1.430511474609375e-06
4419,86.74152572202729,1,18.357252,True,True,1.430511474609375e-06
4420,86.75992331799353,1,18.359562,True,True,1.430511474609375e-06
4421,86.77830120298313,1,18.339345,True,True,1.430511474609375e-06
4422,86.79659635497956,1,18.222734,True,True,1.430511474609375e-06
4423,86.81520184798865,1,18.548951,True,True,1.430511474609375e-06
4424,86.83354414801579,1,18.298054,True,True,1.430511474609375e-06
4425,86.85168693697779,1,18.101836,True,True,1.430511474609375e-06
4426,86.86996112001361,1,18.235273,True,True,1.430511474609375e-06
4427,86.88841042201966,1,18.407414,True,True,1.430511474609375e-06
4428,86.90692962898174,1,18.479333,True,True,1.430511474609375e-06
4429,86.9253057410242,1,18.331675,True,True,1.430511474609375e-06
4430,86.95720778999384,1,31.855054,True,True,1.430511474609375e-06
4431,86.98394054098753,1,26.59126,True,True,1.430511474609375e-06
4432,87.00310475798324,1,19.087991,True,True,1.430511474609375e-06
4433,87.02155322098406,1,18.396103,True,True,1.430511474609375e-06
4434,87.03998540702742,1,18.383392,True,True,1.430511474609375e-06
4435,87.05838782602223,1,18.357089,True,True,1.430511474609375e-06
4436,87.07687473099213,1,18.44149,True,True,1.430511474609375e-06
4437,87.09527919697575,1,18.361806,True,True,1.430511474609375e-06
4438,87.1136261249776,1,18.305233,True,True,1.430511474609375e-06
4439,87.13178152602632,1,18.113928,True,True,1.430511474609375e-06
4440,87.14998300600564,1,18.158203,True,True,1.430511474609375e-06
4441,87.16835834697122,1,18.336776,True,True,1.430511474609375e-06
4442,87.18684136198135,1,18.444291,True,True,1.430511474609375e-06
4443,87.20502666500397,1,18.145803,True,True,1.430511474609375e-06
4444,87.22331072797533,1,18.244048,True,True,1.430511474609375e-06
4445,87.24186107702553,1,18.508782,True,True,1.430511474609375e-06
4446,87.26029362698318,1,18.38166,True,True,1.430511474609375e-06
4447,87.2786795879947,1,18.343876,True,True,1.430511474609375e-06
4448,87.29758697497891,1,18.866358,True,True,1.430511474609375e-06
4449,87.31599392998032,1,18.353054,True,True,1.430511474609375e-06
4450,87.33450227300636,1,18.46273,True,True,1.430511474609375e-06
4451,87.3529380550026,1,18.389353,True,True,1.430511474609375e-06
4452,87.37146360700717,1,18.481996,True,True,1.430511474609375e-06
4453,87.40139603498392,1,29.885715,True,True,1.430511474609375e-06
4454,87.4207104559755,1,19.202912,True,True,1.430511474609375e-06
4455,87.43924144399352,1,18.468477,True,True,1.430511474609375e-06
4456,87.45782238402171,1,18.534149,True,True,1.430511474609375e-06
4457,87.47635879798327,1,18.45982,True,True,1.430511474609375e-06
4458,87.49490502098342,1,18.488789,True,True,1.430511474609375e-06
4459,87.51323487202171,1,18.279952,True,True,1.430511474609375e-06
4460,87.53163676802069,1,18.350401,True,True,1.430511474609375e-06
4461,87.55011572601506,1,18.430053,True,True,1.430511474609375e-06
4462,87.56847636197926,1,18.316352,True,True,1.430511474609375e-06
4463,87.58682657399913,1,18.299796,True,True,1.430511474609375e-06
4464,87.60551358299563,1,18.640858,True,True,1.430511474609375e-06
4465,87.62395938299596,1,18.397645,True,True,1.430511474609375e-06
4466,87.64242505002767,1,18.413701,True,True,1.430511474609375e-06
4467,87.66079206200084,1,18.322445,True,True,1.430511474609375e-06
4468,87.679293313995,1,18.460239,True,True,1.430511474609375e-06
4469,87.69762264302699,1,18.286025,True,True,1.430511474609375e-06
4470,87.71600624499843,1,18.344522,True,True,1.430511474609375e-06
4471,87.73442463501124,1,18.374984,True,True,1.430511474609375e-06
4472,87.75275758100906,1,18.288178,True,True,1.430511474609375e-06
4473,87.77120267500868,1,18.406197,True,True,1.430511474609375e-06
4474,87.79708369798027,1,25.824489,True,True,1.430511474609375e-06
4475,87.81886299001053,1,21.67831,True,True,1.430511474609375e-06
4476,87.83725266397232,1,18.322571,True,True,1.430511474609375e-06
4477,87.85603744798573,1,18.735932,True,True,1.430511474609375e-06
4478,87.87450528598856,1,18.414097,True,True,1.430511474609375e-06
4479,87.89293302601436,1,18.382909,True,True,1.430511474609375e-06
4480,87.91142742498778,1,18.454879,True,True,1.430511474609375e-06
4481,87.92976465000538,1,18.298345,True,True,1.430511474609375e-06
4482,87.95144882798195,1,21.642968,True,True,1.430511474609375e-06
4483,87.97889267100254,1,27.351254,True,True,1.430511474609375e-06
4484,87.99742274999153,1,18.446902,True,True,1.430511474609375e-06
4485,88.01597123598913,1,18.491568,True,True,1.430511474609375e-06
4486,88.03433399001369,1,18.319545,True,True,1.430511474609375e-06
4487,88.0529467749875,1,18.57055,True,True,1.430511474609375e-06
4488,88.07131173601374,1,18.324893,True,True,1.430511474609375e-06
4489,88.08967727702111,1,18.321929,True,True,1.430511474609375e-06
4490,88.10856054601027,1,18.843615,True,True,1.430511474609375e-06
4491,88.12689222401241,1,18.291202,True,True,1.430511474609375e-06
4492,88.14533854601905,1,18.407525,True,True,1.430511474609375e-06
4493,88.16365126299206,1,18.274053,True,True,1.430511474609375e-06
4494,88.18216494697845,1,18.473414,True,True,1.430511474609375e-06
4495,88.20055447699269,1,18.346423,True,True,1.430511474609375e-06
4496,88.21886531397467,1,18.27217,True,True,1.430511474609375e-06
4497,88.2373851609882,1,18.480974,True,True,1.430511474609375e-06
4498,88.25584603997413,1,18.410819,True,True,1.430511474609375e-06
4499,88.27399769297335,1,18.106907,True,True,1.430511474609375e-06
4500,88.29242191201774,1,18.381629,True,True,1.430511474609375e-06
4501,88.31095357501181,1,18.474152,True,True,1.430511474609375e-06
4502,88.32947479799623,1,18.481422,True,True,1.430511474609375e-06
4503,88.3477826800081,1,18.265579,True,True,1.430511474609375e-06
4504,88.36665852100123,1,18.831681,True,True,1.430511474609375e-06
4505,88.38862216402777,1,21.916328,True,True,1.430511474609375e-06
4506,88.41513475298416,1,26.40175,True,True,1.430511474609375e-06
4507,88.43394145800266,1,18.728157,True,True,1.430511474609375e-06
4508,88.45243560400559,1,18.437827,True,True,1.430511474609375e-06
4509,88.47095240699127,1,18.467374,True,True,1.430511474609375e-06
4510,88.48980392399244,1,18.806187,True,True,1.430511474609375e-06
4511,88.50819901301293,1,18.346117,True,True,1.430511474609375e-06
4512,88.52661557297688,1,18.370828,True,True,1.430511474609375e-06
4513,88.54500897199614,1,18.34888,True,True,1.430511474609375e-06
4514,88.56364797998685,1,18.591433,True,True,1.430511474609375e-06
4515,88.58204206399387,1,18.350406,True,True,1.430511474609375e-06
4516,88.60045030800393,1,18.362453,True,True,1.430511474609375e-06
4517,88.619301335013,1,18.811333,True,True,1.430511474609375e-06
4518,88.63776119297836,1,18.408985,True,True,1.430511474609375e-06
4519,88.65627127297921,1,18.464082,True,True,1.430511474609375e-06
4520,88.674692081986,1,18.375854,True,True,1.430511474609375e-06
4521,88.69314196601044,1,18.405748,True,True,1.430511474609375e-06
4522,88.71156411897391,1,18.382368,True,True,1.430511474609375e-06
4523,88.72999980999157,1,18.39753,True,True,1.430511474609375e-06
4524,88.74884632398607,1,18.803297,True,True,1.430511474609375e-06
4525,88.76737614598824,1,18.491886,True,True,1.430511474609375e-06
4526,88.78596567700151,1,18.538602,True,True,1.430511474609375e-06
4527,88.80466540297493,1,18.616641,True,True,1.430511474609375e-06
4528,88.82340257801116,1,18.667567,True,True,1.430511474609375e-06
4529,88.84179986600066,1,18.348548,True,True,1.430511474609375e-06
4530,88.86017696297495,1,18.333933,True,True,1.430511474609375e-06
4531,88.87865065201186,1,18.429906,True,True,1.430511474609375e-06
4532,88.89702441502595,1,18.327906,True,True,1.430511474609375e-06
4533,88.91568036697572,1,18.599761,True,True,1.430511474609375e-06
4534,88.9346883079852,1,18.910408,True,True,1.430511474609375e-06
4535,88.95941784797469,1,24.662134,True,True,1.430511474609375e-06
4536,88.98271317902254,1,23.1859,True,True,1.430511474609375e-06
4537,89.001195268007,1,18.417084,True,True,1.430511474609375e-06
4538,89.01982001302531,1,18.569549,True,True,1.430511474609375e-06
4539,89.03831316897413,1,18.445365,True,True,1.430511474609375e-06
4540,89.05679382599192,1,18.436093,True,True,1.430511474609375e-06
4541,89.07514665398048,1,18.310229,True,True,1.430511474609375e-06
4542,89.0936302060145,1,18.444114,True,True,1.430511474609375e-06
4543,89.11272877297597,1,19.054751,True,True,1.430511474609375e-06
4544,89.13121777697233,1,18.40923,True,True,1.430511474609375e-06
4545,89.14938720100326,1,18.11384,True,True,1.430511474609375e-06
4546,89.16765997500625,1,18.228619,True,True,1.430511474609375e-06
4547,89.1862262020004,1,18.5289,True,True,1.430511474609375e-06
4548,89.20426271198085,1,17.997483,True,True,1.430511474609375e-06
4549,89.22246517898748,1,18.163727,True,True,1.430511474609375e-06
4550,89.24100308399647,1,18.495552,True,True,1.430511474609375e-06
4551,89.25943132600514,1,18.38484,True,True,1.430511474609375e-06
4552,89.27800529898377,1,18.521348,True,True,1.430511474609375e-06
4553,89.2965963120223,1,18.53884,True,True,1.430511474609375e-06
4554,89.31505030201515,1,18.397463,True,True,1.430511474609375e-06
4555,89.33342402800918,1,18.327784,True,True,1.430511474609375e-06
4556,89.35190053202678,1,18.423782,True,True,1.430511474609375e-06
4557,89.37011526699644,1,18.168827,True,True,1.430511474609375e-06
4558,89.39878035802394,1,28.611706,True,True,1.430511474609375e-06
4559,89.41906918998575,1,20.173211,True,True,1.430511474609375e-06
4560,89.43751845898805,1,18.388823,True,True,1.430511474609375e-06
4561,89.45595475297887,1,18.385864,True,True,1.430511474609375e-06
4562,89.47485119401244,1,18.849591,True,True,1.430511474609375e-06
4563,89.49327911797445,1,18.382382,True,True,1.430511474609375e-06
4564,89.51166452601319,1,18.341368,True,True,1.430511474609375e-06
4565,89.52999541600002,1,18.287084,True,True,1.430511474609375e-06
4566,89.54852352698799,1,18.481249,True,True,1.430511474609375e-06
4567,89.56688527698861,1,18.315256,True,True,1.430511474609375e-06
4568,89.58530685701407,1,18.368451,True,True,1.430511474609375e-06
4569,89.60427741601598,1,18.926502,True,True,1.430511474609375e-06
4570,89.62268499197671,1,18.363083,True,True,1.430511474609375e-06
4571,89.64114653202705,1,18.409897,True,True,1.430511474609375e-06
4572,89.65945337899029,1,18.257156,True,True,1.430511474609375e-06
4573,89.67804059799528,1,18.541835,True,True,1.430511474609375e-06
4574,89.69654434901895,1,18.460712,True,True,1.430511474609375e-06
4575,89.724872737017,1,28.26419,True,True,1.430511474609375e-06
4576,89.74348828697111,1,18.543956,True,True,1.430511474609375e-06
4577,89.76182114402764,1,18.287703,True,True,1.430511474609375e-06
4578,89.78095083200606,1,19.088755,True,True,1.430511474609375e-06
4579,89.79956128599588,1,18.545144,True,True,1.430511474609375e-06
4580,89.81798970600357,1,18.374065,True,True,1.430511474609375e-06
4581,89.83653300302103,1,18.501112,True,True,1.430511474609375e-06
4582,89.85509052698035,1,18.515241,True,True,1.430511474609375e-06
4583,89.87356414401438,1,18.432872,True,True,1.430511474609375e-06
4584,89.89198959898204,1,18.384586,True,True,1.430511474609375e-06
4585,89.91043393599102,1,18.402566,True,True,1.430511474609375e-06
4586,89.9289126599906,1,18.435668,True,True,1.430511474609375e-06
4587,89.94723737897584,1,18.286131,True,True,1.430511474609375e-06
4588,89.96975019597448,1,22.454429,True,True,1.430511474609375e-06
4589,89.99671692197444,1,26.863062,True,True,1.430511474609375e-06
4590,90.01544149499387,1,18.647178,True,True,1.430511474609375e-06
4591,90.03384857502533,1,18.344199,True,True,1.430511474609375e-06
4592,90.05225132900523,1,18.351556,True,True,1.430511474609375e-06
4593,90.07068697799696,1,18.392128,True,True,1.430511474609375e-06
4594,90.08909288502764,1,18.361958,True,True,1.430511474609375e-06
4595,90.10754883900518,1,18.413697,True,True,1.430511474609375e-06
4596,90.12592440698063,1,18.328774,True,True,1.430511474609375e-06
4597,90.1447107840213,1,18.744183,True,True,1.430511474609375e-06
4598,90.16322289698292,1,18.471653,True,True,1.430511474609375e-06
4599,90.18158651399426,1,18.324208,True,True,1.430511474609375e-06
4600,90.19998474098975,1,18.356861,True,True,1.430511474609375e-06
4601,90.21819957200205,1,18.171993,True,True,1.430511474609375e-06
4602,90.23643454501871,1,18.189823,True,True,1.430511474609375e-06
4603,90.25472044397611,1,18.233989,True,True,1.430511474609375e-06
4604,90.27306941902498,1,18.303685,True,True,1.430511474609375e-06
4605,90.29155000002356,1,18.434486,True,True,1.430511474609375e-06
4606,90.30999269802123,1,18.392104,True,True,1.430511474609375e-06
4607,90.32841615600046,1,18.381889,True,True,1.430511474609375e-06
4608,90.34703545097727,1,18.580203,True,True,1.430511474609375e-06
4609,90.36547555000288,1,18.388333,True,True,1.430511474609375e-06
4610,90.38738800701685,1,21.864034,True,True,1.430511474609375e-06
4611,90.41420316597214,1,26.707205,True,True,1.430511474609375e-06
4612,90.43266684701666,1,18.37657,True,True,1.430511474609375e-06
4613,90.45119829202304,1,18.472399,True,True,1.430511474609375e-06
4614,90.46941359201446,1,18.164769,True,True,1.430511474609375e-06
4615,90.48773614002857,1,18.273192,True,True,1.430511474609375e-06
4616,90.50629808200756,1,18.51307,True,True,1.430511474609375e-06
4617,90.5247400419903,1,18.397001,True,True,1.430511474609375e-06
4618,90.54325999401044,1,18.464779,True,True,1.430511474609375e-06
4619,90.5620888589765,1,18.779749,True,True,1.430511474609375e-06
4620,90.58049351297086,1,18.359628,True,True,1.430511474609375e-06
4621,90.59880066802725,1,18.264759,True,True,1.430511474609375e-06
4622,90.61729431099957,1,18.449099,True,True,1.430511474609375e-06
4623,90.63546051399317,1,18.11909,True,True,1.430511474609375e-06
4624,90.65370322699891,1,18.20146,True,True,1.430511474609375e-06
4625,90.67198203399312,1,18.232307,True,True,1.430511474609375e-06
4626,90.6901987210149,1,18.172355,True,True,1.430511474609375e-06
4627,90.70841312699486,1,18.175088,True,True,1.430511474609375e-06
4628,90.7266000789823,1,18.146719,True,True,1.430511474609375e-06
4629,90.74473983998178,1,18.098228,True,True,1.430511474609375e-06
4630,90.76304337801412,1,18.264639,True,True,1.430511474609375e-06
4631,90.78169180097757,1,18.602245,True,True,1.430511474609375e-06
4632,90.80034692399204,1,18.60464,True,True,1.430511474609375e-06
4633,90.81893209298141,1,18.532243,True,True,1.430511474609375e-06
4634,90.83782307902584,1,18.844748,True,True,1.430511474609375e-06
4635,90.85620346001815,1,18.338097,True,True,1.430511474609375e-06
4636,90.87459424097324,1,18.350742,True,True,1.430511474609375e-06
4637,90.89272217801772,1,18.090391,True,True,1.430511474609375e-06
4638,90.91091490897816,1,18.151384,True,True,1.430511474609375e-06
4639,90.929604156001,1,18.646859,True,True,1.430511474609375e-06
4640,90.94803019298706,1,18.38573,True,True,1.430511474609375e-06
4641,90.96977997198701,1,21.704773,True,True,1.430511474609375e-06
4642,90.99690277501941,1,27.022444,True,True,1.430511474609375e-06
4643,91.01552090799669,1,18.538275,True,True,1.430511474609375e-06
4644,91.03419239399955,1,18.613453,True,True,1.430511474609375e-06
4645,91.05257950699888,1,18.337031,True,True,1.430511474609375e-06
4646,91.0710210140096,1,18.394604,True,True,1.430511474609375e-06
4647,91.08954099897528,1,18.478547,True,True,1.430511474609375e-06
4648,91.1082364859758,1,18.65245,True,True,1.430511474609375e-06
4649,91.12661091401242,1,18.318809,True,True,1.430511474609375e-06
4650,91.14523096801713,1,18.576299,True,True,1.430511474609375e-06
4651,91.16354604298249,1,18.273719,True,True,1.430511474609375e-06
4652,91.18189147801604,1,18.306126,True,True,1.430511474609375e-06
4653,91.20047652797075,1,18.54303,True,True,1.430511474609375e-06
4654,91.21881186502287,1,18.292265,True,True,1.430511474609375e-06
4655,91.23724503000267,1,18.3933,True,True,1.430511474609375e-06
4656,91.25558437302243,1,18.288058,True,True,1.430511474609375e-06
4657,91.2740797480219,1,18.450202,True,True,1.430511474609375e-06
4658,91.29251530201873,1,18.391276,True,True,1.430511474609375e-06
4659,91.3109258050099,1,18.363868,True,True,1.430511474609375e-06
4660,91.32954901899211,1,18.58308,True,True,1.430511474609375e-06
4661,91.3481547270203,1,18.561708,True,True,1.430511474609375e-06
4662,91.36696107202442,1,18.693804,True,True,1.430511474609375e-06
4663,91.40660071902676,1,39.556982,True,True,1.430511474609375e-06
4664,91.42549039202277,1,18.749423,True,True,1.430511474609375e-06
4665,91.44412911398103,1,18.556681,True,True,1.430511474609375e-06
4666,91.46300107298885,1,18.80804,True,True,1.430511474609375e-06
4667,91.48196794197429,1,18.860099,True,True,1.430511474609375e-06
4668,91.50055503600743,1,18.498964,True,True,1.430511474609375e-06
4669,91.51908430701587,1,18.471292,True,True,1.430511474609375e-06
4670,91.53756428102497,1,18.433666,True,True,1.430511474609375e-06
4671,91.55596040497767,1,18.346149,True,True,1.430511474609375e-06
4672,91.5743969270261,1,18.385746,True,True,1.430511474609375e-06
4673,91.59289151697885,1,18.440655,True,True,1.430511474609375e-06
4674,91.61129738099407,1,18.359942,True,True,1.430511474609375e-06
4675,91.62970382900676,1,18.357223,True,True,1.430511474609375e-06
4676,91.64868170698173,1,18.921973,True,True,1.430511474609375e-06
4677,91.66710185800912,1,18.368639,True,True,1.430511474609375e-06
4678,91.68545253801858,1,18.301882,True,True,1.430511474609375e-06
4679,91.70388379599899,1,18.387425,True,True,1.430511474609375e-06
4680,91.72231153299799,1,18.383783,True,True,1.430511474609375e-06
4681,91.74067807401298,1,18.322398,True,True,1.430511474609375e-06
4682,91.75915586197516,1,18.434556,True,True,1.430511474609375e-06
4683,91.77805194602115,1,18.855273,True,True,1.430511474609375e-06
4684,91.79653080401476,1,18.370872,True,True,1.430511474609375e-06
4685,91.81507749197772,1,18.486014,True,True,1.430511474609375e-06
4686,91.8335242770263,1,18.398081,True,True,1.430511474609375e-06
4687,91.85190190997673,1,18.336377,True,True,1.430511474609375e-06
4688,91.87025800201809,1,18.315193,True,True,1.430511474609375e-06
4689,91.8888104489888,1,18.51106,True,True,1.430511474609375e-06
4690,91.90730833099224,1,18.456549,True,True,1.430511474609375e-06
4691,91.92578205198515,1,18.429891,True,True,1.430511474609375e-06
4692,91.94465158198727,1,18.827009,True,True,1.430511474609375e-06
4693,91.96546740800841,1,20.77595,True,True,1.430511474609375e-06
4694,91.99226010101847,1,26.710649,True,True,1.430511474609375e-06
4695,92.01246061001439,1,20.116545,True,True,1.430511474609375e-06
4696,92.03112015000079,1,18.602714,True,True,1.430511474609375e-06
4697,92.05677462299354,1,25.600265,True,True,1.430511474609375e-06
4698,92.07850901299389,1,21.669582,True,True,1.430511474609375e-06
4699,92.09700871602399,1,18.44642,True,True,1.430511474609375e-06
4700,92.11599346197909,1,18.939449,True,True,1.430511474609375e-06
4701,92.13453274901258,1,18.483627,True,True,1.430511474609375e-06
4702,92.15285418200074,1,18.274151,True,True,1.430511474609375e-06
4703,92.171374758007,1,18.47796,True,True,1.430511474609375e-06
4704,92.18986425397452,1,18.448562,True,True,1.430511474609375e-06
4705,92.20819859899348,1,18.290564,True,True,1.430511474609375e-06
4706,92.22670022997772,1,18.462689,True,True,1.430511474609375e-06
4707,92.24519401800353,1,18.45048,True,True,1.430511474609375e-06
4708,92.26370901899645,1,18.468322,True,True,1.430511474609375e-06
4709,92.28230716299731,1,18.551897,True,True,1.430511474609375e-06
4710,92.30081819999032,1,18.459697,True,True,1.430511474609375e-06
4711,92.31931072100997,1,18.449429,True,True,1.430511474609375e-06
4712,92.3377816239954,1,18.427102,True,True,1.430511474609375e-06
4713,92.3560498720035,1,18.223864,True,True,1.430511474609375e-06
4714,92.37441606697394,1,18.322178,True,True,1.430511474609375e-06
4715,92.40408334101085,1,29.611076,True,True,1.430511474609375e-06
4716,92.42274198698578,1,18.546764,True,True,1.430511474609375e-06
4717,92.44144265097566,1,18.636262,True,True,1.430511474609375e-06
4718,92.46008952497505,1,18.597822,True,True,1.430511474609375e-06
4719,92.47863803402288,1,18.478358,True,True,1.430511474609375e-06
4720,92.49751023197314,1,18.822049,True,True,1.430511474609375e-06
4721,92.51591810001992,1,18.364311,True,True,1.430511474609375e-06
4722,92.5342325239908,1,18.272016,True,True,1.430511474609375e-06
4723,92.55276215501362,1,18.482699,True,True,1.430511474609375e-06
4724,92.5711198039935,1,18.313619,True,True,1.430511474609375e-06
4725,92.58950581698446,1,18.336427,True,True,1.430511474609375e-06
4726,92.6080395450117,1,18.484234,True,True,1.430511474609375e-06
4727,92.62645548698492,1,18.370767,True,True,1.430511474609375e-06
4728,92.64489620900713,1,18.390131,True,True,1.430511474609375e-06
4729,92.66330416302662,1,18.356559,True,True,1.430511474609375e-06
4730,92.68179334001616,1,18.443345,True,True,1.430511474609375e-06
4731,92.70292018202599,1,21.081791,True,True,1.430511474609375e-06
4732,92.73044127097819,1,27.455597,True,True,1.430511474609375e-06
4733,92.7491189520224,1,18.609706,True,True,1.430511474609375e-06
4734,92.76757566299057,1,18.404472,True,True,1.430511474609375e-06
4735,92.78607813100098,1,18.4375,True,True,1.430511474609375e-06
4736,92.80468300299253,1,18.545837,True,True,1.430511474609375e-06
4737,92.82357306597987,1,18.834721,True,True,1.430511474609375e-06
4738,92.84207998897182,1,18.454125,True,True,1.430511474609375e-06
4739,92.860868741991,1,18.733135,True,True,1.430511474609375e-06
4740,92.87936581898248,1,18.446245,True,True,1.430511474609375e-06
4741,92.89804934797576,1,18.632796,True,True,1.430511474609375e-06
4742,92.91664268600289,1,18.539852,True,True,1.430511474609375e-06
4743,92.93555659102276,1,18.860298,True,True,1.430511474609375e-06
4744,92.9541822070023,1,18.573142,True,True,1.430511474609375e-06
4745,92.97268723597517,1,18.450827,True,True,1.430511474609375e-06
4746,93.00104990002,1,28.307997,True,True,1.430511474609375e-06
4747,93.02188553800806,1,20.653811,True,True,1.430511474609375e-06
4748,93.04103675897932,1,19.078376,True,True,1.430511474609375e-06
4749,93.05949729098938,1,18.386189,True,True,1.430511474609375e-06
4750,93.07791716500651,1,18.374235,True,True,1.430511474609375e-06
4751,93.096335196984,1,18.372509,True,True,1.430511474609375e-06
4752,93.11495279101655,1,18.560249,True,True,1.430511474609375e-06
4753,93.13387642300222,1,18.8633,True,True,1.430511474609375e-06
4754,93.15238757099723,1,18.450991,True,True,1.430511474609375e-06
4755,93.17094519402599,1,18.504383,True,True,1.430511474609375e-06
4756,93.18936108698836,1,18.359696,True,True,1.430511474609375e-06
4757,93.20772076398134,1,18.305601,True,True,1.430511474609375e-06
4758,93.22706586599816,1,19.291288,True,True,1.430511474609375e-06
4759,93.24547027802328,1,18.345869,True,True,1.430511474609375e-06
4760,93.26394855999388,1,18.419664,True,True,1.430511474609375e-06
4761,93.28251943300711,1,18.519654,True,True,1.430511474609375e-06
4762,93.3010400159983,1,18.461032,True,True,1.430511474609375e-06
4763,93.31995156098856,1,18.856868,True,True,1.430511474609375e-06
4764,93.33835810300661,1,18.354094,True,True,1.430511474609375e-06
4765,93.35718136298237,1,18.760624,True,True,1.430511474609375e-06
4766,93.37566642498132,1,18.429867,True,True,1.430511474609375e-06
4767,93.40550104901195,1,29.776158,True,True,1.430511474609375e-06
4768,93.42461957799969,1,19.006214,True,True,1.430511474609375e-06
4769,93.44329366099555,1,18.608803,True,True,1.430511474609375e-06
4770,93.46180515101878,1,18.449812,True,True,1.430511474609375e-06
4771,93.48034450801788,1,18.488509,True,True,1.430511474609375e-06
4772,93.49877263599774,1,18.371758,True,True,1.430511474609375e-06
4773,93.51731159101473,1,18.488142,True,True,1.430511474609375e-06
4774,93.53588076797314,1,18.511788,True,True,1.430511474609375e-06
4775,93.56132098200032,1,25.378267,True,True,1.430511474609375e-06
4776,93.5833059209981,1,21.913804,True,True,1.430511474609375e-06
4777,93.60177192598348,1,18.414127,True,True,1.430511474609375e-06
4778,93.62045242701424,1,18.622443,True,True,1.430511474609375e-06
4779,93.63897983601782,1,18.473162,True,True,1.430511474609375e-06
4780,93.65789318899624,1,18.852165,True,True,1.430511474609375e-06
4781,93.6764788919827,1,18.529256,True,True,1.430511474609375e-06
4782,93.69521598500432,1,18.662464,True,True,1.430511474609375e-06
4783,93.71384148398647,1,18.54363,True,True,1.430511474609375e-06
4784,93.73222430201713,1,18.329097,True,True,1.430511474609375e-06
4785,93.75059723900631,1,18.32916,True,True,1.430511474609375e-06
4786,93.76954481599387,1,18.905721,True,True,1.430511474609375e-06
4787,93.78807756898459,1,18.458767,True,True,1.430511474609375e-06
4788,93.80669361900073,1,18.546588,True,True,1.430511474609375e-06
4789,93.82572167401668,1,18.923721,True,True,1.430511474609375e-06
4790,93.84420722298091,1,18.42228,True,True,1.430511474609375e-06
4791,93.86338204902131,1,19.127466,True,True,1.430511474609375e-06
4792,93.88195890997304,1,18.518724,True,True,1.430511474609375e-06
4793,93.90038906899281,1,18.383342,True,True,1.430511474609375e-06
4794,93.91876216197852,1,18.317482,True,True,1.430511474609375e-06
4795,93.93726234399946,1,18.454609,True,True,1.430511474609375e-06
4796,93.9563321750029,1,19.017883,True,True,1.430511474609375e-06
4797,93.97476219298551,1,18.382171,True,True,1.430511474609375e-06
4798,94.00274938897928,1,27.92796,True,True,1.430511474609375e-06
4799,94.02324284100905,1,20.383019,True,True,1.430511474609375e-06
4800,94.04167838598369,1,18.36777,True,True,1.430511474609375e-06
4801,94.06057676201453,1,18.839946,True,True,1.430511474609375e-06
4802,94.07949412602466,1,18.865712,True,True,1.430511474609375e-06
4803,94.09779058297863,1,18.244161,True,True,1.430511474609375e-06
4804,94.11641312600113,1,18.571412,True,True,1.430511474609375e-06
4805,94.13484329998028,1,18.372114,True,True,1.430511474609375e-06
4806,94.15333673602436,1,18.441713,True,True,1.430511474609375e-06
4807,94.17212671897141,1,18.733949,True,True,1.430511474609375e-06
4808,94.19056024501333,1,18.384901,True,True,1.430511474609375e-06
4809,94.20903037802782,1,18.41424,True,True,1.430511474609375e-06
4810,94.22740799101302,1,18.326974,True,True,1.430511474609375e-06
4811,94.24591731798137,1,18.45898,True,True,1.430511474609375e-06
4812,94.26530305802589,1,19.326704,True,True,1.430511474609375e-06
4813,94.28384078701492,1,18.473393,True,True,1.430511474609375e-06
4814,94.30240945599508,1,18.517535,True,True,1.430511474609375e-06
4815,94.32122488401365,1,18.75846,True,True,1.430511474609375e-06
4816,94.33970913098892,1,18.434761,True,True,1.430511474609375e-06
4817,94.35844043502584,1,18.677272,True,True,1.430511474609375e-06
4818,94.37672399100848,1,18.229391,True,True,1.430511474609375e-06
4819,94.41770287102554,1,40.900656,True,True,1.430511474609375e-06
4820,94.43687467300333,1,19.03666,True,True,1.430511474609375e-06
4821,94.45548061002046,1,18.52759,True,True,1.430511474609375e-06
4822,94.47390856198035,1,18.365173,True,True,1.430511474609375e-06
4823,94.49237486900529,1,18.412113,True,True,1.430511474609375e-06
4824,94.51129897101782,1,18.865201,True,True,1.430511474609375e-06
4825,94.52974974602694,1,18.384636,True,True,1.430511474609375e-06
4826,94.54841798701091,1,18.606136,True,True,1.430511474609375e-06
4827,94.566673445981,1,18.19949,True,True,1.430511474609375e-06
4828,94.58509800001048,1,18.35297,True,True,1.430511474609375e-06
4829,94.60405408299994,1,18.91056,True,True,1.430511474609375e-06
4830,94.62263698398601,1,18.525628,True,True,1.430511474609375e-06
4831,94.64122544799466,1,18.529292,True,True,1.430511474609375e-06
4832,94.65974196302705,1,18.468624,True,True,1.430511474609375e-06
4833,94.67827949800994,1,18.486591,True,True,1.430511474609375e-06
4834,94.69666963402415,1,18.343955,True,True,1.430511474609375e-06
4835,94.71615703997668,1,19.446466,True,True,1.430511474609375e-06
4836,94.73469637299422,1,18.485032,True,True,1.430511474609375e-06
4837,94.75307695701485,1,18.333556,True,True,1.430511474609375e-06
4838,94.7716604010202,1,18.541396,True,True,1.430511474609375e-06
4839,94.79013243102236,1,18.415236,True,True,1.430511474609375e-06
4840,94.80906384298578,1,18.880553,True,True,1.430511474609375e-06
4841,94.82762005698169,1,18.490931,True,True,1.430511474609375e-06
4842,94.84645115799503,1,18.780523,True,True,1.430511474609375e-06
4843,94.86485158698633,1,18.354285,True,True,1.430511474609375e-06
4844,94.8831768159871,1,18.285555,True,True,1.430511474609375e-06
4845,94.90212040598271,1,18.899613,True,True,1.430511474609375e-06
4846,94.9206748320139,1,18.491055,True,True,1.430511474609375e-06
4847,94.9391571659944,1,18.434755,True,True,1.430511474609375e-06
4848,94.95759001601255,1,18.387371,True,True,1.430511474609375e-06
4849,94.97609052597545,1,18.45269,True,True,1.430511474609375e-06
4850,95.00653598899953,1,30.392656,True,True,1.430511474609375e-06
4851,95.02544327900978,1,18.790552,True,True,1.430511474609375e-06
4852,95.0439736819826,1,18.467907,True,True,1.430511474609375e-06
4853,95.06240001198603,1,18.382463,True,True,1.430511474609375e-06
4854,95.08143006701721,1,18.988347,True,True,1.430511474609375e-06
4855,95.09982578299241,1,18.351475,True,True,1.430511474609375e-06
4856,95.11869691498578,1,18.814802,True,True,1.430511474609375e-06
4857,95.13720097899204,1,18.454487,True,True,1.430511474609375e-06
4858,95.15594951197272,1,18.703112,True,True,1.430511474609375e-06
4859,95.17430170299485,1,18.30791,True,True,1.430511474609375e-06
4860,95.19268894998822,1,18.343895,True,True,1.430511474609375e-06
4861,95.21159440901829,1,18.86094,True,True,1.430511474609375e-06
4862,95.23010100302054,1,18.454198,True,True,1.430511474609375e-06
4863,95.24858089198824,1,18.435824,True,True,1.430511474609375e-06
4864,95.26705977501115,1,18.427996,True,True,1.430511474609375e-06
4865,95.28565936401719,1,18.558508,True,True,1.430511474609375e-06
4866,95.30466681602411,1,18.96395,True,True,1.430511474609375e-06
4867,95.32312225201167,1,18.395615,True,True,1.430511474609375e-06
4868,95.3421482089907,1,18.978991,True,True,1.430511474609375e-06
4869,95.36062563100131,1,18.42872,True,True,1.430511474609375e-06
4870,95.38116613501916,1,20.491845,True,True,1.430511474609375e-06
4871,95.41028534201905,1,29.035849,True,True,1.430511474609375e-06
4872,95.42893850500695,1,18.533284,True,True,1.430511474609375e-06
4873,95.44742561801104,1,18.419185,True,True,1.430511474609375e-06
4874,95.46592395100743,1,18.446918,True,True,1.430511474609375e-06
4875,95.48456000897568,1,18.585119,True,True,1.430511474609375e-06
4876,95.50362839997979,1,19.018762,True,True,1.430511474609375e-06
4877,95.52215996198356,1,18.456521,True,True,1.430511474609375e-06
4878,95.54104157502297,1,18.825069,True,True,1.430511474609375e-06
4879,95.55940511601511,1,18.31018,True,True,1.430511474609375e-06
4880,95.5779595199856,1,18.504732,True,True,1.430511474609375e-06
4881,95.59650126297493,1,18.482951,True,True,1.430511474609375e-06
4882,95.61555485898862,1,18.99376,True,True,1.430511474609375e-06
4883,95.6340017769835,1,18.374716,True,True,1.430511474609375e-06
4884,95.65235855797073,1,18.301539,True,True,1.430511474609375e-06
4885,95.67125133000081,1,18.834892,True,True,1.430511474609375e-06
4886,95.68974013399566,1,18.434421,True,True,1.430511474609375e-06
4887,95.7086696010083,1,18.873419,True,True,1.430511474609375e-06
4888,95.72722193802474,1,18.492991,True,True,1.430511474609375e-06
4889,95.74564869899768,1,18.372401,True,True,1.430511474609375e-06
4890,95.76412996998988,1,18.430265,True,True,1.430511474609375e-06
4891,95.78265877300873,1,18.470797,True,True,1.430511474609375e-06
4892,95.80176718102302,1,19.04075,True,True,1.430511474609375e-06
4893,95.82040598697495,1,18.576294,True,True,1.430511474609375e-06
4894,95.83880861301441,1,18.346922,True,True,1.430511474609375e-06
4895,95.85730226297164,1,18.447405,True,True,1.430511474609375e-06
4896,95.87587655498646,1,18.522824,True,True,1.430511474609375e-06
4897,95.89427399699343,1,18.346607,True,True,1.430511474609375e-06
4898,95.9127087710076,1,18.384194,True,True,1.430511474609375e-06
4899,95.93142131000059,1,18.660805,True,True,1.430511474609375e-06
4900,95.94988001097227,1,18.408374,True,True,1.430511474609375e-06
4901,95.96836783998879,1,18.440422,True,True,1.430511474609375e-06
4902,95.98687172000064,1,18.448853,True,True,1.430511474609375e-06
4903,96.01530959102092,1,28.384552,True,True,1.430511474609375e-06
4904,96.03571920102695,1,20.290878,True,True,1.430511474609375e-06
4905,96.05443350499263,1,18.643151,True,True,1.430511474609375e-06
4906,96.07285964599578,1,18.365373,True,True,1.430511474609375e-06
4907,96.09132656600559,1,18.420151,True,True,1.430511474609375e-06
4908,96.11025853001047,1,18.876556,True,True,1.430511474609375e-06
4909,96.12860004499089,1,18.296801,True,True,1.430511474609375e-06
4910,96.14709127001697,1,18.441324,True,True,1.430511474609375e-06
4911,96.16545333602699,1,18.317738,True,True,1.430511474609375e-06
4912,96.18427603697637,1,18.761403,True,True,1.430511474609375e-06
4913,96.20261836302234,1,18.286922,True,True,1.430511474609375e-06
4914,96.22097098699305,1,18.306416,True,True,1.430511474609375e-06
4915,96.23971521202475,1,18.68626,True,True,1.430511474609375e-06
4916,96.25808992801467,1,18.321894,True,True,1.430511474609375e-06
4917,96.27676487102872,1,18.619432,True,True,1.430511474609375e-06
4918,96.29515245102812,1,18.336612,True,True,1.430511474609375e-06
4919,96.32172657101182,1,26.509873,True,True,1.430511474609375e-06
4920,96.34294995898381,1,21.138831,True,True,1.430511474609375e-06
4921,96.36210031999508,1,19.091569,True,True,1.430511474609375e-06
4922,96.38338859402575,1,21.171578,True,True,1.430511474609375e-06
4923,96.41101672401419,1,27.505347,True,True,1.430511474609375e-06
4924,96.4300019100192,1,18.866574,True,True,1.430511474609375e-06
4925,96.4485545270145,1,18.481393,True,True,1.430511474609375e-06
4926,96.46711971098557,1,18.501431,True,True,1.430511474609375e-06
4927,96.48608758102637,1,18.880768,True,True,1.430511474609375e-06
4928,96.50499230599962,1,18.794202,True,True,1.430511474609375e-06
4929,96.52368935197592,1,18.599001,True,True,1.430511474609375e-06
4930,96.54220254800748,1,18.443887,True,True,1.430511474609375e-06
4931,96.56069062399911,1,18.430351,True,True,1.430511474609375e-06
4932,96.5788666040171,1,18.122536,True,True,1.430511474609375e-06
4933,96.5970739669865,1,18.148644,True,True,1.430511474609375e-06
4934,96.6156548060244,1,18.52874,True,True,1.430511474609375e-06
4935,96.63412369799335,1,18.410716,True,True,1.430511474609375e-06
4936,96.65237250097562,1,18.185742,True,True,1.430511474609375e-06
4937,96.67061284097144,1,18.188311,True,True,1.430511474609375e-06
4938,96.68874534597853,1,18.074918,True,True,1.430511474609375e-06
4939,96.70722255000146,1,18.424153,True,True,1.430511474609375e-06
4940,96.72539728897391,1,18.124831,True,True,1.430511474609375e-06
4941,96.74352736497531,1,18.080211,True,True,1.430511474609375e-06
4942,96.76199727802305,1,18.421198,True,True,1.430511474609375e-06
4943,96.78055947000394,1,18.509008,True,True,1.430511474609375e-06
4944,96.79905500897439,1,18.432178,True,True,1.430511474609375e-06
4945,96.81796810601372,1,18.85481,True,True,1.430511474609375e-06
4946,96.83655543299392,1,18.529149,True,True,1.430511474609375e-06
4947,96.85499695700128,1,18.389895,True,True,1.430511474609375e-06
4948,96.87350839498686,1,18.462915,True,True,1.430511474609375e-06
4949,96.892065173015,1,18.504991,True,True,1.430511474609375e-06
4950,96.9104799819761,1,18.363654,True,True,1.430511474609375e-06
4951,96.92902570101433,1,18.489587,True,True,1.430511474609375e-06
4952,96.94741318898741,1,18.34002,True,True,1.430511474609375e-06
4953,96.96579932101304,1,18.336773,True,True,1.430511474609375e-06
4954,96.98430783301592,1,18.458929,True,True,1.430511474609375e-06
4955,97.01239879697096,1,28.034894,True,True,1.430511474609375e-06
4956,97.03321044897893,1,20.695987,True,True,1.430511474609375e-06
4957,97.0517899109982,1,18.518897,True,True,1.430511474609375e-06
4958,97.07033524697181,1,18.496112,True,True,1.430511474609375e-06
4959,97.08879988599801,1,18.422512,True,True,1.430511474609375e-06
4960,97.10718017298495,1,18.340147,True,True,1.430511474609375e-06
4961,97.12564224097878,1,18.422138,True,True,1.430511474609375e-06
4962,97.1440404119785,1,18.34524,True,True,1.430511474609375e-06
4963,97.16240385000128,1,18.318948,True,True,1.430511474609375e-06
4964,97.18078219302697,1,18.33831,True,True,1.430511474609375e-06
4965,97.19916954502696,1,18.341838,True,True,1.430511474609375e-06
4966,97.21808424702613,1,18.875276,True,True,1.430511474609375e-06
4967,97.23642745998222,1,18.299859,True,True,1.430511474609375e-06
4968,97.25475947401719,1,18.28746,True,True,1.430511474609375e-06
4969,97.27323790697847,1,18.429648,True,True,1.430511474609375e-06
4970,97.29161612899043,1,18.332247,True,True,1.430511474609375e-06
4971,97.31021183397388,1,18.549762,True,True,1.430511474609375e-06
4972,97.32887447800022,1,18.574909,True,True,1.430511474609375e-06
4973,97.34726586501347,1,18.333445,True,True,1.430511474609375e-06
4974,97.36562675097957,1,18.308346,True,True,1.430511474609375e-06
4975,97.3876087369863,1,21.931773,True,True,1.430511474609375e-06
4976,97.41471179301152,1,26.986745,True,True,1.430511474609375e-06
4977,97.43345342797693,1,18.646619,True,True,1.430511474609375e-06
4978,97.45232164498884,1,18.806749,True,True,1.430511474609375e-06
4979,97.47084619197994,1,18.479702,True,True,1.430511474609375e-06
4980,97.48920687800273,1,18.299207,True,True,1.430511474609375e-06
4981,97.50786269101081,1,18.602215,True,True,1.430511474609375e-06
4982,97.52634517900879,1,18.433278,True,True,1.430511474609375e-06
4983,97.5447661189828,1,18.374942,True,True,1.430511474609375e-06
4984,97.56328415800817,1,18.464959,True,True,1.430511474609375e-06
4985,97.58167640597094,1,18.339012,True,True,1.430511474609375e-06
4986,97.60002118401462,1,18.297091,True,True,1.430511474609375e-06
4987,97.61851992300944,1,18.454755,True,True,1.430511474609375e-06
4988,97.63690636801766,1,18.334527,True,True,1.430511474609375e-06
4989,97.65536335797515,1,18.410527,True,True,1.430511474609375e-06
4990,97.67378058697795,1,18.372992,True,True,1.430511474609375e-06
4991,97.69235618499806,1,18.529718,True,True,1.430511474609375e-06
4992,97.71081932797097,1,18.412691,True,True,1.430511474609375e-06
4993,97.7293835519813,1,18.507907,True,True,1.430511474609375e-06
4994,97.74788487202022,1,18.445899,True,True,1.430511474609375e-06
4995,97.76626732497243,1,18.332761,True,True,1.430511474609375e-06
4996,97.79248738102615,1,26.154648,True,True,1.430511474609375e-06
4997,97.81099485297455,1,18.421316,True,True,1.430511474609375e-06
4998,97.82946862402605,1,18.424276,True,True,1.430511474609375e-06
4999,97.84787897497881,1,18.363353,True,True,1.430511474609375e-06
5000,97.86642022797605,1,18.501268,True,True,1.430511474609375e-06
5001,97.88490718102548,1,18.443479,True,True,1.430511474609375e-06
5002,97.90322601300431,1,18.278341,True,True,1.430511474609375e-06
5003,97.92178065597545,1,18.515278,True,True,1.430511474609375e-06
5004,97.94010261702351,1,18.282332,True,True,1.430511474609375e-06
5005,97.95858946198132,1,18.446702,True,True,1.430511474609375e-06
5006,97.97754685999826,1,18.919799,True,True,1.430511474609375e-06
5007,98.01842495898018,1,40.823228,True,True,1.430511474609375e-06
5008,98.03739495400805,1,18.83223,True,True,1.430511474609375e-06
5009,98.05586040799972,1,18.393922,True,True,1.430511474609375e-06
5010,98.07446044200333,1,18.547283,True,True,1.430511474609375e-06
5011,98.0930241990136,1,18.512519,True,True,1.430511474609375e-06
5012,98.11139746301342,1,18.326128,True,True,1.430511474609375e-06
5013,98.12988381000469,1,18.441783,True,True,1.430511474609375e-06
5014,98.1482835750212,1,18.355591,True,True,1.430511474609375e-06
5015,98.16670435800916,1,18.379935,True,True,1.430511474609375e-06
5016,98.1851098369807,1,18.363779,True,True,1.430511474609375e-06
5017,98.20355499599827,1,18.401965,True,True,1.430511474609375e-06
5018,98.22199300699867,1,18.397353,True,True,1.430511474609375e-06
5019,98.24027463799575,1,18.240306,True,True,1.430511474609375e-06
5020,98.25890893797623,1,18.591773,True,True,1.430511474609375e-06
5021,98.27731211500941,1,18.338193,True,True,1.430511474609375e-06
5022,98.295762610971,1,18.394582,True,True,1.430511474609375e-06
5023,98.31475163000869,1,18.931511,True,True,1.430511474609375e-06
5024,98.33310015802272,1,18.295938,True,True,1.430511474609375e-06
5025,98.35138556401944,1,18.239953,True,True,1.430511474609375e-06
5026,98.3696928260033,1,18.257506,True,True,1.430511474609375e-06
5027,98.39836100698449,1,28.603749,True,True,1.430511474609375e-06
5028,98.41869908099761,1,20.224509,True,True,1.430511474609375e-06
5029,98.43724300898612,1,18.475739,True,True,1.430511474609375e-06
5030,98.45586161897518,1,18.553502,True,True,1.430511474609375e-06
5031,98.47430735098897,1,18.392591,True,True,1.430511474609375e-06
5032,98.49300198501442,1,18.63089,True,True,1.430511474609375e-06
5033,98.5114531199797,1,18.395026,True,True,1.430511474609375e-06
5034,98.52986459899694,1,18.35876,True,True,1.430511474609375e-06
5035,98.54877972602844,1,18.864744,True,True,1.430511474609375e-06
5036,98.56718373898184,1,18.344846,True,True,1.430511474609375e-06
5037,98.58584771899041,1,18.602926,True,True,1.430511474609375e-06
5038,98.60443967400352,1,18.531434,True,True,1.430511474609375e-06
5039,98.62291893397924,1,18.424834,True,True,1.430511474609375e-06
5040,98.64384064701153,1,20.862203,True,True,1.430511474609375e-06
5041,98.67007872799877,1,26.148247,True,True,1.430511474609375e-06
5042,98.68907895602752,1,18.894637,True,True,1.430511474609375e-06
5043,98.70771622698521,1,18.544126,True,True,1.430511474609375e-06
5044,98.72630248800851,1,18.520842,True,True,1.430511474609375e-06
5045,98.74492008797824,1,18.561928,True,True,1.430511474609375e-06
5046,98.76340182602871,1,18.43051,True,True,1.430511474609375e-06
5047,98.78210903599393,1,18.645403,True,True,1.430511474609375e-06
5048,98.80156121897744,1,19.365963,True,True,1.430511474609375e-06
5049,98.82018240797333,1,18.515934,True,True,1.430511474609375e-06
5050,98.8386843270273,1,18.4364,True,True,1.430511474609375e-06
5051,98.85731489001773,1,18.569045,True,True,1.430511474609375e-06
5052,98.87573988700751,1,18.375342,True,True,1.430511474609375e-06
5053,98.89405157399597,1,18.258664,True,True,1.430511474609375e-06
5054,98.91252141399309,1,18.42459,True,True,1.430511474609375e-06
5055,98.93108118802775,1,18.504386,True,True,1.430511474609375e-06
5056,98.94962883699918,1,18.501864,True,True,1.430511474609375e-06
5057,98.96810860198457,1,18.426188,True,True,1.430511474609375e-06
5058,98.9869704109733,1,18.814819,True,True,1.430511474609375e-06
5059,99.00555730098858,1,18.525938,True,True,1.430511474609375e-06
5060,99.03575627302052,1,30.144628,True,True,1.430511474609375e-06
5061,99.05449059198145,1,18.615143,True,True,1.430511474609375e-06
5062,99.07302382600028,1,18.462552,True,True,1.430511474609375e-06
5063,99.09147834597388,1,18.393508,True,True,1.430511474609375e-06
5064,99.11004913097713,1,18.523028,True,True,1.430511474609375e-06
5065,99.12836041400442,1,18.256921,True,True,1.430511474609375e-06
5066,99.14678170898696,1,18.37409,True,True,1.430511474609375e-06
5067,99.16562255797908,1,18.787468,True,True,1.430511474609375e-06
5068,99.18402206600877,1,18.353991,True,True,1.430511474609375e-06
5069,99.20234600699041,1,18.267905,True,True,1.430511474609375e-06
5070,99.22065457701683,1,18.260828,True,True,1.430511474609375e-06
5071,99.23899383400567,1,18.284153,True,True,1.430511474609375e-06
5072,99.25750481599243,1,18.456684,True,True,1.430511474609375e-06
5073,99.27595405501779,1,18.38733,True,True,1.430511474609375e-06
5074,99.29446490702685,1,18.458476,True,True,1.430511474609375e-06
5075,99.3197171560023,1,25.19546,True,True,1.430511474609375e-06
5076,99.34127485001227,1,21.463425,True,True,1.430511474609375e-06
5077,99.35988162201829,1,18.539318,True,True,1.430511474609375e-06
5078,99.38032156298868,1,20.376775,True,True,1.430511474609375e-06
5079,99.40872389997821,1,28.331198,True,True,1.430511474609375e-06
5080,99.42740088497521,1,18.574442,True,True,1.430511474609375e-06
5081,99.44595217501046,1,18.483344,True,True,1.430511474609375e-06
5082,99.46439535397803,1,18.385267,True,True,1.430511474609375e-06
5083,99.48288283497095,1,18.436178,True,True,1.430511474609375e-06
5084,99.50125045701861,1,18.309875,True,True,1.430511474609375e-06
5085,99.51958685100544,1,18.287384,True,True,1.430511474609375e-06
5086,99.53844433097402,1,18.803902,True,True,1.430511474609375e-06
5087,99.5568674459937,1,18.371117,True,True,1.430511474609375e-06
5088,99.57528028497472,1,18.3586,True,True,1.430511474609375e-06
5089,99.59370732802199,1,18.374112,True,True,1.430511474609375e-06
5090,99.61216946400236,1,18.407557,True,True,1.430511474609375e-06
5091,99.63054397102678,1,18.321942,True,True,1.430511474609375e-06
5092,99.64906303101452,1,18.451945,True,True,1.430511474609375e-06
5093,99.66763680201257,1,18.507307,True,True,1.430511474609375e-06
5094,99.68611127597978,1,18.417856,True,True,1.430511474609375e-06
5095,99.70445144700352,1,18.290356,True,True,1.430511474609375e-06
5096,99.72313081199536,1,18.62919,True,True,1.430511474609375e-06
5097,99.74161119997734,1,18.428727,True,True,1.430511474609375e-06
5098,99.75974147900706,1,18.076828,True,True,1.430511474609375e-06
5099,99.77803751500323,1,18.249026,True,True,1.430511474609375e-06
5100,99.79656997800339,1,18.474066,True,True,1.430511474609375e-06
5101,99.81517704902217,1,18.552877,True,True,1.430511474609375e-06
5102,99.83382718299981,1,18.591487,True,True,1.430511474609375e-06
5103,99.85257220698986,1,18.696167,True,True,1.430511474609375e-06
5104,99.8709429189912,1,18.318333,True,True,1.430511474609375e-06
5105,99.88928619597573,1,18.292186,True,True,1.430511474609375e-06
5106,99.90767738997238,1,18.342218,True,True,1.430511474609375e-06
5107,99.92620044999057,1,18.471401,True,True,1.430511474609375e-06
5108,99.94455524202203,1,18.305528,True,True,1.430511474609375e-06
5109,99.9629570239922,1,18.351348,True,True,1.430511474609375e-06
5110,99.98107622697717,1,18.062458,True,True,1.430511474609375e-06
5111,99.99942437099526,1,18.303538,True,True,1.430511474609375e-06
5112,100.02096832898678,1,21.490188,True,True,1.430511474609375e-06
5113,100.04783892800333,1,26.775309,True,True,1.430511474609375e-06
5114,100.06645907298662,1,18.542183,True,True,1.430511474609375e-06
5115,100.08480820601108,1,18.298818,True,True,1.430511474609375e-06
5116,100.10326490498846,1,18.414632,True,True,1.430511474609375e-06
5117,100.12169555702712,1,18.387459,True,True,1.430511474609375e-06
5118,100.14283496898133,1,21.095217,True,True,1.430511474609375e-06
5119,100.16906351200305,1,26.164193,True,True,1.430511474609375e-06
5120,100.18757582001854,1,18.454356,True,True,1.430511474609375e-06
5121,100.20609021600103,1,18.467453,True,True,1.430511474609375e-06
5122,100.22452747897478,1,18.393189,True,True,1.430511474609375e-06
5123,100.24301357398508,1,18.446547,True,True,1.430511474609375e-06
5124,100.26144540397217,1,18.392646,True,True,1.430511474609375e-06
5125,100.27980997599661,1,18.31879,True,True,1.430511474609375e-06
5126,100.29846645001089,1,18.615561,True,True,1.430511474609375e-06
5127,100.31680224399315,1,18.292177,True,True,1.430511474609375e-06
5128,100.33526330901077,1,18.417527,True,True,1.430511474609375e-06
5129,100.35432812198997,1,19.02391,True,True,1.430511474609375e-06
5130,100.37282539502485,1,18.439032,True,True,1.430511474609375e-06
5131,100.40272427798482,1,29.841818,True,True,1.430511474609375e-06
5132,100.42136083799414,1,18.529449,True,True,1.430511474609375e-06
5133,100.4400619820226,1,18.639162,True,True,1.430511474609375e-06
5134,100.45838191499934,1,18.267444,True,True,1.430511474609375e-06
5135,100.47701811301522,1,18.587608,True,True,1.430511474609375e-06
5136,100.49534103402402,1,18.268932,True,True,1.430511474609375e-06
5137,100.51366096100537,1,18.275254,True,True,1.430511474609375e-06
5138,100.53273632697528,1,19.024935,True,True,1.430511474609375e-06
5139,100.5510974599747,1,18.319068,True,True,1.430511474609375e-06
5140,100.569576149981,1,18.429705,True,True,1.430511474609375e-06
5141,100.58801903499989,1,18.397263,True,True,1.430511474609375e-06
5142,100.6063690489973,1,18.305212,True,True,1.430511474609375e-06
5143,100.6247959259781,1,18.383352,True,True,1.430511474609375e-06
5144,100.64335524500348,1,18.514697,True,True,1.430511474609375e-06
5145,100.66177374398103,1,18.374558,True,True,1.430511474609375e-06
5146,100.68022671801737,1,18.408966,True,True,1.430511474609375e-06
5147,100.69864858698566,1,18.379364,True,True,1.430511474609375e-06
5148,100.71719781600405,1,18.507625,True,True,1.430511474609375e-06
5149,100.73558826197404,1,18.340408,True,True,1.430511474609375e-06
5150,100.75417490198743,1,18.541622,True,True,1.430511474609375e-06
5151,100.77261854498647,1,18.403984,True,True,1.430511474609375e-06
5152,100.79107320401818,1,18.39976,True,True,1.430511474609375e-06
5153,100.80968511698302,1,18.56335,True,True,1.430511474609375e-06
5154,100.82828070200048,1,18.54564,True,True,1.430511474609375e-06
5155,100.8467573900125,1,18.431034,True,True,1.430511474609375e-06
5156,100.86511565302499,1,18.312752,True,True,1.430511474609375e-06
5157,100.88382901402656,1,18.671698,True,True,1.430511474609375e-06
5158,100.90219108201563,1,18.32106,True,True,1.430511474609375e-06
5159,100.92058868799359,1,18.355905,True,True,1.430511474609375e-06
5160,100.93903689301806,1,18.40466,True,True,1.430511474609375e-06
5161,100.95744898100384,1,18.370799,True,True,1.430511474609375e-06
5162,100.97589997301111,1,18.409785,True,True,1.430511474609375e-06
5163,101.0015187659883,1,25.578005,True,True,1.430511474609375e-06
5164,101.03380473097786,1,32.200778,True,True,1.430511474609375e-06
5165,101.0544071670156,1,20.47074,True,True,1.430511474609375e-06
5166,101.07282277802005,1,18.358689,True,True,1.430511474609375e-06
5167,101.09122836799361,1,18.35712,True,True,1.430511474609375e-06
5168,101.11006637697574,1,18.790795,True,True,1.430511474609375e-06
5169,101.1283863990102,1,18.276567,True,True,1.430511474609375e-06
5170,101.14683064998826,1,18.383512,True,True,1.430511474609375e-06
5171,101.16524246498011,1,18.36215,True,True,1.430511474609375e-06
5172,101.18392420798773,1,18.639464,True,True,1.430511474609375e-06
5173,101.20224250602769,1,18.268461,True,True,1.430511474609375e-06
5174,101.2205860959948,1,18.299767,True,True,1.430511474609375e-06
5175,101.23937221098458,1,18.741445,True,True,1.430511474609375e-06
5176,101.25779270398198,1,18.377082,True,True,1.430511474609375e-06
5177,101.27639477798948,1,18.543189,True,True,1.430511474609375e-06
5178,101.2947935310076,1,18.339151,True,True,1.430511474609375e-06
5179,101.31319388002157,1,18.351156,True,True,1.430511474609375e-06
5180,101.33162649697624,1,18.3829,True,True,1.430511474609375e-06
5181,101.3500687769847,1,18.398213,True,True,1.430511474609375e-06
5182,101.36870727100177,1,18.584202,True,True,1.430511474609375e-06
5183,101.39081882400205,1,22.018124,True,True,1.430511474609375e-06
5184,101.41880971001228,1,27.867464,True,True,1.430511474609375e-06
5185,101.43743555399124,1,18.558686,True,True,1.430511474609375e-06
5186,101.45594293798786,1,18.452322,True,True,1.430511474609375e-06
5187,101.47434148401953,1,18.354465,True,True,1.430511474609375e-06
5188,101.49332114000572,1,18.93121,True,True,1.430511474609375e-06
5189,101.51222058798885,1,18.797197,True,True,1.430511474609375e-06
5190,101.53079378401162,1,18.498943,True,True,1.430511474609375e-06
5191,101.54929797101067,1,18.441662,True,True,1.430511474609375e-06
5192,101.56784272997174,1,18.487022,True,True,1.430511474609375e-06
5193,101.58622369397199,1,18.322754,True,True,1.430511474609375e-06
5194,101.60461786098313,1,18.337554,True,True,1.430511474609375e-06
5195,101.6230405740207,1,18.369817,True,True,1.430511474609375e-06
5196,101.6414101709961,1,18.302915,True,True,1.430511474609375e-06
5197,101.66014719102532,1,18.680168,True,True,1.430511474609375e-06
5198,101.67852954601403,1,18.322822,True,True,1.430511474609375e-06
5199,101.69682693702634,1,18.245467,True,True,1.430511474609375e-06
5200,101.71531610499369,1,18.43523,True,True,1.430511474609375e-06
5201,101.73364826897159,1,18.281786,True,True,1.430511474609375e-06
5202,101.75199297297513,1,18.289962,True,True,1.430511474609375e-06
5203,101.7704169159988,1,18.371682,True,True,1.430511474609375e-06
5204,101.78898048499832,1,18.50292,True,True,1.430511474609375e-06
5205,101.80742789898068,1,18.394107,True,True,1.430511474609375e-06
5206,101.82577634399058,1,18.293416,True,True,1.430511474609375e-06
5207,101.84423613699619,1,18.411796,True,True,1.430511474609375e-06
5208,101.86251890601125,1,18.233848,True,True,1.430511474609375e-06
5209,101.88088572100969,1,18.32153,True,True,1.430511474609375e-06
5210,101.89947865699651,1,18.542664,True,True,1.430511474609375e-06
5211,101.91786972299451,1,18.342418,True,True,1.430511474609375e-06
5212,101.93633720098296,1,18.414357,True,True,1.430511474609375e-06
5213,101.95506468601525,1,18.679849,True,True,1.430511474609375e-06
5214,101.97348618000979,1,18.369446,True,True,1.430511474609375e-06
5215,101.99180989299202,1,18.274515,True,True,1.430511474609375e-06
5216,102.0102760050213,1,18.41725,True,True,1.430511474609375e-06
5217,102.02878387097735,1,18.456987,True,True,1.430511474609375e-06
5218,102.0589603590197,1,30.121666,True,True,1.430511474609375e-06
5219,102.07769322500098,1,18.613351,True,True,1.430511474609375e-06
5220,102.096251356008,1,18.49563,True,True,1.430511474609375e-06
5221,102.11473497602856,1,18.42385,True,True,1.430511474609375e-06
5222,102.13339160301257,1,18.606557,True,True,1.430511474609375e-06
5223,102.15168573800474,1,18.241713,True,True,1.430511474609375e-06
5224,102.17013076198054,1,18.397015,True,True,1.430511474609375e-06
5225,102.1890959420125,1,18.914025,True,True,1.430511474609375e-06
5226,102.20753491698997,1,18.392156,True,True,1.430511474609375e-06
5227,102.22596204298316,1,18.374672,True,True,1.430511474609375e-06
5228,102.24432226800127,1,18.310949,True,True,1.430511474609375e-06
5229,102.26294734602561,1,18.572962,True,True,1.430511474609375e-06
5230,102.28130346297985,1,18.301433,True,True,1.430511474609375e-06
5231,102.2997923460207,1,18.435996,True,True,1.430511474609375e-06
5232,102.3182836730266,1,18.439452,True,True,1.430511474609375e-06
5233,102.33675761101767,1,18.420056,True,True,1.430511474609375e-06
5234,102.35529686202062,1,18.486238,True,True,1.430511474609375e-06
5235,102.3742667370243,1,18.91733,True,True,1.430511474609375e-06
5236,102.40488336601993,1,30.562896,True,True,1.430511474609375e-06
5237,102.42686764401151,1,21.863529,True,True,1.430511474609375e-06
5238,102.44662573398091,1,19.614733,True,True,1.430511474609375e-06
5239,102.46561928000301,1,18.864887,True,True,1.430511474609375e-06
5240,102.48429907101672,1,18.586385,True,True,1.430511474609375e-06
5241,102.50284475798253,1,18.480609,True,True,1.430511474609375e-06
5242,102.52136605797568,1,18.452541,True,True,1.430511474609375e-06
5243,102.53964672802249,1,18.209611,True,True,1.430511474609375e-06
5244,102.55795412498992,1,18.238063,True,True,1.430511474609375e-06
5245,102.57654040702619,1,18.522702,True,True,1.430511474609375e-06
5246,102.59509699000046,1,18.487089,True,True,1.430511474609375e-06
5247,102.61360264400719,1,18.443747,True,True,1.430511474609375e-06
5248,102.63228308298858,1,18.611027,True,True,1.430511474609375e-06
5249,102.65073346497957,1,18.383149,True,True,1.430511474609375e-06
5250,102.66919222398428,1,18.394148,True,True,1.430511474609375e-06
5251,102.6876987380092,1,18.438872,True,True,1.430511474609375e-06
5252,102.706170785008,1,18.408747,True,True,1.430511474609375e-06
5253,102.72467579197837,1,18.430544,True,True,1.430511474609375e-06
5254,102.74351733899675,1,18.779782,True,True,1.430511474609375e-06
5255,102.76211158698425,1,18.528372,True,True,1.430511474609375e-06
5256,102.78068914997857,1,18.510622,True,True,1.430511474609375e-06
5257,102.79924111801665,1,18.469164,True,True,1.430511474609375e-06
5258,102.81845009402605,1,19.123943,True,True,1.430511474609375e-06
5259,102.83689265797148,1,18.378502,True,True,1.430511474609375e-06
5260,102.85529005597346,1,18.336214,True,True,1.430511474609375e-06
5261,102.87372295901878,1,18.381355,True,True,1.430511474609375e-06
5262,102.89227114798268,1,18.493087,True,True,1.430511474609375e-06
5263,102.91774599801283,1,25.418982,True,True,1.430511474609375e-06
5264,102.94035040499875,1,22.500852,True,True,1.430511474609375e-06
5265,102.95888239500346,1,18.455608,True,True,1.430511474609375e-06
5266,102.97745754400967,1,18.513916,True,True,1.430511474609375e-06
5267,102.99601902597351,1,18.498215,True,True,1.430511474609375e-06
5268,103.01459797099233,1,18.520995,True,True,1.430511474609375e-06
5269,103.03647043200908,1,21.816175,True,True,1.430511474609375e-06
5270,103.06415349699091,1,27.595551,True,True,1.430511474609375e-06
5271,103.08276503701927,1,18.522727,True,True,1.430511474609375e-06
5272,103.10133568302263,1,18.503174,True,True,1.430511474609375e-06
5273,103.1198409399949,1,18.43774,True,True,1.430511474609375e-06
5274,103.13842092599953,1,18.526116,True,True,1.430511474609375e-06
5275,103.15692521398887,1,18.455249,True,True,1.430511474609375e-06
5276,103.17527968302602,1,18.306907,True,True,1.430511474609375e-06
5277,103.19400454097195,1,18.678222,True,True,1.430511474609375e-06
5278,103.21233147801831,1,18.277359,True,True,1.430511474609375e-06
5279,103.23066862800624,1,18.287125,True,True,1.430511474609375e-06
5280,103.24911111197434,1,18.395283,True,True,1.430511474609375e-06
5281,103.26756088098045,1,18.396496,True,True,1.430511474609375e-06
5282,103.28601041401271,1,18.393414,True,True,1.430511474609375e-06
5283,103.30458785098745,1,18.521924,True,True,1.430511474609375e-06
5284,103.32305499300128,1,18.415076,True,True,1.430511474609375e-06
5285,103.34141874400666,1,18.303564,True,True,1.430511474609375e-06
5286,103.3595845720265,1,18.109588,True,True,1.430511474609375e-06
5287,103.37783646397293,1,18.196309,True,True,1.430511474609375e-06
5288,103.40643437602557,1,28.529379,True,True,1.430511474609375e-06
5289,103.42686038697138,1,20.312919,True,True,1.430511474609375e-06
5290,103.44597669999348,1,19.03163,True,True,1.430511474609375e-06
5291,103.46453652001219,1,18.486883,True,True,1.430511474609375e-06
5292,103.48300525598461,1,18.397992,True,True,1.430511474609375e-06
5293,103.50151924899546,1,18.430558,True,True,1.430511474609375e-06
5294,103.52023304597242,1,18.64146,True,True,1.430511474609375e-06
5295,103.53874265798368,1,18.439418,True,True,1.430511474609375e-06
5296,103.55725485499715,1,18.443781,True,True,1.430511474609375e-06
5297,103.57573238800978,1,18.413191,True,True,1.430511474609375e-06
5298,103.59416235599201,1,18.365407,True,True,1.430511474609375e-06
5299,103.61254367401125,1,18.313553,True,True,1.430511474609375e-06
5300,103.63104800798465,1,18.443696,True,True,1.430511474609375e-06
5301,103.64948122599162,1,18.36902,True,True,1.430511474609375e-06
5302,103.66807008400792,1,18.520247,True,True,1.430511474609375e-06
5303,103.68718136800453,1,19.002351,True,True,1.430511474609375e-06
5304,103.70566355698975,1,18.38457,True,True,1.430511474609375e-06
5305,103.72412818198791,1,18.391765,True,True,1.430511474609375e-06
5306,103.74263976997463,1,18.448338,True,True,1.430511474609375e-06
5307,103.76096568000503,1,18.258408,True,True,1.430511474609375e-06
5308,103.7796938859974,1,18.666261,True,True,1.430511474609375e-06
5309,103.79850154399173,1,18.695057,True,True,1.430511474609375e-06
5310,103.81721089000348,1,18.59462,True,True,1.430511474609375e-06
5311,103.83539126301184,1,18.098564,True,True,1.430511474609375e-06
5312,103.85369636199903,1,18.235306,True,True,1.430511474609375e-06
5313,103.87218089197995,1,18.419074,True,True,1.430511474609375e-06
5314,103.89050083700567,1,18.259007,True,True,1.430511474609375e-06
5315,103.90891759598162,1,18.353903,True,True,1.430511474609375e-06
5316,103.92778332100715,1,18.803665,True,True,1.430511474609375e-06
5317,103.94618422497297,1,18.342442,True,True,1.430511474609375e-06
5318,103.96466872497695,1,18.425107,True,True,1.430511474609375e-06
5319,103.98310719599249,1,18.370875,True,True,1.430511474609375e-06
5320,104.00165644002846,1,18.485365,True,True,1.430511474609375e-06
5321,104.02022064098855,1,18.501668,True,True,1.430511474609375e-06
5322,104.04885491699679,1,28.560721,True,True,1.430511474609375e-06
5323,104.06946727499599,1,20.508506,True,True,1.430511474609375e-06
5324,104.08797372301342,1,18.427621,True,True,1.430511474609375e-06
5325,104.10663827700773,1,18.597072,True,True,1.430511474609375e-06
5326,104.12501620798139,1,18.315975,True,True,1.430511474609375e-06
5327,104.14340523997089,1,18.321338,True,True,1.430511474609375e-06
5328,104.16215770499548,1,18.696135,True,True,1.430511474609375e-06
5329,104.18060782301472,1,18.386767,True,True,1.430511474609375e-06
5330,104.19906558899675,1,18.396015,True,True,1.430511474609375e-06
5331,104.21742791600991,1,18.298713,True,True,1.430511474609375e-06
5332,104.23615902097663,1,18.670739,True,True,1.430511474609375e-06
5333,104.25461252301466,1,18.388623,True,True,1.430511474609375e-06
5334,104.2730788650224,1,18.398797,True,True,1.430511474609375e-06
5335,104.29219666402787,1,19.053443,True,True,1.430511474609375e-06
5336,104.31061787297949,1,18.356773,True,True,1.430511474609375e-06
5337,104.32903563999571,1,18.34927,True,True,1.430511474609375e-06
5338,104.34746100299526,1,18.366442,True,True,1.430511474609375e-06
5339,104.36595266597578,1,18.424621,True,True,1.430511474609375e-06
5340,104.38748057599878,1,21.451616,True,True,1.430511474609375e-06
5341,104.41461148799863,1,27.02624,True,True,1.430511474609375e-06
5342,104.43342708901037,1,18.70897,True,True,1.430511474609375e-06
5343,104.45192868699087,1,18.434026,True,True,1.430511474609375e-06
5344,104.47055479697883,1,18.557468,True,True,1.430511474609375e-06
5345,104.48904803302139,1,18.425363,True,True,1.430511474609375e-06
5346,104.50742654397618,1,18.310101,True,True,1.430511474609375e-06
5347,104.52585891901981,1,18.36801,True,True,1.430511474609375e-06
5348,104.54442971502431,1,18.507512,True,True,1.430511474609375e-06
5349,104.56314681202639,1,18.650138,True,True,1.430511474609375e-06
5350,104.58409356098855,1,20.874403,True,True,1.430511474609375e-06
5351,104.61009728600038,1,25.903404,True,True,1.430511474609375e-06
5352,104.62871147197438,1,18.524946,True,True,1.430511474609375e-06
5353,104.6476940769935,1,18.907633,True,True,1.430511474609375e-06
5354,104.6662527419976,1,18.487392,True,True,1.430511474609375e-06
5355,104.68448059499497,1,18.162407,True,True,1.430511474609375e-06
5356,104.70297845301684,1,18.432663,True,True,1.430511474609375e-06
5357,104.7216670300113,1,18.622972,True,True,1.430511474609375e-06
5358,104.7403857249883,1,18.59442,True,True,1.430511474609375e-06
5359,104.75905004900414,1,18.575704,True,True,1.430511474609375e-06
5360,104.77780188102042,1,18.681687,True,True,1.430511474609375e-06
5361,104.79646656598197,1,18.58059,True,True,1.430511474609375e-06
5362,104.8150168560096,1,18.476638,True,True,1.430511474609375e-06
5363,104.83402814000146,1,18.9401,True,True,1.430511474609375e-06
5364,104.85247270099353,1,18.375791,True,True,1.430511474609375e-06
5365,104.87096010602545,1,18.422258,True,True,1.430511474609375e-06
5366,104.8896386459819,1,18.616282,True,True,1.430511474609375e-06
5367,104.90818784601288,1,18.48279,True,True,1.430511474609375e-06
5368,104.92660417000297,1,18.354812,True,True,1.430511474609375e-06
5369,104.9450926919817,1,18.424457,True,True,1.430511474609375e-06
5370,104.96377408102853,1,18.622869,True,True,1.430511474609375e-06
5371,104.9823490550043,1,18.51592,True,True,1.430511474609375e-06
5372,105.00094420998357,1,18.529024,True,True,1.430511474609375e-06
5373,105.01938043098198,1,18.374164,True,True,1.430511474609375e-06
5374,105.04785322200041,1,28.409719,True,True,1.430511474609375e-06
5375,105.06816397502553,1,20.201969,True,True,1.430511474609375e-06
5376,105.08690251299413,1,18.655331,True,True,1.430511474609375e-06
5377,105.10538738797186,1,18.411881,True,True,1.430511474609375e-06
5378,105.12389090901706,1,18.446165,True,True,1.430511474609375e-06
5379,105.14310418401146,1,19.149499,True,True,1.430511474609375e-06
5380,105.16157383902464,1,18.404682,True,True,1.430511474609375e-06
5381,105.18003901798511,1,18.400613,True,True,1.430511474609375e-06
5382,105.19840360502712,1,18.304204,True,True,1.430511474609375e-06
5383,105.21724101400468,1,18.776761,True,True,1.430511474609375e-06
5384,105.23567897098837,1,18.376931,True,True,1.430511474609375e-06
5385,105.26106668898137,1,25.320851,True,True,1.430511474609375e-06
5386,105.28301357099554,1,21.8329,True,True,1.430511474609375e-06
5387,105.30166310397908,1,18.558457,True,True,1.430511474609375e-06
5388,105.32017034600722,1,18.431446,True,True,1.430511474609375e-06
5389,105.33883018302731,1,18.589099,True,True,1.430511474609375e-06
5390,105.35740426898701,1,18.512621,True,True,1.430511474609375e-06
5391,105.37590546201682,1,18.428204,True,True,1.430511474609375e-06
5392,105.40600213297876,1,30.022228,True,True,1.430511474609375e-06
5393,105.42471474298509,1,18.595779,True,True,1.430511474609375e-06
5394,105.44378756301012,1,18.991025,True,True,1.430511474609375e-06
5395,105.46221220702864,1,18.353649,True,True,1.430511474609375e-06
5396,105.4807113709976,1,18.440365,True,True,1.430511474609375e-06
5397,105.49911370599875,1,18.334172,True,True,1.430511474609375e-06
5398,105.51771839801222,1,18.538172,True,True,1.430511474609375e-06
5399,105.53615153999999,1,18.365055,True,True,1.430511474609375e-06
5400,105.55444295500638,1,18.230551,True,True,1.430511474609375e-06
5401,105.57265165599529,1,18.145461,True,True,1.430511474609375e-06
5402,105.59097134397598,1,18.250026,True,True,1.430511474609375e-06
5403,105.60952674597502,1,18.482654,True,True,1.430511474609375e-06
5404,105.62802097800886,1,18.431332,True,True,1.430511474609375e-06
5405,105.64655643800506,1,18.471379,True,True,1.430511474609375e-06
5406,105.66508508397965,1,18.45217,True,True,1.430511474609375e-06
5407,105.68353249999927,1,18.377389,True,True,1.430511474609375e-06
5408,105.70193133701105,1,18.331425,True,True,1.430511474609375e-06
5409,105.72084819799056,1,18.856655,True,True,1.430511474609375e-06
5410,105.73918302898528,1,18.271645,True,True,1.430511474609375e-06
5411,105.75740953400964,1,18.167121,True,True,1.430511474609375e-06
5412,105.77568411402171,1,18.210748,True,True,1.430511474609375e-06
5413,105.7940936619998,1,18.345881,True,True,1.430511474609375e-06
5414,105.8125718429801,1,18.418418,True,True,1.430511474609375e-06
5415,105.83099760400364,1,18.368517,True,True,1.430511474609375e-06
5416,105.84960570099065,1,18.545252,True,True,1.430511474609375e-06
5417,105.86792228801642,1,18.253496,True,True,1.430511474609375e-06
5418,105.88607910997234,1,18.091595,True,True,1.430511474609375e-06
5419,105.90737681399332,1,21.238659,True,True,1.430511474609375e-06
5420,105.93263851001393,1,25.172954,True,True,1.430511474609375e-06
5421,105.9512961480068,1,18.577124,True,True,1.430511474609375e-06
5422,105.97007325699087,1,18.710075,True,True,1.430511474609375e-06
5423,105.9884416530258,1,18.308172,True,True,1.430511474609375e-06
5424,106.00672829098767,1,18.225888,True,True,1.430511474609375e-06
5425,106.02518364100251,1,18.393822,True,True,1.430511474609375e-06
5426,106.04398305702489,1,18.717941,True,True,1.430511474609375e-06
5427,106.07221517298603,1,28.156873,True,True,1.430511474609375e-06
5428,106.09263557102531,1,20.316711,True,True,1.430511474609375e-06
5429,106.11104935902404,1,18.344052,True,True,1.430511474609375e-06
5430,106.12946820398793,1,18.350505,True,True,1.430511474609375e-06
5431,106.14828189101536,1,18.749715,True,True,1.430511474609375e-06
5432,106.16658854397247,1,18.258005,True,True,1.430511474609375e-06
5433,106.18496203899849,1,18.328436,True,True,1.430511474609375e-06
5434,106.20360755000729,1,18.596774,True,True,1.430511474609375e-06
5435,106.22254652698757,1,18.828966,True,True,1.430511474609375e-06
5436,106.24131609097822,1,18.675699,True,True,1.430511474609375e-06
5437,106.26030552602606,1,18.878922,True,True,1.430511474609375e-06
5438,106.27912171697244,1,18.722706,True,True,1.430511474609375e-06
5439,106.29765263700392,1,18.470175,True,True,1.430511474609375e-06
5440,106.31617904902669,1,18.470911,True,True,1.430511474609375e-06
5441,106.33463082002709,1,18.39245,True,True,1.430511474609375e-06
5442,106.35328992601717,1,18.606348,True,True,1.430511474609375e-06
5443,106.37207034701714,1,18.691275,True,True,1.430511474609375e-06
5444,106.40017230401281,1,28.002674,True,True,1.430511474609375e-06
5445,106.42118949600263,1,20.908721,True,True,1.430511474609375e-06
5446,106.43958429299528,1,18.315528,True,True,1.430511474609375e-06
5447,106.45804281899473,1,18.38823,True,True,1.430511474609375e-06
5448,106.47689398797229,1,18.791618,True,True,1.430511474609375e-06
5449,106.4957304429845,1,18.726616,True,True,1.430511474609375e-06
5450,106.51458147802623,1,18.752553,True,True,1.430511474609375e-06
5451,106.53312731598271,1,18.472262,True,True,1.430511474609375e-06
5452,106.55171341000823,1,18.523423,True,True,1.430511474609375e-06
5453,106.57036827900447,1,18.597804,True,True,1.430511474609375e-06
5454,106.58923886402044,1,18.815567,True,True,1.430511474609375e-06
5455,106.60772117297165,1,18.425894,True,True,1.430511474609375e-06
5456,106.62616678100312,1,18.394435,True,True,1.430511474609375e-06
5457,106.64464013301767,1,18.418917,True,True,1.430511474609375e-06
5458,106.66331244702451,1,18.615972,True,True,1.430511474609375e-06
5459,106.68169848201796,1,18.332543,True,True,1.430511474609375e-06
5460,106.70010986697162,1,18.358415,True,True,1.430511474609375e-06
5461,106.71912146999966,1,18.96694,True,True,1.430511474609375e-06
5462,106.73758721299237,1,18.416262,True,True,1.430511474609375e-06
5463,106.7628369560116,1,25.203637,True,True,1.430511474609375e-06
5464,106.78507821599487,1,22.140434,True,True,1.430511474609375e-06
5465,106.80372538900701,1,18.562992,True,True,1.430511474609375e-06
5466,106.82227083999896,1,18.469282,True,True,1.430511474609375e-06
5467,106.841301516979,1,18.965993,True,True,1.430511474609375e-06
5468,106.85974270297447,1,18.379291,True,True,1.430511474609375e-06
5469,106.87825961300405,1,18.456279,True,True,1.430511474609375e-06
5470,106.89668778399937,1,18.366696,True,True,1.430511474609375e-06
5471,106.9153186249896,1,18.574764,True,True,1.430511474609375e-06
5472,106.93360965198372,1,18.225274,True,True,1.430511474609375e-06
5473,106.95202699297806,1,18.343259,True,True,1.430511474609375e-06
5474,106.97082732897252,1,18.738428,True,True,1.430511474609375e-06
5475,106.98941023799125,1,18.518609,True,True,1.430511474609375e-06
5476,107.00794311898062,1,18.461479,True,True,1.430511474609375e-06
5477,107.02685293799732,1,18.848181,True,True,1.430511474609375e-06
5478,107.04537512297975,1,18.448732,True,True,1.430511474609375e-06
5479,107.07580700598191,1,30.351338,True,True,1.430511474609375e-06
5480,107.09454535000259,1,18.633702,True,True,1.430511474609375e-06
5481,107.1129739509779,1,18.350895,True,True,1.430511474609375e-06
5482,107.13151332299458,1,18.468276,True,True,1.430511474609375e-06
5483,107.1500541039859,1,18.483917,True,True,1.430511474609375e-06
5484,107.16841779602692,1,18.301876,True,True,1.430511474609375e-06
5485,107.1868816060014,1,18.404763,True,True,1.430511474609375e-06
5486,107.20568990998436,1,18.747858,True,True,1.430511474609375e-06
5487,107.22409123898251,1,18.340695,True,True,1.430511474609375e-06
5488,107.24252562801121,1,18.372357,True,True,1.430511474609375e-06
5489,107.26120058097877,1,18.616077,True,True,1.430511474609375e-06
5490,107.27973312698305,1,18.452014,True,True,1.430511474609375e-06
5491,107.29828046500916,1,18.470452,True,True,1.430511474609375e-06
5492,107.32361929799663,1,25.263675,True,True,1.430511474609375e-06
5493,107.34233694698196,1,18.593119,True,True,1.430511474609375e-06
5494,107.36073718202533,1,18.320041,True,True,1.430511474609375e-06
5495,107.38885419699363,1,28.037601,True,True,1.430511474609375e-06
5496,107.41542560199741,1,26.455823,True,True,1.430511474609375e-06
5497,107.4340502829873,1,18.521854,True,True,1.430511474609375e-06
5498,107.45243592798943,1,18.296337,True,True,1.430511474609375e-06
5499,107.47773070202675,1,25.205674,True,True,1.430511474609375e-06
5500,107.49655055301264,1,18.711989,True,True,1.430511474609375e-06
5501,107.51510779000819,1,18.470531,True,True,1.430511474609375e-06
5502,107.53364318201784,1,18.463444,True,True,1.430511474609375e-06
5503,107.55886789999204,1,25.161398,True,True,1.430511474609375e-06
5504,107.57761913497234,1,18.644778,True,True,1.430511474609375e-06
5505,107.6067990490119,1,29.096786,True,True,1.430511474609375e-06
5506,107.63000525999814,1,23.088741,True,True,1.430511474609375e-06
5507,107.65065563499229,1,20.539205,True,True,1.430511474609375e-06
5508,107.66945288097486,1,18.713262,True,True,1.430511474609375e-06
5509,107.688032140024,1,18.500623,True,True,1.430511474609375e-06
5510,107.71145153499674,1,23.343553,True,True,1.430511474609375e-06
5511,107.73247166100191,1,20.910021,True,True,1.430511474609375e-06
5512,107.75125532998936,1,18.694326,True,True,1.430511474609375e-06
5513,107.76973091001855,1,18.398914,True,True,1.430511474609375e-06
5514,107.79247386800125,1,22.667623,True,True,1.430511474609375e-06
5515,107.81397923000623,1,21.414976,True,True,1.430511474609375e-06
5516,107.83264103799593,1,18.58477,True,True,1.430511474609375e-06
5517,107.8510852699983,1,18.377638,True,True,1.430511474609375e-06
5518,107.86994179198518,1,18.787051,True,True,1.430511474609375e-06
5519,107.89468432002468,1,24.673871,True,True,1.430511474609375e-06
5520,107.91365822101943,1,18.881385,True,True,1.430511474609375e-06
5521,107.93267668999033,1,18.937989,True,True,1.430511474609375e-06
5522,107.95122318097856,1,18.469616,True,True,1.430511474609375e-06
5523,107.96972461201949,1,18.434929,True,True,1.430511474609375e-06
5524,107.99486764002359,1,25.071268,True,True,1.430511474609375e-06
5525,108.0140172180254,1,19.071639,True,True,1.430511474609375e-06
5526,108.03256708598929,1,18.476177,True,True,1.430511474609375e-06
5527,108.06937862897757,1,36.741629,True,True,1.430511474609375e-06
5528,108.08824521501083,1,18.734876,True,True,1.430511474609375e-06
5529,108.10684209800093,1,18.49704,True,True,1.430511474609375e-06
5530,108.13033365097363,1,23.414317,True,True,1.430511474609375e-06
5531,108.15098070900422,1,20.548771,True,True,1.430511474609375e-06
5532,108.16940613102634,1,18.340191,True,True,1.430511474609375e-06
5533,108.18795340799261,1,18.473379,True,True,1.430511474609375e-06
5534,108.20642779598711,1,18.410709,True,True,1.430511474609375e-06
5535,108.22970653697848,1,23.216572,True,True,1.430511474609375e-06
5536,108.2510844009812,1,21.270747,True,True,1.430511474609375e-06
5537,108.26972550497157,1,18.550158,True,True,1.430511474609375e-06
5538,108.29245692497352,1,22.650895,True,True,1.430511474609375e-06
5539,108.31388932501432,1,21.334842,True,True,1.430511474609375e-06
5540,108.3325147620053,1,18.545817,True,True,1.430511474609375e-06
5541,108.35103247599909,1,18.446898,True,True,1.430511474609375e-06
5542,108.36941673699766,1,18.316027,True,True,1.430511474609375e-06
5543,108.40552742301952,1,36.024937,True,True,1.430511474609375e-06
5544,108.424832366989,1,19.162696,True,True,1.430511474609375e-06
5545,108.44357808399945,1,18.655063,True,True,1.430511474609375e-06
5546,108.46836707199691,1,24.706096,True,True,1.430511474609375e-06
5547,108.48738041101024,1,18.918229,True,True,1.430511474609375e-06
5548,108.50596012297319,1,18.492942,True,True,1.430511474609375e-06
5549,108.52489392197458,1,18.857965,True,True,1.430511474609375e-06
5550,108.54787335998844,1,22.901462,True,True,1.430511474609375e-06
5551,108.56848013598938,1,20.519748,True,True,1.430511474609375e-06
5552,108.5872287050006,1,18.668091,True,True,1.430511474609375e-06
5553,108.60559394897427,1,18.290936,True,True,1.430511474609375e-06
5554,108.62915000802604,1,23.487914,True,True,1.430511474609375e-06
5555,108.64985653798794,1,20.605691,True,True,1.430511474609375e-06
5556,108.66849020001246,1,18.547463,True,True,1.430511474609375e-06
5557,108.68719714001054,1,18.626149,True,True,1.430511474609375e-06
5558,108.71077511197655,1,23.468255,True,True,1.430511474609375e-06
5559,108.7313998080208,1,20.503634,True,True,1.430511474609375e-06
5560,108.75033731100848,1,18.848852,True,True,1.430511474609375e-06
5561,108.76886913500493,1,18.461073,True,True,1.430511474609375e-06
5562,108.78739423997467,1,18.450374,True,True,1.430511474609375e-06
5563,108.81337480898947,1,25.89191,True,True,1.430511474609375e-06
5564,108.8322971459711,1,18.806379,True,True,1.430511474609375e-06
5565,108.85090692597441,1,18.536036,True,True,1.430511474609375e-06
5566,108.86946305097081,1,18.498129,True,True,1.430511474609375e-06
5567,108.89212386897998,1,22.606472,True,True,1.430511474609375e-06
5568,108.91304695297731,1,20.8563,True,True,1.430511474609375e-06
5569,108.93208628398133,1,18.973785,True,True,1.430511474609375e-06
5570,108.95068317797268,1,18.540287,True,True,1.430511474609375e-06
5571,108.97557511401828,1,24.839192,True,True,1.430511474609375e-06
5572,108.99423595599364,1,18.580628,True,True,1.430511474609375e-06
5573,109.013019644015,1,18.722298,True,True,1.430511474609375e-06
5574,109.03153057902819,1,18.449198,True,True,1.430511474609375e-06
5575,109.0566026190063,1,25.018958,True,True,1.430511474609375e-06
5576,109.08723054197617,1,30.531983,True,True,1.430511474609375e-06
5577,109.10599765001098,1,18.647817,True,True,1.430511474609375e-06
5578,109.12938431702787,1,23.316725,True,True,1.430511474609375e-06
5579,109.15023037599167,1,20.75809,True,True,1.430511474609375e-06
5580,109.16891433298588,1,18.610202,True,True,1.430511474609375e-06
5581,109.18736004200764,1,18.382664,True,True,1.430511474609375e-06
5582,109.21020207297988,1,22.790881,True,True,1.430511474609375e-06
5583,109.23079768498428,1,20.512738,True,True,1.430511474609375e-06
5584,109.24970877397573,1,18.845276,True,True,1.430511474609375e-06
5585,109.26826264697593,1,18.494035,True,True,1.430511474609375e-06
5586,109.28673083800822,1,18.407442,True,True,1.430511474609375e-06
5587,109.30952394899214,1,22.738115,True,True,1.430511474609375e-06
5588,109.33027669298463,1,20.666034,True,True,1.430511474609375e-06
5589,109.3488848329871,1,18.535104,True,True,1.430511474609375e-06
5590,109.36786766297882,1,18.922235,True,True,1.430511474609375e-06
5591,109.40435881499434,1,36.425875,True,True,1.430511474609375e-06
5592,109.42388272099197,1,19.387063,True,True,1.430511474609375e-06
5593,109.44262829300715,1,18.662471,True,True,1.430511474609375e-06
5594,109.46620575600537,1,23.502331,True,True,1.430511474609375e-06
5595,109.4862356359954,1,19.924672,True,True,1.430511474609375e-06
5596,109.5074593849713,1,21.146076,True,True,1.430511474609375e-06
5597,109.53178913798183,1,24.224658,True,True,1.430511474609375e-06
5598,109.55363200802822,1,21.766144,True,True,1.430511474609375e-06
5599,109.57857077597873,1,24.828989,True,True,1.430511474609375e-06
5600,109.59742707700934,1,18.766247,True,True,1.430511474609375e-06
5601,109.61591197201051,1,18.415797,True,True,1.430511474609375e-06
5602,109.64158337999834,1,25.61608,True,True,1.430511474609375e-06
5603,109.66026868001791,1,18.58774,True,True,1.430511474609375e-06
5604,109.67877627100097,1,18.439734,True,True,1.430511474609375e-06
5605,109.69726627197815,1,18.431366,True,True,1.430511474609375e-06
5606,109.72287606302416,1,25.559916,True,True,1.430511474609375e-06
5607,109.7415302299778,1,18.564056,True,True,1.430511474609375e-06
5608,109.7602440029732,1,18.65081,True,True,1.430511474609375e-06
5609,109.77877371601062,1,18.477269,True,True,1.430511474609375e-06
5610,109.79723751900019,1,18.400828,True,True,1.430511474609375e-06
5611,109.82302208000328,1,25.728649,True,True,1.430511474609375e-06
5612,109.8417845260119,1,18.667302,True,True,1.430511474609375e-06
5613,109.86028740898473,1,18.443383,True,True,1.430511474609375e-06
5614,109.88487927400274,1,24.536721,True,True,1.430511474609375e-06
5615,109.90396393102128,1,19.00171,True,True,1.430511474609375e-06
5616,109.92286143399542,1,18.838154,True,True,1.430511474609375e-06
5617,109.94134773901897,1,18.431078,True,True,1.430511474609375e-06
5618,109.95985962299164,1,18.45983,True,True,1.430511474609375e-06
5619,109.9827935770154,1,22.883394,True,True,1.430511474609375e-06
5620,110.00287490099436,1,19.98385,True,True,1.430511474609375e-06
5621,110.02189112501219,1,18.948806,True,True,1.430511474609375e-06
5622,110.0449799959897,1,23.032386,True,True,1.430511474609375e-06
5623,110.06875286402646,1,23.680077,True,True,1.430511474609375e-06
5624,110.09596327098552,1,27.093192,True,True,1.430511474609375e-06
5625,110.1145297170151,1,18.469517,True,True,1.430511474609375e-06
5626,110.13371395802824,1,19.114114,True,True,1.430511474609375e-06
5627,110.16257138899527,1,28.792844,True,True,1.430511474609375e-06
5628,110.1842856130097,1,21.605918,True,True,1.430511474609375e-06
5629,110.20286195201334,1,18.49575,True,True,1.430511474609375e-06
5630,110.22804500401253,1,25.12188,True,True,1.430511474609375e-06
5631,110.24650511797518,1,18.397356,True,True,1.430511474609375e-06
5632,110.26551525999093,1,18.951865,True,True,1.430511474609375e-06
5633,110.2840287630097,1,18.448085,True,True,1.430511474609375e-06
5634,110.30899214197416,1,24.903972,True,True,1.430511474609375e-06
5635,110.32758329599164,1,18.507284,True,True,1.430511474609375e-06
5636,110.34621572797187,1,18.563212,True,True,1.430511474609375e-06
5637,110.36503121402347,1,18.76579,True,True,1.430511474609375e-06
5638,110.40170327801025,1,36.609653,True,True,1.430511474609375e-06
5639,110.42071992100682,1,18.879907,True,True,1.430511474609375e-06
5640,110.43922671099426,1,18.424559,True,True,1.430511474609375e-06
5641,110.46255432500038,1,23.255059,True,True,1.430511474609375e-06
5642,110.48324432101799,1,20.599481,True,True,1.430511474609375e-06
5643,110.50182776799193,1,18.510863,True,True,1.430511474609375e-06
5644,110.5204710669932,1,18.571343,True,True,1.430511474609375e-06
5645,110.54323444102192,1,22.696086,True,True,1.430511474609375e-06
5646,110.56477090198314,1,21.456456,True,True,1.430511474609375e-06
5647,110.58345670701237,1,18.603183,True,True,1.430511474609375e-06
5648,110.6020401570131,1,18.507049,True,True,1.430511474609375e-06
5649,110.6204702439718,1,18.369925,True,True,1.430511474609375e-06
5650,110.64495241997065,1,24.414513,True,True,1.430511474609375e-06
5651,110.66440530802356,1,19.379019,True,True,1.430511474609375e-06
5652,110.68294478597818,1,18.465875,True,True,1.430511474609375e-06
5653,110.70154058001935,1,18.536388,True,True,1.430511474609375e-06
5654,110.72683521301951,1,25.238688,True,True,1.430511474609375e-06
5655,110.7453450789908,1,18.42647,True,True,1.430511474609375e-06
5656,110.76436219800962,1,18.953482,True,True,1.430511474609375e-06
5657,110.78289672802202,1,18.459383,True,True,1.430511474609375e-06
5658,110.80776580201928,1,24.803473,True,True,1.430511474609375e-06
5659,110.82673504098784,1,18.878443,True,True,1.430511474609375e-06
5660,110.84516566002276,1,18.365975,True,True,1.430511474609375e-06
5661,110.86359624000033,1,18.377553,True,True,1.430511474609375e-06
5662,110.88896248798119,1,25.315951,True,True,1.430511474609375e-06
5663,110.90757838502759,1,18.541969,True,True,1.430511474609375e-06
5664,110.92595052998513,1,18.313293,True,True,1.430511474609375e-06
5665,110.94437583198305,1,18.369094,True,True,1.430511474609375e-06
5666,110.96941065101419,1,24.983093,True,True,1.430511474609375e-06
5667,110.98807941499399,1,18.592639,True,True,1.430511474609375e-06
5668,111.00680477899732,1,18.666125,True,True,1.430511474609375e-06
5669,111.02532051200978,1,18.462477,True,True,1.430511474609375e-06
5670,111.04377345799003,1,18.397787,True,True,1.430511474609375e-06
5671,111.07901834597578,1,35.192937,True,True,1.430511474609375e-06
5672,111.0996254949714,1,20.466844,True,True,1.430511474609375e-06
5673,111.11825924000004,1,18.556247,True,True,1.430511474609375e-06
5674,111.1434308810276,1,25.107842,True,True,1.430511474609375e-06
5675,111.1619916720083,1,18.474878,True,True,1.430511474609375e-06
5676,111.18055296997773,1,18.490916,True,True,1.430511474609375e-06
5677,111.2114167290274,1,30.797048,True,True,1.430511474609375e-06
5678,111.23528468800941,1,23.758057,True,True,1.430511474609375e-06
5679,111.25382546597393,1,18.466569,True,True,1.430511474609375e-06
5680,111.2723996770219,1,18.514896,True,True,1.430511474609375e-06
5681,111.295764547016,1,23.302415,True,True,1.430511474609375e-06
5682,111.31642890902003,1,20.594331,True,True,1.430511474609375e-06
5683,111.3350349899847,1,18.542959,True,True,1.430511474609375e-06
5684,111.35364345798735,1,18.548073,True,True,1.430511474609375e-06
5685,111.37659199500922,1,22.891831,True,True,1.430511474609375e-06
5686,111.40956438699504,1,32.869316,True,True,1.430511474609375e-06
5687,111.42844133998733,1,18.7395,True,True,1.430511474609375e-06
5688,111.44690434500808,1,18.394898,True,True,1.430511474609375e-06
5689,111.47213705600007,1,25.15842,True,True,1.430511474609375e-06
5690,111.49085980799282,1,18.624516,True,True,1.430511474609375e-06
5691,111.50938534899615,1,18.450954,True,True,1.430511474609375e-06
5692,111.52814301697072,1,18.691924,True,True,1.430511474609375e-06
5693,111.54684090299997,1,18.62367,True,True,1.430511474609375e-06
5694,111.57187242002692,1,24.968335,True,True,1.430511474609375e-06
5695,111.59123014600482,1,19.241203,True,True,1.430511474609375e-06
5696,111.61007654102286,1,18.732648,True,True,1.430511474609375e-06
5697,111.63297068298561,1,22.823305,True,True,1.430511474609375e-06
5698,111.65298756898846,1,19.910304,True,True,1.430511474609375e-06
5699,111.67152948799776,1,18.467087,True,True,1.430511474609375e-06
5700,111.69008347898489,1,18.491769,True,True,1.430511474609375e-06
5701,111.71379913098644,1,23.642568,True,True,1.430511474609375e-06
5702,111.73449229297694,1,20.576437,True,True,1.430511474609375e-06
5703,111.75315689400304,1,18.591034,True,True,1.430511474609375e-06
5704,111.77173481998034,1,18.52242,True,True,1.430511474609375e-06
5705,111.79467052698601,1,22.879558,True,True,1.430511474609375e-06
5706,111.81528293597512,1,20.533948,True,True,1.430511474609375e-06
5707,111.83423020597547,1,18.883059,True,True,1.430511474609375e-06
5708,111.85949027200695,1,25.199564,True,True,1.430511474609375e-06
5709,111.88798124098685,1,28.399955,True,True,1.430511474609375e-06
5710,111.90675430401461,1,18.679435,True,True,1.430511474609375e-06
5711,111.92533878498944,1,18.522468,True,True,1.430511474609375e-06
5712,111.94385138701182,1,18.457969,True,True,1.430511474609375e-06
5713,111.96821102499962,1,24.310843,True,True,1.430511474609375e-06
5714,111.98699953802861,1,18.70704,True,True,1.430511474609375e-06
5715,112.00553823000519,1,18.478898,True,True,1.430511474609375e-06
5716,112.02393452700926,1,18.343305,True,True,1.430511474609375e-06
5717,112.0464454080211,1,22.461429,True,True,1.430511474609375e-06
5718,112.06744736799737,1,20.916626,True,True,1.430511474609375e-06
5719,112.08959166501882,1,22.080912,True,True,1.430511474609375e-06
5720,112.1152839519782,1,25.582049,True,True,1.430511474609375e-06
5721,112.14210787200136,1,26.750676,True,True,1.430511474609375e-06
5722,112.160726297996,1,18.533017,True,True,1.430511474609375e-06
5723,112.17927026300458,1,18.471833,True,True,1.430511474609375e-06
5724,112.19765071000438,1,18.324196,True,True,1.430511474609375e-06
5725,112.22262868098915,1,24.925067,True,True,1.430511474609375e-06
5726,112.24121484300122,1,18.501178,True,True,1.430511474609375e-06
5727,112.25945559400134,1,18.180278,True,True,1.430511474609375e-06
5728,112.27812784502748,1,18.615174,True,True,1.430511474609375e-06
5729,112.29655012197327,1,18.362108,True,True,1.430511474609375e-06
5730,112.32143129297765,1,24.824104,True,True,1.430511474609375e-06
5731,112.34042726701591,1,18.90616,True,True,1.430511474609375e-06
5732,112.35896586702438,1,18.466206,True,True,1.430511474609375e-06
5733,112.38711178099038,1,28.091974,True,True,1.430511474609375e-06
5734,112.41358650202164,1,26.351814,True,True,1.430511474609375e-06
5735,112.43224306299817,1,18.560736,True,True,1.430511474609375e-06
5736,112.45078227599151,1,18.470345,True,True,1.430511474609375e-06
5737,112.469529221009,1,18.683049,True,True,1.430511474609375e-06
5738,112.4943176729721,1,24.719845,True,True,1.430511474609375e-06
5739,112.51554104598472,1,21.138727,True,True,1.430511474609375e-06
5740,112.54608298599487,1,30.445913,True,True,1.430511474609375e-06
5741,112.56666628998937,1,20.490058,True,True,1.430511474609375e-06
5742,112.58569638401968,1,18.960943,True,True,1.430511474609375e-06
5743,112.6041967580095,1,18.437682,True,True,1.430511474609375e-06
5744,112.62271582998801,1,18.46428,True,True,1.430511474609375e-06
5745,112.64769537898246,1,24.912016,True,True,1.430511474609375e-06
5746,112.66624999401392,1,18.481665,True,True,1.430511474609375e-06
5747,112.68479103100253,1,18.478334,True,True,1.430511474609375e-06
5748,112.70318095298717,1,18.335707,True,True,1.430511474609375e-06
5749,112.72804566501873,1,24.809761,True,True,1.430511474609375e-06
5750,112.74631833599415,1,18.206325,True,True,1.430511474609375e-06
5751,112.7645515089971,1,18.186148,True,True,1.430511474609375e-06
5752,112.78334621601971,1,18.740259,True,True,1.430511474609375e-06
5753,112.80170207598712,1,18.307214,True,True,1.430511474609375e-06
5754,112.82635137200123,1,24.597497,True,True,1.430511474609375e-06
5755,112.8450370579958,1,18.617766,True,True,1.430511474609375e-06
5756,112.86351534898859,1,18.417986,True,True,1.430511474609375e-06
5757,112.8884859509999,1,24.916158,True,True,1.430511474609375e-06
5758,112.90728405100526,1,18.733053,True,True,1.430511474609375e-06
5759,112.92575813998701,1,18.426106,True,True,1.430511474609375e-06
5760,112.94413475197507,1,18.327083,True,True,1.430511474609375e-06
5761,112.96935394400498,1,25.17188,True,True,1.430511474609375e-06
5762,112.98792074300582,1,18.495437,True,True,1.430511474609375e-06
5763,113.00633576302789,1,18.356842,True,True,1.430511474609375e-06
5764,113.02503043500474,1,18.642379,True,True,1.430511474609375e-06
5765,113.04814387799706,1,23.05937,True,True,1.430511474609375e-06
5766,113.06861719599692,1,20.396528,True,True,1.430511474609375e-06
5767,113.097190977016,1,28.505304,True,True,1.430511474609375e-06
5768,113.11744933098089,1,20.152273,True,True,1.430511474609375e-06
5769,113.14286193397129,1,25.34643,True,True,1.430511474609375e-06
5770,113.16138699097792,1,18.448,True,True,1.430511474609375e-06
5771,113.17990246700356,1,18.45135,True,True,1.430511474609375e-06
5772,113.19841692299815,1,18.460879,True,True,1.430511474609375e-06
5773,113.22341817297274,1,24.951743,True,True,1.430511474609375e-06
5774,113.24204535299214,1,18.553171,True,True,1.430511474609375e-06
5775,113.26073918602196,1,18.623065,True,True,1.430511474609375e-06
5776,113.27927936398191,1,18.487542,True,True,1.430511474609375e-06
5777,113.30405614402844,1,24.719553,True,True,1.430511474609375e-06
5778,113.32298579701455,1,18.848655,True,True,1.430511474609375e-06
5779,113.34158716298407,1,18.535258,True,True,1.430511474609375e-06
5780,113.36986625997815,1,28.199691,True,True,1.430511474609375e-06
5781,113.40644501999486,1,36.48148,True,True,1.430511474609375e-06
5782,113.42548878502566,1,18.909659,True,True,1.430511474609375e-06
5783,113.44404966098955,1,18.479735,True,True,1.430511474609375e-06
5784,113.4688620470115,1,24.739558,True,True,1.430511474609375e-06
5785,113.48798186000204,1,19.038747,True,True,1.430511474609375e-06
5786,113.50662853900576,1,18.584087,True,True,1.430511474609375e-06
5787,113.52512034698157,1,18.42594,True,True,1.430511474609375e-06
5788,113.54840619000606,1,23.229856,True,True,1.430511474609375e-06
5789,113.56900324998423,1,20.526879,True,True,1.430511474609375e-06
5790,113.58756050502416,1,18.482189,True,True,1.430511474609375e-06
5791,113.60626400797628,1,18.645935,True,True,1.430511474609375e-06
5792,113.62915528699523,1,22.836286,True,True,1.430511474609375e-06
5793,113.64972688100534,1,20.498761,True,True,1.430511474609375e-06
5794,113.6683686900069,1,18.576086,True,True,1.430511474609375e-06
5795,113.68685387901496,1,18.420975,True,True,1.430511474609375e-06
5796,113.70961071999045,1,22.697109,True,True,1.430511474609375e-06
5797,113.73030037997523,1,20.615547,True,True,1.430511474609375e-06
5798,113.74885919800727,1,18.498253,True,True,1.430511474609375e-06
5799,113.76732773002004,1,18.412736,True,True,1.430511474609375e-06
5800,113.78592860500794,1,18.528476,True,True,1.430511474609375e-06
5801,113.8107897490263,1,24.804954,True,True,1.430511474609375e-06
5802,113.82951196900103,1,18.64198,True,True,1.430511474609375e-06
5803,113.84799275797559,1,18.420282,True,True,1.430511474609375e-06
5804,113.86642090900568,1,18.380219,True,True,1.430511474609375e-06
5805,113.89182270300807,1,25.353472,True,True,1.430511474609375e-06
5806,113.9101325069787,1,18.242203,True,True,1.430511474609375e-06
5807,113.92843950598035,1,18.249586,True,True,1.430511474609375e-06
5808,113.94693247199757,1,18.444001,True,True,1.430511474609375e-06
5809,113.97178096399875,1,24.801428,True,True,1.430511474609375e-06
5810,113.99065010098275,1,18.806416,True,True,1.430511474609375e-06
5811,114.00925244000973,1,18.545953,True,True,1.430511474609375e-06
5812,114.02771404699888,1,18.408221,True,True,1.430511474609375e-06
5813,114.04610782000236,1,18.348085,True,True,1.430511474609375e-06
5814,114.07109532598406,1,24.941333,True,True,1.430511474609375e-06
5815,114.10157745901961,1,30.362796,True,True,1.430511474609375e-06
5816,114.12041445402429,1,18.725746,True,True,1.430511474609375e-06
5817,114.1451995690004,1,24.710376,True,True,1.430511474609375e-06
5818,114.16424259002088,1,18.985093,True,True,1.430511474609375e-06
5819,114.18304943898693,1,18.753167,True,True,1.430511474609375e-06
5820,114.21245002100477,1,29.281655,True,True,1.430511474609375e-06
5821,114.23587111901725,1,23.310915,True,True,1.430511474609375e-06
5822,114.25442571402527,1,18.482064,True,True,1.430511474609375e-06
5823,114.27331457601395,1,18.836079,True,True,1.430511474609375e-06
5824,114.29622528899927,1,22.849647,True,True,1.430511474609375e-06
5825,114.323173228011,1,26.878693,True,True,1.430511474609375e-06
5826,114.34189433697611,1,18.631858,True,True,1.430511474609375e-06
5827,114.36055622401182,1,18.589672,True,True,1.430511474609375e-06
5828,114.38131890102522,1,20.703406,True,True,1.430511474609375e-06
5829,114.40983582899207,1,28.422466,True,True,1.430511474609375e-06
5830,114.42840853298549,1,18.472595,True,True,1.430511474609375e-06
5831,114.44665147800697,1,18.177946,True,True,1.430511474609375e-06
5832,114.46496169501916,1,18.251064,True,True,1.430511474609375e-06
5833,114.48348691902356,1,18.469601,True,True,1.430511474609375e-06
5834,114.50195490400074,1,18.409498,True,True,1.430511474609375e-06
5835,114.52033852797467,1,18.327477,True,True,1.430511474609375e-06
5836,114.53903045802144,1,18.636376,True,True,1.430511474609375e-06
5837,114.55756814702181,1,18.480211,True,True,1.430511474609375e-06
5838,114.57603537099203,1,18.408043,True,True,1.430511474609375e-06
5839,114.59449496597517,1,18.400943,True,True,1.430511474609375e-06
5840,114.61293022398604,1,18.372348,True,True,1.430511474609375e-06
5841,114.63152777799405,1,18.546718,True,True,1.430511474609375e-06
5842,114.65033028402831,1,18.756019,True,True,1.430511474609375e-06
5843,114.66874131001532,1,18.354937,True,True,1.430511474609375e-06
5844,114.68709612998646,1,18.30494,True,True,1.430511474609375e-06
5845,114.70554586697835,1,18.393486,True,True,1.430511474609375e-06
5846,114.72394690901274,1,18.352452,True,True,1.430511474609375e-06
5847,114.74232634197688,1,18.331013,True,True,1.430511474609375e-06
5848,114.76075428002514,1,18.383319,True,True,1.430511474609375e-06
5849,114.77921014500316,1,18.410991,True,True,1.430511474609375e-06
5850,114.79766714002471,1,18.39428,True,True,1.430511474609375e-06
5851,114.81610992801143,1,18.39029,True,True,1.430511474609375e-06
5852,114.83450142602669,1,18.340055,True,True,1.430511474609375e-06
5853,114.8529097730061,1,18.35811,True,True,1.430511474609375e-06
5854,114.8712989789783,1,18.340399,True,True,1.430511474609375e-06
5855,114.88991086697206,1,18.561971,True,True,1.430511474609375e-06
5856,114.90821648202837,1,18.256946,True,True,1.430511474609375e-06
5857,114.92682554601924,1,18.557824,True,True,1.430511474609375e-06
5858,114.94563994201599,1,18.760023,True,True,1.430511474609375e-06
5859,114.96370498900069,1,18.014979,True,True,1.430511474609375e-06
5860,114.98197619098937,1,18.22142,True,True,1.430511474609375e-06
5861,115.0005005139974,1,18.464217,True,True,1.430511474609375e-06
5862,115.01906660600798,1,18.514216,True,True,1.430511474609375e-06
5863,115.03763228497701,1,18.509657,True,True,1.430511474609375e-06
5864,115.0563655999722,1,18.677533,True,True,1.430511474609375e-06
5865,115.07473497302271,1,18.319404,True,True,1.430511474609375e-06
5866,115.10325759701664,1,28.47268,True,True,1.430511474609375e-06
5867,115.12362816900713,1,20.266205,True,True,1.430511474609375e-06
5868,115.14216667797882,1,18.47341,True,True,1.430511474609375e-06
5869,115.16074570000637,1,18.526699,True,True,1.430511474609375e-06
5870,115.17920098401373,1,18.405494,True,True,1.430511474609375e-06
5871,115.19754081597785,1,18.2904,True,True,1.430511474609375e-06
5872,115.21600510197459,1,18.420751,True,True,1.430511474609375e-06
5873,115.23456742998678,1,18.514121,True,True,1.430511474609375e-06
5874,115.25303179700859,1,18.413386,True,True,1.430511474609375e-06
5875,115.27148542297073,1,18.403002,True,True,1.430511474609375e-06
5876,115.29030942101963,1,18.768334,True,True,1.430511474609375e-06
5877,115.30877408600645,1,18.411473,True,True,1.430511474609375e-06
5878,115.32742515701102,1,18.600704,True,True,1.430511474609375e-06
5879,115.34601583599579,1,18.525801,True,True,1.430511474609375e-06
5880,115.36443719599629,1,18.363232,True,True,1.430511474609375e-06
5881,115.38607319502626,1,21.577037,True,True,1.430511474609375e-06
5882,115.41333965701051,1,27.161824,True,True,1.430511474609375e-06
5883,115.43199811998056,1,18.565414,True,True,1.430511474609375e-06
5884,115.45066232501995,1,18.593977,True,True,1.430511474609375e-06
5885,115.46908226801315,1,18.359626,True,True,1.430511474609375e-06
5886,115.48729354800889,1,18.152571,True,True,1.430511474609375e-06
5887,115.50570497999433,1,18.355409,True,True,1.430511474609375e-06
5888,115.52410417498322,1,18.340514,True,True,1.430511474609375e-06
5889,115.54272556799697,1,18.566937,True,True,1.430511474609375e-06
5890,115.56110159598757,1,18.326891,True,True,1.430511474609375e-06
5891,115.57969836797565,1,18.547808,True,True,1.430511474609375e-06
5892,115.59810328501044,1,18.345656,True,True,1.430511474609375e-06
5893,115.61647238401929,1,18.318026,True,True,1.430511474609375e-06
5894,115.6354937130236,1,18.965009,True,True,1.430511474609375e-06
5895,115.65389603300719,1,18.348988,True,True,1.430511474609375e-06
5896,115.67231687897583,1,18.364543,True,True,1.430511474609375e-06
5897,115.69071975600673,1,18.348443,True,True,1.430511474609375e-06
5898,115.70918130298378,1,18.412149,True,True,1.430511474609375e-06
5899,115.72750720498152,1,18.278831,True,True,1.430511474609375e-06
5900,115.74572679802077,1,18.167663,True,True,1.430511474609375e-06
5901,115.76396335900063,1,18.185378,True,True,1.430511474609375e-06
5902,115.78999596898211,1,25.959085,True,True,1.430511474609375e-06
5903,115.80860164901242,1,18.513643,True,True,1.430511474609375e-06
5904,115.82710212399252,1,18.445694,True,True,1.430511474609375e-06
5905,115.84553180099465,1,18.373533,True,True,1.430511474609375e-06
5906,115.86414308397798,1,18.565842,True,True,1.430511474609375e-06
5907,115.88237271900289,1,18.182996,True,True,1.430511474609375e-06
5908,115.90067831700435,1,18.256155,True,True,1.430511474609375e-06
5909,115.9189089469728,1,18.180515,True,True,1.430511474609375e-06
5910,115.93732841400197,1,18.370261,True,True,1.430511474609375e-06
5911,115.95592438697349,1,18.547768,True,True,1.430511474609375e-06
5912,115.97431233798852,1,18.343992,True,True,1.430511474609375e-06
5913,115.99280274001649,1,18.445418,True,True,1.430511474609375e-06
5914,116.0115397190093,1,18.69081,True,True,1.430511474609375e-06
5915,116.03014020598494,1,18.54874,True,True,1.430511474609375e-06
5916,116.04856396798277,1,18.376157,True,True,1.430511474609375e-06
5917,116.06701885000803,1,18.405001,True,True,1.430511474609375e-06
5918,116.08549446897814,1,18.429001,True,True,1.430511474609375e-06
5919,116.11610162997385,1,30.550826,True,True,1.430511474609375e-06
5920,116.14437275001546,1,28.153712,True,True,1.430511474609375e-06
5921,116.16301945602754,1,18.577411,True,True,1.430511474609375e-06
5922,116.18165210698498,1,18.576853,True,True,1.430511474609375e-06
5923,116.20008336298633,1,18.378227,True,True,1.430511474609375e-06
5924,116.21850799402455,1,18.377587,True,True,1.430511474609375e-06
5925,116.23695937899174,1,18.398117,True,True,1.430511474609375e-06
5926,116.2553754990222,1,18.364348,True,True,1.430511474609375e-06
5927,116.27380828402238,1,18.381507,True,True,1.430511474609375e-06
5928,116.29269303998444,1,18.826695,True,True,1.430511474609375e-06
5929,116.31115907197818,1,18.406373,True,True,1.430511474609375e-06
5930,116.32965406001313,1,18.447629,True,True,1.430511474609375e-06
5931,116.34831667598337,1,18.615644,True,True,1.430511474609375e-06
5932,116.36697634699522,1,18.603537,True,True,1.430511474609375e-06
5933,116.39516965101939,1,28.141864,True,True,1.430511474609375e-06
5934,116.4161117040203,1,20.824859,True,True,1.430511474609375e-06
5935,116.43476348201511,1,18.574505,True,True,1.430511474609375e-06
5936,116.45343011099612,1,18.576331,True,True,1.430511474609375e-06
5937,116.47222520899959,1,18.7215,True,True,1.430511474609375e-06
5938,116.49117609899258,1,18.83512,True,True,1.430511474609375e-06
5939,116.50980356498621,1,18.556433,True,True,1.430511474609375e-06
5940,116.52828260400565,1,18.405592,True,True,1.430511474609375e-06
5941,116.54722556401975,1,18.885558,True,True,1.430511474609375e-06
5942,116.56581947900122,1,18.542893,True,True,1.430511474609375e-06
5943,116.58456818200648,1,18.695684,True,True,1.430511474609375e-06
5944,116.60355345002608,1,18.879277,True,True,1.430511474609375e-06
5945,116.62216457899194,1,18.503854,True,True,1.430511474609375e-06
5946,116.64082430198323,1,18.592327,True,True,1.430511474609375e-06
5947,116.65925161901396,1,18.363838,True,True,1.430511474609375e-06
5948,116.67775080201682,1,18.44371,True,True,1.430511474609375e-06
5949,116.69632906798506,1,18.519375,True,True,1.430511474609375e-06
5950,116.71465898497263,1,18.274925,True,True,1.430511474609375e-06
5951,116.73326522501884,1,18.553432,True,True,1.430511474609375e-06
5952,116.7515046899789,1,18.191908,True,True,1.430511474609375e-06
5953,116.76992866798537,1,18.377735,True,True,1.430511474609375e-06
5954,116.7888325030217,1,18.829871,True,True,1.430511474609375e-06
5955,116.80707028298639,1,18.177088,True,True,1.430511474609375e-06
5956,116.82548972999211,1,18.36953,True,True,1.430511474609375e-06
5957,116.84407910401933,1,18.536833,True,True,1.430511474609375e-06
5958,116.86253211798612,1,18.406406,True,True,1.430511474609375e-06
5959,116.88092017202871,1,18.341104,True,True,1.430511474609375e-06
5960,116.899822974985,1,18.849637,True,True,1.430511474609375e-06
5961,116.91827164997812,1,18.401355,True,True,1.430511474609375e-06
5962,116.93669830297586,1,18.376914,True,True,1.430511474609375e-06
5963,116.95519589900505,1,18.453148,True,True,1.430511474609375e-06
5964,116.97348425898235,1,18.241778,True,True,1.430511474609375e-06
5965,116.99188179097837,1,18.352807,True,True,1.430511474609375e-06
5966,117.01056848297594,1,18.640664,True,True,1.430511474609375e-06
5967,117.02894281601766,1,18.320954,True,True,1.430511474609375e-06
5968,117.04742905299645,1,18.440505,True,True,1.430511474609375e-06
5969,117.06579374201829,1,18.316393,True,True,1.430511474609375e-06
5970,117.084414536017,1,18.576056,True,True,1.430511474609375e-06
5971,117.10655465297168,1,22.092485,True,True,1.430511474609375e-06
5972,117.1337076050113,1,27.046593,True,True,1.430511474609375e-06
5973,117.15230348601472,1,18.511344,True,True,1.430511474609375e-06
5974,117.17073095502565,1,18.3613,True,True,1.430511474609375e-06
5975,117.18925492599374,1,18.468294,True,True,1.430511474609375e-06
5976,117.20760249899467,1,18.29897,True,True,1.430511474609375e-06
5977,117.22611614997732,1,18.463354,True,True,1.430511474609375e-06
5978,117.24458140798379,1,18.414225,True,True,1.430511474609375e-06
5979,117.26300949201686,1,18.379288,True,True,1.430511474609375e-06
5980,117.28151043999242,1,18.450955,True,True,1.430511474609375e-06
5981,117.29987512197113,1,18.308987,True,True,1.430511474609375e-06
5982,117.31879459298216,1,18.866797,True,True,1.430511474609375e-06
5983,117.33723954798188,1,18.392451,True,True,1.430511474609375e-06
5984,117.35563008999452,1,18.333392,True,True,1.430511474609375e-06
5985,117.37407461600378,1,18.389733,True,True,1.430511474609375e-06
5986,117.40237621800043,1,28.251665,True,True,1.430511474609375e-06
5987,117.42293055600021,1,20.445098,True,True,1.430511474609375e-06
5988,117.44209544401383,1,19.088437,True,True,1.430511474609375e-06
5989,117.46054583601654,1,18.383631,True,True,1.430511474609375e-06
5990,117.4791067810147,1,18.504778,True,True,1.430511474609375e-06
5991,117.49753280100413,1,18.37471,True,True,1.430511474609375e-06
5992,117.51649747800548,1,18.898024,True,True,1.430511474609375e-06
5993,117.53495019499678,1,18.395855,True,True,1.430511474609375e-06
5994,117.55339250399265,1,18.383237,True,True,1.430511474609375e-06
5995,117.57194624398835,1,18.505902,True,True,1.430511474609375e-06
5996,117.59066260000691,1,18.659917,True,True,1.430511474609375e-06
5997,117.60916468000505,1,18.446608,True,True,1.430511474609375e-06
5998,117.62763642397476,1,18.413077,True,True,1.430511474609375e-06
5999,117.64607244799845,1,18.38221,True,True,1.430511474609375e-06
6000,117.66448937501991,1,18.363642,True,True,1.430511474609375e-06
6001,117.68280651100213,1,18.262092,True,True,1.430511474609375e-06
6002,117.70127475599293,1,18.413903,True,True,1.430511474609375e-06
6003,117.71967949200189,1,18.356408,True,True,1.430511474609375e-06
6004,117.73807850899175,1,18.347955,True,True,1.430511474609375e-06
6005,117.75651663000463,1,18.386591,True,True,1.430511474609375e-06
6006,117.775044583017,1,18.47626,True,True,1.430511474609375e-06
6007,117.80045182700269,1,25.349608,True,True,1.430511474609375e-06
6008,117.82227891200455,1,21.740634,True,True,1.430511474609375e-06
6009,117.84075875300914,1,18.415449,True,True,1.430511474609375e-06
6010,117.85928318300284,1,18.462715,True,True,1.430511474609375e-06
6011,117.87764442700427,1,18.310016,True,True,1.430511474609375e-06
6012,117.89626203902299,1,18.572217,True,True,1.430511474609375e-06
6013,117.9146339619765,1,18.323635,True,True,1.430511474609375e-06
6014,117.93311162397731,1,18.429737,True,True,1.430511474609375e-06
6015,117.95198857097421,1,18.828752,True,True,1.430511474609375e-06
6016,117.9705858299858,1,18.548274,True,True,1.430511474609375e-06
6017,117.98911635100376,1,18.477934,True,True,1.430511474609375e-06
6018,118.00767413998256,1,18.512619,True,True,1.430511474609375e-06
6019,118.02609221101739,1,18.371834,True,True,1.430511474609375e-06
6020,118.04458040499594,1,18.44047,True,True,1.430511474609375e-06
6021,118.06312946899561,1,18.501795,True,True,1.430511474609375e-06
6022,118.08167255297303,1,18.49202,True,True,1.430511474609375e-06
6023,118.1034778089961,1,21.75527,True,True,1.430511474609375e-06
6024,118.13094051397638,1,27.350919,True,True,1.430511474609375e-06
6025,118.1495120950276,1,18.499988,True,True,1.430511474609375e-06
6026,118.1679815169773,1,18.41898,True,True,1.430511474609375e-06
6027,118.18654287297977,1,18.516116,True,True,1.430511474609375e-06
6028,118.20506884297356,1,18.47021,True,True,1.430511474609375e-06
6029,118.22352821798995,1,18.411895,True,True,1.430511474609375e-06
6030,118.24208445998374,1,18.50292,True,True,1.430511474609375e-06
6031,118.2607542630285,1,18.617011,True,True,1.430511474609375e-06
6032,118.27921509800944,1,18.411326,True,True,1.430511474609375e-06
6033,118.29766869399464,1,18.401704,True,True,1.430511474609375e-06
6034,118.31611316901399,1,18.394659,True,True,1.430511474609375e-06
6035,118.33470135601237,1,18.52968,True,True,1.430511474609375e-06
6036,118.35300169698894,1,18.247036,True,True,1.430511474609375e-06
6037,118.37136066699168,1,18.308207,True,True,1.430511474609375e-06
6038,118.39995138900122,1,28.536659,True,True,1.430511474609375e-06
6039,118.42040957201971,1,20.350037,True,True,1.430511474609375e-06
6040,118.43903276097262,1,18.545942,True,True,1.430511474609375e-06
6041,118.46492071298417,1,25.817495,True,True,1.430511474609375e-06
6042,118.48655654897448,1,21.54713,True,True,1.430511474609375e-06
6043,118.50507266697241,1,18.450483,True,True,1.430511474609375e-06
6044,118.5239328769967,1,18.796311,True,True,1.430511474609375e-06
6045,118.54243945202325,1,18.450912,True,True,1.430511474609375e-06
6046,118.56086370901903,1,18.375037,True,True,1.430511474609375e-06
6047,118.57939044601517,1,18.468518,True,True,1.430511474609375e-06
6048,118.59776586800581,1,18.324088,True,True,1.430511474609375e-06
6049,118.61620467202738,1,18.384654,True,True,1.430511474609375e-06
6050,118.63470120198326,1,18.448096,True,True,1.430511474609375e-06
6051,118.65311018098146,1,18.356729,True,True,1.430511474609375e-06
6052,118.67155848402763,1,18.39604,True,True,1.430511474609375e-06
6053,118.68996399198659,1,18.35283,True,True,1.430511474609375e-06
6054,118.70858422497986,1,18.568733,True,True,1.430511474609375e-06
6055,118.7269267369993,1,18.295164,True,True,1.430511474609375e-06
6056,118.74547462700866,1,18.497903,True,True,1.430511474609375e-06
6057,118.76440149499103,1,18.862129,True,True,1.430511474609375e-06
6058,118.78314075799426,1,18.627792,True,True,1.430511474609375e-06
6059,118.80164721200708,1,18.438236,True,True,1.430511474609375e-06
6060,118.82046507199993,1,18.76503,True,True,1.430511474609375e-06
6061,118.83888062101323,1,18.363839,True,True,1.430511474609375e-06
6062,118.85736179800006,1,18.432601,True,True,1.430511474609375e-06
6063,118.87601840199204,1,18.602535,True,True,1.430511474609375e-06
6064,118.89484307001112,1,18.7192,True,True,1.430511474609375e-06
6065,118.91339472902473,1,18.458493,True,True,1.430511474609375e-06
6066,118.93189963401528,1,18.443529,True,True,1.430511474609375e-06
6067,118.9503799380036,1,18.428633,True,True,1.430511474609375e-06
6068,118.96875885198824,1,18.328246,True,True,1.430511474609375e-06
6069,118.9871249650023,1,18.315936,True,True,1.430511474609375e-06
6070,119.00583000399638,1,18.659448,True,True,1.430511474609375e-06
6071,119.02426702197408,1,18.38826,True,True,1.430511474609375e-06
6072,119.04258715600008,1,18.269814,True,True,1.430511474609375e-06
6073,119.06112120300531,1,18.487379,True,True,1.430511474609375e-06
6074,119.07957841298776,1,18.409407,True,True,1.430511474609375e-06
6075,119.09798988897819,1,18.364684,True,True,1.430511474609375e-06
6076,119.13658061198657,1,38.536346,True,True,1.430511474609375e-06
6077,119.15704130701488,1,20.330873,True,True,1.430511474609375e-06
6078,119.17585881997366,1,18.738577,True,True,1.430511474609375e-06
6079,119.19461071799742,1,18.691771,True,True,1.430511474609375e-06
6080,119.21301867201691,1,18.348965,True,True,1.430511474609375e-06
6081,119.23146775300847,1,18.385715,True,True,1.430511474609375e-06
6082,119.24987954698736,1,18.359079,True,True,1.430511474609375e-06
6083,119.26832333701896,1,18.398483,True,True,1.430511474609375e-06
6084,119.28678686602507,1,18.412633,True,True,1.430511474609375e-06
6085,119.3052510980051,1,18.406691,True,True,1.430511474609375e-06
6086,119.32392149802763,1,18.609506,True,True,1.430511474609375e-06
6087,119.34242174297106,1,18.432363,True,True,1.430511474609375e-06
6088,119.3609400819987,1,18.451538,True,True,1.430511474609375e-06
6089,119.38197739602765,1,20.973561,True,True,1.430511474609375e-06
6090,119.4083920380217,1,26.323657,True,True,1.430511474609375e-06
6091,119.4287533420138,1,20.246617,True,True,1.430511474609375e-06
6092,119.4472324239905,1,18.391696,True,True,1.430511474609375e-06
6093,119.46574923099251,1,18.441011,True,True,1.430511474609375e-06
6094,119.48416036402341,1,18.341188,True,True,1.430511474609375e-06
6095,119.50271295901621,1,18.489372,True,True,1.430511474609375e-06
6096,119.52113122597802,1,18.353455,True,True,1.430511474609375e-06
6097,119.53953035897575,1,18.320037,True,True,1.430511474609375e-06
6098,119.55864278302761,1,19.043087,True,True,1.430511474609375e-06
6099,119.57705111399991,1,18.341862,True,True,1.430511474609375e-06
6100,119.59554970700992,1,18.429059,True,True,1.430511474609375e-06
6101,119.61397374898661,1,18.353316,True,True,1.430511474609375e-06
6102,119.63257366599282,1,18.534874,True,True,1.430511474609375e-06
6103,119.65112193801906,1,18.483604,True,True,1.430511474609375e-06
6104,119.66958103899378,1,18.386718,True,True,1.430511474609375e-06
6105,119.68850358197233,1,18.85107,True,True,1.430511474609375e-06
6106,119.70697253401158,1,18.404743,True,True,1.430511474609375e-06
6107,119.72539122001035,1,18.352639,True,True,1.430511474609375e-06
6108,119.74379320099251,1,18.340169,True,True,1.430511474609375e-06
6109,119.76230511901667,1,18.451337,True,True,1.430511474609375e-06
6110,119.7809213870205,1,18.552447,True,True,1.430511474609375e-06
6111,119.79941034101648,1,18.408372,True,True,1.430511474609375e-06
6112,119.8184476349852,1,18.966467,True,True,1.430511474609375e-06
6113,119.83694815501804,1,18.428097,True,True,1.430511474609375e-06
6114,119.85533396498067,1,18.319926,True,True,1.430511474609375e-06
6115,119.87386097002309,1,18.466047,True,True,1.430511474609375e-06
6116,119.89249305101112,1,18.571338,True,True,1.430511474609375e-06
6117,119.91094013099791,1,18.385529,True,True,1.430511474609375e-06
6118,119.92931219399907,1,18.312624,True,True,1.430511474609375e-06
6119,119.95473505998962,1,25.35748,True,True,1.430511474609375e-06
6120,119.97659080201993,1,21.777471,True,True,1.430511474609375e-06
6121,119.995070828998,1,18.41031,True,True,1.430511474609375e-06
6122,120.01408122997964,2,18.933367,True,True,1.430511474609375e-06
6123,120.04122681100853,2,27.081637,True,True,1.430511474609375e-06
6124,120.05984555999748,2,18.520008,True,True,1.430511474609375e-06
6125,120.07854364498053,2,18.622052,True,True,1.430511474609375e-06
6126,120.09698489698349,2,18.37726,True,True,1.430511474609375e-06
6127,120.11875458201393,2,21.705495,True,True,1.430511474609375e-06
6128,120.14622764999513,2,27.369035,True,True,1.430511474609375e-06
6129,120.16482779098442,2,18.515066,True,True,1.430511474609375e-06
6130,120.18329303798964,2,18.406961,True,True,1.430511474609375e-06
6131,120.20173082500696,2,18.386149,True,True,1.430511474609375e-06
6132,120.22018797398778,2,18.407012,True,True,1.430511474609375e-06
6133,120.23855120397639,2,18.314053,True,True,1.430511474609375e-06
6134,120.2567452940275,2,18.145488,True,True,1.430511474609375e-06
6135,120.27523585601011,2,18.439957,True,True,1.430511474609375e-06
6136,120.2937468420132,2,18.456125,True,True,1.430511474609375e-06
6137,120.31219370302279,2,18.394054,True,True,1.430511474609375e-06
6138,120.33066544897156,2,18.42089,True,True,1.430511474609375e-06
6139,120.34924184798729,2,18.525545,True,True,1.430511474609375e-06
6140,120.367855546996,2,18.558159,True,True,1.430511474609375e-06
6141,120.39219735900406,2,24.289255,True,True,1.430511474609375e-06
6142,120.41635522502474,2,24.040139,True,True,1.430511474609375e-06
6143,120.4350766550051,2,18.63689,True,True,1.430511474609375e-06
6144,120.4535239909892,2,18.386228,True,True,1.430511474609375e-06
6145,120.4725196500076,2,18.937789,True,True,1.430511474609375e-06
6146,120.49112840997986,2,18.552921,True,True,1.430511474609375e-06
6147,120.50964213901898,2,18.460897,True,True,1.430511474609375e-06
6148,120.5280743589974,2,18.373848,True,True,1.430511474609375e-06
6149,120.5465803249972,2,18.450247,True,True,1.430511474609375e-06
6150,120.56490925501566,2,18.277352,True,True,1.430511474609375e-06
6151,120.58340562897502,2,18.442012,True,True,1.430511474609375e-06
6152,120.60227372002555,2,18.808455,True,True,1.430511474609375e-06
6153,120.62399540201295,2,21.664122,True,True,1.430511474609375e-06
6154,120.64541468501557,2,21.354543,True,True,1.430511474609375e-06
6155,120.66415949101793,2,18.681613,True,True,1.430511474609375e-06
6156,120.68255509197479,2,18.334008,True,True,1.430511474609375e-06
6157,120.70106501400005,2,18.445804,True,True,1.430511474609375e-06
6158,120.71977159398375,2,18.643712,True,True,1.430511474609375e-06
6159,120.73850105598103,2,18.616131,True,True,1.430511474609375e-06
6160,120.75717009598156,2,18.587688,True,True,1.430511474609375e-06
6161,120.77558902098099,2,18.350519,True,True,1.430511474609375e-06
6162,120.80195341602666,2,26.295315,True,True,1.430511474609375e-06
6163,120.82365074998233,2,21.612119,True,True,1.430511474609375e-06
6164,120.84213612397434,2,18.415089,True,True,1.430511474609375e-06
6165,120.86096476297826,2,18.762202,True,True,1.430511474609375e-06
6166,120.87949050602037,2,18.458844,True,True,1.430511474609375e-06
6167,120.89793760702014,2,18.387457,True,True,1.430511474609375e-06
6168,120.91631422401406,2,18.31417,True,True,1.430511474609375e-06
6169,120.93494818301406,2,18.574448,True,True,1.430511474609375e-06
6170,120.95335444802186,2,18.346777,True,True,1.430511474609375e-06
6171,120.97160698700463,2,18.18912,True,True,1.430511474609375e-06
6172,120.99018073902698,2,18.513215,True,True,1.430511474609375e-06
6173,121.00836734700715,2,18.12415,True,True,1.430511474609375e-06
6174,121.02704246697249,2,18.607652,True,True,1.430511474609375e-06
6175,121.04578890302218,2,18.629922,True,True,1.430511474609375e-06
6176,121.0643864669837,2,18.503225,True,True,1.430511474609375e-06
6177,121.082982774009,2,18.522298,True,True,1.430511474609375e-06
6178,121.10133421898354,2,18.287685,True,True,1.430511474609375e-06
6179,121.12951226200676,2,28.114751,True,True,1.430511474609375e-06
6180,121.15037777798716,2,20.748265,True,True,1.430511474609375e-06
6181,121.16947147302562,2,18.963948,True,True,1.430511474609375e-06
6182,121.18822928197915,2,18.644443,True,True,1.430511474609375e-06
6183,121.2072399709723,2,18.930941,True,True,1.430511474609375e-06
6184,121.23174621199723,2,24.43838,True,True,1.430511474609375e-06
6185,121.2502219810267,2,18.409054,True,True,1.430511474609375e-06
6186,121.26938637299463,2,19.096247,True,True,1.430511474609375e-06
6187,121.28792627598159,2,18.473895,True,True,1.430511474609375e-06
6188,121.3064188400167,2,18.422519,True,True,1.430511474609375e-06
6189,121.32498430402484,2,18.499191,True,True,1.430511474609375e-06
6190,121.34355262800818,2,18.506596,True,True,1.430511474609375e-06
6191,121.3620950349723,2,18.473063,True,True,1.430511474609375e-06
6192,121.38307268999051,2,20.908983,True,True,1.430511474609375e-06
6193,121.41146564902738,2,28.278579,True,True,1.430511474609375e-06
6194,121.43031574698398,2,18.740695,True,True,1.430511474609375e-06
6195,121.44886862201383,2,18.467289,True,True,1.430511474609375e-06
6196,121.4674755409942,2,18.5259,True,True,1.430511474609375e-06
6197,121.48606218100758,2,18.518885,True,True,1.430511474609375e-06
6198,121.50451823801268,2,18.391878,True,True,1.430511474609375e-06
6199,121.52298877597786,2,18.406494,True,True,1.430511474609375e-06
6200,121.54148949799128,2,18.434246,True,True,1.430511474609375e-06
6201,121.55999303300632,2,18.436988,True,True,1.430511474609375e-06
6202,121.57838869997067,2,18.334303,True,True,1.430511474609375e-06
6203,121.59730082500027,2,18.840914,True,True,1.430511474609375e-06
6204,121.61591413000133,2,18.528156,True,True,1.430511474609375e-06
6205,121.63435670098988,2,18.376293,True,True,1.430511474609375e-06
6206,121.65286996297073,2,18.445295,True,True,1.430511474609375e-06
6207,121.67137905297568,2,18.440425,True,True,1.430511474609375e-06
6208,121.68987746699713,2,18.435708,True,True,1.430511474609375e-06
6209,121.70848038600525,2,18.539485,True,True,1.430511474609375e-06
6210,121.72724992199801,2,18.704822,True,True,1.430511474609375e-06
6211,121.74567153700627,2,18.354971,True,True,1.430511474609375e-06
6212,121.76407561998349,2,18.343371,True,True,1.430511474609375e-06
6213,121.78258695697878,2,18.442985,True,True,1.430511474609375e-06
6214,121.80135997501202,2,18.706365,True,True,1.430511474609375e-06
6215,121.8200602689758,2,18.630413,True,True,1.430511474609375e-06
6216,121.8421744069783,2,22.044311,True,True,1.430511474609375e-06
6217,121.86073864100035,2,18.492532,True,True,1.430511474609375e-06
6218,121.87931085098535,2,18.511735,True,True,1.430511474609375e-06
6219,121.89783150801668,2,18.462429,True,True,1.430511474609375e-06
6220,121.91674101701938,2,18.84869,True,True,1.430511474609375e-06
6221,121.93518896598835,2,18.386588,True,True,1.430511474609375e-06
6222,121.95366627699696,2,18.414919,True,True,1.430511474609375e-06
6223,121.97218246100238,2,18.457007,True,True,1.430511474609375e-06
6224,121.99071095400723,2,18.469307,True,True,1.430511474609375e-06
6225,122.00909564498579,2,18.324585,True,True,1.430511474609375e-06
6226,122.02779927302618,2,18.642565,True,True,1.430511474609375e-06
6227,122.04625588800991,2,18.394081,True,True,1.430511474609375e-06
6228,122.06466334499419,2,18.341327,True,True,1.430511474609375e-06
6229,122.08308220800245,2,18.360138,True,True,1.430511474609375e-06
6230,122.10169467201922,2,18.55232,True,True,1.430511474609375e-06
6231,122.12024855997879,2,18.494453,True,True,1.430511474609375e-06
6232,122.1503577909898,2,30.038616,True,True,1.430511474609375e-06
6233,122.16912956599845,2,18.656391,True,True,1.430511474609375e-06
6234,122.18761446798453,2,18.400363,True,True,1.430511474609375e-06
6235,122.20650489401305,2,18.813003,True,True,1.430511474609375e-06
6236,122.22487691300921,2,18.311294,True,True,1.430511474609375e-06
6237,122.24332806299208,2,18.387082,True,True,1.430511474609375e-06
6238,122.26173937000567,2,18.352352,True,True,1.430511474609375e-06
6239,122.28022823401261,2,18.429273,True,True,1.430511474609375e-06
6240,122.29859838500852,2,18.303027,True,True,1.430511474609375e-06
6241,122.31697373202769,2,18.308759,True,True,1.430511474609375e-06
6242,122.33607687597396,2,19.03733,True,True,1.430511474609375e-06
6243,122.35450933099492,2,18.368179,True,True,1.430511474609375e-06
6244,122.37297212600242,2,18.390637,True,True,1.430511474609375e-06
6245,122.40193741500843,2,28.897522,True,True,1.430511474609375e-06
6246,122.4230784070096,2,21.020639,True,True,1.430511474609375e-06
6247,122.44477939297212,2,21.612004,True,True,1.430511474609375e-06
6248,122.46379852801329,2,18.937944,True,True,1.430511474609375e-06
6249,122.48235936101992,2,18.488285,True,True,1.430511474609375e-06
6250,122.50090064102551,2,18.472822,True,True,1.430511474609375e-06
6251,122.51948743697722,2,18.511639,True,True,1.430511474609375e-06
6252,122.53785417799372,2,18.299356,True,True,1.430511474609375e-06
6253,122.55636268202215,2,18.432583,True,True,1.430511474609375e-06
6254,122.57484966702759,2,18.421108,True,True,1.430511474609375e-06
6255,122.5934418180259,2,18.52299,True,True,1.430511474609375e-06
6256,122.61196410597768,2,18.452355,True,True,1.430511474609375e-06
6257,122.63052988401614,2,18.493893,True,True,1.430511474609375e-06
6258,122.64952893997543,2,18.934615,True,True,1.430511474609375e-06
6259,122.66798788297456,2,18.389687,True,True,1.430511474609375e-06
6260,122.6865226069931,2,18.468332,True,True,1.430511474609375e-06
6261,122.705114175973,2,18.523132,True,True,1.430511474609375e-06
6262,122.73403379699448,2,28.836607,True,True,1.430511474609375e-06
6263,122.75270005001221,2,18.556804,True,True,1.430511474609375e-06
6264,122.77124200802064,2,18.462145,True,True,1.430511474609375e-06
6265,122.78982865600847,2,18.500267,True,True,1.430511474609375e-06
6266,122.80847398802871,2,18.580137,True,True,1.430511474609375e-06
6267,122.82748757302761,2,18.940425,True,True,1.430511474609375e-06
6268,122.84608289599419,2,18.526965,True,True,1.430511474609375e-06
6269,122.86465200298699,2,18.505792,True,True,1.430511474609375e-06
6270,122.8830417090212,2,18.323354,True,True,1.430511474609375e-06
6271,122.90186485700542,2,18.761544,True,True,1.430511474609375e-06
6272,122.92085002898239,2,18.925301,True,True,1.430511474609375e-06
6273,122.93931021401659,2,18.395755,True,True,1.430511474609375e-06
6274,122.957775657007,2,18.40008,True,True,1.430511474609375e-06
6275,122.97619423602009,2,18.354685,True,True,1.430511474609375e-06
6276,122.99460981797893,2,18.348699,True,True,1.430511474609375e-06
6277,123.01305374701042,2,18.385893,True,True,1.430511474609375e-06
6278,123.03783332800958,2,24.71656,True,True,1.430511474609375e-06
6279,123.05637198599288,2,18.461675,True,True,1.430511474609375e-06
6280,123.07523327600211,2,18.771222,True,True,1.430511474609375e-06
6281,123.09368350997102,2,18.376311,True,True,1.430511474609375e-06
6282,123.11219437100226,2,18.451448,True,True,1.430511474609375e-06
6283,123.13382828899194,2,21.571337,True,True,1.430511474609375e-06
6284,123.16120498802047,2,27.282453,True,True,1.430511474609375e-06
6285,123.17993179202313,2,18.628629,True,True,1.430511474609375e-06
6286,123.19854465097887,2,18.534378,True,True,1.430511474609375e-06
6287,123.2170568620204,2,18.440795,True,True,1.430511474609375e-06
6288,123.23597556899767,2,18.854784,True,True,1.430511474609375e-06
6289,123.25470780499745,2,18.665543,True,True,1.430511474609375e-06
6290,123.27320644800784,2,18.448983,True,True,1.430511474609375e-06
6291,123.29154208401451,2,18.286299,True,True,1.430511474609375e-06
6292,123.31037144397851,2,18.769191,True,True,1.430511474609375e-06
6293,123.32917251199251,2,18.747358,True,True,1.430511474609375e-06
6294,123.34783456497826,2,18.607709,True,True,1.430511474609375e-06
6295,123.36666181898909,2,18.717713,True,True,1.430511474609375e-06
6296,123.39697188098216,2,30.209457,True,True,1.430511474609375e-06
6297,123.41583887499291,2,18.750122,True,True,1.430511474609375e-06
6298,123.43494148098398,2,19.024548,True,True,1.430511474609375e-06
6299,123.4535387349897,2,18.518466,True,True,1.430511474609375e-06
6300,123.47227759100497,2,18.671954,True,True,1.430511474609375e-06
6301,123.49143099301727,2,19.032968,True,True,1.430511474609375e-06
6302,123.5101698259823,2,18.646968,True,True,1.430511474609375e-06
6303,123.5291541829938,2,18.910893,True,True,1.430511474609375e-06
6304,123.54797228897223,2,18.741337,True,True,1.430511474609375e-06
6305,123.56655982497614,2,18.519729,True,True,1.430511474609375e-06
6306,123.58499783201842,2,18.378286,True,True,1.430511474609375e-06
6307,123.60353199800011,2,18.482009,True,True,1.430511474609375e-06
6308,123.62226090900367,2,18.675007,True,True,1.430511474609375e-06
6309,123.64440891501727,2,22.094005,True,True,1.430511474609375e-06
6310,123.66289689397672,2,18.434094,True,True,1.430511474609375e-06
6311,123.68153435899876,2,18.573975,True,True,1.430511474609375e-06
6312,123.69993686699308,2,18.347154,True,True,1.430511474609375e-06
6313,123.71864841197385,2,18.661077,True,True,1.430511474609375e-06
6314,123.73785534501076,2,19.158271,True,True,1.430511474609375e-06
6315,123.75632416101871,2,18.41468,True,True,1.430511474609375e-06
6316,123.77492693898967,2,18.549354,True,True,1.430511474609375e-06
6317,123.7935549900285,2,18.572925,True,True,1.430511474609375e-06
6318,123.81194400199456,2,18.343622,True,True,1.430511474609375e-06
6319,123.8311622950132,2,19.171457,True,True,1.430511474609375e-06
6320,123.85012384102447,2,18.90337,True,True,1.430511474609375e-06
6321,123.86857929098187,2,18.402332,True,True,1.430511474609375e-06
6322,123.88702993898187,2,18.402671,True,True,1.430511474609375e-06
6323,123.90545836399542,2,18.373999,True,True,1.430511474609375e-06
6324,123.92443153000204,2,18.926658,True,True,1.430511474609375e-06
6325,123.94293496099999,2,18.454462,True,True,1.430511474609375e-06
6326,123.9614486329956,2,18.459122,True,True,1.430511474609375e-06
6327,123.97994583600666,2,18.439821,True,True,1.430511474609375e-06
6328,123.99833095201757,2,18.332706,True,True,1.430511474609375e-06
6329,124.01676746597514,2,18.390052,True,True,1.430511474609375e-06
6330,124.03608905698638,2,19.271173,True,True,1.430511474609375e-06
6331,124.0546358069987,2,18.492013,True,True,1.430511474609375e-06
6332,124.07313019497087,2,18.448211,True,True,1.430511474609375e-06
6333,124.0915931930067,2,18.414961,True,True,1.430511474609375e-06
6334,124.11025793297449,2,18.605293,True,True,1.430511474609375e-06
6335,124.13142629602225,2,21.114155,True,True,1.430511474609375e-06
6336,124.16624431399396,2,34.696147,True,True,1.430511474609375e-06
6337,124.18510535499081,2,18.731095,True,True,1.430511474609375e-06
6338,124.20377759198891,2,18.595003,True,True,1.430511474609375e-06
6339,124.22274602297693,2,18.90894,True,True,1.430511474609375e-06
6340,124.24723826098489,2,24.436233,True,True,1.430511474609375e-06
6341,124.26574226299999,2,18.445687,True,True,1.430511474609375e-06
6342,124.28473415301414,2,18.936419,True,True,1.430511474609375e-06
6343,124.30328999698395,2,18.491345,True,True,1.430511474609375e-06
6344,124.3217446890194,2,18.395737,True,True,1.430511474609375e-06
6345,124.34022691298742,2,18.428019,True,True,1.430511474609375e-06
6346,124.35887008201098,2,18.59201,True,True,1.430511474609375e-06
6347,124.37735632999102,2,18.423826,True,True,1.430511474609375e-06
6348,124.41798923397437,2,40.568013,True,True,1.430511474609375e-06
6349,124.4369032799732,2,18.775652,True,True,1.430511474609375e-06
6350,124.45555272401543,2,18.567618,True,True,1.430511474609375e-06
6351,124.47445489297388,2,18.834655,True,True,1.430511474609375e-06
6352,124.49312908697175,2,18.615909,True,True,1.430511474609375e-06
6353,124.51152964902576,2,18.348132,True,True,1.430511474609375e-06
6354,124.530030318012,2,18.442468,True,True,1.430511474609375e-06
6355,124.54847795201931,2,18.388537,True,True,1.430511474609375e-06
6356,124.56690564198652,2,18.376527,True,True,1.430511474609375e-06
6357,124.58544643601635,2,18.486287,True,True,1.430511474609375e-06
6358,124.6041165139759,2,18.612846,True,True,1.430511474609375e-06
6359,124.62258548999671,2,18.409302,True,True,1.430511474609375e-06
6360,124.64090372400824,2,18.26779,True,True,1.430511474609375e-06
6361,124.6599127019872,2,18.959666,True,True,1.430511474609375e-06
6362,124.67842413997278,2,18.453462,True,True,1.430511474609375e-06
6363,124.69687295297626,2,18.389899,True,True,1.430511474609375e-06
6364,124.71535249002045,2,18.427664,True,True,1.430511474609375e-06
6365,124.73390658799326,2,18.507324,True,True,1.430511474609375e-06
6366,124.75224279402755,2,18.29033,True,True,1.430511474609375e-06
6367,124.77231653797207,2,20.024195,True,True,1.430511474609375e-06
6368,124.79271658597281,2,20.250921,True,True,1.430511474609375e-06
6369,124.81188491900684,2,19.045835,True,True,1.430511474609375e-06
6370,124.83618410601048,2,24.208918,True,True,1.430511474609375e-06
6371,124.85519248998025,2,18.938257,True,True,1.430511474609375e-06
6372,124.87363038701005,2,18.383315,True,True,1.430511474609375e-06
6373,124.89211921201786,2,18.434746,True,True,1.430511474609375e-06
6374,124.9105855320231,2,18.415661,True,True,1.430511474609375e-06
6375,124.92914251697948,2,18.512727,True,True,1.430511474609375e-06
6376,124.94766020198585,2,18.471641,True,True,1.430511474609375e-06
6377,124.96609860897297,2,18.397417,True,True,1.430511474609375e-06
6378,124.98452263098443,2,18.377816,True,True,1.430511474609375e-06
6379,125.00291247398127,2,18.345815,True,True,1.430511474609375e-06
6380,125.0213742100168,2,18.410681,True,True,1.430511474609375e-06
6381,125.03992795897648,2,18.504769,True,True,1.430511474609375e-06
6382,125.06551562901586,2,25.54513,True,True,1.430511474609375e-06
6383,125.08763341297163,2,22.035972,True,True,1.430511474609375e-06
6384,125.10603591997642,2,18.346088,True,True,1.430511474609375e-06
6385,125.12446759099839,2,18.379845,True,True,1.430511474609375e-06
6386,125.1429907180136,2,18.480753,True,True,1.430511474609375e-06
6387,125.1715562280151,2,28.516228,True,True,1.430511474609375e-06
6388,125.19193639600417,2,20.280591,True,True,1.430511474609375e-06
6389,125.21049199101981,2,18.484515,True,True,1.430511474609375e-06
6390,125.2288821269758,2,18.342308,True,True,1.430511474609375e-06
6391,125.24731342599262,2,18.388895,True,True,1.430511474609375e-06
6392,125.26610219397116,2,18.745249,True,True,1.430511474609375e-06
6393,125.28451755200513,2,18.37133,True,True,1.430511474609375e-06
6394,125.30291987297824,2,18.3508,True,True,1.430511474609375e-06
6395,125.32136489101686,2,18.401038,True,True,1.430511474609375e-06
6396,125.33966641302686,2,18.255622,True,True,1.430511474609375e-06
6397,125.35813137399964,2,18.418124,True,True,1.430511474609375e-06
6398,125.3766107140109,2,18.431783,True,True,1.430511474609375e-06
6399,125.40489882399561,2,28.23644,True,True,1.430511474609375e-06
6400,125.42763212200953,2,22.621988,True,True,1.430511474609375e-06
6401,125.44880884198938,2,21.097746,True,True,1.430511474609375e-06
6402,125.46736582001904,2,18.499781,True,True,1.430511474609375e-06
6403,125.48565722699277,2,18.236866,True,True,1.430511474609375e-06
6404,125.50390157301445,2,18.194665,True,True,1.430511474609375e-06
6405,125.52249788498739,2,18.546834,True,True,1.430511474609375e-06
6406,125.54103202500846,2,18.485396,True,True,1.430511474609375e-06
6407,125.55950115498854,2,18.420082,True,True,1.430511474609375e-06
6408,125.57843506301288,2,18.887981,True,True,1.430511474609375e-06
6409,125.59682749898639,2,18.339002,True,True,1.430511474609375e-06
6410,125.61539058398921,2,18.510428,True,True,1.430511474609375e-06
6411,125.63377569097793,2,18.330925,True,True,1.430511474609375e-06
6412,125.65223871200578,2,18.420799,True,True,1.430511474609375e-06
6413,125.67062969499966,2,18.345756,True,True,1.430511474609375e-06
6414,125.68896763102384,2,18.288892,True,True,1.430511474609375e-06
6415,125.71239210601198,2,23.376997,True,True,1.430511474609375e-06
6416,125.73547679901822,2,22.994879,True,True,1.430511474609375e-06
6417,125.75463151797885,2,19.092733,True,True,1.430511474609375e-06
6418,125.77308890299173,2,18.411575,True,True,1.430511474609375e-06
6419,125.79155244398862,2,18.399444,True,True,1.430511474609375e-06
6420,125.81005799002014,2,18.457051,True,True,1.430511474609375e-06
6421,125.82855057198321,2,18.44542,True,True,1.430511474609375e-06
6422,125.84708884899737,2,18.491396,True,True,1.430511474609375e-06
6423,125.86544825899182,2,18.317368,True,True,1.430511474609375e-06
6424,125.88402809598483,2,18.536408,True,True,1.430511474609375e-06
6425,125.90244714298751,2,18.375421,True,True,1.430511474609375e-06
6426,125.92087846098002,2,18.388744,True,True,1.430511474609375e-06
6427,125.93979213701095,2,18.872874,True,True,1.430511474609375e-06
6428,125.95821532001719,2,18.382049,True,True,1.430511474609375e-06
6429,125.9765123410034,2,18.252951,True,True,1.430511474609375e-06
6430,125.99475503101712,2,18.200615,True,True,1.430511474609375e-06
6431,126.01331567700254,2,18.517231,True,True,1.430511474609375e-06
6432,126.03428632800933,2,20.928906,True,True,1.430511474609375e-06
6433,126.05587846902199,2,21.54693,True,True,1.430511474609375e-06
6434,126.07463523099432,2,18.706401,True,True,1.430511474609375e-06
6435,126.0931639620103,2,18.48297,True,True,1.430511474609375e-06
6436,126.11158951098332,2,18.379064,True,True,1.430511474609375e-06
6437,126.13006117200712,2,18.427817,True,True,1.430511474609375e-06
6438,126.15101771097397,2,20.910031,True,True,1.430511474609375e-06
6439,126.17941616801545,2,28.295156,True,True,1.430511474609375e-06
6440,126.1981425639824,2,18.640873,True,True,1.430511474609375e-06
6441,126.2165518180118,2,18.346717,True,True,1.430511474609375e-06
6442,126.23502098501194,2,18.424539,True,True,1.430511474609375e-06
6443,126.25341374898562,2,18.347529,True,True,1.430511474609375e-06
6444,126.27179417497246,2,18.339592,True,True,1.430511474609375e-06
6445,126.29024404397933,2,18.407032,True,True,1.430511474609375e-06
6446,126.30875002598623,2,18.460767,True,True,1.430511474609375e-06
6447,126.32721792598022,2,18.424919,True,True,1.430511474609375e-06
6448,126.34568470000522,2,18.419856,True,True,1.430511474609375e-06
6449,126.36441649997141,2,18.683821,True,True,1.430511474609375e-06
6450,126.3862927070004,2,21.826785,True,True,1.430511474609375e-06
6451,126.4147264190251,2,28.318396,True,True,1.430511474609375e-06
6452,126.43352661601966,2,18.684456,True,True,1.430511474609375e-06
6453,126.45208666898543,2,18.488642,True,True,1.430511474609375e-06
6454,126.47066605102737,2,18.51908,True,True,1.430511474609375e-06
6455,126.48908654000843,2,18.365266,True,True,1.430511474609375e-06
6456,126.5075973860221,2,18.465731,True,True,1.430511474609375e-06
6457,126.52644241100643,2,18.747069,True,True,1.430511474609375e-06
6458,126.54544126201654,2,18.896996,True,True,1.430511474609375e-06
6459,126.57099589100108,2,25.48225,True,True,1.430511474609375e-06
6460,126.59333339100704,2,22.270395,True,True,1.430511474609375e-06
6461,126.61184088897426,2,18.447604,True,True,1.430511474609375e-06
6462,126.63591817999259,2,24.028508,True,True,1.430511474609375e-06
6463,126.6550045919721,2,19.017938,True,True,1.430511474609375e-06
6464,126.67361234297277,2,18.541849,True,True,1.430511474609375e-06
6465,126.69205047597643,2,18.384789,True,True,1.430511474609375e-06
6466,126.71052573400084,2,18.420521,True,True,1.430511474609375e-06
6467,126.72911390598165,2,18.541742,True,True,1.430511474609375e-06
6468,126.74738532700576,2,18.229055,True,True,1.430511474609375e-06
6469,126.76581865100889,2,18.388054,True,True,1.430511474609375e-06
6470,126.78478973498568,2,18.920395,True,True,1.430511474609375e-06
6471,126.80322766199242,2,18.395449,True,True,1.430511474609375e-06
6472,126.82142814999679,2,18.159031,True,True,1.430511474609375e-06
6473,126.83965151902521,2,18.179759,True,True,1.430511474609375e-06
6474,126.85818889801158,2,18.490169,True,True,1.430511474609375e-06
6475,126.87661084299907,2,18.380856,True,True,1.430511474609375e-06
6476,126.89508292800747,2,18.425732,True,True,1.430511474609375e-06
6477,126.91375285299728,2,18.625965,True,True,1.430511474609375e-06
6478,126.93221737002023,2,18.420636,True,True,1.430511474609375e-06
6479,126.95064480497967,2,18.383854,True,True,1.430511474609375e-06
6480,126.96894726302708,2,18.261693,True,True,1.430511474609375e-06
6481,126.98753009701613,2,18.542515,True,True,1.430511474609375e-06
6482,127.00595964898821,2,18.391361,True,True,1.430511474609375e-06
6483,127.0243287680205,2,18.327895,True,True,1.430511474609375e-06
6484,127.04317058698507,2,18.801841,True,True,1.430511474609375e-06
6485,127.06156438897597,2,18.350593,True,True,1.430511474609375e-06
6486,127.07996690698201,2,18.359789,True,True,1.430511474609375e-06
6487,127.09849160700105,2,18.484915,True,True,1.430511474609375e-06
6488,127.11711471300805,2,18.555581,True,True,1.430511474609375e-06
6489,127.13562736997847,2,18.457797,True,True,1.430511474609375e-06
6490,127.16135538497474,2,25.677889,True,True,1.430511474609375e-06
6491,127.18587741797091,2,24.396837,True,True,1.430511474609375e-06
6492,127.20458916400094,2,18.620391,True,True,1.430511474609375e-06
6493,127.22312152798986,2,18.475677,True,True,1.430511474609375e-06
6494,127.24549705797108,2,22.325014,True,True,1.430511474609375e-06
6495,127.26395021699136,2,18.396308,True,True,1.430511474609375e-06
6496,127.28262257401366,2,18.624034,True,True,1.430511474609375e-06
6497,127.30108696501702,2,18.419411,True,True,1.430511474609375e-06
6498,127.31959967198782,2,18.455398,True,True,1.430511474609375e-06
6499,127.33804931002669,2,18.40412,True,True,1.430511474609375e-06
6500,127.35642466298304,2,18.329077,True,True,1.430511474609375e-06
6501,127.37491563602816,2,18.440418,True,True,1.430511474609375e-06
6502,127.41185215499718,2,36.886953,True,True,1.430511474609375e-06
6503,127.43521152500762,2,23.230425,True,True,1.430511474609375e-06
6504,127.45375709998189,2,18.4659,True,True,1.430511474609375e-06
6505,127.47264162200736,2,18.819706,True,True,1.430511474609375e-06
6506,127.49120572500397,2,18.503271,True,True,1.430511474609375e-06
6507,127.5096541600069,2,18.396547,True,True,1.430511474609375e-06
6508,127.52828219800722,2,18.557909,True,True,1.430511474609375e-06
6509,127.54690886702156,2,18.565795,True,True,1.430511474609375e-06
6510,127.5654301950126,2,18.467406,True,True,1.430511474609375e-06
6511,127.583918903023,2,18.440283,True,True,1.430511474609375e-06
6512,127.60270809201756,2,18.738214,True,True,1.430511474609375e-06
6513,127.62120841699652,2,18.446361,True,True,1.430511474609375e-06
6514,127.63957176002441,2,18.310284,True,True,1.430511474609375e-06
6515,127.65803247800795,2,18.417434,True,True,1.430511474609375e-06
6516,127.67650001501897,2,18.409421,True,True,1.430511474609375e-06
6517,127.69495889398968,2,18.406373,True,True,1.430511474609375e-06
6518,127.71349555102643,2,18.486056,True,True,1.430511474609375e-06
6519,127.73256042302819,2,19.018262,True,True,1.430511474609375e-06
6520,127.75106645398773,2,18.456522,True,True,1.430511474609375e-06
6521,127.76945459400304,2,18.345019,True,True,1.430511474609375e-06
6522,127.79494417697424,2,25.440528,True,True,1.430511474609375e-06
6523,127.81352944497485,2,18.514648,True,True,1.430511474609375e-06
6524,127.83802138298051,2,24.440552,True,True,1.430511474609375e-06
6525,127.85703321098117,2,18.933776,True,True,1.430511474609375e-06
6526,127.87550747598289,2,18.411279,True,True,1.430511474609375e-06
6527,127.89393447199836,2,18.378772,True,True,1.430511474609375e-06
6528,127.91233509697486,2,18.355464,True,True,1.430511474609375e-06
6529,127.93082434299868,2,18.446719,True,True,1.430511474609375e-06
6530,127.94935041997815,2,18.479259,True,True,1.430511474609375e-06
6531,127.96769330697134,2,18.302126,True,True,1.430511474609375e-06
6532,127.98680781497387,2,19.067234,True,True,1.430511474609375e-06
6533,128.0052845979808,2,18.434692,True,True,1.430511474609375e-06
6534,128.02364904002752,2,18.317573,True,True,1.430511474609375e-06
6535,128.04215459001716,2,18.466078,True,True,1.430511474609375e-06
6536,128.06067407201044,2,18.470408,True,True,1.430511474609375e-06
6537,128.07913927501068,2,18.423236,True,True,1.430511474609375e-06
6538,128.0975139720249,2,18.331625,True,True,1.430511474609375e-06
6539,128.11661273398204,2,19.058433,True,True,1.430511474609375e-06
6540,128.1350283420179,2,18.37065,True,True,1.430511474609375e-06
6541,128.1534117659903,2,18.331075,True,True,1.430511474609375e-06
6542,128.18394019798143,2,30.482105,True,True,1.430511474609375e-06
6543,128.20282052300172,2,18.773272,True,True,1.430511474609375e-06
6544,128.22136189002777,2,18.47714,True,True,1.430511474609375e-06
6545,128.23998419201234,2,18.572422,True,True,1.430511474609375e-06
6546,128.25847547798185,2,18.447465,True,True,1.430511474609375e-06
6547,128.27698402001988,2,18.46443,True,True,1.430511474609375e-06
6548,128.2955571829807,2,18.508242,True,True,1.430511474609375e-06
6549,128.31422473897692,2,18.612926,True,True,1.430511474609375e-06
6550,128.3327206490212,2,18.44053,True,True,1.430511474609375e-06
6551,128.35125056601828,2,18.479741,True,True,1.430511474609375e-06
6552,128.37010141601786,2,18.801664,True,True,1.430511474609375e-06
6553,128.3985624120105,2,28.410241,True,True,1.430511474609375e-06
6554,128.41911629401147,2,20.437003,True,True,1.430511474609375e-06
6555,128.4382785659982,2,19.100637,True,True,1.430511474609375e-06
6556,128.4599162240047,2,21.566366,True,True,1.430511474609375e-06
6557,128.4787060369854,2,18.725121,True,True,1.430511474609375e-06
6558,128.49729795998428,2,18.539423,True,True,1.430511474609375e-06
6559,128.51573436101899,2,18.387428,True,True,1.430511474609375e-06
6560,128.5342541700229,2,18.467748,True,True,1.430511474609375e-06
6561,128.55272733198944,2,18.419599,True,True,1.430511474609375e-06
6562,128.57110318198102,2,18.323418,True,True,1.430511474609375e-06
6563,128.58928354800446,2,18.132843,True,True,1.430511474609375e-06
6564,128.60759200900793,2,18.257089,True,True,1.430511474609375e-06
6565,128.6261321339989,2,18.493003,True,True,1.430511474609375e-06
6566,128.64478746597888,2,18.610467,True,True,1.430511474609375e-06
6567,128.66327986097895,2,18.443416,True,True,1.430511474609375e-06
6568,128.6821698709973,2,18.842196,True,True,1.430511474609375e-06
6569,128.70077347301412,2,18.560742,True,True,1.430511474609375e-06
6570,128.71928247099277,2,18.462584,True,True,1.430511474609375e-06
6571,128.7380316790077,2,18.69009,True,True,1.430511474609375e-06
6572,128.75670559401624,2,18.566726,True,True,1.430511474609375e-06
6573,128.77508128702175,2,18.310902,True,True,1.430511474609375e-06
6574,128.7937299340265,2,18.588778,True,True,1.430511474609375e-06
6575,128.81223750498611,2,18.458911,True,True,1.430511474609375e-06
6576,128.83061512600398,2,18.333549,True,True,1.430511474609375e-06
6577,128.84988493000856,2,19.2203,True,True,1.430511474609375e-06
6578,128.86889269197127,2,18.911215,True,True,1.430511474609375e-06
6579,128.88752088398905,2,18.543583,True,True,1.430511474609375e-06
6580,128.9061723210034,2,18.596344,True,True,1.430511474609375e-06
6581,128.92476808902575,2,18.549506,True,True,1.430511474609375e-06
6582,128.9431510710274,2,18.314659,True,True,1.430511474609375e-06
6583,128.96155133802677,2,18.3457,True,True,1.430511474609375e-06
6584,128.9803556969855,2,18.756746,True,True,1.430511474609375e-06
6585,128.9987008050084,2,18.303924,True,True,1.430511474609375e-06
6586,129.01712166698417,2,18.378513,True,True,1.430511474609375e-06
6587,129.0363230620278,2,19.160753,True,True,1.430511474609375e-06
6588,129.0577511760057,2,21.373929,True,True,1.430511474609375e-06
6589,129.0762739449856,2,18.471977,True,True,1.430511474609375e-06
6590,129.09525856398977,2,18.935486,True,True,1.430511474609375e-06
6591,129.1136842580163,2,18.379273,True,True,1.430511474609375e-06
6592,129.13212925900007,2,18.403317,True,True,1.430511474609375e-06
6593,129.15055446099723,2,18.383425,True,True,1.430511474609375e-06
6594,129.18063454702497,2,30.038071,True,True,1.430511474609375e-06
6595,129.199463300989,2,18.721767,True,True,1.430511474609375e-06
6596,129.21805337199476,2,18.523212,True,True,1.430511474609375e-06
6597,129.23645465698792,2,18.349162,True,True,1.430511474609375e-06
6598,129.25492690497776,2,18.426216,True,True,1.430511474609375e-06
6599,129.2734613950015,2,18.488153,True,True,1.430511474609375e-06
6600,129.2918834220036,2,18.375905,True,True,1.430511474609375e-06
6601,129.31774704402778,2,25.780444,True,True,1.430511474609375e-06
6602,129.33959187101573,2,21.765196,True,True,1.430511474609375e-06
6603,129.35810726700583,2,18.455969,True,True,1.430511474609375e-06
6604,129.3771059429855,2,18.943109,True,True,1.430511474609375e-06
6605,129.40670217300067,2,29.545747,True,True,1.430511474609375e-06
6606,129.4257311419933,2,18.922187,True,True,1.430511474609375e-06
6607,129.44431559502846,2,18.516686,True,True,1.430511474609375e-06
6608,129.46289502101718,2,18.523297,True,True,1.430511474609375e-06
6609,129.48142550501507,2,18.476312,True,True,1.430511474609375e-06
6610,129.49979934602743,2,18.324496,True,True,1.430511474609375e-06
6611,129.5182649139897,2,18.420124,True,True,1.430511474609375e-06
6612,129.53636655997252,2,18.05109,True,True,1.430511474609375e-06
6613,129.55463087401586,2,18.214845,True,True,1.430511474609375e-06
6614,129.57330894598272,2,18.629584,True,True,1.430511474609375e-06
6615,129.59171650797362,2,18.359441,True,True,1.430511474609375e-06
6616,129.610394007992,2,18.627364,True,True,1.430511474609375e-06
6617,129.6291754799895,2,18.730708,True,True,1.430511474609375e-06
6618,129.65352590900147,2,24.305767,True,True,1.430511474609375e-06
6619,129.67207713099197,2,18.492595,True,True,1.430511474609375e-06
6620,129.69087490497623,2,18.741,True,True,1.430511474609375e-06
6621,129.70941410399973,2,18.49083,True,True,1.430511474609375e-06
6622,129.72775940800784,2,18.292191,True,True,1.430511474609375e-06
6623,129.74630052200519,2,18.498759,True,True,1.430511474609375e-06
6624,129.7648558500223,2,18.512015,True,True,1.430511474609375e-06
6625,129.7835235170205,2,18.612927,True,True,1.430511474609375e-06
6626,129.80210448399885,2,18.528644,True,True,1.430511474609375e-06
6627,129.82088416599436,2,18.735599,True,True,1.430511474609375e-06
6628,129.83942397800274,2,18.495961,True,True,1.430511474609375e-06
6629,129.85793462500442,2,18.4602,True,True,1.430511474609375e-06
6630,129.87638655502815,2,18.407439,True,True,1.430511474609375e-06
6631,129.8949307600269,2,18.502391,True,True,1.430511474609375e-06
6632,129.9133166159736,2,18.34467,True,True,1.430511474609375e-06
6633,129.93175803602207,2,18.398966,True,True,1.430511474609375e-06
6634,129.95024726900738,2,18.444583,True,True,1.430511474609375e-06
6635,129.9686482899706,2,18.356546,True,True,1.430511474609375e-06
6636,129.98705925699323,2,18.366248,True,True,1.430511474609375e-06
6637,130.00595542497467,2,18.854464,True,True,1.430511474609375e-06
6638,130.0246149689774,2,18.597388,True,True,1.430511474609375e-06
6639,130.04302475601435,2,18.357911,True,True,1.430511474609375e-06
6640,130.06156305602053,2,18.483346,True,True,1.430511474609375e-06
6641,130.08011381601682,2,18.508441,True,True,1.430511474609375e-06
6642,130.0987054950092,2,18.543404,True,True,1.430511474609375e-06
6643,130.11718727397965,2,18.436752,True,True,1.430511474609375e-06
6644,130.13598148402525,2,18.750282,True,True,1.430511474609375e-06
6645,130.15464639902348,2,18.617616,True,True,1.430511474609375e-06
6646,130.1796582749812,2,24.961683,True,True,1.430511474609375e-06
6647,130.20387381798355,2,24.121599,True,True,1.430511474609375e-06
6648,130.22234090900747,2,18.409427,True,True,1.430511474609375e-06
6649,130.24513757700333,2,22.742921,True,True,1.430511474609375e-06
6650,130.26378770900192,2,18.594648,True,True,1.430511474609375e-06
6651,130.2822777130059,2,18.443722,True,True,1.430511474609375e-06
6652,130.30097027798183,2,18.644868,True,True,1.430511474609375e-06
6653,130.3195131960092,2,18.493912,True,True,1.430511474609375e-06
6654,130.33799550600816,2,18.427385,True,True,1.430511474609375e-06
6655,130.3565542959841,2,18.509478,True,True,1.430511474609375e-06
6656,130.37524629902327,2,18.638783,True,True,1.430511474609375e-06
6657,130.4041437759879,2,28.844005,True,True,1.430511474609375e-06
6658,130.4245417820057,2,20.304431,True,True,1.430511474609375e-06
6659,130.44307914900128,2,18.472441,True,True,1.430511474609375e-06
6660,130.4615139249945,2,18.365617,True,True,1.430511474609375e-06
6661,130.47984033101238,2,18.269708,True,True,1.430511474609375e-06
6662,130.49815353698796,2,18.259973,True,True,1.430511474609375e-06
6663,130.51702626800397,2,18.823264,True,True,1.430511474609375e-06
6664,130.53564725600882,2,18.568644,True,True,1.430511474609375e-06
6665,130.55410543899052,2,18.410272,True,True,1.430511474609375e-06
6666,130.57292657799553,2,18.769209,True,True,1.430511474609375e-06
6667,130.5916189479758,2,18.64382,True,True,1.430511474609375e-06
6668,130.60999762802385,2,18.326666,True,True,1.430511474609375e-06
6669,130.62842914200155,2,18.382365,True,True,1.430511474609375e-06
6670,130.64702181401663,2,18.548387,True,True,1.430511474609375e-06
6671,130.66544259700458,2,18.3769,True,True,1.430511474609375e-06
6672,130.6838374590152,2,18.347911,True,True,1.430511474609375e-06
6673,130.70233355200617,2,18.447067,True,True,1.430511474609375e-06
6674,130.72086528502405,2,18.480187,True,True,1.430511474609375e-06
6675,130.7393282650155,2,18.410035,True,True,1.430511474609375e-06
6676,130.75817304599332,2,18.797088,True,True,1.430511474609375e-06
6677,130.7765947469743,2,18.376564,True,True,1.430511474609375e-06
6678,130.7950033239904,2,18.357846,True,True,1.430511474609375e-06
6679,130.81335470901104,2,18.304725,True,True,1.430511474609375e-06
6680,130.83192703302484,2,18.528036,True,True,1.430511474609375e-06
6681,130.8541565859923,2,22.183508,True,True,1.430511474609375e-06
6682,130.87269792502047,2,18.475974,True,True,1.430511474609375e-06
6683,130.89153393998276,2,18.785559,True,True,1.430511474609375e-06
6684,130.9099498949945,2,18.368004,True,True,1.430511474609375e-06
6685,130.9283670830191,2,18.375342,True,True,1.430511474609375e-06
6686,130.94737154600443,2,18.957719,True,True,1.430511474609375e-06
6687,130.96556492702803,2,18.148158,True,True,1.430511474609375e-06
6688,130.98389923002105,2,18.293633,True,True,1.430511474609375e-06
6689,131.01263858098537,2,28.692414,True,True,1.430511474609375e-06
6690,131.03128786897287,2,18.571784,True,True,1.430511474609375e-06
6691,131.0502073650132,2,18.86496,True,True,1.430511474609375e-06
6692,131.06864477001363,2,18.391453,True,True,1.430511474609375e-06
6693,131.08702586701838,2,18.33976,True,True,1.430511474609375e-06
6694,131.10574002901558,2,18.674278,True,True,1.430511474609375e-06
6695,131.12413755001035,2,18.354896,True,True,1.430511474609375e-06
6696,131.14252570498502,2,18.347748,True,True,1.430511474609375e-06
6697,131.16094247897854,2,18.378443,True,True,1.430511474609375e-06
6698,131.1814767710166,2,20.492295,True,True,1.430511474609375e-06
6699,131.20856516400818,2,27.004468,True,True,1.430511474609375e-06
6700,131.22872851602733,2,20.096169,True,True,1.430511474609375e-06
6701,131.24708774400642,2,18.299673,True,True,1.430511474609375e-06
6702,131.26573167700553,2,18.595318,True,True,1.430511474609375e-06
6703,131.284059335012,2,18.287244,True,True,1.430511474609375e-06
6704,131.30240271799266,2,18.303784,True,True,1.430511474609375e-06
6705,131.32099277101224,2,18.541933,True,True,1.430511474609375e-06
6706,131.33935081097297,2,18.308235,True,True,1.430511474609375e-06
6707,131.35808795702178,2,18.685411,True,True,1.430511474609375e-06
6708,131.37677587597864,2,18.578552,True,True,1.430511474609375e-06
6709,131.40487835701788,2,28.030857,True,True,1.430511474609375e-06
6710,131.42580878798617,2,20.830721,True,True,1.430511474609375e-06
6711,131.4444121790002,2,18.537934,True,True,1.430511474609375e-06
6712,131.46302355697844,2,18.548512,True,True,1.430511474609375e-06
6713,131.4817339630099,2,18.624089,True,True,1.430511474609375e-06
6714,131.50059134798357,2,18.758527,True,True,1.430511474609375e-06
6715,131.5190940190223,2,18.443562,True,True,1.430511474609375e-06
6716,131.53756853897357,2,18.421479,True,True,1.430511474609375e-06
6717,131.55652264598757,2,18.894815,True,True,1.430511474609375e-06
6718,131.57488497998565,2,18.310323,True,True,1.430511474609375e-06
6719,131.5933634439716,2,18.431412,True,True,1.430511474609375e-06
6720,131.61174551100703,2,18.326954,True,True,1.430511474609375e-06
6721,131.63029987702612,2,18.500613,True,True,1.430511474609375e-06
6722,131.65135258500231,2,20.999751,True,True,1.430511474609375e-06
6723,131.67727421200834,2,25.860965,True,True,1.430511474609375e-06
6724,131.69592180498876,2,18.574855,True,True,1.430511474609375e-06
6725,131.71437804499874,2,18.398919,True,True,1.430511474609375e-06
6726,131.73315816099057,2,18.731527,True,True,1.430511474609375e-06
6727,131.75163610698655,2,18.433681,True,True,1.430511474609375e-06
6728,131.7700425320072,2,18.362495,True,True,1.430511474609375e-06
6729,131.78861608100124,2,18.513391,True,True,1.430511474609375e-06
6730,131.8071163049899,2,18.453855,True,True,1.430511474609375e-06
6731,131.82558665599208,2,18.428165,True,True,1.430511474609375e-06
6732,131.8440245540114,2,18.39832,True,True,1.430511474609375e-06
6733,131.86241971398704,2,18.343105,True,True,1.430511474609375e-06
6734,131.88098723097937,2,18.524898,True,True,1.430511474609375e-06
6735,131.89965970697813,2,18.62967,True,True,1.430511474609375e-06
6736,131.91815591900377,2,18.452464,True,True,1.430511474609375e-06
6737,131.9365365250269,2,18.34042,True,True,1.430511474609375e-06
6738,131.95498671999667,2,18.408352,True,True,1.430511474609375e-06
6739,131.9734932759893,2,18.46692,True,True,1.430511474609375e-06
6740,131.99183270701906,2,18.300694,True,True,1.430511474609375e-06
6741,132.01050961000146,2,18.638546,True,True,1.430511474609375e-06
6742,132.028924283979,2,18.3688,True,True,1.430511474609375e-06
6743,132.04734192800242,2,18.376454,True,True,1.430511474609375e-06
6744,132.06578725599684,2,18.399906,True,True,1.430511474609375e-06
6745,132.08430715597933,2,18.479613,True,True,1.430511474609375e-06
6746,132.10284340602811,2,18.495463,True,True,1.430511474609375e-06
6747,132.12125001300592,2,18.364746,True,True,1.430511474609375e-06
6748,132.14029483299237,2,19.000091,True,True,1.430511474609375e-06
